15.08
25.12
5.04
26.54
15.08
5.0
20.12
5.14
20.1
15.18
136.98
15.12
411.04
421.04
416.0
5.06
15.14
273.84
5000
5.06
15.02
136.96
15.06
10.14
25.08
157.0
57.7
15.12
5.1
5.08
5.08
25.14
15.22
284.12
15.06
30.12
147.02
5.06
10.04
279.56
274.08
5.08
5.14
288.98
5.06
5.02
25.08
20.02
141.98
10.04
157.08
142.04
146.92
10.08
137.0
5.08
124.14
15.1
147.08
5.08
5.06
389.82
510.7
5.02
137.02
141.92
274.08
137.04
5.06
684.08
283.9
5.04
279.12
5.08
558.4
558.28
137.02
25.14
15.14
421.08
274.1
25.1
15.04
15.08
274.18
273.86
142.02
288.98
278.98
242.86
79.06
685.12
273.94
10.04
5.08
107.34
25.08
15.12
30.1
15.1
5.0
5.08
5.1
5.06
8.9
87.06
152.02
147.0
10.08
5.08
137.02
5.06
15.1
147.12
15.1
147.06
130.6
5.02
147.06
5.1
137.04
137.14
5.06
137.14
141.38
147.18
142.08
147.16
147.08
147.14
5.0
162.08
5.08
10.08
10.06
15.06
146.9
15.02
5.06
5.08
137.02
5.12
142.04
147.1
5.04
10.02
5.04
5.08
279.16
170.66
553.24
30.48
142.08
137.04
568.22
244.36
177.26
45.2
10.04
416.04
5.06
256.9
10.14
137.0
5.04
5.08
10.12
416.14
5.08
142.1
20.1
142.1
136.98
229.96
353.24
366.88
5.06
15.08
278.94
20.14
137.06
20.12
25.08
15.06
278.96
137.06
157.1
10.06
15.04
277.36
10.06
5.04
5.08
146.98
279.02
137.08
137.08
137.08
10.04
5.08
278.94
5.08
5.06
831.78
10.06
20.08
176.64
17.14
141.92
10.08
372.86
25.1
15.02
10.08
10.06
10.04
137.08
142.06
5.02
284.2
309.98
142.08
274.06
5.04
146.98
274.06
20.12
136.96
50.26
5.08
147.06
410.98
5.08
49.34
152.04
5.1
5.0
136.48
94.96
5.1
137.0
314.72
137.04
274.04
5.04
168.3
5.08
141.92
10.06
266.74
10.1
10.08
258.34
155.16
20.08
147.06
147.1
5.06
30.06
151.96
152.06
274.0
548.18
142.04
279.02
15.06
142.08
17.72
142.1
142.06
96.64
553.16
136.76
30.1
553.26
146.92
5.04
136.98
28.06
558.34
10.06
147.04
5.04
10.0
147.06
142.12
139.4
107.7
5.1
41.38
25.1
22.2
162.02
136.88
137.08
684.66
10.04
75.46
5.04
10.28
15.04
15.1
5.04
5.04
279.1
15.04
20.1
20.12
5.06
55.6
5.02
137.02
279.02
10.06
157.06
157.12
157.1
137.02
32.6
137.04
553.4
147.1
9.02
10.06
10.08
141.94
5.04
137.06
25.08
137.02
152.02
146.96
10.06
235.7
5.04
20.12
558.16
137.18
20.8
20.1
147.0
5.04
21.3
11.76
25.08
11.72
10.0
558.22
10.08
5.04
10.1
20.12
10.1
283.98
5.02
10.02
147.06
5.02
5.1
21.78
152.1
142.04
241.7
237.8
5.12
5.06
10.06
10.08
46.98
99.28
73.16
15.0
15.08
167.66
973.98
5.06
136.98
570.52
288.96
328.82
136.86
15.06
5.04
10.04
5.04
10.14
5.04
5.02
65.5
5.1
128.7
137.06
137.04
74.0
152.52
274.02
137.04
5.04
284.04
25.08
5.04
10.08
197.38
131.4
10.08
20.12
15.04
146.98
43.18
15.08
5.08
15.12
10.06
5.06
5.02
10.06
5.0
5.08
548.2
22.84
15.1
147.04
10.06
147.1
137.02
20.1
10.08
216.88
25.06
5.08
5.08
273.9
5.06
142.06
136.92
289.54
10.06
5.06
86.1
142.06
53.92
137.04
147.0
5.12
10.04
137.18
147.08
5.06
5.08
10.08
279.1
152.12
137.12
142.08
148.7
147.08
5.1
5.02
559.92
10.06
5.06
15.08
141.98
137.04
152.08
15.06
317.32
138.9
288.98
284.1
142.02
284.14
291.02
136.88
171.9
5.04
5.04
79.68
149.72
20.06
5.08
77.42
52.12
15.1
137.08
137.02
157.08
157.04
72.76
142.02
147.14
142.08
15.1
20.1
15.08
136.56
5.02
5.08
20.1
553.08
5.12
15.08
10.12
262.08
78.18
142.0
5.04
141.9
5.06
137.02
5.04
152.06
5.08
142.06
147.1
5.0
5.04
10.08
137.06
15.1
10.12
5.06
152.0
30.1
10.02
147.1
25.8
249.1
137.04
294.0
137.0
208.1
279.0
273.98
152.0
137.04
30.14
157.0
15.06
112.94
10.08
20.1
117.54
25.14
15.04
141.96
25.1
284.24
137.1
492.4
20.1
548.14
553.16
5.12
161.98
10.08
106.44
162.14
41.58
179.64
30.12
10.08
78.94
157.04
142.16
137.06
5.04
374.74
5.08
20.1
5.04
5.06
147.0
10.04
5.06
5.06
5.08
10.06
48.58
345.58
5.08
5.06
137.02
10.04
15.04
10.1
5.06
284.06
217.78
410.96
153.22
710.28
8.68
5.08
5.06
137.04
5.02
10.1
137.06
273.94
157.14
968.8
460.5
5.04
273.88
152.0
137.02
146.98
137.04
152.12
5.04
10.1
137.1
10.12
137.02
147.08
5.06
5.1
147.08
25.1
142.24
30.14
10.04
10.1
5.02
10.08
142.18
5.04
5.04
15.1
30.08
284.02
5.02
5.06
20.08
17.38
15.08
15.14
147.02
20.1
10.1
10.04
706.72
21.7
10.08
147.02
5.06
321.96
599.76
5.08
142.06
415.84
420.88
25.08
5.08
279.0
5.02
284.04
158.48
137.14
154.22
114.22
10.02
294.04
291.9
15.08
15.06
421.04
45.28
137.02
144.2
147.02
137.04
137.18
30.1
152.02
30.28
20.08
142.06
5.06
142.12
10.06
273.86
137.02
5.12
152.04
142.12
10.1
136.98
5.1
5.04
81.2
180.66
5.08
147.18
118.64
15.08
142.06
152.02
10.1
25.08
5.02
45.26
15.02
15.12
10.04
20.1
141.94
5.04
295.38
5.06
17.88
10.06
15.06
165.7
15.02
20.08
5.0
5.08
15.06
147.1
420.98
10.06
35.66
10.06
5.04
35.1
5.06
5.02
162.12
15.1
5.04
136.98
137.0
147.1
10.06
141.68
5.06
5.06
146.98
15.06
61.2
192.96
258.16
5.08
547.88
5.06
15.06
5.0
5.06
152.04
5.06
15.1
309.14
226.78
5.08
5.1
147.0
142.02
152.74
192.5
5.04
136.96
553.16
137.02
136.98
20.06
279.0
107.3
137.02
289.36
197.6
289.18
137.1
79.04
147.0
47.26
343.84
137.04
147.02
279.0
142.14
5.06
142.1
50.48
10.08
5.04
5.06
100.08
136.96
146.92
142.06
10.04
15.02
150.9
15.08
15.06
5.04
5.08
10.04
5.04
5.04
15.12
20.12
92.4
20.1
152.08
156.96
5.0
33.04
5.06
137.06
5.08
5.04
5.08
137.02
137.08
25.18
25.38
137.06
273.92
28.7
136.98
152.06
5.08
367.96
278.92
137.08
277.88
137.14
10.06
152.1
137.08
93.08
142.04
5.08
137.02
55.28
137.1
142.06
170.84
142.08
20.16
137.06
5.06
5.22
147.06
553.38
142.04
142.1
147.02
157.18
20.1
21.88
273.86
16.34
278.96
19.58
274.0
10.04
5.08
5.04
15.08
10.02
5.1
5.02
49.6
10.08
25.08
15.08
289.02
85.96
228.02
5.04
18.54
5.06
5.08
571.8
279.06
157.1
27.88
15.1
5.04
162.1
15.06
136.46
5.56
55.98
15.08
5.04
5.08
142.02
142.0
5.14
157.02
136.94
30.04
37.92
5.06
8.78
5.04
5.06
10.08
15.06
10.02
22.26
10.1
544.42
153.16
5.06
10.04
284.12
146.96
33.74
10.06
137.04
254.88
147.02
25.08
5.04
136.94
152.0
15.12
15.08
58.3
152.02
279.0
685.08
416.02
10.1
10.08
288.98
11.0
245.82
289.14
30.34
5.04
147.02
15.12
10.04
15.08
5.0
45.58
10.08
5.04
289.06
273.94
147.04
321.56
187.94
136.9
49.68
213.84
243.16
258.76
136.96
141.98
5.02
137.04
5.02
415.92
5.04
15.04
137.04
137.12
136.94
30.36
5.1
821.04
15.06
152.22
5.08
55.18
5.04
119.08
5.06
147.06
5.08
5.06
558.2
52.88
5.06
5.1
5.04
66.64
15.1
5.04
15.04
20.12
142.02
13.36
5.12
119.56
147.06
136.96
5.08
113.32
36.16
137.1
10.06
5.08
137.08
162.06
5.08
5.04
136.98
284.08
5.08
51.76
284.0
5.02
136.98
142.04
20.06
146.96
10.08
5.06
5.04
10.1
10.1
10.08
147.0
5.06
147.04
5.06
21.88
10.04
20.12
5.02
10.06
289.06
125.18
174.32
142.0
5.08
5.08
5.08
445.7
18.04
152.02
10.04
152.08
5.1
142.04
5.04
5.06
20.1
137.02
152.1
279.02
20.04
5.04
153.34
141.94
137.06
288.96
142.06
5.12
157.02
137.12
20.2
157.08
137.06
157.56
38.28
391.6
25.12
5.1
142.02
110.5
15.12
5.08
153.56
22.36
5.06
137.1
25.12
146.96
137.02
10.1
95.32
244.92
119.38
137.04
10.04
159.46
20.1
206.34
5.04
151.78
15.06
10.1
685.18
10.1
15.08
141.98
10.1
5.06
10.12
5.06
278.48
152.1
10.12
5.02
15.08
5.08
10.06
20.88
15.04
10.04
106.54
5.04
15.1
137.08
137.02
152.06
37.04
5.04
289.06
147.06
10.04
25.1
5.02
15.08
137.1
5.06
142.12
137.06
164.9
152.1
20.12
5.08
137.02
20.06
5.1
57.1
137.04
137.06
5.06
5.04
10.06
147.1
15.04
137.02
15.1
5.08
129.4
137.02
5.06
147.08
137.06
147.08
30.08
8.8
20.68
62.5
20.06
147.0
142.12
95.54
278.92
5.04
147.04
15.08
289.08
15.12
25.92
137.08
5.02
5.06
141.96
289.04
283.94
10.06
553.1
62.56
304.84
413.9
571.96
10.08
142.06
558.16
5.06
142.0
142.06
684.76
10.06
10.1
62.72
238.36
15.04
138.5
5.08
15.08
20.08
10.02
15.08
31.92
137.0
264.72
137.02
23.68
15.08
5.1
278.94
15.1
25.14
796.34
5.06
51.22
147.04
558.0
5.04
5.1
289.0
360.46
5.04
148.64
162.12
109.24
137.08
137.1
152.06
553.08
20.1
150.76
15.08
10.04
171.24
5.08
10.1
5.06
56.38
181.66
137.04
105.8
5.06
157.04
348.24
163.46
5.04
5.04
25.1
142.02
91.62
286.44
274.04
283.98
274.0
141.98
204.34
5.06
5.06
5.1
20.1
87.48
137.04
15.06
10.1
5.08
10.02
5.06
137.0
5.08
142.04
5.1
210.62
311.12
10.1
182.52
15.08
5.06
5.04
63.48
20.14
5.02
15.98
10.06
151.96
10.04
77.16
15.1
41.0
36.06
20.1
10.06
5.04
37.3
226.58
5.06
5.04
147.1
170.28
147.06
5.06
10.04
126.96
12.24
5.04
646.54
10.12
147.0
5.02
20.04
147.08
25.1
5.12
209.58
142.0
10.06
20.1
15.1
5.08
156.18
10.08
283.94
136.86
159.4
289.02
5.06
15.06
136.94
15.12
274.02
273.98
152.04
5.06
157.0
5.0
5.06
272.42
5.1
136.94
25.08
250.94
273.86
212.96
5.1
5.08
10.1
15.08
20.06
25.08
137.12
5.06
178.86
5.02
273.9
5.08
278.98
15.02
15.06
137.0
5.1
685.1
10.06
147.1
142.0
15.04
152.08
10.06
157.04
137.1
15.08
420.9
5.06
284.0
152.08
5.1
157.04
10.04
137.04
136.96
139.4
137.08
5.08
420.98
284.12
416.0
152.02
10.02
5.04
5.08
142.18
10.02
10.08
5.04
274.12
421.14
5.08
5.06
141.86
416.02
410.62
16.8
10.04
5.08
20.08
20.12
5.08
137.1
142.08
5.0
5.06
174.9
5.04
142.06
15.08
141.98
142.02
146.88
29.24
5.08
52.42
126.58
278.9
10.08
121.46
685.18
278.9
5.04
274.08
142.02
10.1
15.12
147.02
115.98
137.1
15.1
5.06
563.32
147.06
166.92
136.98
10.08
137.08
5.04
220.76
284.12
137.06
5.06
15.08
147.0
5.04
10.06
147.02
5.04
142.12
10.08
5.06
10.0
410.92
137.18
30.1
25.12
10.08
15.08
30.3
20.06
9.26
5.08
10.08
98.22
5.04
5.04
137.08
10.1
47.94
152.02
20.04
10.06
142.04
553.18
10.1
16.68
20.24
558.26
5.06
142.04
5.02
5.04
63.14
5.06
139.66
20.08
6.28
142.04
5.08
5.06
20.02
10.04
61.78
137.0
157.1
198.8
20.04
5.06
5.06
279.02
20.08
147.0
15.06
20.06
15.1
5.06
152.02
142.18
142.26
163.12
5.0
548.32
710.28
269.6
174.42
152.0
89.2
5.62
316.78
289.02
288.98
278.96
147.06
137.08
10.06
142.18
5.02
137.0
25.14
10.04
151.98
162.16
5.08
147.06
5.08
147.04
20.1
10.08
5.04
152.12
5.04
10.04
5.06
274.0
137.08
136.94
5.02
278.9
266.02
20.08
136.98
274.06
230.18
10.04
5.02
137.04
147.92
142.08
15.1
25.5
147.06
136.98
137.04
152.1
5.06
43.66
289.76
157.14
15.98
7.48
342.28
296.2
145.6
10.06
136.96
15.14
157.0
10.12
279.08
15.06
142.1
15.04
15.06
51.6
177.64
137.14
411.12
10.06
161.92
29.46
5.08
10.04
10.06
137.08
211.68
137.04
208.04
96.56
136.94
15.08
157.06
563.58
10.1
10.04
22.12
15.08
283.92
366.84
20.1
20.06
157.0
142.08
115.66
20.1
20.1
142.12
10.08
21.92
10.08
157.12
291.32
147.08
5.04
415.94
147.16
137.02
120.86
137.06
274.02
5.08
168.88
15.08
118.96
174.5
10.08
5.08
15.1
136.9
137.06
147.14
210.6
137.02
152.0
10.08
25.08
10.06
152.06
142.1
15.08
485.56
25.12
10.12
5.04
147.04
15.06
94.42
15.12
137.08
5.04
20.08
147.1
249.84
20.06
271.26
5.06
147.12
5.04
25.06
558.36
5.02
17.74
102.7
20.08
10.08
23.32
137.0
146.98
152.08
15.08
10.14
228.34
10.1
5.08
142.02
15.12
284.04
5.04
5.06
10.12
136.96
137.02
142.04
5.04
5.08
5.02
147.08
5.02
10.06
152.1
137.04
137.0
10.04
10.02
5.08
83.96
330.38
75.16
136.98
5.06
15.12
292.24
15.06
141.98
284.18
137.08
274.06
5.04
142.1
99.42
20.18
15.1
5.1
137.06
20.06
125.5
5.12
274.02
20.12
136.96
5.04
5.06
137.06
15.06
36.94
141.88
289.12
283.98
300.14
141.92
157.08
5.04
10.1
5.04
15.1
5.08
10.08
15.08
288.96
5.06
30.04
142.04
5.08
7.54
17.8
152.1
54.72
5.08
15.08
20.12
147.06
25.16
10.08
10.06
136.98
20.08
42.3
5.06
5.06
10.12
147.1
137.08
25.1
25.1
106.4
10.1
137.2
278.86
5.12
116.78
147.08
137.04
151.9
10.1
5.08
10.08
20.1
5.04
10.02
5.08
149.28
20.06
558.24
5.02
137.06
113.32
168.06
5.04
55.84
5.08
147.12
133.46
10.02
11.68
5.06
20.1
152.02
647.72
147.08
152.08
137.12
115.58
108.86
11.52
117.56
15.06
5.06
332.52
10.06
273.96
288.62
5.08
141.94
274.0
162.14
137.08
137.02
5.04
5.04
5.02
25.08
137.04
10.06
137.08
5.04
10.06
10.04
826.98
137.08
5.1
136.9
5.06
10.08
15.06
137.04
10.08
109.88
5.04
136.98
10.04
20.12
5.04
157.08
197.48
216.22
273.94
10.04
25.1
15.02
5.06
15.08
5.12
5.06
137.06
136.98
5.1
10.08
558.28
151.98
152.06
5.0
336.24
142.86
289.14
137.06
152.1
137.06
136.98
106.78
147.02
94.98
5.06
5.04
20.08
142.04
146.84
5.06
20.08
5.02
5.06
55.88
5.06
5.06
5.04
152.12
137.06
146.98
142.1
5.04
20.12
416.2
136.96
162.06
16.98
137.06
15.04
5.06
142.12
137.14
289.1
137.08
284.1
20.12
10.08
5.02
15.1
10.06
67.24
106.52
275.72
127.2
152.0
26.44
147.08
47.46
162.04
283.92
137.04
152.24
274.04
274.0
416.02
10.06
15.1
156.12
5.02
20.1
22.06
100.64
47.52
137.1
137.1
41.72
147.02
152.0
5.08
15.08
5.1
142.06
136.98
152.06
20.12
5.04
157.02
15.06
151.2
236.3
5.02
5.08
10.06
5.06
137.04
20.1
279.06
5.12
10.08
147.08
138.22
137.04
5.04
10.0
5.0
15.08
5.06
563.2
25.12
25.1
5.04
15.08
20.08
10.04
5.1
20.0
558.14
10.12
15.06
20.04
25.1
12.26
15.12
152.08
5.06
10.04
5.04
10.02
5.08
5.02
5.06
5.06
25.08
25.1
5.04
5.06
25.1
5.0
10.06
553.14
5.02
586.08
10.06
5.04
141.94
10.1
5.08
5.04
15.08
25.08
10.06
75.48
5.06
5.04
20.08
10.08
5.06
15.08
5.04
55.18
10.06
5.06
5.06
10.06
10.1
5.04
15.1
694.8
15.08
20.06
10.06
137.0
10.02
146.94
5.02
5.06
10.1
15.06
15.1
20.08
15.02
10.06
20.08
5.04
152.04
137.0
15.08
112.64
5.0
30.74
15.02
195.48
30.12
110.06
5.04
5.02
5.04
33.48
15.02
553.08
558.36
5.08
5.08
583.32
558.06
5.0
15.08
137.06
15.06
137.0
5.02
5.02
10.04
141.52
20.06
438.1
10.12
10.06
5.02
25.1
20.04
137.08
10.04
5.04
10.06
25.08
5.04
5.06
25.1
5.04
20.1
5.04
5.04
5.14
5.0
15.04
10.04
25.08
20.1
64.44
15.1
5.02
20.08
5.08
20.1
20.08
15.1
10.08
15.1
15.06
80.3
253.9
5.04
5.04
12.1
5.06
25.08
5.0
15.06
29.42
194.18
5.06
5.0
141.96
5.04
5.08
5.04
15.02
5.08
15.04
5.06
10.08
15.08
10.1
15.12
20.08
15.1
5.06
5.06
10.1
10.02
5.02
10.14
147.02
5.06
5.04
142.68
10.08
15.1
5.0
30.94
10.08
25.12
5.02
10.06
5.04
5.04
5.02
26.42
10.02
20.06
5.02
25.06
5.06
20.08
5.02
25.06
10.1
93.32
10.04
15.06
52.64
141.98
5.06
35.12
25.06
25.08
27.16
10.04
20.06
74.46
5.08
15.1
25.1
20.1
10.06
18.22
10.04
5.0
10.06
15.06
5.04
26.02
25.14
20.08
40.92
10.1
5.02
5.08
10.04
15.08
15.04
5.02
10.1
5.08
5.08
15.1
20.12
10.06
5.02
25.12
10.08
15.04
35.12
25.08
20.06
5.06
15.04
5.04
69.2
15.06
20.06
153.98
627.42
10.02
20.1
30.12
5.08
25.08
10.08
20.96
14.72
5.04
20.08
10.06
166.94
10.08
5.08
20.12
10.08
5.08
25.08
10.08
5.04
25.1
20.1
10.12
77.5
15.14
15.06
15.1
14.16
5.06
20.04
10.12
10.1
122.74
20.06
10.02
15.06
91.98
152.02
10.06
5.04
5.08
20.02
162.0
137.02
152.08
10.08
5.08
10.02
5.04
10.04
137.04
142.04
20.1
146.88
586.66
10.08
5.02
5.04
157.1
5.0
15.04
5.06
20.06
5.06
5.06
20.1
10.1
5.1
5.04
5.06
20.08
132.48
15.06
10.08
5.06
10.06
10.04
5.06
5.0
10.06
20.08
10.08
20.1
20.08
25.1
10.06
5.06
25.14
25.08
10.0
20.08
10.02
20.12
147.02
157.02
695.28
25.06
288.96
5.06
266.58
10.04
10.1
15.06
10.04
10.06
289.04
5.08
25.12
5.08
5.04
5.06
136.5
10.0
695.14
5.02
25.06
10.06
5.02
10.08
20.08
5.06
5.1
5.0
5.14
10.08
10.04
10.1
411.52
10.04
10.04
20.1
5.04
36.82
25.06
5.04
30.08
15.14
15.04
61.52
5.02
5.02
15.06
5.06
5.06
66.18
195.72
81.24
73.82
20.1
5.02
325.3
5.02
20.1
5.1
5.02
5.06
25.1
10.08
10.06
5.06
5.06
10.06
10.06
5.06
25.1
578.0
5.06
141.9
5.04
25.1
5.08
5.04
5.34
10.1
5.04
20.06
5.04
25.04
10.1
20.04
15.06
10.08
568.4
5.08
274.0
15.06
25.1
5.06
5.06
49.56
25.1
10.02
15.12
5.08
5.06
25.06
20.1
5.04
5.06
25.08
10.08
20.1
10.12
20.02
10.08
10.06
20.06
25.12
10.08
142.08
5.08
10.1
96.16
20.06
5.04
136.96
5.12
24.86
20.08
10.04
208.44
10.02
5.02
146.98
5.06
5.04
10.08
5.02
20.08
10.06
10.04
10.04
5.02
5.12
15.08
25.1
15.06
152.0
5.08
151.06
10.04
15.06
5.06
20.12
10.08
10.06
20.06
10.08
136.9
20.06
5.1
5.08
156.94
25.14
142.04
10.1
10.06
5.06
10.1
10.04
20.08
47.06
10.06
5.02
15.06
5.06
5.02
5.06
20.1
10.08
35.1
16.76
15.04
25.08
10.06
5.06
10.02
224.78
25.1
5.02
36.06
5.06
20.12
149.02
15.1
5.08
5.06
15.12
10.06
5.06
45.74
147.04
5.08
5.08
5.1
5.02
5.02
33.02
47.28
162.04
15.06
20.1
10.02
5.1
141.86
60.08
25.12
15.1
20.08
10.04
5.02
5.04
10.06
5.08
20.08
5.04
5.02
15.06
10.08
25.1
20.08
30.08
15.08
15.08
20.06
45.1
10.12
15.1
20.04
10.02
5.02
5.06
34.44
5.06
10.12
20.08
20.1
25.14
5.04
15.04
15.02
537.44
10.0
20.1
25.1
10.1
5.06
5.02
10.06
10.04
5.06
15.08
15.08
5.02
10.06
10.02
10.02
20.04
137.04
25.14
5.02
10.12
5.08
15.02
15.08
20.08
15.1
25.1
15.06
25.1
5.04
10.08
15.04
15.06
10.06
5.02
15.08
5.08
20.1
15.14
5.08
5.08
5.06
5.1
5.12
20.1
5.02
20.1
137.0
10.06
5.06
15.08
5.1
15.06
169.06
5.1
5.04
5.04
15.06
10.08
5.02
5.06
5.04
20.08
142.02
5.02
5.04
10.04
5.06
5.02
25.16
15.06
20.06
147.0
279.04
28.96
15.06
199.16
5.02
15.08
5.04
10.08
10.08
157.06
147.02
98.0
10.06
10.06
67.46
10.1
30.88
10.08
5.08
25.1
5.04
10.04
10.08
152.02
5.06
10.1
10.16
568.22
15.08
5.02
10.08
20.08
5.02
10.06
25.14
5.02
20.08
5.04
10.06
20.08
5.06
15.02
5.02
20.08
5.04
10.06
5.04
30.06
155.52
40.92
152.04
5.08
39.76
15.08
5.06
10.04
5.0
15.02
15.08
5.04
15.06
132.02
5.1
5.1
10.04
5.02
5.08
15.04
25.08
10.06
5.02
10.1
558.14
15.08
20.12
20.12
25.38
70.18
5.08
137.58
15.04
15.08
10.1
13.04
5.04
142.1
25.12
25.36
20.08
5.04
10.02
5.0
5.04
5.06
20.06
15.06
5.04
15.06
20.14
10.08
5.16
69.14
25.1
20.08
15.5
15.1
20.08
41.06
20.06
20.02
5.06
5.06
5.0
20.1
15.08
15.1
20.08
5.04
5.04
76.96
10.02
10.08
5.06
5.02
20.06
10.1
29.4
5.02
5.0
5.08
20.02
5.06
119.1
11.18
223.18
5.08
5.02
25.1
5.04
45.0
15.04
411.0
20.06
10.1
80.5
10.08
5.04
5.08
5.12
10.04
222.1
20.1
5.06
15.04
5.06
25.08
5.04
15.12
10.06
15.04
15.04
5.04
10.1
10.04
49.76
10.06
10.12
5.06
10.12
412.12
141.98
10.08
10.08
20.06
10.06
5.08
20.08
10.06
5.04
10.06
5.0
10.08
5.08
25.06
10.06
15.12
10.06
15.08
5.04
5.02
5.06
5.06
20.08
20.1
10.02
20.1
10.08
5.08
23.58
5.02
142.04
5.08
10.06
84.54
20.08
5.1
548.32
5.06
526.82
5.08
15.12
10.06
25.1
25.08
25.1
25.1
25.08
10.04
15.06
5.06
5.04
5.08
20.04
20.06
15.08
71.86
10.04
5.12
126.94
15.04
25.12
5.04
20.1
5.04
15.08
5.0
25.06
5.06
15.06
15.1
5.12
10.08
36.9
5.04
20.06
10.04
10.04
15.08
20.08
25.12
15.58
5.06
10.08
20.04
10.0
34.96
5.06
147.04
5.04
25.06
20.06
15.08
10.68
15.06
20.06
5.04
10.06
5.06
10.06
15.08
10.08
20.04
25.1
5.02
136.98
17.04
10.08
5.08
5.02
10.04
76.08
25.08
5.06
30.1
20.12
25.06
5.04
5.1
10.1
5.06
15.18
20.06
15.06
5.02
64.38
151.94
152.04
10.02
60.62
20.08
146.94
15.08
61.46
15.02
20.1
5.08
15.08
10.06
5.04
5.04
10.04
137.06
5.02
15.06
20.06
10.08
10.06
30.08
20.1
116.44
25.1
25.12
10.04
10.04
25.14
5.06
10.06
5.06
5.08
152.0
5.04
10.04
5.02
170.48
10.06
5.1
25.14
25.1
10.08
10.02
5.04
5.08
10.06
31.48
128.78
15.06
15.1
20.08
10.08
149.36
10.04
5.02
28.08
5.06
20.1
5.02
5.08
142.0
5.04
5.04
25.08
5.04
20.02
15.02
5.1
10.06
5.08
162.06
20.08
20.12
5.06
5.06
147.06
10.06
84.42
30.08
5.06
5.1
5.12
25.06
5.0
47.94
35.14
18.68
68.18
15.12
5.06
137.0
25.12
553.28
5.04
146.96
5.06
10.04
10.08
25.1
5.08
20.1
5.02
10.16
10.08
5.04
10.06
20.44
15.06
5.02
30.04
20.1
10.08
157.02
10.06
5.1
5.04
10.06
157.2
5.1
15.06
25.08
20.04
5.04
25.08
15.12
152.76
20.12
5.06
5.02
10.08
20.14
20.12
5.02
5.08
5.06
5.02
234.24
25.08
222.6
137.02
5.02
10.06
10.08
10.06
15.12
5.08
21.52
5.02
142.04
10.08
15.04
5.06
20.1
42.6
15.1
20.1
5.0
5.08
15.06
10.04
5.04
5.08
10.1
15.08
25.1
146.96
5.02
142.04
20.08
5.04
529.94
10.08
5.02
25.12
25.04
10.08
15.08
5.04
25.12
5.02
28.98
272.72
10.06
20.04
5.04
122.52
5.04
15.1
10.02
5.04
10.04
5.02
5.0
46.64
157.06
5.04
137.02
20.08
15.06
10.08
5.02
25.06
10.04
5.04
20.06
22.24
10.08
15.02
5.08
5.06
15.04
5.08
20.1
10.08
23.46
10.04
20.08
5.02
25.14
10.08
20.12
15.08
15.1
10.1
5.04
20.12
5.06
10.06
5.08
15.06
5.02
5.04
5.1
5.04
5.02
10.06
10.08
15.08
20.1
5.06
5.08
25.02
20.1
5.08
20.06
41.92
5.14
10.02
25.06
20.1
20.08
11.94
15.06
5.04
10.08
10.08
20.1
15.12
5.02
10.08
25.08
197.92
5.04
137.0
15.04
15.08
10.06
5.02
10.02
5.02
10.14
25.08
20.08
5.02
5.1
6.7
15.06
25.08
152.02
20.08
10.06
15.14
157.06
15.06
20.1
25.08
31.96
25.12
84.44
5.04
15.08
10.12
15.06
10.06
15.1
5.06
90.42
10.08
152.0
10.12
5.04
5.08
5.04
15.08
10.08
5.02
5.04
5.04
25.12
10.06
10.12
20.14
10.0
30.04
5.04
5.08
5.0
5.0
5.06
10.04
15.04
10.06
5.04
141.94
94.44
5.1
5.04
87.12
5.06
141.84
5.06
10.04
10.08
10.1
15.02
5.06
15.08
5.06
59.72
10.04
5.02
89.8
416.04
10.06
15.06
5.04
5.02
67.42
10.06
20.12
10.1
5.04
20.1
37.5
5.02
5.04
20.14
20.08
20.12
55.18
15.04
137.02
20.12
17.98
15.04
156.96
15.1
15.12
20.1
10.04
20.08
5.04
25.06
20.08
5.04
15.06
20.06
10.1
5.06
5.04
10.04
5.02
30.1
15.0
10.06
20.06
10.06
5.06
136.94
10.02
10.02
137.0
25.1
5.02
5.04
15.12
151.98
573.28
454.28
513.68
25.08
5.06
153.96
137.02
20.04
25.06
5.06
5.02
5.06
5.12
10.06
10.06
94.68
5.06
5.02
10.06
5.1
5.08
5.06
5.02
5.0
15.04
5.04
15.1
5.04
152.04
10.04
25.1
122.98
5.1
11.7
10.08
20.1
20.16
5.08
5.06
76.54
15.12
25.06
76.78
5.02
553.24
152.0
5.02
15.06
20.1
5.06
5.08
20.08
10.06
15.04
10.08
142.06
20.12
84.72
10.1
20.1
30.08
563.4
548.08
20.04
10.08
5.1
5.06
10.0
5.0
10.1
30.1
15.1
10.02
5.06
5.08
10.14
20.06
10.08
15.06
15.08
5.04
5.06
10.08
20.1
5.14
10.04
10.06
15.08
8.78
20.1
20.04
5.02
10.02
20.08
20.02
15.08
10.06
26.32
47.06
5.04
25.12
20.08
10.1
5.04
5.04
20.04
10.06
5.04
15.08
10.04
10.12
137.84
137.02
142.06
5.04
20.06
15.12
10.08
5.04
10.06
10.04
10.1
10.06
25.1
10.0
143.64
10.06
5.06
5.04
20.1
5.02
5.1
15.08
5.04
142.02
15.02
148.18
519.08
25.06
10.08
5.0
5.02
20.14
324.46
5.02
5.04
147.04
5.02
15.04
10.06
15.04
15.1
25.08
5.04
284.1
30.14
5.02
15.08
10.1
15.08
5.04
25.14
10.08
553.38
5.0
10.08
5.06
15.12
129.82
15.08
15.06
10.16
70.6
120.76
157.02
152.08
5.04
5.06
147.08
137.06
5.08
20.08
5.06
20.08
10.1
10.08
5.06
5.08
30.16
5.08
20.08
20.1
20.06
10.04
20.1
5.04
274.0
136.98
10.02
10.06
15.02
43.78
5.06
15.06
25.26
20.12
105.4
136.94
5.04
15.16
5.04
5.02
52.78
25.08
15.06
183.98
85.0
5.04
283.98
5.0
15.1
176.74
10.1
20.14
15.06
20.12
5.06
5.08
15.06
20.04
20.08
5.04
20.08
42.02
10.08
10.04
20.14
5.06
15.08
25.08
15.04
10.06
10.04
5.02
10.08
25.08
15.06
5.08
15.12
5.1
10.08
10.04
10.08
25.14
30.08
28.5
5.06
5.04
10.06
10.1
15.08
10.06
10.04
5.04
17.8
5.0
15.12
152.02
5.12
5.06
10.08
568.36
20.1
20.1
20.12
10.04
20.08
5.04
145.42
5.06
255.82
20.06
10.02
10.06
5.04
10.02
15.1
10.08
152.0
5.02
15.04
10.06
5.04
20.08
20.1
72.42
5.1
5.04
15.08
15.08
20.12
10.06
5.02
5.02
10.08
20.12
15.08
10.06
5.06
15.08
20.1
5.08
15.04
35.12
5.04
5.02
5.06
10.06
39.5
20.08
10.04
5.08
25.1
10.04
10.3
25.12
20.12
20.12
10.1
25.08
20.08
5.08
11.6
74.62
142.04
152.06
5.06
10.06
5.04
15.08
18.38
80.84
5.04
10.04
15.06
10.1
10.08
5.02
20.04
5.06
10.02
30.12
20.08
20.04
10.08
10.1
20.08
5.04
10.0
33.16
5.1
20.08
20.12
15.1
141.98
157.0
10.02
22.18
10.12
5.1
5.06
5.06
5.06
10.06
20.1
20.04
20.06
20.14
20.1
5.06
142.0
15.1
10.1
5.02
5.1
25.08
15.12
5.08
5.1
5.06
25.1
43.48
31.36
31.96
142.04
10.08
10.06
15.06
10.1
20.04
5.04
5.0
15.12
5.04
20.08
10.08
15.08
120.2
20.1
10.06
10.04
18.96
10.08
152.04
146.98
5.04
15.1
6.62
10.04
5.04
10.02
25.04
5.06
151.94
5.08
5.04
10.08
10.02
15.06
25.1
20.1
15.02
10.08
5.06
10.08
20.1
10.08
5.02
30.14
5.02
10.08
40.02
20.06
10.08
5.06
25.1
15.1
5.04
142.02
147.08
10.02
15.14
67.62
104.78
10.1
15.06
5.06
5.02
5.04
20.14
558.22
25.1
22.22
152.04
216.88
5.02
5.04
5.02
5.1
5.06
137.04
10.06
10.06
10.06
156.94
10.06
36.7
137.04
5.1
15.06
15.04
15.02
5.0
20.1
5.06
15.08
15.06
5.04
15.1
10.08
25.12
136.96
10.04
15.06
5.08
10.06
5.02
15.04
5.06
10.02
30.12
15.06
5.04
5.06
10.1
35.12
10.04
5.04
10.1
15.06
10.0
30.14
5.02
5.08
26.7
10.02
20.06
15.02
20.12
142.04
5.04
5.02
20.14
10.08
5.04
193.58
5.0
5.08
5.06
15.1
5.02
10.06
15.0
15.06
10.06
5.08
5.02
15.1
25.1
20.06
20.1
15.1
136.94
20.1
20.06
10.06
30.14
15.1
136.96
137.04
25.1
164.26
15.08
10.0
152.02
136.96
15.02
10.08
5.04
5.02
5.02
15.06
30.1
20.12
5.0
25.12
25.06
15.08
553.28
15.06
10.02
35.1
5.04
28.78
138.48
30.1
15.08
152.02
5.08
5.08
15.08
20.1
15.1
15.1
25.06
5.04
10.1
10.06
36.64
25.14
5.08
5.0
5.1
15.06
34.08
5.0
5.02
10.06
10.1
10.1
136.98
15.06
5.08
194.68
124.18
5.04
10.06
10.08
25.02
10.04
15.06
20.04
10.04
20.06
10.04
15.06
10.04
25.12
5.02
10.16
23.14
5.08
67.92
25.1
15.1
23.38
15.02
10.06
20.08
15.06
20.1
15.1
10.04
15.1
146.98
5.0
5.0
35.92
138.16
15.08
25.1
20.08
10.06
15.1
10.06
5.08
5.06
5.02
15.1
15.08
5.02
5.06
100.96
5.06
30.12
5.04
5.04
5.06
25.14
5.08
10.04
262.64
283.68
563.3
10.04
20.06
20.1
137.0
468.34
5.04
5.04
172.04
78.58
15.08
478.74
15.06
10.04
70.26
5.08
5.04
15.06
714.46
15.08
15.06
553.2
15.1
5.04
5.12
10.06
30.1
20.06
24.44
20.1
15.08
113.08
10.1
15.08
10.08
10.06
10.1
5.04
5.06
5.1
15.02
10.04
10.08
5.02
5.04
27.32
5.02
5.02
241.14
15.1
15.08
20.12
5.02
147.12
5.0
10.04
137.12
10.04
5.06
5.1
20.08
20.06
71.58
5.02
131.0
5.1
5.04
5.08
10.08
5.0
142.08
25.08
137.1
137.08
5.1
10.06
20.06
16.86
5.02
25.12
5.02
5.06
5.04
20.06
5.02
5.06
15.08
25.08
5.08
5.04
5.02
15.04
25.08
5.1
5.06
157.06
10.04
25.08
15.12
5.04
10.06
25.1
152.08
5.04
10.04
116.86
5.0
25.14
5.04
10.1
5.02
10.04
329.98
10.06
10.04
5.04
5.04
5.06
15.06
36.5
31.7
10.04
20.04
10.06
20.12
10.06
10.1
5.12
10.1
10.04
5.06
25.06
5.06
20.08
20.08
5.02
10.04
10.08
20.06
10.1
5.06
15.04
5.0
5.02
5.04
20.06
15.1
5.04
20.08
10.02
10.1
10.06
10.1
15.04
5.08
10.08
393.06
5.02
5.06
10.08
23.98
25.08
10.06
5.02
20.1
5.04
5.12
25.12
5.06
5.0
15.08
10.06
10.1
15.1
10.08
15.04
5.08
10.08
10.06
20.1
10.06
25.1
152.04
10.02
5.04
151.96
162.14
147.06
10.08
66.5
15.1
5.0
5.06
20.06
5.1
5.06
15.08
15.12
15.1
5.02
5.04
20.08
10.06
25.1
10.06
15.08
20.04
10.06
10.04
5.1
5.06
50.52
5.0
26.42
10.06
11.92
5.06
5.08
5.02
15.1
15.08
5.08
25.1
20.08
10.06
20.04
30.04
5.06
5.04
5.08
5.06
25.1
25.04
9.28
10.06
5.0
50.92
5.02
5.0
5.08
5.08
10.04
15.08
20.08
5.08
21.1
10.02
136.9
10.08
5.0
151.9
136.98
63.86
15.06
10.12
5.0
5.08
5.12
10.0
710.06
25.08
10.06
15.08
15.08
5.02
20.06
5.04
15.08
25.06
141.96
5.02
20.1
5.1
10.08
5.0
30.12
20.08
20.04
15.08
22.98
10.04
5.02
10.04
10.02
15.02
5.06
15.04
5.04
5.04
10.06
5.08
237.78
147.04
5.04
10.04
152.0
271.74
142.02
5.06
20.06
5.08
5.04
21.76
25.1
20.06
127.9
5.04
20.06
5.04
5.04
10.04
13.8
5.04
15.08
10.04
5.1
36.26
25.94
15.02
25.12
20.1
5.06
15.06
152.04
5.08
10.08
5.08
10.06
25.1
10.02
20.1
137.0
157.0
5.06
146.98
15.1
20.1
10.06
10.06
5.06
25.14
10.06
685.14
142.06
640.32
30.14
20.06
5.1
25.06
5.04
10.06
141.98
5.04
5.04
10.12
20.06
20.02
10.12
5.08
171.2
5.04
36.7
20.12
5.02
5.04
20.04
15.12
5.04
20.1
5.04
15.06
25.12
141.94
157.0
25.1
15.1
5.06
5.08
5.08
20.02
15.06
5.06
30.12
25.14
15.08
15.08
20.12
10.04
10.04
35.12
10.08
15.04
10.1
15.08
53.6
10.04
5.02
15.04
10.06
10.0
17.18
5.06
15.06
5.04
5.1
10.02
10.08
142.0
15.08
25.1
25.1
10.08
25.04
35.12
5.04
137.08
137.1
15.08
141.96
15.06
152.2
10.1
128.66
20.04
5.08
66.28
25.1
25.08
5.04
25.14
5.08
5.06
10.08
5.04
5.04
5.08
5.12
20.1
10.06
25.06
20.1
20.12
15.1
20.08
5.02
5.1
5.1
20.06
5.02
5.08
565.56
147.1
15.1
139.6
20.06
5.02
20.04
15.04
180.52
10.06
407.4
10.04
15.06
10.06
146.98
14.9
15.08
10.04
5.06
15.04
20.04
10.06
5.04
5.08
5.04
20.08
20.06
15.88
59.58
5.06
146.98
15.08
33.38
21.12
10.06
10.04
15.04
15.08
5.06
10.0
25.1
5.1
38.82
5.08
45.08
20.12
38.6
20.06
10.04
25.04
5.08
15.1
72.58
152.02
137.08
5.06
20.1
5.04
10.08
15.04
20.1
5.06
5.08
10.08
15.06
10.12
5.04
25.06
5.04
15.06
5.04
5.0
5.06
10.08
5.08
5.04
20.08
147.08
5.06
5.04
5.06
20.06
5.04
5.04
25.12
157.12
10.26
5.02
5.1
157.08
5.06
28.44
5.06
5.06
10.0
54.32
10.06
569.72
10.08
10.06
25.08
136.94
389.76
5.06
15.04
10.06
15.08
20.08
25.06
20.1
51.48
25.06
10.1
5.06
30.12
20.14
15.1
137.06
32.18
242.74
10.08
20.08
5.06
15.06
10.02
10.02
466.0
25.08
434.84
146.98
15.12
5.1
5.04
15.08
278.88
126.7
20.08
10.08
5.02
41.72
30.12
533.68
5.06
20.1
31.84
20.1
36.28
10.08
10.04
5.04
5.06
10.1
15.08
30.12
10.04
157.08
5.04
15.08
5.08
20.06
5.1
15.08
5.1
38.48
5.06
22.64
5.04
5.08
30.1
5.06
25.1
10.08
5.08
5.1
10.06
20.12
25.1
157.14
56.62
15.66
10.04
10.08
20.06
15.04
10.1
5.12
25.1
15.06
5.04
15.1
20.1
20.06
325.28
10.12
15.08
10.06
30.12
10.12
5.04
15.08
15.06
10.06
15.04
25.06
5.04
20.12
76.0
20.08
5.06
15.04
5.02
5.04
10.1
20.1
5.04
15.04
25.08
5.1
20.04
525.62
5.06
25.06
10.12
504.18
20.1
5.06
137.0
25.08
5.0
25.1
5.06
35.06
5.02
15.04
45.74
10.1
20.1
15.06
30.1
5.06
5.06
15.06
10.06
5.04
10.06
10.04
15.04
30.16
5.06
20.06
25.08
5.04
15.08
5.04
24.54
5.06
5.06
20.1
10.02
15.06
10.08
20.04
147.02
30.1
10.02
15.12
5.04
10.02
5.06
558.32
563.16
157.1
5.08
137.02
5.04
152.04
10.08
29.88
15.08
307.96
5.04
5.06
15.02
14.26
558.08
10.08
15.02
10.06
20.12
10.04
10.08
10.08
5.06
20.1
15.08
10.1
5.02
33.0
5.04
10.04
57.32
5.06
5.04
5.04
10.08
15.1
30.1
5.06
15.08
5.06
49.48
5.0
11.42
229.14
10.06
172.68
5.04
10.06
10.06
10.1
5.04
15.08
357.28
10.0
30.14
415.06
5.06
10.0
25.06
15.14
15.08
15.08
5.06
15.1
10.04
20.04
5.06
15.12
129.72
137.1
137.16
35.06
5.02
10.02
137.0
10.02
20.06
10.1
20.04
20.04
334.06
520.94
10.06
5.04
5.04
10.06
15.08
21.08
25.08
15.1
20.08
5.04
25.06
15.08
20.04
10.04
15.12
5.04
548.12
5.02
10.02
10.06
15.12
10.02
5.04
30.08
10.06
15.08
141.96
10.08
5.08
5.08
10.06
25.08
20.08
20.12
5.04
10.12
5.06
25.08
5.04
5.0
5.02
25.08
25.08
5.04
147.04
20.06
20.08
20.02
25.08
15.06
10.06
5.04
10.08
39.7
15.04
5.08
10.04
5.04
5.06
20.1
20.06
10.1
5.04
5.02
10.08
178.54
5.06
15.04
5.08
20.0
10.06
178.62
5.04
15.1
15.06
10.04
56.74
15.1
15.08
5.1
10.08
30.08
5.12
10.06
20.08
5.04
25.1
10.1
20.06
10.06
10.06
191.3
10.04
5.02
5.06
20.08
15.04
5.06
5.06
5.04
25.08
20.1
10.04
10.08
15.1
5.06
25.12
25.12
10.1
5.04
141.98
45.02
20.06
5.04
61.6
5.02
5.0
21.8
5.08
25.06
5.06
5.04
25.1
25.12
10.04
15.08
10.02
15.06
15.04
10.04
5.08
5.08
5.08
10.12
5.06
10.06
25.12
548.38
15.1
25.08
15.06
15.1
20.08
15.08
147.0
10.02
15.08
15.12
5.0
5.06
10.02
10.08
10.06
15.08
20.08
15.04
20.08
20.08
5.02
10.08
36.68
10.04
10.1
5.04
142.0
5.0
10.06
74.48
5.08
5.04
20.08
15.06
10.06
5.04
5.06
5.04
15.08
20.08
5.1
159.46
16.08
85.22
142.02
5.02
20.1
137.0
5.04
291.22
30.12
15.06
5.06
10.08
5.06
5.12
15.04
20.1
10.02
20.08
10.06
25.12
15.12
141.98
10.08
124.64
20.06
5.04
5.06
10.04
40.12
137.12
5.06
25.1
10.1
5.04
5.06
5.06
5.1
10.08
10.08
15.12
5.08
5.02
20.04
553.32
20.08
25.14
10.06
11.8
5.04
527.0
124.42
15.04
5.02
10.06
104.24
5.04
15.08
29.32
10.06
5.06
15.02
5.04
15.08
5.08
61.92
21.04
10.1
152.08
15.06
10.02
5.08
157.06
10.08
283.9
10.12
20.08
15.08
15.04
142.02
142.0
10.1
10.06
152.1
20.1
137.04
10.06
157.04
25.1
230.58
5.1
5.0
5.02
151.88
10.08
5.04
10.04
15.08
278.82
103.52
20.12
137.1
20.1
34.0
5.08
15.12
10.04
146.92
15.1
5.1
5.0
31.76
15.02
5.02
20.1
10.06
5.04
10.08
15.06
10.02
25.08
5.02
342.72
5.02
5.06
20.1
10.04
10.08
15.08
15.04
5.02
5.04
15.04
157.08
5.02
5.06
10.08
5.04
5.08
10.04
15.04
15.08
5.02
20.12
10.06
20.1
15.06
5.08
10.1
20.06
10.06
6.16
10.02
5.06
25.1
5.04
15.1
5.02
20.12
5.04
5.04
168.56
55.56
137.06
273.86
5.02
152.04
142.0
20.06
5.0
5.04
5.02
10.06
20.1
15.06
10.1
32.94
5.06
5.08
157.08
15.1
5.02
5.02
25.04
25.16
25.1
5.02
20.04
10.04
20.14
447.6
5.06
5.0
20.08
20.12
5.02
5.06
102.1
20.1
15.08
142.04
5.1
20.04
5.06
20.1
5.04
5.02
5.08
25.12
5.1
157.06
15.1
15.06
10.02
10.08
5.04
15.08
5.04
137.0
15.08
15.1
137.08
25.08
147.0
147.02
5.06
20.08
15.04
15.08
20.1
10.06
5.1
10.06
10.06
15.06
15.08
5.02
548.1
15.12
545.24
15.08
152.04
15.08
10.04
5.06
25.08
5.04
10.04
5.1
20.06
10.06
10.04
15.1
5.04
5.1
20.04
10.1
15.14
5.02
10.04
10.02
5.08
10.1
5.12
5.1
5.02
5.08
152.02
15.06
15.08
553.36
10.04
553.14
553.36
15.06
25.1
5.04
5.0
10.1
15.04
47.4
10.04
15.12
10.1
20.06
15.08
15.06
25.08
15.06
10.02
10.04
10.04
25.08
26.06
15.04
124.48
15.48
10.08
20.04
5.02
5.02
10.06
5.02
20.12
5.0
15.08
10.02
5.0
20.1
20.1
10.08
10.04
10.1
10.08
5.08
10.74
10.02
10.06
45.14
15.1
5.02
25.1
5.08
25.12
20.12
10.04
5.06
15.08
5.08
20.06
10.04
10.08
5.08
30.06
16.92
15.12
20.08
5.08
20.06
20.1
5.04
142.02
136.86
20.12
25.14
25.08
5.06
10.08
167.56
10.04
15.1
5.04
25.1
15.08
20.14
5.06
5.02
20.08
15.06
5.02
10.02
5.02
20.1
10.08
5.12
30.06
81.18
5.02
5.02
5.06
20.1
5.02
10.02
25.08
5.06
10.1
20.08
227.62
136.98
10.12
5.02
127.72
20.04
20.04
142.04
15.06
10.06
5.1
15.12
5.1
157.08
5.08
15.08
5.08
20.04
15.02
15.06
10.06
20.08
15.08
15.1
245.32
5.08
20.1
20.1
15.06
25.08
5.02
25.08
15.08
15.12
15.08
5.04
5.04
10.04
5.06
25.06
20.06
5.04
15.1
15.06
20.1
5.02
15.04
20.16
15.1
10.18
20.06
10.02
10.04
10.1
5.08
25.06
10.04
20.08
5.1
15.02
10.08
72.84
5.08
5.04
68.24
15.02
10.06
5.06
10.06
10.1
10.1
10.1
20.06
15.06
5.0
15.08
15.06
5.08
20.1
5.0
17.68
15.16
5.02
5.02
20.02
15.08
5.08
15.06
10.1
10.02
5.02
10.08
5.08
15.08
5.12
25.04
5.08
20.1
685.18
10.06
5.08
25.08
10.12
20.08
25.12
52.66
137.08
5.04
10.04
104.08
5.02
5.08
147.04
10.76
10.1
15.06
304.26
5.08
15.06
5.06
10.06
5.06
5.1
5.04
15.1
153.86
146.96
690.02
141.88
59.54
5.02
15.06
15.06
25.1
20.1
5.04
5.04
20.12
5.06
5.04
20.06
15.04
20.06
20.12
35.16
25.1
20.08
5.08
136.94
147.08
20.08
20.12
15.1
15.1
5.02
10.08
199.94
5.06
15.04
5.12
20.1
10.04
125.28
5.12
142.06
10.08
5.1
152.02
5.04
15.08
25.12
20.08
20.1
15.04
12.3
316.54
5.0
5.04
20.1
10.1
20.08
5.08
15.1
47.1
77.56
15.08
142.02
137.04
20.1
29.56
5.04
92.58
10.1
137.02
5.06
15.02
131.0
5.04
15.12
96.7
10.08
5.08
152.02
10.12
20.14
15.08
137.02
15.08
93.62
151.98
5.06
5.06
15.06
5.1
157.0
152.1
5.06
5.04
5.08
5.02
18.84
5.02
15.1
29.42
10.08
10.02
5.08
5.04
20.12
5.0
5.06
548.16
25.12
15.06
5.06
10.06
321.12
5.04
10.06
5.04
25.12
10.06
15.06
5.04
5.0
10.06
15.54
15.06
10.08
43.9
97.14
10.1
15.04
5.1
102.08
136.98
268.74
152.06
5.04
15.04
10.04
5.04
10.08
136.94
5.04
20.06
15.06
5.04
15.1
10.1
5.04
10.06
10.1
10.04
5.02
20.08
10.06
5.12
20.1
5.02
15.04
283.98
20.06
20.1
137.02
20.06
15.04
5.02
20.08
5.02
558.16
153.82
210.74
10.04
25.08
15.1
19.1
79.08
5.06
156.96
5.02
10.08
15.04
10.06
10.08
114.08
10.1
20.06
15.06
142.0
15.54
15.1
146.98
142.02
167.02
5.04
233.1
20.06
20.06
10.02
15.04
558.12
10.08
15.0
5.04
141.98
10.08
396.9
36.92
20.12
20.06
15.02
10.06
10.04
5.0
5.04
10.04
5.02
5.04
15.04
5.06
5.08
10.06
10.12
152.06
5.04
5.04
10.06
15.04
5.0
10.0
548.46
15.08
15.04
5.08
5.04
136.96
137.02
25.08
5.04
81.58
5.04
10.04
5.02
15.02
5.02
5.06
15.1
147.04
15.1
15.08
20.04
15.06
10.04
15.04
10.02
25.04
5.04
10.08
21.78
5.04
10.1
5.04
5.06
10.12
29.68
15.06
25.06
20.1
5.02
10.04
15.08
15.1
5.02
20.1
10.06
5.1
5.04
20.1
5.02
15.08
35.1
108.86
273.96
5.06
5.06
5.06
20.04
369.06
25.06
5.1
25.1
20.1
5.04
5.06
5.06
72.52
15.06
10.0
152.04
5.02
5.02
48.12
147.02
135.24
15.06
20.08
5.04
10.06
10.06
20.06
10.04
15.1
5.06
5.06
157.04
10.14
151.96
30.1
25.1
15.04
25.08
10.1
25.1
25.1
188.8
5.1
5.04
6.68
16.5
5.06
30.1
10.06
137.06
10.1
15.08
15.06
157.12
5.06
15.04
10.06
5.04
15.12
15.08
15.12
5.06
5.04
10.04
10.04
5.04
5.06
20.06
157.08
5.02
20.08
148.16
5.1
558.14
20.04
5.04
10.08
15.06
18.8
5.02
10.06
5.04
10.04
10.04
10.06
5.06
5.02
10.08
30.08
151.96
30.12
5.04
558.1
20.08
5.06
20.12
162.04
152.0
5.08
20.12
15.06
5.1
5.06
90.54
151.94
7.58
15.06
15.04
10.04
20.08
10.06
5.02
15.04
20.04
136.94
126.72
5.06
153.42
23.52
25.14
152.06
558.34
30.1
20.06
15.12
5.06
5.04
5.02
10.1
10.02
15.1
10.08
10.04
10.04
5.1
5.08
10.06
5.02
5.02
5.02
20.04
5.06
15.08
5.04
10.04
20.06
10.08
10.1
5.0
15.1
20.08
15.06
142.16
5.06
30.82
5.06
142.0
20.04
284.04
25.06
15.02
152.0
10.06
15.08
20.1
25.08
10.08
5.06
141.96
20.12
5.06
5.02
10.06
5.04
10.08
15.06
5.04
10.1
5.06
5.04
15.04
30.12
10.1
15.06
10.04
10.02
10.06
15.04
15.08
26.7
10.04
147.08
20.08
450.72
10.04
15.06
10.06
10.1
15.02
5.06
573.18
15.06
15.08
5.02
5.08
10.06
5.04
20.06
10.1
15.06
5.06
20.02
10.06
10.08
60.22
5.0
136.96
67.94
10.04
51.88
6.6
5.02
136.98
20.06
25.1
290.54
10.08
5.0
10.08
10.06
20.08
142.02
553.34
10.08
5.02
5.02
20.06
5.02
20.04
10.08
15.1
10.12
137.12
30.14
700.24
10.06
5.04
15.06
5.06
15.08
10.08
20.06
10.12
10.1
20.1
152.0
20.08
20.04
15.04
5.0
10.02
5.04
54.28
54.42
15.08
5.04
15.06
5.08
15.1
5.04
5.08
5.08
136.94
20.08
10.04
5.12
15.04
116.0
10.02
5.08
15.06
20.1
10.12
20.06
209.78
96.38
60.56
10.06
35.84
5.08
20.08
10.08
20.08
15.04
20.1
20.06
25.12
53.98
20.06
5.02
15.02
5.08
25.66
10.0
147.02
5.02
5.04
15.08
20.08
15.14
25.1
5.02
5.0
10.04
20.06
15.06
5.06
25.06
157.08
5.06
10.1
157.16
5.08
10.08
5.06
15.08
15.06
5.06
15.12
5.06
10.06
20.08
5.08
141.96
10.02
20.08
15.1
5.04
15.04
5.12
5.06
15.06
10.1
10.06
20.08
15.04
156.98
10.06
97.32
15.12
10.08
23.16
5.1
10.1
20.08
5.04
10.08
5.06
10.06
10.02
10.06
15.08
5.08
5.08
5.08
5.06
10.06
25.08
137.02
152.08
5.0
10.04
10.04
141.96
10.08
15.06
16.84
5.0
5.06
20.08
5.06
10.04
15.08
20.08
5.08
10.06
10.08
15.14
22.38
10.0
19.48
239.48
15.06
5.02
10.04
16.86
20.04
110.1
141.98
289.04
20.1
10.06
15.02
137.04
18.94
25.06
147.08
73.06
32.72
170.6
189.24
5.02
20.08
20.08
5.1
5.04
5.02
10.04
5.02
231.4
10.04
27.86
5.04
63.6
284.06
10.04
15.08
118.48
5.02
20.06
15.02
137.0
20.12
15.06
146.56
5.04
15.1
19.78
20.14
15.08
5.12
53.38
137.06
146.98
20.1
5.06
147.04
25.08
5.06
20.08
162.08
25.12
25.1
147.06
5.08
147.1
10.04
19.44
15.0
15.04
161.98
5.02
15.1
5.06
10.0
25.14
141.94
25.1
10.04
10.0
5.02
25.1
10.08
5.1
35.18
10.06
136.94
10.1
5.08
15.08
10.02
20.1
5.02
197.4
10.08
5.02
15.08
15.08
5.02
10.04
10.04
5.06
5.0
15.04
15.08
142.06
5.02
5.04
10.06
15.08
10.06
20.02
20.14
135.5
147.04
5.08
10.04
5.1
10.04
15.06
10.06
10.02
10.06
25.1
5.0
5.04
10.12
15.12
25.04
15.06
10.0
40.14
20.1
25.14
20.12
29.72
20.12
5.06
147.06
15.02
142.06
5.06
15.06
25.12
5.04
136.98
15.06
5.04
5.04
10.04
20.06
20.04
15.04
15.08
5.02
20.12
10.06
25.08
25.08
15.1
39.82
13.54
20.1
15.08
5.02
5.06
20.14
5.04
86.72
15.08
25.04
15.1
10.12
5.1
5.04
10.02
5.04
5.04
10.14
5.1
15.08
30.1
25.1
15.1
10.04
20.08
15.1
30.08
10.04
152.1
147.14
20.04
146.9
15.06
45.36
10.08
5.04
25.1
25.06
10.06
5.02
20.1
5.02
10.02
10.08
5.08
5.02
5.04
5.06
5.04
5.04
5.06
25.1
15.08
20.12
10.08
95.68
15.16
156.92
136.98
152.0
20.08
5.06
20.08
70.9
5.06
97.98
91.76
15.1
20.1
15.06
10.04
5.04
548.38
146.92
10.1
10.06
127.0
5.06
15.12
136.88
10.0
15.04
15.12
136.96
104.88
19.26
15.02
25.06
5.06
10.1
30.12
15.06
5.04
10.04
137.08
5.02
20.1
142.0
10.04
5.06
235.54
5.04
142.16
20.08
10.0
22.68
5.06
15.04
43.7
15.04
20.12
10.12
142.02
147.0
155.5
15.08
15.1
5.08
5.06
5.08
137.04
5.06
5.08
20.04
25.08
10.06
5.04
56.98
15.1
10.06
10.04
25.1
25.08
15.04
114.18
5.06
25.1
5.06
5.06
152.08
273.88
10.04
15.06
5.04
5.06
5.06
5.02
5.02
5.0
5.02
10.1
5.08
10.08
15.06
5.04
20.12
25.1
15.08
15.08
5.02
20.08
38.68
5.1
207.1
137.0
10.06
10.1
5.06
10.08
53.16
15.08
20.1
5.02
5.06
5.04
20.1
5.04
15.06
65.18
5.06
107.12
20.12
5.04
15.08
10.04
10.06
15.04
15.1
10.08
5.08
5.04
20.12
5.04
15.08
20.08
5.08
15.06
35.94
15.04
10.1
21.56
68.92
29.82
10.0
5.0
5.06
15.08
5.06
20.1
10.06
15.02
10.06
5.04
10.08
5.04
15.06
20.06
25.08
10.04
103.76
5.08
36.2
20.06
5.02
5.04
5.06
15.08
10.06
5.08
10.04
20.08
5.02
15.1
15.02
5.04
20.08
15.08
5.06
5.08
5.06
10.08
169.98
15.06
5.06
15.1
15.06
153.0
151.96
20.1
10.1
15.06
15.06
5.04
136.96
10.06
15.06
20.08
20.1
5.06
30.14
20.08
20.1
20.08
10.04
5.04
5.1
5.08
5.0
96.2
137.02
598.46
5.06
141.96
147.04
137.06
15.42
5.08
25.08
109.92
42.28
74.0
35.12
10.04
10.08
5.0
15.1
15.08
5.06
15.08
5.04
5.0
10.0
5.08
5.02
5.04
5.08
10.04
20.08
15.1
5.06
15.06
10.02
20.04
15.04
20.06
20.04
20.04
25.1
10.04
20.04
5.08
137.06
119.92
157.06
10.06
15.08
5.06
15.04
15.06
20.06
10.06
15.04
5.02
5.04
15.1
10.08
5.04
5.02
15.08
5.02
10.08
50.22
10.02
20.32
142.06
5.06
5.02
20.1
15.04
27.74
146.96
152.04
137.04
167.12
120.96
20.1
5.04
10.04
15.1
15.14
15.08
141.92
5.06
10.02
5.0
5.06
20.08
152.1
5.1
10.12
20.08
15.1
5.1
35.1
5.1
10.12
15.02
84.9
147.1
15.08
142.02
10.04
147.08
137.06
10.06
5.06
15.1
24.64
147.1
5.06
15.04
10.08
15.08
5.02
5.06
142.02
15.1
558.12
5.1
5.08
15.02
12.8
5.06
77.96
15.1
5.08
20.12
5.06
15.04
10.06
15.04
5.06
47.72
10.04
15.08
20.08
25.06
5.1
10.04
10.08
5.1
15.04
20.0
5.04
5.06
5.08
20.18
20.08
15.1
5.04
5.04
141.94
10.08
20.12
5.02
10.08
5.06
5.04
5.02
25.12
10.04
15.08
21.82
5.02
5.0
10.08
10.08
5.06
279.02
10.06
30.12
152.08
137.12
51.14
20.1
20.06
10.08
15.08
147.08
5.04
147.12
5.1
152.08
147.1
147.06
5.06
15.04
147.02
10.1
15.06
10.06
137.06
25.08
5.06
15.02
20.08
57.68
5.06
35.12
15.1
5.06
20.12
5.04
5.04
5.04
58.42
536.34
10.08
5.04
10.04
5.04
20.08
10.04
20.08
5.08
20.1
5.06
17.92
152.06
5.02
5.02
5.02
151.98
15.06
25.12
89.4
5.04
5.1
5.06
15.1
15.02
5.0
20.1
5.04
10.04
10.06
10.12
10.04
15.1
5.08
25.1
15.06
25.08
136.88
10.06
5.04
5.06
5.08
5.06
10.04
5.02
137.0
5.06
10.12
20.12
10.06
15.04
5.08
15.08
36.78
15.04
5.04
20.12
5.0
20.06
15.12
20.08
10.1
563.24
15.06
20.08
20.1
25.04
15.02
553.24
10.06
5.06
5.04
22.28
131.14
20.1
10.12
5.0
15.06
15.08
10.08
10.04
10.06
5.06
5.06
15.04
20.06
5.06
5.04
20.08
5.06
5.02
5.1
20.04
30.12
15.08
20.08
10.06
5.06
25.12
10.08
10.08
25.06
5.06
16.88
10.02
5.06
15.06
5.06
30.12
10.08
5.06
15.1
15.08
10.04
15.04
5.0
15.04
142.1
142.02
5.02
137.0
10.08
10.02
20.1
15.06
5.06
25.08
5.04
20.06
10.02
157.12
10.12
156.98
137.78
5.02
10.08
5.1
50.2
5.0
10.1
5.04
10.06
15.04
5.06
33.4
121.62
9.56
137.04
137.0
10.04
10.08
10.06
15.12
5.12
5.06
5.02
35.12
20.1
5.1
15.04
10.1
15.08
25.06
10.06
6.58
5.0
25.1
5.08
5.06
20.1
15.06
10.04
10.02
15.1
415.88
278.9
15.1
5.08
20.04
5.06
415.96
15.08
58.44
30.08
5.08
5.0
71.62
10.06
5.04
5.06
5.04
15.08
20.08
5.1
147.04
5.04
5.04
5.04
15.08
157.1
20.08
10.06
105.74
274.06
152.04
99.18
100.6
5.04
20.06
5.02
5.04
48.8
20.06
5.06
20.12
20.1
25.08
15.08
15.04
20.1
25.32
55.88
15.0
5.1
5.1
10.06
5.08
5.08
10.06
142.0
15.1
137.02
141.94
12.1
142.1
5.08
5.02
10.06
5.04
30.1
15.04
5.02
5.06
15.04
58.44
15.08
15.06
15.08
5.04
103.5
10.08
73.42
15.14
5.08
15.08
10.14
5.04
5.06
5.06
5.04
15.04
20.08
5.04
20.12
20.08
5.02
15.1
10.06
553.38
15.06
10.1
5.02
10.04
5.08
10.04
15.06
10.08
10.04
5.02
5.06
5.06
15.04
5.02
10.04
15.04
15.04
15.1
157.18
142.02
15.06
137.04
10.02
137.04
10.06
152.18
5.04
82.3
5.02
266.68
5.06
25.04
5.04
20.08
20.1
20.06
10.06
20.14
5.06
5.08
10.06
147.0
25.2
10.06
5.02
15.04
5.04
5.08
10.06
10.04
15.06
20.08
20.06
5.0
15.08
10.06
5.02
5.04
5.08
26.24
5.04
223.68
137.08
157.36
25.1
278.86
15.08
20.1
5.02
15.04
5.08
15.06
53.24
157.0
5.14
10.12
15.08
15.04
5.06
20.08
5.06
83.1
152.02
15.08
5.08
10.04
214.56
15.06
10.06
11.56
5.1
10.06
46.86
141.34
5.08
20.14
5.02
146.9
10.02
25.1
5.02
10.06
15.12
25.08
5.06
25.08
10.1
20.04
20.06
5.08
5.08
10.08
10.04
5.04
10.06
15.06
578.24
5.02
20.04
5.06
230.1
15.1
25.1
10.06
15.08
152.04
20.08
25.14
5.02
25.1
30.06
25.12
5.16
5.1
10.04
141.92
20.02
5.12
20.04
128.44
100.34
20.08
5.1
15.06
20.1
5.08
5.02
10.08
10.06
5.02
15.06
10.04
5.08
10.02
15.1
152.0
20.1
10.06
25.1
20.04
21.76
116.74
5.08
137.0
15.02
5.06
548.26
10.06
10.02
5.02
5.04
5.02
10.06
15.0
15.1
5.0
5.04
20.06
5.08
10.08
20.1
15.04
30.1
5.04
20.1
15.1
10.06
5.08
15.06
15.06
20.1
21.58
10.02
10.08
5.04
5.08
10.04
25.08
20.12
5.02
5.04
20.12
5.84
40.08
5.04
15.1
20.06
15.04
147.04
5.1
5.06
34.18
140.3
5.04
20.1
147.02
167.02
5.04
15.12
20.08
20.04
5.0
15.12
5.04
20.08
410.9
10.0
15.06
147.0
341.98
137.02
5.06
112.8
5.08
25.1
5.04
52.72
5.0
20.04
5.04
15.06
5.02
15.08
25.1
25.14
20.06
10.06
5.08
15.04
10.06
25.12
10.06
10.06
5.0
10.1
142.02
5.0
136.94
142.18
142.02
10.02
10.02
20.14
20.06
142.04
10.1
15.04
5.02
10.08
10.08
10.04
10.1
15.06
20.06
15.06
5.04
5.08
5.04
5.06
10.02
5.1
10.18
5.08
15.12
5.02
10.06
10.08
20.14
5.06
5.08
10.08
5.04
15.1
5.04
40.14
553.18
10.06
20.08
20.1
165.64
25.06
137.04
15.1
137.08
5.04
10.04
5.1
5.04
20.08
25.14
15.08
5.04
10.08
25.08
5.08
15.04
20.06
5.06
162.0
151.94
137.02
10.12
10.1
5.04
5.06
5.08
5.02
10.08
10.02
5.1
10.04
5.04
15.1
15.06
20.06
5.02
15.08
25.1
20.08
20.1
5.02
15.1
15.08
141.9
5.02
137.04
15.04
5.06
15.02
15.06
27.42
20.06
94.98
17.32
150.16
10.06
20.04
20.08
15.08
5.06
15.04
5.0
5.08
20.98
15.06
10.06
5.06
32.6
10.06
20.08
25.1
136.96
20.06
126.32
15.12
10.04
10.02
5.0
20.1
20.06
15.06
20.02
20.06
147.02
20.04
5.06
5.04
5.12
5.02
10.06
5.04
10.06
20.08
20.1
15.1
10.04
15.04
30.14
25.1
152.16
15.08
20.1
20.12
5.04
136.98
5.02
15.08
5.02
5.04
10.06
20.04
15.14
5.08
10.14
5.02
5.02
5.02
5.06
5.04
10.1
5.06
15.04
20.06
10.06
5.02
20.02
5.02
15.02
5.02
5.06
10.1
20.12
15.12
15.02
10.1
10.08
20.08
15.1
5.08
20.1
5.02
5.06
10.04
10.02
20.04
25.14
5.04
115.58
10.08
5.02
10.1
5.02
20.08
5.02
10.06
15.1
273.94
278.92
15.06
5.1
278.88
10.1
5.04
5.1
5.06
5.12
5.0
10.1
5.04
5.1
30.1
20.06
5.06
10.02
20.1
5.1
10.04
152.02
147.04
5.0
5.06
5.02
65.58
136.96
10.06
10.08
10.02
15.08
15.08
15.06
15.08
20.04
30.06
20.06
10.06
5.04
136.88
10.04
15.06
279.04
15.12
5.04
5.04
10.08
548.16
10.04
5.08
20.08
5.08
142.02
5.08
15.06
147.1
5.06
5.02
10.08
25.08
10.06
5.04
5.0
23.8
5.06
152.06
136.98
15.06
5.04
5.04
15.08
10.12
150.42
25.1
5.06
5.02
10.04
147.0
10.08
5.06
5.08
247.42
137.08
5.08
136.98
5.06
29.0
10.08
15.1
548.32
15.16
5.06
5.06
10.06
695.24
279.04
10.1
15.06
20.08
20.08
47.04
35.1
5.02
5.08
15.08
5.04
5.04
15.1
31.06
10.06
10.08
5.02
146.92
5.02
122.08
5.04
558.1
25.08
25.12
5.06
5.02
5.02
5.06
10.04
78.98
137.14
15.08
25.1
16.14
5.06
15.1
25.12
20.04
5.02
23.88
5.06
5.02
5.08
5.08
136.94
5.12
10.1
25.1
15.1
5.04
10.04
113.26
147.1
5.06
20.08
5.06
10.08
137.02
10.08
20.08
5.04
5.0
139.82
10.08
10.02
641.48
142.04
5.08
168.8
164.26
260.38
5.08
157.04
5.06
152.08
10.1
5.04
5.04
5.06
25.1
5.02
15.14
10.04
5.06
10.08
10.04
5.02
146.88
5.08
10.04
15.14
10.06
15.04
20.08
70.1
20.06
10.04
20.08
5.04
25.1
16.24
15.08
5.02
20.06
30.12
15.06
25.08
5.06
157.14
5.02
20.1
10.06
15.02
142.06
10.06
10.1
20.08
147.22
118.48
25.12
137.02
5.04
658.9
10.08
133.32
10.0
5.08
25.1
15.06
15.06
10.1
5.02
5.02
5.06
25.1
136.96
41.38
15.06
15.1
25.08
10.02
30.1
5.02
20.16
5.04
15.08
10.06
5.02
5.0
5.04
5.04
5.04
15.02
10.04
5.08
5.02
15.08
5.06
109.68
101.84
15.08
10.02
136.94
5.06
96.32
10.06
15.12
10.1
5.1
25.1
15.02
10.06
33.28
20.1
15.08
20.1
10.06
25.08
7.98
20.1
10.02
23.74
5.06
81.66
15.08
5.12
20.1
73.78
10.06
273.98
20.1
5.08
5.04
5.0
91.22
20.08
30.12
20.08
141.98
20.08
30.14
15.08
92.54
15.06
20.1
15.1
553.06
15.06
10.12
10.08
5.04
20.1
10.08
39.08
5.06
5.06
10.06
10.06
29.78
70.48
152.0
5.12
5.06
5.06
15.06
5.04
5.06
15.06
5.08
15.04
15.08
548.32
5.1
15.04
10.12
15.08
20.08
5.04
20.06
10.1
15.06
25.06
20.12
20.12
75.8
5.0
15.06
5.06
15.04
5.08
10.14
10.06
553.24
20.02
10.06
29.34
137.02
273.98
20.08
25.1
148.74
25.1
15.06
10.08
147.02
146.9
5.02
20.1
25.1
25.1
10.06
10.1
157.08
10.06
5.08
15.04
27.34
15.12
152.04
5.06
15.1
10.06
5.04
10.04
109.64
5.04
10.08
5.06
162.04
10.14
5.02
15.08
10.08
5.06
15.04
5.0
5.02
30.08
20.08
10.02
5.06
67.24
15.04
5.06
5.12
10.04
10.06
162.1
5.0
10.12
15.06
45.4
5.02
151.92
10.06
152.12
84.66
152.02
135.62
5.08
10.04
136.9
5.04
147.02
15.04
15.12
15.04
15.06
15.06
30.14
137.04
5.02
10.08
136.92
124.8
5.06
20.06
5.06
5.1
30.08
152.1
5.0
45.02
30.14
137.08
15.08
10.06
10.06
25.12
30.08
20.08
5.04
5.12
15.02
30.04
15.06
5.02
20.06
10.08
147.08
5.06
30.14
5.1
141.98
5.04
10.04
152.06
5.04
45.38
30.14
15.08
142.0
15.1
10.02
15.1
5.06
5.02
142.0
25.14
10.12
5.08
77.3
10.06
15.06
20.08
87.9
20.12
25.08
136.98
105.72
15.12
5.08
10.12
20.16
20.08
5.22
5.06
5.06
20.06
5.06
30.1
30.12
5.04
10.06
15.12
5.04
5.06
5.0
5.06
20.08
5.04
15.04
52.68
25.08
5.06
5.06
41.76
10.06
5.02
20.08
30.12
20.1
10.06
5.06
10.08
10.06
10.08
20.06
5.02
5.1
26.36
10.04
10.1
5.08
161.98
10.04
10.06
10.08
20.06
25.06
10.04
15.0
20.08
10.06
15.18
5.04
5.02
147.04
10.04
10.06
15.14
5.0
10.12
20.08
5.06
15.08
5.14
5.08
553.22
20.1
5.04
5.04
10.1
109.7
141.96
563.22
5.04
5.04
5.04
10.1
5.1
8.42
15.06
10.0
25.06
162.08
10.04
5.06
25.12
213.2
10.12
20.1
20.06
137.06
15.06
5.06
113.4
5.06
10.02
10.04
10.04
5.04
5.04
25.14
5.06
5.06
30.18
5.04
5.06
10.06
20.04
15.08
15.06
5.1
5.0
20.1
5.04
5.02
15.08
5.08
5.04
10.1
10.08
5.02
5.04
10.08
15.12
10.06
210.18
146.98
25.06
142.1
5.06
157.06
10.1
25.08
5.04
136.98
127.0
10.06
5.04
5.02
15.02
20.1
20.1
15.08
5.1
5.02
20.1
5.04
10.02
5.08
10.08
25.12
10.06
142.04
137.04
147.0
10.1
136.78
15.06
10.04
10.06
20.04
5.08
5.04
15.08
15.08
20.1
5.1
15.12
5.06
5.06
5.06
171.26
283.82
5.04
5.0
129.7
89.96
20.06
20.1
71.08
5.04
15.12
10.06
15.06
32.7
141.98
30.04
5.02
45.86
15.06
5.06
5.06
5.08
10.08
15.06
5.02
25.1
20.1
5.06
25.06
88.7
5.04
142.06
274.14
278.96
486.78
5.04
84.74
10.12
15.1
105.34
20.08
137.02
231.26
35.18
5.06
5.04
15.06
25.08
5.06
5.12
15.1
5.0
5.06
10.06
10.08
10.0
5.04
141.92
10.04
20.08
10.02
5.06
5.02
25.04
15.08
10.06
5.04
10.04
5.08
137.04
112.36
20.1
5.1
47.64
5.02
15.04
10.08
141.98
152.1
136.72
5.06
5.06
101.42
5.02
30.18
20.08
20.08
5.02
156.92
9.54
20.06
107.72
15.04
5.04
25.1
20.1
10.08
10.1
10.08
5.06
10.08
10.06
5.16
15.12
30.12
30.1
20.06
15.08
15.06
10.04
15.08
685.16
5.12
147.04
152.08
5.06
30.52
15.06
347.4
5.06
5.04
10.08
5.06
5.04
20.08
30.08
138.2
10.04
5.0
5.08
5.06
10.02
5.04
10.02
5.08
5.06
5.02
5.0
15.08
5.08
5.08
10.02
25.08
5.06
5.04
10.02
5.02
10.06
147.1
5.1
15.06
20.14
15.12
5.06
20.08
20.06
46.68
15.04
20.12
5.02
5.04
20.04
20.12
410.94
5.04
5.06
25.06
5.06
10.06
5.06
20.06
5.06
25.1
25.14
10.08
20.06
10.06
10.06
5.06
5.06
5.06
5.08
10.06
15.12
10.08
25.08
15.06
10.06
5.04
5.04
5.08
10.04
10.06
15.04
32.64
5.04
5.02
142.04
5.06
5.0
5.06
5.02
39.38
5.08
20.1
126.32
152.04
15.08
142.04
151.92
37.98
142.08
20.06
20.08
15.08
15.06
20.12
25.08
5.0
15.12
5.04
15.06
157.16
20.04
25.12
137.02
10.1
10.04
5.04
97.42
18.14
5.08
141.98
147.08
5.04
5.02
10.06
10.06
10.04
147.0
30.12
5.0
634.84
5.08
5.0
130.24
10.08
10.08
95.64
651.1
137.06
289.06
10.02
20.06
5.02
10.04
15.06
10.04
5.06
5.06
20.08
20.06
17.18
47.9
5.04
5.02
10.04
5.08
35.04
20.06
135.74
695.32
10.08
553.26
10.1
15.08
20.12
35.4
5.06
15.9
162.08
137.04
152.02
137.54
46.08
20.04
553.16
59.62
5.04
5.1
142.0
15.08
5.06
134.82
77.22
5.06
5.06
147.04
19.28
5.12
157.08
5.02
136.94
141.86
141.96
5.02
5.04
10.04
20.12
20.08
5.1
15.12
42.28
146.94
15.1
5.04
20.08
15.12
25.06
15.1
20.06
5.04
15.1
388.22
20.1
15.1
10.06
5.1
5.02
10.1
15.12
20.06
685.2
10.04
5.04
357.32
15.06
20.12
10.12
15.08
5.06
10.1
15.1
10.06
151.94
5.02
15.06
15.04
25.1
152.06
212.76
142.06
15.06
5.06
5.0
147.16
5.06
10.04
162.14
165.22
10.1
10.04
25.1
256.02
5.06
5.06
5.06
10.1
5.06
10.1
10.02
11.74
15.06
5.06
5.02
5.06
10.04
5.06
15.08
5.08
16.04
10.04
10.1
10.06
5.04
45.42
5.08
5.04
137.04
5.06
5.06
15.12
15.1
5.06
5.06
15.06
5.04
10.1
10.06
5.1
5.02
10.06
10.08
15.06
5.06
5.04
20.06
10.04
15.14
18.26
20.1
5.06
15.06
15.08
5.06
5.06
5.02
20.12
5.04
5.04
15.1
100.44
10.12
10.04
142.0
15.1
15.04
15.06
142.04
20.12
15.08
5.08
15.1
5.08
20.1
15.08
15.08
10.08
15.12
18.24
10.06
5.02
10.06
23.9
436.64
10.06
15.02
10.12
5.02
27.54
42.22
10.1
10.14
10.02
15.08
10.02
10.06
10.08
20.06
30.1
15.12
78.34
10.04
5.1
5.1
25.1
15.06
5.06
20.1
5.04
5.04
5.06
10.06
20.08
15.08
122.86
5.08
5.0
20.08
39.04
5.06
5.04
15.08
5.02
152.02
15.04
5.02
5.02
20.08
10.04
5.0
10.08
5.1
15.08
10.1
5.1
284.0
20.08
88.7
5.14
20.12
10.08
318.84
15.06
15.04
10.04
15.08
5.04
10.04
553.36
5.02
557.96
15.1
30.06
10.08
10.04
20.08
25.14
5.02
52.08
20.12
10.04
5.04
10.06
20.1
10.08
5.1
25.1
10.0
5.04
29.46
10.04
5.02
20.1
10.06
25.12
5.06
20.1
5.08
15.08
5.04
10.06
5.04
15.08
5.0
12.2
5.04
10.06
5.04
10.02
15.06
10.06
10.06
25.04
15.06
5.1
5.04
5.08
20.1
15.08
5.04
20.06
5.08
5.06
5.04
10.08
88.42
20.06
10.04
10.04
15.06
98.54
25.06
5.08
137.04
5.06
5.02
10.06
5.04
5.04
15.06
20.02
10.12
10.08
15.04
5.04
10.08
5.04
5.1
15.06
142.02
20.06
5.02
5.08
5.04
20.04
12.54
5.06
15.04
5.06
20.04
10.04
553.3
558.16
5.08
15.08
20.06
5.08
5.08
5.04
131.38
10.08
5.06
20.1
142.02
137.02
147.12
5.06
25.08
5.02
20.14
5.06
5.06
5.12
20.08
20.12
5.04
5.06
15.02
10.06
15.08
5.08
25.12
15.06
10.04
137.02
142.02
154.28
25.08
10.1
5.04
5.04
10.06
548.12
115.04
5.08
5.04
26.18
10.04
487.32
5.08
20.08
10.04
10.04
5.04
5.12
5.12
5.04
113.54
5.04
273.94
137.04
147.02
10.1
17.38
5.04
91.82
87.42
5.06
10.04
15.04
152.0
146.94
10.08
10.08
5.08
10.02
20.1
10.06
55.36
113.36
56.84
6.62
5.1
10.06
5.06
20.06
10.1
10.06
10.0
5.1
189.3
5.06
10.06
127.92
5.08
20.1
15.22
41.6
5.04
15.04
10.08
15.08
20.1
15.06
147.0
15.08
20.1
10.08
5.06
20.08
25.1
10.08
5.02
5.06
5.06
20.06
20.08
5.1
5.1
20.14
10.02
5.06
5.12
15.06
15.04
67.78
5.1
5.06
10.1
15.06
5.04
10.06
15.08
6.84
5.08
40.34
20.08
5.0
15.06
20.08
5.02
5.04
10.04
79.82
5.02
15.06
20.1
15.08
20.1
20.04
141.9
5.06
30.08
5.02
5.08
5.1
20.08
5.04
20.02
15.06
5.04
161.54
29.06
30.08
15.06
15.14
10.02
10.06
553.14
20.08
5.02
10.04
5.1
15.12
30.08
10.06
5.1
5.04
56.18
10.08
433.82
152.06
5.06
20.04
20.02
25.12
20.06
30.14
20.0
30.08
5.06
5.06
35.12
5.04
69.4
15.1
5.06
48.1
5.08
10.06
5.04
5.06
5.04
5.02
10.1
289.14
25.1
15.06
137.18
5.0
284.2
20.04
151.68
5.04
5.02
60.3
157.78
5.06
142.02
10.04
10.06
5.0
10.08
20.08
486.38
10.06
10.06
5.08
15.08
5.02
5.0
113.92
15.08
5.06
5.08
30.1
5.04
10.2
20.08
5.04
20.1
5.06
20.06
15.1
146.84
5.0
5.04
212.08
20.1
256.94
5.08
10.08
15.1
15.1
10.06
15.08
30.16
5.06
10.06
15.06
35.12
141.96
157.06
20.08
10.08
25.1
20.1
5.08
162.12
102.7
5.06
15.0
20.12
5.08
25.06
5.02
15.06
5.0
61.82
10.04
25.1
30.12
10.1
5.06
5.0
15.08
10.06
20.1
563.14
10.06
10.02
20.08
15.02
15.16
15.06
10.08
111.7
5.04
10.06
15.08
30.24
20.04
15.04
5.04
5.04
15.04
5.1
20.1
10.12
5.02
59.84
187.42
5.0
5.1
15.06
10.06
10.08
5.06
5.02
5.04
10.02
10.06
337.34
10.04
5.04
5.02
5.04
20.06
10.08
30.12
60.48
5.0
146.98
15.06
10.08
251.8
5.04
15.04
7.0
5.02
15.08
15.1
5.02
152.04
5.14
5.1
157.04
15.08
10.02
15.12
68.06
5.02
136.88
15.04
5.02
558.2
20.04
137.1
25.02
10.08
5.08
20.12
10.08
25.1
32.8
5.02
10.06
20.12
20.02
272.12
5.08
15.08
25.06
15.0
5.04
5.04
5.04
10.02
10.04
15.06
10.06
15.06
15.02
5.06
15.02
5.12
20.08
20.12
5.0
10.1
25.12
15.08
102.08
5.06
5.04
5.04
5.08
20.14
30.1
5.04
20.08
25.12
15.04
10.08
5.04
10.04
5.08
5.1
77.18
10.04
5.06
15.06
147.02
20.08
13.98
20.06
553.14
141.94
151.98
15.06
558.16
5.06
10.08
141.94
271.14
5.04
20.06
5.1
10.14
5.04
10.08
15.08
5.04
10.08
5.04
20.1
15.06
10.12
20.04
15.08
15.08
10.1
5.04
5.08
10.02
5.02
5.06
15.08
25.08
5.1
15.02
5.02
695.16
10.06
15.12
15.06
135.18
10.04
289.02
137.04
26.08
5.08
10.06
548.14
10.1
5.08
140.88
10.08
10.04
5.04
5.06
88.3
20.04
5.04
10.04
157.08
10.06
10.04
15.02
5.06
5.04
10.04
15.08
72.08
5.1
25.14
47.6
15.06
5.04
20.12
10.08
5.02
267.28
5.04
25.1
20.1
10.04
5.08
5.04
147.02
10.04
5.1
20.12
10.02
25.02
5.06
146.98
5.04
20.06
156.96
21.14
15.14
20.06
10.06
5.08
47.82
5.08
5.06
10.1
10.06
25.12
15.1
20.06
5.08
10.06
20.1
10.02
10.1
15.1
5.04
5.04
15.08
10.04
16.98
5.02
10.06
5.04
91.66
126.62
505.38
147.08
10.02
5.02
15.08
5.04
5.02
5.08
5.02
5.06
10.08
20.08
15.1
15.1
5.06
51.44
25.1
10.06
5.04
10.02
5.04
15.06
10.06
15.12
15.1
10.08
141.9
10.08
137.08
5.04
5.08
15.06
5.02
10.08
5.06
5.04
25.12
20.0
20.06
10.06
146.92
20.18
75.0
16.58
10.12
20.08
20.06
10.06
15.1
20.06
40.12
20.12
15.06
152.06
137.02
115.66
20.08
5.04
5.06
21.12
10.1
10.06
40.06
157.08
10.1
10.04
66.26
148.18
156.98
5.06
5.02
5.02
15.08
25.06
59.54
30.1
5.06
152.08
15.06
15.06
152.1
15.08
26.18
548.22
135.0
25.04
42.5
10.08
5.06
20.14
144.16
5.08
162.24
10.04
157.02
10.08
142.08
15.08
5.06
5.02
10.06
5.0
15.08
5.06
15.02
5.1
10.1
17.0
5.1
5.04
20.06
5.04
15.08
5.04
5.04
15.08
5.04
65.96
10.1
5.06
5.04
20.0
5.04
5.08
162.12
20.08
15.12
5.02
5.06
5.08
5.04
5.0
15.08
5.04
134.06
147.08
15.02
273.84
15.06
558.06
10.06
15.1
20.08
15.1
5.04
20.1
20.1
15.06
20.08
136.94
247.64
695.18
10.02
64.62
5.16
146.96
20.08
5.08
10.06
5.04
5.02
10.02
10.02
5.04
5.06
20.04
20.02
5.06
5.08
10.04
5.02
32.08
52.72
42.22
5.06
5.04
5.1
15.02
15.08
15.06
36.42
10.04
5.02
10.04
10.02
147.02
30.12
10.02
15.08
147.12
20.12
147.02
157.02
5.02
15.06
30.06
10.06
20.1
142.06
10.08
15.06
137.02
5.06
5.1
5.04
15.08
5.04
15.06
5.08
68.46
15.02
141.96
5.08
5.06
20.06
5.02
10.02
5.04
15.1
5.08
5.08
5.0
10.08
5.04
5.02
105.32
25.12
30.16
5.08
20.06
5.08
10.06
553.08
15.04
25.1
20.06
10.08
30.1
5.02
30.14
10.04
5.02
20.08
5.04
10.04
142.02
10.08
134.2
142.0
20.08
10.04
10.04
20.04
5.08
20.08
10.04
15.02
15.02
20.08
20.1
5.04
10.1
5.02
5.02
10.12
563.3
20.08
5.06
52.72
5.08
5.06
5.04
5.08
5.0
20.14
408.14
8.36
5.06
15.06
130.42
137.02
10.06
20.08
63.24
5.08
272.32
5.02
151.94
10.06
20.08
10.08
10.06
5.04
5.02
5.06
136.94
5.0
25.14
34.2
20.06
20.06
25.14
10.08
15.06
15.12
15.1
25.06
10.06
156.94
5.04
20.08
25.06
5.04
5.06
30.1
146.94
5.18
20.06
136.96
5.08
20.12
20.1
10.06
10.06
15.04
92.88
10.1
5.06
5.1
5.08
15.1
10.04
141.98
30.1
5.14
5.1
5.04
20.1
5.06
15.06
20.06
15.08
10.02
5.08
601.48
15.08
695.14
20.06
5.1
5.04
10.04
5.04
43.46
5.08
15.06
20.06
5.02
5.04
5.1
30.12
20.08
5.06
10.02
5.04
20.06
5.02
54.08
5.1
137.0
15.06
142.06
10.08
25.1
5.0
20.1
20.12
15.04
10.1
5.08
5.02
20.1
15.12
31.1
20.06
20.1
20.04
30.12
5.08
5.06
553.26
5.06
5.08
10.1
20.08
10.08
5.06
66.32
5.0
5.06
20.06
513.82
157.02
5.02
5.08
15.06
5.04
136.98
15.06
5.02
8.72
10.1
36.34
25.08
10.24
20.08
10.04
20.08
15.04
5.94
10.06
10.06
10.1
10.06
151.94
5.04
5.08
25.1
5.08
5.08
20.04
5.06
15.0
15.08
5.04
15.1
5.08
5.04
40.38
5.02
10.06
141.78
20.12
10.08
23.82
15.02
15.04
25.24
20.08
10.04
10.08
15.02
5.06
5.04
10.08
5.04
20.06
5.12
20.1
136.96
13.68
20.12
15.08
33.06
9.02
15.08
10.08
162.08
10.06
147.04
152.12
20.08
15.06
10.06
5.02
30.1
5.02
15.02
5.04
165.4
15.12
5.04
20.04
20.12
10.1
20.1
563.26
20.1
10.02
20.1
5.04
563.32
10.04
563.2
137.04
157.02
152.02
5.08
5.04
15.08
136.96
10.04
5.02
10.04
5.04
15.1
10.04
10.08
5.06
25.1
147.54
5.02
10.04
10.04
5.02
5.04
10.02
10.04
10.08
28.76
10.04
52.1
5.1
432.02
10.06
454.52
83.06
147.0
146.96
136.96
15.08
5.06
5.08
15.08
38.18
15.14
5.06
141.92
27.98
10.1
5.06
5.08
137.04
20.04
20.02
15.1
20.08
20.08
30.1
5.08
578.24
5.04
25.06
20.08
15.06
25.08
279.08
10.02
5.04
15.1
20.1
30.1
10.02
5.08
5.06
25.12
5.06
284.12
5.02
142.04
5.08
5.06
5.0
10.04
20.1
5.1
5.06
30.14
10.08
35.1
20.08
102.96
20.12
20.08
20.1
5.08
10.08
10.04
152.0
284.0
39.62
114.3
10.06
15.1
10.12
147.12
5.04
15.06
57.78
20.08
558.3
145.82
157.02
640.24
10.08
5.08
5.1
126.56
10.08
5.04
35.1
15.04
10.1
10.06
15.1
20.08
5.1
5.08
10.06
26.04
5.02
15.08
5.04
15.06
5.04
5.08
5.04
5.04
10.04
5.04
5.04
15.06
15.08
548.12
137.02
20.1
15.04
5.04
5.08
10.06
77.4
15.06
10.02
15.06
25.04
40.48
15.02
5.08
152.08
28.58
70.48
5.04
10.08
10.08
5.02
20.08
5.06
15.1
5.12
10.5
10.14
10.04
5.04
10.02
5.04
10.06
10.08
5.04
5.04
221.94
5.04
5.02
15.08
5.04
15.12
15.1
5.04
151.92
10.1
15.08
15.12
5.04
66.28
10.08
20.04
15.08
10.04
152.06
10.06
20.08
10.02
25.06
5.1
5.06
10.06
15.06
15.1
5.04
20.08
553.14
10.04
204.86
5.04
5.04
5.08
15.1
10.06
10.1
5.08
15.12
136.92
5.04
5.08
30.1
5.06
152.1
15.06
15.04
10.02
5.06
15.12
20.12
25.04
20.12
5.04
5.1
10.08
25.12
5.06
10.04
20.08
10.08
5.08
15.06
5.1
20.06
5.02
5.06
5.04
15.08
20.08
20.1
36.18
13.74
20.1
11.64
284.08
293.98
147.04
5.04
10.04
152.02
20.1
5.04
147.02
5.06
15.04
10.04
10.02
5.02
25.12
10.04
221.0
5.08
25.08
5.04
20.04
5.06
5.04
690.22
10.04
5.04
5.0
10.06
5.02
5.08
15.08
5.06
20.08
5.04
5.1
553.3
5.08
5.0
15.1
5.08
20.06
189.98
15.1
5.02
20.1
5.04
15.12
5.0
15.08
152.06
10.06
15.1
15.06
15.08
5.02
15.08
25.12
5.0
56.22
15.08
15.06
152.08
11.64
25.06
5.04
10.1
20.1
5.06
10.72
20.02
10.06
10.04
15.04
10.08
5.0
10.06
5.02
284.0
5.02
20.12
136.94
15.1
10.04
239.08
5.0
20.1
10.06
25.1
20.1
10.06
15.06
5.08
10.1
42.02
5.08
10.04
20.02
20.06
10.06
5.08
5.1
10.08
15.06
558.24
10.08
15.06
5.04
15.08
156.94
5.06
5.06
5.04
15.1
10.04
30.08
5.06
10.06
5.04
5.04
553.06
552.92
10.06
20.08
20.1
5.1
23.64
15.06
5.08
20.08
38.9
141.96
25.12
10.08
15.1
5.1
152.14
5.06
5.04
34.78
20.1
10.06
107.94
15.08
15.08
5.06
5.1
5.08
5.04
15.1
20.06
10.02
15.08
47.74
20.12
20.06
20.06
25.08
10.08
10.04
63.28
15.08
137.06
147.1
147.0
142.1
20.04
20.08
15.02
109.1
10.04
5.08
5.06
558.62
5.1
147.02
20.1
146.98
136.96
15.06
5.04
119.48
5.0
20.04
10.08
10.08
10.02
5.02
25.64
37.52
20.12
15.1
20.06
10.02
5.06
10.04
5.06
5.02
10.06
15.08
10.12
15.08
125.68
10.04
5.06
17.92
15.08
5.08
10.06
15.04
5.1
20.08
20.1
553.16
15.04
548.3
15.1
10.04
5.08
20.12
5.06
575.26
5.08
114.52
5.02
5.04
5.08
20.06
5.06
5.04
20.1
10.08
37.64
15.08
5.04
231.8
5.06
5.04
5.08
10.1
10.06
152.06
10.1
15.1
5.02
5.0
10.06
10.04
20.08
10.04
15.06
15.08
5.06
15.06
10.06
5.12
5.02
5.06
20.08
64.72
15.04
15.02
5.06
5.08
5.04
543.94
5.1
15.06
30.1
157.06
147.0
10.02
5.06
10.04
15.12
41.66
15.06
142.02
5.06
20.14
147.02
20.08
5.0
20.06
25.12
5.04
20.06
5.06
15.12
327.16
5.08
5.02
5.06
10.06
142.06
10.04
20.1
20.24
19.5
5.02
5.04
142.08
162.04
15.06
142.02
15.08
5.04
30.1
10.02
15.08
20.06
15.1
5.08
5.04
15.1
5.06
42.36
15.06
15.08
5.04
10.02
5.08
10.1
5.08
5.06
20.14
15.06
5.1
10.08
5.04
141.98
10.02
5.1
10.02
20.1
20.08
5.02
5.08
20.1
20.08
15.06
10.04
5.02
15.08
10.06
10.1
5.02
15.08
10.04
10.06
5.02
5.06
5.06
25.12
15.04
5.02
5.04
5.04
147.08
5.06
141.92
147.06
10.1
10.04
15.04
5.04
5.04
10.04
5.02
15.04
137.0
20.08
284.0
15.06
15.04
157.06
25.08
563.34
5.02
115.66
10.08
10.12
5.08
20.12
10.02
20.12
20.14
5.04
5.12
15.1
63.38
142.0
5.06
15.04
25.1
20.08
5.08
10.08
5.08
396.8
55.42
10.06
5.04
136.86
142.06
20.1
20.12
599.8
15.06
15.1
20.06
10.08
30.08
5.1
25.06
25.04
20.1
10.06
10.02
10.0
10.04
15.08
5.04
5.0
25.12
5.02
15.06
5.04
5.02
20.08
116.62
10.02
5.06
10.0
5.04
15.02
5.04
558.3
5.08
5.08
5.08
5.06
5.04
10.1
15.1
5.06
5.02
5.02
5.06
10.04
15.1
10.04
20.08
6.1
10.0
33.08
10.04
141.88
10.02
20.1
10.12
10.04
15.08
20.06
20.08
10.02
10.04
5.02
5.04
161.96
15.04
144.18
10.06
16.48
20.06
20.04
5.04
10.04
5.04
10.08
15.1
5.04
5.06
5.0
5.06
20.08
10.1
10.1
15.26
20.1
5.0
10.06
20.08
10.04
5.02
5.08
25.1
20.08
20.14
5.04
137.04
36.08
15.1
10.06
10.06
146.96
558.4
20.06
94.8
25.1
230.16
20.1
10.0
5.02
20.08
15.0
15.14
5.0
5.0
5.06
5.04
153.08
10.06
10.06
96.64
50.04
20.08
136.84
10.08
10.1
15.06
15.08
5.0
25.08
117.08
10.06
19.48
103.6
15.1
15.1
5.08
20.1
146.96
147.0
288.94
136.78
15.08
142.02
15.96
142.04
20.06
217.36
141.98
20.04
5.06
5.1
25.16
20.12
42.24
10.08
425.94
5.06
10.22
142.06
20.12
15.04
10.1
15.06
10.02
5.1
10.04
5.04
10.08
80.66
5.02
5.04
558.28
5.06
10.02
10.08
20.1
10.06
10.08
10.08
10.08
15.1
141.98
15.06
10.06
15.06
20.06
5.08
10.12
5.02
10.04
10.06
6.66
20.08
20.08
15.14
20.08
558.32
5.06
5.06
553.22
10.06
5.0
5.04
562.88
137.0
5.08
20.08
10.04
20.1
25.1
15.04
10.06
5.0
16.98
10.06
27.18
20.1
10.08
10.06
10.06
5.06
5.04
5.04
5.02
5.14
10.06
63.36
15.1
5.06
5.06
10.02
20.04
10.1
5.04
15.1
20.08
15.04
15.04
30.12
20.08
141.92
553.16
20.06
152.08
66.18
553.22
5.02
10.08
15.08
10.08
10.02
5.08
5.06
15.06
5.06
5.04
10.02
5.08
15.08
5.02
25.14
5.04
10.08
5.06
20.08
29.3
15.04
20.06
137.04
5.1
25.12
476.92
5.1
5.04
5.04
152.04
15.04
20.12
5.06
119.0
20.12
25.12
5.08
10.04
20.06
25.08
40.16
10.04
15.08
5.08
15.1
107.52
5.08
5.02
142.02
10.1
137.0
20.1
5.06
10.08
25.08
15.1
5.06
20.08
15.1
5.06
15.08
10.06
5.02
15.02
15.06
10.08
5.06
22.92
5.0
5.06
5.08
5.04
20.06
15.08
33.36
5.06
5.08
20.08
10.02
10.06
5.08
99.0
5.06
15.08
10.04
5.1
15.08
20.1
548.46
10.08
10.06
5.06
233.76
5.1
5.06
36.0
10.1
20.06
25.04
5.04
5.1
10.06
5.12
142.0
5.04
44.68
5.1
5.04
5.1
136.94
162.14
15.1
136.88
172.06
20.1
15.08
10.04
5.08
5.04
10.04
100.58
128.12
15.08
5.08
15.08
20.12
5.06
10.04
5.08
25.1
25.12
10.06
15.08
10.1
10.12
20.08
162.08
10.02
20.08
15.06
5.04
10.06
151.88
10.06
5.04
30.16
61.76
5.02
136.9
20.1
10.08
5.04
15.1
5.02
20.08
5.06
5.02
15.1
15.06
5.1
5.06
17.98
5.06
10.1
20.1
10.02
15.14
25.1
25.1
5.0
5.12
5.06
15.06
5.1
10.08
10.02
15.08
10.12
553.36
20.12
10.08
10.1
5.06
25.08
5.08
5.02
20.1
5.06
5.04
5.08
5.06
15.08
10.04
5.06
5.04
10.1
142.04
20.08
10.08
21.14
5.04
5.04
279.06
147.1
10.04
5.04
5.02
5.04
157.08
5.0
15.08
33.66
5.06
15.08
5.06
10.06
157.68
15.08
5.1
15.06
15.08
5.08
5.08
5.04
5.02
15.06
5.0
10.08
5.06
5.0
10.06
30.14
15.04
5.02
10.08
15.08
5.06
10.16
10.0
20.08
15.08
20.04
5.02
10.1
5.04
5.08
15.12
25.06
10.04
5.04
30.14
10.1
25.1
10.08
10.08
5.04
10.06
5.1
63.28
314.42
20.1
20.06
10.04
5.08
137.1
15.1
5.04
87.18
25.02
15.08
5.1
5.06
15.04
5.08
5.1
5.08
15.04
5.04
15.1
10.06
15.08
20.1
10.08
5.08
15.08
5.02
20.1
5.0
10.08
5.06
30.1
15.02
5.08
28.86
5.04
15.08
10.04
20.06
5.06
5.88
15.06
25.1
30.08
5.04
20.04
20.1
30.08
15.06
20.0
30.06
10.08
5.04
5.06
15.04
29.5
10.04
10.04
15.06
25.12
5.06
20.1
15.04
20.12
10.04
10.06
35.42
30.14
20.08
5.02
20.06
5.04
10.08
15.06
10.08
5.06
5.08
5.04
5.0
15.04
15.06
5.06
20.1
48.12
5.06
15.1
25.06
5.02
137.04
15.04
20.06
31.98
15.06
10.14
20.1
20.08
20.06
15.12
10.06
31.4
13.8
10.04
5.02
10.06
47.8
5.06
30.06
5.06
15.06
142.06
5.02
5.04
157.1
20.08
20.04
5.06
5.04
284.12
5.08
15.08
91.92
5.06
20.04
20.1
5.02
136.96
10.08
137.04
25.08
15.08
142.14
142.02
10.06
5.04
15.04
20.1
21.64
20.06
10.02
5.0
5.02
10.04
5.04
15.02
5.02
10.06
308.1
5.04
5.04
152.12
145.88
5.06
10.06
5.06
20.1
5.02
10.04
5.06
15.04
5.06
5.04
20.06
5.04
141.96
5.08
20.1
161.98
5.08
137.1
10.04
5.08
64.22
151.96
5.08
10.08
15.04
10.06
10.04
15.1
5.04
15.06
35.16
20.1
20.06
10.06
15.12
5.02
5.04
37.34
5.04
5.06
5.08
5.08
5.02
5.06
102.62
20.08
15.12
152.0
15.1
10.1
20.06
20.1
5.1
5.06
10.1
136.92
5.06
15.04
5.0
5.06
10.08
5.12
5.02
15.12
136.88
10.04
10.06
5.06
96.74
5.06
20.02
10.1
5.08
5.0
5.04
5.08
5.06
5.02
10.06
5.0
10.06
10.02
10.02
15.12
5.0
5.04
5.06
43.94
5.04
5.08
10.06
10.1
5.06
5.06
5.04
15.06
15.08
10.04
20.06
5.04
25.12
5.02
20.08
5.0
20.12
20.08
5.06
5.14
5.1
15.06
5.02
60.26
10.04
10.04
20.1
10.04
10.04
548.06
20.1
10.36
10.1
5.1
5.04
5.02
25.06
20.08
20.08
10.08
16.08
15.06
5.04
30.12
5.04
5.06
20.1
10.08
10.04
10.1
558.14
157.04
10.1
10.04
15.1
5.06
20.08
5.02
20.12
15.12
10.06
21.9
5.06
25.94
20.12
141.76
10.1
5.04
10.04
5.04
5.06
10.08
5.04
32.64
20.08
15.06
113.86
20.08
142.06
10.06
15.12
10.1
228.08
5.08
5.04
30.08
20.06
125.54
5.02
5.08
10.04
244.98
10.06
248.94
157.14
5.08
152.1
5.06
15.0
147.0
5.06
20.08
5.12
10.08
144.52
5.04
10.0
10.1
20.04
137.0
5.04
5.02
5.04
5.04
20.08
10.1
10.02
15.08
152.0
10.08
5.02
20.12
5.02
259.24
127.12
40.54
116.94
5.06
5.04
5.04
142.0
10.04
5.08
5.04
5.1
21.64
167.38
15.08
5.04
5.04
552.82
5.02
5.12
5.04
5.04
17.6
236.94
134.18
15.06
273.9
64.0
20.04
20.08
10.08
5.0
30.1
5.04
15.1
46.58
5.08
20.1
5.06
5.04
20.04
15.1
5.08
81.1
20.08
15.12
10.06
15.08
5.06
20.06
115.94
15.14
115.8
13.14
20.12
5.06
15.04
20.1
10.06
20.1
20.1
5.02
5.12
33.16
20.06
10.02
10.06
137.04
15.08
20.08
15.1
147.02
10.04
20.08
10.06
10.06
10.0
5.0
15.02
15.08
10.08
152.14
5.04
15.06
5.04
151.98
10.04
15.08
20.1
20.06
5.04
20.1
25.08
10.08
10.02
20.08
5.1
15.08
15.1
157.06
25.04
15.08
20.28
15.1
10.04
5.04
5.1
10.02
5.02
20.1
20.04
10.06
20.06
10.02
5.04
15.08
10.04
10.08
548.2
5.06
15.08
20.12
47.12
71.82
15.08
5.04
20.02
5.06
5.12
10.0
5.06
5.04
20.1
46.3
5.08
137.1
252.54
20.08
162.14
10.08
10.1
137.1
558.14
5.04
15.12
5.02
20.08
530.54
5.1
5.06
5.02
5.02
20.08
20.06
5.04
5.1
410.64
15.08
5.12
25.08
137.12
5.06
10.02
5.02
10.04
137.0
10.02
20.08
5.02
5.12
60.86
20.12
5.06
5.06
5.04
37.36
15.1
5.04
5.06
20.06
5.08
20.06
15.06
15.06
10.1
15.02
20.08
5.04
5.08
10.06
5.06
5.02
20.06
20.06
20.06
20.1
282.62
5.0
136.9
15.08
20.02
5.08
35.08
20.06
6.9
5.04
25.08
5.04
20.12
15.1
10.04
20.1
30.1
142.04
5.0
5.04
137.02
10.06
146.84
69.14
25.08
10.0
177.86
20.08
15.06
10.06
15.04
10.04
10.06
5.08
13.2
5.04
20.1
15.02
5.06
15.1
129.6
10.04
20.08
152.06
15.06
5.04
5.04
50.02
5.04
5.04
20.06
20.1
5.06
10.12
35.1
11.7
5.04
39.26
15.08
5.04
15.06
15.08
5.02
10.04
5.06
15.1
25.08
5.02
568.2
15.12
15.1
20.12
20.1
25.04
548.26
136.94
20.1
20.04
15.04
141.96
137.08
5.06
10.04
20.06
5.06
25.1
5.06
5.08
20.04
25.08
142.06
10.02
15.04
5.04
15.1
10.06
142.02
15.06
5.02
142.02
5.02
5.02
5.04
5.14
20.12
15.02
20.1
5.06
5.08
20.06
15.08
5.04
5.0
5.04
15.12
10.08
20.08
20.06
5.04
5.04
10.04
10.08
15.04
5.04
5.04
5.0
20.08
26.96
5.06
15.12
5.06
10.02
25.08
5.06
5.08
5.06
20.06
15.04
72.98
136.76
15.04
192.8
20.1
15.12
10.08
16.08
111.48
20.08
20.14
10.12
20.08
5.06
5.1
10.06
10.06
5.08
15.14
20.08
20.08
5.08
20.08
5.08
15.06
8.52
20.1
5.06
5.1
5.06
5.02
15.12
10.06
5.1
20.12
5.04
5.02
25.02
25.1
5.04
31.74
15.04
10.06
10.02
5.04
30.1
15.02
5.04
20.1
10.08
5.0
10.04
58.72
60.74
5.1
15.1
5.06
10.08
5.04
20.06
5.08
20.08
137.06
20.04
5.04
30.08
685.24
152.02
15.06
10.08
10.1
5.06
25.08
15.1
548.32
25.06
20.1
5.02
15.06
5.02
20.1
97.54
5.04
5.08
20.08
15.1
24.78
5.0
5.06
10.1
20.08
5.02
147.08
224.1
142.14
130.08
5.06
281.96
20.08
10.06
10.04
5.0
5.04
25.06
20.1
10.02
141.98
141.96
132.72
5.08
33.14
5.08
151.98
273.94
10.08
141.96
15.14
10.06
15.12
5.04
147.08
136.9
20.06
136.98
5.04
10.04
25.08
39.6
15.1
25.08
20.12
20.1
15.06
20.04
10.14
10.1
20.06
116.82
15.1
10.08
20.08
5.0
146.98
10.06
141.82
5.04
16.64
10.08
20.1
17.6
136.94
5.1
15.08
10.04
20.12
10.02
36.2
25.08
5.08
108.76
10.08
15.08
5.02
20.02
10.02
10.24
15.1
5.06
10.02
10.1
10.04
10.0
25.04
15.06
558.22
15.06
5.0
5.04
10.1
59.22
25.1
15.06
5.04
20.08
5.04
5.12
20.08
15.04
119.94
10.08
39.14
136.96
25.06
68.78
20.34
5.04
5.04
5.08
15.14
25.08
88.34
10.06
5.1
5.02
20.08
15.08
37.14
77.0
5.06
20.08
10.06
10.08
15.06
5.02
25.26
10.04
5.06
10.1
15.02
152.14
137.0
20.1
273.94
30.1
5.02
553.32
5.08
15.04
5.02
233.52
152.04
10.02
92.8
5.04
5.04
142.02
15.06
15.06
5.04
5.02
25.06
5.1
55.8
25.1
10.04
10.0
20.12
5.06
5.04
20.08
20.1
5.06
89.54
78.46
15.1
262.14
548.22
5.04
5.02
10.06
15.04
20.14
5.04
20.08
5.04
5.04
15.04
155.66
172.08
259.86
15.08
10.04
15.06
10.04
162.18
5.02
5.06
109.64
20.04
5.04
15.08
15.08
5.04
6.78
15.06
5.04
15.08
142.12
15.04
20.1
20.1
10.06
15.06
10.06
5.02
426.5
18.2
10.1
5.1
43.34
5.08
15.08
5.06
32.5
20.08
10.0
147.04
5.04
5.02
15.1
15.08
20.08
20.12
537.74
20.06
10.04
10.28
10.08
10.06
15.06
142.02
10.04
15.06
5.04
141.0
24.76
157.1
20.1
15.12
666.68
25.14
10.06
15.08
5.04
558.24
10.06
284.06
72.84
93.78
162.06
142.04
111.98
15.08
149.72
5.06
15.06
10.06
15.08
5.04
5.06
5.02
5.06
20.04
10.04
19.56
5.0
20.08
20.1
15.02
5.0
5.08
25.08
136.98
20.1
147.14
10.06
21.72
5.06
5.02
15.1
57.1
10.04
10.06
28.82
15.14
112.14
20.06
10.06
20.1
25.12
5.0
10.12
15.12
25.1
15.02
5.02
10.1
5.02
5.06
25.1
15.08
5.02
10.02
147.06
5.02
5.06
5.08
10.08
15.1
20.08
10.08
15.06
20.04
5.1
15.0
5.02
20.08
5.06
5.04
15.1
15.06
15.06
152.0
5.06
10.08
5.04
15.04
15.1
56.22
5.06
105.66
20.06
160.36
5.06
5.04
553.5
15.06
15.08
5.08
23.94
5.04
20.08
44.4
5.06
20.08
5.04
141.9
15.08
5.06
274.04
15.02
152.08
162.02
10.08
5.02
20.08
10.04
25.04
5.06
5.02
5.0
30.12
162.08
20.06
152.04
5.06
15.02
20.08
10.04
30.1
11.58
5.04
10.1
10.06
131.3
20.08
10.08
20.06
15.08
5.04
15.06
21.6
44.46
10.08
5.04
219.64
235.36
167.08
197.72
5.06
5.02
5.16
5.02
10.08
20.06
5.04
5.06
20.1
96.22
5.08
10.1
20.08
5.06
5.0
10.1
25.1
142.02
146.92
121.02
558.3
15.06
558.18
10.04
28.76
141.96
5.08
30.08
15.1
15.06
5.04
5.06
558.2
10.08
10.02
5.04
35.1
15.12
5.0
15.06
5.0
5.04
5.0
10.04
10.06
15.1
32.26
104.32
15.02
553.3
20.1
5.08
10.12
20.12
142.04
5.1
77.54
15.1
152.04
5.0
5.04
15.08
5.02
5.06
30.8
20.12
20.08
10.06
20.04
15.06
35.08
5.06
25.14
5.08
142.04
20.08
10.14
5.04
15.06
5.04
5.08
20.04
20.06
15.08
100.64
136.94
5.04
5.06
15.04
15.04
5.04
20.1
15.08
20.08
15.06
289.04
5.08
20.1
10.06
5.06
5.02
5.04
20.1
5.04
10.06
15.08
20.04
5.04
5.06
519.76
15.08
5.1
5.06
5.02
5.08
15.06
5.06
15.1
278.94
15.06
5.0
10.08
15.1
10.06
10.04
30.08
156.24
5.04
5.08
10.04
5.02
95.08
10.04
25.44
5.02
10.08
20.08
5.06
5.04
5.08
10.04
142.02
15.12
15.04
10.04
5.08
5.1
111.82
65.44
32.62
5.06
10.06
5.08
5.02
147.0
5.02
15.12
20.12
5.1
15.1
152.1
15.06
5.02
10.04
49.74
283.86
15.1
137.08
18.94
5.02
20.04
15.1
5.04
136.92
119.28
5.08
548.44
137.06
15.06
5.04
15.06
10.06
157.06
5.06
141.98
152.04
5.04
5.08
20.12
91.42
10.06
10.06
20.06
142.08
146.72
10.1
15.06
15.1
17.62
20.1
15.06
142.04
137.02
5.06
20.1
20.06
10.04
409.78
20.08
5.1
76.34
152.04
5.08
152.04
20.06
5.06
5.02
5.06
5.02
10.08
20.06
5.06
20.1
5.06
15.1
15.08
553.32
5.06
5.02
10.08
10.02
10.1
5.02
5.04
5.04
15.04
20.06
10.08
25.06
10.08
10.12
10.2
15.08
5.04
5.06
114.24
20.12
5.02
5.02
10.1
5.02
171.52
10.04
15.08
15.04
15.08
20.06
10.06
10.08
15.08
25.14
5.04
15.04
5.1
10.12
136.9
10.08
20.04
5.06
20.08
5.04
25.06
20.02
94.38
20.08
5.04
15.04
15.08
5.02
20.08
10.04
10.08
15.08
10.0
15.04
15.04
5.1
5.04
15.06
5.02
25.12
20.08
20.1
25.08
5.04
28.98
25.12
34.88
128.74
115.34
5.0
20.06
10.06
20.12
15.02
5.06
5.06
5.04
5.04
15.06
10.1
20.0
5.06
15.08
15.12
20.06
5.06
5.04
15.08
5.06
10.12
5.0
136.96
10.04
10.0
20.08
5.02
15.06
15.08
5.0
15.08
136.98
10.04
5.08
61.04
5.06
20.1
20.06
15.1
20.06
5.08
20.04
20.1
5.08
20.12
20.12
5.02
5.06
20.06
5.02
15.06
10.04
5.1
20.04
5.08
5.04
5.02
15.02
15.08
15.1
10.02
25.08
10.06
20.06
5.02
5.06
5.06
5.02
20.1
20.06
25.06
5.06
136.94
20.1
5.06
147.02
20.08
11.82
10.0
10.06
5.02
20.04
20.12
10.06
20.08
10.0
5.02
10.04
20.08
56.2
5.06
35.14
15.04
20.06
10.06
10.1
15.08
113.74
154.42
171.88
141.92
15.06
5.02
151.92
10.08
73.46
50.86
347.7
15.12
28.08
5.04
137.1
10.1
10.14
15.1
5.04
10.1
10.08
5.04
10.08
10.12
5.04
10.08
5.06
136.98
15.04
15.08
5.02
5.02
10.06
5.04
5.06
5.1
5.08
5.04
51.74
5.1
10.08
20.14
25.1
5.0
5.08
20.1
10.06
20.04
20.06
15.08
15.1
25.08
5.04
10.04
5.06
20.08
5.08
5.04
10.02
15.04
10.08
5.08
5.02
20.04
5.06
25.1
136.98
10.08
45.78
51.54
5.06
5.04
10.04
20.12
10.08
20.1
5.04
20.02
20.08
36.5
20.06
5.02
20.1
15.08
5.04
15.1
15.04
5.1
10.04
15.06
15.08
15.02
144.82
63.34
5.02
5.04
57.2
15.06
10.04
5.06
284.12
15.1
5.1
92.2
690.02
137.08
15.08
10.04
152.04
5.02
111.96
10.06
10.06
553.06
5.02
20.12
553.28
20.08
5.06
5.06
20.02
25.12
5.08
10.06
136.88
141.88
5.02
5.04
5.04
5.02
20.08
5.02
10.06
20.1
15.08
15.02
10.06
111.78
10.02
5.06
10.04
20.08
10.04
15.08
20.1
5.04
16.88
10.06
51.36
10.06
5.08
20.12
137.0
15.1
25.12
129.1
5.04
17.84
5.0
10.06
10.02
15.04
5.08
5.06
10.04
152.12
5.02
15.08
5.02
15.04
5.04
10.04
10.08
5.08
15.12
5.04
20.12
15.1
30.12
20.08
20.08
42.06
10.1
5.08
5.14
10.08
20.06
15.1
151.88
43.86
10.08
15.02
32.4
5.02
20.08
20.12
5.1
20.08
15.08
5.1
5.02
5.0
5.04
10.08
5.06
25.68
5.02
147.06
5.04
15.08
147.08
15.06
10.06
553.16
30.1
5.06
5.08
15.06
30.08
10.1
62.44
5.0
700.26
20.08
10.02
10.08
5.08
10.04
15.04
5.04
152.06
5.02
15.1
5.04
5.04
15.06
136.86
186.82
152.1
152.0
5.04
10.06
5.04
5.06
273.98
79.1
10.06
11.3
15.08
5.08
20.04
10.0
5.04
5.0
5.06
10.02
5.0
10.04
5.06
5.06
5.08
20.1
147.08
279.04
5.04
10.06
25.98
55.08
25.1
20.1
20.12
10.08
548.08
5.06
5.06
5.04
5.1
5.0
15.04
10.06
20.08
20.06
5.04
152.0
142.08
152.08
142.06
10.12
28.8
700.26
15.1
25.1
15.08
20.1
10.04
5.0
15.04
5.08
5.02
5.04
20.06
5.02
15.04
15.1
137.08
5.06
10.1
10.08
10.06
5.06
20.04
10.12
5.08
15.1
15.06
20.12
25.1
137.04
15.04
5.0
5.04
20.06
10.04
10.06
15.02
5.06
10.04
548.14
15.22
10.04
5.06
5.08
25.06
5.04
10.06
5.06
5.12
102.14
5.02
126.64
20.08
5.02
5.06
15.06
398.4
5.02
15.08
20.1
31.18
5.02
5.08
10.08
5.06
36.1
285.08
71.18
5.06
20.1
136.92
10.14
10.04
20.06
5.02
5.0
5.0
25.12
10.08
136.92
10.08
25.1
5.06
558.18
5.04
20.08
20.1
5.06
5.08
5.02
653.14
5.06
553.12
10.12
10.06
156.98
5.02
5.02
15.06
5.08
20.08
152.12
157.0
5.06
10.1
5.06
5.0
5.04
15.1
20.04
79.02
32.34
5.06
30.1
558.12
15.06
5.02
10.06
10.1
15.12
10.06
20.12
5.02
5.08
10.08
151.96
5.06
5.04
50.68
5.06
15.04
5.02
5.06
42.04
65.26
15.06
5.02
20.06
5.02
10.02
15.04
35.12
185.74
15.04
5.04
10.12
20.14
20.1
5.08
36.88
10.08
30.06
10.08
10.04
15.1
15.08
15.04
5.04
5.02
5.06
15.04
20.08
152.08
35.14
5.06
136.88
5.04
10.06
5.06
5.08
5.04
10.08
15.08
20.1
25.12
5.06
15.1
25.1
10.04
146.98
5.08
5.06
5.02
142.02
5.04
5.0
5.04
15.1
20.12
5.06
10.06
10.02
5.08
5.04
86.8
17.18
5.12
5.06
20.06
5.1
147.0
25.06
167.04
144.6
10.06
5.04
20.06
15.08
15.08
10.08
5.06
5.08
20.12
146.98
5.0
5.08
15.08
5.02
5.06
5.02
15.06
149.6
20.12
10.08
137.02
152.14
10.08
10.12
55.14
283.94
5.02
5.08
5.02
558.34
25.1
10.08
20.06
5.02
10.06
5.08
10.32
5.04
10.08
15.1
5.02
10.02
10.06
5.1
20.1
5.08
15.1
22.82
66.72
5.04
5.06
5.12
137.02
136.98
5.04
89.28
20.06
5.04
25.04
15.12
15.08
41.22
5.0
10.02
5.06
30.1
15.06
5.04
15.04
20.06
247.94
25.14
5.06
20.12
5.02
142.02
284.04
5.06
274.0
553.1
10.12
695.12
116.42
142.06
10.04
157.1
279.0
10.06
274.06
5.04
695.1
237.54
5.04
136.94
133.98
167.12
142.1
20.1
5.04
10.08
5.08
5.04
5.02
10.14
5.06
10.04
152.0
10.08
20.1
10.04
5.04
15.04
5.02
10.12
5.04
5.04
5.0
147.02
5.04
10.08
155.58
140.9
300.86
193.24
15.1
593.12
161.98
24.9
5.02
141.96
140.58
51.64
10.08
5.06
20.1
25.26
10.06
5.04
20.08
151.96
5.0
20.08
15.1
5.04
5.06
15.04
146.98
5.1
10.06
15.1
10.06
10.08
5.06
20.1
147.06
5.02
20.06
20.0
15.06
25.14
5.04
20.08
5.06
15.04
30.12
5.0
35.08
15.02
10.1
10.1
15.02
20.08
20.06
20.08
20.06
54.3
147.06
20.1
11.66
10.06
20.06
5.08
5.06
5.04
10.04
152.02
5.06
34.48
15.08
15.06
15.1
20.06
30.08
10.04
20.12
5.04
5.08
10.06
15.08
10.02
142.14
274.04
20.1
5.04
15.08
20.06
141.92
20.04
20.04
34.0
20.1
151.98
16.72
86.88
15.08
20.04
25.12
10.1
5.1
10.08
5.1
5.04
563.22
20.02
5.02
5.04
25.1
15.12
15.06
5.04
137.02
137.02
5.06
5.02
10.08
5.02
15.06
5.08
10.02
15.04
20.12
5.04
20.08
15.1
20.04
5.02
10.04
15.06
274.0
28.78
5.04
152.0
5.04
5.04
120.94
20.08
15.1
5.02
10.06
20.12
5.04
20.1
5.04
142.02
137.06
137.1
143.06
5.04
15.08
20.08
136.98
5.06
5.08
15.08
147.08
25.1
15.1
10.06
10.06
5.06
20.08
20.04
5.0
15.1
5.04
5.08
5.04
5.08
5.14
5.06
5.08
20.08
5.1
5.06
20.08
10.06
137.08
142.04
5.02
150.46
5.04
10.04
15.06
20.04
21.8
20.06
86.96
10.06
10.04
5.06
35.1
20.12
5.02
10.08
152.0
10.08
15.08
15.08
5.06
5.02
20.08
106.18
5.02
15.02
20.08
5.08
10.06
20.06
5.06
25.1
5.06
20.1
5.08
5.08
5.08
5.08
15.12
20.08
127.06
142.06
30.12
10.02
5.04
10.02
5.0
15.02
10.1
548.2
10.02
5.08
10.02
20.1
15.08
5.02
5.02
5.08
10.04
10.08
15.14
10.1
20.04
10.1
10.04
5.06
5.06
5.02
20.12
5.06
152.0
20.1
15.06
5.02
5.06
5.1
20.04
5.06
15.08
15.08
5.06
15.08
10.06
15.08
5.04
152.0
5.02
160.92
5.08
46.72
15.02
5.06
15.02
5.02
152.08
5.04
10.04
5.08
5.1
20.08
31.1
15.06
5.08
10.02
35.1
5.04
15.08
20.08
15.08
129.82
5.04
20.1
20.14
5.04
20.12
15.08
20.12
563.14
5.1
162.06
15.06
5.06
25.1
5.06
11.84
5.06
17.74
20.1
5.1
5.04
556.58
284.16
5.06
15.06
136.92
137.08
20.08
256.78
79.32
80.08
10.04
10.08
15.08
10.1
5.06
5.02
15.06
5.1
15.06
15.06
15.1
10.06
20.06
5.1
15.12
15.08
20.12
20.06
20.02
17.1
10.02
15.06
10.1
33.72
5.04
15.08
10.04
5.08
136.96
5.04
5.06
5.04
10.02
5.06
147.42
5.02
10.06
10.04
239.22
15.1
15.06
20.08
10.08
20.04
5.02
20.04
563.22
15.04
25.06
135.12
16.42
151.94
5.06
78.08
20.1
15.04
10.02
10.02
5.04
20.04
10.08
15.06
5.04
15.06
137.1
15.06
5.02
5.06
15.04
5.06
10.08
10.04
5.02
5.04
5.04
5.04
151.94
5.06
5.02
20.08
35.12
10.06
5.02
123.2
15.02
15.06
5.06
35.08
15.08
20.08
10.04
138.38
15.12
5.08
20.22
483.32
19.1
20.08
64.68
15.1
137.02
20.12
10.06
5.08
10.08
136.96
10.08
5.08
25.06
20.1
5.06
10.06
30.14
23.98
10.06
5.06
15.08
89.04
5.04
5.12
5.0
147.04
10.02
137.04
15.06
20.08
15.06
10.06
10.04
142.0
15.08
5.02
20.12
15.06
15.04
136.92
15.08
142.04
20.06
15.1
15.04
5.02
5.04
35.12
10.06
20.04
5.04
15.1
10.04
5.04
10.04
25.12
50.96
15.12
10.04
25.1
136.88
5.06
5.04
5.02
10.06
15.08
5.04
20.08
39.84
15.04
20.1
136.96
5.0
5.04
147.06
10.08
162.08
142.0
5.08
120.12
15.04
10.08
5.0
80.02
30.1
5.04
5.02
10.04
10.06
20.08
136.94
5.1
10.1
15.02
10.08
21.26
10.08
10.04
5.12
548.28
20.06
25.12
18.18
10.04
5.06
20.12
152.04
15.04
10.14
15.1
10.08
10.1
10.1
5.06
20.1
20.08
5.04
10.06
10.08
5.06
5.02
5.08
548.08
5.02
20.04
20.08
5.04
5.02
20.08
5.02
15.04
5.04
15.06
521.2
10.06
10.04
5.04
25.1
20.06
152.0
91.56
5.06
274.06
5.02
20.1
147.04
5.06
52.3
40.54
20.08
10.04
5.04
5.06
10.08
20.12
20.1
5.0
15.02
15.08
5.02
5.02
5.04
5.06
5.1
82.36
10.02
5.06
73.06
10.06
15.14
15.04
15.08
20.1
15.04
5.08
62.74
15.04
5.08
5.02
10.08
15.08
5.04
25.12
20.1
5.0
15.12
147.06
147.14
141.96
48.58
5.02
20.28
5.04
5.06
20.14
15.02
20.06
15.08
10.04
142.06
30.82
90.88
136.98
10.04
10.06
5.06
15.06
10.06
5.04
20.06
50.6
61.62
5.04
15.08
64.42
15.12
10.04
20.1
10.04
5.06
5.02
142.86
66.24
5.04
20.06
15.06
15.08
5.1
5.08
5.06
334.92
147.0
10.1
10.06
127.68
10.08
20.1
15.12
5.06
10.02
30.12
10.04
147.06
15.02
20.1
5.02
10.06
5.06
15.08
5.06
36.2
5.02
152.04
5.04
5.06
5.02
20.08
35.12
15.1
5.08
20.04
5.08
5.08
157.08
10.06
5.04
20.08
5.06
10.02
5.04
5.06
151.98
689.98
141.98
5.04
227.04
135.46
143.68
5.04
5.04
5.1
110.56
66.12
5.06
5.0
5.06
5.04
20.0
5.0
5.0
5.06
10.02
147.08
5.06
5.04
10.04
5.08
15.08
25.04
5.06
10.12
5.06
5.06
283.94
5.04
15.1
5.08
10.06
5.06
5.02
5.02
5.04
20.14
20.08
82.98
20.1
5.06
137.08
30.12
20.08
147.1
10.04
5.0
10.08
20.1
44.68
586.46
160.04
115.58
152.1
30.1
10.04
15.1
146.88
20.12
115.9
20.08
5.04
5.04
20.14
20.08
5.04
10.02
10.08
20.06
10.08
5.1
30.1
5.02
5.02
20.06
25.06
20.08
136.88
142.02
122.38
15.1
5.08
141.98
10.02
5.06
31.36
5.04
5.04
5.1
5.02
5.12
151.96
20.06
5.04
15.06
10.02
5.08
10.04
20.12
10.08
5.04
5.04
157.04
5.02
10.1
40.06
20.08
5.04
5.02
172.84
55.72
10.04
21.14
180.7
33.9
6.58
10.08
136.98
5.0
20.08
215.02
22.26
5.04
5.02
15.02
15.06
15.08
15.04
5.08
5.02
553.36
5.04
137.02
15.06
36.1
10.04
16.38
5.04
152.06
15.1
141.98
141.96
117.66
44.72
5.02
5.08
5.04
10.06
20.12
5.06
5.12
5.02
10.04
5.06
10.04
5.04
5.04
20.08
10.06
15.08
5.06
25.1
15.02
152.16
142.02
10.04
15.08
283.94
147.1
5.0
5.04
15.08
10.04
5.06
5.04
5.06
5.08
5.04
20.08
5.12
141.94
10.06
15.08
15.08
15.08
180.78
10.1
5.06
77.9
10.06
52.18
25.08
10.04
5.0
10.1
16.76
5.08
10.02
15.08
5.1
42.62
15.08
5.06
10.02
15.1
41.02
10.08
5.02
10.06
20.08
10.06
137.16
283.94
15.1
5.04
10.58
5.02
148.9
365.44
20.08
20.08
148.04
545.74
5.0
563.24
20.1
5.0
5.02
30.08
169.32
10.06
5.04
147.02
15.06
10.04
10.04
15.08
20.08
580.64
39.06
25.1
25.12
5.04
10.06
15.0
20.14
20.04
20.08
10.06
5.08
18.0
5.04
25.1
20.06
25.04
15.1
10.04
5.02
10.12
5.04
5.08
20.1
152.02
146.94
35.14
5.06
15.02
5.06
5.06
5.08
5.04
5.04
553.22
57.52
548.04
10.02
10.04
5.06
30.1
152.0
10.12
10.08
5.08
5.04
563.24
573.36
5.02
558.16
563.34
20.1
30.1
5.06
142.1
5.06
152.06
15.08
15.08
20.1
5.08
571.62
460.86
141.98
50.84
25.1
5.04
20.1
5.04
20.04
10.1
5.02
244.14
5.0
178.26
10.06
5.04
15.08
15.06
5.04
137.0
5.08
10.06
5.1
10.1
100.2
5.04
20.1
15.1
5.06
5.08
5.04
5.04
25.12
5.04
15.06
157.08
15.08
152.02
15.78
152.12
5.04
15.02
5.08
5.02
20.06
15.06
5.06
10.04
5.04
20.06
15.04
5.08
15.1
5.02
5.06
20.06
20.1
102.62
15.04
278.92
137.04
31.08
10.1
186.64
10.04
167.08
10.1
60.78
5.04
20.08
20.1
60.54
174.4
5.1
10.02
5.06
5.12
20.06
5.04
10.08
15.1
5.04
5.06
10.08
20.12
10.08
5.04
5.04
5.04
15.04
5.1
5.08
137.02
15.08
20.02
42.8
10.1
20.04
20.08
5.04
10.06
5.2
5.02
15.06
20.06
548.16
20.08
15.08
20.06
15.08
30.08
5.02
10.04
234.28
5.04
5.02
137.0
15.1
15.06
20.06
15.06
142.04
137.06
5.04
20.02
152.04
147.02
76.92
15.06
20.06
20.14
5.0
10.06
15.1
147.14
5.06
5.0
10.06
15.04
20.04
5.06
10.06
20.12
26.06
5.1
157.02
152.1
5.02
15.04
5.02
25.04
5.04
10.12
15.06
51.32
10.12
20.08
20.12
5.04
58.18
15.12
129.06
43.2
151.96
10.0
5.08
156.96
16.94
10.02
10.02
15.06
5.04
20.06
5.02
10.04
10.02
5.04
10.1
20.1
15.06
548.08
5.06
20.08
10.1
5.06
18.74
25.1
20.06
24.24
5.06
5.04
568.16
20.06
30.12
15.06
20.08
20.06
97.5
5.06
50.0
25.1
20.08
25.06
15.08
198.5
25.1
5.08
256.96
5.08
5.08
20.08
20.12
152.06
157.1
5.04
142.06
5.06
20.1
10.06
15.12
53.08
284.04
69.56
15.04
137.08
152.02
558.16
284.04
123.1
137.02
24.36
557.98
5.04
20.12
20.06
15.06
137.04
10.04
142.08
5.02
142.06
10.02
80.58
5.06
5.06
10.06
15.04
5.06
5.04
5.1
5.06
5.1
15.02
20.04
10.08
10.08
5.02
21.08
21.44
5.08
10.1
20.12
5.04
5.0
15.06
40.06
20.08
15.04
126.54
10.02
8.64
5.04
15.08
59.22
10.02
15.08
20.12
25.1
10.12
5.06
20.08
5.06
105.32
15.1
5.06
5.06
5.1
20.1
5.02
142.0
5.04
5.02
147.06
15.06
32.08
10.04
10.04
10.04
20.08
20.1
20.08
5.06
5.0
5.1
15.08
124.18
10.06
136.94
241.32
120.44
71.62
25.08
137.02
20.12
5.06
15.06
10.08
20.04
274.94
25.04
10.12
10.08
215.22
5.06
20.12
5.06
5.12
10.0
5.06
15.1
15.06
15.02
548.18
5.04
142.08
10.06
20.06
15.1
5.04
15.06
5.02
558.06
10.02
20.08
5.06
20.08
16.74
5.0
5.06
147.02
5.1
20.06
15.04
10.0
5.0
10.06
10.02
10.04
20.02
5.08
5.04
10.02
21.68
5.02
5.02
5.04
10.06
5.08
10.06
30.08
15.06
20.12
20.1
10.06
20.1
5.06
25.06
5.0
5.04
10.02
15.06
15.08
5.04
5.04
5.02
5.0
548.34
147.02
10.08
15.04
152.1
141.98
96.24
15.1
20.12
15.02
5.02
421.84
5.02
10.08
5.06
65.14
5.06
136.94
23.36
146.98
20.1
20.06
10.04
5.06
5.04
5.04
21.0
20.06
15.08
5.02
101.96
5.06
5.08
20.1
10.06
15.06
5.04
15.06
10.08
20.08
15.06
5.06
5.04
20.1
10.08
5.0
10.06
20.08
5.06
393.86
136.98
5.02
20.08
10.08
5.02
20.06
5.02
5.0
20.06
147.02
5.06
10.06
20.08
5.1
141.96
5.04
10.06
20.14
20.1
10.08
5.06
5.04
152.02
5.1
15.08
10.1
5.04
88.88
5.02
15.1
5.02
25.08
10.1
20.06
111.76
40.82
15.04
20.08
5.04
5.08
15.08
20.04
146.94
5.08
5.04
20.12
10.04
20.06
77.5
20.1
5.06
15.1
10.06
10.04
5.08
25.06
10.1
141.86
20.12
20.08
5.08
15.08
5.04
10.02
5.06
5.06
20.06
20.08
553.32
15.04
15.02
15.06
5.04
20.06
15.04
25.98
20.12
5.02
15.12
5.06
5.08
147.04
5.04
15.08
88.6
20.06
20.06
10.18
10.04
20.02
20.26
10.1
20.04
10.1
15.08
10.06
25.06
5.04
30.12
15.08
573.28
5.04
5.04
10.04
25.08
157.04
5.06
15.1
20.06
20.12
5.04
10.0
5.06
10.08
10.06
25.12
15.1
5.04
10.02
25.1
5.06
30.08
10.08
548.18
548.2
10.06
5.02
152.04
10.06
32.72
10.08
20.06
15.06
20.12
20.08
20.08
20.08
5.06
20.12
25.1
15.12
10.04
20.06
20.08
20.08
20.22
5.08
5.08
548.3
15.08
20.08
10.04
5.06
5.04
10.08
147.14
563.24
20.06
25.08
5.08
5.1
20.08
30.08
5.06
15.06
5.04
5.06
15.06
5.02
20.12
10.06
15.04
10.04
20.08
5.04
5.04
5.06
15.04
15.04
25.1
10.1
10.06
5.04
20.08
10.06
10.1
20.02
5.04
10.04
20.08
10.06
5.04
5.1
5.04
5.06
20.12
5.06
10.08
5.04
115.52
5.06
20.1
10.16
15.06
15.02
15.06
209.66
15.04
5.04
5.04
5.08
10.1
10.04
15.12
15.08
20.1
5.02
30.1
20.06
25.1
15.06
30.06
269.22
5.04
133.64
142.02
20.1
5.02
20.08
5.02
55.98
15.1
10.04
583.18
10.1
10.06
10.04
41.02
142.0
138.36
20.06
90.98
10.04
10.06
15.06
20.1
5.04
25.04
20.08
10.02
25.08
5.08
5.04
5.08
5.04
553.2
147.08
5.04
5.04
5.06
5.06
17.8
5.08
10.04
20.08
5.02
548.16
15.06
5.02
10.1
5.06
10.1
10.06
5.04
10.08
20.08
10.04
10.02
5.02
112.4
15.08
5.04
5.06
5.02
5.02
5.08
201.72
288.4
15.02
139.9
5.08
25.1
5.06
5.02
5.94
30.12
5.02
5.08
54.56
5.04
387.02
5.04
136.96
147.06
5.0
5.06
5.0
142.02
20.06
35.14
25.02
20.04
5.04
10.08
5.08
5.02
10.04
15.1
20.1
5.04
15.08
20.12
10.06
10.06
20.06
15.12
15.02
5.12
15.1
5.04
5.02
5.02
15.08
15.12
5.0
15.06
20.1
25.12
20.1
15.1
15.08
5.08
15.06
25.08
5.06
20.06
5.02
10.06
10.06
20.08
5.04
5.02
20.08
20.06
5.06
685.24
15.1
20.1
15.1
20.08
5.0
10.1
15.08
5.06
5.12
5.1
108.44
5.08
137.04
10.04
10.08
15.08
10.06
5.02
208.76
20.1
5.08
20.1
20.1
20.04
5.04
123.7
20.08
273.9
5.02
5.0
268.12
5.1
151.96
214.78
5.04
64.58
37.16
321.12
5.06
25.06
5.04
20.08
35.12
10.1
20.1
15.06
15.1
20.1
15.12
5.04
15.08
20.04
20.04
5.06
5.08
20.12
15.06
15.06
15.12
25.1
20.1
5.04
142.06
15.06
5.02
5.06
5.08
5.1
5.06
15.06
10.08
15.04
20.06
15.08
15.06
10.02
10.04
136.82
10.06
5.08
5.04
10.06
29.52
272.84
5.02
211.4
136.86
5.02
10.04
20.06
26.68
5.0
5.06
5.08
43.12
5.08
25.1
15.1
5.06
20.1
15.08
20.06
5.04
5.02
70.22
5.08
20.08
15.06
5.1
5.0
20.06
137.04
10.06
147.04
20.12
10.04
10.06
137.0
142.04
126.56
5.04
147.02
20.08
70.22
20.08
15.12
10.04
15.04
25.12
20.08
114.08
20.08
5.08
15.08
137.02
15.06
20.1
40.6
10.08
10.02
5.04
10.04
20.08
5.02
35.08
5.06
98.86
5.04
5.06
20.06
5.04
147.12
5.02
5.06
25.1
5.06
5.04
10.04
5.1
10.04
20.08
5.04
5.02
10.04
15.06
5.08
5.04
25.08
5.14
15.08
15.02
25.08
15.06
5.02
10.04
5.04
10.04
10.04
20.08
5.04
15.06
10.0
5.08
20.8
20.08
15.06
15.08
10.04
10.04
5.04
10.0
15.1
10.06
152.06
15.02
5.04
15.08
10.04
141.86
558.36
20.3
5.1
5.08
5.04
15.04
136.96
20.08
5.04
5.02
152.04
117.2
20.1
5.04
15.08
10.12
5.06
5.06
20.08
284.02
107.18
146.96
5.06
10.08
15.06
15.08
5.08
5.04
10.08
10.08
273.96
10.02
5.04
10.02
137.02
20.06
15.04
5.1
5.08
144.74
5.04
20.1
5.04
15.1
10.06
15.06
15.02
15.1
10.06
20.1
20.08
10.06
15.1
10.06
5.02
20.1
20.06
5.06
5.08
5.02
15.1
20.1
141.88
5.08
20.06
99.98
10.04
563.16
20.06
10.04
242.58
142.08
278.96
147.12
147.04
10.12
239.04
15.06
5.08
5.14
5.04
5.06
20.06
15.02
10.04
15.06
15.04
152.06
10.02
10.04
5.04
225.96
10.08
15.14
136.98
20.06
152.0
5.04
5.1
5.04
35.08
5.1
32.0
46.16
20.06
279.04
20.08
5.06
152.04
15.12
5.06
5.04
10.04
5.02
25.1
5.04
147.1
5.06
15.1
15.06
147.12
15.1
5.08
5.06
137.02
25.08
25.04
10.08
142.04
152.1
15.06
20.12
20.12
5.04
10.12
10.04
20.12
32.62
15.12
58.72
278.9
5.04
5.04
20.08
152.0
5.04
5.02
5.02
10.06
15.06
10.1
20.1
39.52
126.9
15.1
10.02
15.1
25.1
15.06
137.16
5.08
20.08
563.22
5.04
5.02
5.1
5.08
10.06
5.08
10.1
5.04
10.06
57.5
5.0
20.04
5.0
5.02
58.22
5.06
56.44
5.02
146.8
137.08
5.06
10.08
5.04
5.0
20.12
15.04
20.1
15.12
5.0
15.12
142.08
25.08
142.02
20.08
15.1
20.08
5.08
73.04
15.1
5.04
5.06
5.04
15.08
5.04
5.0
25.08
10.1
5.08
147.06
142.1
15.06
10.02
152.04
10.04
5.04
15.1
10.04
5.06
25.12
5.1
20.08
15.1
5.04
5.08
5.12
25.06
20.06
15.06
10.14
10.04
5.02
10.06
152.1
152.06
5.06
116.58
5.06
15.06
580.94
10.02
20.08
5.06
15.06
20.0
25.1
25.04
10.06
5.1
20.04
20.06
5.06
20.06
5.08
25.14
20.06
5.12
15.08
15.04
15.08
30.06
15.08
573.3
15.06
20.08
15.04
88.16
10.06
5.0
5.04
5.08
20.12
5.02
10.04
10.04
5.06
20.1
5.08
5.04
20.08
25.04
20.1
10.06
15.1
10.1
10.12
10.04
5.12
5.08
20.92
5.04
10.0
10.06
25.12
15.08
20.1
25.1
51.32
120.8
146.92
25.1
20.06
20.12
5.0
5.02
15.08
10.08
5.04
42.82
5.04
20.1
142.08
15.08
151.92
142.02
136.94
20.1
20.06
142.06
20.1
20.06
5.06
20.08
10.06
5.06
5.04
10.06
25.12
25.14
15.08
25.08
10.06
5.0
10.02
108.02
15.1
5.06
15.04
10.06
5.04
5.08
15.1
15.08
67.94
56.02
152.04
10.06
137.08
20.1
5.06
20.1
10.08
5.0
10.08
20.12
15.08
20.04
15.04
5.04
10.08
10.08
15.1
10.04
10.1
5.06
5.02
35.1
10.06
5.06
5.04
10.06
5.04
137.04
10.06
15.06
5.04
20.06
15.04
20.04
142.04
137.0
15.08
20.1
10.08
15.12
5.1
5.0
10.08
10.04
5.02
10.06
5.02
20.12
10.06
5.0
5.02
20.08
5.06
20.04
20.08
5.08
10.06
5.06
35.1
30.1
5.04
80.92
151.98
137.84
15.08
20.06
20.04
15.1
5.08
15.04
5.12
5.04
25.1
15.08
5.04
5.08
5.04
20.1
20.06
5.02
5.06
5.06
20.1
26.86
10.04
5.0
5.02
124.66
15.1
20.04
10.02
5.06
20.1
5.1
20.06
17.02
5.04
5.0
5.02
10.06
137.04
10.04
5.06
5.02
20.1
10.06
5.02
5.1
20.1
25.1
15.02
20.1
10.06
134.36
5.14
152.16
147.12
5.02
10.06
5.0
20.1
10.06
20.08
95.44
10.08
5.06
5.06
21.66
15.1
15.04
5.04
10.1
5.0
20.08
25.08
15.08
5.02
5.04
10.04
109.14
70.28
15.1
5.04
20.1
5.04
5.12
15.08
15.1
10.06
15.06
39.66
15.02
363.04
5.08
5.06
198.66
20.08
5.06
141.96
5.0
57.9
20.08
5.04
15.04
20.08
5.02
152.02
5.12
5.04
5.06
10.06
5.04
10.48
5.06
5.06
15.06
5.0
141.98
15.08
15.08
15.08
10.08
5.04
25.1
5.08
5.06
5.06
15.12
5.02
66.0
5.04
20.06
20.12
5.04
5.06
10.02
5.02
20.1
20.06
10.02
10.06
10.06
5.08
5.08
558.28
15.08
15.1
15.06
10.06
25.08
5.08
15.08
15.08
10.06
5.06
20.06
10.06
5.08
5.04
141.9
15.06
19.42
156.0
5.06
5.04
20.06
152.08
10.06
10.04
20.08
10.1
5.04
5.1
147.12
261.12
5.02
279.02
5.02
20.1
10.04
20.04
15.12
5.12
10.06
15.06
5.04
15.06
10.06
15.06
5.06
20.1
61.5
20.12
5.08
152.06
20.08
10.08
15.06
141.94
15.1
25.12
5.08
20.1
5.04
10.08
5.02
36.36
10.04
5.06
10.02
15.04
5.02
15.06
10.04
15.04
558.3
5.02
5.08
10.08
141.98
5.04
20.1
136.92
20.12
15.06
10.08
362.72
5.04
5.12
5.04
10.1
68.9
120.04
31.62
25.12
10.04
10.04
20.08
5.04
615.8
10.04
10.06
15.06
20.12
20.1
5.08
5.06
15.06
10.08
5.1
5.04
5.08
20.06
5.02
5.06
15.08
20.04
10.1
15.08
5.04
68.1
20.02
147.02
5.02
15.1
15.06
563.16
20.04
20.06
20.08
136.94
20.08
5.02
15.04
273.9
137.06
20.14
141.96
10.08
136.88
5.02
10.1
5.02
5.02
15.06
10.04
6.0
25.14
10.08
10.0
20.1
5.04
5.08
5.06
10.02
5.04
15.08
20.1
5.04
20.08
15.1
20.1
20.1
10.1
25.1
142.06
10.02
284.02
5.14
164.88
83.08
15.1
10.04
15.04
20.06
15.12
147.0
553.24
20.12
5.04
5.06
147.0
5.0
15.08
5.02
5.08
5.06
20.08
5.04
10.06
15.06
25.08
5.08
29.0
25.1
20.02
563.32
152.06
15.12
5.04
650.06
20.06
78.98
30.1
685.3
137.04
274.02
279.0
20.08
5.04
15.06
5.04
5.08
10.04
20.06
15.1
10.04
5.04
5.06
20.08
15.06
15.12
5.12
100.34
5.08
20.06
5.02
25.08
20.12
15.08
137.02
10.1
5.02
23.64
5.04
15.06
5.04
5.04
10.02
5.04
151.98
5.06
15.02
5.02
5.06
5.08
25.06
10.1
15.1
10.06
35.1
5.02
5.06
5.02
15.06
15.06
5.04
5.02
5.04
15.04
5.08
5.02
15.06
128.0
20.08
5.02
20.08
162.06
5.04
179.32
10.06
5.02
284.06
5.04
5.04
20.04
15.1
5.0
20.1
553.1
5.0
5.06
5.06
20.06
15.04
20.06
25.02
10.1
15.12
10.06
20.06
25.06
20.1
10.08
5.06
5.04
10.02
25.08
5.08
155.88
38.42
20.06
15.1
5.0
5.04
288.94
5.02
15.06
20.06
10.04
10.06
5.06
10.04
47.52
10.06
25.08
5.08
20.08
15.06
10.04
5.04
5.06
20.06
15.08
20.04
29.82
20.12
15.12
15.1
5.02
10.1
176.3
25.1
15.12
25.1
20.12
15.06
10.06
20.06
5.04
137.04
10.06
15.02
5.04
20.06
15.02
5.08
273.96
20.02
135.22
25.06
137.02
20.08
5.04
5.06
25.08
5.04
5.04
25.12
15.06
10.02
15.08
20.08
15.12
137.0
15.04
5.02
10.04
15.02
20.08
98.04
10.02
15.04
20.1
10.06
5.0
10.06
20.14
15.08
10.06
20.12
15.1
15.06
553.26
5.04
20.06
5.04
20.06
25.1
10.12
25.1
5.06
10.08
10.1
5.02
20.1
35.14
10.02
10.04
112.9
163.22
20.08
5.02
20.1
45.68
15.08
277.04
10.1
15.08
47.82
136.94
5.1
5.06
25.1
15.06
5.08
20.06
25.08
20.08
10.08
5.04
5.06
20.08
15.06
25.12
10.08
10.08
147.04
15.02
5.04
416.02
10.1
8.74
10.02
15.12
5.08
20.06
553.14
5.04
15.1
20.08
10.06
5.1
15.1
5.06
10.08
20.12
5.0
5.06
5.12
20.06
5.04
10.06
5.0
5.08
5.08
5.1
20.08
15.08
147.08
5.04
106.5
134.74
15.14
5.06
5.04
20.02
10.0
231.66
15.02
5.08
5.02
5.04
5.04
20.08
25.08
5.02
15.0
10.08
5.06
10.04
20.08
20.08
5.06
20.12
124.94
5.06
38.86
283.9
15.06
149.46
5.02
15.04
5.02
147.14
5.06
20.06
15.06
5.02
15.12
15.02
15.1
10.08
5.02
5.04
5.06
20.04
147.04
5.1
5.08
5.04
25.1
5.0
15.04
10.04
20.06
5.04
10.04
10.04
25.08
5.02
20.08
5.04
142.08
19.92
141.88
5.06
86.26
5.06
147.08
20.12
15.08
10.12
10.08
20.12
15.08
10.02
10.04
15.06
18.84
5.02
25.08
5.04
15.06
5.12
15.08
10.06
5.04
5.06
10.06
15.08
5.08
5.06
15.1
10.1
20.08
15.06
20.04
21.74
5.08
5.06
15.06
20.1
20.1
5.08
5.08
15.1
5.04
15.04
15.08
10.02
20.1
25.12
10.06
20.08
15.08
15.1
10.12
5.06
5.04
715.24
15.12
5.1
152.16
136.96
10.08
136.92
15.08
10.04
10.06
5.0
20.12
15.08
25.08
10.08
20.1
15.1
161.94
15.08
10.04
20.1
5.02
5.04
5.06
20.06
68.94
10.08
15.1
5.02
10.06
20.1
21.82
5.04
20.08
25.1
20.08
5.02
20.12
100.3
15.12
15.1
25.1
15.04
15.0
10.06
10.06
10.08
15.08
64.1
5.02
5.1
18.6
10.06
15.06
15.08
15.1
5.02
5.04
20.08
22.82
89.1
15.08
20.08
63.3
10.04
20.1
5.04
10.06
5.08
20.06
10.08
20.1
5.02
5.06
5.02
10.02
5.08
44.26
30.4
10.12
118.0
5.04
30.1
20.02
25.08
5.04
20.08
20.08
5.06
5.02
25.08
147.02
25.0
5.04
10.06
35.12
5.02
15.04
5.06
155.68
5.04
10.06
5.06
10.1
25.08
10.06
10.04
20.12
10.08
25.14
5.04
5.06
15.02
20.08
137.06
5.04
274.02
25.1
5.1
5.08
10.04
5.02
15.08
15.08
10.02
15.1
10.02
5.06
172.1
20.12
15.06
10.06
10.02
5.08
5.04
20.06
15.06
85.6
25.08
15.02
5.08
5.06
15.06
10.0
10.04
15.06
5.08
5.08
152.1
142.06
5.06
5.04
553.26
558.56
10.02
15.1
15.08
10.04
10.08
15.08
25.08
5.08
5.02
15.12
15.06
20.08
5.04
20.06
5.04
15.1
15.1
10.08
15.08
15.08
10.02
15.02
5.08
5.02
147.1
5.04
5.0
10.02
278.94
20.06
36.94
15.06
10.06
20.04
15.02
10.08
10.08
5.04
20.08
5.06
10.0
5.06
152.12
152.0
20.02
5.06
10.02
20.08
10.08
15.08
20.04
15.12
136.96
10.0
5.08
156.02
136.9
284.02
137.04
5.08
5.06
21.82
274.0
5.02
15.06
5.06
5.02
5.1
141.98
25.1
10.06
147.1
5.06
142.02
20.06
323.04
10.04
152.04
10.06
10.04
10.08
5.0
51.96
5.02
10.04
20.08
10.04
15.08
10.04
38.2
20.12
5.04
10.1
78.08
11.94
15.06
5.08
15.02
5.06
30.12
25.02
10.04
5.08
10.02
20.04
5.06
10.1
5.12
15.06
5.02
15.08
5.06
10.1
140.08
5.0
5.06
5.04
25.1
10.06
20.08
15.08
20.1
5.1
10.0
5.04
20.08
67.32
147.04
20.06
25.06
10.1
15.02
5.06
152.1
15.06
10.04
15.0
20.12
10.1
20.16
69.28
10.04
15.1
695.28
27.92
15.1
15.1
5.04
20.06
5.04
5.04
10.02
10.02
10.06
15.08
5.0
5.06
5.02
20.06
5.08
152.04
5.04
147.08
486.14
5.04
20.06
77.1
5.06
5.04
15.12
15.04
20.08
5.1
20.08
15.12
5.06
5.04
20.12
10.06
151.74
15.08
553.1
5.02
10.08
5.08
137.02
136.96
10.04
15.08
10.1
5.02
147.0
22.0
15.02
241.18
10.08
278.88
10.06
20.04
15.02
20.14
157.08
673.2
5.1
15.08
10.04
10.02
10.08
137.0
5.08
25.06
151.92
15.12
25.08
20.04
10.06
15.02
23.32
5.04
690.16
5.06
10.06
20.12
10.04
10.08
63.44
15.1
20.1
5.06
15.06
608.16
5.06
10.02
5.04
25.08
5.02
141.94
5.04
5.02
5.06
5.06
10.02
15.04
20.06
10.08
5.04
10.1
5.04
25.08
5.02
5.02
20.04
20.02
15.04
5.06
5.04
5.08
5.02
20.06
165.32
20.1
5.14
5.02
15.06
10.02
10.04
15.1
15.06
5.06
20.08
10.04
20.08
15.04
5.14
5.0
5.06
5.02
20.06
563.02
20.08
20.04
10.04
20.1
20.04
15.08
15.08
15.1
10.02
10.08
10.08
10.04
10.02
5.06
15.04
5.02
5.1
75.66
5.04
5.02
5.06
20.02
20.18
10.04
5.06
10.06
15.08
5.06
5.02
5.06
30.06
10.08
10.06
15.06
25.1
5.06
5.08
10.08
5.08
20.14
5.1
21.68
10.04
5.08
5.06
5.08
5.04
10.06
5.1
20.04
5.1
10.02
5.04
10.02
142.04
152.16
15.14
20.04
10.06
10.02
5.06
5.04
10.06
10.06
20.06
30.04
5.08
15.08
5.02
15.12
30.04
10.08
15.08
5.12
49.62
20.1
20.1
20.08
5.04
15.04
5.04
20.08
10.08
10.08
10.02
5.02
20.04
227.16
20.1
10.04
5.0
5.08
15.02
10.06
10.1
5.06
5.08
15.08
10.06
26.08
10.06
15.06
10.1
558.14
10.08
15.12
108.86
109.98
152.0
5.04
15.08
142.02
54.14
25.1
10.12
15.1
20.08
63.78
5.04
15.08
5.08
5.06
5.0
15.1
15.04
10.02
35.24
15.02
20.1
57.62
152.0
130.16
10.14
243.0
15.06
152.08
15.04
15.08
20.02
20.1
10.04
10.02
152.06
15.06
201.76
273.92
175.58
10.04
10.06
5.06
20.06
15.06
20.1
25.1
5.06
20.1
18.38
15.06
5.04
10.02
58.04
15.08
20.06
5.1
15.08
5.06
10.06
10.06
5.1
15.06
5.02
25.1
15.04
5.0
5.04
30.04
10.08
5.04
103.76
15.06
10.06
10.1
147.14
20.08
5.06
15.06
15.08
115.52
15.06
152.04
20.04
137.06
15.08
20.08
15.08
20.06
5.02
15.08
15.1
5.06
137.06
40.48
147.0
142.06
10.06
25.1
5.02
15.08
5.1
146.94
10.08
5.08
137.12
20.08
20.1
5.1
15.06
20.1
169.86
5.06
10.04
5.06
152.06
156.38
200.64
111.44
5.04
20.08
10.1
5.04
15.06
15.08
15.08
10.14
20.1
20.08
15.06
10.08
10.06
35.14
5.08
5.06
5.12
152.16
20.12
10.06
20.06
5.04
5.06
5.06
5.06
30.1
5.06
77.64
10.14
151.98
57.08
15.06
5.1
189.42
20.12
157.02
20.02
418.26
5.04
20.04
10.02
5.06
20.06
5.08
5.04
5.04
5.04
20.06
5.06
5.06
5.08
152.1
17.56
5.04
20.08
5.22
10.08
5.08
152.04
20.12
5.02
5.04
20.06
15.08
5.0
133.44
25.12
15.08
5.04
5.06
20.1
10.08
30.1
107.74
5.02
15.1
10.04
10.08
10.06
15.06
20.04
5.02
196.48
15.06
15.1
5.04
10.1
20.06
142.02
5.04
25.1
5.02
10.06
10.08
15.08
15.12
142.04
21.78
15.08
162.58
21.04
5.06
15.06
15.06
5.06
20.08
10.18
5.06
5.04
10.02
5.08
5.08
5.04
15.06
15.06
55.46
25.08
20.1
274.04
43.82
78.66
17.66
15.12
5.14
18.14
82.22
5.02
30.12
10.06
399.82
15.04
19.46
427.74
147.0
15.1
25.12
10.06
5.02
5.1
20.1
25.12
548.18
15.06
5.04
15.02
5.0
5.04
10.1
15.08
20.1
43.92
104.0
5.02
5.08
20.04
25.1
20.1
5.02
142.06
20.1
5.0
142.0
5.04
15.06
20.08
20.06
20.12
62.06
136.92
25.12
5.08
5.04
15.06
5.04
10.1
25.12
25.1
20.1
15.06
10.06
5.06
20.04
5.08
20.06
151.96
5.08
20.12
20.06
5.02
15.06
5.02
5.06
20.08
20.1
5.06
5.08
15.04
5.04
15.06
5.02
10.02
10.08
20.16
147.02
15.06
20.04
20.12
10.04
20.08
15.06
15.1
10.1
20.08
5.04
25.1
15.1
20.1
5.06
5.08
5.04
20.08
10.02
20.1
10.08
25.1
5.04
15.04
20.1
20.08
5.02
10.04
15.04
15.1
20.98
101.08
30.14
146.9
137.06
137.04
142.06
20.06
5.02
15.1
690.32
402.16
5.04
20.04
10.04
5.04
10.04
136.86
94.08
15.04
5.08
25.1
5.04
20.06
86.44
10.06
5.06
15.08
5.02
15.0
5.04
20.06
5.08
15.1
10.08
10.06
5.08
15.08
5.04
10.06
10.04
10.06
5.04
5.02
20.1
5.04
15.06
5.06
20.06
152.04
10.04
10.08
5.04
5.02
5.04
5.04
25.06
5.08
5.12
11.68
15.06
10.08
5.06
5.06
5.02
5.02
147.04
20.14
15.08
141.92
20.06
140.28
44.28
20.1
15.1
152.04
21.58
34.42
35.1
5.08
10.02
5.2
20.12
20.08
15.06
20.08
5.06
10.06
20.14
15.0
15.1
10.04
5.04
553.22
15.1
5.1
10.02
20.1
5.08
5.04
20.04
141.98
15.04
20.08
152.02
20.1
5.02
20.1
5.04
15.08
137.06
5.06
15.08
10.04
10.02
5.06
25.1
20.18
15.02
20.08
15.1
20.08
5.98
142.04
20.06
141.98
20.1
15.04
15.1
15.1
91.42
10.06
23.1
115.7
5.04
5.06
5.06
5.1
5.04
10.08
5.06
20.08
22.56
20.04
10.06
5.02
558.12
20.08
5.06
15.06
25.62
20.04
10.08
10.06
5.02
38.64
20.12
15.1
10.04
10.06
10.02
15.04
5.06
5.02
298.98
10.1
10.06
10.06
5.08
15.04
5.06
25.04
20.08
15.04
69.48
20.08
5.04
685.1
20.08
10.1
5.04
200.86
15.08
10.06
15.1
5.06
15.1
5.06
107.98
15.1
10.04
20.1
20.1
153.2
15.1
20.06
5.08
5.02
135.72
5.02
386.84
16.08
553.34
10.08
15.12
20.12
15.06
20.12
15.06
5.06
20.06
10.08
147.02
20.08
15.12
151.96
18.66
5.02
8.84
15.08
15.04
107.94
34.2
5.08
20.08
10.06
5.06
25.06
5.04
147.0
15.06
553.24
15.08
5.06
5.08
10.08
577.68
10.08
5.02
5.06
5.06
5.04
10.06
151.06
10.06
5.0
25.1
142.1
179.18
10.04
15.04
10.04
10.02
30.1
16.9
5.08
5.0
147.08
533.82
151.98
10.06
146.94
69.2
5.02
15.1
15.04
137.64
10.12
5.08
10.12
10.04
5.06
5.12
5.08
10.08
5.1
5.0
20.14
152.0
5.06
5.06
5.12
20.1
20.1
15.06
20.08
20.08
20.04
10.08
10.1
5.12
145.76
20.1
10.0
10.1
20.1
15.1
15.1
157.1
20.1
15.36
20.1
25.58
10.06
10.04
5.06
25.04
5.08
15.12
5.0
20.12
5.02
137.12
284.1
20.08
15.06
5.06
20.14
5.04
20.08
20.06
10.04
10.08
5.1
10.04
5.02
15.2
5.02
10.04
10.08
137.1
28.48
33.46
137.0
73.98
10.04
5.02
82.76
15.06
128.64
685.12
5.04
20.06
5.04
10.1
10.08
685.08
10.12
137.08
30.1
279.0
10.1
15.04
5.02
5.04
10.02
5.06
20.06
5.02
20.08
5.06
5.02
10.06
181.86
227.86
20.08
110.2
111.92
10.08
20.1
96.24
279.02
283.94
278.9
20.08
10.06
137.12
5.12
15.04
15.06
5.06
65.86
10.02
152.06
152.04
147.02
10.04
20.06
30.06
10.04
5.04
553.32
10.06
15.06
15.1
5.1
20.1
10.1
5.08
20.06
5.14
148.82
5.08
15.04
5.04
5.02
152.02
5.06
157.18
5.04
162.06
15.1
10.06
5.08
15.04
10.08
142.02
5.04
15.1
5.02
5.02
25.1
5.04
7.02
15.02
5.04
15.06
10.06
137.02
284.0
5.04
5.12
20.12
5.02
5.08
136.94
420.94
13.88
5.06
15.04
20.06
223.76
5.02
10.08
5.0
5.04
11.7
274.1
5.04
5.04
73.94
10.06
36.12
13.8
20.12
15.06
5.04
103.4
5.06
15.16
5.04
51.18
20.1
5.02
15.04
15.1
15.12
5.1
15.08
13.8
5.06
10.0
20.08
35.14
5.0
10.02
10.1
25.82
5.02
20.1
5.06
25.1
5.06
558.32
5.04
5.06
10.04
15.06
28.94
563.1
5.04
10.08
15.08
10.02
10.08
5.1
25.12
5.04
5.06
48.52
15.08
10.08
15.04
5.04
15.04
142.0
5.06
15.06
20.1
15.04
20.08
5.02
507.36
20.04
5.02
88.74
5.06
25.08
10.04
151.9
10.0
60.0
272.02
15.06
20.06
20.08
72.56
20.06
121.76
36.06
5.02
15.08
15.1
15.02
553.24
5.06
5.02
10.06
15.12
25.08
5.06
5.06
10.04
15.08
5.04
5.04
142.06
10.04
10.06
20.06
5.04
20.1
10.08
15.1
34.36
20.06
10.06
30.08
5.02
10.06
10.04
78.9
15.06
20.12
283.8
20.08
25.12
5.08
5.02
15.06
169.36
5.04
5.06
10.1
15.04
20.06
147.1
20.06
5.04
5.04
15.04
20.08
10.06
20.1
5.04
5.04
5.1
25.12
5.02
121.5
5.06
388.64
20.04
10.04
15.08
135.68
146.94
5.02
5.04
20.08
20.08
15.04
394.94
5.06
5.02
142.14
5.08
10.02
5.06
10.06
15.06
5.0
5.02
10.08
197.64
10.14
105.32
5.02
25.12
20.06
20.1
10.08
15.1
20.04
5.08
5.06
5.04
20.06
48.08
20.08
15.12
20.08
5.04
5.06
5.08
5.02
5.04
10.1
21.98
20.06
302.78
5.06
311.34
5.08
5.02
15.1
5.06
20.1
5.02
110.0
20.08
5.02
5.08
5.08
5.06
10.04
15.02
10.14
10.04
25.1
5.08
5.04
45.3
25.12
46.02
15.08
25.08
25.08
5.1
15.08
15.02
10.06
10.02
5.04
93.68
5.04
10.02
5.1
10.12
10.06
5.02
553.36
20.1
5.04
20.6
5.06
20.12
5.02
35.08
20.1
5.02
137.02
5.08
5.04
5.02
5.1
15.12
10.06
20.14
15.06
5.02
5.04
5.02
224.38
15.0
142.06
10.0
293.52
5.08
5.04
5.04
157.06
5.06
20.04
10.02
5.04
5.06
82.18
5.08
10.06
20.06
10.08
20.14
157.08
15.06
10.08
5.04
10.04
20.04
10.06
10.04
5.1
25.1
5.06
15.06
5.1
20.02
10.06
20.1
5.06
20.06
20.04
20.12
5.04
5.06
47.48
5.08
15.08
5.04
5.04
25.08
5.06
20.1
5.06
15.04
20.04
136.86
5.1
5.02
10.06
76.32
568.16
5.02
5.02
5.08
5.08
10.1
97.18
15.08
10.08
5.08
10.06
10.06
10.02
15.02
20.08
15.0
5.02
10.08
25.1
5.04
5.1
10.08
15.02
15.02
25.04
5.12
207.0
20.12
5.02
146.98
20.12
5.04
5.02
20.04
5.04
5.0
25.1
5.0
5.06
20.1
10.04
10.04
137.0
5.06
20.1
22.74
5.02
415.64
10.04
137.0
10.08
31.04
5.0
10.06
15.1
15.08
20.12
5.04
5.0
38.58
10.08
136.96
15.06
15.02
136.96
5.02
5.02
5.1
10.08
5.1
25.1
15.08
20.12
5.02
142.06
38.64
141.98
5.08
147.06
5.02
147.0
141.82
633.18
20.08
5.06
5.1
10.1
25.1
15.08
20.08
5.02
15.06
15.08
20.08
143.52
5.02
20.08
10.04
152.12
5.06
118.04
5.08
5.06
10.02
141.98
5.02
15.1
20.06
20.08
5.02
20.08
68.28
5.04
5.0
25.12
15.06
10.1
10.06
5.02
15.04
10.08
15.06
5.04
5.04
15.04
10.1
20.1
10.04
5.06
553.1
15.04
5.02
10.06
20.1
15.06
20.1
20.1
5.06
147.0
15.06
10.0
16.78
283.9
103.58
5.12
15.04
10.04
15.12
5.04
136.94
5.04
5.04
15.02
146.88
5.04
10.08
103.42
20.06
10.12
20.1
89.08
10.02
141.76
25.04
5.04
10.06
15.06
10.06
5.06
10.04
10.1
15.06
20.06
10.02
20.04
5.04
10.06
10.02
137.06
137.08
5.04
20.06
279.06
15.1
10.1
15.04
152.04
20.1
136.92
162.02
5.08
5.0
5.1
10.04
156.94
10.02
10.1
15.06
10.06
550.6
5.02
10.04
5.06
10.0
5.02
20.1
15.04
5.04
20.08
15.04
20.1
5.08
25.12
20.08
5.04
10.1
5.08
10.04
16.6
25.14
20.08
5.0
20.06
5.06
5.06
5.02
5.04
10.06
5.02
15.04
20.08
10.06
20.1
162.04
20.1
142.04
5.0
26.1
20.08
142.02
10.04
10.1
137.02
15.08
30.1
5.06
10.04
136.98
20.1
137.02
15.02
15.02
15.08
10.04
5.06
25.56
20.1
15.02
5.04
151.92
10.04
10.04
10.06
15.04
20.08
141.94
35.7
5.04
10.12
5.04
18.46
136.78
94.6
162.1
25.1
20.1
20.12
20.1
20.1
10.02
15.04
20.1
10.1
10.1
5.1
33.32
5.06
26.08
5.02
137.02
10.08
274.04
5.0
5.04
10.0
10.06
136.98
5.06
15.06
11.58
5.06
10.04
20.12
15.1
5.08
20.06
5.04
20.12
5.02
25.12
10.04
30.12
5.06
168.64
5.06
5.1
20.06
20.12
20.1
5.04
142.02
5.04
5.06
5.02
5.1
5.08
25.06
15.06
20.06
20.1
5.1
141.96
142.1
10.12
5.1
10.08
5.1
142.08
10.08
5.02
5.0
142.14
20.08
137.0
127.9
15.1
177.94
101.32
152.06
136.92
10.02
5.1
15.14
5.1
15.1
5.02
20.12
5.08
5.04
35.8
142.92
5.06
5.04
5.04
10.06
10.0
152.04
5.04
20.06
5.04
20.04
15.06
5.1
5.04
255.2
5.02
15.08
10.08
5.02
563.94
5.08
259.78
685.22
20.06
15.08
5.04
172.88
5.02
10.0
10.02
5.04
5.08
10.1
20.08
15.06
5.18
20.06
5.06
5.1
152.12
137.06
161.14
20.06
20.08
144.52
5.12
10.04
5.04
10.06
5.06
5.06
10.02
5.06
10.06
5.08
20.1
5.04
20.04
10.16
10.04
20.04
30.12
5.08
20.1
5.04
558.4
10.02
15.1
10.1
5.06
553.04
36.06
15.1
5.1
117.56
5.04
10.04
20.12
20.06
553.2
10.04
15.04
5.06
15.04
20.12
15.1
15.12
25.14
20.82
10.08
10.08
5.04
40.12
20.08
15.02
15.12
20.02
20.08
10.06
20.08
10.08
5.04
30.06
15.08
30.08
5.04
5.02
20.1
10.1
5.04
233.16
5.06
5.02
5.04
5.04
526.06
25.12
5.04
135.12
152.08
20.04
5.08
15.12
20.08
10.08
253.28
284.0
5.06
563.24
5.1
15.06
5.04
10.04
5.04
10.1
10.04
5.08
5.04
20.1
5.04
15.08
152.12
147.04
5.02
5.06
20.06
25.14
30.12
10.06
5.06
10.04
11.02
45.74
10.06
157.02
20.02
20.1
20.08
20.1
5.08
15.02
10.08
5.06
15.08
5.08
44.72
558.2
25.14
20.1
25.08
20.06
15.06
5.04
20.08
133.2
5.06
58.56
5.06
15.06
10.1
5.04
5.04
40.0
147.04
137.0
15.08
5.06
151.96
283.96
20.12
207.74
10.08
20.1
10.02
10.02
10.04
136.88
135.44
5.06
147.02
5.04
10.06
29.3
10.08
20.1
5.04
5.06
20.06
5.06
5.1
158.94
25.08
10.04
20.06
5.08
15.14
553.7
10.12
152.04
147.08
20.08
15.06
25.12
137.0
20.06
15.1
5.06
20.06
5.12
5.0
10.04
20.02
5.08
5.02
29.14
15.08
5.08
10.06
15.04
133.86
558.16
5.08
5.04
20.08
15.06
15.06
15.12
20.14
47.58
141.96
5.1
5.06
152.04
10.06
5.04
10.04
30.12
46.72
15.08
137.12
152.04
5.1
108.84
15.04
15.0
6.12
43.62
20.12
51.98
111.22
27.94
59.62
20.14
5.1
25.12
15.12
15.08
10.04
5.04
10.06
20.1
5.1
10.1
5.08
5.02
15.06
15.08
59.64
10.08
15.14
10.06
10.04
128.82
10.08
55.94
47.84
5.06
15.08
10.06
32.0
20.08
10.06
15.02
15.08
15.08
5.0
15.04
20.12
10.06
20.08
20.12
5.04
5.06
17.22
19.96
20.06
15.08
5.06
10.02
20.1
5.1
20.08
15.06
20.1
5.06
654.24
15.06
15.06
5.0
10.06
43.84
5.06
10.04
20.08
20.08
25.12
10.08
5.04
25.1
5.08
20.1
5.06
35.1
10.04
5.08
15.1
5.04
10.06
10.04
20.06
25.08
5.06
5.08
25.12
142.02
25.14
5.06
10.06
20.08
10.08
20.16
5.0
20.1
119.08
5.04
10.06
10.08
165.22
5.06
25.08
152.12
5.08
5.06
20.08
10.02
10.1
5.04
20.1
142.06
137.1
20.12
5.08
5.04
20.08
15.04
20.12
5.02
15.06
5.04
137.1
5.08
15.08
5.04
5.02
553.28
5.04
15.12
25.12
10.12
5.02
5.06
56.3
20.06
5.08
5.02
24.82
10.08
35.1
5.02
5.06
20.04
20.06
20.1
5.1
16.62
20.06
39.72
5.08
15.06
20.12
15.04
152.04
20.04
681.72
5.04
25.08
10.1
162.0
5.06
20.06
10.1
10.06
25.1
5.04
236.12
10.08
5.04
20.06
20.04
386.74
5.1
20.08
10.02
5.08
25.08
138.14
5.12
152.04
20.1
5.06
10.08
10.04
15.04
5.02
25.06
23.72
146.94
152.06
76.12
20.12
15.06
5.04
15.04
15.04
5.04
5.02
20.08
15.06
146.9
15.08
151.96
10.08
5.0
25.1
20.04
15.06
15.08
88.62
20.14
20.1
20.06
25.06
10.08
5.1
5.08
10.02
20.1
20.12
25.12
147.02
5.04
10.06
20.12
10.0
5.02
5.02
35.1
5.06
10.06
10.1
10.08
5.0
152.08
151.92
5.04
5.04
15.1
10.04
10.06
10.02
10.04
29.5
123.04
142.04
126.1
137.04
5.1
152.0
5.02
15.1
35.46
20.1
5.1
51.82
112.08
152.02
5.04
5.0
20.06
15.08
5.06
152.92
5.04
5.04
20.06
10.06
34.58
15.06
273.88
191.68
25.1
284.02
5.06
10.02
5.04
10.06
104.2
137.02
5.04
596.46
142.0
10.18
20.1
10.06
5.06
5.04
5.02
15.06
5.02
5.08
5.04
15.04
85.98
5.0
10.08
5.04
15.04
10.08
10.04
5.06
25.08
10.04
5.06
20.12
5.1
15.06
5.08
15.1
5.06
25.06
10.08
5.02
5.04
162.6
5.04
5.1
15.1
20.02
15.06
10.06
15.08
15.04
5.02
5.02
10.06
5.04
147.0
142.04
558.2
5.04
5.06
137.0
15.06
20.08
15.06
10.06
142.12
15.02
5.02
5.12
15.1
55.96
20.06
20.08
5.04
15.06
10.04
20.08
5.04
20.12
20.08
5.0
10.06
15.08
5.04
25.14
15.06
15.04
20.16
20.08
20.08
15.06
20.1
25.1
20.12
5.04
5.04
142.02
5.1
30.06
25.08
5.02
5.04
146.92
5.02
10.04
5.08
5.0
10.08
10.06
5.08
20.12
5.0
10.1
5.04
15.08
10.06
10.02
10.04
10.06
137.02
10.06
5.08
20.08
20.1
15.06
5.06
5.08
15.1
20.08
5.06
5.02
15.08
5.04
5.02
15.08
15.08
5.04
10.04
137.04
5.04
15.04
15.06
142.06
10.04
16.5
284.0
137.08
5.02
137.02
136.94
99.86
44.32
141.98
5.04
10.4
15.1
5.06
15.14
10.06
5.02
10.02
10.06
136.92
5.1
5.1
101.06
5.0
5.04
20.08
5.04
15.08
10.06
5.06
20.08
15.06
5.08
15.08
15.12
137.02
136.96
15.08
156.96
20.1
56.92
93.38
15.08
20.08
5.06
142.0
15.06
15.1
146.96
5.08
5.02
5.08
15.02
20.1
5.04
15.08
5.04
5.02
5.02
122.4
25.04
20.08
10.06
10.08
5.06
5.04
10.02
5.04
5.06
142.02
5.04
5.06
5.06
5.1
5.04
25.1
5.08
15.06
25.08
118.3
5.04
152.04
142.02
20.06
5.04
25.88
5.06
5.08
20.12
53.18
15.06
15.0
20.04
5.06
20.06
5.08
5.0
10.06
42.5
41.16
10.08
5.08
25.98
5.04
15.06
15.08
5.02
136.66
15.1
5.02
10.04
25.1
137.02
23.7
15.12
20.06
5.02
167.06
273.48
20.14
137.0
5.04
142.12
152.1
10.04
20.08
278.82
10.06
10.08
15.08
5.04
15.08
5.04
20.06
152.08
5.04
10.04
141.9
15.12
131.76
5.04
5.02
5.04
5.12
5.04
10.02
5.0
20.08
25.08
5.04
5.04
25.08
25.12
5.02
52.26
5.04
10.1
5.0
5.06
20.06
20.12
155.72
286.08
5.02
10.08
10.06
573.18
141.98
26.12
131.6
5.06
10.06
284.06
5.04
10.08
5.04
5.1
238.24
20.1
15.06
20.1
5.06
5.04
5.02
10.02
15.04
5.02
10.08
15.08
10.04
10.1
5.04
5.08
31.28
104.5
15.06
5.06
20.06
5.08
10.02
5.02
5.04
5.0
25.12
20.12
26.82
5.02
10.02
5.02
5.06
10.06
5.06
5.06
5.02
5.04
20.1
87.92
20.1
5.02
20.04
5.06
5.06
20.02
5.06
5.02
20.04
20.08
15.1
5.04
15.14
47.08
5.06
20.12
5.06
5.02
10.06
10.06
15.08
15.04
20.08
15.1
10.06
20.12
5.08
20.1
10.0
20.08
10.06
5.06
89.14
5.04
15.08
20.12
568.1
20.02
5.02
161.66
5.08
10.06
5.08
20.06
5.04
5.08
5.04
15.08
278.98
137.02
15.04
5.04
15.08
5.04
15.08
10.06
548.2
15.08
5.04
5.04
5.06
5.08
5.04
5.06
15.1
15.08
10.08
553.16
532.84
25.1
25.12
15.08
20.06
10.06
5.02
35.08
5.02
40.02
5.02
5.02
5.04
10.08
5.04
20.14
5.06
137.06
15.02
20.08
10.06
20.06
5.02
5.06
20.08
142.04
20.04
75.14
20.06
5.06
5.08
137.0
30.1
20.1
10.06
10.08
5.08
20.06
147.1
27.6
672.46
20.08
20.08
10.08
10.1
25.06
15.06
5.04
13.58
18.38
5.02
70.88
20.08
15.06
262.04
156.96
152.12
5.04
5.02
25.06
136.98
15.04
152.02
20.12
25.1
5.06
15.06
5.06
558.14
10.02
25.06
20.02
10.12
15.06
15.54
20.08
10.06
5.06
553.24
10.04
5.08
10.04
25.1
20.08
15.06
20.12
15.08
20.12
5.04
20.06
15.08
10.04
142.02
5.04
20.06
10.06
20.06
256.08
15.08
5.04
25.08
10.12
399.36
10.04
5.0
20.1
25.1
10.08
20.06
5.06
142.08
147.06
25.04
10.04
10.06
147.02
20.08
15.1
5.1
25.08
5.02
20.1
20.06
15.1
15.08
5.02
115.88
10.08
5.02
10.06
5.04
20.08
15.04
20.1
88.94
35.1
5.08
20.12
15.08
5.1
157.04
284.0
152.06
5.1
10.06
10.06
5.08
5.06
20.08
152.16
141.98
151.88
5.08
20.08
10.1
5.08
154.52
10.08
15.08
10.08
5.04
20.08
5.06
5.08
10.08
144.96
10.08
5.06
20.08
20.08
10.04
20.06
5.06
91.92
148.14
147.1
10.04
15.06
97.88
136.9
5.06
10.06
5.06
18.08
5.04
39.02
160.62
20.08
278.92
5.06
5.06
10.08
111.16
5.04
20.08
10.04
563.2
160.76
71.24
10.0
5.02
5.06
5.08
15.12
20.08
15.08
10.04
5.1
5.06
25.1
5.08
5.12
15.08
20.1
553.3
15.08
15.08
15.04
15.02
25.06
5.02
20.08
5.02
5.04
15.06
5.04
20.14
5.04
5.04
10.08
558.22
15.08
10.12
20.12
10.04
5.1
15.04
20.1
20.08
5.06
5.04
20.08
137.06
10.08
142.02
5.06
5.04
18.3
5.08
166.94
44.1
20.06
20.08
25.1
113.5
61.64
10.02
30.08
20.04
5.04
15.08
15.12
15.06
10.08
20.02
20.06
152.08
10.12
5.06
284.04
5.04
5.06
61.84
5.04
30.08
26.42
37.62
5.02
20.06
5.02
5.04
10.02
5.04
25.06
10.04
5.04
5.1
141.98
15.08
5.0
30.1
15.14
10.06
137.0
15.1
5.02
81.64
5.06
10.04
146.28
25.08
30.1
10.08
15.08
20.08
15.04
15.12
15.06
10.02
10.1
10.0
5.08
5.0
5.04
20.1
5.04
25.1
10.04
15.06
21.24
25.14
25.08
130.96
5.06
5.0
55.5
5.1
5.04
20.16
29.4
5.08
90.42
10.1
5.06
152.1
12.44
5.08
15.1
10.04
15.12
20.08
20.1
25.12
6.6
10.08
37.56
40.92
20.08
10.02
10.04
10.1
39.46
5.04
10.02
5.06
20.06
152.06
10.08
5.02
147.06
15.14
20.06
15.04
5.04
15.02
5.04
10.06
15.1
5.08
5.04
20.08
5.04
5.04
20.12
70.32
10.04
15.02
10.06
57.04
10.1
5.06
16.62
20.1
5.06
5.02
20.1
5.1
5.1
15.06
5.06
5.02
5.04
10.04
5.02
5.06
15.12
20.12
5.1
5.02
248.24
142.0
20.1
5.04
20.1
134.96
41.36
98.32
20.04
5.08
15.06
15.08
15.06
30.08
10.1
20.08
20.04
20.06
20.06
15.08
93.66
126.02
5.02
5.04
162.1
15.06
5.04
5.06
15.04
5.06
20.08
5.14
20.02
20.04
15.04
25.16
15.08
5.1
20.06
30.08
15.12
20.06
5.04
5.06
111.32
10.04
141.92
5.04
5.06
20.08
5.04
5.08
151.96
10.08
25.12
5.04
20.1
5.08
5.1
10.08
10.08
15.12
15.06
5.06
10.06
5.02
5.08
20.1
15.02
20.08
5.08
151.92
5.02
10.06
15.02
5.02
136.96
10.06
272.06
10.02
20.1
10.04
5.02
10.06
10.06
70.36
30.1
132.3
10.08
10.04
5.08
5.04
20.08
10.08
62.56
548.18
15.1
20.08
10.06
5.0
10.12
5.04
15.02
20.06
5.02
5.1
10.02
5.02
5.04
10.04
25.06
5.08
5.04
5.06
10.1
5.06
5.04
10.04
5.0
15.06
10.04
20.02
10.04
25.12
5.04
136.94
10.04
137.0
5.04
20.08
20.08
20.14
134.44
5.04
15.08
87.78
5.04
10.02
141.98
15.08
167.02
25.18
137.0
136.98
10.1
20.1
15.04
20.08
10.12
20.1
15.06
5.06
5.06
147.0
30.08
147.0
5.04
15.02
25.12
15.04
5.12
20.1
10.06
15.02
38.8
20.08
20.1
5.04
5.08
15.04
137.0
20.08
20.08
10.06
10.02
40.16
5.06
34.16
5.04
15.1
18.84
5.02
10.06
20.1
5.1
5.04
15.06
5.08
5.02
10.04
146.96
5.06
5.08
5.1
152.04
5.02
10.04
5.0
15.08
5.04
15.12
45.34
152.0
182.8
5.08
20.02
147.06
5.08
15.04
141.94
20.06
15.04
10.06
20.04
5.04
30.04
30.06
20.04
63.26
5.08
102.76
5.04
10.06
5.02
20.08
5.04
20.08
5.0
5.06
15.14
5.1
15.1
184.34
15.06
10.06
174.74
25.96
5.04
20.08
57.62
137.0
15.06
30.08
20.16
141.98
142.14
5.04
10.1
5.02
5.1
30.12
5.06
5.04
15.0
31.18
105.88
10.08
5.08
15.1
20.12
5.04
25.12
20.1
5.1
15.08
142.08
5.0
5.02
10.02
5.04
15.02
10.04
20.04
20.12
10.04
212.62
132.34
96.26
10.06
5.02
5.04
28.36
15.04
10.08
20.06
5.1
146.9
5.06
5.1
5.02
20.06
5.0
20.06
15.1
15.1
20.08
136.92
15.08
25.1
265.54
137.02
5.04
5.06
36.62
5.04
15.08
5.02
5.04
20.08
20.12
25.12
25.1
25.08
5.08
10.14
10.1
20.08
20.06
148.12
5.08
15.12
25.96
68.26
273.96
10.1
5.04
30.08
20.1
20.1
10.1
10.04
25.94
15.1
5.02
10.04
5.02
20.06
5.02
5.02
15.06
10.02
5.04
10.1
20.04
5.02
20.06
5.06
84.74
5.06
25.12
10.06
5.04
15.08
15.06
10.02
152.08
10.0
25.1
217.1
15.06
119.64
46.86
5.08
152.04
20.06
147.02
5.06
20.06
10.02
25.08
20.08
151.98
135.06
15.06
5.06
5.08
15.12
15.08
15.06
5.02
10.06
20.1
5.02
141.94
165.92
10.12
32.54
20.08
15.1
15.08
5.02
5.12
25.08
65.54
53.9
10.1
5.06
20.06
20.06
20.06
25.04
10.06
27.9
20.1
119.68
141.96
15.08
10.06
136.98
5.06
15.12
15.08
5.1
15.1
20.08
15.06
15.04
15.06
15.1
5.06
20.1
25.1
10.04
20.12
147.0
10.06
25.12
15.06
5.06
30.06
20.1
20.04
10.06
152.1
10.04
5.06
5.04
20.02
10.08
15.08
20.12
5.04
20.08
10.08
10.1
5.04
25.08
10.1
5.06
5.1
15.08
10.06
5.02
20.08
10.04
5.1
25.1
20.12
25.08
5.06
11.74
10.06
10.06
10.04
20.02
20.08
20.08
151.94
141.96
5.08
141.54
5.02
5.12
5.12
5.1
15.06
5.06
5.04
20.1
10.04
5.06
10.02
10.06
25.1
15.06
5.04
5.06
20.08
10.04
15.06
5.04
5.08
5.04
5.0
15.1
15.1
15.1
10.06
31.7
5.08
20.06
152.12
5.04
5.08
5.04
10.1
20.1
20.06
20.1
5.04
5.02
10.06
25.12
5.08
10.06
39.78
10.06
10.02
16.54
5.1
5.02
5.02
10.06
43.06
23.8
20.06
5.02
5.04
10.04
5.04
5.04
15.06
15.06
5.04
10.1
5.06
15.06
20.06
10.08
5.04
25.06
5.06
5.06
5.04
43.3
151.28
15.06
5.04
5.06
5.02
5.1
10.06
45.82
30.1
20.1
5.02
10.02
10.06
15.08
278.94
25.08
5.04
20.06
5.02
10.08
5.1
369.12
35.12
5.02
15.1
25.06
15.1
20.1
5.08
172.0
5.04
25.84
142.0
136.96
10.02
147.06
273.9
137.02
137.1
147.44
147.08
20.1
20.06
413.7
5.06
488.52
15.06
25.06
5.08
15.0
5.06
15.06
10.04
10.08
141.94
15.1
10.04
136.88
20.06
10.04
15.06
5.1
5.0
125.28
5.02
5.02
10.14
15.04
5.06
15.12
20.1
10.08
152.0
5.02
10.1
15.08
5.04
10.08
10.1
5.08
10.02
5.02
15.06
10.12
38.0
23.92
41.46
64.54
31.34
5.06
5.1
134.36
10.04
5.04
15.08
15.08
5.04
147.0
553.12
10.08
5.06
15.12
5.44
5.06
10.02
20.08
15.1
10.06
20.12
141.96
553.14
151.98
293.84
15.06
5.02
15.04
15.08
5.06
5.06
20.08
5.04
5.1
22.92
25.08
25.08
5.08
25.16
72.48
5.06
5.04
5.06
20.1
15.1
10.08
25.1
15.02
5.04
5.04
5.04
15.06
10.08
156.98
10.06
10.08
5.06
5.14
5.08
20.04
20.08
5.04
5.06
10.14
20.04
5.06
15.06
20.08
15.1
20.06
10.04
5.04
20.06
142.0
142.08
5.02
20.1
273.94
152.04
146.88
188.3
10.06
278.98
5.0
413.7
5.02
283.86
15.06
20.04
142.04
5.04
10.04
5.08
184.96
5.04
15.08
5.0
10.04
20.08
10.08
15.06
15.12
155.1
5.08
5.08
15.02
20.1
108.48
5.04
146.98
84.82
5.06
5.02
5.06
144.4
685.16
25.08
25.1
10.06
5.04
10.0
138.44
5.08
15.08
30.1
125.54
147.04
101.34
15.02
15.1
20.1
5.02
5.06
30.08
97.36
10.1
5.0
30.1
20.04
10.06
15.04
10.04
15.08
20.08
20.12
20.04
20.88
5.0
20.3
5.04
10.06
61.88
5.06
5.04
5.04
5.0
15.1
5.08
20.1
15.1
15.06
113.1
20.1
20.12
10.14
5.04
28.74
5.06
20.1
15.06
20.08
5.06
5.04
20.02
136.96
20.12
20.04
548.16
20.06
10.08
10.08
25.38
26.0
20.08
69.88
10.14
25.06
15.04
32.82
20.06
10.06
20.08
5.1
20.12
5.04
5.06
147.04
5.04
157.12
162.06
15.02
5.02
10.04
10.0
256.22
20.1
147.0
5.02
558.18
157.0
5.08
137.06
141.68
5.04
20.06
10.12
20.06
162.08
5.08
5.06
25.12
20.1
20.04
5.08
20.04
10.08
5.02
20.06
18.92
5.04
10.0
25.1
30.1
5.04
20.08
5.06
162.12
10.12
274.04
35.1
142.0
20.08
5.06
5.04
15.08
30.78
152.12
152.1
91.76
5.02
5.04
139.44
5.04
142.68
5.04
27.7
24.54
20.06
5.08
15.08
15.06
20.1
5.08
10.04
20.04
15.04
152.02
10.02
15.12
5.08
20.1
5.02
5.06
5.12
15.06
5.06
5.0
5.08
25.16
5.06
147.08
10.06
5.04
119.12
137.0
132.96
20.1
5.04
5.04
5.08
16.82
167.02
20.12
25.1
142.06
20.06
151.98
5.06
24.6
5.04
5.04
20.12
10.08
147.0
5.0
15.12
15.16
20.08
5.04
5.02
20.12
5.08
25.08
15.08
10.06
11.6
25.12
5.06
20.08
5.02
92.82
10.08
5.02
15.1
5.02
152.1
5.1
5.12
5.04
25.06
20.1
10.06
147.0
10.06
5.06
10.1
141.96
142.06
141.96
151.98
15.12
162.04
20.12
141.98
15.08
10.02
50.34
88.76
5.04
41.42
10.04
20.08
25.1
15.1
5.02
5.04
20.16
15.12
5.04
152.06
152.08
46.2
151.86
5.02
5.04
5.02
260.54
10.02
30.06
20.08
25.12
56.36
5.0
558.18
25.08
20.12
15.06
10.12
5.02
5.04
20.08
15.08
152.04
5.06
15.06
5.04
10.1
15.1
10.0
5.02
147.18
5.1
137.1
5.06
25.1
5.06
25.12
10.04
20.54
15.08
15.06
5.04
5.04
15.08
5.08
5.12
20.18
15.08
5.06
548.44
10.08
5.08
5.04
5.04
5.04
20.1
5.04
5.0
5.0
15.02
5.08
5.04
5.08
5.04
15.02
12.9
15.1
5.08
20.04
20.08
25.1
273.96
56.64
162.08
137.02
5.06
144.8
5.04
10.04
5.04
15.08
36.96
23.42
5.0
156.98
5.06
5.02
5.04
20.1
5.06
5.04
15.02
244.44
10.04
5.02
25.06
20.1
15.08
5.02
157.08
20.08
20.08
5.04
79.86
10.04
15.1
5.02
5.08
30.12
147.02
5.08
16.9
10.06
10.08
46.8
147.0
137.0
10.02
5.06
10.04
20.04
25.12
20.12
5.06
5.04
10.04
15.44
137.06
141.96
25.1
10.08
5.02
81.34
5.1
5.06
5.02
5.06
5.04
10.1
25.1
20.08
152.0
20.08
20.06
5.06
5.1
5.04
15.14
10.08
68.0
25.12
20.1
5.02
259.22
5.0
141.92
5.06
5.06
10.1
20.06
5.04
21.06
20.08
5.06
5.06
20.04
20.08
5.04
27.44
84.54
5.02
5.08
5.0
30.1
10.06
30.12
141.92
10.04
5.04
15.04
10.04
10.08
5.06
20.06
5.04
15.06
10.08
142.02
5.06
5.06
10.08
15.04
5.06
20.1
20.08
15.04
15.04
416.08
152.06
20.1
5.08
10.02
10.04
156.96
15.1
20.12
10.12
5.0
5.06
151.98
5.06
30.08
15.08
20.06
142.1
5.0
5.0
5.08
5.06
5.04
10.08
81.2
5.02
10.06
10.12
5.02
5.04
10.08
25.1
5.06
20.06
15.06
10.1
15.02
174.54
20.1
15.06
20.06
5.04
20.1
5.04
25.06
10.06
10.1
5.1
15.08
238.78
5.0
10.04
5.02
20.06
20.06
5.06
25.08
5.06
142.06
10.1
25.12
5.02
25.08
5.02
142.06
5.04
5.02
20.06
10.06
20.08
33.06
142.04
152.08
5.04
15.08
5.06
58.98
20.12
5.04
5.08
10.08
30.08
5.06
10.08
20.08
5.06
15.08
5.06
10.06
141.36
5.02
20.1
15.06
15.04
21.98
5.06
39.64
141.98
10.04
141.98
10.1
5.04
10.06
20.08
5.04
5.04
5.06
5.04
5.04
136.96
15.1
20.1
5.02
20.1
563.2
5.04
5.1
10.0
15.08
10.04
105.1
239.68
10.04
5.04
5.0
10.06
25.12
20.1
20.04
13.34
5.02
20.08
15.08
151.94
685.2
5.06
15.06
136.94
15.08
10.04
5.0
10.02
25.1
15.1
5.04
5.04
167.74
174.58
13.24
92.82
147.0
5.02
71.44
5.06
5.04
141.98
15.06
10.12
5.04
5.08
142.0
15.1
10.06
10.1
10.06
5.06
25.12
5.06
15.06
20.08
5.06
10.06
5.0
15.08
15.08
15.08
30.1
15.1
5.04
5.06
5.08
5.08
5.02
5.06
5.06
5.04
5.12
5.02
10.06
20.04
10.02
5.02
5.08
5.08
20.06
20.08
5.0
5.0
15.06
5.12
10.04
61.64
25.04
10.02
52.78
137.1
10.04
279.1
5.04
240.64
5.02
15.04
5.02
10.04
5.06
20.06
10.06
5.02
5.04
20.1
10.04
10.04
5.04
100.5
5.08
10.08
142.06
5.08
5.08
15.1
20.16
15.04
30.06
30.06
15.1
25.1
10.1
5.04
10.1
157.04
157.04
137.04
5.02
136.94
15.08
20.12
15.04
5.08
10.08
5.04
20.08
20.1
10.06
15.08
20.06
146.96
147.02
142.06
61.32
5.02
142.0
10.04
10.08
5.02
137.04
5.04
10.08
20.1
20.04
5.02
10.0
5.04
10.1
20.1
5.1
5.08
15.04
5.02
147.04
147.08
10.1
5.04
147.7
20.1
15.08
15.08
20.08
15.12
5.08
5.08
5.0
685.1
10.02
152.08
47.36
10.04
136.84
15.08
20.06
15.06
5.02
5.06
5.08
10.12
146.98
137.04
5.06
5.06
15.08
20.1
5.06
39.46
5.06
20.14
20.08
15.04
5.04
15.06
20.04
30.18
48.38
20.1
20.04
273.52
10.06
15.02
5.06
34.74
15.1
162.16
10.06
5.08
25.12
15.04
20.08
10.08
20.1
5.06
20.12
5.04
10.1
5.04
10.04
15.04
10.06
44.84
5.04
19.58
20.08
20.1
20.04
5.04
142.06
20.08
20.08
5.06
10.08
10.08
55.06
151.1
5.04
20.1
5.12
5.0
150.16
5.04
15.04
5.08
162.08
5.04
137.0
20.1
20.06
130.14
5.04
5.06
136.98
25.06
10.06
5.04
5.06
5.04
20.1
15.06
5.04
20.08
5.06
20.08
5.04
5.08
142.04
10.08
25.12
20.06
20.12
5.06
5.04
15.06
15.02
15.04
5.08
5.04
5.06
20.08
5.02
5.0
151.94
5.04
5.02
5.08
5.06
5.08
5.06
20.12
15.04
20.08
5.02
142.02
5.02
10.08
20.1
15.08
15.08
20.12
5.06
15.06
156.96
10.02
157.02
147.02
89.38
10.06
136.88
152.02
19.26
141.94
20.08
30.1
5.06
20.08
18.66
36.56
5.0
5.08
15.74
25.04
5.02
5.1
5.06
20.08
553.3
5.08
20.1
15.08
5.04
10.04
5.0
301.22
76.46
5.02
158.5
15.06
5.02
10.06
5.0
130.38
281.84
20.12
5.04
10.06
10.06
25.12
25.06
15.06
140.82
142.08
10.08
10.02
122.24
5.02
15.08
142.02
25.02
20.06
5.02
20.1
25.08
10.06
5.06
20.08
20.04
152.2
10.06
21.94
5.06
25.06
104.58
139.16
5.08
20.1
5.1
20.06
20.02
15.04
44.06
10.04
30.12
20.08
15.08
5.02
15.14
10.1
136.98
157.0
278.84
10.06
5.04
15.04
30.14
5.08
30.1
5.06
20.06
124.68
5.02
10.08
147.04
10.04
10.06
10.04
141.96
56.18
20.08
10.08
152.08
142.08
15.08
20.06
20.1
25.14
5.08
5.04
5.06
67.26
20.1
10.04
15.1
140.02
5.06
20.08
5.02
20.1
5.08
30.12
5.06
20.08
142.08
5.02
5.08
15.1
15.08
20.06
20.02
25.12
5.12
15.88
25.12
10.04
15.06
20.08
20.04
5.04
20.04
77.4
20.12
15.1
5.02
20.1
15.02
20.12
10.06
34.32
372.38
20.06
5.06
15.08
15.02
5.04
20.08
15.1
15.06
15.08
30.14
5.02
10.1
5.0
136.94
10.04
130.26
15.04
142.02
5.04
95.08
20.1
10.06
15.06
15.04
10.06
10.06
20.14
15.12
15.08
5.06
20.02
5.06
5.06
10.08
5.08
10.1
146.92
15.06
5.04
5.06
15.04
5.08
20.06
11.74
68.52
69.14
30.08
10.02
10.06
10.06
5.08
5.06
10.1
15.04
10.06
284.12
5.02
20.1
5.06
25.1
5.04
15.04
20.06
5.1
20.04
10.1
15.1
5.1
142.12
10.06
10.04
5.04
20.08
10.06
5.04
5.06
40.1
10.02
20.08
548.14
10.04
146.84
26.28
137.04
20.08
188.12
151.98
15.06
20.1
20.08
20.04
15.12
24.72
5.04
218.9
10.06
20.1
25.14
5.06
15.04
143.72
152.1
141.98
137.0
25.08
142.04
142.04
5.04
563.4
5.08
15.04
10.04
25.08
10.06
30.04
20.08
15.04
5.02
38.54
151.96
10.04
156.94
5.02
587.66
10.08
5.04
20.12
5.08
20.12
25.1
81.24
25.06
15.06
5.06
5.08
25.08
20.04
20.06
10.1
5.06
15.06
25.06
5.02
10.06
10.06
5.06
5.04
5.0
5.04
27.76
5.04
283.96
35.1
30.1
5.06
15.12
5.04
5.0
20.08
20.06
5.04
20.04
5.08
5.04
5.02
5.02
15.04
5.04
15.1
5.02
25.1
15.08
36.16
10.04
5.02
15.1
30.1
20.12
5.08
10.04
25.12
10.06
5.06
147.0
30.06
5.02
15.02
15.06
5.04
10.1
140.48
157.02
5.02
200.16
279.12
25.1
137.02
5.02
5.06
15.06
5.04
5.04
10.1
20.08
10.04
15.06
120.44
5.02
5.06
10.04
117.08
20.1
558.22
548.22
5.02
5.02
5.0
568.24
659.48
5.02
15.08
10.04
5.02
15.08
43.56
10.06
5.04
13.92
146.96
36.08
10.06
10.02
5.02
25.08
20.06
5.0
21.48
5.04
20.14
10.02
20.08
15.06
25.06
5.06
5.06
5.06
5.08
5.06
15.04
5.04
20.04
11.7
5.1
152.04
20.08
20.06
15.08
10.02
46.64
15.1
5.02
10.04
10.1
76.28
20.04
20.08
20.06
25.12
10.1
5.08
10.06
10.08
5.02
20.08
548.24
5.08
10.04
10.04
552.84
5.06
5.06
33.64
10.04
119.16
5.12
10.06
5.06
20.06
20.06
10.08
5.02
20.12
10.02
5.02
5.08
10.04
5.06
10.02
147.16
5.1
5.06
10.02
68.96
10.06
5.02
5.08
5.06
20.06
5.04
108.98
20.04
5.0
10.08
20.12
5.06
151.98
10.06
5.06
10.06
10.08
5.04
152.06
5.02
5.04
5.04
11.4
10.08
10.1
5.04
10.04
5.02
20.12
10.06
5.1
10.04
10.08
20.08
25.08
15.06
20.06
5.04
10.1
20.12
20.66
558.24
151.88
10.04
15.04
10.06
152.1
5.04
5.08
5.04
5.02
10.02
5.08
146.04
152.0
20.08
147.1
5.06
151.8
15.12
20.08
10.08
20.08
73.88
10.1
20.04
123.5
20.02
25.08
10.1
20.04
5.06
20.04
5.06
20.08
25.1
5.06
5.02
20.1
5.06
5.06
10.08
20.08
10.08
5.02
5.06
15.08
106.48
15.1
5.04
30.14
33.3
10.04
15.16
15.02
10.06
10.1
10.68
189.04
20.06
20.1
28.28
15.08
114.16
10.06
5.1
5.06
10.02
5.04
5.04
10.08
20.14
41.28
147.14
141.96
5.04
15.04
136.92
64.46
5.02
10.02
20.08
15.06
5.02
5.0
5.06
5.06
5.02
20.08
5.02
15.06
10.08
15.06
15.14
15.1
152.14
10.08
5.02
10.04
15.06
5.06
30.12
20.06
11.72
15.08
25.08
20.12
15.12
10.04
5.04
20.12
137.06
15.12
5.04
10.12
20.12
10.06
5.04
5.04
30.1
5.04
5.04
20.08
15.02
15.08
15.08
5.08
15.02
15.1
20.12
136.98
5.06
10.06
20.06
146.94
95.82
5.02
10.1
5.02
15.04
5.08
20.06
5.08
20.1
5.06
10.04
78.34
10.06
55.72
15.1
25.08
10.04
63.12
10.1
5.06
5.06
25.08
113.44
10.04
98.84
5.04
46.28
15.12
88.68
5.04
20.1
10.08
20.08
10.1
15.12
136.96
10.04
20.08
151.94
5.02
5.02
5.08
5.08
15.06
20.04
10.04
142.1
5.04
5.08
5.06
5.02
5.04
5.04
10.06
10.08
10.02
15.1
15.06
10.04
10.08
10.1
15.1
12.58
191.64
24.04
58.64
18.7
5.06
64.44
83.4
5.0
135.08
5.06
5.02
20.06
20.04
5.02
146.94
5.06
152.06
15.08
20.1
5.04
20.08
10.06
15.1
20.12
5.06
135.66
20.08
5.1
20.08
141.94
152.0
10.08
15.02
10.08
20.06
5.0
15.1
5.02
20.06
5.04
15.06
10.08
20.02
548.02
15.1
15.1
10.02
20.08
5.06
25.1
25.06
10.12
5.04
15.06
5.04
15.04
10.04
10.06
5.04
5.02
10.06
20.06
5.02
15.08
20.1
5.0
5.06
25.1
126.88
5.06
25.14
136.94
5.04
20.04
15.08
30.1
25.1
20.12
10.02
5.06
5.08
20.08
5.04
5.04
15.06
5.06
20.08
141.98
5.16
5.08
5.02
5.06
5.04
5.06
15.08
5.06
5.02
25.1
5.04
185.66
15.08
30.08
5.06
10.06
136.98
61.74
142.02
20.08
5.06
30.08
56.28
5.04
115.56
20.04
20.1
15.08
5.04
20.08
30.12
10.04
5.04
15.1
5.02
15.08
25.06
10.04
20.06
10.06
15.04
5.12
5.02
137.0
20.06
25.68
10.1
274.02
25.12
5.06
152.04
5.08
20.12
10.02
5.04
20.1
147.04
20.1
20.08
15.04
10.04
15.08
5.0
5.08
142.06
20.1
20.08
5.02
15.1
54.22
15.08
20.06
5.02
93.7
152.06
25.08
5.06
20.08
5.04
10.08
137.06
142.08
5.04
30.76
5.04
147.0
5.04
10.08
10.06
10.04
5.04
25.08
10.06
10.1
5.06
5.0
146.98
5.04
5.02
59.84
20.14
5.06
20.08
20.06
5.06
10.06
15.04
15.04
25.08
147.02
248.32
273.34
284.12
5.08
126.08
10.04
15.1
15.08
5.02
18.82
15.06
20.08
5.12
20.08
20.12
137.0
146.96
16.76
5.02
20.04
5.08
20.06
15.06
15.08
20.1
5.06
253.34
5.02
137.04
167.12
15.08
151.98
15.12
147.08
25.1
5.04
5.04
5.06
10.08
5.04
5.04
20.06
5.1
5.06
20.06
5.08
5.02
10.04
5.02
5.02
15.06
5.04
10.08
162.0
10.02
5.02
5.06
5.02
5.08
20.08
5.08
10.02
5.04
5.02
41.34
20.06
5.06
20.02
5.06
5.02
5.06
20.14
5.02
10.0
15.06
15.04
15.14
10.02
5.06
10.04
5.08
20.12
20.12
10.04
5.0
25.1
10.08
20.12
15.12
25.04
31.68
108.76
15.08
139.7
5.04
5.02
10.04
5.02
20.08
25.1
5.1
30.06
5.04
5.04
5.04
5.14
5.06
5.08
10.06
10.06
5.04
10.02
15.1
15.06
10.14
20.08
10.06
20.06
20.06
5.06
15.1
36.04
5.0
5.04
5.04
5.04
15.08
20.1
5.06
25.1
5.0
15.06
10.06
147.02
15.14
29.64
25.08
5.06
5.06
5.14
5.02
5.06
15.08
152.0
10.12
5.02
10.02
10.08
5.04
5.06
20.1
5.08
5.12
15.98
142.04
20.1
10.08
5.1
15.12
142.0
5.02
5.06
59.8
5.04
5.1
25.12
5.04
71.74
25.1
5.06
553.36
20.06
10.04
25.06
5.04
20.1
10.02
5.06
20.12
8.9
10.1
5.04
25.1
25.08
15.06
5.04
15.06
10.08
83.3
10.08
10.02
188.96
5.02
5.04
146.94
5.08
71.1
146.9
5.06
5.06
10.06
5.08
15.1
10.0
5.02
15.1
5.06
5.06
10.02
25.12
39.56
5.06
5.1
20.1
15.1
5.06
15.06
5.02
157.12
5.08
10.12
5.04
15.04
57.9
5.04
5.06
142.06
20.1
10.02
10.04
5.06
10.08
10.06
15.08
203.44
35.06
15.06
5.04
20.08
15.1
15.08
20.06
10.06
15.1
568.22
36.74
20.12
20.12
5.04
485.28
10.02
15.06
10.08
15.06
37.24
15.1
5.04
5.02
36.3
10.06
5.06
30.04
10.08
5.06
152.0
5.08
5.08
548.28
10.06
5.04
5.1
5.06
5.0
20.06
10.1
25.06
20.12
5.06
5.06
15.06
5.1
20.08
20.1
15.1
10.08
20.08
20.06
20.08
20.08
5.06
16.8
20.04
5.02
20.08
30.1
10.08
20.14
10.08
61.52
74.08
88.34
30.1
146.94
5.06
10.08
152.06
10.06
5.08
15.06
20.06
15.16
5.1
5.06
5.02
5.1
29.18
20.12
15.02
20.06
25.42
5.08
10.04
15.04
20.04
15.04
5.04
5.02
15.08
5.06
5.04
15.04
234.84
147.04
51.3
15.06
5.06
139.0
15.12
142.0
15.04
20.12
111.38
15.08
39.1
5.08
5.06
15.06
15.06
5.04
5.04
15.06
15.1
20.04
25.12
10.06
15.06
55.18
15.08
10.04
171.18
15.06
15.1
137.06
5.02
15.06
15.14
152.1
10.1
20.06
10.12
23.06
20.1
20.1
25.06
5.08
151.94
5.06
10.08
20.1
5.02
20.08
5.04
5.02
5.06
15.06
10.06
5.04
10.1
5.06
152.02
25.08
10.04
5.02
146.98
89.92
5.04
10.1
20.08
5.06
20.08
5.08
5.08
15.06
10.06
10.08
396.76
5.06
5.04
20.1
10.08
137.1
20.06
5.04
15.1
5.04
5.04
10.08
20.12
5.06
5.06
5.04
5.08
15.1
5.04
20.1
5.06
15.08
10.04
5.06
5.06
142.04
20.08
142.08
78.82
15.14
10.08
52.64
20.04
52.32
20.1
20.06
5.06
553.18
10.1
5.04
30.12
5.02
5.02
10.08
10.02
273.84
136.98
10.08
20.04
96.0
5.06
20.08
5.08
77.5
15.1
149.6
159.56
20.06
10.0
38.22
5.08
20.1
20.0
15.08
451.28
5.04
5.02
27.82
20.08
5.04
147.04
10.04
5.04
20.06
5.02
20.1
15.06
5.08
10.08
10.1
15.08
5.06
5.06
10.04
288.98
142.04
5.0
5.04
15.1
532.1
5.02
6.52
5.04
5.04
35.14
10.0
5.06
20.08
25.06
10.1
32.96
20.04
15.08
40.78
5.06
147.02
5.02
20.04
5.04
5.04
15.04
20.06
5.0
25.06
284.02
10.06
152.1
5.06
10.06
25.1
152.02
15.1
15.12
29.38
10.08
10.04
5.02
10.06
20.12
5.1
59.0
10.04
20.12
147.04
157.94
15.1
137.04
10.04
15.1
5.06
15.02
55.52
20.1
152.06
10.08
20.1
15.06
5.04
20.08
647.54
15.08
563.32
162.24
167.06
151.76
25.04
46.72
15.14
5.04
5.04
10.12
10.06
5.02
10.04
10.08
136.92
146.98
5.1
20.1
20.08
10.08
20.1
10.1
20.12
10.06
152.02
15.08
25.04
10.06
143.24
10.04
25.12
5.06
15.1
5.12
25.1
5.04
5.04
20.06
5.04
20.06
25.1
5.04
535.76
5.02
5.08
157.1
10.06
136.94
20.04
5.04
152.0
10.06
10.04
20.1
5.04
20.22
264.6
20.1
5.02
10.08
20.1
20.06
5.04
20.06
10.02
5.04
35.14
5.06
137.0
5.06
121.12
90.6
273.92
273.96
141.48
132.22
5.06
20.08
5.02
99.88
10.1
5.06
20.1
20.02
20.14
25.1
10.02
20.06
5.1
15.08
20.06
20.08
20.08
15.06
25.12
15.12
5.04
15.06
5.04
5.06
64.96
5.02
5.02
142.04
137.02
147.08
214.34
10.1
20.04
5.06
5.04
38.64
15.14
25.1
5.12
20.08
10.08
15.1
5.04
5.04
20.06
5.02
5.06
70.76
5.06
15.08
10.08
10.14
20.06
30.2
147.06
20.1
20.1
15.08
151.92
5.06
553.36
110.74
141.96
25.1
25.1
20.1
15.04
136.92
5.02
32.14
20.1
5.04
49.44
5.02
15.08
15.06
10.02
10.08
10.08
161.98
152.1
136.84
61.7
128.38
20.12
5.06
5.08
20.04
152.02
69.12
15.08
5.02
21.82
10.04
5.1
15.06
10.04
30.34
25.06
274.04
136.98
5.02
20.06
10.0
25.02
147.08
146.86
10.04
10.06
5.04
5.02
15.12
15.06
10.08
15.04
20.04
10.04
20.1
20.1
10.06
77.16
10.04
5.0
15.0
25.12
21.5
10.08
15.04
25.12
5.06
60.58
5.06
5.06
5.1
36.16
5.06
5.02
5.02
180.06
25.06
20.12
10.08
15.06
107.5
73.72
151.98
167.02
146.84
20.1
20.12
10.08
10.06
5.1
15.06
15.0
5.0
15.06
10.08
5.02
25.06
15.08
10.06
5.06
10.06
5.02
15.06
25.1
5.1
5.06
5.04
20.04
10.0
15.08
20.08
20.06
21.14
10.0
5.04
10.02
249.96
10.02
167.06
20.1
15.04
141.98
115.46
10.04
15.06
5.04
5.02
10.02
15.06
5.04
10.06
10.06
381.38
20.1
20.06
20.02
152.1
137.12
10.08
15.04
20.1
20.08
20.1
5.02
20.1
22.58
15.06
10.06
20.1
5.04
58.74
5.04
10.1
10.08
10.12
20.08
5.06
10.08
116.76
5.02
20.1
15.04
5.06
151.98
5.02
10.1
10.08
5.04
142.06
5.02
137.02
20.08
15.08
273.96
130.32
20.1
20.1
5.08
5.06
5.06
10.02
497.32
10.08
147.02
10.04
152.04
5.08
10.04
5.02
15.06
15.12
5.02
15.04
20.14
5.02
5.02
5.0
20.02
10.04
5.08
5.04
20.1
10.14
20.08
5.1
20.1
25.12
65.22
30.12
146.96
5.04
5.02
158.68
10.08
5.06
5.04
10.08
5.02
10.04
5.06
15.06
5.06
15.1
15.08
10.06
20.02
20.08
10.04
5.04
16.94
10.08
134.0
20.06
5.06
122.42
5.04
147.04
5.04
5.04
147.0
15.06
5.1
20.04
5.04
123.22
5.1
15.04
20.12
10.04
15.04
5.04
10.06
10.08
20.1
5.06
15.04
15.06
5.06
5.02
20.12
70.28
147.16
10.08
5.06
5.08
20.1
5.04
156.98
157.06
20.0
15.06
78.08
20.06
224.2
25.14
10.08
5.08
15.02
15.06
5.1
5.06
10.06
548.34
5.12
15.06
25.1
5.02
25.06
20.16
15.06
20.1
15.02
152.02
15.06
5.08
152.06
20.04
15.08
5.06
10.04
15.0
25.12
5.14
5.08
20.12
146.94
10.1
5.06
117.62
15.04
5.04
147.02
5.02
20.1
10.06
147.06
25.76
5.02
5.04
157.0
5.06
5.06
15.0
5.02
133.08
5.04
33.92
22.36
25.08
152.0
20.06
99.52
5.06
10.04
20.04
5.08
15.08
20.06
10.04
5.06
20.1
76.82
25.12
185.48
10.04
20.1
142.06
147.08
5.04
142.0
15.1
5.04
15.08
81.56
142.06
11.94
5.06
5.02
5.02
137.04
5.08
5.1
25.08
10.14
25.1
273.88
15.12
274.0
48.8
142.06
20.06
10.04
20.06
5.06
20.1
15.1
10.06
15.12
136.98
5.04
15.06
10.08
146.94
10.02
5.06
15.12
5.02
29.02
141.94
31.02
5.04
5.02
5.06
40.1
20.08
25.12
10.06
25.08
20.08
137.08
10.08
15.08
355.42
15.12
15.04
10.04
5.1
15.12
5.06
20.1
20.1
5.08
6.5
5.06
5.04
5.04
10.08
5.04
10.04
20.08
142.0
136.96
5.0
5.06
15.06
5.06
20.1
15.08
5.06
5.06
553.3
10.06
10.08
137.04
166.36
5.04
553.16
5.06
20.08
5.02
25.06
5.08
20.04
5.06
147.0
5.08
54.3
10.36
5.08
89.9
5.06
15.08
5.06
137.0
25.14
20.06
10.04
20.08
5.02
5.04
5.02
5.04
94.88
10.02
15.08
142.0
10.1
20.08
5.08
10.08
10.1
20.1
15.1
5.02
20.08
5.06
10.0
5.04
10.02
5.06
15.04
51.24
20.12
142.0
5.06
43.14
5.04
5.02
10.1
10.04
20.12
5.06
5.08
20.12
10.04
15.04
42.66
142.04
137.0
162.0
5.06
10.04
152.04
20.1
20.08
5.04
20.06
5.06
5.06
5.06
20.06
553.22
25.06
5.04
184.02
15.08
222.62
138.04
5.02
10.04
20.92
137.0
5.06
152.0
5.02
20.06
10.04
136.96
10.02
5.04
98.88
15.1
10.12
10.04
415.98
463.02
137.0
5.02
5.06
5.0
137.08
5.08
5.02
15.14
5.08
5.1
5.02
10.08
15.04
25.08
5.12
14.3
20.1
5.04
20.1
5.02
10.08
25.12
25.08
548.18
5.06
15.06
15.1
5.04
5.04
5.08
20.08
5.04
5.04
25.06
5.08
10.08
10.06
20.1
25.12
15.08
5.04
15.06
15.12
10.06
15.08
20.04
15.1
10.04
15.08
15.08
20.06
10.04
15.08
20.08
20.12
5.06
10.08
36.94
15.06
10.08
5.06
10.06
5.08
20.16
136.98
15.08
558.46
5.02
5.04
15.06
10.06
5.08
5.04
5.02
25.06
15.12
147.04
137.08
148.18
10.02
10.08
15.06
10.12
5.08
25.08
10.1
10.06
20.1
5.02
10.06
10.04
15.1
5.1
20.08
563.28
10.06
15.1
15.1
557.68
5.06
5.08
55.12
5.02
553.26
5.02
5.08
5.08
5.06
496.94
20.06
15.04
5.06
25.1
20.06
161.98
5.04
10.04
5.02
15.08
5.06
152.06
137.04
30.1
15.08
15.04
15.04
20.04
5.1
25.1
42.96
63.82
25.06
25.06
41.52
5.04
147.02
5.1
15.08
15.1
20.06
25.14
10.04
15.1
15.06
20.04
159.04
20.1
141.94
142.12
5.02
136.92
5.02
5.12
5.06
15.06
5.06
10.1
5.02
20.12
25.12
5.0
15.12
35.08
15.08
5.06
49.02
15.0
5.06
5.1
5.08
5.06
10.1
66.92
5.06
147.16
142.04
5.02
5.08
20.06
20.04
66.9
10.04
5.06
5.06
5.04
142.12
5.1
5.06
5.06
86.1
5.02
30.1
10.02
50.06
20.12
5.04
15.08
15.06
10.02
20.04
5.08
15.08
5.02
15.04
5.0
10.08
25.12
10.0
20.04
5.02
20.08
15.1
5.06
5.04
5.04
15.1
20.06
5.08
10.04
5.04
137.1
15.12
10.06
48.48
188.84
15.1
205.38
10.06
49.98
10.06
15.06
5.08
5.02
25.12
5.1
5.08
5.04
146.96
5.08
15.0
20.06
5.06
10.1
5.08
20.06
15.1
20.08
25.14
25.08
15.08
15.04
5.02
5.04
20.06
67.12
10.04
20.08
5.08
15.1
10.08
162.04
5.04
15.08
5.02
25.06
20.1
5.06
5.08
146.98
25.06
15.08
563.34
15.04
10.06
10.0
20.12
10.1
5.06
20.16
25.08
15.16
7.1
5.06
5.06
10.08
5.08
5.02
20.1
35.14
10.06
5.04
116.54
15.08
5.08
10.06
20.04
10.08
20.1
5.1
5.08
10.06
20.12
5.04
10.04
5.02
20.06
10.04
563.42
15.12
10.04
5.08
5.04
20.06
15.04
106.14
20.06
10.16
5.06
105.44
10.12
5.08
20.06
15.02
20.08
20.26
15.06
20.08
20.08
10.02
146.9
5.06
10.08
5.04
61.58
10.02
36.46
15.06
5.02
15.08
5.06
15.12
15.02
5.02
50.64
15.18
30.1
5.06
25.14
5.08
146.94
5.06
5.08
10.12
137.04
20.18
5.02
20.04
5.1
10.1
5.0
5.08
20.12
5.02
20.06
20.1
5.04
5.04
15.04
5.04
10.08
5.1
142.02
332.46
5.04
16.18
24.9
10.04
10.04
152.04
5.0
15.08
5.04
147.0
20.06
5.04
5.08
15.08
5.0
10.04
15.04
20.12
25.08
5.02
10.04
5.04
5.04
20.04
30.08
5.04
15.08
10.04
152.1
30.08
10.06
5.0
10.04
20.06
20.14
15.04
10.08
15.06
20.06
10.06
10.04
5.06
15.08
5.02
10.04
10.12
5.02
10.88
142.08
5.12
15.06
5.08
136.96
15.06
20.12
20.04
5.1
142.06
10.08
137.08
15.08
10.04
15.1
10.06
10.12
20.02
335.48
5.04
5.02
5.02
20.06
27.86
146.02
30.08
568.34
5.02
10.1
5.08
5.02
5.1
10.06
10.06
20.06
20.1
10.08
15.06
5.06
99.04
136.98
20.08
5.06
285.16
5.04
30.12
20.04
20.1
15.08
20.06
5.08
15.04
15.1
15.04
10.04
329.9
15.08
15.06
20.16
5.06
146.92
15.02
5.06
20.08
29.96
15.04
5.02
156.88
65.54
15.04
10.08
15.08
120.24
71.9
10.08
283.96
151.98
10.1
134.4
15.06
92.58
125.56
15.08
15.06
10.02
5.04
20.06
20.1
548.14
20.12
15.12
63.98
10.04
25.06
5.08
21.12
11.66
5.02
137.04
146.94
15.1
15.06
52.8
152.08
118.88
5.02
76.6
15.04
30.14
10.04
15.08
152.04
79.3
25.08
20.08
15.06
61.6
15.06
15.1
5.04
20.1
10.12
5.04
5.02
15.04
70.64
5.02
10.06
17.36
5.0
20.06
10.04
10.04
20.06
5.02
5.1
11.72
16.74
10.1
10.04
25.04
20.1
5.04
25.08
5.06
20.08
20.12
5.06
20.1
5.08
10.04
10.08
5.04
5.06
5.1
30.08
25.08
5.04
152.0
63.32
10.06
33.1
5.02
20.04
5.0
10.06
151.98
15.08
25.06
563.24
5.1
5.04
6.42
15.06
10.08
10.12
5.04
20.14
10.06
5.06
20.1
95.02
20.06
15.06
5.0
151.98
15.94
10.06
20.06
5.06
30.12
35.68
5.04
20.08
15.08
25.06
10.06
112.58
10.06
5.02
20.04
20.06
10.1
142.14
15.1
5.02
10.04
152.08
5.06
10.08
5.02
386.48
15.06
10.06
15.08
15.08
49.02
530.08
20.12
5.04
5.04
10.04
5.0
5.06
10.08
25.1
65.82
15.06
30.12
5.06
15.1
5.06
20.1
5.06
5.04
15.08
15.1
10.08
15.02
49.12
15.04
15.08
5.04
20.1
21.76
15.06
20.08
81.18
5.1
18.92
10.1
49.7
5.06
25.08
5.1
56.36
5.02
5.04
558.24
15.08
20.06
10.04
10.06
17.66
5.06
152.02
20.08
137.04
20.04
15.1
5.06
5.06
5.08
20.08
15.06
20.06
20.12
15.08
5.1
5.02
10.1
100.12
160.04
60.78
97.76
5.06
30.14
10.1
10.1
64.38
5.04
25.14
513.04
5.08
15.12
558.18
5.04
370.1
20.08
15.04
5.06
5.08
20.06
15.1
15.12
25.12
5.04
5.04
15.04
10.08
10.08
15.04
5.02
20.06
20.1
156.96
152.08
20.04
5.06
15.04
10.1
25.06
136.92
15.08
5.06
20.08
10.04
25.08
10.08
15.08
288.84
63.12
5.04
5.02
5.02
274.0
15.08
284.0
15.0
5.04
5.04
20.06
278.86
106.82
219.38
46.7
20.04
5.06
5.06
156.96
20.12
136.9
10.06
156.98
5.04
5.06
15.08
5.08
25.06
10.06
10.0
10.1
5.08
5.1
15.12
152.04
137.0
5.04
20.1
29.54
15.08
10.02
5.0
20.08
5.08
20.1
5.06
20.1
5.0
15.08
20.02
10.02
5.02
5.02
10.0
20.1
137.02
20.06
5.02
5.06
5.08
30.08
147.02
5.04
25.06
5.1
5.08
5.04
152.04
20.06
15.02
5.04
142.08
5.0
50.66
5.06
21.82
5.0
20.1
25.1
10.08
5.04
10.04
5.06
10.06
20.12
5.04
10.04
16.64
5.02
25.04
5.06
10.08
151.98
33.4
5.06
10.04
5.1
5.04
10.06
5.12
10.08
15.08
5.06
20.58
15.1
5.0
24.42
15.1
20.04
10.04
558.14
20.08
20.12
10.02
5.02
10.14
5.02
15.12
10.06
5.1
5.1
5.08
10.08
20.1
15.06
20.06
5.02
20.1
20.06
85.16
15.08
20.08
5.02
137.0
20.04
94.62
5.04
5.02
5.08
15.04
10.04
5.08
15.06
5.02
20.06
10.08
25.14
5.06
20.06
40.06
5.02
20.08
10.1
5.1
20.08
20.08
20.1
15.04
15.0
5.0
5.06
15.16
5.04
5.06
15.1
10.02
5.02
5.04
5.08
142.04
278.82
5.04
5.06
15.02
20.1
20.04
20.08
5.04
15.08
5.06
10.1
10.06
5.06
5.22
147.06
5.0
15.1
5.06
5.06
137.0
57.32
128.66
30.76
5.02
5.08
5.06
41.82
10.06
136.94
20.06
20.08
142.2
25.04
5.06
5.02
20.1
25.1
20.06
5.02
15.14
10.04
20.12
5.08
5.02
487.86
20.04
20.04
5.04
5.04
5.04
10.04
20.1
5.08
141.94
5.04
141.98
15.04
5.0
10.08
136.66
5.04
15.1
15.08
82.48
40.3
5.04
273.98
5.04
5.08
5.12
5.08
558.18
5.08
5.06
5.06
5.08
10.08
25.1
5.06
5.02
25.08
5.04
20.1
25.1
5.08
5.04
10.02
25.12
20.08
5.06
10.02
5.0
25.5
10.06
5.0
49.48
10.06
5.08
5.02
5.04
20.08
20.1
15.06
20.1
137.06
5.02
30.1
5.04
5.04
141.96
66.74
20.04
5.04
10.02
5.08
80.0
10.04
10.06
20.04
10.04
20.12
20.1
10.1
10.1
5.04
47.34
5.08
5.04
125.94
10.04
141.96
5.04
157.08
5.08
151.96
10.06
10.04
5.02
25.12
5.02
5.04
5.06
5.0
5.04
20.02
25.08
25.08
5.02
146.96
137.12
10.06
5.04
141.9
5.02
134.86
15.1
141.76
5.1
5.04
25.1
10.08
15.02
10.06
20.06
20.08
5.04
25.12
20.1
5.02
5.06
15.08
20.1
10.02
63.8
20.1
10.06
20.12
15.1
5.04
30.08
15.08
15.08
10.1
10.06
10.02
5.08
75.68
5.02
10.06
25.06
137.0
5.0
46.04
15.04
283.86
130.0
5.06
553.06
10.06
15.06
5.04
5.1
5.06
20.08
15.08
10.06
20.0
20.04
5.02
5.0
5.06
10.06
5.02
25.08
10.08
5.06
10.04
5.04
5.06
5.02
15.18
5.06
5.04
15.08
50.62
15.08
10.06
5.02
10.06
20.06
20.1
31.62
136.94
20.04
15.08
25.06
20.08
20.04
5.04
5.0
35.12
283.94
5.06
10.06
274.0
5.08
141.96
15.08
5.08
5.04
142.1
20.12
30.08
15.1
20.1
5.06
5.04
20.08
5.06
5.06
141.94
15.02
10.06
154.64
5.06
5.02
152.08
15.1
10.02
10.04
25.08
5.04
278.94
15.08
142.0
5.02
5.02
15.14
5.0
10.1
5.1
5.06
20.06
5.08
5.04
10.04
146.92
15.08
171.04
20.08
10.12
20.04
20.08
30.16
20.12
134.6
5.04
20.1
10.08
10.0
151.9
10.04
10.12
5.02
20.06
5.02
10.12
5.06
15.1
5.02
25.08
20.04
25.1
20.02
15.1
58.8
95.68
149.48
20.08
5.02
5.08
20.06
10.1
30.12
10.08
5.02
20.06
10.02
20.14
15.08
5.04
15.08
5.1
25.1
10.04
5.14
25.04
20.06
5.02
35.12
30.58
5.04
15.08
20.08
15.08
10.04
15.04
5.06
15.1
10.06
10.0
15.08
5.06
10.3
5.02
5.1
235.2
15.1
137.18
20.06
25.1
5.06
20.08
5.02
15.08
5.04
15.1
10.06
10.04
20.1
553.24
20.02
10.14
20.06
15.08
5.02
15.08
15.08
5.02
5.04
5.08
152.04
10.04
20.1
25.06
5.04
10.08
15.04
10.02
5.08
5.1
5.02
5.06
5.06
5.04
152.1
15.06
5.1
5.02
10.1
5.06
137.0
137.08
5.02
232.54
108.76
31.48
20.14
15.06
5.02
137.02
15.08
151.92
146.94
147.04
25.1
15.1
548.22
20.1
5.02
5.04
179.3
5.1
141.92
5.02
5.08
15.12
5.06
10.08
20.08
25.12
5.02
37.26
15.06
5.06
10.08
20.08
15.08
15.1
5.02
5.02
5.08
5.04
15.04
15.04
15.02
20.08
10.1
5.06
5.04
10.04
15.04
25.06
5.04
16.66
79.18
159.04
176.08
20.08
25.08
20.04
5.04
10.04
30.12
15.08
20.08
5.06
15.08
5.04
20.08
20.14
25.08
5.1
5.04
15.04
25.06
10.04
10.0
25.12
5.06
20.16
5.06
5.08
10.06
137.0
5.04
15.08
152.08
5.04
5.06
20.08
15.08
25.08
5.06
15.08
20.08
5.08
20.08
152.14
5.06
5.06
15.04
5.0
5.08
20.06
5.04
25.12
10.08
89.6
112.04
15.06
37.24
20.08
5.06
15.08
10.08
136.92
5.08
25.08
82.96
17.76
5.1
10.04
10.06
10.08
136.96
15.04
20.46
10.06
5.02
151.5
15.08
15.06
5.06
126.12
25.08
141.96
113.26
20.08
25.08
157.04
136.96
5.08
5.08
35.16
15.1
20.08
5.08
10.06
5.02
10.08
25.08
10.04
20.1
15.06
5.04
5.04
5.06
20.12
5.06
5.04
20.06
15.1
10.12
20.1
5.04
5.02
10.02
20.08
20.0
5.02
5.02
5.0
5.08
15.1
5.0
25.06
10.06
20.1
10.06
5.02
20.06
15.0
49.42
15.08
100.88
25.1
5.04
25.12
67.16
10.06
5.06
5.06
15.08
82.92
5.02
15.1
10.06
20.12
5.04
143.26
20.06
5.04
10.02
23.52
283.86
20.14
284.02
20.04
152.12
15.04
5.1
10.08
15.06
20.12
10.04
5.06
15.08
5.06
5.1
10.1
20.1
10.04
10.08
25.12
5.04
5.12
15.08
15.08
147.0
5.04
5.02
5.02
139.96
10.04
20.1
5.02
30.06
20.08
15.08
5.02
135.18
20.08
20.04
15.0
5.04
25.12
5.04
15.02
5.0
10.08
20.08
151.9
5.0
20.1
15.08
5.08
5.06
10.02
51.3
112.9
15.04
97.42
88.12
15.08
10.1
5.0
15.02
20.08
20.08
10.12
10.08
10.06
172.16
162.16
5.08
5.06
10.1
30.1
5.04
5.06
25.1
5.08
5.08
10.04
5.02
15.12
20.06
5.04
5.1
5.02
5.06
147.12
10.08
104.02
152.08
5.06
152.04
10.08
5.06
15.08
142.0
20.08
5.08
5.08
5.06
20.06
20.14
15.04
5.08
5.08
20.14
10.16
5.02
15.06
10.06
20.08
30.14
25.08
5.0
5.02
38.12
10.08
15.04
62.84
5.06
10.02
5.04
15.06
15.1
20.1
15.06
20.06
20.08
15.02
20.08
20.08
5.0
16.04
5.0
25.08
25.12
20.04
15.14
5.1
15.02
20.1
10.1
5.08
20.1
15.04
25.12
5.02
142.0
15.08
25.12
5.1
10.02
5.02
5.06
136.92
15.02
141.98
15.06
10.06
25.74
5.02
20.08
15.1
15.06
5.12
156.98
5.04
10.1
5.02
15.04
10.06
20.1
20.12
5.02
20.08
10.08
578.26
5.02
5.02
15.14
25.06
5.04
10.08
5.08
11.68
5.08
15.08
20.06
5.02
152.0
5.08
46.12
5.02
154.12
5.06
169.98
5.04
142.06
10.04
147.0
5.02
10.06
10.1
5.06
10.1
20.1
20.08
5.08
123.14
20.04
20.08
20.02
10.04
30.1
43.98
10.06
15.02
15.06
15.04
15.04
15.08
10.0
10.06
25.08
10.1
39.4
20.06
20.08
5.06
15.06
20.06
62.28
5.04
5.14
10.06
52.42
5.08
20.08
24.56
20.06
10.68
15.06
19.1
15.08
5.02
15.08
5.06
10.06
5.08
137.08
5.06
20.1
15.08
5.04
15.06
20.04
25.12
25.12
20.12
5.0
10.12
5.04
10.08
5.02
15.04
30.1
15.08
10.08
5.04
15.1
5.12
20.08
15.04
5.04
15.82
21.68
5.06
5.06
283.92
251.9
5.06
10.08
5.02
20.1
15.04
151.94
5.08
20.06
10.0
15.08
20.06
15.06
10.04
25.14
10.06
15.04
10.12
5.08
5.06
20.1
25.14
5.02
11.92
51.26
5.08
151.14
10.02
15.06
11.76
30.1
20.12
142.0
5.06
15.08
5.04
20.1
10.08
5.06
15.06
5.1
15.06
20.08
10.06
5.06
15.1
5.06
75.74
15.04
5.02
10.0
5.06
20.12
30.14
10.1
15.06
5.04
10.1
33.6
5.0
5.02
5.06
5.1
5.08
20.08
25.1
20.06
10.1
10.06
25.1
79.32
5.04
5.04
5.0
5.08
20.1
15.08
25.08
25.08
20.1
5.06
15.06
10.06
20.1
5.0
15.0
152.06
10.0
5.02
5.06
108.56
142.14
5.04
10.04
137.0
5.02
20.14
30.18
5.06
10.02
70.72
10.02
20.06
5.06
5.02
142.04
147.04
10.06
10.04
10.06
5.04
48.48
20.06
25.14
5.08
5.0
15.1
20.08
20.06
15.5
147.0
5.08
5.06
5.02
20.08
15.06
5.06
15.14
5.06
20.1
5.04
20.12
41.24
10.04
5.04
231.6
20.08
20.08
20.1
15.06
137.0
15.08
5.04
26.02
5.02
65.84
137.02
151.94
20.1
5.04
62.26
15.06
217.04
5.02
10.1
5.04
15.08
15.08
5.06
15.08
5.0
10.08
5.0
5.08
5.06
20.1
5.04
5.06
15.06
10.08
5.04
30.06
15.12
10.04
15.06
283.98
25.06
20.04
25.06
137.02
10.06
10.08
5.0
5.06
5.06
20.04
5.06
137.04
15.08
20.1
15.04
5.0
5.04
10.04
5.06
5.04
10.04
44.52
5.02
20.1
20.08
10.06
25.14
5.06
5.04
15.12
5.08
5.06
27.6
25.2
20.08
15.06
5.04
5.0
15.08
20.02
5.04
10.06
5.0
20.04
10.04
152.1
5.1
5.1
15.06
20.14
5.06
15.06
20.06
10.14
25.14
142.08
20.06
23.82
30.08
5.02
15.1
141.84
10.14
20.04
137.06
10.1
5.02
22.26
15.06
24.6
15.1
15.06
15.06
5.02
5.04
15.08
20.14
5.08
5.04
5.06
5.02
5.08
141.98
10.1
20.1
15.04
5.04
10.06
5.04
5.06
15.1
18.8
558.24
552.74
25.06
5.06
20.1
75.7
15.1
162.12
5.04
5.04
5.08
147.02
10.02
553.02
20.08
5.1
5.08
535.06
15.06
5.06
15.08
5.08
15.1
15.1
5.06
20.1
147.0
20.12
5.02
20.08
5.04
10.12
20.12
15.08
47.44
185.04
5.04
5.04
5.06
15.06
5.08
10.1
25.12
5.04
10.04
5.02
15.1
15.06
15.1
10.04
10.02
5.04
5.06
10.06
20.06
5.08
5.02
15.1
20.1
30.08
136.92
5.06
8.72
20.06
15.06
10.06
5.06
10.08
20.06
10.08
5.04
15.1
5.02
5.04
25.14
10.02
134.98
5.06
214.08
10.02
15.1
10.1
25.1
25.06
25.1
5.04
20.06
137.0
5.02
25.08
5.06
25.1
10.02
15.08
5.08
10.06
5.06
20.1
5.08
16.54
30.1
10.04
5.04
26.06
5.02
5.1
10.02
152.02
10.06
20.12
23.8
5.08
10.1
5.06
25.1
15.14
5.04
20.08
20.1
10.02
25.12
278.98
10.06
10.08
5.04
25.08
20.1
5.04
18.48
25.1
15.1
15.1
46.16
15.06
147.04
5.04
5.08
10.1
20.04
15.06
5.06
20.1
5.06
15.08
25.12
5.04
9.5
5.02
25.06
15.04
5.06
20.04
15.1
5.04
10.04
15.12
26.82
15.08
20.12
5.04
5.06
10.06
147.0
20.04
15.08
10.04
10.02
10.04
15.08
10.04
5.06
5.0
10.06
35.1
5.06
15.08
15.1
136.92
20.06
20.08
15.04
5.02
20.1
15.1
25.08
15.08
137.02
67.2
5.02
5.02
10.12
25.1
5.02
30.08
5.02
30.14
10.04
5.08
20.14
20.08
10.02
15.08
5.06
5.1
15.06
5.08
25.12
20.08
20.06
10.04
5.06
5.02
25.08
30.08
10.02
152.0
35.14
5.04
226.42
10.04
5.06
20.1
5.04
5.06
142.02
15.06
5.06
20.1
5.04
25.06
5.04
20.08
15.08
10.08
15.08
5.08
5.02
5.06
5.06
10.04
15.08
5.06
563.12
15.02
5.02
5.04
10.36
5.06
5.06
5.06
25.08
10.08
5.04
15.04
15.14
141.98
141.94
288.98
20.04
92.8
5.12
20.04
57.48
15.1
269.34
142.04
15.06
133.66
37.66
20.1
20.1
138.86
141.96
15.06
5.04
5.06
5.02
20.04
5.04
10.08
5.0
26.16
155.56
152.06
15.06
15.06
15.1
142.0
156.96
142.02
148.1
20.08
10.1
10.06
15.02
15.1
20.1
558.28
10.1
136.82
136.98
5.06
15.1
5.02
141.92
15.1
10.08
146.66
118.98
170.18
10.08
15.06
10.08
20.06
15.08
18.2
5.1
15.1
10.1
5.04
15.02
10.12
35.12
5.06
15.06
10.04
127.44
15.04
10.08
20.06
5.04
10.16
10.06
5.06
20.08
25.1
15.06
10.02
20.06
5.08
5.02
5.0
5.04
5.0
20.06
5.08
20.06
20.1
20.04
5.08
15.04
5.08
5.04
10.06
15.08
15.04
5.08
20.06
30.1
30.12
5.02
5.06
5.02
5.02
10.1
15.08
29.24
15.08
67.1
15.06
25.14
5.02
20.08
15.04
20.0
10.08
137.16
202.08
15.08
20.06
5.04
146.94
5.06
147.02
154.28
158.54
78.84
5.08
13.92
12.78
15.08
15.1
15.06
20.06
141.94
10.08
5.04
5.04
142.02
15.06
15.06
10.08
137.0
10.06
42.58
25.04
152.0
103.82
10.04
5.0
5.06
21.74
152.04
5.02
10.04
10.16
10.08
695.16
553.14
5.06
10.12
10.04
10.06
20.08
10.04
48.08
5.04
15.04
20.06
10.06
20.1
20.1
5.02
5.02
10.1
5.04
10.04
5.06
25.12
10.02
146.98
15.08
152.08
152.1
20.1
20.08
5.06
20.08
5.08
5.1
5.1
15.08
20.1
15.1
20.12
15.08
20.04
5.06
5.04
5.04
25.1
20.08
563.24
137.12
10.14
15.06
5.08
5.04
5.02
5.04
15.08
15.12
15.12
10.1
15.1
20.08
5.06
20.06
5.0
5.02
15.06
5.0
62.36
100.22
141.96
274.0
5.02
136.84
142.06
10.06
25.1
20.08
15.08
5.02
137.08
15.06
164.62
142.06
10.02
15.06
152.08
5.08
20.08
20.1
20.08
5.02
15.04
20.08
154.04
5.08
5.02
15.14
25.08
15.06
142.0
5.04
5.08
15.04
15.02
44.94
15.06
59.14
35.9
5.06
15.06
5.04
5.06
15.06
15.04
5.06
15.08
10.04
5.08
25.12
10.06
5.02
15.08
5.04
5.06
5.06
5.04
5.06
10.04
140.92
5.02
15.08
5.02
157.04
20.08
20.12
33.08
5.06
25.06
5.04
10.08
146.92
152.06
10.04
137.02
5.06
25.08
15.06
5.06
10.08
15.06
5.06
15.02
10.12
32.8
15.08
15.02
142.08
137.08
147.04
5.04
15.1
5.04
5.08
10.06
137.1
15.08
20.12
5.06
25.14
10.1
10.06
15.04
20.12
15.04
15.06
5.06
15.06
10.08
10.04
10.0
10.06
15.06
20.46
110.64
152.06
15.06
5.0
10.04
25.04
10.1
25.08
10.02
5.04
15.06
15.04
5.02
5.02
5.02
5.04
30.1
5.02
5.06
15.1
30.08
5.04
553.3
5.02
5.04
10.08
10.06
20.04
278.9
36.1
15.06
34.26
5.02
548.12
20.04
15.02
5.04
279.0
5.02
20.0
20.08
30.08
5.06
15.1
15.12
20.06
10.1
57.08
20.12
5.04
52.62
278.96
5.02
5.08
25.04
10.06
67.24
274.06
5.06
135.28
273.96
137.0
5.04
388.9
10.06
105.54
25.02
5.06
15.04
20.08
5.04
39.78
5.02
25.1
5.08
5.04
15.08
15.1
15.08
15.08
20.06
10.02
30.1
5.04
5.02
20.08
5.0
5.08
10.06
10.06
119.9
30.08
16.74
15.02
36.04
61.36
5.0
15.08
5.02
10.04
5.04
11.64
28.86
93.64
103.08
5.04
10.04
15.06
5.06
5.06
10.04
20.08
10.02
5.02
25.06
20.12
20.08
107.1
25.06
67.1
5.02
15.06
63.0
157.06
154.82
5.02
15.08
25.1
137.72
42.98
15.08
8.76
25.1
20.06
15.12
5.0
142.02
10.06
139.02
120.92
5.06
15.06
5.04
15.1
15.04
43.98
15.06
15.12
5.06
304.08
142.0
20.08
5.06
7.82
31.5
15.1
15.08
5.0
25.06
20.04
5.02
5.02
20.1
10.04
5.06
10.08
20.06
5.06
30.08
20.04
5.06
15.06
10.06
5.04
5.04
5.06
173.0
10.06
10.08
15.04
35.94
5.08
20.08
5.04
5.04
5.06
10.02
5.08
5.06
142.06
137.08
5.02
5.04
5.06
10.12
5.0
5.02
20.08
88.2
10.06
25.08
15.12
20.06
20.08
10.1
5.04
15.08
10.08
20.04
15.08
10.1
10.08
15.06
15.08
15.04
5.06
5.06
5.06
10.06
5.04
162.14
141.94
5.0
15.08
15.1
5.06
5.06
5.04
5.02
5.02
5.06
10.08
20.04
10.04
25.08
20.06
5.04
20.1
15.1
5.04
20.1
15.06
5.1
20.1
5.1
20.12
110.62
5.04
15.06
5.08
10.1
20.08
15.06
5.04
5.02
15.08
15.02
5.06
20.06
10.1
23.18
20.12
5.1
147.04
25.14
15.06
15.08
5.08
20.1
10.06
10.12
15.08
5.06
10.04
15.06
142.02
93.22
10.04
5.08
91.08
15.06
147.0
20.08
10.02
16.58
15.04
5.04
71.44
10.06
20.06
15.02
5.06
15.02
5.02
5.1
15.06
30.12
5.08
10.04
78.68
553.3
20.06
15.04
15.04
15.08
20.12
29.86
137.02
20.14
15.08
25.1
5.0
137.04
5.04
136.92
142.02
20.04
239.82
15.08
5.04
152.12
10.04
15.02
20.1
15.06
5.04
15.0
5.04
10.06
15.14
152.1
5.1
10.04
114.96
10.08
143.64
5.04
5.1
30.06
20.08
15.06
10.06
5.04
20.08
10.04
20.06
5.04
20.08
20.08
5.06
5.04
20.1
10.02
21.58
10.1
10.08
20.08
15.08
10.04
5.0
15.12
5.08
5.08
20.06
5.04
10.08
5.0
20.04
20.12
77.4
136.94
15.1
35.08
136.94
10.1
5.04
15.08
25.1
10.04
15.12
15.06
10.08
25.08
5.04
31.18
15.06
5.06
5.04
10.04
5.04
10.06
15.06
5.08
20.1
20.12
5.04
10.12
20.12
5.08
5.0
31.08
136.98
90.56
147.12
10.02
10.04
25.1
15.04
20.08
15.06
20.1
5.08
5.02
5.06
15.06
15.06
10.06
5.08
15.0
147.02
5.06
5.06
20.04
116.32
15.06
151.98
5.08
15.08
10.08
5.1
152.04
5.1
78.54
36.12
15.08
20.04
20.08
136.86
141.98
39.4
142.08
5.02
97.14
20.08
10.06
15.06
5.06
5.08
10.04
5.06
5.1
20.06
10.06
28.28
136.98
15.1
10.06
10.04
15.08
15.1
15.06
10.02
20.08
15.08
10.02
10.06
5.02
20.12
30.12
5.02
15.08
20.08
25.12
15.1
25.12
15.06
20.08
88.22
15.08
15.04
5.02
27.94
10.08
15.02
15.06
5.02
15.06
25.1
5.04
5.06
5.08
5.04
10.04
5.04
5.1
5.02
10.04
10.04
5.04
10.18
10.08
146.96
10.06
15.06
20.08
28.32
15.08
274.0
5.06
5.04
20.04
321.62
10.08
142.12
147.06
221.92
20.08
5.04
10.06
5.02
10.08
10.06
5.04
10.1
5.1
5.04
195.24
10.08
212.2
46.88
5.02
156.38
5.0
15.12
5.04
137.02
5.04
10.04
10.08
5.02
15.02
20.08
20.08
15.04
15.08
10.06
5.02
10.1
5.04
5.06
43.5
20.12
10.06
75.26
5.08
279.1
279.08
5.1
142.1
299.94
5.04
5.04
20.1
5.06
100.66
5.06
142.02
15.04
5.06
5.04
15.06
10.04
5.04
157.1
152.0
20.04
15.1
10.06
25.04
15.08
5.06
25.06
15.06
10.02
151.94
157.04
10.04
10.04
10.08
10.08
20.06
5.06
10.08
15.1
15.1
15.1
20.04
10.06
5.06
5.08
61.42
5.02
20.08
20.04
147.08
81.0
25.12
5.08
121.6
63.8
157.08
5.08
5.02
10.12
20.12
71.4
5.1
10.08
15.06
25.1
15.08
10.12
30.1
15.08
278.94
15.06
10.04
25.04
10.04
5.04
5.0
5.02
20.06
273.78
172.1
20.1
20.08
15.12
5.0
10.04
10.08
20.06
5.04
15.0
5.04
35.46
5.08
10.06
20.08
10.08
30.1
10.04
10.08
20.02
15.1
15.02
15.06
20.08
24.9
21.84
124.82
22.64
15.04
137.08
136.96
10.0
25.12
10.06
15.04
5.04
5.08
20.1
5.04
5.06
33.88
105.64
20.08
136.96
5.04
20.1
5.02
20.1
30.1
10.08
15.1
5.04
15.06
141.46
30.1
10.04
5.04
5.1
84.2
136.98
5.08
137.0
5.04
5.06
15.06
100.04
5.1
142.04
5.08
195.48
5.06
15.08
142.0
152.0
10.04
130.44
136.8
5.02
136.98
163.42
146.9
5.1
10.02
15.04
5.0
15.1
5.04
5.04
10.1
15.08
15.08
15.06
20.08
15.1
25.12
20.12
10.08
38.94
20.04
10.54
5.06
5.0
15.0
141.98
20.12
20.1
5.06
15.08
5.02
152.02
156.96
10.1
15.08
103.7
136.02
10.04
10.06
136.98
5.04
25.08
15.1
5.1
20.06
5.06
5.1
5.02
5.02
10.02
15.1
20.1
5.02
5.02
5.06
15.04
20.08
25.12
10.04
5.0
20.08
171.72
5.06
10.04
5.02
82.6
20.08
141.9
226.98
147.2
141.82
20.1
10.04
5.04
15.1
20.14
10.06
67.22
5.0
31.02
134.86
20.08
5.02
157.1
147.0
15.08
136.94
15.1
10.1
10.08
5.06
36.14
141.92
152.08
5.06
15.06
5.06
112.8
5.1
5.04
141.94
25.9
25.06
5.04
10.02
10.08
10.04
15.08
5.06
15.04
489.6
15.1
25.1
10.04
25.08
5.04
60.8
15.04
20.1
5.06
10.02
20.04
15.08
25.06
206.7
5.06
158.94
142.02
20.08
5.06
15.1
147.04
142.24
142.08
5.02
279.04
5.02
10.06
10.1
5.02
65.98
142.06
15.04
5.06
20.12
5.08
20.06
15.1
20.08
15.02
10.12
20.12
15.1
10.06
5.02
25.12
20.06
144.74
15.02
256.4
25.06
137.14
10.08
10.06
5.0
13.86
10.08
5.06
33.68
221.08
5.04
10.06
5.04
5.08
5.04
25.1
5.06
5.12
10.02
5.06
10.08
229.78
39.22
20.12
5.02
5.04
20.12
68.78
137.0
685.18
5.7
152.06
15.04
157.1
5.0
15.06
10.06
5.04
20.06
20.1
520.58
5.1
5.02
142.0
15.06
5.08
10.1
5.08
142.1
5.04
15.08
136.94
15.06
5.02
104.42
91.12
5.04
15.08
5.08
20.1
5.06
15.06
15.1
5.06
10.04
20.08
429.96
10.02
5.1
10.08
5.04
10.06
20.08
15.06
5.02
5.0
5.02
141.98
5.08
20.12
279.14
5.16
20.04
20.06
15.0
25.06
10.1
142.02
152.08
10.02
5.02
10.06
20.04
5.02
15.08
20.06
5.06
20.1
5.02
52.72
20.1
5.02
5.04
5.02
10.04
20.12
20.1
5.04
10.02
5.04
10.12
5.02
20.1
35.14
15.0
5.06
25.12
5.06
15.06
28.08
15.1
5.02
258.28
136.94
15.08
5.08
15.02
59.0
5.1
10.12
10.06
128.98
20.1
5.16
15.08
20.08
15.04
5.12
10.1
20.1
5.02
15.1
186.2
20.04
5.04
151.92
5.04
10.04
20.08
25.14
5.06
10.02
15.12
5.04
20.14
10.02
10.08
121.64
24.02
5.04
5.04
25.06
5.04
20.06
20.1
27.22
5.02
44.14
20.08
10.1
44.76
15.1
5.02
5.0
5.04
10.0
20.12
20.1
10.04
20.1
147.86
5.04
5.08
5.04
548.22
137.06
142.04
30.08
5.04
295.14
20.08
25.12
10.12
5.06
10.08
5.06
10.06
15.08
20.1
15.04
15.04
11.58
20.08
244.44
25.08
10.06
15.02
20.04
10.06
20.12
25.12
15.04
279.02
15.1
82.96
5.08
5.08
10.04
284.02
222.68
15.06
35.12
5.06
124.18
10.06
5.06
146.96
20.1
10.04
136.96
142.04
5.02
10.02
15.1
20.12
147.02
142.1
20.08
137.04
15.06
5.0
5.04
15.06
25.08
5.12
10.04
20.08
25.08
10.02
69.8
25.1
25.1
5.02
10.02
15.1
20.08
30.12
5.08
5.08
5.1
10.04
15.06
120.14
15.02
20.06
15.12
10.06
15.06
5.02
10.04
35.5
10.04
15.06
142.14
5.08
5.04
10.06
5.04
5.06
15.02
10.04
10.04
152.04
10.04
147.0
5.08
5.0
36.14
121.04
5.06
10.06
30.1
157.1
5.04
142.02
136.9
5.02
25.08
113.26
20.08
5.0
123.98
152.04
553.18
152.0
10.04
20.08
15.06
104.34
15.04
15.08
5.02
10.08
25.12
5.02
15.04
15.06
5.02
10.04
15.04
33.16
134.46
20.06
10.08
137.02
10.06
20.02
147.06
15.08
5.04
10.08
15.08
30.12
30.12
5.02
5.06
102.64
15.06
20.1
10.08
10.04
10.06
15.08
10.04
25.12
5.06
10.08
5.04
5.04
20.06
5.02
20.1
141.88
20.08
15.1
15.04
25.08
5.06
20.12
10.08
10.02
157.06
5.06
151.98
91.5
5.04
15.08
5.02
5.04
5.08
20.1
51.56
5.1
167.1
10.06
10.1
10.02
10.1
25.08
5.04
157.02
5.02
15.02
5.02
10.02
20.14
15.06
15.06
5.02
15.0
20.06
137.08
5.06
15.04
5.04
26.0
10.1
5.08
98.58
10.1
10.02
20.04
5.02
25.08
45.04
10.02
5.08
5.02
142.12
20.08
114.32
5.0
10.04
47.7
20.06
5.02
5.06
136.96
10.08
5.04
15.06
5.0
5.04
25.02
5.02
10.1
274.04
15.08
58.0
20.12
15.06
5.06
10.08
15.08
5.1
147.06
5.06
10.04
10.14
5.02
5.02
137.04
10.04
5.04
146.92
20.06
5.04
25.04
558.38
5.08
20.04
15.08
20.1
5.1
15.06
10.08
5.02
25.14
25.08
20.12
25.1
5.1
10.06
15.08
15.1
20.08
10.08
20.06
20.04
10.04
5.04
15.06
20.08
35.14
48.22
146.92
5.0
10.02
5.04
137.0
10.04
10.06
10.0
20.06
5.06
5.02
5.06
20.06
5.04
10.08
15.1
25.1
5.04
558.1
20.1
15.06
5.06
20.08
5.06
15.1
15.08
20.04
15.04
10.1
10.04
5.08
10.04
25.12
20.1
10.06
10.04
5.06
5.02
5.02
15.04
20.06
15.08
10.06
5.08
10.04
5.06
15.1
10.02
15.06
5.08
5.02
5.0
10.08
20.12
15.12
5.04
15.06
5.02
273.94
278.42
5.0
10.04
20.1
10.1
15.08
135.88
18.44
15.1
553.1
5.06
20.04
25.12
5.04
137.06
15.1
10.06
5.06
20.02
5.06
563.3
10.06
5.06
25.04
10.08
5.04
15.02
20.08
5.0
157.02
10.06
5.1
15.06
10.02
10.04
10.06
5.02
20.08
5.04
5.02
20.04
15.08
20.04
20.06
5.06
5.04
10.02
157.04
5.08
15.08
157.02
21.02
5.04
5.02
5.02
20.12
15.06
5.04
15.12
10.04
10.08
5.08
15.04
5.02
10.04
5.06
10.04
5.04
25.1
5.04
10.08
33.9
301.68
142.08
5.02
5.04
21.88
151.9
10.06
10.02
137.1
15.12
25.1
10.06
157.04
25.06
10.08
20.06
15.08
10.12
77.58
5.02
5.1
5.0
10.06
10.04
20.02
15.08
15.12
5.02
5.02
97.38
5.06
15.1
5.06
93.44
10.08
55.46
20.1
5.12
5.08
6.96
5.06
15.08
10.02
25.1
20.08
20.08
10.1
84.8
10.06
136.96
136.92
15.02
5.1
20.12
5.02
15.06
15.06
10.06
5.06
20.08
20.08
30.08
5.1
15.06
5.08
94.82
5.02
10.04
10.08
5.04
5.08
5.02
5.06
10.06
20.1
5.06
15.06
5.04
10.08
31.24
65.82
283.98
136.9
10.06
273.98
283.98
5.0
111.74
5.02
10.08
5.02
10.08
5.02
53.9
10.02
5.08
5.08
20.12
5.04
11.5
10.04
10.08
20.12
10.02
5.02
5.08
135.08
15.08
152.04
141.98
5.04
10.06
15.04
10.06
20.12
10.04
25.1
20.02
5.08
25.1
5.06
106.12
5.04
15.1
20.12
151.98
35.06
20.06
5.04
5.08
5.02
5.06
15.08
15.08
10.04
5.06
5.02
20.1
5.04
15.04
5.02
5.08
627.84
5.04
5.04
10.04
10.04
20.06
5.04
5.08
20.06
20.08
20.14
15.04
5.04
15.1
77.22
157.06
5.02
191.92
147.06
95.16
147.08
147.12
5.1
110.18
20.12
73.16
10.1
20.08
27.5
10.06
15.04
5.06
10.02
10.1
10.06
5.02
563.34
15.06
20.1
146.96
15.08
10.04
10.02
225.16
10.06
53.5
20.08
10.06
10.04
5.04
25.08
5.1
10.04
20.06
5.04
84.34
20.08
10.04
10.04
15.06
10.06
10.08
5.04
10.04
15.08
5.08
15.06
10.04
10.06
5.04
137.0
142.08
20.02
10.08
10.02
30.1
20.14
15.1
25.96
20.12
202.68
5.08
30.1
548.04
15.06
10.02
5.1
30.14
15.04
5.02
5.06
34.42
15.08
5.02
5.0
82.46
97.88
5.02
147.02
162.08
15.12
20.06
10.06
22.72
10.04
5.06
10.02
20.12
5.02
5.08
15.08
5.04
15.1
28.04
157.0
15.08
5.02
152.02
284.12
10.08
123.6
20.08
293.58
10.06
15.12
5.04
5.0
5.08
5.06
20.12
5.04
293.32
20.06
141.94
15.06
15.04
15.04
15.14
15.06
20.1
15.64
5.02
5.08
30.12
284.1
15.08
5.06
5.02
5.06
325.86
20.1
152.1
5.08
5.08
5.04
5.02
10.02
179.72
20.04
20.08
20.08
10.04
5.06
15.06
8.92
5.04
5.04
5.08
5.06
10.08
21.96
10.08
5.02
236.34
25.5
5.06
10.02
10.08
5.06
5.0
20.04
20.12
20.12
5.04
10.06
5.04
5.04
10.02
5.04
15.02
10.04
10.06
141.94
10.08
279.14
15.04
25.08
10.06
15.08
10.1
10.02
5.02
5.04
32.72
141.98
22.24
25.1
145.24
10.02
5.06
15.06
10.1
25.14
10.06
15.08
15.12
10.1
25.12
26.12
578.38
25.04
5.06
115.62
10.1
59.98
15.12
123.68
126.36
50.42
5.02
5.06
10.06
5.02
16.28
57.66
5.08
5.04
10.04
5.04
25.08
20.1
5.04
10.08
15.06
10.06
188.42
294.1
5.02
10.06
20.02
10.08
5.06
10.06
284.02
179.28
5.02
15.04
15.12
20.06
15.06
25.08
5.02
20.06
15.06
10.16
10.08
5.04
10.06
5.02
5.02
85.1
10.02
5.06
20.06
10.04
57.68
25.1
5.0
156.68
20.02
25.08
15.1
10.08
157.02
20.06
147.02
5.06
15.02
17.46
15.08
5.04
268.2
20.04
15.06
10.04
20.02
25.1
5.04
5.06
10.08
24.4
5.02
5.02
20.1
5.04
142.0
10.04
5.02
15.08
279.06
5.06
5.02
25.08
15.06
10.06
10.08
15.08
5.0
15.06
15.02
5.06
5.08
20.1
5.06
15.12
25.06
189.66
10.08
5.04
174.12
15.04
155.8
5.04
15.04
279.0
5.06
10.08
5.04
5.04
10.12
137.0
5.02
147.1
20.1
10.08
5.12
15.0
5.08
25.08
5.08
15.08
25.08
25.1
137.06
5.08
10.04
136.9
10.06
5.04
15.14
30.14
30.08
5.04
15.06
5.04
146.64
141.96
24.66
25.06
20.1
18.56
5.06
136.98
10.04
5.02
10.08
10.1
10.04
20.06
5.06
5.06
20.06
5.04
5.02
5.02
5.04
15.06
20.14
10.02
15.04
35.12
5.02
15.08
142.04
15.14
5.06
25.12
5.06
480.46
576.78
15.06
20.08
30.04
15.04
5.08
137.1
20.1
5.04
5.04
15.1
5.04
25.14
10.08
5.04
20.1
5.1
10.02
25.06
15.04
20.06
15.02
146.72
5.06
15.06
5.08
10.04
5.1
279.06
279.1
15.1
5.0
15.04
5.04
10.04
20.08
5.06
5.02
20.08
40.14
5.06
10.04
20.08
15.06
25.42
10.08
10.02
5.04
10.08
10.08
25.12
20.02
10.04
5.02
10.1
5.04
30.14
10.0
154.78
128.68
5.02
5.02
10.04
5.04
15.06
10.02
10.04
20.08
10.02
5.0
71.48
10.08
10.1
15.02
152.08
162.02
5.18
25.12
20.08
5.04
10.06
10.06
20.1
15.06
147.12
10.04
33.28
5.1
5.0
5.1
20.12
25.1
10.08
5.02
142.0
20.12
142.02
142.04
10.02
5.06
5.0
10.1
5.08
10.04
5.04
20.06
15.04
25.14
152.08
5.04
5.02
15.04
20.1
5.08
10.04
15.12
5.02
20.04
20.1
10.04
411.68
284.04
5.02
5.12
15.04
5.08
5.0
15.04
19.38
10.08
5.1
5.04
5.04
5.02
20.08
15.06
10.04
10.06
10.06
5.02
20.04
15.06
20.06
5.02
142.1
147.02
5.06
5.02
20.08
46.06
5.06
5.02
15.06
5.04
10.04
15.08
10.04
20.06
15.04
10.04
20.06
15.04
15.1
5.06
5.04
66.66
5.04
142.04
15.1
5.04
15.1
20.12
141.98
15.08
25.08
15.06
5.04
5.06
10.04
10.06
10.04
10.08
5.06
198.08
151.94
54.54
15.02
5.06
5.08
10.06
25.12
5.06
15.08
10.04
15.06
15.08
15.04
5.04
20.12
162.06
21.06
5.0
147.02
10.04
25.08
5.06
15.1
5.04
20.04
10.02
5.06
25.12
151.96
20.08
15.08
25.1
10.04
20.1
20.1
10.1
5.06
15.1
5.02
10.04
10.06
5.02
5.06
20.06
40.12
10.06
273.88
136.98
152.06
10.02
157.04
20.06
15.1
5.04
5.08
157.14
15.06
10.12
136.92
130.08
5.08
20.02
137.06
5.04
15.02
10.06
5.02
5.06
25.12
10.06
20.06
10.04
10.08
5.02
15.08
15.06
5.02
5.08
5.0
146.94
5.1
10.04
5.08
5.04
157.1
5.04
5.02
10.0
10.1
5.04
25.08
5.04
15.1
37.8
20.1
5.04
10.02
15.08
137.02
5.04
5.04
10.06
39.48
5.02
141.98
10.08
5.04
15.08
5.06
10.1
10.06
5.04
5.06
20.1
5.06
563.22
5.08
20.08
5.04
15.02
25.1
20.06
10.02
10.08
30.1
15.08
25.06
20.1
10.06
10.06
35.1
15.06
10.06
5.1
20.06
10.1
20.08
5.08
5.08
10.08
10.06
5.02
10.1
25.1
10.08
25.42
20.08
10.08
15.04
5.1
10.06
20.08
15.06
10.1
10.1
30.1
20.12
5.04
10.0
15.14
124.38
78.7
21.56
20.06
10.12
20.08
15.08
25.08
20.1
10.08
5.04
152.04
10.04
20.1
20.08
10.02
5.1
25.1
166.14
5.08
5.04
147.04
20.02
25.06
5.02
10.06
10.06
5.06
25.06
15.1
10.0
50.08
57.48
25.06
5.06
15.08
20.02
5.02
10.06
5.06
15.04
20.02
25.08
5.12
10.04
15.04
10.08
5.04
25.12
146.98
15.06
416.02
5.04
15.02
15.06
284.04
68.88
10.06
112.08
6.66
15.08
5.02
10.08
10.08
10.04
15.04
93.54
37.6
16.02
5.0
15.06
15.06
20.02
20.08
5.08
70.74
15.08
5.02
5.1
5.08
20.06
5.1
10.02
10.1
106.38
5.1
147.04
151.98
137.12
20.12
5.06
10.06
15.1
5.02
15.12
5.04
91.34
283.92
10.06
10.06
5.02
20.1
20.1
553.08
20.02
15.06
548.12
25.08
20.06
71.1
5.1
20.08
15.02
5.06
157.1
25.12
20.12
5.1
5.04
15.1
5.06
5.1
5.1
154.58
20.06
147.08
147.02
15.08
15.08
15.02
10.06
5.08
20.08
5.02
15.06
20.06
45.1
5.06
15.1
105.24
15.08
10.0
5.04
84.68
273.94
10.08
5.06
236.56
20.06
20.06
89.34
141.98
209.0
15.06
5.06
15.04
5.04
147.02
10.04
5.0
16.12
5.08
49.42
84.36
10.08
20.06
20.1
20.1
5.04
10.08
5.04
5.02
5.02
10.06
10.04
68.78
25.06
5.02
5.04
25.12
5.02
152.0
15.02
20.08
401.66
5.02
25.18
15.08
20.06
142.04
5.1
30.1
20.1
5.0
20.04
21.06
136.26
15.1
20.06
45.54
113.32
15.04
141.96
141.94
119.9
10.08
15.06
20.06
20.12
141.88
5.06
5.06
20.1
146.92
10.06
10.02
20.14
32.32
10.08
151.72
5.1
10.08
5.04
20.06
5.08
20.02
10.1
5.08
5.04
5.08
15.04
5.06
5.04
5.02
35.14
56.08
137.04
20.08
25.18
20.08
5.04
553.26
5.02
5.0
10.08
10.04
25.1
10.04
10.04
5.06
35.12
20.1
15.1
20.08
5.04
20.06
50.68
5.06
20.08
10.04
5.08
146.98
5.08
10.1
15.08
5.06
5.06
5.08
10.14
5.06
10.06
15.02
5.06
5.06
10.06
5.06
147.12
5.06
5.08
15.06
101.82
5.06
147.04
20.08
15.06
5.08
10.06
25.12
25.14
15.08
25.12
136.98
10.08
15.08
10.0
20.08
5.04
20.08
5.04
10.04
5.04
29.38
105.04
10.12
5.08
20.1
5.06
10.08
25.1
20.08
10.1
20.08
5.0
5.04
5.0
15.08
20.06
8.66
15.14
5.08
157.12
20.1
20.12
5.04
5.02
10.06
10.1
5.02
115.76
212.32
5.1
10.06
10.04
10.08
15.06
28.36
20.02
15.12
15.06
20.14
20.16
20.1
5.04
15.08
5.08
20.06
137.0
15.06
30.18
5.04
5.04
10.08
5.08
25.1
5.04
5.06
5.14
10.02
20.1
5.02
15.08
10.08
5.06
5.02
10.04
10.1
142.02
15.06
5.1
15.06
5.1
5.04
25.1
147.02
5.04
10.06
5.08
5.02
25.1
10.06
20.12
15.08
20.08
10.08
15.08
15.08
5.04
5.06
10.02
15.04
15.12
25.06
15.1
25.06
5.0
20.06
21.54
10.08
51.5
5.06
147.02
15.02
5.06
10.14
15.08
5.04
5.04
10.04
15.04
10.08
5.1
20.04
15.08
10.06
15.08
10.02
10.04
5.04
5.06
10.04
20.1
20.06
15.04
10.08
5.06
5.08
5.06
5.04
10.06
5.06
52.76
5.06
20.1
10.1
20.08
5.0
5.06
15.12
20.04
10.04
5.08
10.04
10.06
15.04
5.06
5.08
15.04
10.1
5.04
10.04
20.1
151.96
10.04
15.06
21.58
267.3
5.04
142.08
202.42
25.14
5.06
5.04
15.08
5.04
5.08
15.06
147.02
5.1
15.08
136.92
5.02
137.0
5.08
137.02
5.02
5.04
79.94
15.08
10.06
55.56
5.02
5.08
5.06
15.08
5.06
25.1
5.08
15.04
147.02
10.02
10.08
15.08
10.02
10.1
15.08
142.06
59.36
10.04
20.06
142.02
35.12
5.0
15.04
10.06
15.14
147.02
31.52
137.04
5.04
151.96
10.06
15.08
5.04
15.04
10.02
5.04
20.04
5.02
15.06
215.36
20.14
20.06
20.1
147.0
10.08
5.06
5.0
20.08
15.08
15.08
20.1
10.04
10.12
5.04
25.1
5.02
5.08
5.06
20.12
5.0
5.06
15.06
10.06
15.06
20.08
15.08
20.1
5.06
5.06
10.04
5.04
5.06
10.08
10.06
40.08
553.32
5.04
10.04
20.04
151.98
20.62
15.08
99.34
141.98
22.64
10.02
10.06
5.04
15.1
15.04
25.06
5.06
147.04
55.76
20.04
100.26
10.1
229.1
5.06
5.04
15.08
5.04
5.08
10.06
5.06
5.1
10.02
20.06
5.04
10.08
5.04
15.08
33.6
10.08
5.04
10.08
5.02
10.06
10.08
10.08
5.06
29.22
5.02
5.06
48.84
20.08
30.08
5.06
20.04
10.06
10.04
5.06
10.02
25.1
10.06
5.04
15.08
10.04
5.02
141.98
15.08
5.06
20.1
20.14
20.08
5.06
117.28
74.08
10.1
20.12
10.08
152.02
137.0
20.12
20.08
10.04
20.1
15.06
5.02
20.06
5.02
20.02
5.02
30.08
142.1
10.02
5.02
10.08
23.8
15.06
20.08
15.12
5.06
5.06
30.1
10.04
5.08
20.0
25.12
152.04
20.06
25.04
10.04
5.06
20.06
124.42
5.1
20.1
10.04
20.04
20.08
5.02
20.12
5.04
15.04
10.08
5.08
15.06
20.12
15.04
10.04
5.1
20.08
5.1
20.02
15.08
15.04
5.04
20.06
5.04
151.98
156.92
5.02
141.92
25.12
25.3
15.04
20.08
20.08
152.02
147.06
548.22
5.06
10.06
10.04
15.02
25.1
5.04
10.02
5.04
15.06
20.04
5.04
15.08
15.06
142.0
5.02
5.16
15.1
137.12
10.04
10.0
20.04
15.1
15.06
20.1
5.08
147.04
136.98
279.06
99.44
10.12
15.04
25.06
5.06
5.06
5.06
20.14
142.0
137.0
5.08
152.1
15.04
147.06
5.06
10.06
15.06
389.78
15.04
15.08
15.12
20.04
15.02
151.96
161.98
10.06
142.22
10.02
278.96
5.08
10.02
15.1
20.08
5.06
136.98
5.04
103.84
10.04
10.1
5.04
15.08
10.0
30.12
15.02
5.08
15.04
20.06
20.12
319.74
30.08
15.08
5.04
10.08
20.08
10.06
5.04
15.1
10.08
15.04
5.06
15.08
10.04
5.06
5.12
20.04
10.06
15.06
10.08
20.1
15.06
5.0
10.04
15.04
25.06
20.14
25.04
10.02
5.08
15.08
15.02
20.06
5.08
36.46
5.02
128.36
142.02
10.1
5.08
141.9
5.0
118.9
92.08
10.08
5.08
5.1
5.06
10.06
5.04
10.1
15.02
15.08
5.06
10.08
15.04
15.1
17.02
5.06
15.04
15.08
10.04
20.08
5.04
5.04
10.16
5.06
15.08
47.94
5.04
10.06
20.12
5.06
15.06
5.04
15.06
10.06
15.1
10.14
15.08
10.06
5.08
5.08
5.02
10.04
5.06
40.04
15.02
5.02
6.68
137.04
136.84
558.32
548.02
20.04
10.06
20.08
15.1
15.1
5.06
20.08
15.08
15.08
15.08
5.06
5.04
15.06
10.08
5.0
253.3
137.02
15.06
257.34
10.04
5.08
5.06
5.04
5.0
5.1
25.06
15.04
25.02
10.08
15.06
5.02
15.06
5.0
10.02
10.06
553.16
61.36
25.1
5.04
10.08
158.0
142.08
15.06
5.04
20.1
5.08
137.0
20.08
15.02
5.02
5.04
5.06
10.02
10.02
15.08
146.94
10.1
5.02
114.4
5.02
5.06
5.04
5.02
5.06
136.96
5.02
20.08
5.02
35.14
20.06
15.06
137.04
5.02
147.14
15.1
152.1
42.58
20.08
690.22
147.02
5.0
15.08
284.06
15.1
10.06
5.06
61.98
15.08
15.08
5.1
136.94
5.06
10.06
10.04
10.02
136.98
15.06
5.02
152.06
141.98
142.14
10.02
5.02
15.12
20.04
50.02
5.06
10.08
122.36
151.98
5.06
20.02
146.96
10.04
5.04
10.06
20.12
15.06
98.62
10.06
20.08
5.06
5.04
5.02
5.08
10.1
15.06
10.0
15.1
10.08
15.06
15.04
5.1
5.02
82.5
5.02
5.02
20.08
558.22
10.1
31.02
151.9
147.18
15.1
5.04
5.04
10.06
134.22
10.02
5.08
10.02
20.08
137.0
15.1
274.1
20.06
142.06
5.08
15.1
20.1
15.06
5.04
147.02
152.12
10.06
548.32
30.08
15.08
5.04
5.04
20.06
15.06
10.08
13.0
15.08
5.04
10.52
10.12
5.08
15.1
10.1
25.08
15.08
5.04
25.08
15.08
5.02
25.1
20.1
10.1
15.06
11.52
10.06
61.12
20.04
15.12
15.08
53.48
84.76
5.02
5.1
141.98
20.06
5.04
5.06
15.04
15.12
20.08
10.08
30.12
5.06
10.02
15.06
5.04
5.04
5.04
142.06
15.06
5.02
20.12
20.52
25.08
11.68
15.1
16.92
31.1
10.06
119.76
10.1
20.12
553.12
5.0
25.12
10.06
5.04
10.02
10.06
5.04
39.64
139.62
142.04
5.08
15.08
5.04
37.62
10.06
5.08
10.08
15.14
10.02
20.08
10.06
137.02
20.14
15.08
5.02
5.1
5.08
36.5
15.06
15.1
5.08
230.2
553.34
5.08
152.02
142.02
10.08
20.12
10.02
5.06
5.06
25.12
31.96
10.08
10.06
20.02
10.02
25.08
5.1
5.08
15.1
147.02
10.06
15.12
5.06
10.02
10.06
20.02
10.08
15.06
5.04
151.98
15.08
5.06
5.04
5.1
5.16
25.1
16.98
96.54
10.06
273.94
20.06
5.0
5.02
15.08
121.16
157.06
5.02
147.06
136.94
10.04
5.08
136.7
5.02
5.06
5.08
25.1
20.1
5.12
15.04
10.08
25.1
15.06
5.02
15.06
5.0
5.0
15.08
5.04
15.08
5.04
38.92
15.08
10.06
5.0
5.06
10.0
35.14
25.08
279.02
10.04
15.08
15.12
5.08
5.08
151.98
5.02
5.04
410.9
152.14
5.02
212.82
15.08
113.4
46.0
10.08
5.02
10.04
25.1
5.04
25.1
10.02
10.08
20.1
5.12
558.38
25.12
10.08
15.08
15.02
20.06
25.06
10.08
20.08
20.1
15.1
5.04
5.06
5.08
20.06
5.04
10.06
15.02
10.02
15.08
5.02
5.06
10.08
5.02
10.04
5.06
20.06
67.06
11.98
5.0
10.08
20.1
10.06
86.2
5.02
10.02
15.02
5.08
5.04
20.04
5.0
15.12
20.04
20.08
25.12
30.08
20.12
25.08
15.08
5.08
5.06
30.12
5.0
5.06
5.04
5.02
29.34
15.08
10.04
20.12
10.1
5.0
10.06
20.02
5.06
15.14
15.12
5.02
136.98
20.04
5.04
5.04
5.04
10.04
10.1
10.04
5.08
15.1
11.58
10.12
5.04
20.1
25.1
25.1
15.08
5.04
5.08
15.06
15.12
15.08
20.08
5.1
20.1
20.06
5.02
20.08
10.08
15.1
20.04
5.08
20.06
5.04
5.04
5.02
10.04
553.22
15.06
20.08
25.12
20.08
25.08
15.08
5.12
20.02
5.06
10.06
5.04
25.12
5.06
142.08
10.08
25.1
5.0
25.08
147.0
10.04
5.04
5.06
284.02
25.12
20.1
20.14
142.1
15.04
10.04
5.04
5.04
5.04
5.04
5.0
5.06
20.1
10.1
5.06
41.72
20.1
15.08
29.44
152.1
5.02
15.06
137.08
137.1
115.84
15.1
5.06
151.9
152.04
20.12
159.8
142.02
5.04
5.06
25.08
10.08
10.04
15.08
15.04
15.08
5.04
10.1
25.12
15.08
32.36
20.08
20.08
15.1
5.02
20.1
18.1
20.08
5.06
15.06
25.06
15.06
10.04
5.06
5.04
15.1
20.12
15.06
20.08
49.36
496.92
5.04
246.92
5.06
10.06
136.98
20.06
15.08
5.04
5.06
15.0
25.06
10.04
15.08
5.0
10.04
26.04
5.06
10.06
141.94
15.06
5.02
5.08
30.4
141.9
67.98
10.06
10.08
10.0
5.0
10.08
44.28
135.3
5.08
20.06
5.04
100.68
41.68
116.1
236.9
15.08
5.04
5.0
5.02
10.1
10.08
20.06
10.08
25.06
20.08
5.04
15.06
5.04
10.06
5.0
20.12
5.02
20.1
15.06
25.06
15.08
10.06
20.06
5.06
10.06
20.1
20.04
5.04
103.76
10.06
5.06
10.02
5.06
25.06
15.18
10.04
20.1
5.08
10.08
25.08
10.08
10.04
15.02
5.04
25.12
20.08
15.04
72.42
20.08
20.08
20.08
35.12
15.04
5.08
5.02
5.02
20.06
5.02
10.12
15.1
5.06
5.02
137.08
9.04
15.12
5.1
151.96
15.06
5.04
10.1
5.02
5.02
10.08
20.1
15.1
20.1
129.02
152.04
15.06
5.02
10.1
5.08
20.04
5.06
5.08
20.08
141.9
32.74
142.0
15.1
141.94
20.08
10.08
10.04
152.08
10.04
5.06
5.06
16.82
15.06
20.06
5.08
15.04
18.88
5.08
182.38
5.04
5.08
10.1
15.08
5.02
152.02
5.02
10.06
5.08
15.06
5.06
5.08
5.04
10.1
15.08
31.64
5.02
146.92
5.08
152.02
139.34
151.98
10.08
15.08
25.12
15.12
15.04
5.1
10.08
5.08
5.0
15.06
20.08
5.06
10.04
5.06
40.12
5.04
25.06
20.06
42.92
5.08
15.04
25.12
20.12
16.94
25.12
10.0
5.02
15.1
5.06
15.04
15.06
10.1
5.06
10.02
5.08
111.58
5.0
20.06
5.0
5.02
5.02
25.16
10.06
5.0
135.58
5.1
5.06
16.86
44.3
15.08
15.06
15.06
15.1
10.0
116.24
60.86
10.1
5.04
11.84
38.26
72.52
142.04
10.06
71.04
364.26
25.12
10.1
175.4
5.02
5.02
15.04
32.52
25.1
45.5
5.04
25.12
10.02
126.54
5.08
10.04
20.12
30.44
5.0
5.0
157.08
15.02
20.06
15.08
15.06
5.06
5.06
5.04
5.02
15.2
5.06
21.02
5.02
15.08
10.04
10.06
20.04
5.0
5.04
15.04
10.02
5.02
10.14
25.12
5.06
5.06
20.08
15.04
10.06
15.04
34.0
10.14
5.08
20.06
10.1
25.04
142.1
45.76
10.1
5.12
25.12
15.06
5.06
16.88
5.12
10.06
49.2
15.06
5.04
25.12
50.0
5.04
5.08
32.56
25.06
15.1
20.66
5.06
20.08
20.06
548.4
10.06
5.08
20.04
15.08
10.08
10.06
25.12
5.06
10.06
5.06
20.08
15.1
136.96
157.02
5.08
5.02
25.06
146.36
10.06
10.08
548.26
146.96
15.06
20.06
10.04
15.08
10.08
5.04
10.06
15.06
5.04
15.06
147.08
13.7
10.06
15.02
15.06
5.04
147.04
10.04
5.06
5.02
10.08
20.12
10.06
10.02
21.2
29.86
10.06
15.02
5.02
10.04
15.1
5.04
10.1
15.1
20.08
10.04
147.0
15.04
10.08
5.0
5.02
5.06
146.92
5.02
15.06
10.04
10.02
10.06
10.02
10.06
15.04
5.06
558.08
5.02
5.04
5.08
5.06
10.02
10.04
45.2
20.14
10.06
5.04
265.82
5.02
5.0
5.0
5.02
5.06
10.06
20.1
5.04
10.06
10.06
20.06
15.06
11.32
10.06
5.08
548.24
136.98
137.04
5.06
5.02
289.14
5.06
152.04
10.08
25.14
15.1
20.08
15.08
30.04
10.02
5.04
30.06
62.46
20.12
279.0
289.12
20.1
20.08
25.12
263.02
5.06
20.06
147.1
10.04
157.08
137.0
5.04
25.12
5.06
20.04
10.06
5.08
15.08
10.08
10.06
20.06
20.04
20.14
10.08
10.0
10.1
10.08
5.0
135.56
25.1
15.08
10.04
25.08
30.08
20.08
5.04
279.0
137.0
20.06
10.08
181.16
15.12
15.08
10.04
5.04
5.06
5.08
15.06
30.14
10.04
5.04
20.1
200.08
15.04
5.02
10.1
5.04
10.06
5.06
10.08
20.12
10.02
20.1
5.08
5.08
5.02
10.04
283.96
20.12
136.98
20.08
137.04
5.04
21.8
44.3
15.06
10.04
10.12
10.06
15.08
20.06
10.1
20.06
5.08
15.06
5.04
5.04
30.1
5.06
15.06
5.06
25.04
5.06
25.08
5.04
5.02
20.08
10.06
10.12
10.08
5.08
5.04
558.24
33.8
20.08
30.1
15.02
357.78
147.06
20.1
25.06
15.08
5.04
5.06
5.06
147.1
5.06
5.04
10.08
5.08
20.12
5.02
15.12
20.06
5.06
15.14
10.12
5.06
548.28
5.02
5.02
5.06
20.04
5.02
10.04
5.08
15.08
5.06
15.1
15.08
5.12
10.08
5.06
10.04
5.04
10.02
10.04
25.08
5.06
15.04
5.06
20.08
10.06
339.34
20.1
20.08
10.06
5.08
5.04
5.04
15.06
5.02
136.98
10.02
141.98
266.1
5.12
5.04
5.1
5.06
116.08
5.04
20.04
5.04
112.78
147.18
15.12
25.12
157.1
10.08
5.04
25.08
5.04
10.12
10.06
5.02
15.06
25.04
33.8
15.1
142.0
147.04
152.0
20.1
15.06
46.78
5.08
26.12
152.04
5.06
119.58
10.06
75.9
125.6
20.08
75.78
99.0
15.08
5.16
10.1
5.0
10.04
25.14
5.04
20.08
10.08
5.02
40.1
5.06
283.74
5.02
120.42
5.04
20.1
119.6
172.06
553.28
10.04
20.08
5.02
10.06
5.04
20.14
15.06
15.1
5.04
5.04
31.0
10.02
25.12
10.06
10.04
93.72
30.14
15.1
15.08
10.04
20.06
10.06
5.02
5.04
5.02
5.08
5.06
20.06
10.08
5.0
21.16
10.06
5.06
10.04
5.02
5.06
92.66
5.04
5.06
79.14
5.08
15.12
5.12
5.06
5.08
5.1
10.08
5.04
15.06
140.12
5.04
146.94
415.9
146.98
10.06
10.08
5.06
20.06
20.12
20.06
10.06
5.06
5.06
20.04
5.0
10.06
5.04
136.96
5.12
10.1
5.08
5.0
157.02
20.06
157.06
10.08
10.12
15.08
5.06
5.04
25.1
5.06
10.08
10.06
210.56
262.58
5.1
5.06
5.04
5.02
104.06
25.12
28.84
10.08
15.16
30.12
5.02
5.04
25.06
5.06
20.08
15.08
5.06
5.02
10.08
147.0
10.02
10.06
176.56
50.78
284.08
10.04
15.08
137.06
137.18
41.08
5.1
20.14
20.08
20.1
5.04
15.04
15.06
10.02
5.06
15.12
55.04
5.04
283.96
15.12
5.06
147.02
5.06
10.08
10.06
5.0
5.06
71.18
283.86
152.1
15.06
5.08
5.1
15.04
10.08
19.88
15.06
10.86
30.48
5.12
15.1
5.06
5.08
15.08
5.08
37.16
83.66
10.04
20.06
15.08
10.02
25.06
5.06
5.06
5.04
15.1
10.06
5.04
10.06
20.08
5.1
15.08
5.04
5.16
5.02
10.06
20.04
5.08
25.12
5.06
5.1
5.08
20.06
5.06
5.06
152.06
5.06
10.08
5.04
15.02
5.06
5.04
5.12
10.04
25.08
5.08
147.04
5.02
5.04
5.04
25.08
5.04
15.1
20.1
107.04
10.08
10.1
5.06
15.06
149.8
5.04
5.06
25.08
20.08
15.06
10.12
5.08
30.04
5.04
288.64
152.0
137.1
15.02
5.06
15.06
15.1
15.06
5.02
5.08
15.1
10.06
5.06
40.14
5.06
15.12
20.04
20.14
10.04
5.04
15.06
9.42
15.1
152.06
224.04
137.12
10.06
5.06
146.3
5.02
25.1
5.04
5.1
5.04
10.04
25.08
10.16
15.1
20.1
5.02
90.04
10.02
5.1
10.1
10.06
5.02
10.1
5.06
10.08
10.12
15.06
152.06
548.22
20.12
15.06
5.02
15.06
5.06
5.06
15.08
5.02
5.08
5.06
10.08
5.08
20.06
20.16
20.08
5.06
15.04
46.7
5.08
5.06
15.1
20.08
15.06
5.02
5.04
25.06
142.02
15.08
5.08
142.02
10.06
260.26
141.98
142.18
5.08
15.06
20.12
10.08
146.86
5.0
5.04
5.02
136.96
146.92
25.08
10.04
20.1
10.02
20.04
7.0
5.06
5.06
20.1
15.04
5.02
5.04
25.1
12.04
5.12
10.06
20.1
15.08
15.04
20.1
25.1
20.1
10.1
25.08
20.1
10.06
15.62
77.74
15.06
5.06
142.0
15.08
20.1
10.08
20.02
90.68
15.06
15.06
10.02
20.02
5.04
15.08
5.06
10.04
10.06
5.04
10.08
5.02
15.04
141.96
47.12
5.04
39.18
34.28
20.08
15.14
5.02
10.06
107.24
10.04
20.1
122.98
5.06
20.1
5.06
10.06
28.36
25.1
20.08
5.1
35.12
25.06
21.74
5.02
25.08
161.26
103.0
15.06
10.08
5.1
5.04
5.1
25.06
5.0
147.08
5.04
10.04
141.94
15.06
5.04
151.9
416.08
5.1
20.1
30.1
15.04
5.02
5.04
10.06
5.06
15.1
5.06
25.12
25.1
20.12
147.0
147.1
5.06
20.08
5.02
152.0
25.04
15.06
5.02
20.06
10.04
5.06
147.08
450.64
137.02
5.04
27.02
147.14
5.04
195.62
114.56
20.08
10.04
21.74
10.08
5.02
5.02
5.04
5.04
10.04
20.08
15.08
18.02
5.04
5.06
15.08
10.08
15.08
20.12
5.02
10.1
20.06
20.1
20.06
15.06
5.04
5.02
5.02
10.04
5.18
15.06
15.08
20.04
5.08
20.06
5.02
10.04
5.06
5.06
15.06
15.06
20.04
20.08
10.06
5.04
5.0
10.02
152.1
35.3
20.14
20.96
20.1
53.4
5.08
10.08
20.12
10.1
20.1
15.12
20.04
15.02
20.12
5.04
5.0
41.08
15.1
15.04
5.08
147.02
10.02
178.04
137.02
117.76
15.1
15.12
10.04
115.06
25.12
15.06
25.06
10.02
5.0
5.04
15.08
20.04
10.08
5.04
15.1
5.06
10.1
10.02
20.0
5.02
5.08
20.06
5.06
5.06
25.06
5.04
15.08
15.06
137.1
15.02
142.0
5.04
15.06
20.04
5.04
20.1
5.04
141.92
20.1
10.1
10.04
5.04
15.12
15.06
20.1
20.06
5.02
157.1
136.98
37.92
171.02
15.02
20.1
15.06
10.02
10.08
25.1
20.08
5.1
15.08
5.02
5.02
25.1
5.0
30.14
5.02
25.06
5.08
15.06
15.04
553.2
15.12
479.44
10.08
15.0
20.02
5.04
25.12
20.04
15.1
5.02
20.12
20.06
5.04
5.02
20.12
152.02
166.52
15.08
109.2
23.5
12.48
5.04
20.08
5.04
20.08
5.08
5.08
10.08
5.04
15.06
10.04
25.12
10.04
5.04
10.02
10.04
123.96
152.04
10.06
25.08
5.04
5.02
5.04
5.02
5.04
15.08
57.72
83.54
58.5
163.74
10.1
15.06
20.04
10.04
15.12
10.02
5.0
15.02
5.06
5.02
5.02
20.06
10.04
15.06
5.04
10.08
5.04
10.02
15.1
5.08
5.08
15.08
5.04
20.02
5.12
10.08
5.0
20.04
20.04
152.04
5.08
5.06
10.08
20.06
5.02
10.06
10.08
15.16
20.08
15.08
5.08
27.5
147.2
10.1
20.1
5.02
15.04
15.1
10.08
151.58
10.08
10.1
84.64
512.44
5.04
370.98
63.96
10.04
10.06
10.06
15.08
15.08
20.08
5.04
15.08
20.12
5.02
137.72
5.02
20.08
10.06
10.02
15.06
20.04
5.02
6.88
10.04
21.52
162.08
5.06
5.02
279.12
5.08
147.02
30.54
15.06
5.02
37.5
5.08
5.1
25.1
10.1
5.08
10.06
10.06
20.1
5.08
10.1
15.06
5.0
20.1
25.12
15.06
10.08
15.1
15.06
20.08
15.12
10.08
10.02
5.02
25.08
20.1
5.06
5.0
157.0
20.08
10.02
25.1
6.02
15.06
15.04
20.1
20.06
20.06
35.08
137.04
63.62
146.26
137.02
5.04
152.06
5.06
40.94
10.06
5.04
152.06
10.06
10.04
25.14
10.08
30.1
15.02
10.08
10.12
5.06
20.1
5.02
5.06
15.06
10.08
10.04
15.14
5.04
17.5
10.1
286.8
5.04
10.02
5.1
5.02
5.1
15.08
20.1
20.02
10.1
15.02
20.08
15.04
15.08
5.08
5.06
5.06
10.08
20.1
5.06
5.06
5.04
138.02
20.08
151.96
152.02
5.08
10.06
47.56
31.06
20.1
20.12
15.06
20.06
10.04
42.44
5.08
15.06
5.04
10.04
10.04
151.92
5.04
20.12
20.06
5.04
10.08
20.1
5.06
10.06
10.04
5.04
5.06
15.04
15.08
10.08
10.1
5.1
20.08
10.1
25.08
10.0
166.98
15.08
10.02
10.04
10.1
51.8
5.06
5.06
10.04
147.0
20.08
10.08
5.06
15.08
25.1
10.08
5.06
136.98
15.06
15.06
5.08
152.14
10.04
5.04
20.12
5.04
5.1
10.1
5.06
15.08
25.08
5.06
156.34
141.08
367.48
20.14
5.04
10.02
15.06
5.04
5.04
5.02
15.06
20.08
30.08
5.06
20.06
15.1
5.04
5.0
20.08
20.08
20.06
20.08
5.06
10.04
5.02
141.94
137.08
141.98
20.1
152.0
5.04
141.98
20.08
20.04
5.02
5.06
25.1
5.04
10.1
15.04
55.36
15.1
20.08
5.04
15.06
5.0
5.04
15.1
15.04
20.02
136.98
20.1
15.08
15.86
5.06
5.0
5.06
5.0
5.04
10.04
20.06
10.04
16.92
15.08
5.02
10.08
15.14
15.06
5.08
10.1
5.02
5.02
10.04
15.08
5.06
25.12
10.02
15.08
15.1
120.58
25.1
10.06
5.08
5.1
5.04
10.08
5.04
5.06
10.02
159.36
10.1
21.6
5.08
150.9
278.36
5.02
15.04
15.08
273.78
85.96
5.04
142.04
20.02
15.02
10.06
15.02
15.08
10.04
200.12
10.12
5.06
10.12
30.12
10.06
5.06
20.08
20.04
10.06
10.1
5.08
142.08
30.78
151.98
147.14
5.08
5.04
5.02
5.1
137.0
15.06
5.06
5.04
10.06
15.12
15.08
141.94
5.06
11.98
5.1
147.08
20.08
111.48
15.04
10.1
10.04
152.0
15.08
164.64
152.1
142.0
5.1
5.02
15.04
5.04
25.1
20.08
10.04
5.02
5.06
5.04
10.06
10.06
20.12
5.04
5.02
15.06
15.08
137.12
25.06
147.06
10.08
5.04
25.12
55.08
15.1
5.04
25.08
147.06
147.04
152.08
25.1
5.04
15.04
137.06
136.92
25.08
152.18
157.02
10.04
289.04
5.08
5.06
20.06
141.94
15.04
142.04
5.04
130.42
115.78
15.06
152.0
152.06
141.9
142.04
5.02
5.08
5.04
20.12
25.08
20.06
10.04
15.08
25.1
33.24
5.04
157.04
15.08
5.06
45.68
5.06
10.06
15.1
15.02
15.08
10.12
20.08
5.06
10.1
15.06
10.06
20.02
136.9
15.12
5.04
5.06
10.06
5.08
20.06
20.06
20.06
90.54
5.06
15.08
10.08
5.0
5.06
5.04
20.12
5.08
10.02
25.1
15.04
20.12
5.08
5.08
5.06
5.06
10.06
20.06
5.02
15.06
15.04
5.02
10.04
15.1
5.02
20.08
5.1
116.18
31.56
5.06
10.06
5.04
50.52
30.06
10.08
5.02
15.06
136.82
25.08
20.12
10.02
25.08
15.08
15.04
15.02
10.04
5.0
20.02
82.82
144.28
10.12
5.06
46.88
10.08
24.36
20.06
10.06
5.06
20.08
5.04
5.02
20.04
20.06
10.12
99.58
10.06
5.04
5.08
29.88
5.06
15.06
5.08
62.8
5.1
122.38
152.0
15.12
10.06
10.06
5.04
15.04
10.06
30.08
5.04
10.04
5.02
152.08
142.08
108.82
73.24
5.04
10.1
10.04
15.1
30.1
10.06
5.06
5.06
20.08
5.06
5.1
30.06
15.04
10.1
146.96
10.04
5.02
20.08
147.04
20.12
5.06
152.02
10.02
5.1
25.1
5.14
10.06
146.98
49.78
35.1
5.06
5.04
15.08
15.02
5.04
15.1
147.08
142.02
5.04
15.1
5.06
15.08
20.06
15.06
15.1
5.06
20.06
10.06
20.08
136.9
5.06
20.12
10.08
10.12
5.0
25.08
256.76
15.12
162.34
157.08
142.0
5.08
15.08
15.1
563.38
10.02
152.02
10.06
5.04
5.08
5.04
5.1
15.08
142.04
15.08
20.02
10.08
123.74
145.84
15.06
10.04
5.08
20.1
20.12
10.02
10.1
30.12
20.1
15.04
5.06
5.04
5.04
5.1
20.12
20.1
10.12
5.06
10.08
5.06
10.04
20.08
20.14
5.06
553.34
10.04
10.04
20.12
5.02
147.04
10.08
22.52
15.1
69.02
15.04
20.1
5.08
10.02
5.12
548.14
152.08
20.08
164.58
34.48
15.06
15.06
10.08
15.08
5.04
15.06
20.12
10.08
5.08
10.06
5.04
5.06
15.1
10.1
10.08
10.02
20.0
10.08
15.1
20.12
21.66
46.22
5.04
5.02
5.1
5.04
25.82
146.98
5.02
5.02
30.14
10.44
5.06
5.06
10.06
5.04
25.12
5.04
5.06
5.1
25.06
553.28
20.06
20.08
5.12
5.06
15.06
10.04
5.08
10.1
20.08
15.12
5.0
20.06
15.06
10.06
20.1
10.06
15.12
15.1
10.08
5.06
5.04
20.08
10.02
10.08
5.02
25.12
65.48
15.1
10.06
112.86
142.06
32.96
15.04
30.46
10.02
152.04
5.06
10.04
10.04
147.04
15.06
5.06
152.1
15.08
25.06
15.1
5.04
5.08
15.04
15.08
20.12
20.06
5.06
10.08
553.26
21.72
5.04
25.08
10.04
5.08
5.04
190.28
5.08
10.1
147.04
20.06
5.02
105.58
15.08
10.08
5.06
20.04
20.14
10.08
15.06
15.0
5.08
30.08
20.14
30.08
5.08
20.1
5.06
5.04
15.1
137.12
20.08
5.04
141.96
157.08
5.06
232.98
5.06
5.06
10.06
25.48
5.06
5.06
15.12
5.02
20.12
12.6
157.06
20.12
10.08
5.04
20.16
15.06
5.1
5.08
10.08
10.04
5.04
20.12
10.04
15.36
5.02
147.96
147.1
136.96
49.52
15.08
25.08
33.88
5.04
5.08
15.06
10.1
10.06
5.06
232.24
15.12
15.08
148.18
5.06
5.04
10.0
10.02
16.04
5.08
5.06
34.42
136.96
20.12
10.12
157.1
20.12
20.06
10.02
5.06
56.86
108.34
5.04
5.04
25.08
10.04
5.06
5.04
35.14
10.02
5.08
5.06
10.06
10.02
10.1
15.08
26.84
15.08
10.08
15.04
5.06
5.06
15.08
137.0
151.98
116.52
5.04
10.08
30.08
15.08
5.06
56.5
100.3
142.1
5.04
274.08
5.04
246.08
20.04
10.04
5.06
5.06
10.04
10.06
20.1
10.06
20.06
20.08
5.04
152.0
137.0
10.02
5.04
15.1
137.04
5.06
20.06
16.76
5.04
5.08
10.04
5.04
10.04
25.1
142.02
157.0
5.02
10.02
27.34
5.06
5.08
15.04
15.1
10.02
157.04
15.02
136.88
10.04
65.28
15.02
25.1
20.08
5.02
274.06
5.08
5.1
5.06
20.1
137.0
20.08
15.08
5.1
5.06
15.1
15.06
15.08
5.06
152.12
278.74
15.04
15.06
10.06
15.04
20.1
5.1
26.82
15.0
5.06
5.02
20.14
147.06
10.1
5.06
136.96
25.1
15.06
5.04
41.08
20.1
15.06
20.1
15.08
5.06
10.04
15.08
10.04
5.08
142.02
5.08
142.08
157.08
5.06
137.06
15.04
16.9
5.06
10.08
20.08
10.06
15.06
5.08
15.08
5.06
10.06
5.02
5.02
15.12
5.0
15.08
5.08
25.12
5.04
5.08
20.08
137.12
15.08
136.96
5.04
25.1
152.02
20.06
5.04
5.02
5.02
20.12
157.0
147.14
10.04
15.04
20.06
5.08
5.02
15.08
10.02
553.2
156.98
99.86
25.04
20.16
25.1
10.1
5.0
15.1
15.06
15.08
10.06
152.06
5.08
5.02
5.02
10.08
20.02
10.06
157.04
147.04
35.12
15.08
152.08
136.92
10.04
5.04
30.04
5.04
15.1
10.04
20.12
20.06
10.1
5.04
5.02
15.06
5.02
20.1
30.08
15.06
5.08
5.06
10.02
10.1
5.1
57.26
142.1
10.04
5.06
137.06
147.12
10.0
5.02
10.08
15.04
5.06
10.04
15.08
136.96
10.06
15.02
15.06
10.12
25.1
5.04
5.02
505.84
5.04
41.72
136.24
5.04
5.04
147.04
5.06
7.54
5.06
15.04
5.06
85.88
15.04
141.82
152.18
142.04
142.06
15.12
5.04
10.04
10.06
10.02
147.04
10.04
5.08
35.36
230.62
10.1
137.0
5.1
15.02
5.06
10.1
25.06
10.08
5.04
52.32
5.02
20.04
5.08
25.06
10.0
8.94
5.02
20.08
25.1
10.06
5.06
5.06
30.12
5.02
20.12
5.04
25.12
15.1
15.04
5.06
5.06
15.1
10.04
20.08
5.04
15.06
5.04
10.06
15.08
20.04
20.04
5.1
25.08
5.04
5.06
15.02
273.98
15.0
20.08
5.02
5.0
5.04
553.26
25.08
15.06
5.02
5.06
5.02
20.06
10.04
5.04
10.02
5.04
136.98
10.06
464.88
15.06
25.1
10.06
10.1
248.74
5.06
10.02
15.08
10.04
157.08
5.04
26.06
15.08
5.0
15.08
10.06
136.96
5.02
20.16
10.04
209.54
18.66
5.06
5.1
20.06
10.04
5.04
10.06
10.06
5.04
51.54
22.26
5.08
21.94
142.02
5.04
10.1
10.06
15.04
262.14
5.04
20.12
20.12
15.06
15.06
5.04
5.06
5.06
10.14
10.04
20.08
15.1
20.06
5.02
15.08
15.02
5.02
5.06
10.08
146.96
5.08
10.06
10.06
15.06
5.02
5.04
5.06
5.06
15.06
49.72
5.04
15.06
25.98
5.06
10.02
20.06
10.16
5.02
5.04
5.02
10.08
25.08
5.04
20.08
10.04
10.06
5.08
25.1
5.04
15.04
5.06
5.06
5.02
46.98
5.06
5.06
151.9
15.1
258.96
20.1
5.02
20.06
5.0
86.92
5.08
5.08
5.08
10.04
151.98
23.16
15.44
10.06
10.1
15.1
25.12
20.06
10.04
5.06
203.6
5.06
25.06
10.08
137.02
5.04
10.08
20.02
20.06
5.04
25.1
20.1
20.1
25.08
5.02
15.12
15.1
15.1
137.06
10.1
5.04
558.14
111.38
5.02
10.06
5.04
147.06
5.08
5.02
5.04
5.02
15.08
142.04
5.04
15.08
141.94
10.04
152.12
39.36
10.04
30.14
284.78
10.06
10.08
5.02
5.06
15.1
5.02
15.08
284.0
30.22
289.1
15.06
152.04
152.08
10.06
195.28
5.06
5.02
10.0
5.04
5.04
15.04
10.04
10.04
142.04
20.04
25.06
142.1
10.06
5.06
142.0
186.72
146.98
5.02
10.06
78.04
5.08
137.02
5.02
5.04
5.02
5.02
5.06
5.0
20.08
5.06
20.1
5.1
15.06
20.04
15.08
5.08
25.12
15.02
106.1
94.66
8.08
10.08
20.12
5.06
10.02
5.02
15.02
20.08
10.02
5.0
15.06
10.1
5.02
5.06
10.02
5.06
35.12
10.08
5.12
126.1
5.04
5.02
10.04
5.0
15.06
5.08
10.1
10.06
5.06
5.08
15.08
5.08
30.06
10.06
15.08
25.1
5.02
5.02
5.04
10.02
25.1
10.08
20.06
20.12
15.06
5.06
15.1
10.0
25.08
15.02
15.08
20.1
10.08
137.0
10.06
5.02
10.1
142.06
147.1
25.08
10.08
10.02
10.12
25.1
15.06
5.06
5.02
5.08
5.02
29.24
20.1
49.7
15.04
15.1
20.06
10.04
15.12
86.54
5.02
10.06
5.06
5.04
5.02
20.08
10.1
5.06
27.08
5.06
5.02
10.02
10.06
25.08
15.04
15.06
10.06
25.08
5.02
20.08
20.1
68.86
15.04
5.04
20.04
5.02
5.02
20.06
25.1
136.98
5.08
136.98
10.04
5.08
20.16
10.08
10.02
15.04
15.12
20.1
10.06
40.3
41.7
15.1
15.02
5.06
5.06
10.0
10.06
6.64
20.1
20.1
147.0
152.1
5.02
5.1
10.02
20.02
152.02
10.02
15.06
25.1
136.98
15.06
10.04
136.96
10.04
10.08
91.14
13.66
5.02
5.04
15.08
5.02
15.02
10.06
15.1
5.08
15.08
25.14
151.94
15.08
10.08
39.64
5.04
10.1
42.1
20.08
15.04
15.1
10.04
108.12
152.04
10.0
10.1
22.46
15.04
5.04
20.08
10.06
5.04
5.04
5.06
20.1
15.06
5.06
15.08
5.02
20.08
15.08
15.08
15.1
151.98
25.08
15.14
5.06
5.04
15.08
5.06
8.9
5.04
22.12
5.02
25.12
148.9
152.02
152.1
15.08
10.04
142.14
10.02
5.06
151.96
102.84
5.08
10.1
5.06
5.06
20.12
51.06
5.0
137.06
5.04
10.08
122.52
10.1
10.06
10.1
142.06
5.04
568.04
10.08
5.04
38.4
15.06
5.06
15.12
5.02
5.06
19.5
142.1
20.04
10.06
5.08
10.02
20.1
5.08
10.04
5.08
25.12
43.2
5.06
15.08
10.12
10.1
20.08
5.06
206.56
15.1
25.08
118.32
5.04
15.1
10.06
120.34
10.06
10.06
15.08
25.12
279.1
10.06
5.06
20.12
10.04
10.1
10.02
15.06
146.98
142.0
5.02
10.08
25.08
15.12
20.08
5.06
25.08
5.04
30.08
151.98
147.06
155.12
15.08
45.68
15.1
5.02
15.04
10.04
5.06
10.06
10.0
5.06
5.06
10.0
15.08
5.02
20.12
10.08
25.08
25.08
15.06
15.06
15.04
5.08
15.02
5.04
5.04
10.06
15.1
25.08
5.04
20.12
5.04
20.06
15.08
5.06
5.92
20.02
5.04
25.1
10.04
5.04
5.08
149.26
10.04
142.04
5.08
5.04
15.1
10.08
15.04
20.06
5.08
15.04
5.04
10.06
20.12
15.06
20.12
8.74
25.1
5.08
20.12
20.08
25.08
5.08
152.08
157.62
5.02
20.08
15.06
19.4
5.06
5.06
10.04
5.08
142.04
5.08
5.02
137.04
5.02
274.0
20.08
118.2
5.06
147.02
5.1
5.1
20.1
142.04
11.78
695.36
5.06
10.06
10.1
5.0
10.02
20.1
5.04
15.06
20.08
15.08
136.88
5.06
15.08
15.08
141.96
5.08
5.0
5.1
5.04
205.98
15.04
5.04
5.04
10.02
5.1
5.02
152.08
15.04
10.08
128.5
10.04
5.04
15.06
55.5
20.08
20.14
10.04
137.02
5.1
10.06
20.08
132.36
10.08
15.04
20.08
15.04
15.04
15.06
5.04
5.02
15.08
5.04
20.1
10.08
5.0
5.04
15.06
15.12
15.1
152.04
15.06
146.98
20.72
147.0
5.08
5.0
15.06
15.04
10.08
15.04
10.04
20.1
5.06
5.08
20.08
10.06
20.06
5.04
15.06
15.08
10.06
10.02
5.04
49.3
10.02
25.1
20.12
15.06
5.08
146.96
5.06
10.08
5.0
10.08
132.94
5.04
5.08
15.02
15.04
15.12
20.1
10.1
10.08
5.1
5.02
20.1
15.08
5.06
15.06
20.06
5.04
20.06
5.04
15.1
5.08
10.02
10.04
10.06
15.04
15.04
10.04
5.06
10.04
10.02
15.04
20.12
15.08
5.02
50.78
10.08
10.08
5.04
20.08
20.06
15.08
5.02
20.08
5.02
15.06
25.06
10.08
10.08
157.04
15.08
5.02
27.32
20.06
33.88
25.1
146.98
152.04
5.02
5.06
20.1
5.02
147.04
10.04
271.12
315.5
381.1
111.64
20.08
15.06
25.1
157.0
142.04
30.14
15.08
5.04
5.02
10.14
10.0
5.06
5.0
5.02
15.04
20.08
20.1
5.08
5.1
20.06
10.08
5.06
10.1
10.04
5.08
15.04
59.38
10.06
157.06
155.74
25.12
5.0
5.04
10.06
5.02
5.06
177.78
15.04
247.4
5.1
5.06
10.08
30.1
5.02
15.1
20.08
5.02
5.06
10.1
10.02
64.42
15.06
10.02
5.06
22.58
5.04
20.06
133.96
15.1
5.02
5.02
25.12
5.04
15.04
20.08
30.12
10.08
15.06
15.04
10.08
25.12
10.08
5.08
25.08
20.06
15.1
5.06
10.1
10.06
5.06
5.1
5.06
5.06
15.06
20.14
15.08
15.08
15.02
5.04
15.08
15.06
20.06
5.12
61.04
10.04
5.06
10.02
147.06
15.1
10.06
5.06
10.08
15.04
136.96
15.08
15.12
10.08
274.0
20.08
157.1
167.04
15.1
25.08
212.54
20.1
136.96
152.0
5.02
70.22
20.06
10.04
553.32
35.94
563.2
147.0
10.06
10.12
5.04
10.04
15.04
15.06
5.08
176.5
5.08
5.0
5.02
10.04
10.08
5.08
180.44
25.06
5.06
10.06
152.04
21.74
28.28
20.08
5.06
15.08
15.06
15.1
10.06
143.32
146.98
10.02
5.02
33.18
20.06
10.08
23.84
20.12
5.04
64.62
28.54
5.04
20.06
119.1
136.96
151.94
20.16
20.06
5.06
15.06
5.08
102.18
147.0
20.08
39.62
25.06
152.1
84.18
25.08
10.06
15.06
20.08
15.06
5.06
5.02
5.08
5.02
5.06
15.12
15.06
18.44
99.42
34.66
42.12
152.02
10.04
10.04
5.02
15.08
15.08
10.04
103.12
10.06
15.06
5.04
15.06
25.1
25.14
10.02
15.06
5.0
15.1
20.08
10.08
137.04
15.04
20.08
5.08
10.06
15.06
142.08
5.1
278.94
5.04
5.04
162.06
5.08
5.06
20.08
5.06
5.02
5.04
30.1
5.06
5.06
15.08
5.06
20.06
10.04
102.84
10.1
21.64
146.92
152.02
5.0
5.06
137.06
5.04
15.08
284.06
15.04
142.04
5.04
141.88
5.04
5.08
20.1
20.06
137.06
15.06
20.06
147.04
10.04
20.08
15.1
10.06
5.04
10.04
167.04
5.06
20.08
20.1
5.04
30.08
58.86
15.04
15.04
20.12
20.1
5.02
20.1
5.02
85.76
79.44
5.04
10.04
15.06
10.06
5.0
15.08
20.1
20.1
5.06
5.08
25.1
15.06
5.02
20.08
151.9
136.98
142.1
15.08
5.02
15.06
25.04
5.06
5.04
5.06
5.06
20.06
5.0
15.04
5.02
20.08
20.08
20.1
15.1
15.06
15.1
5.06
20.08
15.1
191.14
20.06
15.04
10.08
25.06
105.68
20.08
5.1
142.02
15.06
25.12
163.4
5.04
20.12
20.06
5.0
5.06
10.96
20.06
140.12
15.04
15.06
15.08
20.08
136.96
10.02
5.06
25.1
152.06
10.04
20.08
20.12
5.0
10.04
15.04
10.06
10.06
284.08
281.58
5.06
242.58
267.92
137.18
5.02
15.04
20.08
15.06
20.1
10.04
5.06
10.04
5.06
5.06
5.04
25.06
10.08
5.04
20.04
5.04
35.1
5.04
15.12
5.08
5.02
10.1
142.0
10.08
25.1
5.06
20.08
15.04
5.02
10.08
15.12
137.02
10.08
15.12
10.06
25.0
152.02
5.04
41.7
127.72
152.0
48.18
20.08
553.28
15.06
137.04
10.02
15.1
15.12
20.06
5.06
10.06
5.04
5.02
20.1
10.06
5.08
36.58
61.48
20.02
20.1
10.08
15.06
30.84
5.08
10.1
15.02
20.08
20.06
10.08
15.1
20.12
5.06
20.04
142.04
20.12
15.08
5.08
20.1
5.04
15.08
5.06
92.64
10.06
5.04
10.08
5.04
10.1
20.08
5.1
5.06
21.0
5.04
5.04
10.06
5.06
20.08
10.12
5.02
5.06
5.02
15.08
157.06
167.12
10.06
5.02
10.06
151.98
135.12
20.1
10.08
157.02
5.08
25.1
15.08
10.14
10.04
25.06
10.08
10.06
10.06
15.06
20.1
15.1
5.04
25.06
5.06
5.02
157.0
68.84
72.9
5.02
5.02
15.06
10.08
55.1
5.08
10.06
5.06
10.06
151.98
151.98
5.08
5.04
10.1
10.02
5.02
5.0
5.06
37.16
5.02
10.02
10.0
5.02
25.06
25.1
20.06
10.04
20.08
15.08
15.04
5.04
141.98
15.08
142.04
10.06
10.04
20.08
20.02
157.12
5.06
10.08
6.72
5.06
20.14
5.04
32.92
25.12
15.06
20.08
116.42
5.06
5.04
10.08
157.0
10.1
10.08
30.98
20.08
5.08
5.02
5.1
137.08
137.1
10.06
20.12
75.1
151.96
5.02
25.12
5.08
10.02
5.06
25.08
25.08
142.04
25.04
20.1
136.98
20.1
10.08
35.14
5.06
151.96
5.06
20.04
5.08
5.08
100.54
10.02
20.14
30.08
10.08
33.28
5.04
20.08
5.06
5.06
15.04
15.08
15.04
25.04
15.08
5.06
19.68
15.1
15.08
147.08
15.08
15.04
5.0
152.06
15.1
20.08
15.04
20.04
121.74
20.06
30.06
10.04
15.04
15.1
15.04
10.04
15.08
147.0
10.08
20.08
146.94
5.02
142.0
5.02
15.02
137.04
20.08
25.06
70.82
30.06
15.08
20.08
10.06
5.06
548.14
15.08
5.02
10.08
5.02
10.04
10.1
10.02
5.08
5.08
15.04
67.06
15.1
47.18
137.08
136.98
15.04
5.04
5.04
27.54
15.04
5.08
10.74
15.08
73.1
5.06
5.04
20.04
137.02
10.02
137.02
5.06
5.04
25.1
25.12
10.04
5.06
5.04
5.0
10.04
149.0
124.52
18.08
56.46
148.08
122.86
5.06
5.02
10.06
5.06
10.04
15.08
5.04
5.1
5.06
5.1
20.04
152.16
5.02
10.06
20.08
5.04
152.06
15.1
15.04
26.02
157.08
5.06
30.1
20.08
5.04
15.1
592.5
5.06
25.06
5.02
19.02
55.18
5.04
10.06
5.18
20.06
10.04
5.06
27.62
20.06
5.02
30.1
20.06
15.08
5.06
20.04
20.06
15.14
25.12
234.36
101.38
5.08
10.04
15.04
5.02
5.02
147.14
5.06
20.08
5.06
20.06
15.08
15.06
10.04
5.04
25.1
10.08
5.02
276.0
5.04
137.1
5.04
5.02
15.06
10.1
35.14
5.04
15.08
137.14
5.08
5.04
10.04
5.06
10.1
15.06
10.04
25.08
20.06
25.12
5.96
25.08
15.1
5.04
5.04
15.08
15.08
40.46
261.28
5.04
10.06
5.0
15.06
25.12
15.06
10.06
10.04
15.04
5.06
10.1
274.0
88.36
20.1
137.02
5.06
5.04
157.1
20.06
20.06
5.08
147.08
15.02
15.02
5.0
10.04
147.04
10.1
5.06
152.02
15.06
5.04
15.1
10.04
15.04
115.94
15.08
139.5
5.08
10.06
10.06
25.08
20.1
15.08
10.04
5.04
5.02
10.06
20.1
5.0
10.04
10.06
5.1
15.06
141.98
5.04
15.1
15.04
15.08
20.1
15.06
5.02
23.86
10.1
25.08
10.1
10.06
10.06
31.06
10.0
15.06
10.02
157.02
20.06
5.04
10.06
5.02
20.04
10.06
5.0
15.02
15.06
10.04
16.98
5.08
10.08
152.04
5.0
15.06
146.94
5.04
5.02
20.12
10.02
15.04
5.06
15.02
10.08
10.0
137.0
141.96
5.02
5.02
5.06
15.06
5.04
25.06
5.02
33.42
15.1
5.04
10.04
10.06
10.02
34.92
141.98
162.08
103.16
136.72
5.08
15.1
5.06
5.04
5.06
5.1
15.08
20.1
20.12
20.04
15.06
15.14
10.08
5.04
5.04
20.04
5.08
20.06
20.06
20.08
5.08
20.06
23.72
5.02
141.72
10.1
10.08
30.06
10.08
20.04
5.06
5.04
20.08
30.1
56.36
15.1
10.04
35.68
5.04
15.1
10.06
20.06
25.06
5.08
5.08
5.04
5.02
15.04
32.2
15.1
10.1
10.08
5.04
558.16
15.06
10.08
20.06
5.06
15.02
15.1
119.52
5.06
15.08
20.08
10.02
30.1
20.12
568.24
5.04
25.14
15.04
20.08
10.06
5.04
30.12
5.06
5.04
5.1
5.02
15.06
5.06
20.02
15.16
20.08
10.12
10.06
5.02
20.04
5.02
5.04
10.06
5.08
10.1
5.06
15.06
10.06
5.04
97.24
25.1
151.96
5.04
10.08
10.06
5.06
10.06
15.04
15.1
19.48
15.06
10.04
5.08
5.04
136.9
15.12
20.06
10.08
20.06
5.04
10.06
10.08
15.02
15.08
5.04
15.06
5.1
5.06
20.08
15.08
15.12
5.08
15.06
5.06
5.08
141.94
5.06
93.0
137.0
5.08
10.06
25.08
10.06
15.1
15.08
20.04
5.02
10.06
20.12
15.08
16.52
5.04
20.06
5.04
20.06
5.08
20.08
5.1
10.1
5.06
152.0
10.02
5.04
5.08
15.08
15.06
15.08
5.02
5.06
10.08
97.12
10.02
10.08
152.1
5.0
15.06
5.02
15.04
28.06
25.06
10.06
5.06
5.02
15.06
5.02
10.0
25.1
10.08
15.04
38.0
5.08
5.1
21.5
20.12
5.04
5.04
5.04
15.1
10.06
30.12
5.06
54.26
5.12
10.06
5.06
5.0
15.06
142.0
5.0
5.1
40.26
25.1
5.04
10.04
104.78
15.12
142.08
147.08
137.02
148.86
127.24
5.06
10.06
25.12
61.2
137.08
5.08
10.08
10.08
5.06
5.02
5.06
10.06
30.12
10.1
15.02
5.1
49.1
10.04
5.04
15.08
5.02
15.08
20.06
15.06
5.06
5.0
5.08
20.06
5.08
10.0
10.1
5.04
20.12
5.08
10.04
15.08
10.08
5.02
8.78
40.86
20.12
5.04
10.04
5.04
25.08
15.12
10.04
5.1
5.1
10.1
25.08
147.02
5.02
5.0
117.5
20.1
5.06
15.78
20.1
5.04
5.06
20.1
20.1
5.04
25.1
5.12
147.0
10.04
15.0
5.08
20.08
5.06
20.12
5.04
25.08
5.02
5.0
144.08
20.14
5.06
10.06
20.08
15.1
5.08
5.06
20.1
25.1
10.06
10.04
15.06
10.08
25.04
142.02
25.06
71.24
5.08
15.08
5.02
10.06
11.66
15.08
20.08
15.0
5.02
5.04
15.06
10.04
5.12
25.06
5.0
10.1
29.44
5.04
136.72
5.08
137.02
15.06
20.04
25.1
5.02
10.04
15.08
20.1
25.04
5.08
5.08
10.04
20.04
20.04
20.04
16.9
86.4
137.12
20.08
35.52
137.04
15.08
10.06
20.1
10.08
20.04
15.1
10.06
10.06
5.94
5.04
15.08
5.04
15.02
5.04
10.08
15.1
15.12
10.06
5.1
5.06
15.06
5.06
10.08
20.06
10.0
20.06
20.08
25.08
136.9
20.06
156.98
5.06
227.32
15.1
5.02
20.1
10.04
20.1
20.06
10.02
25.12
15.1
10.1
20.08
5.06
20.02
10.08
5.08
10.1
5.08
5.04
5.02
5.06
5.02
10.14
271.34
284.0
10.06
142.0
5.06
147.04
5.08
147.1
5.06
15.08
10.06
5.02
20.06
20.1
5.04
5.04
15.1
5.06
10.12
10.02
15.04
10.08
141.96
20.08
15.06
5.0
25.12
15.08
5.06
5.04
25.06
10.06
5.04
5.04
10.12
25.12
20.08
20.1
15.1
10.06
5.02
5.0
15.1
10.04
15.06
5.08
5.04
15.08
5.08
215.1
47.28
15.08
15.08
10.08
5.08
15.08
157.06
20.12
65.12
15.1
10.04
15.1
25.12
5.04
20.12
5.04
10.04
10.06
20.06
25.06
56.32
79.4
10.04
150.06
5.0
15.02
146.98
153.9
284.08
257.78
5.08
5.02
5.06
15.1
20.08
25.08
5.04
5.04
5.06
10.08
15.06
10.06
63.06
5.1
147.06
5.06
10.04
152.16
20.06
10.04
25.06
5.08
5.08
10.06
157.08
20.06
5.04
20.04
5.04
63.58
142.06
147.0
152.06
147.02
15.1
5.06
15.1
168.28
10.04
5.08
10.08
15.04
15.08
30.08
20.1
122.38
5.06
136.9
5.04
5.04
5.08
10.08
5.06
37.04
15.04
5.02
152.12
15.12
5.04
129.16
152.1
93.42
123.16
146.98
5.06
15.1
10.06
10.08
15.08
20.04
136.94
5.06
30.12
5.04
273.94
5.02
20.14
5.02
15.08
33.42
174.62
20.12
149.16
164.6
278.96
15.06
20.08
5.0
52.96
15.12
5.06
20.1
5.08
10.08
288.94
10.04
10.04
5.04
5.04
30.1
10.06
5.02
30.08
20.12
20.04
5.02
10.1
137.08
25.14
5.04
10.04
5.08
5.06
10.1
5.08
43.92
31.64
10.06
5.06
5.04
10.06
5.04
20.1
20.06
24.22
20.12
5.04
20.08
5.08
10.04
20.1
5.08
101.3
15.08
10.02
10.06
25.08
5.12
5.0
20.1
5.08
20.04
20.06
15.06
15.08
10.06
30.12
5.08
10.08
5.08
10.04
15.04
15.1
15.06
25.12
20.12
15.1
60.08
20.1
15.06
151.82
5.1
20.08
25.04
5.02
10.06
5.02
10.06
25.08
20.12
10.12
20.06
5.06
5.04
16.8
10.04
15.08
10.14
5.06
20.0
5.02
20.08
25.14
5.06
15.1
5.06
20.16
10.06
20.06
5.08
154.58
5.04
15.06
20.1
5.08
5.1
10.04
5.02
20.1
85.28
137.06
15.06
15.04
13.64
15.1
10.08
5.1
15.06
20.1
5.04
5.04
10.04
15.08
10.06
103.56
116.82
10.06
15.08
15.02
5.04
10.06
20.12
15.08
20.08
5.06
20.1
10.04
5.06
15.08
10.06
5.02
10.06
5.02
30.08
5.08
10.06
5.1
5.12
20.06
5.04
25.12
15.08
31.12
25.08
5.04
10.06
157.06
5.06
15.08
48.32
5.06
15.04
10.02
20.12
10.02
20.06
10.04
10.0
137.0
5.08
20.1
25.06
15.12
136.94
5.08
15.08
5.06
10.06
15.06
25.1
5.02
15.06
5.02
5.1
10.04
548.18
141.98
127.8
10.12
191.2
15.08
33.1
141.92
152.08
147.06
20.06
10.04
20.08
5.04
20.08
20.08
25.1
10.06
195.7
15.1
15.02
30.12
5.06
15.04
10.06
5.1
15.06
20.06
10.04
10.08
10.06
5.02
5.04
15.08
20.1
15.06
15.08
5.04
21.7
20.08
22.42
5.06
40.24
10.0
10.06
15.12
21.7
15.0
5.0
15.02
5.1
15.04
10.02
15.06
10.04
10.04
25.06
20.08
10.04
25.02
5.08
136.94
15.04
558.12
137.0
10.1
5.02
5.06
146.86
5.06
578.18
20.12
5.08
548.18
5.08
10.02
5.04
36.04
76.0
15.08
25.08
168.28
5.04
10.02
198.0
5.08
10.1
5.04
20.08
25.1
32.0
20.1
20.06
10.06
5.0
20.1
20.12
5.06
127.0
5.04
142.12
5.04
5.06
5.08
33.7
10.12
20.08
15.08
5.06
15.04
5.06
15.08
10.08
20.1
25.04
5.06
137.04
147.08
41.06
136.92
5.06
30.06
5.04
141.88
5.04
20.1
10.08
20.1
137.04
5.08
137.06
10.06
137.14
25.16
20.1
5.0
15.08
5.04
15.04
20.1
5.06
5.02
10.08
15.04
10.02
10.06
15.04
15.0
10.08
5.02
42.22
142.0
15.06
10.02
151.98
137.02
15.08
142.08
15.04
10.08
147.02
20.08
5.08
20.06
5.04
15.06
25.1
157.1
136.96
147.02
10.02
15.08
5.04
152.04
5.02
15.06
15.06
10.1
10.04
10.04
20.04
151.96
20.14
5.06
5.04
15.08
190.98
5.02
137.04
25.1
25.14
25.08
517.7
20.06
5.12
25.06
10.04
15.1
83.7
136.96
5.06
10.06
15.08
20.1
5.06
10.1
15.06
10.08
5.04
11.92
15.06
5.0
25.06
5.06
15.02
15.78
20.08
5.0
10.04
5.08
88.32
5.06
20.08
15.06
59.14
5.02
157.08
5.06
10.06
5.08
5.04
5.04
20.06
5.04
25.06
20.06
5.02
15.08
15.1
99.78
15.0
20.06
15.02
15.02
21.52
51.96
15.06
10.08
152.04
20.1
142.06
25.08
5.08
10.04
15.1
25.12
10.1
5.02
54.62
99.16
147.04
55.8
5.02
5.04
15.04
20.1
10.06
10.02
5.04
10.02
10.06
20.1
10.08
20.12
5.06
15.06
15.04
5.04
5.04
19.34
20.08
5.06
10.02
5.06
5.08
20.12
10.08
25.08
20.1
685.16
32.18
137.0
69.08
10.0
152.16
25.08
15.08
5.06
5.04
10.04
5.08
5.06
10.04
15.04
5.0
118.78
5.04
5.08
5.02
20.08
20.1
15.08
15.12
5.04
32.58
146.94
5.08
15.08
25.16
15.02
15.06
15.1
15.06
25.06
15.06
10.08
10.04
5.06
15.08
10.04
46.78
52.72
5.04
5.02
10.06
5.04
15.08
5.12
11.72
152.02
152.08
5.04
5.04
10.08
10.1
5.08
10.0
5.06
15.1
39.88
5.06
142.1
10.0
25.08
10.08
10.02
5.04
10.04
20.04
86.14
5.04
10.04
5.04
137.08
10.04
136.94
5.06
15.14
49.66
10.06
20.08
61.76
10.04
20.04
20.08
10.06
5.08
10.08
155.34
20.04
5.06
15.08
5.04
10.06
10.08
5.06
10.04
25.1
10.12
10.02
5.02
25.1
30.12
10.02
20.08
68.34
5.06
13.58
10.1
5.04
10.0
31.36
5.06
5.08
5.06
5.0
10.08
5.04
10.1
34.16
5.06
15.02
5.04
30.1
10.14
15.1
15.06
15.08
5.02
157.1
5.06
10.04
5.06
10.04
5.04
10.04
20.12
5.04
20.1
5.02
15.04
5.06
5.06
10.04
20.1
293.9
20.08
10.04
15.1
15.02
15.06
20.08
10.1
15.14
25.06
5.04
154.04
26.12
30.08
137.02
15.06
5.04
5.06
15.1
5.04
5.0
10.08
10.08
5.0
10.1
35.16
25.06
5.04
15.04
20.06
20.06
15.04
5.04
10.08
5.02
20.02
5.08
5.02
137.02
30.08
15.06
20.1
5.02
5.08
142.0
15.04
5.04
10.04
20.06
10.04
5.06
20.02
25.1
15.08
5.06
20.08
5.02
5.02
5.04
10.08
146.92
20.06
20.08
20.06
5.04
5.02
5.04
20.08
5.12
5.06
5.08
5.02
20.86
15.12
15.06
10.0
10.02
10.1
10.0
25.1
5.08
8.76
5.04
5.04
5.04
10.08
5.0
5.04
5.06
284.0
5.02
5.02
130.56
20.08
25.12
10.08
5.06
5.04
15.06
10.06
15.04
137.04
10.1
10.04
5.06
52.72
5.02
10.04
63.4
15.1
5.0
50.74
5.06
10.1
10.04
20.06
5.04
15.08
5.02
152.08
137.1
20.1
5.02
5.0
18.68
5.02
10.04
5.08
10.1
41.4
25.12
10.06
5.02
142.08
5.04
15.02
147.1
10.04
62.76
5.02
15.08
15.04
10.38
70.38
5.02
5.06
20.08
10.06
5.06
15.1
15.08
5.0
5.02
15.04
5.04
15.04
10.06
5.02
10.02
15.08
15.1
20.06
137.06
152.28
20.06
5.08
5.08
146.94
151.86
54.94
45.92
15.1
142.04
145.32
5.1
5.04
15.1
10.12
25.14
15.08
20.06
5.1
10.06
15.04
5.06
136.96
10.06
20.04
20.12
5.02
93.02
20.08
5.02
20.12
10.08
46.66
85.8
15.06
10.04
5.02
5.04
15.04
20.06
10.08
20.06
10.08
15.04
10.1
20.08
5.04
10.1
10.1
5.12
25.06
5.02
5.12
10.08
10.08
5.04
157.02
20.08
5.08
20.04
104.98
30.06
5.02
137.06
10.1
5.02
5.04
15.06
156.94
41.56
64.96
142.02
5.08
138.68
10.06
10.12
5.1
5.06
5.02
5.08
10.04
30.12
15.02
20.08
10.08
5.08
20.1
15.02
15.04
119.5
10.12
15.06
25.08
5.04
5.02
15.12
5.04
5.0
105.28
133.9
10.04
10.04
5.1
15.08
15.02
5.04
25.14
157.14
410.94
147.06
5.04
35.1
137.12
137.06
123.58
5.02
18.06
15.02
15.04
20.06
5.06
15.04
10.1
25.12
5.06
5.08
5.06
101.96
34.76
118.98
15.1
10.1
10.06
91.58
15.04
5.04
20.04
5.08
5.04
5.06
5.04
5.02
5.02
5.04
20.08
5.04
25.08
10.04
10.04
15.06
15.04
25.1
5.08
20.06
25.06
20.06
136.98
5.08
15.06
5.08
5.06
5.08
10.1
5.04
10.04
20.1
168.68
15.04
10.06
136.84
10.06
15.06
15.02
5.06
15.1
15.08
20.1
135.54
10.06
20.06
5.02
10.06
30.08
10.04
15.08
25.04
15.04
5.02
5.06
47.16
20.1
15.06
5.06
5.0
10.08
5.06
5.02
15.12
20.08
10.04
31.12
15.08
5.06
5.06
5.04
10.04
5.08
142.02
151.98
10.02
685.32
5.06
5.02
15.06
5.06
5.04
10.08
10.06
553.16
5.06
10.1
50.82
10.02
5.06
31.1
152.02
25.14
25.08
58.7
10.04
146.98
25.1
20.1
5.06
10.06
5.04
20.08
5.02
25.08
20.12
20.12
5.06
10.04
25.12
10.04
15.1
5.08
171.56
5.02
15.1
5.04
5.04
20.1
20.04
20.1
136.98
10.06
152.02
5.1
15.04
149.14
5.04
20.06
10.06
142.0
5.04
10.04
279.02
157.1
137.04
157.04
5.06
5.04
141.9
137.02
15.06
5.08
20.06
20.06
5.02
15.02
10.04
15.06
10.08
15.08
10.06
5.08
47.22
5.1
119.06
5.04
20.12
15.06
146.98
5.02
5.08
10.08
10.1
10.0
8.62
20.08
5.02
81.96
142.0
5.06
5.08
147.06
15.08
5.04
5.06
25.64
5.02
5.0
137.04
136.98
15.1
20.12
25.12
30.08
25.08
5.06
15.08
5.04
10.02
5.0
142.06
15.06
10.16
5.08
20.1
10.1
35.12
5.06
20.04
37.46
5.06
10.06
152.06
5.04
10.02
147.02
154.78
16.94
25.08
573.2
5.08
14.24
5.04
15.06
10.06
15.1
25.02
5.0
25.1
152.08
25.1
5.06
5.08
15.04
15.06
15.12
80.5
15.06
5.04
25.08
40.12
5.08
15.06
10.06
25.1
10.04
35.08
20.7
5.06
20.06
5.06
15.12
10.02
15.08
5.06
15.06
5.06
5.02
25.1
15.06
5.02
15.04
5.04
5.08
20.08
25.08
15.1
20.02
15.1
5.04
5.06
5.02
5.04
20.02
5.02
5.06
136.98
5.04
142.0
10.0
125.88
136.96
137.04
10.04
5.06
20.06
15.06
10.06
20.12
147.1
10.06
5.04
147.06
10.02
10.08
137.0
5.06
10.04
15.08
62.36
15.06
75.82
136.94
19.22
15.02
10.06
104.6
5.0
10.06
20.1
5.04
25.12
10.1
64.96
10.02
20.12
15.1
5.04
15.08
10.06
15.08
15.1
5.08
15.06
5.06
103.04
5.02
15.06
15.04
15.02
5.06
150.02
89.46
5.02
15.06
5.04
20.12
25.04
20.1
121.36
5.02
20.12
10.08
11.8
5.1
5.04
5.02
35.1
15.04
10.1
5.04
136.9
15.06
15.02
15.08
15.06
31.82
5.06
69.06
5.02
5.06
100.92
5.06
149.1
5.02
5.04
20.1
5.02
5.12
15.06
20.08
5.02
10.08
147.0
137.12
5.06
162.12
5.08
5.04
10.06
5.06
5.02
5.04
20.06
10.12
5.04
15.06
10.08
5.04
15.06
5.02
30.08
5.06
15.1
5.04
20.08
10.0
15.08
10.06
20.08
5.02
307.3
5.14
147.08
15.08
152.1
19.88
60.22
146.96
25.1
5.06
5.06
20.12
5.06
5.08
5.04
15.98
10.08
10.02
15.1
5.04
15.08
5.08
141.98
15.08
20.06
10.08
5.06
25.12
278.8
5.06
10.02
20.08
5.04
15.02
151.06
198.82
10.12
20.08
5.02
146.92
10.02
152.12
5.02
5.02
10.08
137.02
5.04
68.08
5.08
15.06
5.08
25.12
142.0
20.08
142.06
5.06
15.1
15.04
15.06
152.0
27.82
101.84
5.06
16.2
5.0
142.14
10.04
25.12
20.08
15.1
20.02
5.02
5.08
20.08
5.06
20.1
10.08
10.08
15.04
11.78
5.04
5.06
15.06
10.0
5.06
10.06
15.08
21.66
120.26
25.1
246.84
20.04
10.06
10.1
10.02
67.98
5.02
119.08
5.04
5.0
20.08
147.04
157.08
10.04
10.08
278.98
162.06
10.06
152.04
5.02
10.08
5.08
20.08
20.06
147.12
5.08
10.02
5.06
5.0
25.08
5.0
15.02
15.08
5.0
5.04
5.04
152.04
137.0
40.16
147.02
10.08
5.02
10.02
5.04
10.08
15.08
30.12
39.34
5.02
5.1
5.04
15.1
10.1
5.06
