15.3
10.166667
10.2
10.0
30.166667
20.166667
5.066667
10.1
15.1
5.1
15.1
5.066667
5.066667
335.233333
125.6
15.0
416.666667
19.2
411.0
274.1
6.866667
149.233333
136.933333
5.033333
5.733333
137.1
5.066667
5.266667
5.033333
15.7
23.6
415.733333
410.866667
142.033333
10.066667
10.0
186.766667
20.1
5.033333
279.0
15.166667
10.1
152.066667
5.033333
10.133333
5.1
5.133333
279.033333
15.066667
284.066667
279.2
152.5
5.0
5.0
142.1
5.033333
15.1
548.166667
20.1
5.0
548.1
17.466667
17.133333
5.033333
5.066667
5.0
141.933333
10.0
21.933333
548.2
136.9
247.433333
149.533333
15.133333
142.033333
15.1
137.2
5.0
23.8
65.566667
5.2
149.4
196.433333
13.633333
287.233333
180.566667
15.033333
5.566667
137.0
5.033333
137.0
284.166667
137.0
20.9
5.1
274.066667
404.8
22.533333
15.166667
256.033333
132.933333
273.9
142.033333
10.066667
5.033333
137.066667
10.133333
274.033333
141.933333
137.133333
83.8
157.1
5.133333
329.766667
415.766667
279.1
137.066667
15.233333
284.033333
279.233333
10.066667
10.0
25.7
15.1
154.1
6.133333
5.033333
137.066667
16.133333
35.133333
20.1
20.5
5.033333
8.533333
5.0
302.633333
10.166667
10.133333
137.1
10.033333
15.066667
144.266667
99.266667
137.066667
10.1
5.0
11.9
6.366667
28.0
111.033333
15.166667
5.033333
136.833333
147.066667
274.733333
6.733333
21.933333
137.133333
553.266667
142.033333
5.1
10.0
279.033333
136.666667
274.166667
147.1
228.9
284.133333
68.133333
162.166667
147.0
279.133333
5.033333
113.966667
147.133333
283.966667
137.066667
10.066667
415.966667
289.3
10.1
137.166667
147.066667
142.0
142.133333
20.133333
137.0
5.033333
5.0
15.133333
137.033333
284.1
5.066667
152.1
15.1
72.633333
186.966667
10.166667
5.1
137.033333
10.066667
5.1
40.7
5.033333
5.066667
127.533333
5.066667
142.066667
20.0
20.233333
137.1
136.966667
10.1
11.566667
137.033333
15.066667
5.033333
255.0
154.866667
5.066667
22.566667
257.033333
283.9
151.9
136.966667
136.933333
162.2
284.1
11.866667
20.066667
15.0
156.966667
137.0
142.066667
5.066667
142.2
120.333333
152.033333
146.866667
223.8
147.033333
289.866667
137.066667
142.066667
553.2
142.033333
10.066667
19.6
5.033333
421.033333
548.3
426.1
137.033333
137.033333
294.533333
20.1
273.9
148.766667
273.966667
21.7
15.033333
5.0
415.733333
279.0
11.9
147.666667
15.0
5.1
279.1
10.033333
164.966667
5.066667
204.633333
147.066667
165.166667
278.933333
132.9
137.0
10.933333
147.066667
125.6
80.833333
16.166667
166.066667
15.033333
20.033333
30.066667
5.0
139.766667
5.166667
19.2
278.933333
28.733333
142.033333
152.0
247.866667
15.066667
5.0
5.033333
142.033333
274.0
273.933333
5.0
152.2
273.966667
13.066667
142.033333
137.066667
137.033333
147.033333
137.033333
5.066667
10.166667
137.066667
20.033333
15.1
5.1
553.1
5.066667
10.033333
39.7
10.0
5.066667
10.133333
113.733333
149.0
142.033333
15.066667
5.133333
15.133333
20.2
5.033333
5.033333
8.466667
142.033333
284.066667
5.066667
155.133333
289.066667
284.166667
17.033333
279.133333
10.0
278.933333
137.1
152.1
274.166667
15.133333
136.933333
167.4
5.066667
284.066667
283.966667
142.1
141.966667
154.9
137.033333
30.866667
154.233333
20.0
5.166667
18.933333
15.033333
142.033333
5.033333
218.4
137.033333
5.033333
146.466667
5.066667
5.1
10.166667
142.033333
5.066667
25.033333
15.133333
20.066667
19.4
10.033333
15.366667
5.033333
119.066667
103.166667
5.0
136.966667
302.6
7.633333
31.433333
147.1
15.166667
137.133333
5.066667
5.1
313.5
147.0
147.0
137.0
5.0
10.066667
137.066667
137.033333
143.133333
153.933333
136.966667
5.0
20.033333
142.066667
112.866667
10.033333
50.0
5.033333
10.066667
5.133333
152.9
175.566667
5.133333
117.7
20.133333
5.033333
258.233333
647.166667
147.033333
5.066667
142.1
5.033333
23.033333
50.733333
5.133333
5.033333
10.1
20.066667
5.033333
32.2
137.033333
30.133333
5.0
12.1
136.566667
6.166667
132.733333
25.033333
274.166667
5.033333
553.166667
5.0
15.0
15.133333
10.0
137.066667
10.066667
5.0
146.966667
5.0
144.633333
48.966667
10.1
147.1
137.033333
5.033333
5.066667
15.066667
10.1
20.0
545.1
5.166667
142.033333
10.066667
14.866667
5.033333
278.966667
268.4
10.033333
142.033333
157.0
147.1
10.033333
147.2
5.066667
10.1
137.033333
155.533333
11.666667
5.033333
95.633333
20.0
142.166667
15.033333
142.033333
5.1
10.0
15.066667
10.066667
5.0
25.066667
5.0
137.166667
481.166667
5.133333
10.033333
84.166667
5.066667
160.066667
12.366667
152.166667
137.166667
154.733333
174.233333
135.1
5.033333
136.966667
5.033333
5.033333
5.1
10.033333
15.0
15.033333
15.2
23.0
16.3
34.033333
142.033333
5.5
553.166667
10.0
156.966667
197.9
136.933333
137.1
137.133333
15.0
10.033333
26.366667
15.033333
147.033333
15.733333
101.866667
142.0
157.0
20.033333
5.066667
147.0
5.1
261.133333
5.133333
18.9
147.066667
137.033333
5.0
157.066667
271.433333
831.933333
137.1
147.066667
10.033333
157.066667
147.033333
182.433333
157.066667
137.066667
273.966667
279.033333
7.633333
5.033333
157.2
137.0
5.033333
10.133333
24.933333
20.9
5.1
20.2
5.0
142.0
29.6
8.5
685.233333
5.033333
43.5
15.0
5.066667
68.166667
5.166667
5.033333
5.1
54.466667
5.0
5.0
15.033333
137.033333
15.033333
20.066667
10.033333
12.733333
21.266667
10.0
20.066667
12.1
142.066667
15.0
152.1
15.033333
15.066667
118.933333
15.066667
273.9
137.033333
20.066667
20.033333
21.533333
10.033333
141.966667
15.066667
137.1
15.1
152.0
152.0
142.066667
167.7
5.1
5.033333
293.966667
142.1
10.0
279.166667
152.2
5.1
5.0
10.066667
156.666667
10.766667
47.833333
5.066667
279.066667
5.0
20.2
8.7
274.166667
279.066667
142.0
142.766667
5.033333
152.033333
157.033333
186.866667
157.2
5.166667
142.1
142.033333
221.966667
15.933333
147.2
147.2
16.533333
163.033333
279.133333
263.266667
273.966667
142.033333
5.133333
553.4
142.1
284.233333
162.5
284.033333
147.133333
10.066667
5.033333
5.033333
5.1
142.033333
469.7
10.066667
33.166667
137.033333
10.033333
137.033333
157.1
5.066667
5.1
15.0
10.1
15.866667
15.066667
5.1
142.1
141.966667
5.033333
153.3
142.066667
284.166667
142.033333
10.0
5.066667
5.0
10.4
278.966667
95.4
97.9
45.066667
5.0
5.133333
548.2
5.1
132.933333
121.333333
5.0
19.866667
6.233333
10.166667
15.733333
10.0
137.0
7.2
20.133333
141.966667
15.133333
136.933333
137.033333
137.033333
10.2
16.7
127.366667
152.1
15.033333
5.1
10.066667
152.1
25.066667
10.066667
6.166667
105.266667
13.633333
10.0
10.0
5.233333
15.1
616.2
25.166667
15.133333
5.033333
153.0
5.1
5.0
10.0
5.033333
24.466667
15.066667
108.4
137.0
548.266667
10.066667
10.1
151.966667
7.166667
12.066667
115.066667
141.966667
10.133333
5.033333
15.066667
5.033333
141.866667
15.166667
548.3
147.133333
147.166667
137.066667
5.1
278.966667
147.066667
6.733333
289.633333
142.033333
10.366667
280.433333
5.033333
64.5
151.333333
50.166667
274.0
137.066667
152.166667
284.033333
15.0
5.0
147.1
10.033333
39.733333
22.066667
10.166667
137.066667
12.5
15.033333
10.033333
145.366667
147.033333
23.266667
5.0
10.066667
137.1
15.066667
5.066667
15.066667
5.1
152.066667
5.133333
8.4
5.166667
5.033333
5.066667
65.3
5.066667
141.866667
5.033333
136.966667
15.133333
14.566667
24.966667
156.966667
137.033333
25.666667
250.733333
5.033333
136.966667
137.0
250.4
10.066667
10.033333
10.033333
279.066667
284.133333
5.0
127.666667
5.0
5.0
20.066667
25.066667
20.033333
79.766667
27.966667
5.066667
121.933333
5.133333
416.0
294.133333
12.133333
210.366667
147.066667
558.833333
276.9
137.0
421.033333
146.933333
20.3
553.133333
558.2
25.066667
147.0
5.033333
5.0
10.0
152.1
66.8
10.033333
10.066667
5.066667
31.966667
17.633333
226.6
20.133333
15.166667
20.066667
162.1
143.333333
29.366667
5.1
284.133333
5.033333
142.0
5.0
146.7
278.933333
383.4
142.133333
142.0
10.833333
137.233333
137.1
5.066667
141.933333
5.033333
10.066667
261.4
152.0
5.033333
5.066667
157.1
5.0
153.066667
5.133333
222.833333
136.966667
137.133333
664.0
35.166667
137.033333
279.0
74.4
46.5
5.033333
628.166667
137.033333
283.766667
152.966667
125.966667
15.1
142.0
153.7
146.933333
141.166667
141.866667
10.033333
274.1
157.066667
5.033333
142.1
5.066667
125.933333
15.066667
5.033333
142.0
5.1
5.033333
5.0
5.033333
5.0
558.266667
5.8
10.066667
20.0
172.933333
142.1
142.0
137.0
20.2
13.733333
15.0
10.033333
146.933333
115.2
685.3
5.033333
5.133333
5.1
20.166667
5.0
5.033333
6.5
247.3
284.033333
284.3
23.8
25.166667
335.966667
20.166667
15.066667
230.566667
5.0
15.0
5.033333
446.266667
10.033333
10.0
138.333333
10.066667
25.066667
10.033333
142.066667
5.766667
20.066667
30.033333
142.033333
10.0
15.133333
283.866667
273.966667
19.066667
12.1
14.933333
5.033333
10.033333
20.866667
6.633333
5.066667
5.0
136.833333
5.1
142.033333
224.366667
166.666667
125.533333
137.066667
142.0
142.0
279.133333
7.366667
74.6
21.533333
5.066667
120.1
6.6
237.566667
253.433333
15.033333
152.033333
137.066667
5.033333
10.066667
15.0
136.933333
10.066667
94.633333
137.033333
147.466667
142.066667
272.266667
137.0
10.0
5.066667
5.033333
157.1
21.633333
15.0
274.066667
5.033333
137.1
20.033333
11.833333
52.133333
10.033333
21.966667
243.066667
151.7
19.033333
416.133333
10.066667
5.0
411.066667
157.0
17.3
20.533333
5.0
156.366667
214.033333
137.0
5.033333
15.233333
274.0
142.066667
279.1
288.9
142.1
10.1
16.866667
15.066667
280.1
152.133333
16.7
158.633333
25.066667
5.033333
5.5
123.533333
202.6
137.0
14.966667
337.966667
5.066667
152.0
157.066667
15.1
24.0
284.0
141.966667
5.0
414.9
10.0
157.633333
137.1
413.933333
30.066667
10.033333
5.1
45.9
10.166667
137.0
279.066667
553.433333
146.766667
284.066667
274.1
147.033333
152.033333
5.2
326.433333
136.966667
254.366667
411.0
137.0
30.466667
5.0
336.1
137.033333
284.0
293.2
10.066667
146.966667
5.133333
5.033333
10.233333
142.066667
10.1
19.033333
21.833333
5.033333
152.133333
20.133333
157.133333
6.5
10.1
103.266667
20.133333
5.0
5.066667
20.166667
13.5
10.0
137.1
6.6
152.033333
10.033333
147.033333
20.066667
11.7
142.066667
5.0
144.066667
552.5
5.033333
284.033333
5.1
10.0
29.6
137.033333
11.2
5.066667
5.133333
20.6
46.5
18.466667
142.033333
147.133333
553.166667
142.066667
141.933333
284.033333
142.033333
5.0
274.066667
146.933333
142.166667
144.466667
137.066667
31.066667
274.0
5.0
142.0
137.033333
136.966667
5.1
142.166667
15.066667
15.066667
15.1
107.733333
146.933333
142.0
142.066667
10.066667
5.066667
10.066667
19.766667
147.033333
12.066667
141.933333
94.466667
136.966667
210.333333
20.066667
136.933333
5.033333
147.066667
174.433333
142.133333
278.7
400.433333
137.1
416.0
10.066667
268.266667
10.066667
14.233333
5.033333
142.0
10.033333
5.033333
59.466667
29.4
5.066667
10.066667
6.566667
279.0
15.133333
15.2
20.1
5.1
311.133333
6.266667
273.966667
5.1
152.066667
15.066667
5.066667
12.0
5.033333
207.366667
5.033333
13.266667
283.833333
142.033333
5.133333
21.4
165.566667
284.066667
5.233333
22.966667
137.0
142.033333
20.1
284.066667
15.266667
15.033333
157.1
397.033333
137.066667
239.9
10.0
5.0
416.033333
295.533333
137.233333
157.133333
5.033333
114.066667
274.033333
158.1
6.8
5.0
140.2
288.8
175.9
16.866667
685.266667
142.066667
5.2
5.033333
25.233333
301.733333
12.233333
137.033333
136.966667
142.066667
281.6
5.0
142.033333
5.066667
5.066667
15.066667
5.066667
82.933333
142.166667
15.1
5.033333
5.066667
184.9
5.066667
22.966667
137.0
137.166667
18.433333
8.6
147.066667
25.066667
157.1
155.7
5.3
20.066667
10.133333
147.1
5.133333
5.0
5.133333
10.1
547.666667
5.1
10.033333
279.0
10.066667
142.1
158.833333
7.4
284.066667
15.133333
152.033333
133.3
100.5
142.133333
157.0
160.966667
147.1
5.033333
75.1
10.033333
15.033333
5.033333
285.833333
7.566667
411.066667
5.066667
15.0
5.066667
14.5
106.3
153.866667
10.2
26.9
415.966667
351.833333
142.1
34.833333
89.2
268.2
10.066667
263.8
10.066667
121.0
10.033333
10.033333
5.133333
5.133333
5.066667
20.066667
15.033333
5.066667
155.5
25.033333
16.966667
10.0
153.166667
294.8
20.033333
5.033333
5.033333
11.366667
47.5
5.0
20.166667
137.066667
20.133333
142.133333
110.4
5.1
5.0
20.033333
6.266667
8.466667
132.033333
108.666667
7.333333
5.1
5.033333
278.966667
10.066667
10.033333
5.0
19.066667
15.033333
5.066667
10.033333
25.1
142.133333
62.866667
47.233333
141.933333
152.066667
157.166667
142.233333
5.033333
15.2
137.066667
144.166667
137.033333
279.133333
12.866667
415.933333
284.0
416.033333
15.0
151.833333
142.066667
157.2
10.033333
274.1
15.0
32.966667
10.066667
12.6
685.066667
5.133333
5.033333
25.2
10.133333
21.6
137.1
222.933333
6.6
9.6
142.1
20.066667
15.9
135.066667
210.9
274.0
5.1
15.766667
155.566667
59.7
293.233333
18.833333
5.3
319.633333
10.066667
20.766667
10.066667
136.966667
410.833333
415.866667
5.033333
286.533333
289.066667
137.1
137.033333
5.0
10.8
284.0
5.066667
153.866667
5.133333
13.4
15.033333
49.066667
207.433333
5.066667
163.833333
5.133333
15.033333
274.166667
15.133333
5.0
5.033333
5.066667
284.0
288.966667
138.333333
142.066667
137.033333
115.166667
5.066667
5.066667
117.4
152.0
10.066667
157.033333
10.2
10.1
142.1
150.833333
10.133333
10.033333
14.166667
10.066667
5.066667
145.933333
15.166667
20.133333
148.466667
136.966667
23.666667
10.066667
558.4
5.1
5.033333
553.4
10.033333
15.033333
157.2
64.866667
301.866667
410.766667
20.266667
5.0
137.166667
137.066667
5.0
149.766667
142.0
5.033333
152.133333
147.166667
605.4
83.533333
142.066667
136.9
5.033333
15.066667
404.5
151.933333
10.0
152.133333
147.066667
137.0
142.133333
112.133333
142.0
142.033333
137.033333
411.0
5.033333
16.833333
5.066667
151.933333
20.1
5.166667
22.833333
10.033333
152.066667
7.733333
137.066667
5.133333
147.066667
145.5
12.9
5.0
283.733333
63.433333
142.0
10.033333
5.1
15.033333
147.233333
5.033333
5.066667
20.166667
317.3
10.033333
5.1
5.366667
563.766667
5.033333
10.033333
278.966667
10.566667
102.233333
553.233333
5.166667
20.033333
7.0
20.1
7.966667
162.1
5.066667
137.033333
17.033333
20.066667
147.033333
141.933333
20.066667
137.033333
164.8
19.0
5.033333
15.2
8.533333
15.033333
10.033333
5.033333
5.1
142.1
162.066667
10.033333
5.066667
142.133333
137.0
42.066667
10.066667
553.166667
45.1
5.066667
135.366667
199.1
152.0
279.1
5.066667
137.033333
5.0
142.0
20.066667
20.066667
5.033333
10.1
152.066667
152.033333
5.0
124.6
10.1
23.466667
6.6
632.333333
106.1
21.766667
5.033333
147.0
114.366667
5.033333
249.533333
15.066667
29.466667
62.866667
5.0
5.066667
5.066667
11.1
274.033333
5.066667
142.066667
5.033333
5.133333
411.0
157.0
289.133333
10.066667
10.166667
5.0
15.1
20.066667
19.133333
136.933333
137.0
137.133333
146.933333
15.033333
10.033333
278.7
95.566667
17.333333
6.133333
123.433333
5.0
141.966667
14.366667
5.1
68.266667
13.333333
45.266667
5.066667
5.0
10.033333
5.033333
10.033333
5.0
5.066667
5.066667
5.033333
5.1
264.6
25.1
71.533333
142.066667
152.133333
142.066667
142.0
284.033333
279.133333
5.033333
142.066667
10.133333
9.466667
5.1
20.1
15.033333
10.0
20.1
288.466667
137.066667
321.633333
10.166667
20.033333
20.033333
10.066667
5.133333
10.1
17.0
20.133333
66.6
5.0
273.933333
284.066667
265.933333
136.933333
274.0
18.833333
10.0
10.066667
20.133333
20.0
10.0
361.5
5.066667
151.966667
54.3
242.066667
326.566667
141.833333
420.7
5.0
298.966667
246.633333
147.066667
146.0
137.133333
137.033333
137.1
137.166667
5.1
30.033333
5.566667
15.1
152.2
10.066667
141.966667
15.133333
7.0
23.3
22.4
5.1
137.0
172.6
152.066667
141.833333
274.0
5.1
142.0
685.133333
10.066667
5.1
5.033333
5.033333
20.066667
30.0
147.0
5.066667
11.666667
27.366667
152.0
20.066667
10.133333
142.1
147.033333
147.033333
136.966667
5.1
5.1
144.4
19.066667
271.2
10.033333
270.066667
5.0
10.066667
5.033333
137.1
16.4
157.066667
279.0
5.033333
137.0
22.533333
10.033333
5.166667
15.033333
274.166667
137.133333
5.033333
10.066667
283.966667
52.4
168.4
553.166667
416.066667
162.166667
284.0
152.033333
156.7
112.266667
131.933333
5.1
55.2
148.066667
13.966667
216.466667
258.6
283.9
553.166667
14.133333
193.333333
152.033333
16.2
10.066667
137.066667
144.066667
5.033333
142.166667
5.033333
9.6
137.133333
152.066667
5.1
142.166667
19.833333
153.966667
25.066667
20.066667
10.1
18.966667
54.3
42.666667
12.5
5.0
142.133333
147.066667
274.033333
10.066667
21.7
279.1
28.866667
11.233333
19.133333
112.6
142.1
274.033333
5.1
127.9
5.033333
11.966667
159.033333
5.066667
5.033333
5.033333
274.0
136.933333
284.0
10.033333
5.033333
15.033333
15.0
5.0
62.533333
218.6
148.433333
5.066667
32.1
5.1
18.1
279.0
503.033333
147.1
5.0
5.033333
5.0
5.066667
10.0
59.6
5.066667
137.1
20.133333
142.1
10.1
142.0
10.466667
10.033333
25.0
5.033333
142.133333
15.1
30.266667
5.033333
15.1
33.3
28.566667
147.033333
152.033333
18.133333
5.033333
20.1
10.1
21.1
10.0
75.8
137.0
244.266667
142.1
147.133333
16.6
5.1
73.766667
283.866667
5.033333
141.933333
5.066667
5.0
416.0
30.233333
142.033333
142.166667
10.333333
15.066667
300.866667
5.033333
5.133333
26.566667
7.2
415.866667
147.266667
151.766667
5.0
279.066667
420.866667
136.233333
142.1
36.566667
5.1
15.266667
5.1
5.0
240.2
292.066667
10.266667
5.0
10.0
284.066667
127.366667
685.166667
12.3
190.7
10.1
5.066667
142.033333
282.2
117.3
136.933333
137.033333
5.133333
10.1
10.066667
5.033333
171.733333
15.233333
5.066667
157.066667
5.0
274.1
15.133333
15.1
23.6
553.233333
26.4
5.266667
15.066667
85.4
36.1
15.0
229.266667
10.0
27.066667
5.166667
70.766667
142.0
122.066667
5.033333
141.866667
15.033333
10.0
14.266667
15.066667
27.566667
5.0
142.033333
15.2
10.966667
15.166667
10.133333
5.0
10.966667
10.0
67.0
5.033333
10.066667
20.133333
5.066667
5.033333
90.733333
103.666667
7.766667
25.233333
12.733333
137.0
278.933333
142.1
15.066667
158.533333
137.133333
10.066667
137.0
149.266667
136.933333
20.1
10.0
39.366667
20.1
137.166667
274.166667
5.366667
273.9
15.133333
137.066667
92.533333
146.933333
548.166667
24.366667
20.2
10.033333
548.166667
5.033333
16.333333
27.066667
10.1
142.0
71.8
153.866667
5.1
10.033333
200.833333
150.366667
142.033333
284.033333
284.866667
15.1
305.6
5.0
5.0
159.533333
141.966667
15.1
5.066667
5.033333
5.133333
278.833333
5.066667
147.066667
15.8
62.766667
153.733333
90.633333
136.966667
20.2
20.166667
5.066667
136.933333
20.166667
5.033333
20.033333
67.1
23.166667
17.533333
10.166667
10.0
136.966667
136.9
15.066667
5.033333
16.366667
10.033333
5.0
5.1
10.066667
146.9
136.966667
10.066667
5.033333
25.0
15.033333
5.066667
20.1
157.066667
5.666667
5.0
20.133333
16.6
72.333333
8.4
17.166667
137.1
20.133333
141.833333
142.166667
5.066667
10.166667
25.066667
137.066667
136.933333
10.033333
137.233333
15.166667
142.1
83.3
15.533333
10.0
15.066667
16.933333
15.066667
49.3
23.833333
162.333333
137.0
420.733333
71.1
278.8
274.066667
154.533333
288.966667
147.033333
416.033333
284.066667
416.133333
272.6
411.2
6.1
10.0
284.133333
32.533333
137.066667
137.066667
158.866667
29.233333
150.766667
5.133333
415.933333
416.033333
10.1
284.166667
5.1
162.1
15.066667
11.633333
10.1
548.3
137.066667
282.166667
5.0
8.166667
103.766667
15.0
137.033333
5.1
563.3
685.2
6.6
5.133333
5.0
10.033333
15.033333
273.933333
11.733333
558.166667
5.066667
150.933333
15.1
20.1
20.266667
73.266667
5.033333
5.0
115.033333
142.033333
137.733333
5.066667
137.1
83.466667
16.566667
136.933333
298.833333
157.033333
273.9
137.033333
156.366667
279.066667
411.0
5.066667
252.533333
157.033333
11.166667
411.066667
274.0
5.0
5.133333
685.2
31.633333
10.0
5.0
411.033333
137.066667
415.7
137.033333
5.0
86.366667
165.7
10.1
20.166667
137.033333
203.033333
416.033333
279.066667
5.066667
20.366667
10.066667
137.033333
147.066667
141.966667
25.133333
152.4
171.866667
12.433333
5.0
283.933333
142.033333
137.1
5.033333
5.033333
20.066667
5.033333
279.133333
30.166667
274.033333
5.066667
21.9
10.033333
142.0
20.5
152.033333
72.333333
142.033333
279.066667
137.1
15.066667
15.033333
10.4
8.5
5.033333
142.133333
7.333333
162.1
13.6
10.166667
5.066667
140.7
10.0
152.0
141.933333
5.0
20.0
5.1
136.933333
172.3
16.6
146.9
15.133333
695.166667
234.3
204.1
10.066667
5.133333
20.033333
263.866667
5.066667
142.033333
141.9
30.0
5.066667
25.133333
10.0
6.2
10.066667
27.733333
41.8
15.1
10.033333
260.166667
224.7
20.033333
25.066667
137.0
10.133333
15.1
142.066667
5.133333
6.733333
20.133333
145.2
278.933333
9.4
136.933333
136.9
142.166667
152.033333
137.066667
5.0
18.333333
147.033333
25.0
142.066667
5.1
137.0
147.7
143.666667
83.6
188.666667
10.066667
15.033333
146.433333
142.133333
152.033333
157.333333
137.0
142.133333
152.133333
241.833333
69.833333
149.3
157.266667
141.9
141.966667
137.033333
284.3
5.0
10.033333
10.0
170.7
152.033333
15.0
5.1
15.133333
5.066667
137.066667
5.0
15.033333
5.0
142.0
15.3
137.033333
24.7
147.1
147.133333
137.0
13.633333
12.766667
10.033333
145.433333
5.1
142.066667
149.833333
152.033333
148.766667
288.8
147.133333
137.033333
168.266667
10.033333
158.333333
157.066667
152.166667
5.2
154.333333
288.933333
5.066667
10.1
136.866667
10.033333
10.166667
83.266667
16.766667
86.3
5.033333
5.1
145.1
147.166667
5.1
5.066667
22.366667
5.033333
15.033333
5.0
64.366667
67.633333
236.433333
10.133333
9.9
137.133333
137.0
168.3
10.066667
137.066667
10.233333
194.866667
5.033333
137.133333
6.2
24.633333
5.066667
222.433333
10.033333
137.0
136.966667
10.0
155.4
10.0
5.033333
5.033333
174.333333
5.066667
15.1
25.166667
17.6
6.866667
15.6
131.2
137.133333
10.066667
141.966667
137.066667
48.166667
274.066667
152.266667
20.266667
13.266667
141.266667
148.4
5.066667
18.566667
97.166667
164.833333
274.1
147.266667
147.166667
10.133333
279.166667
308.933333
152.133333
143.866667
5.033333
5.0
5.066667
10.2
5.233333
10.0
15.266667
152.1
188.466667
5.033333
15.1
136.9
284.033333
295.366667
15.066667
10.033333
5.066667
420.933333
23.533333
10.066667
10.066667
5.066667
415.933333
10.033333
15.033333
147.066667
152.133333
284.1
5.066667
5.1
78.266667
147.133333
137.033333
147.033333
147.066667
10.033333
15.1
137.1
217.666667
268.566667
169.733333
5.033333
672.966667
137.066667
5.033333
198.9
137.066667
11.933333
5.033333
27.166667
22.233333
10.066667
137.133333
279.033333
142.3
137.0
5.066667
553.133333
15.1
18.666667
5.133333
10.766667
279.133333
5.0
15.1
5.133333
100.566667
142.066667
20.166667
10.0
13.633333
142.066667
33.433333
152.2
157.066667
15.133333
137.2
143.9
15.1
142.1
5.066667
146.733333
284.033333
416.033333
5.033333
151.966667
292.233333
147.0
147.166667
5.066667
416.0
415.833333
5.0
26.366667
152.2
352.1
20.166667
5.033333
5.033333
15.1
20.866667
16.966667
20.066667
5.0
227.766667
5.033333
44.9
36.733333
141.9
43.433333
10.333333
20.033333
7.833333
6.433333
36.666667
5.066667
152.0
20.066667
142.1
5.066667
136.966667
5.033333
5.033333
5.0
5.1
137.066667
5.033333
20.066667
137.066667
548.2
563.166667
17.4
22.166667
5.066667
156.2
20.0
152.0
137.0
10.2
21.833333
20.166667
553.566667
142.133333
5.0
249.1
5.0
20.066667
10.0
5.2
10.066667
147.133333
20.166667
5.033333
20.066667
142.166667
137.0
10.066667
149.3
15.066667
147.033333
152.133333
29.333333
20.133333
10.133333
5.033333
5.066667
15.066667
20.066667
5.066667
155.1
5.066667
5.066667
25.133333
5.133333
8.933333
38.366667
10.9
5.0
22.433333
712.2
142.666667
142.166667
288.766667
142.066667
142.166667
137.033333
284.0
147.166667
11.233333
13.933333
5.133333
5.066667
274.0
18.766667
10.033333
136.966667
20.1
5.766667
52.866667
146.933333
10.1
288.866667
153.133333
294.166667
142.066667
11.166667
279.1
20.1
137.033333
294.066667
5.033333
289.4
5.066667
147.066667
147.1
10.0
10.533333
147.233333
145.133333
137.0
273.933333
5.033333
10.5
152.066667
274.033333
15.066667
5.066667
5.9
70.166667
10.033333
274.033333
5.0
147.033333
20.1
687.933333
690.166667
5.066667
5.1
274.166667
137.066667
288.8
137.0
274.133333
284.133333
137.066667
416.0
5.0
5.0
142.1
137.133333
10.066667
137.033333
141.166667
147.1
18.133333
10.066667
10.0
147.266667
10.0
142.066667
5.1
163.166667
12.433333
15.066667
184.366667
10.066667
284.066667
10.033333
11.066667
5.0
5.1
121.433333
129.133333
5.033333
5.1
9.833333
5.066667
142.033333
5.133333
152.8
15.133333
156.9
135.5
137.033333
5.0
279.066667
5.0
164.833333
20.033333
141.866667
38.1
117.366667
154.733333
207.0
142.033333
10.866667
284.933333
10.033333
10.066667
16.5
8.033333
136.966667
137.2
16.033333
147.0
271.2
190.366667
278.866667
289.933333
5.033333
5.033333
22.9
21.666667
415.833333
147.166667
125.566667
137.033333
5.1
142.1
15.066667
20.1
136.966667
5.066667
152.033333
15.033333
5.066667
5.033333
689.566667
28.066667
142.033333
152.033333
10.1
10.2
142.0
5.1
283.966667
5.033333
5.133333
152.033333
5.066667
142.133333
319.266667
41.566667
147.066667
5.033333
152.066667
116.2
15.133333
22.066667
156.133333
137.066667
5.066667
14.666667
102.533333
126.7
157.233333
152.233333
11.5
25.033333
137.1
15.1
5.0
137.0
10.133333
278.966667
143.733333
416.166667
5.066667
142.0
277.766667
196.9
275.766667
137.1
137.033333
5.066667
5.033333
137.0
15.1
5.033333
12.7
5.066667
214.4
284.1
137.1
5.066667
5.033333
80.5
5.066667
5.033333
15.033333
10.133333
20.166667
13.2
25.1
141.933333
13.433333
107.366667
10.066667
146.966667
300.133333
11.366667
10.033333
136.933333
142.1
5.0
5.033333
5.2
165.366667
5.033333
147.166667
157.166667
137.033333
5.033333
5.133333
20.1
120.033333
10.1
136.966667
142.0
151.933333
79.366667
5.0
274.1
5.033333
303.533333
15.066667
15.1
5.033333
277.5
5.133333
10.1
136.966667
147.2
10.5
279.2
5.133333
174.466667
152.1
10.033333
142.2
278.966667
6.533333
43.033333
284.766667
149.166667
5.1
274.033333
10.033333
279.066667
137.0
137.033333
10.033333
15.066667
5.033333
25.1
142.133333
25.066667
150.5
5.033333
15.0
5.1
91.566667
11.566667
5.033333
137.066667
98.733333
5.033333
142.133333
10.1
274.0
10.1
279.2
25.433333
10.066667
5.0
137.133333
5.066667
10.0
142.1
15.1
429.133333
10.133333
284.0
274.066667
142.066667
10.033333
194.2
284.0
137.133333
5.066667
137.033333
142.033333
15.133333
147.1
137.133333
30.333333
148.766667
279.2
10.766667
10.0
65.8
23.566667
10.066667
5.066667
142.1
110.8
156.0
137.133333
5.066667
359.333333
5.1
137.066667
272.666667
284.033333
153.0
12.966667
10.066667
10.033333
148.433333
6.733333
416.0
142.166667
13.566667
127.133333
5.033333
17.133333
10.066667
11.733333
5.166667
15.066667
5.0
21.166667
5.033333
14.233333
98.9
147.066667
168.066667
6.033333
273.966667
10.033333
10.066667
154.166667
146.866667
5.066667
10.033333
5.0
5.1
15.0
237.5
315.4
136.966667
16.633333
5.166667
25.1
279.066667
279.166667
5.433333
5.0
147.0
284.166667
25.1
10.033333
283.966667
5.133333
10.066667
6.7
15.066667
157.033333
142.1
5.033333
137.1
75.566667
10.033333
157.3
5.166667
137.033333
10.033333
20.1
69.966667
21.966667
10.033333
5.0
15.1
10.033333
5.1
553.433333
21.366667
10.0
5.033333
50.033333
5.066667
553.133333
5.066667
16.166667
274.0
150.666667
137.0
15.0
21.566667
20.033333
128.1
10.033333
5.0
25.033333
5.0
568.333333
21.166667
5.033333
145.866667
21.2
15.133333
5.1
5.0
5.066667
60.666667
15.1
20.2
10.1
5.0
5.0
25.1
5.066667
10.033333
25.2
5.066667
30.1
25.066667
25.1
20.066667
15.833333
5.033333
5.166667
10.033333
20.0
5.0
10.066667
76.533333
6.133333
5.0
141.9
10.133333
10.0
9.466667
10.0
15.1
5.033333
10.033333
10.066667
5.066667
5.033333
15.1
10.033333
137.133333
17.466667
15.133333
10.133333
5.066667
5.133333
5.033333
15.1
10.033333
10.066667
15.066667
18.4
15.066667
98.533333
10.0
10.033333
5.066667
5.0
10.066667
10.033333
10.133333
5.033333
15.033333
11.366667
10.066667
15.066667
197.3
5.0
10.033333
21.433333
567.866667
5.033333
10.033333
265.733333
265.733333
30.3
5.1
5.0
16.0
5.0
15.033333
39.866667
10.1
20.133333
15.0
10.166667
25.1
15.0
5.166667
5.033333
10.0
18.2
152.1
10.033333
5.1
21.233333
20.033333
5.0
15.166667
5.033333
30.1
5.0
5.033333
18.3
68.5
20.066667
5.1
10.1
15.133333
10.066667
137.0
5.033333
25.066667
5.0
73.333333
20.066667
5.066667
5.033333
5.0
15.0
5.133333
6.666667
15.033333
133.833333
10.066667
15.033333
15.066667
5.0
5.833333
20.133333
10.066667
134.3
15.233333
85.433333
20.0
125.766667
5.033333
20.2
20.166667
10.033333
147.0
10.033333
121.833333
5.066667
141.9
20.1
15.166667
10.0
20.1
10.066667
16.3
15.066667
18.733333
65.5
197.066667
20.066667
25.066667
54.366667
284.1
5.0
142.133333
5.066667
10.0
119.233333
10.033333
5.8
20.066667
5.1
10.033333
21.7
15.233333
5.066667
5.1
5.033333
15.0
20.2
10.1
5.166667
5.033333
5.0
5.1
15.133333
10.033333
20.266667
5.066667
5.033333
5.0
5.033333
10.066667
10.0
5.066667
5.666667
15.0
15.066667
20.166667
15.066667
5.066667
17.666667
15.133333
5.0
15.133333
15.066667
15.1
5.0
35.9
5.033333
284.166667
16.466667
137.033333
118.233333
5.1
31.466667
5.033333
5.0
96.4
20.0
13.233333
20.0
10.066667
10.133333
18.033333
137.066667
20.0
20.066667
15.066667
15.1
5.033333
5.0
18.0
21.966667
88.433333
10.166667
6.166667
157.033333
139.333333
152.1
142.033333
156.833333
10.1
5.066667
154.766667
15.133333
141.933333
20.166667
5.1
26.166667
5.066667
5.0
5.0
5.0
25.166667
20.133333
15.066667
5.033333
10.9
5.0
15.0
15.0
15.0
20.133333
38.666667
20.3
6.8
15.066667
18.933333
15.066667
25.1
15.1
5.066667
5.033333
5.066667
5.133333
71.333333
5.033333
140.3
10.033333
15.033333
16.666667
179.733333
28.0
20.133333
10.733333
15.1
77.033333
5.0
16.1
5.1
20.1
142.133333
15.0
20.1
10.033333
151.966667
5.033333
5.0
10.233333
5.133333
137.066667
10.166667
5.0
5.133333
20.0
5.233333
5.033333
10.166667
15.066667
5.0
5.133333
15.066667
15.166667
10.0
5.033333
6.766667
25.066667
5.033333
10.0
10.1
15.1
10.033333
15.233333
10.066667
5.066667
142.1
10.0
127.533333
5.033333
5.0
10.033333
5.0
15.166667
151.666667
15.133333
15.2
15.0
20.033333
5.0
5.033333
20.133333
5.1
15.033333
15.033333
10.033333
10.033333
5.066667
15.5
5.066667
15.0
5.133333
10.0
20.1
5.0
136.9
10.0
22.633333
5.0
15.066667
5.133333
5.033333
15.033333
20.233333
10.166667
5.0
5.2
5.066667
15.0
10.0
30.166667
5.066667
5.0
5.2
15.066667
5.033333
30.1
10.0
5.1
5.033333
10.066667
59.266667
20.1
15.133333
5.033333
15.066667
10.033333
23.866667
5.1
19.666667
5.1
154.0
5.066667
5.766667
20.233333
5.033333
5.033333
15.033333
20.1
10.0
30.033333
10.033333
25.1
15.1
5.066667
15.1
5.0
20.033333
121.166667
5.1
5.0
10.033333
5.0
5.1
5.066667
15.033333
15.033333
5.133333
10.133333
5.033333
15.1
30.166667
5.066667
10.133333
23.466667
15.033333
10.033333
5.0
15.0
15.066667
18.5
52.333333
5.0
142.1
137.0
142.033333
142.066667
15.0
5.0
5.0
548.233333
142.0
8.3
20.0
10.033333
10.033333
5.066667
5.033333
5.066667
141.966667
5.0
5.033333
146.9
137.033333
136.966667
5.033333
5.066667
137.033333
5.1
10.2
5.033333
137.033333
16.166667
5.033333
25.166667
5.033333
15.0
34.733333
5.133333
5.033333
15.033333
76.1
59.1
20.033333
15.033333
5.0
223.333333
5.066667
10.133333
25.066667
10.0
15.133333
152.066667
10.1
15.066667
5.066667
142.033333
10.0
147.1
152.033333
10.0
5.1
5.133333
5.0
5.133333
15.066667
10.0
43.2
20.133333
524.166667
152.033333
20.0
5.0
10.033333
10.1
25.266667
15.033333
20.033333
5.033333
5.066667
15.1
25.0
635.433333
5.033333
10.033333
136.866667
136.966667
553.333333
137.0
142.0
149.8
10.0
152.0
10.0
15.2
152.133333
10.033333
5.033333
5.0
5.1
30.0
5.966667
5.033333
16.533333
5.1
284.066667
15.033333
137.066667
20.033333
5.033333
20.2
10.1
15.033333
11.4
20.233333
20.1
5.0
15.033333
156.866667
5.066667
5.033333
10.066667
5.033333
134.8
121.666667
22.066667
142.0
10.033333
142.033333
5.1
5.033333
137.033333
25.033333
15.0
10.0
25.133333
5.0
5.066667
15.033333
5.033333
5.066667
10.066667
5.133333
5.033333
15.066667
5.2
573.166667
10.033333
5.033333
10.1
10.1
5.033333
10.033333
142.133333
25.166667
142.0
20.3
20.1
5.066667
20.7
15.033333
5.033333
5.166667
60.333333
15.066667
10.133333
5.1
50.533333
82.633333
130.666667
30.0
10.0
134.5
10.066667
10.066667
20.133333
15.066667
5.0
5.0
20.1
5.033333
5.0
10.033333
5.1
20.033333
29.0
151.733333
152.233333
5.0
5.033333
5.133333
7.233333
15.033333
5.066667
10.1
15.066667
137.0
137.033333
5.0
136.9
25.533333
10.033333
5.033333
290.433333
5.1
15.133333
5.1
20.066667
20.033333
15.133333
553.133333
5.033333
5.0
10.2
10.0
5.1
10.133333
20.066667
10.133333
15.033333
5.066667
15.166667
248.733333
5.0
5.033333
157.233333
136.966667
15.166667
5.0
15.1
10.0
20.233333
15.0
10.033333
5.033333
11.566667
20.033333
10.033333
553.266667
5.033333
15.033333
15.066667
5.0
15.1
5.1
5.066667
10.0
30.2
20.1
5.166667
553.2
10.1
5.1
10.066667
5.033333
5.0
9.066667
10.133333
10.0
22.5
45.0
154.5
10.066667
5.1
15.0
15.033333
46.8
5.133333
5.0
15.066667
5.0
16.5
5.033333
5.0
5.033333
15.166667
5.0
10.0
6.066667
10.2
147.1
137.0
10.066667
5.066667
5.066667
10.066667
15.033333
5.133333
15.0
10.066667
10.166667
5.0
5.066667
5.033333
5.033333
15.066667
5.066667
10.033333
10.033333
25.066667
15.133333
10.1
5.0
10.0
10.133333
37.166667
22.933333
10.066667
266.733333
274.066667
16.1
20.0
137.033333
5.1
10.066667
15.0
5.066667
5.0
10.033333
10.0
20.1
20.033333
10.166667
137.133333
15.033333
411.0
147.0
10.1
5.033333
5.166667
25.1
5.033333
11.2
20.033333
20.166667
20.1
15.233333
10.133333
11.133333
5.133333
5.066667
20.166667
10.0
113.266667
73.5
5.166667
10.133333
146.966667
5.0
15.0
18.733333
5.033333
5.066667
15.0
5.0
20.1
10.1
5.066667
31.566667
5.266667
9.366667
5.0
30.066667
10.033333
15.133333
34.133333
141.4
5.0
116.166667
155.566667
147.033333
38.733333
106.9
25.2
5.066667
5.033333
25.133333
15.066667
20.0
5.0
10.066667
10.2
5.0
83.6
26.333333
20.1
5.066667
137.033333
5.0
5.033333
10.033333
5.133333
10.033333
5.0
10.1
25.033333
10.066667
15.233333
5.033333
15.1
15.033333
5.0
5.0
5.033333
20.0
5.0
5.066667
15.0
15.1
288.233333
5.066667
5.0
5.066667
5.0
21.166667
20.233333
23.066667
5.166667
5.0
15.033333
5.2
5.033333
10.033333
5.0
20.033333
5.0
15.033333
11.366667
5.033333
11.1
20.2
21.166667
23.366667
15.166667
20.4
5.033333
10.233333
15.0
31.866667
11.1
20.266667
5.066667
15.1
10.0
5.033333
15.866667
5.1
130.866667
273.966667
10.033333
5.166667
5.166667
20.166667
5.0
5.066667
5.0
5.0
5.0
15.0
5.0
15.1
5.0
15.0
15.033333
20.0
5.033333
11.3
5.033333
15.066667
5.0
10.0
10.033333
5.3
10.0
5.0
20.066667
5.133333
20.3
10.2
5.033333
5.0
20.1
15.033333
67.7
15.2
77.533333
146.966667
5.1
146.966667
11.7
10.0
5.133333
142.0
136.966667
142.033333
15.0
5.0
5.033333
15.066667
20.066667
5.066667
10.066667
20.066667
5.0
25.133333
10.0
48.0
37.633333
5.033333
147.066667
10.133333
279.1
152.2
5.166667
411.033333
142.033333
5.1
5.0
11.733333
20.1
15.0
5.0
32.9
95.4
5.066667
137.033333
16.966667
10.0
111.566667
148.9
238.8
10.033333
8.433333
30.233333
10.0
147.2
15.0
20.0
6.6
11.233333
10.066667
6.933333
5.0
20.066667
5.6
10.1
5.166667
15.033333
5.0
148.8
20.0
5.1
15.033333
20.2
15.033333
117.266667
5.066667
5.033333
15.066667
24.5
5.0
10.033333
16.5
553.0
5.033333
63.666667
10.133333
15.233333
5.033333
10.266667
5.033333
5.0
96.666667
556.6
20.066667
5.033333
10.166667
5.0
5.133333
5.066667
15.0
5.0
10.033333
10.1
20.033333
10.033333
30.2
15.166667
10.0
5.033333
10.1
10.066667
5.0
20.066667
15.133333
5.033333
10.033333
162.1
161.966667
149.933333
5.0
15.0
10.166667
96.0
15.1
5.0
10.0
5.066667
20.033333
5.066667
20.033333
5.033333
10.133333
30.133333
10.033333
5.033333
10.033333
6.4
10.033333
20.066667
10.0
16.266667
10.0
15.033333
25.1
25.033333
5.1
10.0
5.1
18.2
15.033333
146.966667
15.033333
5.033333
20.033333
11.9
25.033333
25.1
17.533333
20.0
20.1
10.0
10.233333
15.033333
30.2
20.0
30.2
5.033333
10.0
24.4
10.1
31.133333
5.1
5.1
151.9
553.666667
54.233333
10.3
10.1
15.0
5.166667
5.0
10.066667
22.533333
157.0
174.9
5.0
152.0
136.933333
21.366667
27.466667
20.066667
136.933333
142.033333
15.133333
15.0
5.133333
17.333333
10.066667
10.033333
15.0
10.2
15.0
10.066667
146.9
20.066667
25.033333
5.066667
15.1
20.166667
67.633333
20.166667
10.133333
5.033333
5.033333
20.066667
17.6
10.033333
5.133333
5.066667
5.033333
10.133333
10.033333
20.0
20.1
6.333333
10.0
10.1
5.1
15.7
5.066667
20.066667
5.066667
10.066667
10.1
10.166667
5.033333
15.0
10.2
20.066667
20.0
25.266667
10.066667
27.0
31.8
15.0
162.033333
5.0
15.0
284.033333
5.066667
152.1
152.133333
5.1
5.1
5.066667
119.866667
373.3
5.066667
10.133333
5.1
10.033333
5.0
10.0
5.0
10.0
5.033333
10.033333
18.666667
5.033333
103.433333
15.133333
10.066667
158.133333
13.1
278.833333
136.966667
10.133333
15.066667
76.333333
5.0
5.033333
5.066667
5.066667
55.066667
5.033333
20.1
10.0
15.133333
15.033333
36.933333
5.1
20.0
10.0
10.066667
20.033333
20.033333
10.0
20.033333
10.033333
20.0
20.133333
15.066667
5.033333
5.1
13.833333
13.266667
10.066667
15.0
10.1
20.266667
30.266667
10.1
5.0
15.2
25.233333
6.366667
10.033333
5.0
5.0
20.033333
30.133333
15.066667
5.066667
20.0
10.033333
10.033333
20.2
15.066667
20.133333
5.066667
5.1
5.066667
30.233333
5.1
10.066667
10.066667
15.133333
5.033333
13.3
20.233333
10.0
10.0
16.733333
5.1
15.233333
5.1
5.1
20.0
5.066667
6.1
31.633333
41.533333
5.0
10.166667
5.066667
5.0
60.066667
30.233333
10.0
5.0
10.0
11.466667
5.0
5.0
15.066667
10.1
10.133333
24.4
5.1
20.066667
10.033333
10.0
20.066667
18.166667
5.033333
25.033333
10.066667
11.066667
20.266667
5.0
6.466667
5.066667
20.066667
20.066667
5.2
5.0
9.866667
10.066667
5.1
10.133333
5.0
15.1
10.0
20.0
5.0
5.033333
10.0
5.0
5.0
20.1
5.0
20.066667
20.266667
5.1
20.166667
15.033333
10.0
5.033333
12.566667
10.066667
10.033333
10.066667
41.833333
30.233333
10.066667
6.566667
5.233333
5.1
60.9
5.066667
5.033333
20.066667
88.266667
142.1
15.166667
10.1
48.166667
10.033333
10.033333
10.033333
20.166667
153.433333
54.633333
5.0
20.133333
15.1
25.0
25.133333
10.066667
5.033333
15.066667
10.033333
10.0
10.0
5.1
20.066667
25.1
5.033333
5.033333
106.366667
20.0
124.133333
10.1
20.066667
5.0
5.2
5.066667
10.066667
16.5
10.033333
15.033333
5.0
15.133333
15.0
5.033333
10.1
20.133333
5.066667
11.466667
20.033333
20.0
32.933333
10.033333
5.0
5.066667
15.033333
5.066667
5.133333
10.066667
60.1
15.0
5.0
5.1
15.033333
10.066667
10.066667
5.033333
10.0
20.033333
137.066667
157.133333
10.0
10.033333
20.033333
10.133333
5.066667
5.033333
5.0
15.0
10.0
15.0
25.066667
15.266667
10.2
5.2
15.066667
15.166667
5.0
20.066667
5.0
5.066667
15.166667
30.066667
20.1
5.033333
13.033333
20.1
5.033333
5.1
10.133333
20.033333
15.133333
20.0
15.0
5.033333
5.0
15.166667
20.066667
10.133333
9.266667
10.066667
15.066667
10.0
5.066667
15.1
10.066667
15.0
15.1
15.033333
5.033333
5.233333
5.033333
10.066667
16.2
10.033333
5.033333
5.133333
20.033333
15.033333
10.033333
5.0
15.166667
56.866667
5.0
15.033333
5.066667
10.033333
15.133333
5.133333
20.166667
5.0
5.0
10.1
5.033333
20.2
25.266667
10.1
10.0
5.033333
16.133333
106.033333
147.766667
23.733333
95.933333
289.166667
16.2
10.0
5.033333
98.833333
13.2
5.033333
15.166667
8.2
5.033333
15.1
10.066667
10.066667
5.0
5.033333
19.533333
152.066667
25.133333
5.2
5.066667
20.033333
45.733333
20.133333
10.0
10.1
5.2
152.033333
10.066667
142.066667
5.133333
15.033333
137.133333
147.533333
21.433333
20.2
10.2
64.733333
20.5
15.066667
5.033333
5.1
5.033333
15.133333
5.066667
5.1
157.0
10.166667
10.0
15.0
15.166667
5.1
25.033333
5.066667
15.1
15.066667
136.966667
5.0
5.1
20.133333
5.033333
5.0
10.033333
10.2
5.033333
5.1
152.0
15.033333
137.1
25.033333
25.266667
20.066667
10.066667
20.033333
5.033333
11.0
10.033333
5.066667
5.066667
20.066667
10.0
5.0
21.4
10.0
15.0
160.033333
5.0
142.0
10.033333
5.066667
34.666667
553.233333
10.0
5.066667
5.0
10.066667
15.0
20.066667
5.166667
10.1
20.166667
20.033333
5.0
19.933333
5.0
10.0
5.066667
5.166667
15.1
15.133333
156.333333
25.033333
20.066667
5.033333
179.1
15.033333
5.0
548.133333
161.666667
137.066667
152.0
148.9
5.166667
15.1
10.1
5.033333
20.033333
15.1
5.0
5.133333
15.133333
20.0
5.066667
10.033333
5.033333
15.133333
20.066667
10.0
5.0
20.0
5.1
15.033333
10.033333
10.033333
5.033333
54.333333
5.133333
142.1
147.166667
151.966667
20.033333
20.0
5.033333
10.0
10.1
5.033333
15.233333
20.066667
10.033333
20.0
15.066667
15.1
20.033333
21.9
20.0
15.0
11.533333
5.066667
10.0
10.033333
7.1
24.766667
15.9
5.233333
15.066667
5.1
15.1
20.166667
30.133333
5.0
7.933333
20.2
15.133333
5.066667
5.166667
10.033333
5.0
10.166667
5.0
15.066667
20.133333
20.066667
15.066667
5.133333
5.066667
10.1
5.0
20.1
20.2
5.0
22.0
105.666667
5.066667
20.066667
5.1
5.033333
25.066667
20.033333
25.1
146.933333
5.033333
152.233333
15.133333
13.1
5.666667
21.5
10.1
10.133333
15.166667
281.4
23.8
157.033333
21.7
268.5
129.133333
117.833333
13.9
137.0
18.0
5.0
36.433333
5.033333
15.0
5.1
5.033333
5.0
5.033333
10.033333
15.033333
10.033333
15.166667
10.0
20.033333
15.1
10.1
15.133333
5.0
28.333333
5.0
10.1
15.0
20.0
5.0
12.1
10.0
20.333333
5.033333
10.1
25.1
13.766667
6.066667
15.066667
10.033333
115.2
15.0
10.1
5.0
5.033333
18.633333
5.133333
20.033333
5.1
5.0
39.2
10.1
20.133333
20.066667
10.0
20.033333
10.166667
15.1
15.066667
5.033333
20.033333
10.166667
10.033333
5.066667
5.033333
10.066667
20.133333
10.0
25.233333
15.066667
30.333333
5.033333
15.3
5.133333
5.0
15.0
5.0
5.033333
30.133333
10.033333
11.033333
5.066667
455.466667
5.0
20.133333
10.033333
5.066667
5.066667
5.033333
15.0
5.033333
5.033333
5.066667
5.066667
5.066667
10.133333
6.933333
20.066667
20.066667
10.066667
5.033333
5.066667
5.0
15.0
10.133333
22.1
152.233333
12.133333
30.1
20.1
5.133333
5.066667
15.166667
5.066667
5.1
10.1
20.1
15.133333
15.0
5.033333
5.133333
5.166667
5.033333
5.1
10.133333
5.066667
31.766667
5.0
120.833333
5.033333
10.033333
10.033333
15.0
10.066667
5.333333
26.033333
97.333333
150.333333
15.066667
5.0
5.0
137.066667
5.1
136.9
152.033333
18.233333
5.166667
151.866667
5.066667
86.3
136.9
59.366667
20.0
10.1
119.466667
116.666667
53.6
15.066667
152.033333
10.3
5.0
15.033333
20.2
5.066667
152.066667
31.066667
15.0
5.066667
144.066667
20.166667
142.0
5.066667
130.166667
10.0
20.066667
5.0
15.066667
5.133333
5.0
10.033333
15.166667
5.0
10.133333
15.133333
20.133333
27.133333
15.033333
15.0
20.0
5.0
5.033333
10.0
16.233333
10.0
15.0
10.033333
15.033333
25.066667
5.0
5.0
10.0
10.0
20.033333
20.066667
25.0
24.3
15.1
142.033333
5.066667
10.0
10.066667
242.5
10.0
15.0
5.0
10.066667
10.033333
20.066667
25.033333
15.0
15.066667
15.2
10.033333
5.166667
15.1
10.033333
22.233333
20.133333
15.066667
15.166667
15.033333
5.1
10.066667
147.033333
5.0
5.0
5.033333
10.266667
5.033333
21.6
53.266667
15.2
344.9
36.3
15.033333
137.166667
15.133333
136.933333
26.5
11.9
20.066667
5.0
15.1
10.0
10.0
15.0
15.066667
21.0
10.033333
5.0
20.2
5.0
25.133333
5.1
5.066667
5.033333
16.9
5.066667
5.0
10.066667
15.1
20.1
21.2
15.033333
15.033333
5.033333
20.133333
15.0
15.066667
10.033333
15.1
17.2
15.0
15.0
23.066667
30.2
5.033333
137.033333
5.066667
30.1
5.033333
20.033333
20.033333
14.166667
23.733333
146.966667
162.066667
141.933333
10.1
5.1
5.066667
147.1
152.066667
10.0
10.033333
147.0
142.166667
10.0
10.033333
20.166667
15.166667
20.033333
91.4
15.166667
15.133333
20.066667
5.0
10.166667
15.1
10.066667
20.033333
10.0
5.133333
5.2
15.066667
10.066667
20.266667
10.166667
54.766667
137.066667
141.866667
10.066667
137.033333
5.0
15.433333
15.166667
10.7
10.1
11.233333
6.2
5.033333
10.0
6.233333
15.0
137.033333
5.0
5.0
5.066667
6.8
15.066667
5.466667
66.433333
10.033333
10.066667
35.2
5.033333
5.0
22.366667
15.033333
10.033333
5.066667
10.0
5.066667
5.033333
15.066667
32.833333
20.066667
5.066667
5.033333
10.166667
10.0
194.2
5.066667
15.166667
5.133333
5.1
42.066667
5.1
20.066667
15.1
15.1
10.033333
142.1
20.166667
10.166667
136.966667
5.066667
25.133333
5.1
15.1
5.0
25.066667
5.0
10.1
10.0
10.066667
15.066667
20.166667
10.133333
5.033333
5.066667
5.066667
30.066667
5.133333
5.033333
15.033333
5.1
15.0
25.133333
15.1
20.166667
10.0
10.066667
25.033333
5.0
5.033333
5.1
15.033333
5.0
10.066667
142.5
5.0
21.733333
15.066667
5.0
10.133333
5.133333
5.0
20.033333
5.1
5.0
15.1
10.066667
10.233333
15.066667
75.166667
111.866667
5.033333
10.066667
10.0
11.4
25.0
50.433333
5.033333
20.2
10.0
10.1
5.033333
15.133333
20.2
10.066667
5.033333
5.1
20.066667
16.633333
5.0
25.033333
142.033333
10.033333
20.1
5.0
15.066667
5.033333
15.0
5.033333
10.033333
5.166667
136.933333
5.033333
20.0
10.066667
5.033333
10.066667
10.133333
26.166667
10.066667
5.033333
27.866667
20.066667
22.966667
77.566667
5.1
137.033333
147.0
5.0
5.033333
5.066667
15.5
57.933333
10.033333
147.066667
67.6
16.566667
5.1
146.233333
15.0
5.033333
30.133333
18.133333
10.166667
5.033333
5.0
5.033333
5.0
5.066667
5.133333
5.033333
10.1
10.066667
5.066667
5.066667
10.1
5.0
21.766667
5.033333
76.766667
15.033333
137.0
5.033333
10.133333
15.1
5.033333
15.033333
17.3
5.033333
20.033333
15.166667
82.866667
25.233333
10.033333
47.066667
26.533333
10.1
20.566667
20.133333
5.066667
92.5
15.033333
10.033333
553.233333
20.066667
20.066667
5.0
10.0
10.033333
14.933333
20.166667
20.1
29.833333
10.166667
10.0
6.8
91.666667
10.0
25.133333
152.1
152.033333
15.066667
53.633333
10.066667
5.0
5.133333
5.0
10.1
5.1
5.133333
10.066667
30.033333
5.0
44.766667
5.1
136.9
15.066667
10.0
5.033333
20.033333
15.133333
147.066667
10.033333
15.166667
152.033333
20.033333
5.133333
5.0
20.133333
10.0
16.5
92.866667
13.366667
20.1
6.433333
15.0
10.066667
5.0
5.0
27.733333
5.1
5.066667
25.133333
5.033333
20.1
167.666667
154.033333
15.1
147.8
10.033333
20.066667
5.066667
111.533333
10.033333
156.166667
134.966667
136.933333
5.133333
11.666667
137.2
15.066667
5.033333
21.733333
23.566667
10.166667
145.633333
5.0
6.733333
25.1
5.066667
5.133333
5.066667
137.066667
27.033333
20.0
147.033333
5.0
553.066667
15.1
5.0
21.6
15.8
153.833333
10.1
15.066667
10.0
5.033333
5.1
5.033333
15.233333
5.0
10.0
25.0
5.066667
5.033333
5.033333
10.033333
10.0
5.033333
5.066667
20.233333
5.166667
15.033333
141.9
134.7
5.0
102.966667
5.1
5.133333
7.133333
16.6
5.0
146.933333
15.033333
15.066667
5.133333
49.133333
14.266667
5.066667
43.633333
10.0
135.2
5.066667
5.133333
15.0
20.0
137.0
5.066667
64.5
10.133333
10.033333
15.0
5.0
18.366667
15.033333
15.166667
20.0
20.033333
24.566667
5.1
10.0
15.1
5.1
15.2
190.966667
15.066667
33.266667
5.133333
5.066667
5.033333
5.066667
5.033333
20.766667
5.166667
5.033333
15.1
10.066667
35.233333
54.8
15.0
156.4
467.8
20.066667
5.033333
10.133333
15.233333
25.0
266.033333
15.166667
15.2
20.033333
5.066667
10.133333
15.033333
136.866667
5.033333
5.066667
5.0
15.1
15.1
5.033333
10.133333
429.433333
5.066667
20.0
15.0
5.033333
10.066667
20.066667
11.666667
22.133333
60.666667
171.733333
10.0
137.1
136.966667
16.6
5.1
10.1
10.1
5.0
5.033333
20.133333
15.1
20.133333
137.0
5.233333
10.066667
10.066667
20.0
5.033333
5.066667
20.2
15.0
5.033333
28.8
5.033333
5.033333
10.033333
166.9
20.0
5.066667
5.066667
20.033333
10.133333
15.1
20.7
5.0
10.033333
15.1
5.0
15.066667
11.066667
5.033333
20.133333
26.866667
137.0
10.1
15.0
15.0
154.2
113.366667
30.133333
10.0
15.2
126.066667
133.633333
10.133333
240.633333
5.0
5.0
132.233333
15.1
10.133333
10.1
5.0
15.066667
15.0
20.233333
20.066667
20.066667
5.033333
5.066667
20.1
16.133333
5.0
74.2
15.233333
20.066667
5.266667
5.0
49.133333
15.0
15.0
20.066667
20.1
21.4
20.233333
5.0
5.0
5.033333
20.1
31.833333
76.466667
10.233333
15.0
15.033333
7.7
18.4
157.0
20.066667
147.0
152.1
24.0
15.066667
5.066667
5.066667
5.1
15.066667
20.133333
15.1
10.0
30.266667
5.0
21.633333
50.333333
10.466667
5.033333
20.166667
15.2
5.1
20.033333
15.166667
15.233333
20.166667
20.033333
20.133333
10.0
5.0
49.5
54.433333
5.066667
20.133333
5.0
5.1
5.1
10.133333
15.0
5.066667
23.333333
5.1
10.1
5.133333
20.0
10.0
20.166667
20.1
10.2
5.0
5.0
5.066667
21.5
25.0
15.066667
5.133333
14.666667
25.133333
5.0
20.233333
5.033333
29.766667
10.2
15.0
10.0
10.2
20.1
10.133333
10.033333
30.0
5.0
5.0
10.033333
5.033333
15.066667
10.066667
5.233333
15.133333
15.166667
15.0
15.066667
5.0
10.033333
15.1
13.833333
5.033333
5.1
20.233333
10.1
5.033333
6.966667
20.166667
10.166667
10.1
5.0
15.1
5.0
31.266667
30.1
5.0
152.066667
15.0
5.1
5.0
5.033333
5.033333
10.0
10.166667
10.133333
167.466667
5.066667
121.333333
5.166667
16.6
137.1
64.266667
5.033333
5.0
20.033333
20.066667
20.0
15.0
10.033333
20.033333
5.0
15.066667
15.033333
5.033333
23.233333
23.5
10.1
5.0
117.533333
90.133333
15.166667
158.233333
5.133333
5.033333
10.0
5.066667
5.066667
71.266667
5.066667
20.0
10.133333
5.033333
11.433333
15.033333
5.033333
147.1
12.3
10.133333
10.1
15.0
137.1
30.2
10.0
29.433333
5.033333
136.966667
20.0
10.033333
20.033333
5.0
31.133333
10.2
279.133333
5.066667
15.033333
21.166667
205.033333
15.066667
137.1
6.166667
10.066667
10.066667
10.066667
10.0
39.533333
10.166667
10.2
20.3
20.033333
5.0
21.266667
10.133333
20.166667
148.033333
16.7
5.0
5.0
160.4
150.166667
5.0
137.1
5.233333
20.0
274.133333
20.233333
15.033333
5.0
10.166667
20.1
15.166667
10.033333
5.066667
15.0
10.066667
5.066667
5.066667
5.0
10.0
15.066667
5.033333
5.0
5.066667
5.033333
10.066667
15.066667
21.033333
5.0
5.0
5.066667
5.033333
10.133333
20.266667
5.0
5.066667
15.266667
5.166667
15.1
10.133333
20.033333
10.066667
23.7
5.033333
10.133333
30.1
5.0
15.033333
137.0
15.033333
10.0
20.066667
15.1
16.5
5.133333
5.0
5.033333
25.1
20.133333
5.033333
37.766667
65.733333
5.0
10.0
5.1
15.033333
20.066667
10.0
152.0
10.1
15.0
108.466667
5.033333
10.0
11.0
5.0
5.033333
10.133333
25.1
10.233333
5.066667
5.066667
15.066667
5.033333
15.066667
21.5
5.033333
5.033333
15.166667
10.0
20.033333
548.366667
5.066667
20.166667
15.066667
5.033333
18.1
5.133333
5.133333
20.0
5.0
141.966667
10.066667
5.1
20.1
26.266667
109.166667
92.866667
40.633333
101.8
10.033333
15.0
5.033333
15.066667
5.0
15.1
25.066667
5.0
7.033333
255.6
553.266667
136.866667
5.033333
152.033333
5.0
5.1
30.0
20.033333
5.0
5.1
27.933333
10.1
15.2
147.2
137.1
15.233333
137.0
31.566667
5.0
5.0
15.266667
5.066667
25.2
5.0
20.0
10.0
15.1
10.166667
43.6
20.1
5.033333
15.033333
10.1
10.0
9.2
5.033333
15.0
5.133333
5.0
5.133333
10.033333
5.166667
15.233333
16.666667
10.066667
66.5
10.1
20.166667
152.0
5.0
25.166667
10.0
15.1
5.066667
5.066667
5.066667
10.133333
10.066667
20.066667
15.133333
10.033333
20.233333
5.066667
15.033333
15.066667
20.1
10.066667
10.033333
20.0
15.166667
5.033333
5.033333
16.3
75.9
5.133333
10.0
5.0
15.066667
30.266667
5.1
5.166667
10.033333
5.033333
117.533333
10.066667
10.0
10.066667
137.033333
5.033333
147.066667
10.0
5.133333
25.266667
147.033333
51.333333
89.2
10.166667
20.2
20.2
15.066667
93.366667
10.0
147.066667
10.0
5.033333
15.033333
5.033333
5.0
10.0
15.066667
30.0
10.166667
7.333333
10.0
5.033333
99.5
15.0
54.733333
12.666667
5.0
5.1
136.933333
5.0
5.066667
553.3
5.1
20.0
15.0
137.0
20.066667
147.6
5.033333
247.4
5.066667
160.7
20.0
15.0
172.333333
10.033333
5.0
5.033333
105.866667
5.133333
10.0
10.033333
10.766667
20.033333
10.0
152.033333
5.166667
5.0
87.466667
150.066667
5.0
5.0
20.0
563.233333
5.033333
5.066667
5.0
5.133333
20.033333
20.0
10.0
10.366667
15.0
30.066667
147.1
5.1
158.733333
5.0
20.0
15.233333
5.033333
15.0
15.0
5.066667
162.033333
20.133333
10.0
6.3
137.066667
15.1
10.0
10.033333
15.133333
20.033333
20.2
10.1
141.833333
142.066667
5.0
20.033333
10.1
15.133333
21.833333
5.066667
10.0
10.033333
10.0
7.5
5.033333
5.1
5.0
33.833333
15.1
5.033333
15.1
30.233333
5.033333
5.033333
5.1
5.033333
5.033333
13.166667
60.6
21.833333
5.0
20.066667
10.033333
15.1
10.0
24.166667
10.0
15.0
142.2
5.0
73.1
5.033333
15.033333
5.0
10.0
10.133333
15.033333
22.266667
5.066667
15.033333
10.033333
34.6
20.2
273.933333
30.066667
15.166667
136.966667
25.0
10.066667
20.0
15.033333
20.1
10.033333
60.233333
10.066667
15.1
5.0
15.066667
25.166667
5.033333
5.066667
5.0
5.0
29.3
10.1
141.933333
15.0
74.9
146.933333
137.033333
5.033333
10.066667
147.1
5.066667
137.1
15.0
5.2
25.2
10.0
20.0
5.166667
10.033333
81.9
5.166667
10.0
11.7
10.0
5.166667
15.066667
20.166667
5.1
31.833333
5.0
20.266667
130.166667
5.0
146.8
5.133333
19.8
10.066667
10.066667
10.033333
12.866667
104.866667
15.166667
5.133333
15.1
5.066667
20.033333
15.166667
16.2
10.1
25.033333
21.8
10.033333
15.066667
5.1
16.8
5.0
5.0
25.033333
5.1
15.166667
15.0
10.033333
5.033333
15.1
5.033333
5.066667
15.1
10.0
30.1
5.0
15.033333
15.1
20.133333
5.0
15.0
5.0
15.1
5.0
10.0
15.1
25.1
15.1
10.033333
5.033333
6.866667
5.133333
5.2
10.166667
53.0
10.1
5.066667
10.033333
10.0
15.0
157.266667
142.033333
30.0
15.033333
15.0
5.033333
10.066667
5.0
38.233333
5.033333
20.133333
20.133333
5.1
15.066667
10.0
147.133333
5.033333
20.0
5.033333
5.166667
31.266667
5.033333
24.733333
54.966667
10.0
126.133333
10.0
5.066667
10.1
5.1
15.133333
15.066667
15.0
27.466667
25.0
20.1
5.0
15.0
10.066667
36.1
142.066667
5.066667
5.033333
10.033333
157.0
142.033333
146.966667
15.1
12.066667
5.1
232.866667
137.1
279.0
5.033333
136.9
15.133333
15.2
17.366667
137.066667
146.966667
141.966667
137.0
138.7
137.033333
15.066667
30.1
5.0
20.133333
15.033333
87.533333
107.966667
5.033333
6.266667
20.033333
5.033333
10.1
15.0
20.066667
5.033333
5.0
20.066667
5.033333
10.0
15.066667
5.033333
5.0
15.033333
21.466667
10.066667
20.133333
5.0
10.1
20.0
10.066667
20.233333
85.4
201.3
5.0
10.0
15.033333
20.033333
15.0
83.8
25.0
10.133333
5.066667
5.033333
15.0
10.166667
15.033333
20.0
20.066667
10.033333
6.333333
10.1
5.033333
10.033333
5.066667
5.033333
5.0
20.1
10.033333
15.066667
15.033333
15.033333
10.066667
10.1
5.033333
10.033333
20.033333
15.2
15.0
5.033333
5.033333
10.066667
5.033333
10.0
20.1
10.0
15.1
15.1
10.1
16.6
5.033333
10.7
5.033333
10.0
5.066667
22.4
15.0
15.066667
79.533333
85.566667
5.033333
147.1
23.566667
65.366667
139.8
116.433333
15.066667
10.033333
143.166667
15.2
20.1
8.233333
18.7
15.066667
10.1
5.0
10.1
15.033333
5.1
15.0
5.033333
20.1
5.033333
20.033333
20.133333
5.1
20.1
10.066667
5.066667
19.2
110.1
15.033333
5.066667
5.133333
15.033333
5.0
5.066667
25.133333
5.0
20.166667
10.033333
5.0
20.133333
5.133333
5.033333
30.0
5.0
5.0
20.033333
25.166667
10.0
87.833333
5.0
15.2
30.1
147.166667
15.133333
56.8
28.633333
10.033333
5.0
110.633333
95.2
102.833333
5.233333
163.533333
93.266667
182.7
117.266667
82.133333
5.033333
233.433333
5.0
15.1
10.166667
20.033333
15.2
15.0
20.1
142.066667
15.166667
10.1
20.033333
25.0
10.0
10.3
5.033333
30.066667
6.5
15.1
5.033333
30.066667
10.033333
5.0
10.0
20.166667
5.066667
5.1
5.033333
5.033333
20.0
15.0
26.333333
10.033333
20.1
10.166667
20.0
10.066667
5.066667
20.166667
201.4
5.1
5.0
20.066667
5.133333
5.033333
10.0
5.066667
25.066667
5.1
5.1
6.466667
120.966667
20.066667
15.033333
5.133333
10.066667
15.1
5.1
6.766667
109.633333
20.033333
553.2
5.033333
15.033333
5.0
5.133333
15.0
5.1
15.133333
19.9
5.066667
65.2
10.1
20.0
20.133333
20.233333
15.0
16.033333
5.033333
5.033333
10.133333
23.933333
5.0
10.0
5.066667
20.666667
5.066667
5.066667
10.033333
5.033333
5.1
20.1
53.866667
10.0
15.033333
84.4
10.0
23.333333
471.933333
124.2
157.1
142.1
15.066667
5.033333
20.233333
11.433333
437.133333
15.0
10.0
6.366667
20.2
10.033333
5.033333
5.033333
5.033333
20.133333
10.133333
157.033333
152.0
15.1
137.033333
16.666667
5.033333
15.1
5.066667
5.0
5.166667
16.6
20.166667
5.0
5.033333
5.033333
29.4
22.066667
20.166667
5.1
15.2
5.533333
10.166667
20.0
5.0
36.0
142.033333
10.066667
10.0
15.033333
141.933333
137.0
15.133333
137.033333
142.0
137.033333
15.2
5.0
30.166667
10.1
5.1
36.666667
5.166667
5.133333
10.133333
20.1
10.066667
15.2
20.1
20.133333
284.966667
5.066667
5.066667
5.0
10.1
30.166667
20.133333
10.0
5.1
141.933333
5.066667
147.066667
25.2
143.7
10.0
152.033333
5.0
5.066667
141.8
58.7
10.133333
5.0
154.966667
10.933333
136.733333
5.133333
10.1
20.1
20.1
10.066667
5.066667
15.133333
20.266667
5.1
15.066667
26.0
10.033333
5.0
5.0
5.033333
15.0
10.1
5.033333
5.0
25.1
15.0
20.066667
5.0
5.066667
23.466667
151.9
137.133333
152.133333
10.1
15.0
15.066667
14.1
10.0
5.1
5.2
5.033333
21.2
10.0
44.066667
15.0
155.766667
30.1
20.166667
20.1
5.033333
25.266667
15.0
15.066667
20.5
140.9
241.933333
15.033333
5.0
20.033333
5.0
5.033333
153.7
10.033333
15.266667
11.766667
10.233333
127.133333
5.1
57.766667
10.1
10.066667
10.066667
62.933333
94.733333
10.1
180.6
83.5
137.066667
20.066667
152.1
5.033333
151.966667
146.933333
147.0
21.2
20.133333
25.1
22.933333
5.1
5.033333
5.433333
5.133333
15.1
499.333333
5.1
5.066667
10.366667
553.233333
5.0
10.0
20.2
10.8
269.666667
20.2
10.0
10.0
5.033333
10.066667
5.066667
15.133333
15.033333
10.2
5.066667
10.0
25.2
15.0
10.0
10.066667
10.133333
10.0
20.266667
10.2
15.133333
15.133333
10.033333
10.2
34.766667
15.033333
5.033333
20.1
22.433333
5.1
142.066667
5.0
20.133333
5.066667
6.566667
5.066667
10.166667
10.133333
5.133333
20.066667
5.033333
5.1
20.033333
5.166667
15.133333
21.2
5.0
136.9
15.1
5.033333
157.0
5.033333
151.866667
5.033333
15.0
5.2
15.0
5.0
22.0
5.0
10.033333
20.066667
10.033333
5.066667
20.2
15.0
562.766667
10.066667
10.0
5.033333
15.1
19.8
30.1
8.566667
142.1
20.066667
15.0
146.933333
10.066667
142.1
5.1
5.0
10.0
20.033333
5.0
10.0
20.0
10.066667
5.1
20.0
6.6
10.1
15.033333
20.0
221.166667
152.1
15.066667
5.066667
13.133333
152.1
10.0
5.0
15.2
5.0
147.0
20.233333
137.0
15.166667
24.866667
15.066667
5.0
15.033333
5.033333
5.0
5.166667
5.066667
25.0
10.0
17.8
5.0
10.0
5.0
20.066667
10.1
6.066667
16.533333
5.066667
5.0
477.266667
25.1
10.566667
15.033333
5.1
10.1
16.733333
654.566667
15.066667
406.766667
5.033333
5.0
20.133333
5.0
25.2
137.066667
25.066667
21.333333
5.033333
6.433333
5.1
25.033333
5.133333
5.0
30.033333
20.066667
10.0
15.033333
20.033333
5.1
91.833333
15.0
15.033333
5.066667
9.4
15.0
147.0
5.033333
156.966667
289.766667
283.9
5.066667
10.066667
20.033333
16.3
78.5
14.633333
10.0
5.0
10.133333
24.166667
25.0
5.133333
15.033333
11.133333
137.0
10.0
10.266667
147.066667
20.2
20.2
136.966667
40.933333
136.9
137.133333
142.033333
10.033333
33.3
15.166667
5.133333
5.0
15.033333
5.0
10.1
25.133333
22.166667
10.1
5.233333
5.1
5.033333
57.633333
20.233333
5.066667
5.0
15.066667
5.033333
20.066667
20.166667
10.1
5.066667
20.133333
5.033333
5.0
10.0
20.0
15.0
23.933333
15.1
5.033333
153.8
5.066667
11.433333
18.233333
6.366667
5.033333
10.1
5.1
5.1
10.033333
15.066667
61.4
10.066667
10.033333
141.966667
141.966667
161.766667
10.133333
5.066667
159.7
5.133333
10.0
10.033333
6.4
5.133333
5.066667
10.1
5.0
5.0
62.7
15.033333
15.0
20.066667
5.0
5.133333
10.033333
15.0
5.033333
10.0
5.1
15.0
10.1
25.266667
20.0
20.066667
10.066667
29.2
5.033333
15.166667
5.1
161.966667
15.066667
15.066667
20.066667
5.066667
10.0
15.0
157.033333
162.033333
15.0
26.6
10.033333
5.033333
5.0
10.066667
5.0
11.633333
20.066667
15.1
5.0
10.0
5.033333
20.3
26.633333
5.033333
14.3
10.1
20.2
15.233333
15.033333
15.066667
20.133333
5.0
5.0
553.066667
10.066667
6.6
15.0
22.0
5.0
7.433333
5.133333
5.033333
25.133333
20.0
10.033333
20.0
15.1
10.033333
20.2
5.033333
5.0
15.0
10.0
15.033333
30.2
10.033333
20.066667
5.0
15.366667
15.0
107.966667
5.033333
5.033333
137.0
10.033333
20.033333
152.066667
5.133333
10.066667
147.1
10.1
5.0
10.0
15.133333
15.0
26.766667
37.866667
110.166667
13.033333
137.0
136.933333
10.066667
20.033333
19.9
318.0
15.0
137.066667
5.0
25.3
15.033333
10.033333
15.066667
15.066667
136.966667
20.066667
10.033333
137.1
141.9
5.033333
10.0
10.066667
10.0
6.733333
30.1
142.0
10.0
147.2
5.033333
5.1
5.0
20.066667
5.033333
530.766667
100.2
5.0
547.4
141.833333
5.033333
5.0
10.0
137.1
10.033333
142.033333
5.0
468.133333
5.0
44.3
20.1
5.1
5.133333
20.233333
5.066667
120.166667
150.566667
152.166667
5.033333
151.9
15.033333
10.066667
152.5
137.133333
5.0
44.166667
143.933333
5.066667
5.1
5.033333
5.033333
15.0
20.033333
10.1
15.1
5.0
11.766667
10.033333
20.133333
5.033333
5.066667
20.0
20.0
10.1
15.133333
15.166667
5.1
15.033333
10.1
10.0
5.066667
5.0
15.1
5.066667
15.066667
25.133333
5.0
5.0
11.5
5.133333
26.2
5.066667
10.066667
15.033333
10.0
10.033333
23.366667
5.033333
10.033333
6.4
5.066667
11.3
10.133333
15.0
527.6
15.133333
5.0
10.066667
5.066667
15.066667
5.0
30.1
15.0
5.133333
5.066667
5.033333
21.466667
10.033333
20.1
6.3
25.066667
20.1
10.1
273.833333
10.033333
5.0
15.166667
25.066667
20.1
15.0
20.066667
5.066667
5.066667
15.133333
10.066667
5.033333
15.066667
15.033333
10.1
5.033333
5.033333
20.133333
5.033333
30.2
20.0
17.266667
10.066667
5.033333
16.233333
5.0
5.033333
20.0
5.1
10.133333
20.066667
20.033333
10.0
5.133333
5.066667
5.133333
5.033333
5.033333
20.133333
15.066667
142.0
10.166667
380.133333
15.133333
5.0
62.533333
5.033333
548.133333
5.066667
10.033333
118.7
478.166667
62.633333
146.833333
15.3
20.0
20.3
20.066667
15.066667
10.133333
20.033333
10.1
20.266667
5.0
5.066667
10.233333
5.0
10.133333
17.133333
51.866667
15.0
5.0
15.066667
5.0
16.166667
57.333333
5.033333
5.033333
20.1
10.1
5.0
22.433333
93.6
15.033333
548.1
20.3
20.066667
23.566667
25.066667
5.1
5.033333
5.266667
548.266667
15.133333
10.033333
15.066667
534.766667
20.033333
20.066667
5.1
20.2
15.266667
10.166667
10.033333
6.566667
45.666667
152.033333
5.066667
15.033333
10.1
10.0
5.0
15.166667
549.233333
30.2
20.0
553.433333
15.133333
20.1
30.233333
10.133333
10.066667
94.733333
5.1
11.166667
144.533333
142.1
22.6
5.0
20.066667
5.166667
17.333333
10.1
5.0
5.066667
25.2
5.166667
10.0
5.166667
15.066667
20.066667
10.1
5.133333
5.033333
15.066667
5.1
5.0
20.066667
15.1
15.0
20.066667
5.033333
5.2
10.066667
5.133333
10.1
20.166667
5.066667
5.0
10.066667
30.066667
5.033333
20.1
71.733333
5.0
6.133333
15.0
20.0
10.9
10.166667
76.0
10.033333
15.166667
11.533333
20.0
7.166667
104.566667
21.333333
37.233333
5.0
5.066667
21.8
14.733333
5.1
10.033333
15.033333
15.166667
20.2
5.066667
15.0
5.0
10.0
5.0
5.066667
5.0
10.2
20.3
553.266667
25.066667
5.033333
10.0
10.133333
16.366667
10.1
147.1
5.033333
142.0
15.033333
147.166667
41.066667
15.0
15.0
137.166667
5.1
152.0
10.0
10.066667
5.033333
20.1
10.0
92.266667
5.0
15.033333
5.0
25.066667
5.0
10.0
15.066667
5.0
10.066667
5.066667
20.133333
28.533333
11.133333
10.066667
10.0
15.1
23.466667
52.3
157.0
5.0
15.066667
5.1
5.033333
20.033333
15.133333
10.1
5.133333
20.1
5.066667
5.0
5.1
10.6
20.033333
5.066667
20.233333
5.1
20.133333
5.0
15.2
5.0
18.766667
20.166667
5.0
73.766667
20.1
46.033333
152.033333
5.066667
10.1
21.966667
10.033333
270.966667
5.0
157.2
5.2
20.1
5.066667
5.066667
25.1
11.566667
21.633333
278.866667
10.0
5.1
10.033333
10.133333
10.133333
15.2
5.0
5.0
10.166667
10.233333
20.133333
16.966667
130.1
30.166667
20.066667
26.333333
111.733333
5.166667
32.7
5.233333
157.066667
20.133333
20.166667
10.2
27.133333
5.0
5.033333
15.133333
15.0
152.166667
151.433333
20.0
20.5
20.0
5.1
147.033333
10.0
25.0
5.2
5.033333
5.0
30.133333
5.066667
5.0
5.033333
5.0
10.066667
5.0
15.033333
10.0
10.066667
5.033333
10.0
22.566667
17.0
5.0
15.033333
25.033333
5.1
5.0
136.966667
553.333333
20.2
25.133333
136.933333
9.1
15.0
10.166667
10.033333
5.033333
5.033333
10.133333
10.033333
5.0
6.5
20.1
5.033333
20.033333
164.766667
15.4
5.033333
10.2
147.166667
15.066667
10.1
5.066667
21.933333
10.0
5.0
5.066667
25.166667
5.1
5.166667
15.066667
10.066667
5.033333
15.0
5.0
5.0
20.066667
18.033333
15.066667
20.133333
5.033333
152.033333
10.066667
151.933333
10.1
177.3
10.0
5.0
5.0
5.166667
5.033333
15.0
25.066667
142.033333
105.3
137.066667
10.0
5.133333
44.633333
5.0
5.0
5.066667
15.2
156.333333
136.966667
5.033333
5.066667
10.066667
163.366667
15.266667
110.8
5.066667
20.1
5.133333
5.1
141.4
5.0
5.066667
5.1
77.766667
10.0
10.066667
10.066667
20.033333
20.0
20.0
20.0
5.033333
39.566667
151.566667
25.133333
397.966667
10.1
142.033333
5.133333
20.233333
10.0
20.066667
5.0
5.1
20.0
5.0
5.166667
25.1
15.066667
10.133333
5.1
20.133333
5.1
5.1
10.1
5.166667
10.066667
20.133333
15.033333
15.066667
10.033333
25.133333
21.333333
158.666667
548.233333
136.966667
6.566667
15.1
25.1
219.766667
36.8
5.066667
10.0
10.066667
10.1
5.033333
10.1
20.233333
10.0
10.0
15.066667
20.166667
10.0
15.066667
21.2
33.466667
5.0
5.166667
15.133333
5.066667
5.066667
10.1
5.066667
5.0
5.133333
5.0
5.0
5.0
25.066667
5.066667
21.166667
548.166667
20.2
10.066667
20.033333
15.066667
20.0
10.033333
5.033333
578.3
10.1
20.1
10.133333
20.1
10.133333
10.033333
5.033333
224.933333
20.066667
20.033333
25.866667
5.0
15.1
10.066667
10.0
5.0
5.0
5.033333
15.166667
15.033333
15.2
7.166667
5.066667
5.066667
51.833333
5.0
5.066667
80.866667
15.0
5.0
5.033333
20.133333
36.4
10.233333
15.133333
5.0
10.1
6.9
30.066667
20.0
15.233333
5.066667
5.066667
15.133333
20.133333
16.166667
120.9
5.033333
5.0
140.933333
5.0
5.1
10.033333
118.9
10.0
137.033333
11.466667
20.0
380.7
162.133333
147.033333
5.2
10.0
5.033333
11.433333
5.166667
15.033333
5.0
10.0
26.233333
20.066667
5.0
553.166667
10.033333
20.133333
10.766667
5.1
25.166667
5.0
143.933333
20.1
5.033333
5.066667
20.0
5.0
15.133333
15.033333
10.066667
10.033333
15.0
5.1
273.966667
137.033333
5.033333
5.033333
15.1
15.0
15.0
25.3
5.033333
5.1
15.0
5.066667
25.233333
20.133333
30.1
25.066667
20.033333
5.1
5.033333
15.1
15.2
5.033333
5.0
20.0
6.266667
10.166667
15.0
20.133333
24.433333
10.0
15.0
5.133333
15.0
5.066667
5.166667
10.266667
5.0
5.033333
5.133333
20.0
10.066667
20.033333
5.1
30.166667
10.133333
10.0
10.0
20.066667
5.0
5.1
10.0
10.066667
5.0
137.0
21.633333
10.166667
17.433333
10.033333
141.8
22.033333
137.0
90.166667
5.133333
15.033333
15.1
25.033333
5.033333
20.033333
15.2
5.166667
271.566667
10.166667
15.1
15.033333
5.0
30.033333
20.033333
5.0
15.0
5.066667
10.1
30.066667
20.3
20.066667
10.0
47.933333
5.033333
5.066667
5.066667
25.1
22.766667
234.566667
68.3
6.7
5.033333
10.1
10.066667
10.066667
273.933333
15.266667
10.033333
15.1
10.033333
5.033333
141.8
81.033333
10.0
5.0
22.1
20.0
548.233333
15.133333
25.033333
15.066667
16.9
5.0
25.166667
10.166667
17.866667
553.2
30.633333
15.033333
20.233333
5.1
20.033333
5.133333
10.1
20.066667
5.0
15.033333
15.2
10.133333
84.033333
15.1
5.033333
10.033333
22.1
10.1
15.033333
5.033333
5.0
5.033333
5.033333
10.0
5.066667
5.033333
20.033333
5.1
137.0
5.066667
5.033333
137.033333
137.1
15.1
10.033333
15.033333
20.066667
10.1
33.833333
6.633333
5.033333
5.0
15.0
5.133333
25.1
15.133333
15.033333
10.166667
15.066667
10.066667
5.066667
10.066667
15.0
94.966667
5.0
10.066667
10.066667
5.066667
25.1
5.166667
5.133333
20.166667
20.133333
146.166667
5.0
5.0
6.7
10.066667
20.0
5.0
20.1
20.033333
137.0
15.066667
5.033333
5.033333
25.1
56.1
5.0
5.066667
10.066667
5.033333
5.0
5.133333
10.0
15.1
5.1
15.1
5.0
5.066667
5.0
5.0
20.133333
15.033333
25.066667
10.0
5.066667
21.166667
16.1
15.0
25.233333
20.0
23.5
15.0
6.133333
130.533333
5.066667
10.066667
25.066667
5.1
137.2
20.0
10.033333
20.133333
15.066667
15.066667
10.0
5.066667
15.0
26.633333
76.3
5.133333
5.133333
20.033333
5.133333
6.266667
15.066667
5.066667
24.0
136.966667
15.266667
20.033333
137.033333
129.3
10.133333
16.033333
66.233333
146.0
157.166667
5.0
30.233333
20.0
20.1
10.133333
10.1
15.166667
5.033333
10.166667
20.033333
5.033333
10.0
15.433333
20.233333
10.033333
20.233333
8.9
5.1
5.0
15.0
5.0
20.066667
13.233333
10.033333
20.133333
10.033333
10.033333
5.066667
20.033333
10.1
15.133333
5.033333
10.033333
5.1
20.066667
21.633333
46.8
152.366667
149.233333
5.033333
41.2
152.2
20.066667
5.033333
80.4
5.0
10.0
10.033333
5.066667
17.9
157.0
15.0
5.0
137.133333
65.433333
7.9
147.066667
10.0
5.1
15.033333
5.0
120.9
15.0
15.933333
5.0
5.0
10.0
568.233333
5.0
11.633333
5.066667
5.133333
563.266667
5.0
21.033333
17.133333
23.3
136.766667
15.1
5.033333
5.066667
5.066667
5.066667
25.2
10.033333
5.0
75.466667
10.066667
18.5
11.266667
36.6
5.133333
15.0
10.2
5.033333
10.0
10.033333
20.0
10.0
5.0
5.033333
11.566667
37.133333
5.033333
5.0
15.033333
147.0
5.133333
5.1
5.0
15.0
10.033333
5.0
10.1
5.1
5.133333
20.0
10.133333
155.766667
15.1
152.0
15.066667
5.033333
5.066667
63.266667
90.433333
142.1
10.166667
15.0
137.033333
284.066667
5.0
6.0
15.033333
6.933333
10.0
15.2
5.0
10.033333
75.766667
5.033333
15.066667
15.1
15.1
5.033333
5.066667
20.133333
22.566667
5.066667
20.066667
15.233333
5.066667
5.0
80.8
10.0
20.0
5.0
25.1
20.066667
10.033333
5.066667
5.033333
18.566667
5.033333
25.166667
10.033333
5.033333
10.133333
25.033333
15.066667
6.133333
5.033333
5.133333
5.3
5.066667
15.0
30.0
548.2
5.033333
20.066667
24.366667
5.0
5.033333
10.1
20.1
10.0
20.066667
15.066667
20.0
5.0
15.0
16.733333
10.066667
10.233333
5.066667
10.1
10.066667
5.066667
15.033333
5.033333
5.0
5.066667
25.1
15.0
5.0
10.033333
21.666667
15.0
20.466667
25.166667
15.066667
18.9
5.033333
7.7
5.1
20.033333
12.266667
437.6
21.1
10.233333
10.0
10.166667
5.033333
11.2
5.033333
15.166667
5.133333
10.1
5.066667
15.1
10.133333
5.1
5.033333
16.666667
5.066667
142.0
5.1
5.0
5.033333
15.066667
13.166667
5.066667
152.066667
20.0
119.333333
25.166667
137.066667
147.0
5.066667
10.133333
5.0
10.2
141.933333
5.1
147.3
15.133333
95.1
20.066667
147.233333
112.133333
20.133333
5.033333
30.0
15.0
5.0
5.1
25.0
25.033333
20.133333
15.0
10.033333
5.0
18.0
15.0
25.0
5.1
45.733333
15.033333
5.0
10.0
5.0
10.033333
548.233333
5.0
30.0
469.366667
10.1
20.033333
20.066667
15.133333
11.666667
188.533333
5.133333
5.0
5.033333
5.033333
25.133333
20.133333
15.1
129.2
553.166667
15.033333
10.066667
20.066667
20.133333
5.033333
10.066667
20.1
29.9
22.966667
157.1
5.0
93.8
261.9
5.066667
274.0
15.2
15.266667
15.0
62.933333
10.133333
136.8
5.033333
15.1
137.066667
137.033333
20.166667
20.233333
15.0
5.0
10.033333
15.066667
5.066667
5.066667
17.1
10.0
20.0
75.033333
22.766667
5.1
137.066667
15.1
220.6
5.066667
5.033333
20.033333
20.166667
15.066667
5.033333
215.866667
11.3
5.433333
224.4
25.033333
85.333333
142.033333
5.0
5.033333
137.033333
148.866667
5.1
30.066667
5.033333
10.2
30.133333
547.166667
15.166667
10.1
5.0
16.233333
15.033333
10.0
5.033333
15.8
10.033333
274.066667
5.0
20.133333
25.0
15.0
5.0
15.033333
85.566667
10.1
155.9
137.1
10.0
5.066667
15.033333
5.1
25.033333
558.233333
91.133333
10.033333
18.2
5.1
8.533333
11.266667
20.033333
18.966667
152.133333
53.9
136.933333
5.033333
15.066667
5.0
5.066667
21.466667
10.066667
5.0
10.033333
5.0
10.066667
15.066667
105.166667
10.066667
548.3
10.0
136.966667
20.2
122.0
20.033333
146.966667
5.033333
27.6
5.066667
5.033333
5.133333
23.3
5.0
20.0
15.066667
10.033333
5.066667
20.0
15.133333
20.133333
141.966667
5.1
15.066667
5.0
10.066667
5.033333
5.0
20.033333
163.433333
15.066667
5.1
15.033333
10.0
5.0
160.0
10.066667
10.166667
5.1
5.0
5.033333
5.0
15.066667
10.033333
10.033333
20.0
100.966667
10.066667
5.0
30.1
20.066667
15.1
30.633333
54.6
5.0
20.233333
15.133333
279.0
5.0
5.033333
5.033333
15.166667
20.233333
10.0
25.2
6.633333
15.1
5.033333
10.233333
5.033333
51.566667
15.066667
146.866667
5.066667
27.9
20.0
10.133333
25.0
10.066667
5.0
10.0
21.2
10.1
20.1
10.133333
10.033333
15.133333
5.066667
15.1
20.0
10.166667
5.0
5.0
20.0
5.033333
5.0
25.1
10.133333
5.066667
5.033333
15.033333
20.0
15.133333
25.166667
540.7
5.0
5.133333
5.0
15.166667
15.133333
10.0
5.066667
5.0
25.033333
10.066667
20.033333
5.2
5.033333
20.0
5.0
25.066667
15.0
15.166667
5.033333
15.066667
5.766667
116.633333
25.166667
5.166667
152.0
15.066667
25.133333
5.0
15.1
15.1
5.0
10.066667
11.2
10.1
5.066667
10.1
5.033333
10.0
11.833333
15.1
5.0
30.1
5.1
22.133333
15.266667
5.033333
6.066667
43.5
11.066667
18.266667
15.233333
10.033333
20.033333
5.066667
22.533333
24.066667
284.533333
416.1
10.0
15.1
421.033333
151.966667
10.0
10.033333
416.066667
152.033333
5.1
5.033333
47.233333
15.033333
10.0
25.266667
5.0
21.1
5.033333
20.0
23.0
5.033333
25.1
18.3
29.3
20.1
10.0
10.0
25.1
5.0
5.0
21.133333
30.066667
20.066667
10.033333
25.033333
5.033333
5.033333
553.2
10.0
30.2
5.066667
5.0
17.1
5.0
5.1
5.566667
5.066667
20.0
15.066667
20.133333
5.033333
15.066667
20.066667
5.1
5.033333
10.066667
90.966667
5.033333
5.033333
10.0
10.0
553.266667
553.233333
548.233333
173.366667
10.033333
15.033333
10.066667
20.133333
5.133333
10.066667
10.1
15.1
5.033333
15.033333
11.266667
23.833333
15.0
5.0
10.1
15.1
20.1
15.0
5.0
34.833333
15.066667
20.066667
613.733333
10.1
5.066667
51.266667
48.033333
10.0
15.033333
20.066667
19.8
13.666667
5.066667
15.0
20.1
15.266667
20.0
15.066667
11.566667
553.166667
10.0
10.0
15.233333
492.1
20.133333
5.0
5.166667
5.1
23.766667
25.933333
15.133333
10.166667
42.966667
10.133333
5.0
10.033333
20.2
15.033333
5.066667
25.1
5.033333
20.033333
33.366667
15.0
5.033333
22.366667
5.066667
98.133333
5.0
146.866667
10.066667
30.066667
20.0
5.0
5.0
26.1
20.1
10.066667
10.066667
5.066667
5.133333
20.0
5.1
20.033333
10.066667
5.0
10.0
10.1
5.066667
10.066667
10.033333
10.033333
25.1
15.066667
18.266667
20.0
11.366667
20.066667
10.033333
10.0
5.033333
10.0
22.2
105.833333
17.866667
64.3
5.0
20.133333
25.0
15.133333
6.833333
5.033333
15.0
10.033333
5.033333
20.0
20.0
8.766667
15.033333
20.1
15.033333
5.033333
20.033333
25.0
25.2
5.0
15.1
154.566667
10.0
15.033333
20.1
15.633333
20.0
15.0
21.066667
5.0
5.033333
10.033333
15.0
6.433333
5.066667
5.066667
20.066667
20.966667
10.066667
15.0
10.033333
5.0
15.033333
10.1
5.033333
15.033333
10.066667
15.033333
5.033333
10.033333
10.166667
5.1
10.066667
5.0
22.266667
5.133333
5.033333
5.0
10.033333
20.066667
20.033333
6.733333
10.066667
141.966667
20.0
5.1
548.133333
5.0
15.0
15.0
147.133333
10.133333
15.0
26.933333
20.1
21.9
10.133333
5.2
5.033333
5.033333
15.0
5.0
5.0
10.066667
5.0
15.033333
15.033333
15.033333
10.0
10.1
10.0
20.1
180.433333
13.366667
5.0
67.033333
15.1
5.033333
6.333333
15.033333
6.1
20.133333
5.033333
78.633333
7.6
5.1
5.033333
10.033333
5.1
16.033333
18.9
15.233333
142.1
15.133333
15.166667
5.033333
15.166667
51.7
142.0
5.133333
10.033333
15.166667
5.033333
5.1
15.0
13.733333
10.0
85.0
341.8
15.1
5.0
22.666667
119.7
10.0
10.166667
20.6
20.066667
152.033333
10.133333
5.0
5.066667
5.033333
15.0
15.0
5.033333
20.166667
20.033333
20.1
21.133333
15.133333
5.066667
15.033333
10.0
20.1
104.3
5.0
15.066667
5.066667
10.0
20.0
10.1
16.4
5.133333
25.0
5.0
20.066667
26.066667
10.066667
10.066667
25.0
5.066667
312.133333
15.066667
5.066667
5.033333
15.066667
10.0
5.0
10.166667
15.066667
15.033333
15.066667
10.0
10.1
10.0
147.2
20.0
20.066667
15.066667
15.066667
30.033333
44.233333
147.033333
10.0
15.233333
5.066667
25.233333
5.066667
21.4
20.133333
5.0
10.066667
21.966667
10.033333
5.033333
10.066667
5.0
5.1
20.1
5.133333
5.1
15.3
15.166667
5.533333
5.0
15.133333
15.033333
5.0
15.0
10.033333
10.033333
5.066667
20.0
25.066667
15.066667
5.1
5.0
5.166667
5.033333
5.066667
20.0
5.133333
5.033333
5.033333
5.0
5.033333
5.0
5.033333
15.0
10.066667
15.133333
5.1
15.033333
10.033333
11.166667
10.166667
5.033333
136.866667
10.066667
15.0
10.366667
15.0
22.866667
20.0
56.833333
5.0
5.0
152.166667
20.033333
5.0
10.0
15.0
20.1
26.533333
10.066667
5.0
10.0
20.1
5.0
15.166667
15.066667
15.166667
15.0
10.1
10.033333
5.1
30.233333
5.066667
5.0
5.1
20.033333
15.033333
20.133333
15.2
10.033333
7.866667
5.033333
5.033333
51.633333
20.833333
5.166667
15.033333
15.1
5.033333
10.166667
20.033333
5.066667
20.166667
5.0
15.0
25.0
67.666667
153.166667
10.066667
5.0
5.133333
5.0
25.0
20.0
20.1
5.033333
10.1
10.066667
73.433333
34.733333
10.066667
27.666667
5.1
147.1
5.133333
5.0
20.1
15.0
10.0
5.0
10.0
5.733333
30.233333
5.1
5.066667
15.0
5.166667
5.1
5.0
5.0
5.033333
10.0
5.0
61.233333
15.0
5.066667
15.066667
20.033333
20.0
10.033333
10.166667
10.0
15.2
5.0
10.033333
146.966667
142.066667
109.833333
5.0
5.033333
5.166667
22.766667
20.066667
155.4
5.0
10.033333
10.066667
5.033333
5.0
15.066667
10.0
20.133333
146.8
137.0
15.066667
10.166667
10.033333
283.933333
20.066667
5.0
152.233333
20.0
25.033333
10.033333
10.133333
10.0
152.033333
142.133333
15.166667
10.033333
15.2
10.1
19.633333
5.066667
5.033333
684.733333
10.066667
10.133333
5.0
10.0
5.033333
5.033333
151.966667
15.066667
20.066667
10.133333
10.0
5.033333
15.066667
10.066667
10.033333
10.033333
20.1
15.133333
142.066667
5.033333
5.0
15.033333
5.933333
20.1
20.166667
15.733333
5.0
10.066667
5.133333
11.766667
157.366667
5.066667
16.1
10.1
5.0
10.133333
10.033333
5.033333
21.966667
10.1
5.033333
15.133333
6.066667
15.066667
5.0
10.066667
5.066667
7.7
10.0
66.533333
10.0
136.966667
15.0
15.2
20.033333
10.0
10.033333
147.033333
10.133333
15.0
5.0
89.0
133.4
10.033333
5.066667
20.266667
5.033333
5.133333
15.033333
5.0
67.333333
5.066667
5.133333
20.0
15.233333
5.066667
10.0
20.0
10.0
5.1
136.966667
11.466667
10.0
10.033333
5.033333
5.033333
5.0
15.1
5.033333
10.1
15.0
10.033333
30.3
15.066667
5.066667
13.3
20.266667
137.066667
15.066667
50.633333
15.033333
102.833333
15.033333
152.6
5.033333
5.033333
5.033333
10.066667
15.233333
8.533333
5.133333
5.066667
15.066667
5.033333
5.033333
15.1
10.033333
5.0
25.0
10.066667
5.3
5.1
25.033333
20.0
15.066667
20.1
10.033333
5.033333
15.1
26.233333
205.0
146.9
156.7
149.966667
10.066667
274.2
279.133333
15.0
44.333333
5.1
158.533333
5.0
217.033333
91.566667
20.166667
135.9
5.066667
10.133333
136.966667
15.0
20.1
122.4
15.266667
5.066667
5.033333
137.033333
25.0
142.066667
136.966667
15.0
15.166667
12.9
21.133333
5.066667
5.0
46.4
5.133333
10.2
157.066667
8.133333
20.066667
120.533333
5.033333
10.0
15.066667
5.0
20.066667
5.033333
5.066667
5.033333
15.033333
15.033333
20.0
5.066667
15.1
115.466667
25.133333
5.0
15.066667
5.9
20.066667
10.066667
20.0
5.033333
10.033333
200.266667
18.166667
10.033333
147.166667
25.1
10.066667
5.0
10.033333
5.066667
20.233333
124.433333
15.166667
15.233333
103.6
15.033333
15.0
548.166667
15.033333
5.0
15.4
5.0
10.0
36.833333
5.133333
10.0
157.066667
18.533333
25.0
20.0
5.2
39.1
5.133333
5.0
15.066667
5.0
10.1
10.0
10.066667
10.133333
15.166667
15.0
5.133333
10.033333
5.1
10.033333
15.166667
5.0
25.166667
10.1
15.066667
15.066667
5.033333
15.033333
20.033333
29.466667
15.0
15.166667
5.0
5.133333
5.1
53.2
15.033333
30.133333
20.133333
156.7
5.0
15.1
157.0
147.033333
20.0
157.1
9.2
6.9
112.366667
162.1
5.0
10.033333
5.033333
15.133333
5.133333
10.1
10.033333
26.1
20.133333
10.033333
55.266667
20.1
10.066667
5.0
10.133333
15.033333
28.466667
5.0
17.366667
5.0
15.266667
10.033333
5.1
21.666667
143.133333
15.0
10.0
15.1
20.0
10.0
10.0
5.1
20.033333
5.0
31.433333
15.0
19.666667
15.0
15.0
123.266667
30.166667
137.1
152.266667
5.133333
15.1
20.166667
5.0
16.733333
152.1
5.066667
24.6
152.1
5.066667
20.0
15.033333
5.033333
20.033333
6.266667
11.666667
59.933333
10.1
136.9
5.1
15.133333
14.933333
141.966667
553.133333
20.066667
5.033333
5.066667
31.433333
5.2
43.2
5.1
10.0
15.2
20.0
16.333333
20.066667
6.5
10.133333
29.766667
10.066667
5.033333
10.166667
5.066667
20.0
10.033333
5.066667
5.166667
15.0
15.066667
10.0
30.233333
5.0
5.1
157.033333
5.033333
5.066667
11.133333
25.066667
30.0
5.066667
155.7
25.0
137.0
9.166667
116.7
5.033333
10.133333
5.066667
10.0
10.033333
15.066667
16.1
5.066667
15.133333
16.5
20.033333
10.0
6.666667
10.033333
5.066667
10.0
15.033333
553.133333
5.2
29.933333
10.166667
5.033333
10.066667
10.033333
21.233333
30.166667
5.0
10.0
12.133333
20.133333
10.033333
15.066667
10.0
143.8
5.0
5.033333
139.666667
136.833333
158.866667
15.533333
283.8
105.166667
5.0
55.9
20.066667
10.033333
15.1
5.0
5.133333
15.233333
10.1
5.033333
10.1
16.366667
20.233333
30.033333
100.866667
5.0
103.133333
10.166667
284.0
15.1
5.066667
10.066667
5.0
5.033333
279.233333
25.133333
15.3
10.0
5.033333
5.0
5.0
10.0
113.266667
20.2
25.066667
6.233333
142.133333
5.033333
20.033333
10.033333
15.133333
5.033333
5.0
15.233333
5.033333
5.066667
5.0
15.033333
30.033333
20.1
5.133333
142.166667
23.133333
11.2
25.066667
5.033333
69.566667
142.133333
5.133333
10.0
26.6
5.0
553.4
10.2
257.1
157.233333
10.1
5.0
5.0
10.9
10.066667
20.1
25.133333
10.0
5.0
10.133333
5.0
20.166667
15.066667
15.1
20.066667
20.0
5.0
5.066667
20.1
5.133333
20.066667
5.066667
5.2
20.033333
5.033333
15.6
5.066667
15.0
5.1
5.033333
20.133333
15.0
20.2
12.333333
5.033333
10.033333
10.0
5.0
10.2
5.0
5.0
15.0
15.2
15.033333
8.666667
5.066667
5.066667
10.0
94.466667
39.833333
5.0
13.866667
5.033333
15.0
553.166667
137.066667
25.1
10.033333
5.0
5.033333
141.966667
5.1
20.2
27.9
15.233333
10.033333
5.066667
5.133333
10.3
6.2
10.066667
15.133333
141.833333
15.0
20.033333
15.1
15.0
15.0
15.566667
20.0
5.033333
5.033333
62.466667
15.1
24.066667
20.0
7.566667
56.833333
15.266667
10.1
15.033333
10.033333
553.1
20.066667
5.1
15.0
10.066667
15.166667
5.1
10.233333
20.066667
5.0
20.0
15.133333
20.066667
18.266667
10.133333
10.0
5.033333
18.2
10.133333
5.066667
20.066667
5.1
10.033333
16.466667
5.066667
5.1
10.166667
20.1
22.366667
5.0
20.1
10.166667
5.033333
10.066667
5.0
20.166667
10.0
30.133333
10.033333
5.0
10.066667
11.066667
11.366667
5.0
10.1
22.833333
10.2
5.033333
152.533333
5.066667
15.1
129.3
5.133333
10.0
131.333333
147.033333
5.166667
20.066667
10.033333
10.0
5.033333
5.033333
5.066667
5.133333
15.033333
10.033333
10.0
5.0
20.0
5.0
10.033333
5.066667
5.0
6.533333
10.0
43.766667
25.166667
10.133333
10.1
20.033333
40.166667
5.033333
12.5
20.033333
137.033333
5.066667
20.066667
15.133333
20.0
15.1
15.2
152.1
5.0
10.066667
108.5
20.166667
10.033333
15.1
10.033333
10.033333
15.066667
20.066667
10.1
10.0
10.166667
20.166667
5.033333
5.033333
20.1
15.133333
20.266667
20.133333
25.133333
95.5
5.0
29.4
36.366667
142.1
5.033333
10.0
15.0
5.033333
150.4
5.0
5.066667
15.166667
5.033333
20.0
20.166667
10.0
5.0
10.066667
5.0
5.0
5.033333
162.066667
147.233333
15.1
15.0
20.066667
15.066667
30.066667
73.833333
10.9
138.033333
182.7
10.133333
16.533333
10.166667
5.033333
23.4
142.1
148.866667
23.266667
15.066667
274.0
5.0
20.6
118.733333
5.0
15.2
15.066667
21.566667
30.233333
54.133333
36.166667
10.033333
10.0
25.166667
20.1
5.0
147.1
147.033333
5.033333
15.2
5.0
279.133333
10.066667
5.033333
161.966667
20.066667
5.1
5.033333
5.1
5.1
5.1
10.1
15.066667
10.033333
5.066667
15.0
5.1
5.2
137.033333
5.0
10.133333
20.0
15.033333
30.066667
20.1
15.033333
20.266667
5.033333
10.066667
5.033333
93.766667
32.9
20.033333
10.1
5.1
11.7
5.033333
15.266667
137.033333
15.066667
142.066667
10.033333
15.066667
15.066667
239.966667
20.066667
10.033333
58.366667
147.033333
15.066667
157.7
10.033333
5.033333
5.133333
20.033333
25.233333
10.066667
5.0
5.1
10.166667
20.133333
25.466667
25.2
15.1
5.1
5.1
10.066667
15.166667
5.033333
147.0
152.033333
15.066667
15.0
5.066667
15.166667
20.666667
10.0
5.066667
20.066667
36.633333
10.7
5.066667
20.0
10.033333
5.066667
15.0
15.0
20.0
26.7
20.2
15.133333
15.0
5.133333
10.133333
15.1
5.0
5.033333
5.066667
20.066667
15.1
19.766667
10.1
10.033333
5.066667
6.6
10.066667
75.6
5.033333
136.766667
5.033333
10.133333
10.2
10.0
5.066667
132.766667
136.966667
5.0
15.033333
25.033333
23.0
283.933333
15.133333
15.0
15.0
5.133333
10.1
5.0
5.1
20.0
15.0
10.066667
548.066667
19.1
137.033333
15.133333
15.133333
5.033333
5.0
25.066667
10.0
279.0
142.133333
25.166667
5.033333
5.2
15.1
189.066667
30.1
5.1
202.066667
15.133333
15.0
147.266667
10.1
51.0
10.033333
15.0
258.066667
5.066667
30.0
15.133333
142.0
33.0
10.0
125.733333
137.0
162.133333
15.066667
30.033333
20.033333
5.033333
83.033333
123.933333
136.966667
5.0
5.033333
15.0
15.0
10.066667
20.166667
20.0
142.0
15.066667
10.166667
20.3
10.033333
123.8
8.2
5.1
15.1
10.066667
5.0
10.0
20.066667
5.133333
10.033333
5.0
10.1
15.033333
10.033333
15.0
10.133333
20.033333
5.066667
10.033333
15.0
15.1
15.1
67.666667
17.266667
10.066667
5.033333
25.133333
15.1
10.0
5.0
20.066667
5.0
10.0
25.133333
15.0
15.133333
153.6
88.533333
141.966667
10.1
10.133333
152.0
548.166667
10.033333
15.133333
5.0
5.033333
15.133333
20.066667
20.066667
20.166667
10.133333
5.033333
5.0
13.2
10.0
5.033333
15.033333
17.833333
15.033333
5.033333
8.5
30.066667
10.1
5.0
20.0
11.866667
5.133333
10.066667
65.633333
5.066667
7.066667
30.0
136.866667
15.133333
20.066667
20.3
20.033333
15.133333
10.033333
137.066667
20.033333
15.1
25.233333
10.0
5.1
5.033333
5.133333
20.0
274.033333
21.8
10.0
6.666667
10.0
20.133333
25.1
25.0
5.1
5.0
239.566667
20.1
15.133333
5.0
152.1
10.1
10.033333
10.1
20.1
10.1
10.066667
5.033333
444.3
20.066667
15.333333
5.033333
20.2
27.233333
5.066667
10.033333
15.1
30.166667
20.066667
15.1
10.133333
5.0
5.066667
204.766667
5.0
15.066667
234.333333
10.066667
20.266667
15.0
15.066667
5.1
20.066667
20.0
5.033333
5.066667
10.2
9.666667
553.433333
20.0
5.066667
5.1
5.066667
197.333333
5.066667
15.1
25.166667
10.1
20.066667
15.033333
10.0
20.066667
15.1
15.0
15.066667
15.033333
5.033333
5.033333
5.133333
5.0
20.066667
23.233333
20.0
5.033333
10.0
142.0
142.066667
5.166667
10.033333
10.133333
5.033333
10.066667
10.133333
10.1
25.1
5.0
10.033333
15.2
5.066667
5.1
25.033333
15.0
10.066667
5.266667
10.033333
148.633333
5.166667
15.233333
10.033333
5.0
5.0
5.166667
10.066667
5.033333
6.1
10.033333
15.033333
25.1
5.033333
15.133333
30.6
20.133333
5.133333
56.333333
15.2
10.066667
15.0
15.0
5.033333
5.033333
21.233333
5.066667
10.033333
20.566667
16.466667
86.333333
15.066667
147.1
5.033333
7.066667
20.0
10.266667
28.666667
30.233333
10.033333
15.066667
5.033333
5.0
20.233333
15.0
10.033333
5.166667
5.0
25.1
15.0
5.033333
20.233333
10.066667
5.033333
25.066667
5.066667
5.166667
5.0
15.033333
20.1
20.0
10.0
25.066667
15.066667
14.5
142.033333
10.0
15.2
21.466667
157.033333
5.033333
5.0
25.033333
11.4
68.933333
5.033333
5.0
5.033333
20.266667
289.0
5.0
15.0
420.9
259.566667
5.2
306.033333
15.266667
142.033333
147.033333
10.133333
276.733333
20.033333
232.733333
20.133333
8.766667
87.966667
10.033333
5.033333
5.1
11.733333
5.033333
15.0
10.066667
15.1
10.1
20.0
16.3
493.0
10.166667
5.0
15.2
22.366667
20.1
15.066667
5.033333
20.0
5.0
5.1
5.033333
6.533333
15.133333
5.1
25.066667
15.033333
279.0
10.033333
5.033333
20.166667
15.233333
20.1
138.966667
5.0
10.0
10.133333
59.566667
10.066667
5.066667
75.066667
26.566667
136.966667
47.866667
5.1
5.0
57.366667
15.033333
12.433333
15.166667
5.0
10.0
5.033333
15.066667
15.066667
5.333333
5.1
5.0
5.066667
72.2
5.0
11.6
166.5
5.1
15.0
10.0
5.1
20.166667
10.1
15.1
10.033333
10.033333
5.1
10.033333
5.033333
15.066667
6.433333
10.033333
25.066667
5.033333
15.1
20.066667
5.1
25.066667
14.8
5.033333
15.233333
10.033333
15.0
15.066667
20.033333
5.0
15.066667
10.033333
15.2
10.066667
25.0
15.0
15.2
25.1
10.1
15.1
20.066667
10.033333
20.0
20.133333
15.033333
25.066667
20.166667
15.133333
10.1
10.066667
15.066667
15.3
10.166667
5.033333
6.933333
10.2
15.233333
15.0
25.166667
10.033333
20.0
10.066667
20.0
10.0
9.766667
20.033333
5.2
15.033333
10.433333
13.5
136.966667
20.033333
5.033333
162.033333
20.0
141.933333
20.066667
15.066667
174.533333
8.066667
15.233333
10.133333
10.066667
15.066667
146.966667
20.066667
20.066667
5.1
20.1
15.0
10.066667
20.033333
128.433333
20.266667
553.2
147.1
20.0
5.0
5.0
25.833333
15.166667
5.033333
5.0
15.066667
10.133333
10.0
10.066667
15.033333
10.033333
5.066667
25.066667
10.0
20.1
17.933333
20.0
8.266667
62.0
157.233333
10.033333
5.033333
5.0
10.0
160.633333
10.2
10.066667
5.233333
10.1
5.033333
15.0
5.0
20.166667
10.0
5.133333
5.033333
30.033333
5.033333
10.166667
10.033333
20.133333
20.033333
10.233333
15.166667
5.033333
5.033333
20.133333
20.1
10.0
5.0
10.1
15.1
15.1
16.733333
76.833333
5.066667
106.266667
20.633333
20.033333
6.4
20.033333
10.133333
137.066667
15.933333
20.0
6.0
5.0
10.066667
15.033333
5.1
5.1
129.0
10.133333
10.0
10.0
47.466667
20.0
5.0
28.4
121.533333
5.066667
15.0
20.2
15.066667
20.066667
15.3
10.0
10.033333
10.0
20.133333
10.033333
10.066667
10.066667
15.033333
20.233333
5.033333
20.133333
548.466667
37.1
5.0
5.0
152.1
138.5
5.066667
20.033333
153.2
15.2
134.633333
5.166667
5.066667
12.066667
5.066667
5.066667
10.1
10.1
15.233333
5.166667
12.266667
137.033333
14.833333
10.133333
10.0
142.133333
5.0
5.1
152.1
17.833333
72.133333
134.333333
26.633333
23.6
5.1
5.066667
10.066667
20.033333
567.666667
15.0
5.066667
20.066667
5.066667
20.0
136.9
136.966667
10.066667
152.0
34.666667
20.2
46.4
15.033333
15.166667
548.133333
11.366667
5.033333
5.0
15.066667
25.066667
5.0
20.1
5.066667
5.033333
10.0
5.0
20.066667
15.1
32.566667
5.066667
20.066667
20.0
5.2
10.033333
41.966667
10.1
5.0
10.066667
15.033333
5.133333
5.0
21.8
5.033333
20.966667
5.033333
20.0
10.0
20.033333
20.066667
37.333333
10.0
5.033333
20.166667
5.033333
5.0
20.166667
12.433333
548.2
136.966667
137.166667
5.066667
142.1
5.0
15.033333
137.066667
25.2
5.033333
10.1
15.066667
15.0
15.2
22.4
5.1
5.0
25.066667
5.033333
5.1
30.133333
5.0
20.0
5.033333
5.066667
15.033333
15.1
10.033333
10.0
10.0
20.066667
6.2
25.0
30.233333
20.033333
15.166667
15.066667
5.0
30.033333
10.0
10.066667
20.1
5.1
10.066667
10.0
15.033333
5.066667
20.1
20.066667
10.0
15.166667
15.133333
125.133333
5.133333
30.033333
10.033333
15.666667
5.0
78.233333
25.233333
10.0
13.966667
10.0
5.0
20.133333
149.466667
15.133333
20.066667
10.9
5.0
253.866667
15.2
24.3
10.1
142.1
157.133333
10.033333
142.0
20.033333
5.0
20.0
10.0
20.033333
74.2
279.033333
20.066667
32.933333
15.166667
284.166667
10.0
98.6
20.033333
136.933333
20.0
5.0
142.1
10.0
5.033333
10.0
5.0
10.033333
20.0
20.066667
15.033333
25.1
15.1
5.066667
5.033333
10.066667
126.4
15.066667
5.033333
192.733333
261.7
15.1
5.0
15.033333
10.1
10.0
15.1
20.066667
5.0
5.1
15.0
15.066667
5.033333
20.0
5.0
15.033333
18.7
5.0
129.433333
10.1
5.0
15.066667
100.866667
274.133333
16.566667
53.333333
167.8
5.033333
152.0
5.066667
5.1
10.133333
5.0
10.033333
10.0
10.0
5.2
5.033333
10.0
30.1
5.033333
5.066667
10.266667
20.033333
20.133333
152.066667
10.066667
5.066667
10.1
30.133333
69.4
10.0
10.1
5.0
26.466667
253.933333
10.066667
25.1
10.0
10.166667
5.033333
25.166667
152.0
147.133333
5.066667
147.133333
5.066667
5.0
5.066667
21.233333
15.066667
5.033333
5.0
20.0
10.133333
11.6
5.066667
20.0
10.066667
5.0
147.0
142.133333
20.0
5.066667
10.0
43.233333
30.066667
5.0
15.066667
20.0
15.066667
5.433333
25.1
31.233333
15.033333
5.033333
25.166667
15.233333
15.1
23.633333
21.9
5.0
15.0
20.266667
30.133333
20.0
10.066667
70.233333
10.033333
10.033333
25.166667
15.033333
20.1
15.1
10.066667
10.066667
5.0
20.0
10.233333
10.033333
15.0
5.033333
15.0
20.233333
5.066667
13.8
55.966667
10.033333
10.1
15.033333
38.5
20.1
5.0
5.066667
20.1
5.133333
5.033333
25.133333
30.066667
5.066667
13.933333
5.0
10.1
10.166667
15.2
5.033333
15.0
10.066667
20.166667
10.133333
24.433333
20.0
30.1
23.266667
5.066667
10.133333
11.333333
75.366667
142.066667
5.0
161.1
23.833333
5.1
10.166667
20.0
5.0
20.1
8.8
10.033333
20.033333
10.0
8.3
5.133333
126.1
142.0
5.033333
20.1
15.066667
15.0
20.033333
10.033333
5.033333
20.1
10.033333
15.0
15.1
10.166667
21.8
21.6
5.133333
23.833333
5.066667
20.133333
30.066667
11.2
5.0
5.033333
5.1
5.033333
21.333333
137.066667
5.1
142.033333
10.066667
137.033333
15.066667
494.566667
25.1
136.966667
5.066667
147.0
10.0
548.133333
25.066667
10.0
20.033333
5.066667
15.033333
5.0
5.033333
6.533333
5.0
161.933333
5.0
143.133333
147.0
5.066667
142.0
10.1
125.366667
5.166667
20.1
28.066667
10.133333
27.5
25.133333
5.1
5.033333
20.133333
30.033333
5.033333
10.0
20.0
15.133333
15.133333
56.733333
5.0
15.066667
5.033333
19.0
152.0
5.033333
5.0
20.133333
5.1
15.133333
5.1
5.033333
5.0
10.0
25.1
20.2
10.066667
10.0
5.066667
10.033333
5.066667
5.066667
10.066667
10.133333
10.033333
15.1
5.033333
10.066667
10.1
10.133333
5.033333
10.2
5.133333
15.233333
43.066667
32.2
11.4
10.033333
67.4
10.166667
29.333333
10.1
10.1
273.933333
20.1
5.0
5.033333
17.7
5.033333
5.033333
25.1
20.0
5.0
15.033333
10.133333
20.133333
10.066667
10.033333
10.0
20.133333
22.9
115.7
184.366667
162.0
5.0
15.0
152.1
5.0
25.1
10.033333
25.7
147.033333
10.0
30.033333
15.0
5.066667
10.1
5.0
5.033333
253.466667
5.0
7.4
5.1
10.0
38.366667
20.0
5.066667
5.066667
5.066667
20.033333
10.033333
5.1
10.033333
10.0
15.0
20.2
5.1
21.266667
20.133333
156.966667
10.166667
16.666667
5.133333
142.0
18.1
15.233333
20.166667
10.0
5.2
72.9
26.366667
10.066667
5.1
15.066667
5.166667
10.066667
5.133333
25.133333
10.066667
15.233333
20.1
20.166667
39.166667
5.066667
30.9
5.1
20.033333
144.0
10.033333
347.066667
5.0
5.033333
19.966667
15.0
16.733333
27.0
10.033333
88.266667
15.066667
553.133333
62.7
10.033333
157.066667
159.366667
141.866667
109.033333
5.0
20.0
15.066667
5.0
5.0
20.066667
10.166667
5.066667
15.066667
10.0
5.2
10.0
5.033333
5.1
5.033333
5.0
10.033333
10.2
25.1
5.1
10.0
10.066667
5.033333
20.133333
14.2
5.0
5.033333
5.033333
5.033333
10.066667
33.166667
90.5
10.033333
5.066667
25.133333
5.133333
17.133333
60.866667
137.0
548.066667
10.033333
147.1
147.066667
20.033333
136.9
15.1
15.1
548.366667
5.0
553.633333
20.1
10.066667
20.2
10.0
23.2
5.2
20.033333
15.166667
7.233333
15.066667
5.1
10.166667
16.733333
15.033333
10.066667
5.1
20.0
15.0
5.066667
20.033333
10.0
20.0
15.1
15.033333
142.1
21.1
5.133333
19.366667
146.966667
5.033333
492.066667
5.066667
5.033333
15.066667
20.266667
15.133333
20.033333
10.1
5.033333
5.1
15.066667
38.633333
5.066667
25.066667
15.066667
5.133333
20.033333
15.0
5.033333
10.1
5.133333
15.033333
20.166667
5.933333
5.033333
20.0
20.0
5.0
19.7
142.066667
32.6
5.0
20.1
432.633333
5.1
10.066667
94.766667
10.033333
5.1
5.1
20.166667
15.033333
54.1
146.833333
147.833333
162.6
247.966667
152.066667
152.066667
5.066667
15.066667
20.033333
5.0
152.066667
10.133333
10.066667
11.633333
46.466667
15.033333
5.0
15.166667
15.1
10.066667
10.033333
30.033333
19.8
5.033333
10.033333
5.0
5.0
10.133333
10.033333
15.0
5.066667
5.8
20.133333
5.033333
5.233333
20.033333
142.133333
160.466667
10.166667
76.433333
31.166667
5.1
5.1
20.033333
5.033333
39.3
136.933333
135.433333
147.066667
21.166667
5.066667
162.233333
6.1
20.166667
5.033333
5.0
5.066667
6.5
10.0
10.1
5.0
15.066667
152.1
5.066667
5.133333
5.166667
23.3
30.2
25.066667
5.033333
15.1
28.466667
156.966667
10.033333
15.066667
142.1
10.033333
5.0
10.0
10.066667
5.066667
10.033333
5.066667
19.933333
553.233333
5.166667
132.333333
5.033333
15.066667
30.1
10.233333
20.0
5.033333
10.0
5.033333
44.133333
5.066667
20.1
5.066667
10.133333
10.1
10.0
10.0
16.133333
21.666667
10.066667
5.0
152.1
5.0
137.0
10.066667
10.066667
20.1
5.1
10.0
5.0
5.0
23.133333
10.1
10.166667
10.1
15.1
5.1
20.066667
15.033333
6.433333
10.0
20.266667
5.1
10.033333
20.2
10.1
30.3
15.4
12.866667
5.0
20.0
15.133333
141.233333
118.033333
5.033333
20.7
10.033333
10.4
5.033333
5.066667
20.033333
5.0
5.1
5.0
25.1
5.1
15.0
25.533333
20.0
20.0
30.133333
15.1
5.066667
10.133333
22.1
10.066667
20.266667
30.066667
15.0
5.066667
5.066667
5.0
10.166667
15.133333
10.066667
20.033333
15.066667
26.133333
25.066667
5.0
5.133333
5.033333
137.0
10.0
20.133333
10.0
20.0
20.066667
84.766667
10.033333
10.0
32.433333
27.1
152.2
5.1
20.033333
5.0
5.1
30.166667
42.8
274.033333
5.066667
20.3
20.0
5.0
5.066667
15.0
20.066667
10.166667
10.066667
15.066667
10.166667
25.2
10.133333
5.033333
15.2
558.366667
10.0
20.033333
5.133333
5.1
5.0
5.033333
12.233333
10.0
20.1
15.0
552.966667
10.066667
5.1
5.066667
10.9
11.3
146.966667
5.0
5.0
20.066667
5.033333
5.033333
25.0
15.1
15.066667
5.0
15.1
10.0
5.1
5.1
5.133333
15.0
20.066667
5.0
20.133333
5.133333
5.066667
5.133333
20.066667
417.166667
5.1
20.066667
568.133333
5.033333
26.766667
128.666667
10.2
12.0
142.066667
5.1
15.066667
20.0
20.066667
20.0
5.066667
5.0
5.066667
5.0
5.033333
11.733333
10.0
548.333333
5.133333
10.0
10.066667
10.166667
10.0
10.066667
563.333333
10.066667
20.133333
5.0
20.066667
25.033333
12.066667
5.033333
20.0
21.7
97.233333
5.0
10.0
14.166667
237.766667
103.9
5.766667
273.966667
102.3
15.3
6.233333
84.466667
15.066667
10.066667
15.0
15.133333
5.066667
25.0
10.066667
5.1
5.0
32.966667
5.1
5.0
10.133333
15.0
10.1
5.1
22.433333
15.133333
5.0
15.0
20.066667
10.133333
148.966667
15.066667
5.066667
20.0
20.133333
6.566667
7.366667
15.0
5.133333
20.066667
10.0
5.1
60.333333
5.133333
5.866667
15.033333
10.133333
5.033333
10.0
152.033333
10.2
147.066667
10.066667
23.333333
211.433333
261.833333
20.166667
25.133333
20.033333
5.1
7.9
10.033333
10.166667
5.0
25.066667
5.0
11.066667
30.033333
10.066667
15.0
15.0
25.066667
15.1
10.0
16.1
5.1
10.1
5.066667
5.0
5.066667
5.066667
5.033333
27.8
11.1
5.066667
15.033333
5.0
7.1
137.0
10.166667
68.733333
104.533333
5.033333
136.933333
10.133333
162.133333
15.766667
6.833333
15.0
136.966667
15.033333
25.166667
15.1
147.166667
20.1
5.033333
139.866667
10.133333
5.1
100.5
15.033333
553.166667
15.1
5.166667
15.0
25.033333
5.0
30.0
5.0
5.0
268.4
157.033333
5.0
20.066667
10.0
10.066667
15.066667
5.0
5.1
10.0
15.1
152.033333
10.0
5.0
10.1
25.0
5.033333
10.033333
15.033333
140.066667
152.066667
80.766667
278.833333
5.0
10.033333
5.066667
5.0
5.033333
5.066667
58.433333
627.766667
564.566667
10.133333
10.166667
10.066667
5.066667
15.033333
137.066667
20.066667
25.066667
15.2
13.2
10.0
5.0
5.066667
5.066667
10.133333
10.0
5.133333
6.666667
147.033333
15.0
20.0
20.0
15.066667
20.033333
20.1
131.033333
5.1
5.133333
50.9
26.233333
147.1
5.033333
16.4
15.033333
5.0
142.0
10.066667
10.0
15.0
15.1
15.033333
10.0
16.766667
30.1
26.766667
5.0
5.1
20.0
10.0
5.1
5.1
20.133333
15.233333
15.033333
20.033333
274.2
10.033333
5.033333
31.033333
5.033333
563.166667
563.466667
5.066667
5.066667
10.033333
10.166667
20.033333
10.133333
5.2
5.066667
15.033333
15.066667
10.0
10.033333
15.066667
10.033333
15.133333
15.0
11.566667
20.0
5.033333
15.033333
5.033333
10.033333
20.1
5.033333
210.8
5.066667
10.133333
25.233333
5.066667
10.033333
5.066667
20.066667
20.066667
15.166667
5.233333
20.1
15.066667
10.033333
5.0
20.1
5.0
24.133333
5.033333
5.066667
5.133333
5.1
10.033333
15.066667
5.033333
10.033333
10.0
19.1
5.033333
43.333333
98.1
5.066667
20.033333
137.1
30.366667
15.0
20.033333
10.1
15.166667
5.066667
15.166667
5.033333
30.0
5.0
5.033333
5.0
5.066667
5.033333
5.066667
10.133333
10.0
16.033333
30.066667
20.066667
25.166667
10.0
10.0
20.0
5.0
21.3
15.033333
10.0
15.833333
10.0
5.133333
63.733333
10.133333
548.166667
20.066667
20.1
15.066667
15.0
533.033333
5.033333
30.0
20.133333
10.066667
553.966667
7.8
15.0
10.033333
20.033333
10.1
7.5
9.466667
147.033333
5.066667
5.033333
152.033333
5.066667
5.066667
10.1
15.0
10.0
5.0
35.666667
20.066667
10.166667
5.033333
15.033333
5.0
109.566667
20.033333
15.1
141.966667
10.033333
10.0
147.066667
10.033333
14.1
10.066667
15.1
15.0
5.0
5.0
136.966667
10.0
16.566667
5.066667
5.0
15.133333
15.066667
177.8
10.1
10.033333
5.1
20.0
5.1
25.033333
10.066667
28.166667
5.033333
141.966667
16.8
8.3
13.933333
15.0
20.2
15.033333
5.066667
10.033333
10.066667
10.033333
5.0
5.0
15.066667
5.166667
5.0
30.3
6.5
5.0
48.333333
10.1
30.066667
10.133333
147.033333
5.1
137.0
10.133333
5.033333
147.0
151.933333
33.866667
137.066667
25.066667
15.0
10.0
15.0
5.0
10.033333
5.066667
25.166667
5.033333
5.0
5.0
5.1
568.166667
15.2
15.0
15.066667
15.133333
15.0
5.1
5.1
5.033333
5.066667
42.866667
5.033333
20.1
20.066667
20.033333
5.1
5.0
5.033333
5.1
20.033333
20.0
5.033333
5.0
25.0
10.0
10.066667
20.0
15.033333
25.133333
20.1
20.0
22.166667
662.266667
10.0
15.033333
5.066667
15.333333
10.0
5.066667
21.766667
15.0
22.8
151.9
171.166667
5.0
10.0
5.033333
13.766667
142.0
156.966667
142.1
10.0
10.1
10.133333
9.333333
20.0
15.166667
136.766667
21.8
25.233333
5.066667
32.7
5.033333
5.0
5.066667
15.066667
5.0
19.6
10.0
6.0
66.333333
82.466667
142.033333
5.1
20.0
30.0
33.166667
5.1
131.566667
20.1
20.133333
23.366667
37.033333
11.233333
64.6
20.0
15.2
5.1
5.033333
5.0
15.133333
39.433333
5.133333
20.0
10.0
15.066667
33.466667
5.033333
10.0
10.0
5.0
66.9
144.966667
11.933333
10.033333
5.066667
5.1
10.1
274.1
15.166667
218.766667
10.1
320.7
20.033333
5.066667
15.633333
15.1
20.066667
10.066667
10.133333
5.033333
10.033333
15.0
20.166667
5.0
20.033333
10.033333
21.2
10.0
141.766667
15.066667
10.033333
5.066667
142.0
23.4
142.066667
10.0
10.066667
10.066667
25.1
157.033333
5.066667
20.0
142.066667
64.8
142.033333
5.2
141.866667
5.033333
127.9
5.1
5.0
142.0
146.866667
73.033333
5.033333
5.0
5.0
369.966667
25.066667
25.0
10.066667
5.1
15.166667
5.0
15.0
5.0
22.066667
10.0
10.0
10.0
5.033333
10.066667
10.0
15.0
8.266667
20.0
5.066667
15.166667
137.066667
25.733333
5.033333
15.033333
5.0
5.1
157.066667
10.133333
5.166667
162.033333
15.133333
15.1
5.1
15.1
18.766667
10.0
5.133333
553.266667
10.033333
20.133333
11.766667
6.866667
6.266667
43.4
146.966667
5.0
15.1
10.1
36.633333
25.033333
147.066667
152.166667
5.1
5.066667
183.033333
5.066667
119.6
154.8
65.166667
15.133333
21.1
15.033333
5.0
5.0
5.033333
10.666667
20.0
10.0
10.033333
10.0
5.033333
10.033333
9.766667
5.033333
30.033333
15.0
15.133333
10.0
10.133333
10.033333
10.1
25.166667
5.0
5.066667
5.033333
5.1
16.333333
5.2
15.1
15.433333
20.066667
5.033333
10.066667
5.033333
10.066667
5.033333
5.0
15.033333
5.0
20.066667
15.0
10.066667
5.0
31.366667
104.5
10.133333
10.133333
5.2
5.0
20.033333
10.066667
15.1
5.133333
5.0
5.0
5.0
20.0
20.0
217.6
15.0
10.0
10.033333
10.233333
142.1
5.166667
10.0
20.033333
15.066667
5.0
20.1
10.066667
20.033333
25.133333
10.066667
10.033333
5.0
5.066667
15.066667
30.033333
20.033333
10.0
10.1
10.1
5.0
20.133333
10.0
10.066667
5.0
5.1
15.0
15.133333
20.166667
31.133333
5.033333
5.033333
5.0
5.0
5.033333
15.1
10.0
30.133333
5.066667
30.1
17.366667
10.0
14.966667
20.2
20.066667
113.4
5.133333
18.8
10.0
10.0
10.066667
10.0
5.033333
35.7
147.0
20.0
10.066667
21.0
10.133333
146.933333
147.033333
137.1
10.066667
193.433333
136.866667
30.0
15.0
10.033333
492.366667
553.266667
20.233333
5.033333
15.033333
6.6
15.133333
55.1
5.0
20.033333
15.1
5.066667
15.166667
20.1
22.933333
5.0
5.066667
27.033333
77.566667
5.033333
20.0
137.0
142.033333
10.0
161.766667
111.5
15.166667
20.166667
5.033333
15.133333
5.033333
141.9
147.166667
28.8
5.033333
5.166667
25.266667
5.033333
5.0
88.666667
5.0
66.966667
15.1
86.2
15.066667
20.133333
28.266667
152.233333
146.033333
137.033333
5.1
5.066667
15.1
15.066667
26.3
5.0
5.1
17.066667
36.233333
13.566667
162.0
5.066667
5.066667
15.033333
10.133333
10.0
10.066667
15.133333
10.033333
5.0
15.0
15.0
25.066667
5.033333
25.133333
16.6
13.2
98.2
15.1
5.033333
15.1
152.0
15.1
5.0
5.1
10.1
5.0
5.066667
5.0
15.033333
10.0
10.2
5.0
35.033333
5.033333
10.166667
15.0
10.033333
15.066667
20.0
5.033333
5.1
30.1
5.033333
10.033333
5.066667
15.033333
152.1
30.033333
15.0
20.033333
15.1
30.433333
10.0
152.1
5.066667
10.133333
15.033333
15.066667
73.633333
11.1
5.033333
5.066667
20.133333
15.0
10.166667
9.466667
5.066667
5.133333
5.0
20.266667
10.0
15.0
20.033333
5.0
15.1
30.033333
32.2
133.633333
152.533333
5.166667
11.466667
5.0
10.1
208.233333
10.066667
182.833333
175.733333
5.0
86.2
15.066667
294.033333
5.033333
10.0
15.166667
15.0
283.933333
5.0
30.133333
142.033333
568.266667
284.066667
15.1
30.1
171.066667
15.033333
261.366667
16.566667
5.066667
5.0
5.033333
10.033333
20.166667
64.733333
13.766667
141.966667
30.033333
5.1
5.0
5.0
152.133333
15.133333
16.333333
5.0
142.5
5.1
15.066667
10.6
541.933333
136.933333
5.166667
20.066667
5.066667
5.1
27.966667
5.0
15.1
5.1
26.266667
5.033333
10.0
10.0
120.6
5.1
10.1
5.033333
30.266667
23.566667
15.133333
10.066667
5.2
5.033333
15.033333
15.133333
5.033333
10.033333
15.066667
15.033333
20.166667
10.0
14.633333
566.666667
20.066667
15.0
5.0
157.533333
15.166667
5.133333
21.4
20.066667
5.033333
25.233333
21.233333
15.366667
20.066667
128.366667
10.133333
5.033333
5.0
151.933333
5.066667
20.033333
5.1
15.133333
10.1
20.1
5.733333
353.066667
5.0
15.1
21.3
5.066667
5.0
5.033333
10.033333
15.266667
20.033333
15.0
15.066667
15.1
5.033333
5.1
109.133333
5.033333
5.066667
5.066667
278.933333
5.033333
142.033333
142.033333
5.1
5.033333
5.133333
282.5
5.033333
20.0
141.933333
10.033333
10.066667
20.266667
152.0
5.0
25.066667
15.1
5.0
10.033333
20.2
5.0
5.033333
15.033333
20.066667
5.0
20.066667
5.0
10.033333
10.0
16.433333
5.033333
10.0
5.0
5.033333
20.233333
5.033333
10.033333
21.233333
15.0
5.0
5.0
20.0
20.1
5.0
146.7
15.033333
10.133333
121.333333
25.1
10.1
20.133333
61.0
152.033333
10.1
10.066667
229.0
25.1
10.0
10.033333
137.166667
156.3
362.3
5.033333
278.966667
5.066667
5.066667
20.233333
6.933333
284.033333
639.266667
5.133333
15.2
5.0
5.033333
15.133333
5.133333
10.066667
10.0
5.033333
30.2
5.0
20.133333
5.0
10.2
30.0
15.0
15.133333
15.066667
5.1
10.1
5.0
5.033333
5.066667
10.0
25.1
153.8
10.0
15.066667
147.033333
5.1
131.8
5.033333
147.1
15.033333
10.1
10.033333
10.0
5.0
5.033333
5.033333
5.0
20.133333
15.133333
116.566667
19.533333
5.033333
5.0
141.966667
15.033333
10.033333
15.066667
10.066667
25.0
20.066667
15.066667
5.0
10.133333
20.1
20.033333
25.2
10.066667
5.066667
5.033333
92.8
130.033333
5.033333
146.933333
10.1
5.033333
5.0
279.033333
20.0
5.1
5.033333
10.033333
5.066667
139.466667
5.033333
20.0
20.1
5.066667
20.033333
5.066667
10.033333
10.066667
10.0
31.966667
142.2
156.966667
20.133333
15.0
16.133333
10.033333
5.033333
5.033333
10.133333
5.033333
20.0
20.2
25.133333
5.033333
10.066667
13.066667
5.0
10.0
32.833333
5.033333
10.033333
15.2
10.0
15.033333
5.033333
15.066667
5.0
10.0
30.0
10.066667
15.066667
5.033333
10.066667
5.0
5.0
11.766667
5.166667
10.133333
15.2
5.033333
5.1
5.033333
123.433333
147.833333
15.166667
151.533333
10.166667
5.066667
20.1
104.7
15.033333
27.733333
5.0
12.5
83.6
20.0
15.1
5.133333
15.0
15.0
5.2
30.133333
208.033333
15.033333
5.1
25.0
5.066667
15.233333
10.2
5.066667
20.133333
5.133333
5.1
10.133333
15.133333
5.133333
20.033333
22.533333
5.066667
15.066667
20.033333
5.0
5.133333
6.166667
5.033333
5.066667
15.133333
25.1
147.0
25.2
5.033333
15.033333
20.266667
123.766667
5.066667
41.9
5.2
114.933333
122.333333
5.033333
25.1
55.966667
68.233333
10.0
15.033333
145.833333
15.2
15.1
136.966667
20.2
5.066667
15.033333
10.1
142.1
10.133333
21.333333
5.1
10.0
30.066667
5.166667
10.1
5.1
10.0
5.033333
5.1
10.1
5.0
5.1
15.233333
15.066667
15.033333
15.0
10.133333
15.0
5.066667
26.5
20.033333
25.166667
6.066667
5.0
15.233333
40.6
10.066667
147.2
5.033333
10.666667
278.766667
5.033333
20.0
20.133333
5.0
15.1
20.2
20.033333
10.0
15.066667
5.1
20.066667
25.033333
11.233333
23.933333
15.0
10.0
278.0
10.1
5.0
10.033333
10.133333
15.0
10.033333
5.066667
264.466667
25.1
10.233333
10.133333
15.0
20.166667
5.033333
15.1
10.033333
5.133333
30.833333
134.3
10.133333
15.066667
162.0
10.033333
5.0
20.2
5.066667
222.166667
25.166667
10.066667
15.066667
10.166667
5.1
10.033333
5.2
10.2
10.066667
5.066667
20.066667
15.166667
25.133333
25.2
5.033333
5.033333
10.033333
11.7
35.866667
17.033333
15.033333
179.3
10.066667
5.066667
5.0
15.1
15.1
15.033333
15.033333
26.666667
15.0
5.066667
15.133333
5.1
10.166667
10.1
5.066667
10.066667
5.133333
15.066667
10.1
20.1
10.0
10.2
15.033333
13.233333
10.133333
6.666667
118.366667
157.0
5.066667
141.866667
15.1
143.266667
91.066667
160.866667
142.133333
269.833333
10.066667
15.133333
15.066667
20.033333
10.133333
20.0
10.133333
15.066667
5.033333
20.066667
15.066667
5.066667
5.0
15.2
15.0
55.566667
142.033333
20.066667
25.033333
142.1
5.0
20.133333
5.1
5.133333
6.6
6.5
15.133333
25.1
40.2
5.033333
15.2
548.166667
5.0
21.066667
5.0
417.633333
15.066667
10.033333
10.066667
5.033333
19.7
10.066667
7.333333
10.033333
25.066667
10.066667
20.1
50.666667
5.033333
20.0
21.633333
6.6
10.0
122.466667
5.066667
25.533333
10.1
15.033333
15.166667
15.033333
10.033333
5.0
5.033333
15.166667
10.0
5.066667
15.133333
20.133333
20.133333
66.066667
140.0
393.4
15.066667
20.033333
5.033333
10.0
5.0
41.433333
15.1
10.066667
15.033333
10.066667
5.0
10.066667
5.066667
20.1
10.033333
86.333333
137.066667
10.066667
20.1
10.266667
10.066667
10.033333
20.1
5.1
15.2
20.066667
20.2
5.033333
20.133333
20.133333
10.066667
8.7
15.0
20.0
68.566667
20.133333
16.733333
5.966667
10.0
15.066667
10.033333
5.4
5.0
10.066667
15.1
15.133333
20.066667
17.366667
10.033333
21.4
5.133333
15.1
5.0
15.166667
140.2
15.033333
20.033333
5.0
31.033333
5.0
10.0
5.166667
10.0
10.033333
5.066667
33.566667
10.0
15.133333
15.066667
13.566667
5.033333
20.033333
15.2
10.0
237.533333
5.033333
136.966667
5.2
30.166667
10.033333
20.033333
18.2
10.0
21.4
5.066667
15.0
10.033333
10.0
30.2
16.066667
10.033333
10.0
25.0
15.133333
5.133333
10.1
5.033333
5.066667
6.466667
137.033333
10.1
5.033333
8.766667
10.0
15.0
5.033333
15.066667
15.0
5.033333
10.0
15.033333
20.066667
5.0
145.5
5.033333
5.0
5.0
5.0
20.1
13.233333
10.1
29.433333
10.033333
25.2
25.1
5.0
10.1
5.066667
26.233333
10.033333
5.166667
89.566667
15.166667
10.066667
10.033333
25.0
137.033333
20.133333
5.066667
15.0
5.033333
20.0
5.133333
10.0
10.033333
20.033333
15.233333
5.033333
10.0
5.033333
25.033333
15.133333
15.066667
5.033333
5.033333
20.0
5.0
5.1
33.033333
10.166667
15.0
5.1
20.2
10.0
20.1
20.633333
5.0
20.066667
15.0
5.033333
125.5
10.033333
10.0
10.033333
20.233333
10.066667
5.033333
386.066667
5.033333
5.1
25.133333
30.0
5.0
10.066667
20.066667
15.133333
137.0
5.1
146.833333
157.0
5.1
20.2
10.1
5.066667
30.866667
46.433333
5.033333
239.666667
5.133333
20.066667
5.0
6.2
5.066667
5.033333
144.3
191.433333
810.233333
20.166667
274.033333
30.0
278.933333
5.066667
15.233333
20.1
10.133333
29.633333
15.1
134.1
20.133333
5.0
5.033333
25.0
10.133333
15.7
15.0
5.2
5.066667
10.066667
5.1
10.1
89.666667
25.166667
10.0
5.1
10.1
142.1
15.0
15.1
30.133333
274.0
10.133333
10.166667
10.2
11.466667
20.033333
5.1
137.066667
5.033333
10.1
15.1
10.0
5.0
5.033333
6.0
10.166667
10.2
137.0
10.066667
92.533333
15.066667
149.966667
152.733333
56.766667
10.0
137.033333
20.266667
10.0
10.066667
5.066667
25.033333
15.0
20.1
17.333333
5.0
10.133333
54.4
29.833333
5.066667
15.233333
20.066667
5.033333
15.033333
15.033333
24.5
22.366667
152.166667
25.0
5.233333
5.033333
142.066667
142.033333
5.033333
5.033333
152.1
10.566667
25.9
10.233333
5.033333
10.1
10.0
5.033333
5.166667
5.0
142.066667
7.033333
10.066667
20.033333
10.0
278.233333
136.866667
137.233333
137.133333
20.2
10.066667
147.066667
20.166667
5.033333
10.0
25.166667
30.033333
15.166667
10.066667
10.0
5.0
10.066667
5.033333
10.0
5.0
5.033333
106.166667
5.1
5.1
5.0
16.466667
20.033333
5.0
10.066667
5.033333
10.066667
5.0
10.066667
5.133333
5.033333
15.233333
20.0
5.1
10.0
25.0
15.0
539.7
5.066667
20.1
11.066667
16.066667
15.2
146.966667
5.0
5.0
14.966667
15.066667
10.033333
10.1
5.033333
10.133333
15.066667
25.1
15.133333
21.233333
282.5
20.233333
10.066667
15.2
5.0
5.0
99.966667
5.0
15.133333
10.0
15.033333
15.0
10.0
20.066667
15.0
10.0
10.166667
275.266667
5.1
5.133333
26.433333
68.833333
10.0
142.0
5.066667
5.066667
5.033333
5.033333
20.133333
134.066667
150.366667
144.7
15.0
15.0
5.433333
20.1
10.133333
19.233333
90.066667
20.133333
15.133333
15.033333
142.133333
5.133333
149.066667
5.033333
5.1
5.1
15.066667
10.1
23.9
5.0
15.066667
20.1
10.1
12.366667
65.0
15.0
15.033333
137.033333
157.233333
5.133333
5.1
146.966667
39.366667
77.3
274.066667
10.133333
5.066667
5.0
15.033333
30.2
5.0
5.0
25.033333
10.2
553.2
5.0
553.2
15.2
5.0
10.0
15.1
20.1
5.0
5.033333
25.266667
6.066667
5.0
5.933333
5.066667
10.033333
468.466667
6.3
5.0
15.0
5.233333
5.166667
5.066667
15.133333
5.0
10.0
5.133333
6.6
15.0
5.1
5.0
5.0
5.1
30.366667
103.066667
20.033333
5.0
10.066667
10.066667
5.0
15.1
54.1
5.0
5.0
5.133333
30.4
5.0
25.1
137.033333
5.066667
15.2
10.066667
5.0
5.0
10.0
5.066667
5.033333
5.1
5.033333
5.066667
15.0
5.0
5.066667
21.533333
20.1
20.166667
6.566667
56.3
15.0
80.533333
25.133333
15.166667
20.133333
15.0
20.2
38.533333
10.1
5.0
10.066667
20.033333
20.033333
15.0
39.233333
5.066667
20.0
5.166667
5.033333
15.0
10.0
15.033333
15.0
21.133333
10.0
20.066667
5.033333
5.033333
10.0
15.2
5.0
15.133333
5.066667
5.0
20.133333
5.033333
5.0
5.1
46.566667
5.0
5.033333
104.7
20.033333
5.033333
5.033333
25.033333
20.1
5.033333
5.0
15.1
5.0
10.0
14.4
5.033333
26.366667
10.0
152.033333
20.133333
298.2
10.3
152.133333
90.533333
291.066667
5.033333
65.833333
5.0
45.433333
10.1
15.666667
5.033333
24.866667
136.966667
88.0
137.1
10.0
20.166667
22.1
15.133333
5.066667
15.166667
15.066667
15.0
20.1
23.366667
5.033333
13.966667
5.0
30.0
20.066667
108.3
20.0
118.133333
10.433333
5.0
20.133333
5.0
5.1
21.333333
5.066667
15.0
20.1
20.1
47.466667
20.033333
5.066667
11.233333
15.166667
10.133333
15.0
15.1
553.066667
553.3
15.233333
10.0
5.066667
10.0
25.1
20.1
20.166667
5.0
12.833333
129.566667
20.0
25.266667
5.0
10.033333
5.033333
15.1
253.333333
20.033333
91.9
15.033333
10.133333
10.133333
313.2
10.433333
151.933333
15.0
87.333333
10.133333
25.0
160.066667
5.0
5.0
62.1
15.2
10.033333
5.033333
20.033333
15.0
15.033333
15.233333
5.1
10.066667
15.0
10.033333
15.2
5.166667
602.566667
20.0
693.166667
21.466667
10.166667
137.166667
15.033333
11.1
16.333333
20.233333
38.8
5.066667
5.066667
10.066667
15.133333
5.066667
5.1
15.066667
27.133333
10.1
10.066667
563.266667
5.766667
54.533333
15.066667
15.0
20.033333
25.1
31.066667
20.2
10.066667
72.2
15.1
5.133333
15.066667
23.066667
5.066667
16.633333
141.966667
5.1
5.033333
5.033333
15.0
5.066667
76.5
128.2
141.966667
30.033333
24.4
20.0
10.1
20.066667
5.0
5.066667
20.233333
5.166667
20.033333
10.1
5.033333
15.1
25.166667
20.033333
5.133333
15.066667
5.1
5.1
15.1
503.966667
548.366667
15.166667
5.0
5.066667
15.0
15.133333
20.1
30.0
5.733333
48.766667
10.0
10.033333
15.066667
15.033333
142.066667
20.033333
10.033333
15.066667
5.033333
10.233333
20.0
10.033333
5.0
20.066667
5.1
10.066667
17.633333
5.0
25.066667
10.0
10.033333
20.0
5.0
5.1
10.0
178.2
69.866667
5.066667
5.033333
15.033333
10.033333
10.1
20.066667
20.1
5.6
24.9
25.066667
25.233333
5.066667
91.0
10.033333
10.066667
5.066667
7.5
5.1
18.2
10.0
20.033333
10.1
26.233333
142.066667
142.0
152.033333
278.8
10.266667
5.0
10.133333
15.033333
15.2
5.066667
25.066667
15.233333
15.233333
10.0
58.7
33.433333
30.066667
152.033333
15.033333
157.066667
5.033333
5.0
5.1
5.0
5.033333
5.1
24.466667
10.1
5.066667
20.033333
15.033333
20.233333
5.166667
10.0
5.0
568.133333
10.033333
10.033333
146.966667
10.3
158.566667
15.1
5.066667
20.1
15.2
5.0
20.066667
255.533333
20.066667
5.066667
10.033333
142.133333
10.0
273.9
28.533333
11.4
15.1
20.133333
15.033333
548.333333
15.066667
157.066667
106.666667
15.1
5.1
20.0
5.0
25.1
15.066667
9.2
5.0
5.1
10.1
137.033333
25.166667
20.066667
27.366667
20.1
5.066667
137.0
33.066667
131.0
147.633333
695.133333
5.0
553.2
274.066667
274.1
15.2
21.533333
5.0
142.333333
10.0
15.0
23.666667
10.0
20.166667
34.4
254.7
5.033333
5.0
5.1
20.066667
553.4
20.133333
10.0
24.866667
5.033333
25.033333
20.4
5.066667
10.0
5.066667
10.0
10.2
89.3
10.066667
36.366667
553.2
5.0
137.066667
5.1
147.1
5.066667
10.0
5.066667
10.033333
5.033333
10.1
5.066667
10.066667
15.0
5.0
10.066667
5.1
5.0
15.033333
10.7
20.233333
17.066667
15.3
548.133333
5.033333
15.1
5.033333
135.633333
25.0
10.166667
10.133333
6.3
172.8
26.7
5.066667
5.0
20.066667
131.3
10.066667
15.0
10.166667
137.0
20.166667
22.8
273.933333
20.066667
10.033333
20.0
10.033333
89.933333
25.1
15.1
10.033333
10.066667
5.166667
10.066667
6.033333
72.6
5.033333
15.0
142.133333
10.0
22.233333
142.0
154.233333
20.0
23.766667
17.2
5.033333
20.1
20.066667
151.933333
25.1
78.566667
5.066667
10.066667
15.166667
10.066667
25.2
15.066667
5.166667
15.133333
5.0
5.0
6.4
135.666667
137.166667
10.0
20.133333
141.966667
10.0
5.0
21.6
15.066667
97.8
5.033333
20.0
15.033333
67.766667
5.0
15.033333
13.0
10.066667
87.333333
15.0
147.1
5.033333
5.1
142.1
142.033333
16.5
152.0
10.1
20.1
137.066667
20.0
15.0
147.033333
10.1
20.0
15.0
5.033333
151.933333
5.033333
10.066667
10.133333
142.0
5.066667
20.066667
10.333333
20.1
15.0
10.133333
197.6
15.066667
5.166667
151.966667
10.066667
20.166667
20.166667
5.033333
16.2
5.0
10.133333
15.0
15.066667
13.466667
10.0
5.0
22.0
10.133333
15.0
10.133333
5.0
15.0
16.0
5.066667
15.0
10.1
5.033333
15.066667
10.0
32.633333
77.333333
5.0
5.0
20.1
5.0
5.133333
94.433333
31.233333
5.033333
5.033333
12.3
5.033333
15.2
15.1
21.833333
25.0
10.066667
20.2
10.0
25.0
5.0
5.0
5.066667
5.0
5.1
10.066667
5.133333
5.033333
5.0
15.0
5.0
10.0
20.066667
10.033333
15.1
20.166667
10.166667
25.433333
29.3
112.466667
5.0
5.033333
252.666667
10.0
147.033333
5.1
152.033333
15.0
15.0
10.066667
14.566667
20.0
137.066667
15.033333
10.066667
553.2
15.233333
5.033333
20.133333
6.466667
58.733333
8.266667
15.166667
25.166667
10.033333
147.033333
5.066667
142.033333
15.033333
5.0
10.0
20.533333
5.066667
20.1
15.2
5.033333
5.1
15.033333
15.0
5.1
5.0
10.033333
5.0
20.1
25.033333
22.9
5.033333
20.2
5.066667
5.066667
20.033333
5.0
10.2
5.0
10.1
15.1
5.133333
87.633333
39.333333
5.066667
10.1
20.066667
20.0
10.0
20.033333
11.533333
16.5
5.0
20.166667
5.0
10.2
11.533333
10.1
10.1
21.1
5.0
5.066667
5.0
20.266667
25.133333
5.033333
105.633333
10.033333
15.166667
5.133333
25.133333
15.1
10.166667
147.1
5.033333
11.166667
141.966667
10.0
5.033333
10.1
10.0
10.0
20.133333
10.1
5.033333
5.0
20.233333
5.1
10.1
5.0
15.133333
15.0
10.033333
5.0
15.2
10.1
20.166667
15.0
10.0
5.1
5.0
15.2
15.066667
10.166667
10.1
10.0
15.133333
210.066667
15.1
5.0
20.266667
5.066667
5.033333
10.066667
25.1
29.066667
20.0
125.066667
5.033333
147.133333
5.1
6.866667
273.933333
10.033333
23.066667
142.0
20.0
10.266667
10.0
15.0
563.466667
40.933333
57.6
10.0
5.033333
64.9
5.1
16.8
20.033333
15.1
15.033333
5.133333
26.066667
5.033333
15.033333
24.066667
5.033333
5.133333
20.2
5.0
10.133333
5.166667
10.033333
5.033333
5.1
5.033333
5.0
15.1
5.133333
563.166667
20.0
5.033333
5.1
10.033333
15.033333
5.033333
10.0
12.1
20.033333
5.066667
5.033333
138.166667
15.066667
15.066667
142.133333
15.033333
152.066667
130.1
25.066667
28.6
15.0
20.166667
15.1
5.033333
20.133333
147.066667
5.1
10.766667
5.066667
20.0
48.166667
15.0
25.2
15.1
10.133333
10.966667
10.066667
5.0
20.133333
5.066667
5.0
5.0
15.033333
10.033333
5.066667
5.1
39.733333
15.0
10.0
147.166667
10.033333
10.1
5.0
5.1
5.066667
255.333333
5.033333
14.5
5.0
20.066667
15.0
20.066667
452.8
20.033333
15.0
10.1
5.1
20.066667
67.3
10.233333
15.0
5.033333
15.066667
10.2
531.9
20.133333
16.233333
10.1
30.1
15.1
30.133333
5.0
15.0
10.0
15.166667
5.1
5.0
5.066667
10.266667
5.033333
20.033333
5.066667
15.033333
10.133333
10.0
10.0
5.0
50.766667
20.166667
10.033333
5.1
10.133333
20.0
25.066667
10.066667
15.066667
15.0
25.1
21.566667
17.8
20.0
5.466667
15.033333
20.066667
15.133333
5.033333
20.033333
20.066667
155.533333
10.0
15.0
15.033333
15.2
15.066667
5.1
5.0
6.2
10.033333
5.066667
20.0
24.366667
5.033333
15.1
20.133333
5.0
21.366667
10.066667
10.3
15.033333
10.166667
6.733333
5.0
5.0
5.0
25.133333
5.033333
10.066667
20.133333
10.0
10.133333
15.066667
553.233333
10.1
25.066667
5.033333
553.3
7.533333
5.066667
101.3
15.066667
5.033333
72.8
25.133333
10.1
104.366667
15.1
137.033333
151.933333
147.133333
6.233333
10.033333
36.566667
15.166667
10.133333
137.033333
10.1
159.033333
5.033333
284.133333
282.566667
20.033333
5.033333
283.966667
10.133333
15.133333
11.533333
5.066667
5.233333
5.066667
10.133333
5.0
15.0
15.033333
10.0
5.1
10.066667
10.0
5.066667
20.033333
20.066667
26.533333
15.066667
10.0
141.9
142.4
5.033333
142.0
142.066667
20.233333
147.066667
141.966667
5.0
5.1
20.033333
20.033333
20.0
10.033333
10.033333
20.133333
15.133333
5.0
10.2
5.0
15.066667
5.1
15.066667
25.8
15.133333
25.166667
5.066667
5.033333
5.1
10.033333
11.566667
16.633333
159.133333
10.0
5.0
15.266667
20.1
20.0
5.033333
15.133333
20.066667
10.233333
136.9
20.3
133.766667
15.033333
25.0
20.1
22.2
5.033333
15.0
10.0
10.033333
5.1
5.0
10.433333
148.666667
187.333333
10.0
15.166667
25.133333
5.033333
10.066667
20.033333
125.466667
5.033333
21.933333
142.0
5.133333
5.033333
15.166667
142.133333
5.066667
18.333333
147.033333
432.866667
10.033333
10.0
15.0
35.333333
15.133333
10.033333
5.033333
10.0
20.066667
11.7
137.1
20.2
28.033333
5.033333
5.033333
247.366667
15.166667
538.433333
147.033333
5.0
146.966667
165.066667
250.166667
10.1
20.2
260.266667
10.0
5.066667
5.066667
18.866667
148.066667
5.0
18.7
285.666667
5.033333
10.166667
5.1
5.033333
5.066667
5.0
15.033333
5.033333
5.066667
20.166667
15.066667
10.0
10.166667
10.0
10.0
29.966667
5.1
25.133333
5.066667
5.1
15.066667
20.066667
10.066667
20.066667
10.033333
99.433333
5.033333
15.166667
5.0
21.533333
5.033333
10.2
153.233333
5.033333
685.3
5.033333
5.1
15.966667
16.333333
15.033333
153.866667
89.6
5.033333
137.0
284.133333
26.366667
141.866667
136.9
15.133333
142.033333
5.0
10.066667
147.166667
11.9
16.9
20.066667
170.3
5.066667
110.666667
20.066667
15.0
5.0
5.0
5.033333
15.0
15.066667
9.6
10.066667
152.033333
20.133333
152.066667
10.0
5.1
20.066667
122.233333
5.0
135.8
20.133333
10.066667
5.166667
5.133333
5.066667
556.233333
5.1
553.1
5.0
5.133333
15.133333
10.0
15.066667
15.066667
5.0
27.633333
15.0
20.1
20.0
5.033333
10.033333
10.033333
20.1
38.0
20.033333
10.0
15.1
10.0
10.0
25.1
5.033333
17.0
10.066667
5.066667
10.0
22.166667
10.066667
141.866667
17.233333
5.0
147.166667
5.166667
5.066667
10.133333
10.533333
134.5
10.066667
15.066667
145.566667
137.0
142.1
5.066667
5.033333
7.2
5.0
5.066667
10.033333
10.2
5.033333
25.0
132.266667
20.0
5.033333
578.066667
10.0
20.033333
5.033333
5.1
5.0
5.133333
632.733333
9.566667
5.0
5.0
15.233333
14.033333
15.0
20.2
10.166667
26.6
22.466667
20.0
8.7
15.066667
20.066667
15.0
15.1
28.3
5.166667
695.133333
5.033333
129.066667
5.0
25.0
136.533333
15.8
20.066667
10.133333
5.033333
32.6
21.566667
5.0
123.766667
5.0
5.0
5.0
5.0
10.066667
10.2
10.066667
5.133333
99.933333
18.233333
5.1
15.033333
10.1
20.0
11.566667
11.6
10.033333
21.533333
25.066667
83.366667
147.0
142.033333
5.033333
5.1
15.2
5.066667
20.0
19.3
5.033333
86.2
5.0
5.1
20.133333
15.2
5.066667
15.066667
10.1
27.0
100.233333
20.266667
180.6
20.1
5.066667
20.033333
15.2
20.166667
25.166667
12.033333
142.066667
5.066667
20.033333
10.0
22.3
147.066667
137.033333
20.1
10.0
10.1
152.133333
27.166667
5.0
152.1
10.033333
10.1
137.066667
5.033333
5.033333
20.033333
47.266667
10.1
10.133333
16.333333
10.0
5.1
273.966667
5.0
10.1
15.066667
5.066667
10.0
10.1
5.0
10.033333
155.666667
5.1
142.0
20.0
5.133333
5.0
10.133333
30.833333
5.0
20.033333
11.266667
5.1
20.0
10.0
20.066667
5.0
123.566667
163.166667
19.333333
10.066667
10.033333
5.0
127.033333
152.1
146.933333
5.233333
15.0
5.0
5.166667
20.2
15.0
5.9
5.033333
25.133333
21.5
47.4
5.066667
5.0
137.033333
20.033333
10.0
5.0
150.266667
20.066667
15.333333
5.033333
5.133333
5.833333
10.0
5.066667
5.133333
5.066667
15.066667
20.0
20.1
10.033333
20.1
30.166667
5.166667
10.0
15.0
5.033333
138.233333
5.066667
5.033333
5.033333
15.0
8.666667
5.0
20.2
68.8
10.0
21.166667
61.766667
15.0
15.033333
30.066667
5.066667
5.0
69.333333
32.0
5.1
23.766667
5.0
15.033333
20.1
19.733333
5.1
15.1
10.066667
15.133333
15.033333
5.033333
78.933333
137.0
20.033333
10.133333
5.033333
5.266667
5.033333
69.033333
6.1
5.133333
20.033333
10.033333
20.0
20.133333
5.0
10.9
15.066667
5.033333
116.566667
5.1
20.033333
15.033333
15.066667
15.0
5.033333
46.8
5.166667
107.866667
483.433333
18.0
20.2
20.1
6.1
15.0
5.033333
15.133333
5.166667
25.2
10.0
5.066667
30.566667
6.6
10.0
279.0
20.1
14.0
162.066667
8.333333
20.066667
15.0
22.733333
5.0
10.066667
100.566667
10.033333
5.033333
15.166667
5.0
5.066667
5.033333
30.066667
15.0
10.0
15.066667
15.033333
26.833333
5.033333
553.066667
15.166667
30.1
5.066667
5.033333
5.166667
10.0
548.366667
6.2
5.066667
5.0
10.0
10.0
142.1
10.033333
26.833333
5.133333
136.933333
5.1
25.066667
10.133333
6.766667
6.6
5.0
25.0
10.133333
18.233333
25.066667
146.833333
5.0
15.0
5.0
5.133333
10.133333
10.2
10.033333
553.2
5.0
10.4
20.166667
5.133333
10.266667
20.033333
5.2
558.166667
15.066667
5.0
15.166667
35.666667
15.0
10.2
10.0
10.2
20.066667
10.066667
20.0
5.0
15.0
10.0
11.266667
152.6
140.633333
5.033333
15.1
5.033333
20.1
5.033333
15.066667
5.0
20.066667
10.0
15.033333
31.966667
5.033333
274.0
25.033333
10.0
11.2
258.7
5.0
146.933333
15.133333
15.033333
5.0
563.2
5.033333
25.066667
5.566667
17.666667
10.0
137.0
141.766667
15.0
15.1
5.1
53.4
142.233333
15.233333
10.0
27.133333
15.133333
10.033333
5.0
43.7
242.1
10.066667
15.033333
15.033333
30.7
6.4
21.166667
25.0
53.666667
137.1
5.033333
15.133333
151.933333
5.033333
15.033333
18.8
15.0
67.0
5.0
5.133333
20.1
5.033333
29.766667
5.066667
148.133333
5.066667
5.033333
5.033333
20.0
5.0
5.0
20.033333
5.0
5.0
5.033333
15.1
5.033333
15.0
5.0
15.166667
15.033333
10.1
15.133333
5.133333
11.466667
20.0
14.0
15.066667
10.033333
10.166667
5.0
20.0
10.066667
15.033333
11.033333
6.1
6.033333
6.2
20.0
142.0
18.133333
15.033333
16.833333
10.166667
15.033333
26.6
10.1
10.066667
72.833333
5.0
5.1
553.333333
5.033333
548.233333
15.266667
5.033333
24.5
10.0
20.0
10.033333
20.1
15.066667
5.033333
553.266667
15.1
20.0
5.1
10.1
147.0
15.066667
5.1
283.933333
147.1
20.166667
15.0
22.7
10.066667
5.033333
131.9
15.033333
142.0
5.0
5.066667
5.066667
10.1
20.133333
20.033333
6.333333
5.033333
60.533333
5.033333
10.2
10.1
6.5
65.866667
99.033333
5.1
136.866667
152.133333
20.033333
5.033333
5.1
15.1
5.066667
147.166667
5.066667
136.833333
25.033333
15.066667
22.433333
5.066667
5.033333
23.166667
5.0
5.1
8.333333
20.0
26.766667
10.066667
15.1
10.0
5.033333
65.466667
15.1
20.233333
5.033333
10.066667
10.066667
5.0
5.2
17.366667
86.4
25.2
5.1
15.0
10.033333
21.033333
10.066667
20.2
20.1
23.333333
5.0
10.0
10.166667
5.066667
25.1
20.133333
10.0
10.0
15.5
16.133333
15.133333
5.0
137.1
142.033333
20.566667
5.0
15.0
5.1
152.166667
19.333333
5.133333
137.066667
30.066667
137.133333
20.3
20.0
147.166667
5.033333
20.0
5.0
29.633333
137.033333
15.0
5.0
152.0
10.0
16.333333
15.0
20.066667
5.0
17.033333
15.133333
10.033333
20.133333
5.066667
15.033333
5.166667
137.0
5.0
272.366667
5.066667
147.0
5.0
5.033333
20.1
142.133333
289.1
273.7
137.1
283.866667
137.033333
5.033333
10.166667
137.0
10.0
137.0
10.0
136.8
10.0
15.0
155.6
5.066667
20.233333
10.066667
10.1
10.033333
26.366667
10.166667
5.0
15.0
136.833333
5.0
10.033333
58.733333
15.033333
5.133333
5.133333
66.266667
5.133333
41.533333
5.033333
121.733333
20.133333
5.133333
5.066667
14.766667
10.066667
30.633333
97.466667
5.033333
20.133333
115.6
151.966667
5.066667
10.033333
159.366667
15.2
10.0
15.066667
5.033333
5.0
5.0
15.066667
5.0
125.633333
5.033333
30.1
15.133333
5.033333
10.1
5.066667
15.033333
5.1
5.1
20.166667
5.033333
20.033333
5.0
5.066667
25.0
10.0
10.1
20.033333
10.133333
5.066667
16.0
15.1
93.7
137.033333
10.1
15.066667
5.033333
10.166667
15.0
10.166667
147.1
5.1
152.1
5.166667
5.033333
142.166667
20.066667
5.0
15.033333
152.1
147.033333
10.0
15.1
8.166667
15.033333
59.033333
141.966667
16.266667
20.2
10.066667
10.033333
5.166667
137.066667
5.066667
10.033333
20.033333
20.066667
279.066667
137.033333
20.1
5.0
21.4
5.1
18.333333
5.1
15.1
163.233333
5.0
21.366667
5.033333
10.0
10.0
5.133333
10.066667
25.166667
10.2
10.133333
15.033333
5.0
5.133333
5.2
20.033333
10.133333
20.033333
10.066667
20.033333
19.1
5.066667
162.033333
15.233333
10.0
10.0
10.166667
648.033333
278.8
20.033333
10.066667
15.133333
5.033333
20.066667
10.0
15.133333
21.0
5.033333
5.1
15.166667
5.133333
10.2
5.033333
10.0
5.033333
93.966667
10.133333
5.066667
5.0
10.033333
20.066667
137.1
15.066667
20.666667
10.0
10.133333
10.033333
548.033333
5.0
5.0
10.033333
5.0
20.233333
10.0
10.133333
5.033333
20.133333
20.0
15.266667
10.066667
20.0
33.666667
15.0
150.766667
16.966667
15.033333
20.066667
5.133333
30.733333
55.533333
15.0
149.4
147.0
284.166667
5.1
25.133333
152.033333
558.133333
10.133333
25.1
15.066667
152.1
236.933333
5.066667
30.033333
5.033333
15.7
20.233333
548.366667
5.033333
20.0
15.033333
20.066667
20.0
20.1
137.166667
10.133333
5.0
10.0
5.0
5.1
25.0
147.1
10.0
15.066667
5.1
5.0
5.0
11.466667
5.266667
15.033333
18.566667
15.033333
15.0
5.0
10.0
15.066667
5.0
11.166667
20.2
22.0
15.166667
10.133333
5.033333
5.0
5.0
15.066667
55.8
23.233333
5.066667
79.6
10.0
15.1
136.833333
14.266667
20.133333
73.733333
15.033333
20.233333
20.033333
10.133333
10.0
15.1
5.233333
5.033333
15.066667
5.066667
7.333333
5.033333
5.033333
157.1
137.066667
15.0
5.1
10.033333
10.2
20.1
8.233333
5.0
10.1
5.033333
15.133333
20.1
20.0
15.033333
10.033333
5.0
5.0
5.033333
20.133333
15.0
10.166667
20.166667
5.066667
66.066667
10.0
15.266667
5.033333
18.366667
10.066667
13.166667
30.533333
5.0
15.0
5.066667
15.033333
142.033333
10.033333
20.1
20.0
10.233333
5.033333
136.0
5.0
71.766667
76.766667
125.733333
5.066667
5.0
15.0
553.233333
146.966667
10.066667
277.766667
20.0
15.066667
15.0
16.1
274.1
142.066667
15.033333
206.4
10.033333
15.066667
142.066667
5.0
5.0
20.1
15.266667
5.166667
11.3
15.033333
11.933333
20.033333
5.033333
22.0
20.066667
10.0
274.0
10.2
5.033333
5.2
25.166667
154.8
10.266667
15.0
152.033333
151.966667
20.033333
5.033333
10.0
167.166667
137.033333
10.066667
5.066667
16.466667
15.133333
10.066667
15.233333
10.066667
50.966667
10.0
152.233333
186.633333
5.066667
152.233333
10.0
71.366667
5.1
20.033333
151.866667
15.0
5.133333
48.4
15.133333
150.9
10.066667
79.6
15.033333
90.033333
101.033333
83.333333
141.966667
10.2
25.9
5.066667
5.066667
5.066667
10.066667
10.0
5.066667
5.066667
5.033333
20.166667
20.066667
5.133333
5.0
15.233333
5.133333
20.133333
25.2
10.166667
25.1
15.066667
15.033333
10.033333
5.066667
5.066667
15.066667
5.0
148.666667
15.233333
5.033333
10.166667
15.033333
10.133333
20.133333
10.033333
31.266667
20.1
5.033333
5.0
10.033333
20.233333
5.0
25.166667
5.033333
5.033333
5.033333
20.133333
20.066667
15.133333
5.0
5.033333
80.933333
10.0
10.0
20.133333
11.433333
5.1
5.166667
20.0
10.033333
10.066667
10.0
35.833333
5.033333
14.366667
20.066667
10.066667
5.133333
15.033333
16.1
5.1
12.266667
10.066667
10.1
34.033333
20.033333
5.2
10.066667
10.0
10.066667
20.0
5.166667
5.033333
11.866667
5.033333
5.033333
5.0
25.033333
10.033333
568.3
5.0
5.033333
644.433333
11.766667
19.266667
71.0
15.1
20.833333
142.133333
20.0
15.0
15.033333
10.233333
10.1
20.133333
15.166667
15.0
157.4
5.0
5.033333
109.4
5.133333
153.0
5.1
345.366667
269.233333
137.066667
25.0
15.1
10.033333
48.366667
5.133333
5.033333
20.033333
25.1
5.233333
10.2
10.033333
15.033333
5.066667
15.1
20.166667
10.066667
30.066667
20.033333
5.0
5.133333
26.4
5.0
15.1
70.6
10.066667
553.4
13.366667
20.0
5.133333
18.866667
52.866667
20.1
15.166667
5.033333
5.2
5.333333
5.066667
20.133333
10.166667
5.0
102.633333
10.0
20.033333
10.033333
5.066667
5.066667
5.033333
10.0
10.133333
15.066667
5.066667
21.633333
37.7
136.233333
15.066667
15.133333
10.033333
5.0
5.066667
5.0
15.033333
20.033333
141.966667
16.933333
15.133333
10.033333
15.166667
25.0
5.0
26.233333
20.1
5.066667
24.2
5.066667
20.1
10.066667
137.066667
5.033333
152.1
5.0
15.166667
96.0
142.866667
14.133333
20.1
10.0
5.133333
5.066667
10.1
16.166667
10.066667
120.433333
5.033333
64.566667
553.2
5.133333
15.0
15.0
28.533333
15.2
6.533333
5.033333
5.1
5.033333
152.0
5.066667
20.066667
5.0
10.066667
5.066667
20.1
5.033333
152.0
10.0
5.066667
5.033333
25.166667
10.0
15.133333
15.0
10.033333
137.0
10.066667
5.033333
147.133333
15.066667
5.1
20.033333
119.5
14.966667
20.0
15.0
10.066667
155.566667
15.1
15.133333
5.1
20.066667
10.0
5.033333
20.066667
20.1
11.6
5.0
10.033333
10.166667
5.033333
10.1
20.266667
10.0
15.133333
15.066667
11.866667
15.1
5.0
10.033333
20.033333
10.033333
15.166667
34.766667
20.0
5.0
10.066667
181.266667
141.966667
5.0
136.966667
10.066667
572.0
15.0
5.0
30.066667
15.066667
5.033333
20.166667
15.1
5.033333
10.1
20.0
31.033333
147.033333
5.033333
5.0
152.033333
5.0
147.066667
5.133333
5.1
5.0
38.733333
15.066667
141.933333
15.1
15.133333
15.2
10.2
5.066667
20.066667
15.233333
10.166667
10.6
15.2
152.2
15.0
5.033333
30.2
152.033333
15.0
10.033333
31.033333
5.1
10.0
147.0
10.033333
10.133333
5.0
15.1
144.8
10.066667
43.733333
10.033333
5.033333
15.066667
112.333333
20.133333
143.9
5.066667
10.033333
10.066667
20.066667
15.066667
142.1
5.266667
149.333333
146.966667
152.033333
5.066667
142.133333
10.0
10.1
15.166667
20.066667
20.1
140.966667
168.533333
5.1
5.0
5.066667
25.133333
10.1
10.1
5.066667
10.1
137.033333
157.1
5.033333
20.066667
5.033333
10.033333
5.066667
20.1
25.033333
15.066667
5.033333
10.0
13.366667
5.966667
20.0
5.066667
137.033333
5.066667
5.0
134.366667
20.066667
20.066667
5.2
5.2
142.133333
25.0
5.066667
10.0
25.133333
5.1
23.5
15.033333
5.033333
10.933333
5.0
5.2
6.433333
5.0
8.833333
5.0
10.033333
20.1
16.5
6.266667
20.1
20.033333
20.2
21.433333
15.2
5.0
19.1
20.066667
5.033333
15.066667
15.066667
5.0
20.066667
10.033333
10.833333
20.233333
42.866667
5.066667
5.066667
10.166667
20.0
25.166667
5.033333
20.1
5.033333
10.066667
5.133333
10.033333
5.133333
15.066667
5.066667
15.0
15.0
5.0
5.033333
15.3
5.033333
5.033333
15.033333
5.0
21.5
5.133333
553.333333
10.1
11.5
15.0
5.1
5.1
5.033333
5.0
49.8
5.033333
15.133333
5.1
5.033333
5.066667
10.266667
21.566667
5.133333
10.066667
10.033333
20.033333
5.033333
20.1
20.033333
20.133333
10.033333
5.0
5.0
5.066667
5.066667
5.0
28.333333
86.8
15.1
5.1
15.0
20.1
10.033333
5.166667
5.1
5.0
20.0
15.066667
26.2
5.066667
37.533333
30.133333
25.166667
20.033333
137.1
142.066667
13.033333
10.0
97.433333
15.166667
20.0
16.633333
10.133333
217.566667
20.033333
20.0
5.066667
15.066667
5.066667
8.366667
5.066667
5.033333
15.2
20.0
90.566667
10.0
10.0
5.033333
10.9
20.0
152.066667
5.033333
5.066667
75.366667
20.0
10.033333
25.066667
20.266667
5.066667
10.033333
20.1
5.033333
24.533333
25.033333
10.033333
10.033333
15.0
15.0
553.166667
20.133333
10.066667
28.366667
25.1
5.133333
548.233333
10.1
10.166667
20.133333
30.066667
5.033333
5.033333
5.033333
5.066667
5.1
15.1
10.0
15.1
15.0
15.033333
20.033333
5.0
20.033333
20.233333
5.033333
20.066667
10.066667
15.033333
30.066667
5.033333
10.033333
15.033333
6.066667
32.9
16.766667
25.566667
10.1
25.033333
15.166667
10.1
151.966667
152.1
10.0
5.066667
25.0
23.7
5.0
5.0
67.233333
192.233333
10.166667
10.0
5.033333
15.066667
5.033333
10.0
6.566667
20.033333
25.033333
563.166667
20.0
563.133333
10.133333
88.633333
5.066667
10.066667
10.1
5.0
20.066667
10.033333
5.033333
5.066667
5.0
20.2
15.2
11.433333
19.833333
20.133333
15.0
202.766667
15.7
21.0
5.033333
5.066667
5.066667
10.066667
5.033333
5.0
5.066667
15.0
10.0
15.033333
15.133333
15.066667
10.033333
10.066667
25.066667
10.066667
5.0
15.0
5.033333
5.1
5.0
5.0
595.066667
10.0
5.1
5.033333
10.2
548.2
15.133333
10.1
15.066667
30.1
10.066667
15.0
15.0
15.1
5.0
10.0
5.0
10.066667
21.066667
5.033333
31.7
10.0
20.0
15.066667
20.066667
5.066667
10.533333
20.066667
15.0
15.0
5.066667
15.066667
20.233333
22.033333
5.133333
10.066667
16.433333
10.033333
20.2
15.0
21.566667
30.066667
5.1
5.0
5.1
20.033333
5.0
10.066667
15.266667
10.033333
10.1
5.0
10.166667
10.0
15.0
6.633333
141.8
27.1
15.0
15.0
136.933333
12.533333
10.166667
23.266667
5.033333
157.0
5.033333
10.066667
5.9
142.0
21.1
25.133333
5.033333
5.0
5.1
15.233333
15.033333
5.033333
152.1
5.0
154.266667
16.633333
531.166667
10.033333
295.733333
5.266667
20.2
5.0
5.0
5.0
5.0
10.0
10.1
5.066667
15.2
15.0
20.1
5.366667
26.4
10.166667
15.1
147.0
147.133333
137.033333
142.066667
10.166667
10.0
15.0
209.7
5.0
5.0
20.0
15.166667
5.033333
5.066667
15.0
5.033333
10.033333
20.133333
5.066667
5.0
15.0
253.233333
137.033333
284.066667
10.0
5.066667
25.0
24.133333
20.066667
15.0
15.0
146.933333
31.766667
20.066667
15.2
15.0
10.1
20.0
10.133333
10.133333
20.0
10.066667
25.1
5.0
5.1
10.1
79.8
5.0
10.066667
15.2
5.0
5.3
137.166667
5.033333
10.0
37.1
16.9
17.266667
5.1
10.033333
5.0
152.533333
165.033333
10.033333
147.1
15.1
10.1
10.066667
75.466667
5.066667
21.166667
5.0
20.133333
10.033333
5.033333
5.0
23.766667
30.4
5.066667
137.1
17.9
5.033333
10.066667
20.1
5.066667
10.066667
137.033333
21.233333
15.1
10.0
17.633333
10.0
15.033333
5.0
5.133333
10.133333
25.033333
16.4
15.066667
157.0
137.166667
20.033333
15.033333
152.066667
20.1
19.133333
15.1
61.233333
15.033333
695.266667
5.0
5.066667
59.733333
5.133333
14.1
68.866667
5.066667
5.033333
20.133333
15.1
142.0
10.066667
5.033333
15.033333
25.2
10.033333
10.033333
5.0
129.166667
10.133333
15.1
136.966667
10.033333
5.0
15.0
20.033333
19.933333
43.433333
15.6
146.9
5.1
5.066667
10.066667
20.066667
10.066667
10.1
15.033333
5.066667
5.0
10.1
10.033333
10.2
15.066667
5.2
5.066667
15.366667
20.0
553.233333
30.166667
5.0
15.1
20.0
15.033333
20.1
5.033333
5.066667
10.066667
20.133333
15.0
5.0
5.0
25.0
10.033333
13.333333
15.166667
5.166667
5.1
5.133333
25.2
5.033333
20.1
5.0
10.033333
10.2
5.033333
15.033333
20.033333
25.133333
24.7
5.1
5.1
10.033333
15.0
5.0
5.166667
15.2
15.133333
5.266667
18.933333
5.033333
5.0
5.066667
5.066667
10.133333
5.033333
5.033333
25.066667
5.033333
25.0
62.033333
20.133333
20.066667
5.033333
20.0
5.0
25.0
15.1
5.0
16.166667
147.0
10.066667
5.066667
20.133333
10.066667
5.033333
5.166667
10.133333
10.133333
5.0
5.033333
5.0
5.0
5.0
20.033333
31.433333
548.2
106.333333
5.0
20.0
20.3
52.533333
25.066667
15.2
5.0
15.266667
10.066667
5.033333
5.033333
10.066667
20.166667
20.066667
18.066667
10.1
5.0
35.266667
5.133333
10.166667
43.066667
10.0
5.0
18.2
26.0
53.366667
92.5
21.366667
20.0
20.1
12.1
152.1
20.0
10.1
15.0
15.066667
23.533333
15.133333
5.0
15.1
24.7
88.266667
5.066667
5.1
10.2
20.0
20.166667
10.1
10.0
5.033333
10.066667
25.066667
5.133333
10.166667
20.1
5.033333
5.0
89.433333
7.3
15.0
5.033333
152.1
5.0
10.033333
10.133333
20.066667
10.066667
10.033333
10.033333
5.0
10.233333
10.066667
5.066667
5.1
20.066667
5.133333
15.2
16.066667
15.033333
15.033333
268.466667
5.066667
5.0
152.066667
149.333333
5.033333
15.0
20.066667
142.3
268.466667
5.0
10.0
71.766667
141.966667
142.066667
156.966667
5.333333
20.0
5.066667
10.166667
15.0
5.066667
5.0
5.133333
16.966667
6.033333
33.433333
5.0
5.0
142.0
10.033333
20.133333
5.0
15.0
10.0
15.1
137.0
146.966667
20.033333
137.0
5.1
15.033333
34.5
15.033333
28.466667
21.4
252.266667
15.0
147.066667
284.066667
5.133333
33.8
5.0
5.1
5.0
5.066667
18.7
10.033333
5.1
20.0
20.066667
111.0
10.0
5.0
5.0
5.033333
10.0
28.366667
52.266667
15.066667
18.633333
5.133333
25.0
10.066667
145.566667
5.033333
20.0
15.0
5.3
15.033333
10.033333
5.066667
20.0
18.433333
15.066667
46.7
5.0
20.066667
10.033333
7.4
140.233333
53.133333
10.266667
119.233333
15.2
5.066667
157.133333
147.033333
15.066667
10.0
10.0
5.033333
15.066667
16.633333
20.1
10.033333
6.4
5.066667
18.666667
359.866667
54.8
237.633333
273.8
31.733333
15.133333
574.366667
137.033333
20.0
166.866667
216.133333
5.066667
108.366667
5.033333
15.033333
5.133333
142.133333
142.066667
15.0
15.0
10.0
125.8
15.0
15.0
15.033333
5.033333
10.066667
5.1
10.0
20.1
10.066667
10.133333
5.1
15.133333
5.033333
25.066667
147.066667
15.2
26.9
25.033333
11.633333
126.2
15.033333
5.033333
20.233333
10.066667
20.0
5.033333
11.866667
15.1
10.033333
20.266667
5.0
10.066667
5.0
60.9
25.133333
141.866667
13.366667
5.0
10.033333
5.1
5.0
17.433333
8.733333
5.0
15.1
20.066667
10.166667
25.033333
20.066667
10.0
10.0
15.133333
5.066667
5.0
20.066667
24.166667
274.0
279.0
10.0
5.033333
5.033333
5.033333
5.1
10.0
15.0
113.266667
273.933333
142.033333
5.0
5.066667
5.0
10.0
20.066667
10.1
5.0
10.033333
17.2
5.0
5.0
10.066667
5.066667
12.533333
15.0
152.1
20.066667
152.0
152.133333
5.0
10.033333
141.033333
16.933333
5.033333
10.033333
10.033333
5.066667
30.033333
26.166667
104.2
20.133333
5.0
18.1
15.1
5.0
10.0
15.0
5.033333
20.033333
5.1
5.066667
15.266667
20.2
20.1
15.0
15.066667
13.8
15.1
6.533333
25.966667
10.033333
13.833333
14.9
8.533333
25.0
15.066667
5.066667
5.066667
15.166667
5.0
20.0
15.0
20.2
5.0
10.066667
147.233333
142.033333
5.033333
10.733333
10.066667
72.133333
137.033333
10.033333
30.766667
137.0
553.366667
15.033333
137.033333
15.0
15.0
5.066667
10.033333
25.133333
10.166667
5.066667
8.7
11.066667
16.0
15.0
5.033333
10.133333
10.066667
5.133333
15.066667
10.133333
93.5
19.4
10.0
22.733333
20.0
5.066667
5.0
23.6
5.0
9.7
148.133333
5.0
82.8
5.066667
5.233333
5.166667
10.033333
10.033333
5.066667
5.0
5.1
563.1
15.066667
20.066667
25.066667
25.066667
5.033333
5.0
10.3
5.133333
15.033333
5.066667
10.1
25.0
5.033333
10.1
25.033333
5.033333
5.0
20.166667
5.0
5.133333
20.2
5.066667
6.266667
5.0
60.666667
5.0
5.0
8.333333
568.4
20.233333
5.066667
15.133333
23.233333
5.033333
10.166667
5.033333
25.166667
5.066667
10.0
5.1
61.933333
10.1
5.033333
5.2
10.133333
151.966667
20.1
25.0
19.266667
69.533333
23.533333
147.066667
44.933333
20.033333
9.866667
5.0
54.766667
147.0
15.0
15.133333
152.0
20.0
10.033333
5.166667
25.133333
5.066667
5.066667
228.566667
10.033333
5.1
15.2
15.066667
20.0
21.166667
5.033333
6.266667
266.933333
388.766667
10.0
11.1
10.1
152.833333
217.033333
5.0
278.9
5.1
5.0
10.066667
15.066667
25.166667
5.066667
20.2
10.066667
20.1
5.066667
25.233333
15.1
20.2
10.033333
28.133333
142.1
5.0
169.833333
5.033333
20.033333
43.2
20.0
15.1
20.866667
131.4
15.066667
10.1
5.033333
25.2
10.066667
5.0
15.0
5.0
20.3
5.033333
41.766667
6.633333
101.7
5.033333
15.2
5.1
5.033333
5.033333
20.0
15.033333
15.066667
20.166667
5.0
20.2
5.0
30.066667
10.066667
5.066667
5.033333
5.1
20.166667
5.0
15.033333
16.433333
15.033333
25.133333
10.0
15.066667
5.133333
5.2
15.066667
5.0
46.2
39.666667
30.066667
5.033333
10.0
548.2
18.333333
5.066667
10.1
5.066667
10.133333
5.033333
15.466667
5.033333
5.1
20.0
10.2
10.133333
5.066667
5.133333
5.066667
5.033333
15.1
15.0
10.033333
5.1
15.0
5.066667
10.233333
5.066667
5.0
20.133333
5.066667
25.0
20.0
5.033333
5.033333
5.0
15.066667
49.7
5.033333
5.066667
20.0
5.133333
10.066667
5.033333
15.0
563.4
10.0
10.0
20.0
15.333333
10.133333
15.033333
10.0
5.066667
10.1
20.033333
20.0
5.033333
20.066667
5.033333
25.0
20.966667
5.033333
10.033333
126.566667
5.0
5.133333
20.066667
10.033333
25.166667
5.0
5.1
5.066667
20.066667
70.933333
81.166667
147.066667
5.0
5.0
5.0
10.033333
26.266667
5.0
15.0
5.0
15.133333
10.066667
5.066667
15.066667
20.0
15.3
15.0
20.033333
15.0
5.0
10.033333
5.066667
15.166667
15.033333
20.066667
5.0
155.966667
25.166667
10.066667
25.0
5.0
10.0
10.066667
20.0
28.9
5.033333
5.0
5.033333
15.066667
13.166667
20.033333
5.0
5.066667
15.0
20.0
15.0
16.433333
10.166667
15.0
15.0
5.033333
5.0
5.0
15.1
25.1
20.1
25.033333
5.0
12.0
5.0
105.666667
5.066667
21.1
152.166667
157.066667
20.0
147.133333
5.0
15.0
10.0
10.1
16.7
5.1
142.033333
5.066667
10.133333
10.0
20.2
5.0
5.133333
5.033333
21.133333
5.1
5.066667
10.2
15.033333
20.0
15.033333
5.0
15.033333
5.0
5.066667
5.066667
5.066667
10.1
10.066667
15.133333
142.033333
20.0
15.1
5.033333
22.933333
15.066667
5.033333
5.066667
47.5
5.1
92.533333
5.066667
16.8
41.866667
10.0
10.0
142.033333
5.033333
15.066667
137.133333
15.333333
141.9
164.766667
15.1
151.9
13.7
5.2
142.066667
212.933333
44.633333
142.0
178.266667
10.0
5.0
91.8
15.066667
143.633333
20.133333
192.8
28.2
157.166667
15.1
5.0
15.1
162.066667
15.0
10.0
20.033333
25.166667
5.033333
5.066667
20.1
10.0
25.166667
136.833333
553.3
15.033333
5.0
5.0
5.0
23.366667
558.2
142.066667
152.033333
16.633333
20.0
10.033333
6.466667
440.133333
10.0
23.966667
5.0
5.033333
15.033333
5.033333
15.033333
5.066667
15.133333
37.166667
20.3
5.033333
11.333333
35.3
15.033333
5.0
136.933333
15.1
20.066667
20.1
15.033333
16.2
15.0
119.666667
5.033333
5.033333
65.4
78.8
5.166667
15.0
20.066667
548.233333
123.066667
5.033333
25.066667
5.033333
148.233333
5.033333
5.0
5.166667
5.033333
147.166667
222.666667
15.066667
16.5
31.233333
21.833333
5.0
20.066667
5.0
22.066667
140.566667
146.466667
207.833333
137.133333
5.733333
5.0
5.0
5.066667
15.133333
121.533333
66.533333
5.033333
20.066667
15.033333
5.033333
5.166667
15.066667
20.133333
10.033333
22.3
5.0
5.166667
30.066667
154.0
15.066667
25.4
20.0
10.1
10.0
15.066667
114.4
5.0
15.066667
19.133333
23.366667
84.833333
553.3
6.1
49.533333
15.066667
128.733333
5.066667
5.066667
5.1
15.033333
5.033333
20.066667
15.033333
20.133333
278.933333
20.366667
10.0
5.033333
5.066667
5.0
23.0
10.033333
83.3
5.066667
5.066667
16.266667
22.033333
109.066667
552.933333
142.0
15.0
20.066667
209.833333
146.866667
15.0
10.133333
5.0
25.133333
15.0
24.2
155.033333
98.433333
152.033333
20.066667
15.033333
27.1
5.1
10.033333
18.266667
5.033333
15.133333
15.1
10.033333
20.066667
20.166667
6.333333
20.0
215.7
92.566667
5.066667
147.233333
20.033333
5.033333
20.0
5.033333
31.366667
226.633333
5.0
15.066667
25.1
20.2
20.066667
5.0
553.133333
5.166667
5.0
26.933333
5.033333
18.6
54.8
5.066667
21.4
273.966667
15.033333
92.7
10.233333
5.066667
5.1
10.2
5.033333
20.1
10.166667
5.1
5.0
5.0
15.0
11.566667
20.066667
548.3
20.066667
64.733333
15.1
68.6
15.1
20.066667
10.0
553.2
5.0
5.0
20.133333
5.033333
15.0
15.233333
40.933333
15.2
74.166667
15.066667
10.166667
15.066667
15.0
20.066667
7.4
26.2
12.066667
10.1
695.433333
15.366667
10.1
10.033333
50.466667
15.0
10.0
25.166667
5.0
157.133333
20.066667
151.966667
5.166667
8.333333
185.733333
10.066667
10.033333
25.166667
147.2
5.0
10.066667
145.5
15.0
25.1
16.266667
15.066667
10.066667
10.033333
10.033333
10.0
15.1
18.466667
5.0
20.0
10.133333
153.0
20.166667
5.1
5.0
21.7
685.1
285.966667
157.566667
15.066667
15.066667
5.0
22.933333
153.9
5.133333
5.033333
10.333333
20.166667
16.666667
10.1
23.766667
15.033333
18.766667
47.266667
152.066667
279.133333
5.033333
147.133333
5.066667
152.266667
147.2
15.033333
299.466667
156.5
28.833333
15.1
5.0
10.033333
5.0
20.066667
250.7
20.066667
15.2
5.1
6.866667
10.0
20.1
5.066667
5.0
5.0
20.2
15.066667
5.066667
22.2
15.0
5.033333
21.733333
15.0
8.966667
48.833333
146.966667
147.133333
20.1
5.1
5.1
10.066667
20.4
126.4
25.1
10.033333
20.166667
10.033333
20.066667
15.066667
25.1
10.0
548.266667
5.033333
10.0
5.033333
10.066667
5.033333
8.533333
5.0
381.166667
5.0
16.166667
10.0
5.033333
20.166667
10.066667
10.166667
15.033333
15.066667
20.033333
25.066667
24.1
20.033333
5.033333
142.0
274.1
5.0
5.066667
5.033333
10.1
5.2
5.033333
5.066667
5.0
141.966667
20.066667
20.033333
141.866667
15.033333
20.066667
20.066667
64.133333
21.3
135.2
147.033333
33.1
20.0
6.866667
5.033333
21.1
10.033333
10.0
5.066667
5.033333
10.066667
6.033333
50.1
20.066667
5.033333
25.0
5.0
20.0
10.066667
10.1
108.566667
5.133333
5.2
137.033333
15.0
10.066667
5.033333
20.133333
15.033333
20.066667
10.033333
10.0
15.133333
5.033333
20.066667
5.033333
10.0
10.0
5.033333
20.1
11.233333
15.0
5.066667
15.0
10.1
5.033333
5.0
20.033333
5.0
5.033333
5.133333
15.0
10.033333
20.133333
5.066667
20.066667
10.166667
22.233333
15.166667
11.7
10.1
5.033333
10.033333
24.8
5.133333
146.8
10.133333
10.033333
144.3
39.1
20.0
133.1
5.033333
5.033333
271.633333
15.233333
5.1
20.166667
151.866667
5.066667
5.033333
11.333333
5.1
174.633333
142.1
10.033333
10.066667
11.233333
5.033333
15.166667
10.0
10.066667
5.0
5.0
6.066667
5.066667
20.133333
10.1
25.033333
10.033333
10.066667
10.0
25.166667
5.166667
20.0
10.033333
21.666667
37.266667
20.033333
5.066667
10.233333
6.133333
142.066667
10.066667
147.133333
15.133333
5.166667
5.066667
10.0
15.166667
15.1
20.033333
10.066667
291.3
10.033333
5.0
15.133333
5.033333
7.666667
109.7
10.033333
5.0
5.1
10.066667
5.1
5.0
121.5
16.066667
5.0
10.0
5.066667
15.0
5.133333
10.1
6.433333
15.0
5.1
5.066667
5.166667
5.0
24.233333
15.166667
21.0
10.0
75.266667
5.066667
20.0
20.266667
15.033333
19.8
10.6
20.066667
20.266667
15.0
10.1
326.933333
5.033333
10.033333
20.1
20.066667
20.0
14.3
5.1
25.0
5.0
5.0
17.2
20.1
15.1
5.166667
15.033333
25.1
15.033333
15.133333
35.833333
5.133333
5.033333
28.133333
10.066667
14.333333
157.0
20.133333
279.1
278.9
10.2
135.133333
5.066667
15.1
5.066667
278.833333
15.066667
10.1
10.0
5.1
15.066667
20.0
5.0
5.0
5.033333
10.0
25.0
15.1
15.133333
5.033333
10.0
22.7
10.033333
10.033333
20.166667
10.0
20.233333
5.1
147.033333
15.266667
5.033333
21.033333
11.766667
5.1
14.0
136.833333
20.066667
20.066667
7.733333
5.1
5.066667
5.033333
5.033333
5.0
15.033333
15.0
20.033333
7.033333
20.1
10.033333
5.0
15.133333
20.033333
20.033333
12.733333
41.333333
5.1
5.0
10.066667
10.066667
115.066667
137.066667
142.0
5.033333
5.0
20.166667
59.266667
15.0
5.1
136.966667
5.033333
134.833333
15.0
15.066667
5.066667
25.1
5.033333
16.666667
30.8
142.0
141.9
15.133333
137.033333
137.066667
10.066667
5.0
5.0
10.033333
20.533333
25.0
137.1
15.1
146.766667
20.1
10.033333
15.133333
5.033333
5.0
5.066667
10.2
15.0
16.066667
5.033333
375.066667
15.066667
13.833333
5.0
15.033333
15.033333
15.133333
25.166667
10.066667
5.033333
5.133333
20.1
10.033333
15.033333
5.0
5.066667
10.0
5.0
20.2
10.0
10.033333
136.9
5.133333
20.0
5.066667
51.966667
5.033333
10.133333
10.066667
22.933333
15.033333
5.033333
5.0
539.833333
15.066667
15.1
5.0
5.033333
75.466667
5.066667
153.3
5.033333
10.0
5.766667
156.233333
123.2
15.0
5.1
20.066667
5.0
5.0
5.0
15.133333
15.166667
5.033333
5.033333
20.033333
15.0
5.066667
5.1
5.0
5.066667
5.0
74.566667
136.933333
20.166667
5.0
5.0
137.066667
5.033333
5.133333
11.6
10.0
20.1
6.5
15.033333
32.533333
5.0
20.0
11.9
5.033333
5.1
15.166667
5.066667
5.033333
5.066667
59.766667
5.0
20.0
15.033333
137.066667
142.0
157.0
5.033333
15.033333
19.4
137.1
5.033333
10.033333
142.066667
23.566667
20.133333
5.0
15.133333
5.0
20.3
5.133333
18.5
15.133333
15.0
146.866667
20.066667
5.066667
10.133333
15.133333
10.0
5.066667
5.1
5.033333
5.1
5.033333
5.0
20.0
136.8
20.0
10.033333
169.233333
10.133333
283.866667
5.0
5.066667
5.033333
25.233333
5.066667
20.233333
24.866667
5.9
5.0
15.166667
5.0
5.0
10.066667
5.1
5.066667
10.0
10.033333
5.033333
10.066667
5.033333
10.166667
20.133333
10.0
10.0
10.133333
26.833333
5.0
10.166667
5.0
31.866667
5.066667
157.066667
10.266667
5.066667
142.066667
15.1
142.233333
5.0
15.066667
148.3
15.166667
10.2
5.1
20.0
5.0
15.133333
10.033333
15.2
74.9
153.9
10.0
20.0
5.0
5.033333
20.0
38.533333
10.033333
107.666667
278.866667
15.0
5.033333
20.1
30.166667
5.033333
26.533333
279.1
129.566667
10.133333
5.033333
8.0
18.033333
20.1
25.233333
10.9
10.0
36.833333
152.033333
22.033333
5.1
10.033333
88.4
5.033333
5.133333
141.966667
5.066667
147.0
37.3
5.1
10.0
156.9
10.0
5.0
5.033333
20.2
10.0
5.0
10.133333
21.433333
15.133333
10.1
20.2
136.966667
15.133333
5.033333
30.033333
10.1
5.0
5.0
25.1
20.133333
15.166667
20.033333
20.066667
5.033333
21.866667
282.333333
147.0
22.666667
14.4
10.133333
15.166667
10.066667
38.933333
5.0
20.333333
25.0
39.866667
147.466667
169.766667
15.266667
5.0
512.233333
146.2
5.066667
20.133333
279.2
15.033333
136.966667
5.0
5.0
147.133333
157.133333
152.133333
5.0
20.066667
34.866667
15.133333
25.066667
137.033333
10.033333
18.333333
5.033333
10.1
5.0
15.0
10.133333
10.066667
6.266667
5.0
5.033333
5.0
5.066667
6.1
72.566667
10.033333
10.033333
20.2
5.066667
15.033333
5.233333
5.033333
15.066667
5.033333
15.1
20.1
5.033333
5.033333
17.166667
5.0
15.066667
11.266667
15.1
5.0
15.066667
11.166667
15.133333
15.0
5.0
5.033333
5.0
5.033333
13.2
31.366667
143.433333
10.033333
10.0
15.1
5.1
10.1
15.066667
20.366667
24.7
10.2
5.066667
15.133333
156.3
5.066667
5.0
5.033333
5.133333
5.066667
20.1
10.0
5.0
147.0
10.0
270.8
15.133333
5.033333
15.0
10.033333
15.0
10.1
10.033333
5.0
10.1
5.033333
20.2
5.033333
5.0
5.066667
5.033333
10.0
5.1
558.333333
5.033333
5.033333
5.0
15.133333
15.133333
5.033333
10.1
20.0
20.133333
11.266667
15.166667
5.066667
21.3
15.1
5.066667
46.433333
5.033333
25.466667
9.1
10.066667
5.0
10.1
10.3
15.166667
16.166667
70.2
10.1
128.466667
15.066667
152.0
15.1
20.0
15.266667
5.033333
20.1
15.033333
10.2
15.1
5.0
10.133333
5.0
10.2
25.066667
25.033333
20.0
20.133333
15.066667
13.633333
21.166667
172.4
548.233333
10.066667
5.1
15.1
137.066667
15.133333
20.166667
160.066667
10.1
105.133333
25.033333
20.366667
20.166667
10.133333
5.033333
20.2
14.433333
10.133333
20.2
20.0
16.433333
20.233333
29.2
6.433333
68.6
15.066667
142.4
141.9
21.8
5.0
137.1
5.0
142.1
5.033333
15.033333
10.2
25.166667
15.166667
5.066667
5.066667
20.066667
10.066667
10.166667
13.133333
5.0
5.066667
10.0
20.0
10.033333
15.066667
5.0
10.066667
177.6
5.1
15.1
123.466667
5.0
20.066667
5.0
10.133333
20.066667
10.533333
88.066667
5.0
5.1
5.066667
5.033333
12.666667
125.1
10.033333
137.033333
15.0
25.033333
8.8
10.1
5.033333
10.033333
5.033333
20.0
15.033333
15.0
10.1
5.0
15.1
20.066667
15.066667
5.1
15.066667
20.033333
15.033333
25.033333
15.133333
136.966667
14.9
5.1
15.0
5.033333
10.1
5.033333
10.033333
15.166667
142.033333
15.033333
20.133333
15.1
147.0
65.533333
157.066667
5.0
21.1
10.066667
5.233333
10.133333
10.0
5.066667
30.133333
10.0
85.566667
10.0
10.0
5.033333
14.833333
10.033333
15.9
15.066667
563.2
5.0
15.066667
99.8
5.033333
239.433333
20.166667
279.133333
5.033333
10.066667
25.066667
15.066667
20.133333
10.033333
25.2
17.366667
5.0
15.0
20.133333
10.066667
5.0
5.0
5.066667
25.033333
34.3
192.333333
10.033333
5.066667
142.0
15.033333
5.033333
30.166667
15.2
5.0
15.0
5.033333
20.333333
10.033333
5.0
10.066667
10.133333
5.033333
28.433333
5.066667
15.166667
15.033333
10.0
15.0
5.1
10.266667
5.0
5.1
10.066667
11.233333
15.0
10.133333
5.0
5.0
5.033333
5.033333
10.033333
10.1
25.0
10.166667
29.366667
47.0
5.0
15.233333
79.566667
231.633333
10.166667
25.066667
157.033333
5.033333
10.033333
5.033333
5.033333
15.1
20.2
5.0
20.066667
15.066667
10.0
15.166667
20.0
15.133333
10.033333
10.166667
10.066667
5.0
28.3
10.0
10.1
10.066667
5.033333
15.066667
10.033333
25.133333
5.066667
5.066667
376.9
15.0
20.0
11.166667
197.633333
21.4
152.066667
279.033333
5.033333
15.233333
10.0
152.066667
279.033333
284.1
10.2
25.0
137.066667
15.133333
5.2
5.066667
25.066667
137.066667
141.966667
20.1
158.933333
15.166667
20.133333
25.166667
5.1
5.1
10.033333
5.0
15.066667
5.066667
20.133333
137.133333
10.033333
546.133333
10.066667
5.066667
10.066667
5.166667
8.333333
45.533333
10.1
20.066667
20.033333
5.066667
5.033333
15.133333
10.033333
5.133333
10.1
53.433333
5.1
15.0
15.133333
5.033333
5.0
10.066667
15.1
16.4
5.033333
20.0
5.033333
10.066667
5.066667
15.1
5.033333
10.066667
147.033333
142.0
548.166667
6.133333
92.666667
5.033333
5.066667
553.233333
15.033333
10.0
15.2
10.3
15.166667
10.033333
25.033333
8.966667
5.033333
20.033333
15.0
15.2
20.0
5.166667
5.0
5.166667
15.0
20.033333
10.1
5.1
79.733333
5.0
10.1
56.5
6.133333
25.066667
128.733333
5.133333
15.133333
33.366667
5.0
13.1
5.033333
5.2
15.0
5.066667
20.033333
10.233333
10.0
15.066667
20.033333
10.0
15.2
10.133333
20.1
5.033333
5.033333
10.0
5.033333
5.033333
15.1
5.0
20.0
15.1
5.133333
10.033333
5.066667
25.066667
10.1
5.033333
15.1
10.166667
11.266667
5.0
10.066667
5.133333
5.0
10.266667
25.233333
10.0
36.566667
21.033333
20.066667
20.133333
30.033333
5.066667
10.033333
10.566667
15.2
15.066667
15.066667
553.3
5.0
15.066667
15.066667
558.166667
10.033333
10.0
20.033333
15.0
26.5
5.0
10.133333
141.833333
5.066667
142.066667
10.0
5.066667
10.0
18.2
15.166667
15.133333
25.1
60.833333
142.0
5.033333
21.633333
37.9
10.166667
15.033333
5.1
10.1
5.1
15.033333
10.066667
5.1
5.0
5.033333
15.033333
11.133333
5.066667
15.033333
25.0
5.133333
16.066667
20.9
10.033333
157.033333
32.033333
158.4
25.166667
563.266667
25.0
20.066667
5.066667
10.066667
5.066667
69.133333
11.933333
5.033333
146.966667
5.0
152.0
15.266667
5.0
146.866667
223.133333
10.1
147.166667
10.033333
20.0
15.066667
11.466667
5.0
15.5
5.033333
41.566667
5.0
152.033333
15.166667
10.033333
30.3
136.933333
5.066667
10.033333
10.633333
5.0
15.133333
35.833333
5.0
20.0
20.266667
15.1
137.266667
15.133333
5.0
5.066667
10.0
15.0
5.0
10.1
5.0
205.833333
5.0
21.5
157.0
148.466667
20.166667
137.066667
5.033333
147.066667
5.133333
5.133333
5.0
5.033333
5.033333
15.033333
5.066667
5.0
10.1
10.0
5.0
20.1
5.066667
20.133333
10.066667
10.066667
10.0
214.0
236.866667
5.0
5.0
20.066667
10.066667
19.333333
15.033333
5.0
68.333333
5.0
10.033333
5.0
5.033333
5.133333
5.033333
147.066667
5.166667
15.033333
5.1
5.0
5.1
10.033333
5.0
14.8
28.733333
5.0
5.066667
59.0
5.033333
10.1
10.1
107.866667
6.233333
15.166667
5.033333
5.0
47.733333
20.066667
16.333333
5.0
20.033333
21.6
51.1
25.033333
18.266667
155.166667
10.066667
15.0
142.266667
100.866667
10.0
57.7
5.066667
99.7
12.433333
15.133333
20.0
5.066667
15.033333
10.0
5.033333
5.133333
10.033333
5.033333
10.166667
25.033333
10.0
21.366667
128.766667
20.0
15.0
5.1
5.033333
15.133333
15.0
409.5
5.0
15.033333
25.0
10.133333
20.0
5.033333
147.033333
10.066667
147.533333
5.033333
156.966667
15.0
10.1
5.0
10.033333
20.033333
5.1
21.566667
77.866667
5.0
10.166667
10.0
5.066667
5.033333
137.166667
15.033333
5.0
15.033333
147.0
5.0
15.1
30.1
10.066667
137.066667
60.633333
49.466667
5.0
22.333333
10.133333
5.066667
20.1
10.133333
15.0
10.1
5.133333
15.033333
5.1
30.8
5.033333
5.0
146.8
5.033333
137.066667
5.0
5.066667
15.066667
10.1
10.033333
5.033333
19.766667
5.0
25.0
15.066667
15.0
5.033333
15.133333
30.233333
5.033333
136.966667
141.966667
5.0
20.066667
15.066667
10.066667
5.1
15.0
5.133333
15.166667
5.133333
20.133333
5.0
84.4
20.033333
152.1
10.0
5.0
5.033333
5.2
15.2
10.066667
15.033333
5.033333
25.1
15.066667
15.0
10.0
5.066667
15.0
15.166667
11.233333
5.066667
5.0
20.166667
5.0
25.0
5.066667
10.033333
19.566667
10.1
5.033333
20.2
24.966667
10.0
5.033333
15.0
104.033333
15.0
5.033333
10.0
10.033333
5.0
15.066667
11.133333
25.1
5.033333
10.033333
15.0
5.133333
5.0
15.166667
10.166667
6.466667
15.0
151.833333
20.033333
20.0
18.2
5.033333
10.1
10.0
5.033333
17.366667
10.1
20.033333
15.1
10.0
5.133333
15.1
5.1
5.066667
15.0
10.066667
15.0
22.566667
5.0
77.2
15.066667
15.033333
5.033333
5.033333
5.066667
10.0
10.066667
5.033333
10.0
15.0
15.1
5.066667
20.166667
11.9
10.0
5.0
5.1
238.833333
20.033333
10.066667
20.0
15.066667
5.066667
15.433333
5.033333
15.066667
20.433333
21.6
5.066667
10.033333
15.066667
5.1
147.066667
5.066667
162.066667
15.133333
5.0
20.1
15.0
5.1
5.033333
15.0
380.066667
10.2
16.266667
5.033333
8.366667
5.133333
15.033333
147.0
5.066667
137.066667
11.566667
15.066667
5.0
67.8
15.166667
15.066667
20.0
25.1
10.0
20.133333
5.133333
140.366667
147.066667
5.033333
5.0
46.6
278.8
21.666667
15.0
5.033333
15.0
535.566667
25.166667
5.033333
10.033333
5.166667
19.833333
20.1
20.0
15.0
10.166667
20.0
20.2
5.033333
5.066667
5.0
21.966667
15.0
21.833333
36.866667
21.8
5.133333
15.1
5.066667
10.1
15.133333
157.033333
10.133333
5.1
5.0
5.0
25.2
15.033333
25.0
6.833333
10.033333
15.166667
10.033333
10.033333
5.033333
10.233333
15.1
20.033333
5.033333
10.0
5.066667
20.166667
146.933333
5.066667
15.066667
141.9
141.933333
5.066667
5.0
5.066667
5.133333
15.0
5.066667
5.033333
15.133333
5.1
10.033333
5.033333
6.166667
10.0
10.066667
15.066667
26.0
15.066667
197.233333
10.166667
5.033333
5.066667
159.7
10.033333
20.033333
5.1
5.0
10.033333
25.2
5.0
5.0
116.066667
141.966667
15.033333
15.133333
10.066667
5.0
10.1
5.0
20.033333
12.166667
86.5
101.533333
279.2
43.766667
20.2
136.933333
181.866667
5.1
28.266667
147.066667
21.133333
133.7
5.066667
137.066667
72.633333
5.033333
137.0
34.3
12.5
141.966667
5.066667
5.1
15.166667
136.866667
21.833333
152.033333
5.0
5.133333
141.933333
25.033333
141.966667
5.166667
16.366667
15.133333
5.033333
20.0
5.0
15.133333
10.066667
15.0
20.0
20.133333
10.066667
10.0
10.966667
5.0
33.233333
15.8
134.733333
5.1
35.266667
5.066667
10.166667
5.0
15.0
5.0
30.066667
10.066667
5.033333
20.033333
25.066667
5.066667
344.3
20.0
15.066667
25.233333
57.866667
13.733333
563.333333
137.0
25.0
5.233333
10.033333
98.366667
5.066667
26.533333
10.033333
157.1
162.2
10.033333
5.2
21.066667
20.066667
20.0
5.0
10.066667
5.033333
5.0
15.0
10.166667
230.2
15.066667
563.333333
15.033333
5.066667
10.0
5.1
5.0
10.1
563.366667
49.566667
20.133333
20.066667
5.066667
548.4
5.066667
15.0
10.033333
10.066667
5.0
5.033333
15.1
5.033333
5.0
20.033333
10.933333
15.033333
157.033333
5.0
15.1
15.1
11.233333
5.0
92.966667
152.0
147.0
5.033333
5.0
5.033333
10.033333
5.033333
93.633333
5.066667
15.0
10.0
15.033333
10.1
5.066667
20.033333
20.066667
5.066667
25.133333
10.033333
20.166667
10.1
15.066667
15.0
10.033333
20.466667
20.066667
5.066667
10.066667
5.0
5.066667
15.1
15.066667
20.033333
10.033333
5.033333
11.333333
5.0
5.066667
10.0
148.666667
15.0
15.1
5.033333
5.066667
5.0
147.0
5.066667
5.133333
45.966667
20.0
5.033333
10.133333
15.033333
5.0
5.033333
16.633333
113.1
146.966667
10.133333
20.133333
5.066667
15.0
378.466667
25.133333
5.1
10.033333
5.0
553.166667
10.1
20.1
5.033333
20.133333
20.1
5.0
27.4
5.066667
10.033333
5.0
25.2
17.733333
10.033333
160.466667
15.066667
20.1
21.333333
5.033333
10.066667
89.933333
5.033333
15.066667
25.066667
5.0
15.066667
5.066667
15.2
5.1
30.1
19.233333
5.0
25.1
25.066667
20.0
10.233333
5.0
25.1
15.0
20.066667
20.0
10.1
15.533333
136.933333
20.1
10.066667
136.9
142.166667
15.0
5.066667
20.033333
5.033333
137.0
20.066667
10.066667
10.033333
15.1
5.0
5.0
15.0
20.166667
10.0
20.033333
5.1
5.133333
5.066667
25.066667
52.533333
5.033333
5.033333
5.066667
25.066667
15.033333
45.1
10.033333
5.0
147.066667
82.5
138.7
129.566667
10.066667
5.1
137.033333
146.966667
15.0
157.1
5.066667
141.966667
5.0
20.033333
10.066667
141.833333
141.966667
5.133333
5.033333
5.0
152.066667
5.066667
289.0
10.1
137.133333
137.133333
137.166667
15.066667
564.533333
142.0
25.1
10.1
5.0
152.066667
5.1
5.0
15.166667
10.133333
5.033333
5.066667
5.066667
15.0
5.0
15.0
5.066667
15.033333
5.066667
10.033333
10.033333
10.0
15.033333
5.066667
5.0
31.466667
20.233333
279.033333
273.833333
10.0
10.1
5.0
147.066667
5.033333
137.033333
20.233333
5.033333
125.566667
125.866667
15.0
15.033333
20.0
15.1
5.033333
5.2
20.066667
20.033333
20.133333
20.2
5.066667
25.133333
25.1
5.033333
20.0
20.166667
33.3
42.733333
5.1
6.266667
10.066667
5.0
20.133333
16.133333
111.9
11.9
5.033333
10.066667
27.933333
5.033333
25.033333
5.133333
15.133333
25.066667
141.966667
15.233333
20.0
10.0
5.033333
5.0
66.7
5.0
186.733333
5.0
20.033333
10.0
20.033333
20.0
5.0
18.866667
5.0
15.0
10.1
11.633333
15.033333
5.133333
20.0
10.033333
15.066667
14.033333
20.266667
15.0
5.166667
157.033333
10.066667
10.0
5.0
10.0
20.0
5.1
5.066667
26.033333
20.1
527.133333
548.233333
25.066667
5.0
157.066667
690.033333
5.066667
11.2
20.066667
157.0
123.7
5.0
15.066667
10.133333
19.2
20.266667
5.1
10.0
25.033333
5.033333
5.033333
5.066667
21.433333
20.1
5.133333
81.133333
5.033333
5.133333
25.1
5.1
20.033333
10.033333
15.033333
10.166667
5.966667
10.0
5.133333
250.966667
15.066667
25.233333
15.2
20.033333
15.1
10.0
5.033333
15.266667
21.033333
151.9
553.4
5.1
10.0
86.6
25.0
15.133333
15.133333
5.0
24.1
11.666667
5.0
5.1
20.1
9.233333
5.0
15.2
10.066667
5.066667
5.1
10.0
20.633333
5.066667
5.0
20.133333
5.1
15.066667
10.033333
25.233333
5.033333
10.066667
5.033333
10.1
5.0
5.033333
5.1
15.033333
23.6
10.133333
5.1
15.0
5.066667
10.1
10.0
15.0
5.033333
5.1
5.0
5.066667
30.166667
20.033333
20.066667
20.166667
10.0
5.0
20.133333
25.166667
21.3
5.066667
25.0
5.033333
140.166667
10.133333
204.166667
10.166667
20.166667
146.8
5.033333
43.433333
26.666667
18.233333
73.0
15.033333
5.0
21.733333
125.866667
12.6
5.066667
15.0
20.0
5.066667
76.1
10.0
15.033333
152.033333
20.2
10.133333
5.1
10.066667
120.633333
20.066667
146.566667
5.0
5.033333
15.066667
5.0
15.0
10.033333
335.433333
20.066667
10.0
10.033333
10.066667
25.033333
10.066667
5.033333
15.133333
16.333333
30.033333
20.1
20.033333
29.866667
12.866667
5.033333
10.033333
142.133333
5.0
142.066667
15.233333
10.0
15.1
10.1
5.0
15.066667
20.266667
152.2
5.033333
25.133333
15.066667
6.833333
5.066667
5.066667
20.0
5.1
10.066667
10.066667
15.0
5.066667
15.066667
5.033333
5.0
5.1
5.1
10.066667
10.033333
20.066667
12.1
152.1
10.133333
15.1
7.233333
10.066667
10.0
137.066667
10.0
20.033333
5.133333
5.1
156.966667
10.2
15.0
10.033333
15.033333
25.0
142.033333
10.0
10.1
5.0
20.066667
10.033333
10.1
15.1
25.2
10.066667
5.0
127.866667
15.066667
15.066667
13.7
5.033333
5.066667
15.166667
15.2
25.133333
5.066667
5.0
5.066667
15.033333
25.033333
7.2
20.1
5.0
10.066667
20.433333
5.066667
10.0
141.966667
5.066667
5.0
10.133333
20.1
5.033333
110.366667
139.333333
433.366667
15.066667
10.0
5.033333
20.0
5.1
10.1
5.033333
15.166667
20.2
21.666667
5.066667
5.133333
10.0
15.233333
21.233333
10.033333
20.0
5.0
20.1
20.233333
15.033333
25.0
10.166667
5.066667
5.066667
26.166667
10.066667
20.033333
10.166667
20.733333
34.5
5.066667
15.0
5.733333
73.4
20.166667
97.366667
10.066667
5.0
5.066667
21.266667
176.733333
5.0
5.133333
75.233333
15.166667
10.033333
151.933333
10.033333
20.1
30.2
5.166667
152.066667
14.466667
80.8
5.0
25.033333
136.966667
152.133333
20.166667
15.0
157.1
5.033333
5.033333
10.833333
5.2
110.533333
113.6
20.033333
5.0
119.3
5.0
15.0
151.933333
15.2
20.066667
15.066667
5.1
15.166667
5.166667
20.266667
5.0
5.066667
27.033333
142.166667
10.1
11.166667
6.533333
136.933333
5.0
15.233333
13.966667
5.1
10.0
5.033333
20.233333
15.066667
152.166667
137.033333
5.233333
25.233333
36.266667
15.966667
15.066667
10.0
15.133333
5.0
21.3
15.0
5.0
20.2
15.066667
20.233333
5.066667
5.066667
5.066667
5.0
5.033333
15.033333
10.033333
15.0
5.133333
10.0
5.066667
5.133333
50.566667
5.033333
558.233333
5.0
20.166667
10.0
10.033333
15.033333
137.866667
214.133333
15.066667
15.1
5.0
5.033333
5.0
10.0
137.2
105.2
5.033333
15.0
15.066667
15.033333
10.166667
15.2
5.066667
5.0
5.033333
10.1
25.0
38.766667
46.433333
15.0
5.033333
137.066667
10.0
20.8
274.0
15.0
136.733333
20.266667
10.1
137.066667
5.0
20.2
5.0
5.133333
5.0
5.066667
10.1
106.133333
5.1
25.0
10.666667
5.0
15.033333
10.0
10.1
15.066667
21.6
15.133333
18.166667
25.966667
141.933333
5.0
10.033333
6.6
25.066667
15.066667
10.0
23.866667
5.0
141.466667
16.6
20.233333
10.2
278.966667
152.066667
90.566667
5.1
15.0
136.966667
5.0
5.0
5.1
15.133333
5.066667
17.066667
20.033333
15.033333
15.0
10.133333
10.033333
6.033333
10.066667
15.033333
20.1
10.033333
10.033333
10.0
16.966667
11.133333
20.133333
136.933333
20.233333
10.166667
146.933333
20.166667
134.166667
10.0
10.133333
5.0
137.033333
5.1
20.566667
594.433333
15.0
5.033333
10.166667
5.033333
10.0
5.166667
10.066667
15.0
5.0
137.133333
147.033333
15.2
20.233333
15.0
20.033333
15.1
5.0
10.1
20.066667
20.166667
5.033333
10.1
15.1
15.1
10.0
15.166667
25.0
15.0
11.366667
20.0
20.1
10.1
25.0
5.066667
19.733333
109.6
10.1
5.033333
168.6
15.066667
137.1
15.0
5.033333
10.066667
19.533333
5.066667
10.033333
20.0
72.6
5.0
20.0
10.066667
10.0
6.033333
28.733333
45.066667
14.533333
228.766667
10.3
147.066667
147.033333
5.033333
8.466667
190.0
15.033333
5.0
5.033333
103.866667
5.033333
25.0
5.0
10.066667
15.033333
10.166667
20.066667
10.133333
13.066667
10.066667
5.1
146.966667
15.0
25.266667
15.133333
5.066667
5.066667
10.9
10.166667
10.0
5.033333
10.1
30.0
10.066667
5.066667
10.633333
30.0
15.933333
5.066667
10.0
25.266667
20.0
10.033333
20.1
10.066667
5.066667
5.0
5.033333
28.5
152.133333
137.033333
5.166667
147.233333
15.066667
5.066667
15.0
79.0
5.733333
15.066667
5.366667
23.1
25.033333
15.133333
25.066667
13.233333
15.1
20.133333
5.0
81.033333
152.0
33.766667
141.966667
147.033333
152.1
151.833333
15.1
524.733333
25.033333
98.166667
102.066667
27.633333
5.033333
10.066667
20.0
543.066667
141.866667
39.033333
13.5
10.066667
5.033333
40.0
5.1
5.066667
77.733333
137.0
137.0
5.033333
25.0
15.0
20.0
5.066667
5.033333
5.0
5.0
15.0
5.0
5.1
15.033333
5.066667
5.066667
20.066667
10.0
10.033333
26.933333
15.0
15.166667
20.166667
20.0
5.433333
5.0
137.066667
20.033333
137.0
20.0
10.033333
5.0
76.0
5.0
5.033333
5.0
20.0
19.666667
5.0
15.066667
5.066667
20.266667
10.0
5.033333
10.0
5.0
10.0
141.933333
137.0
5.0
137.066667
15.033333
30.033333
10.033333
10.133333
20.266667
15.033333
5.0
15.133333
548.166667
20.1
20.166667
15.033333
141.3
21.733333
5.066667
5.033333
15.033333
5.033333
103.166667
137.0
137.066667
5.133333
5.066667
25.133333
5.0
5.066667
10.2
10.066667
15.066667
10.2
5.1
20.133333
5.033333
5.0
15.0
15.133333
5.033333
563.4
5.066667
10.133333
6.0
28.166667
5.133333
10.0
5.033333
15.0
5.133333
15.0
154.0
10.033333
5.066667
15.0
32.366667
15.1
13.3
17.033333
5.1
111.166667
152.066667
5.066667
5.0
5.133333
5.1
20.2
5.0
10.0
141.9
5.0
10.0
5.033333
15.033333
5.0
10.033333
15.066667
30.033333
5.066667
20.0
10.066667
20.1
10.1
5.033333
5.066667
5.033333
15.033333
10.033333
10.1
10.033333
5.0
5.033333
21.133333
10.0
157.066667
25.2
20.1
5.1
151.933333
5.033333
152.033333
136.933333
20.0
152.133333
5.133333
6.566667
67.866667
28.266667
6.9
15.0
5.0
15.0
5.0
10.033333
10.066667
20.3
10.0
5.1
5.0
17.433333
10.066667
10.133333
5.033333
109.7
49.733333
25.166667
137.0
15.0
5.066667
147.1
5.033333
103.8
15.033333
41.8
148.933333
15.0
5.066667
10.1
153.6
5.0
10.133333
5.0
5.033333
5.0
15.033333
5.1
10.033333
20.233333
5.0
15.033333
10.166667
25.2
20.0
32.266667
15.033333
20.066667
5.0
5.1
11.533333
5.0
5.066667
15.1
5.2
28.133333
25.266667
16.2
33.4
101.5
5.0
10.066667
137.033333
429.966667
10.033333
30.633333
171.9
154.6
45.8
15.066667
15.0
6.833333
20.066667
16.166667
15.033333
5.066667
5.166667
10.1
13.866667
10.0
15.133333
5.0
10.033333
21.266667
20.166667
90.8
20.1
197.1
10.066667
15.166667
10.133333
15.033333
10.033333
5.033333
10.0
20.1
20.033333
8.566667
110.7
556.133333
10.066667
20.066667
5.1
10.066667
16.266667
15.133333
20.033333
20.066667
10.1
15.0
15.166667
10.0
25.4
15.233333
143.766667
10.033333
15.0
10.066667
100.9
21.533333
5.1
16.1
15.066667
16.466667
15.1
34.0
24.133333
553.233333
10.166667
15.033333
10.033333
110.933333
10.2
10.033333
21.633333
15.0
146.933333
150.366667
5.1
20.1
5.033333
5.066667
25.133333
5.1
5.0
15.066667
10.1
142.066667
10.1
11.1
10.1
5.0
5.033333
30.3
10.0
5.033333
15.0
5.0
20.2
5.0
5.0
5.0
5.1
5.0
5.033333
5.0
20.166667
15.033333
10.033333
21.5
33.666667
20.1
15.1
20.133333
16.166667
5.033333
58.533333
25.033333
16.666667
16.166667
5.033333
10.2
10.066667
151.933333
82.633333
5.133333
144.0
9.0
5.033333
10.133333
10.033333
11.033333
129.366667
160.033333
41.833333
15.066667
136.866667
5.033333
146.966667
11.566667
20.033333
5.166667
20.033333
5.0
10.0
5.9
10.066667
20.033333
10.033333
20.8
5.1
152.133333
152.166667
151.966667
29.5
62.533333
94.2
55.066667
15.0
10.166667
11.533333
152.0
10.033333
22.166667
24.833333
15.033333
15.066667
5.033333
15.066667
10.0
5.066667
25.033333
5.033333
5.0
15.0
15.0
10.133333
23.833333
553.266667
11.1
152.066667
147.1
142.133333
10.166667
20.0
5.0
13.733333
34.1
5.0
96.833333
5.0
20.133333
15.0
15.1
5.133333
21.633333
20.2
5.1
151.833333
20.133333
10.066667
5.966667
5.033333
5.2
10.0
5.1
20.2
5.066667
15.066667
30.133333
32.666667
5.133333
10.133333
180.966667
102.866667
20.166667
10.033333
20.0
273.966667
15.2
20.066667
20.933333
20.833333
33.7
13.266667
66.233333
20.166667
5.033333
23.2
20.166667
5.033333
21.933333
152.166667
5.033333
5.066667
10.0
10.166667
15.166667
5.066667
10.133333
15.1
20.066667
10.0
10.033333
10.0
10.033333
24.8
5.033333
152.3
15.233333
5.1
10.033333
5.066667
5.0
25.033333
33.566667
10.133333
15.1
10.166667
20.0
15.2
15.0
5.033333
25.066667
5.133333
10.033333
10.0
5.033333
5.0
5.1
10.033333
5.066667
5.066667
20.233333
15.0
15.066667
10.033333
34.933333
5.066667
157.066667
5.0
147.0
5.033333
10.033333
5.0
152.0
147.133333
5.1
137.0
10.1
106.133333
5.0
10.0
5.066667
152.033333
20.1
5.0
5.0
25.166667
21.0
5.033333
5.1
123.6
5.033333
142.1
137.0
282.8
301.633333
5.0
284.166667
25.033333
5.066667
10.066667
553.3
152.166667
5.033333
5.1
51.633333
20.066667
20.1
10.133333
5.1
15.1
77.533333
15.033333
10.166667
10.0
5.0
5.0
15.1
15.166667
15.0
20.0
5.066667
15.0
5.033333
5.033333
5.1
5.033333
10.0
10.0
20.1
5.033333
15.133333
15.466667
5.066667
5.0
20.1
20.266667
5.133333
141.866667
5.033333
5.033333
5.0
5.033333
25.1
5.033333
71.066667
5.066667
25.033333
64.6
5.066667
5.0
16.633333
548.1
22.8
10.1
10.1
5.0
5.0
5.033333
5.0
5.0
15.066667
15.0
15.033333
15.0
21.1
32.533333
10.0
25.133333
5.066667
15.066667
15.0
17.2
34.3
20.066667
20.066667
5.233333
157.0
5.033333
5.0
137.0
15.066667
11.433333
20.0
5.0
5.1
20.0
5.1
10.2
90.1
5.0
5.066667
5.0
20.133333
10.0
25.166667
26.8
5.0
20.033333
5.033333
5.033333
17.833333
20.066667
26.333333
5.066667
10.0
146.966667
137.066667
152.133333
10.066667
31.466667
15.0
10.0
5.033333
137.033333
5.1
10.0
284.2
10.033333
5.133333
15.0
10.0
15.0
15.233333
5.033333
5.0
15.133333
15.066667
10.233333
5.066667
5.033333
10.1
15.233333
15.066667
15.033333
11.3
33.766667
20.066667
15.233333
10.1
5.066667
5.066667
15.033333
5.166667
5.033333
20.1
20.166667
25.166667
56.2
15.033333
18.033333
22.5
10.033333
15.066667
5.1
152.066667
10.066667
152.0
10.0
20.166667
137.1
10.066667
25.0
5.133333
136.866667
36.866667
21.566667
5.0
11.566667
10.1
16.766667
5.033333
5.0
15.133333
12.533333
25.1
5.0
5.0
5.133333
5.0
15.0
10.0
10.0
5.1
15.033333
40.533333
5.0
5.0
5.0
10.033333
5.133333
20.0
15.066667
5.0
29.566667
5.1
10.1
12.0
15.033333
10.1
20.1
5.033333
5.033333
25.266667
15.1
25.066667
5.0
109.866667
10.0
25.066667
15.0
15.0
15.266667
5.066667
10.0
20.133333
5.0
5.5
5.0
41.566667
25.1
147.033333
20.133333
17.3
10.0
20.066667
27.6
5.033333
31.666667
15.066667
5.1
11.466667
5.0
10.066667
152.1
152.066667
15.166667
10.333333
25.1
20.033333
5.0
19.766667
20.0
10.133333
15.0
22.766667
49.233333
142.033333
100.2
155.9
5.033333
53.266667
9.3
10.066667
10.733333
32.033333
15.1
279.066667
20.1
137.166667
152.0
279.0
136.933333
553.033333
5.033333
15.0
152.0
15.0
10.2
15.066667
20.066667
20.033333
10.066667
10.033333
25.0
10.0
10.1
5.133333
5.066667
5.0
29.9
5.033333
20.066667
25.0
53.0
137.066667
10.0
15.033333
5.1
5.133333
5.0
10.0
16.366667
15.033333
20.066667
10.033333
27.7
5.133333
16.133333
20.0
5.1
5.066667
25.033333
20.0
10.033333
5.033333
5.1
15.033333
48.133333
10.0
43.533333
15.033333
15.1
15.066667
15.066667
40.366667
5.033333
5.033333
10.0
10.0
5.0
10.133333
15.033333
10.033333
15.1
5.4
5.033333
5.066667
10.2
5.033333
21.666667
10.033333
5.033333
25.033333
15.0
10.033333
25.1
10.0
26.7
101.833333
20.066667
25.0
151.5
274.7
157.1
10.133333
5.8
5.0
94.766667
25.0
136.9
18.2
10.0
25.2
25.033333
10.033333
30.133333
20.066667
141.9
20.066667
10.2
15.0
15.066667
25.0
15.066667
7.133333
94.666667
5.133333
142.1
149.8
5.0
5.133333
137.933333
5.033333
152.0
152.033333
5.066667
5.033333
5.0
15.066667
15.133333
5.133333
10.0
10.066667
20.066667
20.033333
20.133333
24.633333
10.1
5.066667
29.733333
13.3
5.066667
253.3
16.0
15.0
10.066667
10.0
5.033333
15.0
10.0
10.0
10.233333
63.4
10.066667
169.966667
5.0
5.066667
215.533333
15.033333
232.866667
5.033333
284.233333
5.066667
5.1
13.633333
20.066667
5.033333
137.033333
695.233333
5.0
20.066667
5.033333
5.033333
5.066667
5.033333
548.066667
20.1
25.1
5.166667
10.166667
10.066667
10.166667
5.166667
10.066667
15.266667
10.0
10.033333
20.2
20.2
46.866667
18.533333
30.266667
20.133333
25.133333
5.0
5.0
10.033333
25.066667
15.166667
5.033333
5.0
10.066667
10.066667
10.0
5.1
5.033333
10.066667
10.1
5.033333
15.033333
15.1
15.233333
5.1
5.0
5.0
5.0
134.233333
201.733333
5.0
10.133333
10.2
15.033333
25.0
13.666667
19.833333
23.133333
5.0
20.1
10.066667
5.033333
5.0
10.0
15.066667
5.066667
10.7
10.033333
5.133333
15.0
15.033333
10.033333
5.033333
5.066667
20.233333
10.933333
25.0
15.166667
5.066667
5.0
10.033333
31.466667
553.166667
25.033333
21.0
548.066667
10.133333
162.933333
5.133333
20.033333
5.033333
20.1
5.033333
5.033333
20.166667
108.1
25.133333
152.1
142.066667
25.133333
5.0
152.133333
20.1
10.0
20.233333
10.0
122.1
10.0
137.0
136.833333
20.066667
10.066667
5.0
152.0
5.033333
10.133333
15.1
5.033333
5.033333
10.2
10.0
15.1
10.7
195.233333
90.5
20.0
10.066667
15.0
25.0
22.7
10.166667
11.5
10.1
15.066667
10.033333
10.033333
5.066667
15.1
15.066667
5.2
20.133333
5.1
25.166667
20.133333
10.0
10.033333
25.166667
5.0
5.0
20.033333
10.033333
29.666667
5.066667
5.033333
5.066667
142.533333
10.1
5.133333
5.0
48.633333
10.0
5.066667
5.1
10.1
18.866667
147.2
10.066667
5.0
15.066667
124.433333
15.066667
10.033333
20.0
19.7
15.133333
8.2
10.033333
20.0
20.0
10.033333
10.033333
20.0
10.1
31.233333
10.1
21.1
5.066667
152.3
152.166667
5.0
147.133333
5.0
310.766667
146.9
15.066667
30.166667
20.0
20.133333
25.133333
25.0
5.0
26.5
20.0
20.133333
15.0
10.166667
152.066667
25.0
10.066667
25.1
5.033333
15.933333
147.933333
6.066667
43.866667
5.0
5.066667
15.066667
31.166667
6.5
20.0
147.0
25.1
25.0
10.066667
10.166667
64.666667
11.366667
15.0
15.066667
20.033333
5.033333
20.066667
10.066667
5.033333
142.033333
10.166667
5.0
5.066667
141.966667
141.966667
5.0
137.1
10.0
20.166667
10.133333
267.633333
21.333333
20.0
5.033333
17.433333
5.0
146.2
24.7
114.566667
5.0
5.066667
10.0
10.2
10.033333
31.166667
10.033333
5.066667
5.1
542.2
5.0
20.133333
5.0
5.1
5.066667
5.0
10.0
5.933333
26.566667
20.0
129.733333
18.8
5.033333
10.066667
15.0
142.1
156.9
5.066667
558.233333
5.033333
553.366667
5.033333
15.0
5.033333
10.1
57.266667
10.1
31.733333
20.1
74.8
5.033333
13.366667
5.066667
25.066667
5.066667
10.066667
130.3
20.0
20.1
20.266667
11.8
109.166667
20.133333
20.133333
5.0
128.166667
8.4
15.2
5.4
5.033333
5.033333
25.133333
553.233333
5.0
25.0
5.066667
5.033333
15.166667
10.0
5.133333
10.266667
10.0
15.033333
10.1
15.133333
10.0
10.033333
15.1
10.033333
5.1
5.0
15.033333
5.033333
25.133333
5.0
5.2
15.066667
25.066667
10.066667
10.066667
5.066667
15.066667
5.466667
10.066667
10.1
15.0
5.1
10.0
15.033333
10.066667
15.066667
5.066667
15.033333
11.2
5.133333
17.1
15.0
5.033333
5.0
5.0
5.033333
10.033333
5.066667
10.0
5.0
20.166667
5.033333
10.0
30.133333
10.066667
5.1
10.133333
25.166667
5.066667
552.933333
15.066667
20.233333
10.866667
10.1
5.033333
20.066667
5.0
5.1
25.066667
20.0
10.066667
30.0
10.366667
15.066667
30.066667
5.0
5.0
15.033333
20.233333
30.0
19.133333
15.133333
5.033333
15.133333
26.533333
5.1
5.033333
5.0
164.333333
5.033333
10.066667
15.0
25.133333
10.0
5.033333
10.1
15.0
30.033333
15.033333
15.0
20.1
20.0
15.066667
5.066667
25.6
5.366667
54.1
15.1
152.1
10.0
25.0
141.9
15.166667
5.066667
25.066667
10.033333
10.0
5.0
136.966667
15.033333
20.0
5.133333
5.366667
21.566667
5.0
22.4
15.066667
129.766667
10.1
5.0
20.066667
15.066667
20.066667
8.333333
15.0
21.133333
5.1
5.066667
10.033333
10.033333
20.233333
10.033333
25.033333
7.2
5.133333
10.066667
5.0
5.1
10.066667
10.1
20.4
15.033333
15.0
5.1
25.0
10.1
20.133333
5.033333
16.666667
24.266667
273.3
25.133333
142.033333
15.133333
15.066667
5.1
5.0
5.2
15.1
15.1
15.0
146.666667
20.2
5.0
25.233333
25.1
20.333333
28.933333
5.0
20.066667
84.166667
146.966667
32.533333
11.033333
10.066667
234.233333
62.1
25.0
5.133333
10.0
5.033333
10.066667
15.1
20.066667
5.0
5.1
10.0
5.133333
5.033333
10.1
118.533333
146.733333
20.066667
5.0
5.033333
5.033333
20.033333
5.133333
15.133333
20.066667
20.133333
5.0
15.1
10.833333
152.166667
5.1
15.133333
5.066667
5.466667
5.033333
5.133333
5.0
10.0
137.033333
15.0
20.0
15.3
5.1
20.133333
15.1
5.066667
31.6
10.033333
10.866667
20.066667
5.166667
11.166667
5.033333
136.966667
5.133333
15.033333
5.033333
141.966667
20.133333
19.2
5.033333
5.066667
21.1
20.1
20.1
10.233333
20.033333
10.166667
5.0
23.066667
5.033333
5.1
20.0
40.233333
139.666667
10.133333
142.0
20.066667
20.033333
73.4
5.0
15.833333
5.133333
147.7
20.033333
15.1
24.366667
10.033333
5.066667
5.166667
5.066667
142.1
152.0
10.033333
10.1
5.066667
5.033333
25.033333
15.0
10.066667
20.133333
10.033333
10.066667
5.033333
20.233333
10.0
10.033333
15.033333
10.066667
25.033333
5.033333
5.066667
20.0
5.033333
10.0
147.1
10.1
5.0
5.0
11.133333
10.066667
5.1
15.1
15.133333
5.2
24.1
20.133333
5.1
5.0
695.2
15.0
10.2
20.0
5.1
563.3
5.066667
20.233333
5.0
5.2
20.0
15.0
15.133333
15.033333
10.166667
10.1
29.133333
137.0
6.466667
10.0
16.9
15.2
548.266667
5.033333
15.1
5.033333
553.366667
10.133333
10.033333
15.0
5.033333
15.0
10.033333
5.0
20.233333
5.0
5.066667
5.0
10.066667
5.1
5.066667
16.133333
30.133333
25.0
5.0
10.1
10.1
5.1
10.066667
5.0
5.3
15.1
10.033333
5.0
10.0
10.133333
23.466667
10.066667
20.0
10.133333
18.366667
5.033333
142.0
10.1
15.266667
5.0
15.1
20.0
5.033333
5.0
20.1
10.066667
23.633333
5.0
15.233333
10.033333
147.7
15.0
152.0
147.833333
15.0
26.966667
152.0
21.133333
142.033333
548.1
147.066667
157.1
5.033333
152.133333
20.066667
159.566667
5.033333
5.033333
5.0
15.0
31.466667
10.166667
5.066667
5.0
10.0
188.2
15.033333
121.833333
14.5
22.4
157.133333
15.166667
5.1
5.033333
5.033333
30.033333
5.0
31.166667
5.1
21.566667
186.9
10.0
110.333333
10.4
23.9
15.1
57.733333
15.166667
5.0
5.0
5.066667
10.033333
5.066667
21.4
25.1
5.033333
22.8
15.033333
16.133333
10.0
10.033333
10.1
20.166667
24.733333
44.066667
5.0
156.933333
20.133333
25.233333
11.766667
10.0
10.0
5.0
5.0
10.033333
5.1
25.133333
5.1
5.033333
15.066667
5.066667
10.066667
5.066667
15.2
5.133333
5.1
157.1
10.066667
157.1
20.033333
5.066667
15.033333
10.0
15.966667
20.1
5.033333
5.033333
10.0
10.033333
10.033333
20.0
15.033333
20.033333
15.1
5.066667
20.0
5.0
21.0
25.833333
15.0
15.133333
5.0
28.633333
137.066667
5.0
10.166667
5.0
15.066667
16.466667
142.133333
137.0
5.033333
151.933333
5.033333
6.1
5.0
5.1
6.633333
10.133333
5.166667
15.0
54.966667
20.0
10.066667
5.0
25.133333
125.966667
20.166667
5.0
60.566667
5.0
5.033333
5.033333
5.3
10.066667
10.033333
10.033333
15.066667
15.033333
5.2
10.0
25.033333
10.033333
5.0
20.066667
5.033333
18.166667
5.033333
20.033333
16.366667
15.1
17.1
5.033333
15.1
16.566667
5.0
146.866667
5.1
11.833333
5.066667
143.333333
10.133333
44.466667
222.833333
5.0
10.033333
5.066667
10.166667
5.0
20.0
15.0
20.266667
5.0
15.166667
20.033333
10.033333
5.0
5.133333
5.066667
20.033333
10.0
5.033333
12.033333
15.033333
15.033333
19.7
15.0
5.0
10.2
5.033333
5.0
15.1
10.1
10.066667
11.9
5.133333
5.0
59.866667
141.966667
15.033333
5.133333
15.033333
5.066667
25.133333
5.933333
5.066667
10.133333
5.0
5.066667
10.033333
10.166667
5.2
10.066667
10.1
20.133333
20.433333
25.0
43.9
20.2
5.0
5.1
17.633333
25.1
563.233333
24.933333
91.333333
15.166667
5.033333
5.0
5.1
10.0
152.033333
15.0
20.033333
18.166667
5.066667
10.1
142.0
5.1
5.066667
15.066667
10.1
5.0
5.033333
20.1
5.166667
10.1
20.066667
5.033333
5.133333
5.1
15.033333
10.033333
10.1
16.8
5.0
15.0
10.033333
20.066667
15.0
30.0
10.0
10.133333
5.033333
10.1
10.033333
28.5
152.1
10.066667
41.566667
14.033333
15.1
79.766667
173.866667
20.066667
5.1
5.0
5.033333
10.0
5.0
5.033333
5.1
20.0
15.1
66.4
15.2
15.033333
142.066667
15.2
15.033333
5.1
137.066667
19.9
20.133333
10.1
19.033333
7.533333
5.066667
31.9
144.5
10.1
5.033333
5.033333
15.1
25.066667
15.066667
5.0
15.066667
25.0
10.0
5.0
20.066667
26.533333
68.566667
152.0
166.5
5.033333
284.0
10.033333
10.066667
15.066667
5.0
5.033333
15.133333
5.0
11.766667
241.566667
15.033333
5.233333
5.0
20.2
21.633333
27.3
38.3
21.1
5.1
8.166667
15.1
10.066667
10.0
284.033333
5.133333
20.133333
15.1
10.0
90.966667
15.0
152.0
6.133333
5.033333
157.0
15.033333
15.0
137.1
5.0
5.133333
20.233333
15.066667
20.066667
5.0
10.033333
5.033333
5.1
5.033333
5.033333
5.1
10.1
5.0
10.066667
5.066667
16.033333
25.1
5.033333
5.033333
20.033333
5.033333
20.1
20.166667
5.033333
15.1
5.0
136.9
10.0
10.066667
11.366667
15.033333
15.233333
12.133333
5.033333
25.033333
5.466667
123.633333
5.033333
20.0
10.0
15.133333
5.033333
147.0
5.033333
56.866667
144.7
10.066667
15.066667
10.0
152.0
7.7
10.066667
25.1
25.1
136.9
15.0
5.033333
15.0
5.0
5.066667
20.0
10.233333
374.6
5.1
408.2
25.066667
10.033333
20.0
406.0
5.0
343.066667
10.133333
10.066667
6.733333
5.0
5.0
5.0
5.033333
5.0
20.133333
10.066667
20.2
5.033333
15.066667
20.066667
25.066667
5.133333
10.0
10.066667
5.066667
5.066667
128.933333
29.4
10.1
5.133333
10.166667
10.066667
123.466667
10.2
99.366667
10.033333
10.0
10.033333
10.066667
10.033333
5.0
10.033333
5.066667
5.0
142.166667
5.033333
20.066667
142.1
5.0
15.1
25.166667
157.1
274.1
20.2
5.0
15.033333
137.033333
23.6
5.066667
5.0
10.0
20.1
15.066667
15.133333
137.133333
15.033333
5.0
5.1
25.133333
11.1
5.0
10.133333
106.133333
15.066667
5.066667
20.366667
129.6
20.0
10.1
20.033333
25.133333
20.0
15.033333
10.0
22.6
558.133333
10.133333
5.066667
5.0
5.0
28.766667
10.1
15.066667
69.566667
15.0
5.0
5.033333
15.1
20.166667
5.0
5.166667
20.033333
10.033333
76.933333
5.033333
5.033333
10.133333
5.066667
5.066667
21.166667
5.0
5.066667
76.9
25.133333
10.033333
25.0
5.1
25.066667
10.033333
15.066667
20.0
20.0
20.033333
10.033333
20.166667
5.1
10.0
15.166667
20.133333
25.0
15.0
10.033333
5.1
5.033333
15.0
23.4
25.1
20.066667
5.033333
10.066667
5.033333
25.233333
13.466667
20.166667
10.133333
137.0
15.066667
6.4
5.033333
66.033333
6.2
197.866667
283.833333
5.033333
10.033333
330.6
5.033333
5.0
20.0
5.0
5.033333
25.366667
5.033333
15.0
25.133333
5.1
5.1
15.1
10.133333
5.033333
5.0
30.0
15.066667
11.733333
5.0
10.1
5.066667
5.066667
10.0
5.0
20.0
30.566667
19.066667
5.066667
15.133333
20.2
15.0
10.033333
15.033333
10.066667
15.266667
15.2
5.266667
10.033333
5.1
25.133333
5.033333
15.0
5.033333
15.1
20.033333
10.1
15.066667
15.133333
5.033333
10.133333
15.033333
15.1
5.066667
146.966667
136.966667
5.0
10.0
142.0
20.066667
20.066667
5.1
143.733333
15.033333
10.1
25.2
20.033333
10.066667
20.033333
10.1
222.966667
20.066667
5.033333
137.066667
5.0
137.1
5.0
5.033333
10.133333
15.233333
12.3
20.066667
20.2
10.033333
5.0
25.1
10.0
16.033333
137.066667
15.0
5.033333
25.0
25.0
5.066667
5.033333
16.633333
5.033333
10.033333
10.066667
15.1
10.0
157.0
146.966667
5.066667
20.166667
5.0
20.066667
6.333333
15.0
5.033333
20.033333
10.033333
10.066667
10.1
5.033333
10.0
5.1
15.1
20.2
5.0
5.0
10.0
10.1
5.0
5.033333
20.0
5.166667
553.233333
10.1
21.2
5.033333
10.0
20.966667
10.0
5.0
10.1
151.9
15.0
20.0
5.0
5.0
5.066667
5.133333
10.0
5.0
15.0
10.033333
15.166667
5.066667
5.066667
14.566667
10.0
5.1
5.033333
10.0
25.166667
10.066667
20.1
15.0
20.733333
5.1
20.233333
5.133333
15.0
5.133333
5.166667
15.066667
15.0
6.533333
25.066667
51.3
15.0
70.2
15.0
20.0
15.066667
15.033333
5.0
5.0
10.033333
25.133333
10.166667
15.133333
10.1
16.1
5.133333
5.0
142.033333
15.0
10.766667
25.966667
10.033333
284.0
5.033333
137.066667
11.166667
5.0
5.033333
5.0
6.266667
20.033333
15.033333
109.566667
137.033333
148.633333
22.3
208.733333
5.066667
15.033333
10.133333
20.066667
10.0
5.033333
20.066667
10.033333
10.8
20.0
11.166667
5.0
30.433333
20.233333
10.066667
15.0
15.2
10.033333
5.1
10.0
569.733333
15.133333
18.1
152.1
146.966667
5.033333
16.533333
15.0
15.033333
147.1
18.5
151.933333
5.0
5.033333
25.0
10.033333
134.433333
18.1
5.0
5.033333
192.5
5.033333
20.066667
5.0
10.066667
5.066667
15.133333
5.066667
5.0
10.033333
10.033333
25.066667
20.066667
5.033333
5.0
5.033333
10.0
146.966667
10.066667
15.0
10.066667
20.1
152.1
157.3
5.0
5.033333
15.133333
10.0
15.133333
11.533333
5.066667
5.0
20.033333
5.066667
10.1
15.033333
13.733333
20.3
10.166667
30.133333
25.066667
5.1
25.166667
15.0
20.166667
5.033333
5.033333
20.0
15.233333
31.166667
5.033333
5.066667
10.066667
27.8
15.033333
563.2
15.2
5.0
25.033333
15.066667
30.2
20.0
5.066667
5.066667
10.0
28.566667
16.433333
10.066667
5.0
25.233333
10.033333
5.066667
15.033333
25.033333
6.9
8.566667
10.066667
5.033333
23.7
10.166667
10.066667
5.066667
20.133333
85.166667
5.1
19.6
5.0
10.033333
26.966667
20.0
137.033333
20.066667
5.0
5.033333
10.1
20.066667
22.333333
5.066667
5.0
142.0
5.0
101.633333
5.0
151.733333
15.066667
5.033333
65.366667
23.4
5.033333
10.133333
10.166667
7.033333
30.2
5.133333
5.066667
15.033333
5.1
20.133333
15.033333
10.0
10.066667
10.033333
5.066667
15.133333
5.033333
10.1
20.033333
10.1
10.233333
179.9
10.166667
284.066667
152.0
10.0
15.0
15.2
23.2
5.133333
11.033333
25.2
111.4
20.033333
10.133333
20.1
15.1
5.033333
25.066667
5.133333
5.1
18.466667
18.966667
15.066667
8.1
10.066667
5.0
97.9
142.133333
5.0
20.066667
5.0
5.0
30.166667
23.366667
10.166667
5.1
20.033333
15.033333
142.066667
141.966667
5.0
142.066667
152.066667
5.0
10.1
136.766667
5.166667
25.133333
5.033333
15.0
8.0
5.1
5.0
5.0
5.066667
10.1
237.666667
553.333333
15.1
10.066667
10.033333
10.1
5.0
15.133333
25.133333
15.0
10.0
5.0
5.033333
55.866667
10.066667
5.0
5.033333
10.066667
5.066667
5.1
15.0
136.9
5.066667
11.466667
5.0
20.166667
137.0
161.966667
5.0
25.1
141.933333
5.066667
5.033333
10.0
15.066667
33.333333
5.033333
141.966667
21.6
10.0
30.0
137.033333
192.666667
137.066667
5.0
41.9
5.0
16.533333
5.0
5.033333
10.0
5.066667
5.033333
5.1
548.033333
5.0
15.066667
25.133333
21.3
5.133333
580.9
5.133333
20.0
149.833333
15.066667
25.0
10.133333
15.0
10.066667
15.0
20.0
15.066667
30.133333
5.1
5.0
15.1
15.0
30.533333
10.0
10.0
10.1
127.833333
20.133333
5.033333
20.066667
154.233333
5.066667
15.1
5.033333
5.0
5.066667
5.033333
10.033333
20.1
5.1
10.0
20.0
10.033333
15.0
10.0
5.033333
20.0
10.033333
5.0
25.066667
5.033333
10.066667
10.033333
48.6
10.1
5.0
5.166667
157.066667
20.066667
5.0
5.033333
10.033333
5.033333
15.0
5.066667
10.0
5.0
5.033333
347.433333
15.066667
5.0
5.033333
10.0
289.1
10.0
5.0
141.166667
5.1
157.033333
5.133333
269.5
104.866667
20.0
151.0
15.033333
23.6
147.0
17.0
5.066667
48.633333
6.633333
11.1
177.166667
5.0
15.0
5.1
20.2
10.033333
5.166667
142.066667
10.0
10.1
6.433333
5.066667
152.033333
10.2
148.333333
15.0
25.166667
25.0
5.0
10.066667
10.033333
28.766667
10.0
15.066667
5.2
5.033333
26.066667
20.1
20.066667
5.033333
29.166667
5.066667
25.066667
5.066667
10.0
20.066667
5.1
5.2
15.066667
25.0
10.0
15.0
10.033333
5.066667
10.033333
20.166667
5.1
11.166667
5.066667
553.2
147.0
147.066667
10.0
10.066667
10.066667
30.166667
10.033333
5.033333
20.233333
20.0
5.066667
91.6
11.3
15.066667
137.1
15.1
10.033333
258.833333
5.166667
45.533333
15.033333
10.033333
156.4
5.033333
137.066667
30.066667
316.0
5.033333
15.166667
185.466667
25.066667
11.2
10.1
5.166667
5.066667
5.0
5.033333
10.1
20.1
14.533333
5.1
20.066667
5.0
5.033333
8.3
142.066667
20.2
5.033333
15.0
20.066667
15.033333
20.1
9.033333
548.4
5.0
5.0
10.0
5.1
5.0
5.066667
15.133333
5.1
10.0
20.0
5.166667
30.2
47.633333
5.0
10.033333
15.033333
5.166667
10.0
25.133333
5.166667
29.3
73.466667
137.133333
548.233333
10.033333
5.2
548.233333
137.0
5.133333
25.133333
15.133333
15.033333
40.8
5.033333
10.133333
142.066667
5.0
15.0
20.233333
16.333333
15.033333
35.733333
150.533333
5.066667
10.0
15.166667
10.066667
25.066667
20.133333
10.033333
10.9
10.233333
15.0
25.333333
5.033333
68.2
20.0
15.2
10.066667
77.966667
179.133333
25.166667
120.6
16.366667
146.8
15.0
80.233333
91.566667
5.033333
20.0
5.0
5.1
10.166667
15.133333
5.0
5.133333
10.233333
10.233333
15.033333
15.433333
15.133333
5.033333
15.133333
5.0
10.066667
20.033333
15.033333
10.0
10.166667
25.1
269.4
17.466667
20.233333
175.733333
20.0
289.066667
5.133333
5.0
147.066667
10.0
25.0
10.0
5.1
146.933333
15.066667
5.0
106.133333
5.066667
20.266667
5.0
15.033333
24.633333
19.033333
5.066667
20.033333
5.0
10.066667
6.533333
15.066667
5.033333
20.066667
5.1
15.066667
10.166667
10.166667
5.066667
10.033333
5.0
5.066667
10.033333
25.033333
5.0
15.0
20.0
15.166667
10.0
5.033333
15.033333
5.033333
10.133333
20.166667
5.0
20.1
5.033333
10.0
203.866667
137.066667
5.166667
20.0
10.0
309.233333
5.066667
15.0
38.466667
15.966667
5.1
5.033333
10.066667
10.166667
5.066667
10.033333
77.8
5.066667
5.066667
15.066667
20.133333
23.866667
5.033333
10.066667
5.1
16.2
21.333333
160.6
5.166667
10.2
56.4
25.166667
15.1
5.0
142.033333
15.166667
10.033333
5.0
5.0
20.1
10.133333
24.0
11.933333
5.0
10.1
151.966667
10.1
10.066667
5.0
151.9
10.0
25.066667
10.0
20.033333
5.0
18.333333
29.133333
10.033333
125.9
147.633333
20.1
181.833333
25.166667
44.733333
20.066667
15.066667
20.033333
15.033333
10.1
5.0
23.166667
5.133333
153.4
22.666667
15.1
10.033333
5.0
5.033333
15.833333
5.0
5.033333
25.166667
5.0
20.033333
20.0
25.066667
20.1
5.033333
5.033333
8.8
5.033333
115.7
5.0
25.7
6.3
165.333333
123.033333
136.9
157.133333
15.1
137.033333
152.0
157.1
11.633333
20.0
685.266667
15.066667
5.033333
6.366667
5.033333
5.133333
5.0
20.166667
419.633333
5.0
15.0
5.0
5.033333
486.4
5.133333
5.1
10.0
10.0
20.0
15.0
10.0
5.033333
10.133333
10.033333
10.033333
20.2
10.0
5.033333
10.1
30.066667
5.0
10.1
5.033333
5.033333
25.0
5.066667
25.2
10.1
10.066667
15.133333
10.1
20.0
105.7
142.133333
15.1
5.166667
10.0
20.166667
5.033333
10.0
30.1
10.133333
25.166667
5.033333
20.2
10.066667
20.0
204.1
33.6
15.133333
10.0
5.066667
10.033333
10.0
15.033333
19.866667
15.133333
15.0
5.0
5.066667
10.066667
15.0
20.066667
15.2
20.9
15.133333
5.0
5.0
15.066667
15.1
10.1
5.233333
10.066667
5.066667
79.166667
10.066667
5.166667
5.066667
5.2
20.066667
10.166667
5.033333
20.033333
10.0
15.066667
5.066667
49.833333
74.566667
5.066667
5.033333
10.066667
10.1
5.1
10.033333
10.033333
25.033333
20.033333
20.0
5.0
5.066667
5.1
5.033333
5.133333
5.033333
15.033333
88.566667
10.0
147.1
157.133333
10.1
10.066667
10.133333
10.066667
5.1
15.066667
239.266667
25.866667
15.166667
10.0
15.033333
10.0
5.1
5.033333
16.2
10.0
5.033333
141.766667
5.033333
136.866667
20.0
5.133333
137.1
146.9
16.8
12.0
57.533333
10.033333
20.1
5.033333
5.133333
15.066667
15.033333
5.133333
10.0
10.1
15.066667
11.666667
15.0
5.133333
5.033333
5.033333
5.166667
5.0
10.033333
15.0
10.066667
10.066667
79.666667
56.833333
5.066667
5.0
147.0
15.033333
146.833333
5.0
5.066667
15.0
15.266667
25.133333
5.0
5.0
10.1
5.1
10.066667
20.0
9.3
20.066667
120.5
10.033333
5.033333
30.033333
142.0
151.833333
5.233333
127.833333
5.033333
5.033333
152.166667
5.0
5.066667
25.1
10.066667
15.166667
15.233333
10.0
5.066667
5.066667
15.066667
17.8
15.133333
136.9
141.933333
10.033333
10.033333
136.966667
5.1
5.2
20.0
21.066667
10.133333
15.0
25.0
577.2
5.0
183.2
15.0
5.0
10.133333
15.0
5.0
20.0
5.1
5.066667
20.966667
15.133333
5.0
136.866667
10.066667
137.033333
5.066667
157.4
15.1
15.133333
15.0
151.933333
152.7
15.033333
159.4
25.2
141.966667
15.0
5.1
142.066667
5.033333
30.033333
20.066667
5.1
5.166667
20.033333
6.4
5.033333
15.1
5.0
29.133333
10.0
210.9
150.033333
20.066667
231.0
152.0
15.133333
152.0
15.033333
10.133333
10.1
5.0
10.033333
5.0
20.1
20.1
15.166667
5.0
15.066667
5.033333
30.0
10.1
25.1
5.0
5.166667
20.1
42.433333
10.033333
142.033333
16.2
5.033333
20.033333
10.0
5.0
26.966667
18.1
10.033333
121.833333
137.0
5.066667
5.133333
21.733333
15.0
20.2
15.033333
15.0
15.166667
242.4
15.033333
10.0
10.066667
20.3
5.0
136.733333
5.0
5.0
14.533333
10.066667
10.0
137.133333
15.0
137.066667
15.033333
20.133333
20.1
139.766667
20.0
5.0
5.0
5.0
5.0
60.3
5.1
10.166667
69.266667
16.933333
5.1
157.233333
5.0
5.1
15.0
10.033333
10.0
5.033333
5.1
20.0
5.033333
10.066667
5.0
10.1
10.033333
25.1
15.2
22.033333
5.033333
5.066667
10.0
135.7
5.033333
20.166667
5.066667
142.0
157.166667
5.133333
15.066667
5.033333
5.0
10.1
5.0
5.0
10.033333
16.566667
5.0
5.066667
141.833333
142.0
20.133333
10.0
21.3
44.3
5.133333
10.033333
20.266667
10.0
15.033333
5.033333
5.2
25.0
5.0
5.133333
63.266667
10.0
10.1
5.0
15.066667
10.1
5.166667
20.2
5.133333
25.2
5.066667
5.066667
20.233333
10.033333
20.166667
30.2
20.233333
10.066667
15.0
15.0
15.033333
10.033333
10.033333
25.033333
10.133333
13.266667
57.866667
10.066667
5.0
5.1
30.133333
10.066667
10.0
5.0
25.033333
15.033333
5.0
10.133333
15.133333
5.066667
20.0
10.066667
10.066667
5.033333
16.533333
5.1
104.366667
20.1
20.066667
10.033333
15.0
28.6
10.033333
5.0
7.533333
20.1
5.033333
141.933333
10.133333
5.066667
250.433333
152.033333
157.1
137.2
15.1
20.0
10.066667
5.0
20.066667
64.733333
22.033333
5.0
15.033333
5.133333
565.8
10.0
76.633333
5.066667
5.033333
10.033333
5.2
5.066667
152.1
146.933333
136.966667
5.066667
20.0
15.1
5.0
32.266667
5.066667
5.0
10.066667
10.066667
20.133333
10.066667
5.1
5.066667
10.066667
5.066667
6.933333
30.1
15.233333
5.033333
15.033333
20.033333
13.366667
10.0
25.033333
137.066667
15.066667
5.066667
10.1
15.0
5.1
5.0
20.166667
5.0
20.5
10.033333
5.0
5.1
152.1
25.133333
5.0
5.033333
10.1
5.1
15.133333
10.033333
62.0
20.033333
20.1
15.033333
5.066667
20.2
25.133333
5.0
30.066667
20.033333
20.0
20.033333
10.066667
10.1
553.233333
5.1
5.0
15.066667
5.033333
10.0
5.1
248.0
10.2
5.1
30.0
62.633333
122.933333
10.1
5.0
15.0
15.033333
5.0
152.733333
20.1
20.4
10.166667
5.0
5.066667
20.133333
5.033333
15.1
25.5
5.0
21.633333
15.133333
10.2
15.0
5.033333
26.966667
21.166667
5.033333
5.0
5.066667
5.033333
15.0
20.133333
15.033333
15.033333
10.1
10.133333
5.066667
5.066667
159.233333
5.0
147.266667
15.033333
20.2
10.0
20.0
15.066667
15.033333
22.933333
15.066667
157.133333
16.4
10.033333
245.666667
25.066667
15.033333
10.066667
5.033333
137.066667
156.966667
17.966667
10.033333
5.0
136.966667
27.633333
10.066667
25.166667
5.033333
20.1
22.466667
16.466667
20.033333
15.0
15.133333
25.033333
16.633333
5.133333
157.666667
20.233333
15.033333
10.1
10.0
5.1
20.0
5.133333
130.966667
151.866667
15.1
10.0
15.0
10.033333
5.0
10.0
15.133333
30.166667
17.533333
10.133333
5.066667
146.966667
5.1
5.0
10.133333
5.0
5.033333
10.033333
5.0
5.133333
10.066667
20.1
5.1
10.133333
5.033333
13.6
5.0
15.0
15.033333
145.066667
157.733333
10.066667
147.0
5.033333
15.0
10.066667
5.0
15.066667
5.133333
25.0
20.033333
5.033333
10.166667
15.1
15.033333
5.1
21.533333
164.066667
15.0
10.0
15.0
10.1
5.0
137.0
10.066667
13.366667
5.1
30.033333
15.133333
5.066667
15.033333
5.066667
20.166667
15.0
10.033333
15.166667
10.033333
25.066667
16.233333
15.0
5.033333
5.033333
5.066667
20.0
10.033333
11.2
5.066667
10.066667
11.333333
134.666667
15.066667
278.7
72.433333
5.0
20.033333
10.0
10.0
24.5
15.133333
10.166667
10.1
25.133333
10.066667
35.633333
5.0
20.033333
5.166667
187.566667
10.033333
10.2
20.0
10.0
18.7
11.366667
155.233333
279.033333
5.1
15.0
157.133333
157.166667
15.2
5.0
16.333333
137.066667
10.1
15.066667
5.133333
157.1
20.0
10.066667
20.2
10.1
5.033333
5.033333
153.533333
5.066667
137.033333
10.166667
10.0
10.066667
145.966667
5.0
5.033333
15.033333
117.3
16.766667
141.833333
5.033333
167.133333
15.033333
20.1
12.433333
5.033333
15.033333
25.166667
12.333333
15.133333
5.033333
25.633333
10.0
23.666667
15.033333
7.8
123.633333
136.9
142.066667
21.6
20.133333
10.0
25.033333
20.066667
5.066667
5.0
5.0
5.2
20.133333
20.133333
10.066667
20.1
15.133333
10.0
5.066667
25.2
15.0
553.3
10.033333
20.133333
15.066667
5.0
15.966667
5.0
5.033333
10.033333
152.9
15.166667
15.033333
5.1
10.066667
5.066667
5.033333
5.0
25.1
15.2
15.166667
5.066667
5.033333
15.133333
10.0
20.066667
15.133333
22.033333
20.133333
5.133333
21.0
20.0
5.066667
5.033333
141.9
5.1
27.5
15.133333
142.1
20.066667
15.0
15.066667
15.0
10.1
15.133333
10.133333
142.066667
15.166667
5.033333
5.066667
284.233333
20.0
10.066667
5.0
548.233333
10.133333
5.1
10.166667
10.1
510.833333
5.0
5.2
553.5
5.033333
15.133333
5.133333
25.133333
10.0
10.033333
6.933333
10.066667
11.833333
16.733333
62.633333
10.1
142.0
10.033333
11.0
5.033333
20.166667
24.2
17.266667
527.466667
20.066667
10.1
5.0
15.166667
20.1
15.033333
10.033333
136.866667
5.2
5.0
5.033333
73.9
20.066667
15.1
10.0
15.133333
5.033333
20.1
5.033333
146.833333
15.166667
26.366667
142.033333
5.033333
136.9
539.233333
153.9
30.2
156.0
225.3
5.1
24.066667
5.033333
10.033333
5.066667
20.066667
15.2
5.033333
20.0
20.0
5.066667
5.0
15.033333
5.1
21.266667
48.133333
5.033333
15.0
20.133333
5.0
25.233333
11.566667
10.066667
16.733333
143.266667
5.033333
15.033333
289.066667
20.1
5.633333
15.066667
15.066667
10.0
10.033333
157.066667
154.133333
106.433333
25.1
10.1
284.2
5.0
15.0
15.066667
5.066667
10.1
5.033333
15.1
142.2
136.966667
15.133333
15.066667
10.066667
5.033333
15.0
5.0
5.0
15.033333
152.066667
16.133333
5.033333
599.333333
147.066667
5.0
147.1
5.066667
10.033333
20.066667
5.1
5.166667
5.0
20.066667
5.033333
5.033333
32.5
119.6
15.1
137.033333
20.166667
25.0
15.0
11.633333
25.0
5.033333
5.033333
116.033333
30.1
5.133333
10.066667
5.033333
25.1
5.033333
400.7
10.0
10.066667
10.033333
605.466667
5.933333
20.033333
548.266667
5.066667
25.0
15.033333
26.0
5.0
20.233333
20.066667
10.0
5.066667
15.1
22.666667
10.0
5.0
25.233333
20.133333
5.133333
15.0
5.0
5.1
15.066667
146.8
5.0
141.966667
20.233333
62.1
141.866667
5.1
5.033333
20.2
5.133333
136.966667
16.533333
5.0
5.1
10.133333
17.133333
5.033333
131.866667
146.933333
147.033333
152.133333
20.0
152.133333
5.0
10.2
5.066667
5.0
8.433333
5.1
15.0
15.033333
20.066667
29.0
15.033333
5.0
5.066667
10.0
10.0
15.133333
20.1
15.166667
5.066667
5.0
5.1
5.066667
5.033333
5.0
15.133333
10.1
25.066667
10.133333
5.066667
11.966667
10.066667
5.066667
5.0
10.033333
20.0
10.166667
146.833333
5.033333
5.033333
10.066667
25.166667
5.133333
5.066667
25.066667
16.1
10.1
5.1
15.066667
5.033333
20.1
15.033333
25.1
15.066667
5.033333
10.1
15.033333
10.0
25.066667
10.033333
5.0
15.0
5.1
5.066667
5.133333
5.066667
25.266667
15.066667
10.033333
20.1
15.2
20.133333
10.0
15.133333
5.033333
25.1
20.133333
10.033333
5.0
156.7
30.033333
11.333333
5.0
136.966667
141.933333
5.166667
15.033333
5.0
10.066667
12.2
5.166667
24.633333
255.7
5.066667
5.033333
15.033333
5.033333
15.066667
15.0
10.066667
20.166667
6.433333
15.0
20.1
5.033333
26.2
5.0
15.0
5.0
10.0
17.5
15.166667
15.233333
5.1
20.0
10.0
5.0
136.9
5.066667
5.033333
15.0
5.0
10.166667
15.133333
10.033333
5.166667
20.066667
20.166667
548.233333
10.0
10.733333
21.7
10.0
5.033333
21.333333
5.033333
5.0
5.0
5.066667
20.033333
5.033333
10.033333
20.3
5.066667
14.6
137.0
5.0
15.0
10.2
20.1
5.0
5.033333
548.233333
20.0
20.066667
20.1
15.033333
15.033333
20.066667
21.7
10.0
6.633333
5.0
10.0
5.066667
6.7
152.033333
10.0
10.033333
5.033333
558.333333
5.033333
15.033333
20.1
20.0
10.033333
10.033333
5.033333
15.066667
5.1
5.033333
20.066667
20.1
5.066667
20.1
15.0
25.266667
5.133333
25.2
16.6
141.866667
10.033333
112.266667
10.1
15.333333
21.9
13.3
121.966667
152.2
134.366667
14.666667
5.0
137.0
283.966667
22.1
10.166667
20.033333
20.066667
11.1
10.033333
15.1
192.266667
149.233333
5.133333
5.033333
25.0
69.366667
20.1
15.066667
5.0
10.066667
5.033333
5.1
10.133333
15.166667
5.1
13.233333
5.0
10.133333
5.033333
5.166667
5.033333
5.0
5.233333
15.166667
10.133333
5.1
5.0
15.0
20.133333
10.0
15.133333
15.133333
27.066667
121.5
142.166667
20.066667
30.0
20.0
10.133333
147.1
147.133333
15.066667
15.066667
20.033333
5.1
20.066667
15.033333
5.033333
137.066667
10.0
20.166667
10.133333
10.066667
20.133333
5.066667
5.1
25.3
5.033333
24.933333
10.066667
11.433333
6.1
5.066667
107.133333
157.0
147.0
5.033333
5.133333
147.1
5.0
10.0
10.0
10.033333
10.133333
137.166667
152.033333
15.133333
20.066667
20.166667
5.1
5.0
10.0
10.033333
15.0
5.033333
10.066667
5.033333
15.033333
5.1
137.1
137.166667
10.133333
5.1
157.133333
20.133333
10.1
10.133333
14.166667
141.9
10.0
137.0
15.166667
28.233333
5.0
20.2
268.5
86.233333
15.166667
25.2
20.166667
16.233333
5.0
22.8
15.0
10.133333
15.166667
10.033333
20.033333
22.733333
15.0
32.733333
20.133333
30.133333
20.066667
27.566667
147.1
5.066667
5.033333
5.066667
5.033333
152.066667
151.866667
20.0
10.0
8.366667
5.066667
15.066667
16.4
108.2
156.7
17.633333
5.033333
15.0
10.066667
5.1
15.0
83.433333
5.033333
5.133333
548.2
5.133333
5.1
15.033333
5.0
20.033333
116.766667
20.0
10.0
145.533333
5.133333
86.8
5.0
115.566667
20.1
138.5
145.366667
6.066667
10.033333
5.066667
15.0
15.033333
25.066667
5.133333
10.033333
30.0
20.033333
5.1
20.166667
8.833333
5.033333
5.033333
20.0
15.066667
21.533333
15.233333
20.0
40.933333
120.8
5.066667
6.0
137.033333
10.033333
121.1
132.433333
165.6
136.866667
15.033333
20.133333
5.033333
5.0
137.0
15.033333
10.133333
25.133333
10.0
10.0
20.0
20.033333
10.066667
20.066667
10.066667
30.2
23.166667
5.033333
13.166667
10.0
161.966667
147.0
15.0
25.2
20.7
10.033333
5.0
5.033333
34.7
108.4
16.566667
10.0
15.0
5.033333
15.066667
15.033333
20.0
25.233333
11.633333
6.366667
24.733333
34.8
137.1
203.533333
5.0
20.0
25.166667
57.333333
5.033333
5.033333
5.1
10.066667
10.066667
10.033333
15.133333
10.966667
5.033333
7.233333
10.033333
10.1
20.033333
10.033333
5.1
5.066667
152.166667
20.0
20.0
10.066667
142.033333
10.1
152.133333
151.933333
5.0
15.033333
25.1
15.0
10.066667
5.033333
5.0
548.2
30.033333
5.133333
5.0
5.0
20.166667
34.066667
5.1
10.0
22.3
90.833333
5.033333
288.933333
23.3
136.966667
5.0
149.5
180.866667
25.0
277.366667
152.2
37.8
10.066667
140.7
19.566667
16.666667
10.0
8.6
19.866667
25.033333
10.1
5.1
10.033333
15.066667
15.0
5.0
68.0
15.066667
20.0
11.666667
5.066667
15.033333
147.066667
11.866667
142.066667
5.0
5.0
157.1
5.1
15.1
5.0
15.033333
5.033333
10.066667
15.066667
25.4
5.033333
15.1
10.1
20.0
5.0
20.2
33.2
25.066667
5.066667
5.033333
10.0
20.0
5.0
11.166667
446.466667
10.133333
18.733333
10.2
46.5
5.0
22.0
146.866667
10.133333
29.466667
274.133333
15.0
15.033333
20.033333
5.0
10.066667
13.866667
15.2
10.166667
23.766667
83.633333
10.2
15.0
25.133333
5.033333
10.133333
5.166667
5.066667
15.2
15.033333
25.133333
25.233333
20.066667
10.133333
20.066667
10.033333
10.066667
15.033333
28.433333
15.033333
159.133333
219.733333
15.033333
136.966667
10.066667
147.0
10.033333
25.033333
10.066667
5.166667
10.133333
33.333333
5.066667
5.033333
5.066667
15.033333
20.0
5.1
20.066667
5.066667
20.066667
21.133333
10.0
10.033333
74.533333
141.8
10.033333
5.066667
147.2
10.0
10.133333
5.1
20.2
20.033333
548.166667
5.066667
15.0
15.066667
15.166667
5.066667
10.0
15.133333
15.066667
5.1
20.033333
5.0
10.033333
15.1
20.0
15.0
15.066667
5.0
10.1
10.0
5.133333
10.1
5.0
25.0
5.033333
5.0
5.033333
10.166667
5.033333
20.166667
5.0
20.033333
25.166667
5.033333
5.2
15.033333
20.0
34.433333
10.133333
5.066667
142.066667
10.033333
136.8
15.1
15.033333
142.033333
116.3
10.0
30.033333
20.2
15.0
20.133333
15.033333
5.033333
13.366667
20.2
10.1
5.066667
157.1
11.366667
5.166667
157.133333
15.133333
10.0
6.7
20.333333
5.0
10.1
5.066667
5.033333
20.0
20.0
5.033333
5.0
15.033333
15.166667
15.0
20.3
10.1
5.033333
20.0
14.033333
18.933333
11.366667
116.366667
156.1
548.233333
284.066667
548.3
284.033333
25.133333
15.1
5.066667
15.033333
5.0
10.366667
10.066667
5.0
11.333333
16.1
5.0
10.133333
5.133333
108.733333
134.633333
10.066667
15.0
5.033333
15.033333
5.0
10.033333
15.033333
20.066667
15.066667
10.133333
5.0
10.033333
20.033333
5.0
125.9
142.1
15.033333
162.166667
5.033333
20.0
10.0
5.033333
10.0
5.033333
5.066667
5.066667
25.066667
5.0
141.966667
146.833333
5.133333
10.166667
10.166667
31.2
20.933333
43.5
5.066667
15.166667
21.466667
20.166667
10.066667
15.0
6.4
15.133333
15.133333
10.1
20.0
5.033333
15.133333
31.433333
219.633333
5.0
5.066667
76.9
20.1
5.0
10.0
15.033333
5.0
5.066667
10.066667
31.166667
5.133333
10.066667
545.2
10.066667
5.1
20.0
5.033333
5.1
5.0
5.033333
5.033333
5.033333
5.133333
20.2
5.066667
10.066667
5.066667
5.1
15.033333
10.2
11.133333
20.0
20.066667
147.033333
137.0
10.0
157.033333
5.0
10.1
79.1
5.033333
15.133333
10.033333
10.0
23.733333
20.0
5.0
5.066667
15.1
10.066667
141.733333
152.033333
5.1
10.066667
146.833333
5.0
152.066667
176.2
5.0
20.066667
5.0
5.033333
10.1
28.833333
10.0
10.033333
15.1
30.033333
553.533333
5.233333
15.133333
12.666667
57.4
5.1
137.0
152.1
137.1
147.033333
10.233333
176.433333
15.066667
149.633333
10.1
10.1
44.966667
15.1
5.033333
20.0
26.1
10.1
20.033333
6.6
153.133333
56.166667
110.166667
5.066667
15.1
15.0
20.266667
156.966667
25.033333
5.0
5.033333
15.1
152.166667
15.033333
22.633333
11.166667
28.633333
5.033333
10.066667
5.1
5.066667
5.1
5.066667
25.066667
20.133333
5.066667
5.0
10.1
10.1
5.0
20.5
15.166667
5.0
128.066667
15.0
5.0
21.9
10.033333
5.033333
5.433333
27.7
25.033333
10.0
15.0
20.0
25.166667
5.033333
30.133333
10.033333
5.033333
20.133333
20.0
12.066667
20.1
20.166667
20.0
15.133333
20.1
35.2
5.033333
15.1
15.066667
20.2
15.0
5.066667
5.066667
10.033333
25.166667
109.633333
5.133333
5.133333
152.1
25.2
5.0
20.0
553.2
10.033333
5.033333
10.1
10.0
10.033333
25.133333
16.533333
84.666667
137.1
20.166667
16.866667
157.0
15.0
5.166667
15.0
5.0
10.033333
25.266667
5.0
15.133333
29.066667
21.866667
9.4
5.033333
5.066667
142.033333
15.033333
5.0
136.6
5.166667
15.0
5.033333
20.1
5.0
10.033333
5.033333
25.1
10.033333
20.133333
54.866667
5.033333
15.066667
5.1
10.066667
30.066667
10.1
15.0
5.033333
25.266667
15.033333
20.1
5.166667
5.0
30.133333
17.566667
15.1
15.133333
21.633333
553.2
54.466667
15.033333
5.033333
10.033333
552.833333
15.033333
10.1
10.1
22.9
10.133333
15.066667
10.0
5.033333
20.066667
15.1
5.133333
5.066667
5.0
5.166667
5.0
10.033333
10.0
15.0
10.5
25.0
15.0
20.0
20.166667
5.0
15.066667
5.066667
15.0
11.3
15.033333
5.0
5.0
558.166667
10.033333
25.3
5.0
265.8
20.033333
10.066667
452.933333
204.0
15.066667
15.133333
5.0
15.066667
5.033333
20.2
5.0
10.1
15.2
18.333333
20.1
15.0
15.1
15.333333
143.733333
30.033333
284.0
15.033333
5.066667
96.633333
15.066667
5.066667
10.033333
5.066667
15.0
20.1
5.133333
20.033333
5.133333
5.0
10.266667
20.0
36.7
6.066667
5.166667
45.0
142.0
15.133333
151.233333
5.133333
93.0
15.0
5.033333
10.033333
156.933333
5.0
10.0
20.133333
5.0
5.0
5.033333
23.666667
19.133333
15.033333
5.2
125.333333
5.0
147.033333
15.166667
25.033333
15.0
20.066667
5.066667
10.133333
5.033333
25.0
5.033333
5.033333
5.1
8.266667
5.066667
134.2
157.533333
10.0
5.0
21.2
15.0
10.0
553.566667
5.033333
15.166667
5.1
5.066667
5.066667
5.1
10.0
5.066667
10.0
5.033333
5.066667
20.066667
10.1
147.133333
10.1
5.0
10.0
15.033333
5.0
10.133333
10.1
25.0
20.033333
5.066667
15.066667
5.0
5.033333
553.266667
147.066667
5.0
5.066667
548.233333
142.0
142.1
5.0
10.166667
5.033333
5.066667
5.066667
137.166667
5.066667
5.1
157.1
166.6
15.033333
10.066667
20.033333
15.0
152.0
20.1
5.033333
15.066667
72.8
209.733333
74.4
44.633333
10.033333
36.633333
283.966667
10.133333
147.1
274.133333
5.033333
5.0
25.033333
226.1
10.2
5.133333
20.1
5.1
5.0
5.1
10.066667
5.033333
20.133333
5.033333
25.1
15.066667
20.033333
15.133333
20.1
20.1
5.066667
20.066667
5.0
15.133333
15.066667
10.1
5.133333
137.0
142.0
16.066667
25.066667
15.0
15.1
137.0
10.133333
10.033333
157.0
15.533333
15.033333
15.066667
149.366667
15.133333
157.1
5.0
41.5
10.466667
62.2
5.033333
5.133333
54.9
5.066667
20.1
63.633333
10.033333
5.0
25.066667
20.066667
15.7
10.0
7.033333
20.066667
21.733333
5.066667
15.033333
73.9
20.033333
548.3
56.866667
5.0
25.066667
5.0
25.066667
10.066667
10.033333
141.966667
137.033333
5.033333
10.0
76.566667
5.0
147.1
15.133333
10.1
165.366667
5.033333
136.9
5.166667
5.0
10.133333
20.133333
299.8
5.033333
189.366667
5.0
5.066667
190.3
15.0
10.0
5.033333
5.0
15.033333
10.133333
16.2
20.0
16.4
5.1
136.966667
127.933333
563.3
548.233333
133.466667
94.566667
15.166667
18.8
10.0
88.466667
113.366667
5.133333
10.3
5.033333
5.1
15.1
7.433333
20.133333
25.466667
5.133333
137.1
15.1
157.066667
541.8
553.2
10.066667
20.166667
11.233333
15.0
15.2
558.266667
10.233333
10.133333
142.1
20.1
20.133333
142.133333
10.133333
5.066667
25.733333
137.033333
15.1
15.033333
10.0
5.066667
24.7
553.233333
5.1
10.0
20.066667
15.033333
15.1
15.033333
5.233333
69.666667
5.066667
236.666667
5.0
10.1
25.066667
10.333333
15.033333
5.066667
5.0
24.133333
25.0
5.0
5.0
5.033333
20.066667
5.1
20.1
10.166667
25.366667
81.1
5.066667
112.7
87.5
15.066667
15.0
10.0
10.0
20.0
10.066667
58.733333
10.033333
60.266667
5.0
20.066667
30.0
30.0
20.0
5.0
20.033333
5.133333
118.366667
15.0
5.033333
10.1
5.033333
20.066667
20.2
20.066667
25.366667
5.066667
25.1
142.033333
157.1
15.1
5.033333
5.066667
137.0
26.0
136.866667
15.033333
10.0
5.0
415.966667
5.066667
15.0
5.066667
10.0
5.133333
10.133333
15.1
10.0
20.233333
5.0
11.333333
181.333333
348.333333
5.1
5.0
15.133333
15.033333
152.133333
5.1
15.233333
25.033333
144.466667
563.233333
10.033333
25.066667
10.133333
5.033333
5.033333
20.0
5.0
5.033333
553.333333
26.6
15.066667
5.1
18.633333
72.5
15.1
20.0
15.0
10.0
5.1
20.033333
20.0
83.033333
5.033333
20.0
20.1
10.066667
10.0
5.0
27.333333
10.0
10.0
20.0
15.066667
5.066667
5.033333
5.066667
18.7
10.166667
5.033333
10.133333
20.133333
5.033333
20.066667
30.2
5.066667
15.0
61.766667
5.1
20.066667
10.033333
5.033333
142.066667
5.033333
5.2
20.1
10.1
10.033333
6.966667
25.033333
5.033333
136.966667
5.0
10.033333
15.0
10.033333
5.133333
5.0
5.066667
20.366667
10.033333
16.7
5.0
10.066667
20.1
5.0
10.066667
25.033333
5.1
151.3
142.0
5.033333
35.7
16.233333
10.0
25.066667
5.066667
13.3
20.033333
20.0
15.133333
5.066667
16.033333
96.166667
20.166667
15.166667
5.066667
144.266667
152.066667
20.0
15.2
136.866667
239.333333
10.133333
158.7
15.033333
84.166667
5.133333
15.0
133.7
25.1
16.766667
15.066667
10.066667
25.1
5.033333
5.066667
152.1
10.1
10.066667
31.8
5.033333
10.0
5.033333
10.066667
20.0
20.066667
5.1
5.0
10.1
20.066667
22.366667
5.0
15.1
52.9
15.066667
5.1
10.033333
15.0
10.066667
5.033333
15.7
5.0
5.033333
5.033333
20.0
5.0
90.1
10.066667
19.833333
10.033333
5.066667
5.1
15.0
5.133333
10.066667
5.233333
5.066667
15.133333
20.1
10.066667
10.066667
15.0
10.0
5.133333
5.033333
10.033333
6.166667
10.033333
128.933333
10.233333
25.1
15.033333
5.066667
20.2
77.0
15.0
5.033333
5.033333
5.1
15.033333
20.066667
10.066667
20.1
10.0
15.0
11.1
19.4
15.233333
7.2
25.033333
323.966667
30.266667
25.2
202.4
15.0
10.0
10.1
5.033333
16.7
21.066667
20.0
20.0
5.066667
157.1
10.066667
20.1
142.0
10.033333
5.066667
20.1
10.0
137.0
5.066667
146.933333
5.033333
15.0
5.066667
5.066667
15.066667
15.066667
5.0
15.066667
10.0
25.533333
18.333333
20.166667
10.033333
25.1
10.066667
18.633333
25.233333
10.066667
5.0
5.066667
5.066667
20.133333
5.066667
20.0
10.1
5.0
15.066667
5.0
10.166667
15.133333
10.1
5.2
58.8
5.133333
5.1
5.0
10.066667
30.066667
20.066667
10.033333
5.033333
48.833333
7.1
10.066667
124.766667
10.133333
5.0
5.033333
15.2
6.9
20.1
15.033333
5.033333
20.066667
15.5
10.0
15.1
20.066667
6.1
10.066667
20.0
20.033333
20.033333
6.033333
10.033333
5.0
5.1
22.166667
10.033333
5.0
20.0
15.066667
15.1
15.133333
5.133333
5.0
5.033333
5.066667
5.033333
5.066667
5.066667
5.0
5.066667
15.1
5.066667
15.033333
20.133333
71.5
8.866667
20.133333
20.0
10.0
5.066667
20.133333
20.0
5.1
15.033333
11.033333
26.266667
5.1
15.133333
20.133333
145.866667
20.033333
5.1
23.166667
5.033333
21.2
18.2
5.066667
10.1
15.066667
10.0
156.9
10.033333
15.166667
5.133333
5.066667
5.033333
5.066667
5.133333
15.033333
5.066667
11.5
25.233333
5.033333
136.9
10.033333
137.133333
16.566667
157.0
20.033333
125.4
5.1
20.166667
10.1
5.066667
5.033333
20.0
15.033333
5.033333
15.066667
5.033333
5.033333
10.166667
10.133333
15.033333
30.1
5.033333
41.533333
18.2
15.0
157.0
15.033333
5.0
5.033333
5.0
5.0
15.1
10.066667
5.033333
553.366667
5.2
5.066667
10.066667
5.0
10.133333
20.1
133.633333
10.0
5.033333
157.033333
15.0
10.166667
19.7
11.166667
210.4
130.033333
142.066667
20.066667
10.366667
5.1
152.0
5.033333
5.0
10.0
20.1
5.033333
20.066667
5.0
15.033333
20.033333
5.066667
5.066667
5.033333
5.0
15.0
5.1
5.133333
5.0
10.066667
62.166667
15.1
15.033333
5.033333
10.0
36.066667
5.033333
5.1
20.033333
15.1
15.0
25.033333
137.333333
5.033333
25.933333
17.6
26.033333
5.1
5.033333
21.5
10.0
20.1
142.1
6.166667
5.133333
10.033333
10.033333
10.0
10.0
5.133333
5.0
15.066667
30.166667
15.066667
15.266667
10.0
10.066667
20.033333
5.133333
15.0
5.133333
5.0
20.1
5.0
10.033333
5.0
5.0
5.033333
10.066667
5.0
6.033333
147.0
20.066667
5.0
15.033333
5.166667
15.066667
15.266667
5.033333
18.466667
10.2
5.0
15.066667
15.033333
10.1
5.133333
5.0
250.366667
5.0
5.033333
142.166667
25.166667
20.066667
5.066667
20.0
15.033333
20.1
5.0
5.033333
21.7
20.1
5.0
5.066667
10.066667
5.1
10.1
5.0
5.2
70.833333
10.166667
15.1
5.033333
137.066667
152.066667
20.033333
72.1
20.0
99.4
126.266667
5.0
10.166667
10.033333
15.033333
15.2
20.033333
10.0
23.566667
16.366667
16.833333
10.0
157.1
55.133333
147.0
10.0
159.8
284.033333
281.233333
142.133333
256.933333
10.133333
5.066667
5.0
5.066667
20.166667
25.066667
20.166667
10.0
10.166667
36.5
5.1
20.133333
10.033333
5.0
41.2
15.1
58.233333
20.066667
10.1
10.0
5.1
20.0
15.033333
15.0
15.133333
15.166667
15.0
5.0
23.366667
21.233333
29.9
152.6
5.033333
5.033333
5.166667
25.0
25.166667
5.0
5.066667
142.033333
147.066667
10.0
20.066667
10.0
15.0
5.066667
15.066667
5.0
10.033333
20.166667
5.2
5.0
20.1
15.066667
20.033333
11.366667
5.066667
25.0
15.2
5.033333
25.233333
10.066667
20.1
5.1
15.033333
19.6
10.0
20.4
15.166667
5.0
5.033333
15.133333
15.066667
22.966667
20.066667
10.1
15.133333
20.066667
25.3
13.1
5.133333
20.166667
20.1
11.5
5.133333
15.066667
10.0
21.966667
20.066667
61.766667
8.866667
49.3
53.533333
5.2
147.133333
15.2
35.666667
25.066667
5.066667
5.033333
15.033333
180.2
10.0
10.1
15.166667
21.6
20.0
25.033333
15.1
5.1
20.0
10.066667
15.033333
26.533333
6.166667
16.333333
11.2
17.533333
15.1
5.1
162.033333
5.033333
78.333333
5.066667
5.0
10.066667
157.466667
147.233333
5.0
137.0
154.2
5.066667
5.0
20.0
20.0
15.0
80.666667
5.266667
122.6
10.066667
5.0
30.2
137.033333
270.633333
156.166667
20.0
15.133333
18.9
46.5
19.4
10.033333
137.033333
270.2
20.033333
5.066667
20.0
10.033333
20.0
5.0
10.033333
10.133333
10.133333
25.066667
5.133333
5.066667
22.3
10.1
15.0
20.0
152.1
101.466667
20.0
142.0
20.033333
20.033333
21.666667
129.9
10.0
5.033333
284.033333
5.066667
5.033333
5.033333
10.033333
15.066667
5.0
10.066667
10.033333
5.166667
5.033333
15.2
20.0
10.0
10.233333
5.033333
15.166667
15.1
10.9
15.0
5.1
16.166667
15.233333
5.033333
30.133333
5.066667
5.033333
10.0
5.033333
20.066667
10.2
10.0
5.033333
10.1
5.066667
5.066667
16.233333
5.1
9.0
137.033333
15.066667
15.1
5.1
10.033333
25.1
5.0
15.0
15.133333
20.266667
20.066667
20.0
15.266667
5.033333
25.066667
20.133333
20.133333
5.033333
10.0
5.0
10.033333
10.0
137.033333
5.0
147.066667
156.933333
5.033333
10.033333
63.833333
15.0
5.1
20.233333
10.0
15.033333
5.066667
10.033333
10.066667
15.1
30.066667
5.066667
5.0
5.033333
10.033333
5.033333
25.1
10.066667
5.066667
5.533333
20.0
15.166667
10.0
90.2
137.033333
98.4
20.1
15.0
33.566667
5.0
5.066667
15.0
23.233333
5.0
10.0
10.0
15.0
5.0
5.1
10.1
5.133333
20.1
5.066667
5.1
5.066667
15.033333
15.0
5.0
15.033333
5.0
16.2
553.233333
10.033333
5.1
10.033333
57.833333
5.2
275.233333
5.033333
10.033333
5.1
5.033333
5.033333
25.033333
147.0
142.0
5.033333
5.0
5.166667
20.0
125.1
5.033333
147.066667
137.066667
137.033333
5.066667
10.066667
15.033333
5.033333
5.066667
10.033333
5.033333
20.033333
10.066667
15.1
20.166667
10.1
10.066667
20.8
5.033333
44.533333
553.4
15.066667
10.166667
5.033333
15.033333
15.0
20.166667
53.9
5.033333
16.166667
5.066667
20.033333
20.033333
112.133333
5.2
5.0
15.0
5.0
15.0
6.933333
11.9
15.033333
15.133333
15.066667
15.1
21.233333
15.033333
15.133333
20.233333
5.0
151.966667
147.0
20.733333
15.033333
10.133333
15.0
71.133333
10.066667
44.533333
22.9
15.0
97.466667
271.6
411.0
15.2
15.033333
10.066667
5.0
137.1
10.066667
10.033333
5.033333
5.133333
6.2
135.833333
65.0
50.633333
136.733333
5.066667
5.033333
51.8
5.033333
136.866667
5.066667
10.1
5.133333
20.0
15.0
20.0
10.0
15.066667
10.033333
15.133333
15.1
5.066667
5.033333
8.1
5.0
26.266667
25.266667
71.2
15.0
15.033333
15.0
15.0
145.166667
20.066667
10.0
5.0
11.466667
26.266667
16.666667
10.133333
25.133333
5.0
10.1
109.833333
121.933333
30.1
7.6
15.1
52.9
24.733333
28.833333
47.266667
20.2
113.533333
5.1
163.566667
5.0
147.066667
5.033333
5.033333
27.3
34.466667
15.133333
5.0
5.1
5.433333
321.233333
15.033333
10.0
5.133333
15.066667
5.033333
5.066667
20.0
12.133333
5.033333
5.1
146.933333
16.133333
5.066667
15.066667
10.033333
20.033333
10.166667
5.133333
45.333333
10.0
10.2
5.033333
15.033333
22.633333
106.2
5.133333
20.1
10.033333
15.033333
120.666667
5.033333
20.0
10.033333
15.033333
10.0
15.1
5.866667
5.0
5.0
152.1
20.066667
10.033333
15.0
22.633333
8.033333
5.033333
10.233333
10.066667
20.066667
5.133333
151.866667
10.066667
5.1
74.2
5.0
5.066667
10.133333
15.1
20.066667
15.0
30.133333
40.1
21.133333
5.1
14.566667
10.1
5.0
558.133333
5.133333
5.066667
10.033333
10.166667
16.866667
15.166667
5.033333
5.066667
90.966667
10.0
5.0
15.166667
5.033333
15.133333
5.0
15.066667
5.033333
30.066667
30.066667
25.1
5.0
5.0
5.0
10.0
10.0
175.5
151.766667
30.133333
10.2
15.133333
151.9
142.166667
45.5
152.0
20.1
157.1
15.0
5.033333
5.033333
15.066667
5.0
25.133333
5.033333
5.133333
15.0
15.2
10.066667
15.2
20.1
5.033333
5.1
15.1
5.033333
5.066667
141.933333
10.066667
147.166667
152.3
15.1
15.0
142.033333
286.866667
137.166667
284.266667
274.066667
25.1
137.233333
5.066667
5.033333
5.0
142.233333
10.0
15.6
131.633333
30.166667
10.266667
128.2
5.0
15.066667
10.033333
5.0
142.033333
15.066667
5.066667
15.1
20.066667
5.0
20.0
25.966667
5.1
85.6
10.0
10.0
15.1
27.666667
5.0
10.166667
15.1
5.0
34.033333
136.9
137.066667
137.1
20.166667
10.0
77.9
5.033333
20.066667
136.966667
10.0
5.033333
20.0
5.1
5.066667
10.0
5.1
5.0
28.433333
10.0
5.0
146.833333
5.033333
5.1
6.133333
17.066667
5.1
5.033333
10.1
20.833333
5.033333
10.066667
5.0
25.166667
25.066667
5.033333
5.0
5.0
10.0
10.0
15.033333
10.0
21.466667
5.0
66.266667
10.0
143.9
291.5
10.1
10.233333
5.133333
20.033333
5.133333
10.2
25.166667
5.166667
5.0
10.0
16.366667
21.233333
10.1
5.0
5.033333
5.0
20.1
5.033333
20.066667
10.033333
5.0
15.233333
553.2
5.0
10.033333
5.033333
20.2
5.1
10.1
5.133333
20.066667
20.1
15.066667
146.866667
5.033333
5.0
15.2
16.266667
43.733333
15.033333
20.0
147.133333
15.266667
146.933333
10.033333
25.066667
178.6
10.166667
7.333333
15.066667
15.033333
128.033333
5.0
5.033333
20.0
20.066667
20.066667
5.0
10.233333
152.066667
5.0
10.0
10.066667
30.766667
31.933333
5.1
548.066667
15.133333
5.0
5.0
5.133333
30.133333
15.066667
5.033333
20.0
29.833333
15.033333
156.8
5.233333
142.066667
16.6
21.666667
5.1
20.033333
35.433333
10.1
63.6
22.366667
15.1
5.066667
15.1
10.0
10.066667
15.133333
5.033333
5.0
25.2
25.0
10.066667
88.333333
10.0
20.0
5.0
15.033333
11.733333
123.833333
20.033333
25.166667
15.0
25.2
5.0
20.033333
11.0
20.0
46.033333
10.0
5.066667
30.3
15.366667
15.066667
25.133333
10.1
10.0
23.7
5.0
5.033333
5.066667
157.2
16.633333
33.866667
5.0
5.033333
10.066667
136.833333
147.0
137.0
152.033333
10.0
142.033333
125.0
653.2
10.066667
10.033333
5.133333
25.133333
10.1
5.166667
5.233333
13.966667
53.833333
15.166667
5.166667
5.0
5.1
18.733333
5.066667
20.233333
5.133333
15.033333
15.066667
5.0
5.0
5.033333
20.0
10.033333
29.333333
10.033333
5.066667
5.0
15.133333
15.066667
15.066667
8.866667
10.033333
10.1
5.0
25.066667
5.1
147.066667
10.0
14.2
143.433333
16.5
10.066667
10.066667
5.0
10.033333
129.0
10.0
36.833333
20.066667
5.033333
10.0
31.166667
58.5
26.7
5.066667
138.933333
5.0
5.066667
15.033333
5.133333
18.6
18.0
5.133333
15.0
10.1
142.2
5.033333
5.0
20.0
20.166667
10.0
10.0
5.066667
16.6
5.033333
20.033333
10.1
5.0
142.033333
5.0
10.1
15.033333
10.033333
147.0
5.1
20.166667
15.033333
15.066667
5.0
23.6
5.066667
5.0
10.266667
146.766667
5.1
5.066667
15.066667
5.133333
5.0
10.066667
20.233333
157.1
20.433333
10.0
30.1
11.166667
5.066667
10.0
553.466667
272.466667
137.1
278.9
5.1
152.033333
137.1
10.066667
137.0
5.0
147.066667
137.033333
10.1
21.3
5.0
10.1
20.0
5.066667
5.133333
16.4
5.066667
113.633333
5.0
15.233333
10.133333
15.066667
10.033333
5.033333
20.033333
5.033333
15.266667
10.133333
15.0
13.3
553.166667
24.7
5.133333
10.3
5.1
15.333333
15.066667
5.066667
20.166667
5.033333
62.1
5.033333
98.666667
10.1
5.1
122.066667
137.066667
15.0
10.0
20.1
316.033333
230.733333
5.0
413.233333
410.966667
10.0
15.066667
5.1
171.433333
5.133333
22.866667
10.166667
25.166667
5.033333
5.033333
11.366667
15.0
15.166667
10.066667
5.066667
5.033333
20.033333
20.133333
20.133333
15.066667
5.133333
5.1
11.2
5.0
5.033333
20.266667
273.1
5.0
10.033333
5.066667
25.066667
10.0
10.033333
15.0
15.033333
5.133333
137.0
30.1
20.233333
5.066667
5.0
25.733333
5.1
20.2
15.033333
16.666667
5.033333
15.0
15.0
10.133333
5.133333
5.0
20.2
48.3
15.1
137.066667
10.033333
10.1
5.033333
5.033333
5.0
10.033333
10.133333
10.033333
5.0
149.566667
12.066667
10.0
5.033333
5.033333
5.033333
15.066667
15.1
5.0
5.133333
10.033333
5.0
5.0
49.8
5.0
25.133333
5.066667
29.966667
15.833333
10.033333
5.1
20.033333
15.0
20.566667
5.066667
15.166667
28.4
22.666667
10.0
5.133333
90.066667
15.2
204.866667
10.1
10.033333
16.2
5.066667
147.033333
20.1
152.0
142.066667
283.966667
142.1
10.0
137.1
5.0
152.0
159.966667
10.066667
5.1
15.1
25.1
20.0
16.233333
22.0
5.033333
5.033333
5.033333
5.0
8.133333
147.0
20.033333
5.033333
141.966667
137.033333
15.166667
157.133333
5.0
15.033333
10.133333
15.033333
20.1
10.066667
5.0
87.833333
10.0
20.066667
136.933333
18.133333
10.1
26.3
10.066667
55.7
5.133333
255.966667
10.1
137.033333
15.0
10.0
29.9
5.933333
10.1
5.133333
37.8
15.033333
5.1
5.033333
25.066667
15.0
5.0
5.2
10.033333
28.533333
20.133333
20.033333
25.166667
17.666667
20.0
16.4
20.166667
5.0
20.133333
20.0
148.6
99.033333
5.0
5.066667
15.0
28.6
137.4
16.9
35.466667
139.366667
10.1
5.0
14.3
15.033333
125.9
96.933333
5.0
10.066667
10.0
10.0
10.0
10.033333
5.066667
10.0
15.0
20.1
10.0
15.133333
5.033333
20.0
5.166667
5.166667
10.1
5.1
25.033333
10.066667
16.8
147.5
5.0
15.033333
10.066667
5.033333
25.066667
10.2
25.0
10.066667
25.166667
15.266667
15.1
5.0
15.166667
5.066667
5.0
141.966667
5.066667
5.066667
25.066667
5.066667
20.066667
157.133333
16.833333
10.0
142.7
5.0
20.233333
10.066667
137.066667
144.066667
25.0
5.033333
10.166667
10.0
16.466667
5.133333
29.9
25.0
15.033333
143.866667
15.0
22.666667
15.0
5.1
20.0
10.2
26.266667
5.033333
5.033333
159.166667
152.033333
5.0
20.2
5.133333
25.133333
10.033333
157.0
15.133333
5.033333
10.133333
15.166667
5.0
21.0
15.8
15.066667
5.0
27.033333
10.0
47.733333
99.266667
258.266667
28.4
137.0
147.033333
5.066667
558.333333
144.0
15.0
5.0
142.933333
286.566667
5.0
30.033333
5.1
5.233333
20.366667
5.033333
25.0
5.0
5.066667
15.066667
15.1
5.033333
20.066667
5.0
20.133333
91.833333
5.1
10.066667
6.233333
20.1
21.566667
5.033333
5.3
136.9
10.166667
25.033333
10.166667
5.066667
10.066667
14.366667
20.033333
32.1
142.6
548.3
147.033333
20.1
10.1
15.066667
21.7
15.033333
143.733333
5.1
5.1
10.066667
5.1
5.0
5.033333
10.0
22.266667
553.233333
20.233333
5.0
5.0
5.166667
15.166667
10.1
5.0
5.0
5.0
15.1
5.033333
5.033333
147.133333
5.066667
5.166667
36.866667
5.066667
5.0
25.033333
30.066667
15.1
33.666667
15.0
20.1
20.0
5.033333
15.966667
5.033333
20.033333
10.066667
5.0
15.066667
22.833333
11.033333
5.0
15.066667
15.1
5.0
16.6
5.066667
251.833333
20.6
32.4
142.133333
50.133333
25.1
6.233333
10.166667
108.9
109.333333
15.033333
15.0
15.0
30.066667
20.066667
5.033333
20.133333
5.0
5.0
10.0
10.066667
5.0
6.3
20.066667
10.0
22.4
10.066667
20.066667
15.0
5.0
21.466667
5.033333
120.566667
10.1
5.0
5.1
5.033333
15.066667
26.466667
10.133333
15.1
25.033333
25.133333
15.0
10.033333
15.133333
85.3
10.1
15.1
20.033333
10.166667
5.0
11.766667
10.066667
59.633333
10.066667
15.166667
12.033333
157.1
5.033333
127.766667
5.1
137.0
10.133333
5.833333
10.933333
162.033333
193.833333
15.066667
16.233333
5.066667
147.133333
20.3
5.066667
15.066667
20.066667
10.166667
10.0
20.166667
5.066667
5.0
10.033333
10.0
10.066667
15.066667
20.133333
20.066667
15.0
123.933333
149.4
5.0
15.166667
142.033333
5.233333
5.1
5.066667
5.033333
5.033333
15.0
25.1
5.166667
20.066667
5.033333
25.2
11.266667
47.7
115.566667
21.233333
137.033333
5.0
10.033333
157.233333
15.0
5.033333
130.6
5.066667
5.033333
129.366667
20.0
10.0
15.133333
6.0
20.033333
16.8
136.966667
5.033333
11.266667
157.1
5.066667
20.0
5.133333
15.266667
5.1
10.0
10.1
10.133333
10.166667
15.2
10.0
15.0
5.066667
10.066667
20.1
11.233333
5.0
5.066667
142.133333
157.1
5.0
10.066667
5.066667
5.0
5.033333
10.066667
142.033333
10.033333
15.033333
142.066667
5.1
10.033333
15.0
20.066667
10.066667
152.166667
15.066667
24.366667
15.0
5.0
5.0
10.1
5.0
5.033333
5.0
5.133333
10.0
20.033333
10.066667
10.033333
20.466667
5.066667
102.4
20.066667
15.033333
13.033333
83.4
127.533333
5.033333
5.033333
20.0
5.033333
21.5
5.066667
66.166667
137.066667
411.166667
10.033333
5.033333
5.0
25.033333
11.1
10.0
20.033333
5.033333
10.033333
10.066667
10.033333
25.266667
5.066667
20.066667
142.033333
21.1
15.133333
25.066667
5.033333
5.0
80.566667
10.1
5.033333
10.033333
10.0
10.1
5.033333
5.033333
5.1
79.033333
5.233333
5.166667
15.066667
26.166667
20.066667
5.033333
10.066667
5.0
15.0
5.1
16.966667
5.033333
289.0
10.033333
5.033333
137.0
10.233333
20.3
25.233333
20.166667
5.0
5.0
5.033333
10.033333
25.266667
313.166667
147.133333
5.0
5.1
10.033333
20.0
137.0
20.0
25.0
11.533333
5.066667
10.066667
20.0
25.0
25.233333
22.066667
14.066667
5.033333
5.066667
136.966667
10.0
29.5
142.033333
18.066667
122.8
5.066667
137.066667
48.666667
10.066667
5.066667
5.033333
104.733333
5.0
18.033333
10.033333
5.033333
5.033333
20.033333
5.066667
10.033333
10.033333
5.033333
5.033333
15.133333
15.0
15.033333
479.866667
10.066667
5.0
10.1
5.0
10.1
15.0
5.033333
5.0
33.533333
10.0
5.033333
5.0
5.1
10.1
25.066667
20.0
20.433333
25.0
5.033333
10.066667
25.1
5.0
20.233333
10.233333
15.066667
10.0
15.033333
15.0
20.0
15.0
11.9
10.0
19.066667
61.833333
5.0
209.3
5.066667
5.033333
5.0
5.033333
5.0
15.1
19.666667
10.0
20.233333
5.066667
10.0
10.133333
85.3
20.033333
15.033333
30.033333
16.133333
151.966667
5.066667
88.2
10.033333
33.633333
10.033333
15.1
10.033333
10.0
5.033333
15.0
5.166667
26.033333
24.733333
5.0
10.1
10.066667
15.2
15.1
15.366667
5.0
5.066667
5.033333
20.133333
15.133333
5.066667
5.0
5.233333
20.266667
15.066667
10.033333
5.033333
5.1
20.0
5.1
5.033333
20.0
5.0
20.3
10.2
10.033333
69.5
5.0
10.133333
15.133333
15.066667
5.033333
5.033333
15.2
5.0
10.066667
5.0
10.066667
12.333333
169.4
20.133333
15.1
5.0
5.033333
10.066667
15.0
15.033333
157.133333
63.1
15.0
15.033333
56.033333
15.166667
27.866667
20.166667
24.9
20.133333
10.0
685.266667
15.066667
15.2
15.166667
17.5
10.133333
20.1
20.0
15.0
406.8
5.033333
25.066667
5.033333
5.066667
10.066667
548.2
10.033333
5.0
10.1
5.166667
20.0
10.0
10.233333
5.033333
5.133333
5.0
10.0
10.133333
279.066667
25.1
7.533333
13.2
25.1
136.866667
15.033333
5.1
5.033333
6.4
10.0
20.266667
20.066667
20.066667
21.1
5.0
15.633333
19.466667
20.0
7.466667
141.2
563.2
5.0
20.233333
5.1
5.0
6.0
5.0
20.633333
6.7
5.133333
5.0
15.066667
17.333333
5.0
5.0
5.066667
20.066667
558.166667
5.0
5.033333
5.033333
5.033333
15.033333
10.1
5.0
15.3
10.066667
11.6
10.066667
20.033333
10.4
20.2
39.866667
16.233333
92.7
103.866667
15.0
283.933333
15.033333
19.933333
5.066667
151.933333
10.066667
5.066667
15.033333
5.1
10.2
278.866667
5.033333
279.033333
277.0
25.733333
142.166667
136.9
5.1
137.0
147.166667
152.033333
137.133333
5.066667
137.066667
142.133333
73.1
5.066667
137.066667
20.066667
141.866667
137.066667
147.033333
30.2
10.1
439.833333
5.333333
10.066667
15.0
15.066667
137.133333
20.0
30.0
15.0
5.0
5.1
5.033333
25.0
20.0
10.133333
16.766667
20.1
20.066667
5.1
5.133333
5.166667
31.466667
5.0
5.066667
25.266667
10.133333
20.233333
7.0
5.133333
20.066667
5.0
25.033333
15.033333
10.0
10.0
20.066667
20.1
5.066667
21.733333
146.966667
20.266667
199.2
10.066667
136.966667
20.266667
5.0
5.0
138.0
5.0
5.033333
5.033333
25.133333
10.066667
25.166667
10.2
20.133333
20.066667
5.166667
10.166667
10.266667
5.1
8.433333
5.0
142.1
15.033333
152.1
5.066667
152.133333
10.0
5.066667
137.033333
23.8
16.666667
16.7
10.0
5.0
5.133333
20.1
15.033333
18.966667
11.633333
5.066667
152.1
5.1
10.0
20.033333
5.066667
15.066667
5.033333
57.433333
5.033333
5.033333
5.1
5.033333
11.566667
5.0
5.033333
5.033333
20.066667
15.0
20.133333
5.1
10.033333
5.066667
20.066667
44.266667
5.0
15.133333
5.066667
10.033333
10.033333
5.2
20.0
5.1
5.0
15.1
5.133333
10.233333
5.066667
10.1
20.033333
5.0
49.966667
16.433333
10.133333
30.033333
10.066667
147.066667
20.0
15.0
5.1
236.966667
344.366667
273.866667
136.933333
15.0
141.766667
15.033333
10.0
5.1
148.533333
10.0
10.2
20.1
5.033333
5.0
15.066667
25.4
10.933333
24.133333
20.0
5.0
142.033333
5.033333
5.033333
10.033333
5.133333
5.066667
25.066667
151.933333
20.0
25.1
5.166667
5.033333
5.033333
23.666667
5.033333
152.033333
15.066667
20.0
15.1
10.033333
10.066667
76.133333
152.166667
19.066667
200.4
5.066667
16.866667
10.066667
5.0
5.033333
25.233333
62.933333
15.033333
131.1
15.0
5.033333
13.433333
15.1
5.0
10.1
10.0
15.166667
5.0
5.166667
25.166667
5.1
10.033333
5.066667
5.066667
10.0
10.066667
5.066667
19.766667
15.066667
5.0
10.1
5.066667
20.233333
5.0
378.9
15.133333
15.1
20.233333
5.0
5.0
30.033333
15.0
25.1
20.933333
5.1
10.033333
5.066667
5.066667
10.133333
10.033333
5.066667
15.366667
5.033333
10.066667
15.2
25.0
5.066667
15.0
5.0
20.133333
20.033333
147.1
20.1
10.0
5.2
13.266667
25.066667
11.9
142.0
19.1
43.466667
10.0
5.033333
15.066667
36.533333
98.533333
464.2
5.033333
67.366667
10.066667
5.0
25.066667
5.133333
8.1
5.066667
10.166667
10.066667
25.0
15.133333
10.133333
20.1
18.066667
55.866667
142.166667
15.066667
19.566667
152.1
10.0
6.633333
25.0
5.166667
8.8
146.933333
147.1
27.2
5.0
548.2
153.766667
142.0
240.2
15.0
137.166667
5.033333
5.066667
10.133333
279.0
110.1
15.066667
10.1
24.666667
15.066667
26.066667
5.133333
6.466667
10.0
5.0
10.0
25.2
136.933333
16.4
147.166667
19.233333
5.033333
15.1
21.266667
46.766667
5.0
5.1
157.066667
5.066667
10.0
143.366667
15.033333
5.0
56.3
10.033333
548.3
15.266667
15.033333
5.733333
15.0
5.066667
5.0
30.033333
30.166667
5.033333
7.1
5.0
21.3
73.366667
10.0
5.1
18.033333
10.033333
15.0
10.466667
5.033333
5.066667
10.066667
10.033333
23.033333
5.033333
20.1
548.166667
20.033333
10.166667
548.233333
20.1
5.0
5.133333
15.1
5.066667
5.0
144.266667
11.1
20.1
10.133333
142.066667
10.033333
16.233333
10.066667
10.066667
277.4
17.066667
147.133333
152.066667
128.9
5.0
10.0
20.166667
5.0
15.0
150.1
10.0
30.7
137.266667
15.166667
152.033333
5.033333
6.8
5.066667
87.2
15.066667
6.066667
10.033333
10.0
15.066667
5.033333
102.6
26.233333
5.033333
5.1
5.066667
10.133333
5.033333
10.0
20.233333
5.1
15.133333
10.2
10.0
5.033333
10.033333
5.133333
10.0
10.0
23.666667
30.933333
10.133333
15.0
5.066667
5.0
60.8
5.033333
10.066667
5.066667
137.0
5.033333
5.1
5.066667
10.133333
15.033333
20.066667
5.066667
20.066667
10.066667
15.1
20.066667
5.1
5.033333
5.066667
10.0
20.066667
5.033333
10.033333
5.0
10.0
15.033333
10.1
15.066667
10.2
10.1
15.0
5.033333
10.033333
25.1
15.133333
5.0
5.066667
15.033333
10.1
5.066667
6.066667
147.066667
147.033333
18.133333
15.0
10.0
122.6
5.066667
15.033333
20.066667
5.033333
20.166667
13.2
5.033333
15.1
15.066667
25.033333
10.033333
5.133333
10.066667
15.133333
10.133333
10.3
10.033333
15.2
10.1
5.0
5.0
10.233333
33.033333
15.233333
53.333333
10.0
276.8
15.0
10.166667
5.066667
548.366667
5.033333
20.0
20.2
5.0
21.866667
10.0
5.1
5.066667
20.0
15.133333
5.066667
20.1
65.3
5.1
10.0
5.0
20.2
15.1
5.1
15.2
5.0
18.733333
10.0
20.033333
5.033333
5.133333
84.833333
20.066667
151.966667
10.0
25.0
20.1
138.466667
10.033333
5.033333
20.033333
20.066667
15.033333
5.066667
21.933333
19.233333
104.433333
15.133333
553.066667
15.0
5.1
548.533333
16.133333
16.033333
15.8
21.4
20.0
28.8
15.0
147.133333
190.966667
5.066667
5.1
147.233333
123.566667
15.0
10.033333
5.133333
18.066667
5.1
15.0
10.1
15.033333
5.033333
136.966667
5.0
10.033333
5.066667
20.166667
26.666667
25.0
15.166667
20.066667
20.066667
25.033333
10.0
40.233333
5.0
5.033333
20.033333
10.066667
30.266667
20.233333
5.133333
5.066667
17.0
5.0
5.033333
15.133333
10.0
30.666667
21.2
5.0
41.9
33.3
10.0
5.1
16.3
136.966667
10.133333
10.1
5.033333
5.033333
25.133333
10.166667
20.033333
10.033333
141.933333
15.0
5.0
168.766667
5.0
5.066667
15.066667
5.033333
5.1
15.0
5.0
5.133333
15.133333
5.033333
13.133333
25.033333
20.0
25.0
15.033333
553.266667
20.133333
34.666667
10.033333
5.033333
10.033333
5.166667
15.066667
15.066667
25.133333
18.2
5.033333
24.966667
20.066667
134.633333
5.0
10.0
5.033333
15.2
10.066667
20.1
5.0
5.066667
10.266667
564.8
15.066667
5.0
15.033333
20.566667
5.033333
413.0
20.433333
5.1
22.966667
36.166667
5.166667
10.1
20.0
5.033333
10.0
6.066667
189.833333
15.0
5.933333
141.933333
5.1
10.1
142.066667
20.266667
59.666667
107.866667
50.366667
142.066667
20.033333
10.2
5.1
20.1
15.033333
10.033333
10.1
5.0
10.1
5.066667
20.066667
15.166667
152.166667
553.033333
5.033333
30.033333
15.6
5.133333
84.233333
5.033333
10.2
25.166667
10.0
10.066667
10.1
5.0
135.2
5.0
143.633333
10.033333
15.033333
20.0
10.033333
10.1
20.066667
5.133333
5.133333
15.133333
15.033333
5.033333
6.633333
5.033333
5.0
15.166667
30.166667
5.066667
5.0
5.0
20.066667
15.033333
10.1
5.033333
15.433333
9.666667
5.0
5.033333
10.0
147.066667
33.266667
548.066667
237.766667
15.033333
5.033333
20.066667
21.866667
5.033333
10.0
125.533333
15.0
5.033333
5.1
161.933333
157.066667
5.066667
5.1
10.0
10.033333
5.066667
57.066667
59.0
20.0
152.1
142.1
15.033333
9.033333
26.733333
45.0
16.8
142.033333
25.133333
10.133333
5.133333
20.1
16.333333
5.166667
15.0
10.133333
20.1
25.166667
10.166667
10.0
5.2
10.066667
25.0
5.0
5.066667
21.533333
10.133333
20.233333
142.1
15.0
10.1
142.033333
5.066667
9.366667
137.033333
10.0
15.3
5.0
5.066667
11.666667
25.0
137.066667
10.033333
20.0
10.0
174.933333
10.033333
15.0
15.1
5.0
5.0
5.0
23.733333
10.0
15.066667
38.9
25.166667
273.933333
5.033333
5.0
238.666667
5.0
5.3
10.133333
24.166667
15.0
15.0
15.033333
142.1
154.433333
5.0
5.0
20.166667
5.066667
5.0
5.033333
20.066667
20.0
15.0
20.0
5.066667
15.066667
5.0
10.033333
10.0
5.033333
5.066667
10.0
20.066667
5.1
20.033333
10.0
21.0
5.033333
5.066667
5.0
10.166667
548.333333
15.066667
5.166667
10.0
15.0
10.266667
25.033333
20.0
6.733333
5.066667
10.066667
31.9
5.0
6.2
72.833333
20.066667
16.933333
5.0
10.066667
25.166667
20.933333
5.0
16.233333
5.1
157.066667
10.0
5.066667
128.066667
5.033333
20.0
5.133333
13.333333
137.0
25.1
20.033333
10.0
20.033333
20.1
18.433333
5.0
10.066667
10.066667
219.733333
10.066667
5.066667
5.033333
15.0
6.133333
128.833333
5.066667
18.3
25.0
10.166667
5.166667
20.1
5.0
20.0
5.033333
5.0
10.066667
10.033333
16.266667
6.566667
15.033333
15.066667
21.233333
5.033333
5.0
36.2
5.0
129.8
10.066667
25.066667
10.066667
5.066667
5.1
5.1
5.1
10.2
5.0
25.1
10.0
25.033333
21.033333
5.0
25.133333
10.2
110.333333
5.0
5.0
15.166667
15.0
10.0
40.3
20.066667
25.066667
9.766667
10.033333
10.033333
35.2
10.0
5.033333
152.033333
11.733333
5.933333
15.033333
101.7
10.166667
157.233333
142.066667
25.233333
9.9
37.7
10.066667
5.033333
5.1
5.033333
30.0
20.166667
15.1
25.133333
20.0
20.0
5.033333
42.966667
5.0
20.133333
5.033333
15.266667
10.0
15.0
10.0
5.066667
121.733333
10.466667
5.033333
5.0
156.633333
20.0
5.066667
15.033333
16.333333
25.166667
30.133333
5.0
5.0
15.066667
20.1
5.033333
15.066667
23.3
5.1
5.066667
157.1
110.133333
5.066667
283.566667
10.133333
10.033333
10.033333
10.133333
5.0
5.033333
21.1
142.066667
19.666667
146.966667
5.033333
15.033333
153.4
48.533333
15.233333
20.2
5.133333
10.066667
22.766667
5.033333
15.0
20.133333
5.066667
10.0
10.033333
5.133333
5.1
10.0
6.733333
5.066667
5.033333
20.133333
10.066667
10.066667
10.033333
15.0
5.0
20.0
150.233333
5.566667
22.633333
39.133333
10.0
5.166667
20.066667
18.733333
19.166667
5.233333
132.333333
16.5
5.133333
15.033333
10.033333
5.066667
5.133333
15.166667
5.0
5.2
157.0
15.2
152.033333
137.133333
15.033333
15.133333
137.0
20.066667
5.1
10.033333
20.033333
6.233333
15.133333
20.133333
6.133333
61.866667
5.033333
151.9
152.0
5.066667
548.366667
25.1
15.066667
10.0
10.133333
10.1
122.966667
5.033333
10.133333
5.033333
6.533333
14.833333
5.033333
20.0
10.0
10.1
5.1
5.066667
15.066667
12.533333
25.166667
98.866667
137.2
136.766667
20.2
15.066667
529.433333
20.033333
5.066667
10.033333
5.0
5.033333
10.033333
12.7
25.266667
15.066667
15.033333
5.133333
5.033333
15.0
15.066667
10.033333
11.033333
20.1
10.133333
20.0
13.7
5.133333
5.0
5.0
10.133333
25.066667
5.0
25.066667
5.033333
15.0
5.0
5.066667
20.066667
5.566667
5.066667
5.0
5.0
10.066667
10.133333
30.066667
15.0
20.133333
6.433333
10.066667
123.433333
5.1
15.066667
5.0
10.166667
141.966667
10.033333
15.033333
5.033333
15.2
15.0
25.066667
20.566667
15.0
146.833333
20.066667
5.033333
20.033333
25.233333
5.033333
10.0
15.0
15.266667
5.0
137.0
20.3
21.0
43.9
10.066667
157.066667
10.066667
128.233333
10.0
15.066667
5.033333
5.033333
5.033333
10.1
15.166667
5.166667
6.5
5.1
20.066667
5.1
201.266667
30.1
15.066667
15.033333
15.1
10.066667
5.066667
5.0
5.0
5.033333
10.033333
137.0
10.0
15.066667
15.066667
5.033333
152.033333
72.866667
10.066667
5.0
20.0
10.033333
10.1
5.166667
15.033333
15.166667
136.3
15.0
10.0
5.066667
15.0
15.133333
20.166667
24.6
6.033333
10.166667
5.133333
15.066667
15.0
5.0
5.0
5.033333
25.0
5.033333
137.066667
20.166667
20.066667
17.033333
211.433333
204.533333
15.166667
5.033333
10.0
5.0
27.9
95.366667
5.033333
137.066667
15.066667
5.033333
147.066667
152.233333
153.266667
8.933333
5.166667
88.266667
137.033333
10.0
283.833333
276.2
5.033333
20.233333
142.0
15.0
20.033333
99.8
5.0
157.066667
10.033333
25.233333
15.0
15.266667
142.066667
278.966667
5.0
142.133333
20.0
152.033333
20.1
151.6
278.966667
30.266667
157.066667
16.066667
5.033333
136.966667
10.0
137.033333
16.0
20.1
25.333333
156.866667
5.033333
19.9
15.4
5.0
5.0
5.1
10.0
5.366667
25.033333
10.0
25.033333
553.2
5.1
10.066667
10.1
11.6
6.166667
25.2
5.1
5.033333
5.0
153.1
129.0
284.066667
29.4
5.0
55.666667
45.033333
20.1
10.1
11.066667
83.6
10.0
5.0
10.133333
15.0
20.066667
5.033333
5.033333
20.1
5.133333
5.133333
5.066667
15.166667
5.0
19.833333
103.733333
20.1
15.233333
10.033333
5.1
5.166667
5.133333
10.133333
20.1
10.066667
10.066667
10.0
15.0
10.066667
6.566667
152.066667
142.233333
5.066667
152.033333
5.1
10.133333
42.833333
127.3
20.066667
5.033333
15.133333
135.966667
10.033333
10.1
5.033333
136.866667
152.0
152.033333
146.966667
5.1
5.033333
16.433333
15.1
25.266667
15.0
11.2
5.066667
11.233333
5.0
15.033333
15.0
10.866667
5.033333
10.0
5.033333
152.066667
5.033333
147.066667
10.066667
5.033333
147.0
5.033333
10.066667
10.0
152.1
5.0
5.033333
25.0
137.0
10.0
20.066667
10.0
15.033333
5.033333
141.366667
44.1
25.0
25.1
137.066667
34.966667
82.866667
5.1
10.033333
5.166667
25.066667
10.0
18.266667
67.3
137.166667
142.066667
30.0
20.0
25.166667
5.0
19.766667
15.033333
10.133333
15.066667
10.0
5.1
15.133333
20.0
20.0
56.2
5.033333
5.066667
124.066667
15.0
15.0
5.033333
25.066667
5.0
10.0
5.033333
5.033333
10.066667
20.0
5.066667
15.1
17.333333
15.0
5.133333
10.033333
20.1
10.033333
153.8
5.166667
25.033333
15.066667
10.1
5.133333
15.066667
10.0
5.066667
13.4
5.133333
15.033333
15.1
25.066667
10.033333
10.0
5.133333
10.166667
20.033333
26.2
147.033333
5.033333
154.566667
22.866667
370.333333
10.1
137.133333
5.0
5.766667
5.133333
5.533333
5.066667
6.0
10.066667
10.0
5.0
5.033333
5.0
10.1
22.233333
45.766667
10.033333
25.166667
12.066667
54.466667
159.866667
5.0
15.233333
274.133333
137.033333
15.133333
5.0
249.766667
15.033333
10.1
137.166667
142.033333
147.033333
273.966667
283.933333
5.033333
152.133333
137.1
137.166667
10.033333
5.0
21.633333
48.333333
5.066667
5.066667
20.066667
20.033333
141.933333
5.0
20.1
10.0
15.066667
10.1
10.133333
5.033333
15.033333
15.0
10.033333
5.0
57.1
5.0
5.0
5.166667
10.033333
5.066667
5.033333
5.033333
10.066667
5.1
26.6
15.266667
5.133333
10.033333
8.1
20.066667
130.266667
10.066667
5.066667
15.0
15.033333
10.033333
15.133333
5.033333
11.266667
122.066667
179.833333
5.0
20.0
160.733333
137.0
5.0
20.166667
10.0
145.033333
5.0
20.266667
114.0
10.166667
5.0
20.166667
5.0
26.433333
5.066667
5.066667
548.1
10.133333
25.133333
5.033333
5.066667
10.1
10.166667
5.0
15.166667
26.433333
5.033333
5.066667
5.033333
5.133333
5.066667
5.0
137.033333
20.066667
5.0
20.0
136.966667
22.6
5.033333
20.066667
32.066667
15.033333
5.033333
15.033333
5.133333
48.633333
10.033333
10.133333
5.133333
5.966667
137.066667
8.066667
15.033333
25.233333
10.166667
5.033333
20.0
5.033333
5.066667
5.033333
20.066667
5.033333
15.066667
10.133333
5.133333
11.033333
10.0
10.0
5.0
25.066667
5.066667
15.0
10.0
141.966667
10.033333
5.0
15.0
10.233333
5.0
5.066667
5.1
26.1
44.733333
10.0
24.1
15.0
152.033333
79.166667
10.066667
5.166667
5.033333
32.8
5.066667
10.166667
10.0
142.1
5.0
20.066667
147.233333
20.033333
81.633333
147.033333
5.0
10.033333
10.033333
15.766667
142.066667
142.033333
147.266667
5.1
10.0
15.333333
20.133333
38.233333
15.1
22.0
5.1
20.066667
15.033333
279.466667
284.0
5.0
137.033333
16.433333
10.133333
137.0
38.033333
15.133333
142.133333
152.066667
146.9
147.0
20.133333
10.3
15.033333
5.0
10.1
10.1
10.066667
20.133333
10.133333
15.0
5.0
10.066667
10.3
30.066667
5.0
5.0
5.133333
20.0
33.866667
31.733333
168.833333
10.0
144.4
15.1
5.0
42.366667
15.033333
15.033333
5.0
25.266667
5.066667
5.033333
20.233333
20.0
10.066667
41.0
10.033333
5.033333
10.033333
6.0
20.1
10.0
5.0
10.0
10.033333
10.066667
5.0
5.4
15.066667
168.566667
15.133333
5.066667
152.0
5.066667
137.033333
10.1
5.0
30.233333
10.1
20.033333
25.233333
108.433333
34.766667
15.033333
10.033333
142.033333
25.266667
142.066667
146.733333
101.433333
130.5
5.066667
5.166667
137.066667
162.233333
5.066667
136.966667
10.166667
10.1
38.766667
5.066667
5.066667
10.1
15.033333
5.033333
15.033333
5.0
15.033333
25.1
10.166667
5.033333
10.033333
15.166667
5.066667
5.033333
5.066667
10.2
5.0
5.133333
15.0
36.566667
25.166667
15.033333
553.066667
5.033333
20.033333
15.233333
5.066667
10.0
5.066667
15.1
5.0
15.066667
5.033333
15.2
5.0
5.033333
5.066667
15.1
10.033333
10.1
10.033333
10.166667
15.033333
15.066667
25.866667
5.133333
20.066667
149.466667
157.166667
25.166667
12.166667
28.866667
5.033333
30.2
30.033333
20.066667
10.033333
10.066667
5.133333
15.033333
553.2
10.166667
20.066667
5.066667
5.0
5.0
127.0
5.033333
10.133333
24.333333
154.766667
15.133333
15.033333
137.0
274.133333
5.1
15.0
279.133333
284.266667
5.0
15.066667
15.033333
10.033333
10.0
67.633333
10.033333
79.933333
81.6
23.8
10.0
137.1
5.1
10.1
20.233333
5.033333
152.033333
5.033333
25.066667
10.1
5.066667
20.033333
5.0
20.033333
5.066667
20.233333
15.166667
21.833333
5.0
141.733333
10.066667
15.166667
157.0
5.0
10.066667
137.833333
10.066667
13.566667
5.033333
52.066667
10.966667
5.133333
10.033333
33.566667
15.0
20.066667
5.166667
136.966667
135.9
15.0
5.2
10.066667
152.1
5.0
157.166667
5.033333
10.0
15.166667
136.933333
141.866667
5.0
15.166667
20.1
10.1
15.133333
10.0
5.033333
25.033333
10.1
35.0
26.966667
65.233333
5.0
5.033333
10.1
52.933333
30.033333
16.5
20.033333
92.733333
20.0
10.1
5.033333
20.2
250.133333
10.033333
10.033333
5.0
25.066667
5.033333
15.233333
5.033333
15.166667
22.433333
31.033333
15.166667
16.033333
20.033333
15.0
5.066667
10.133333
5.066667
15.033333
20.066667
5.133333
20.1
146.9
15.166667
127.966667
25.133333
5.033333
5.0
5.066667
15.033333
10.066667
5.0
5.0
5.033333
10.066667
10.133333
5.066667
5.166667
20.233333
20.1
10.0
5.066667
5.0
15.233333
5.0
20.033333
20.0
15.133333
15.066667
20.066667
10.1
22.633333
59.8
234.033333
10.066667
5.0
80.966667
5.133333
5.0
19.833333
15.0
5.0
20.0
25.033333
15.033333
15.033333
15.033333
20.166667
35.2
10.0
20.1
5.033333
141.933333
152.166667
147.1
20.066667
10.1
38.433333
14.333333
10.2
20.033333
5.033333
10.0
20.066667
5.033333
20.0
20.066667
15.1
23.333333
5.066667
152.033333
20.1
152.066667
15.033333
146.966667
152.133333
7.0
25.233333
10.033333
10.033333
256.266667
15.033333
5.0
10.033333
5.066667
5.066667
25.033333
20.133333
5.1
5.1
25.0
10.066667
25.066667
10.033333
6.766667
15.133333
5.033333
36.0
5.0
10.033333
15.133333
10.033333
5.066667
15.0
25.1
96.3
136.933333
141.966667
5.1
15.0
32.066667
5.033333
534.3
5.0
15.0
5.066667
6.033333
5.066667
5.033333
20.066667
15.033333
15.233333
5.166667
20.1
19.033333
10.033333
25.166667
26.433333
5.0
10.133333
10.0
5.033333
10.133333
15.1
5.033333
10.1
10.0
5.0
10.066667
5.0
20.2
15.033333
10.1
20.066667
20.166667
5.066667
5.0
15.0
10.0
46.2
5.066667
10.066667
5.0
15.3
5.0
15.066667
5.0
15.1
15.133333
5.0
6.233333
5.0
25.133333
5.033333
10.066667
74.333333
100.766667
5.033333
5.0
5.0
5.1
5.0
5.033333
10.233333
20.066667
10.1
20.033333
5.1
15.033333
10.033333
30.033333
5.0
10.0
25.166667
20.233333
25.0
152.133333
15.066667
5.0
5.066667
5.0
20.1
5.033333
152.033333
5.066667
5.1
10.066667
5.1
25.066667
15.6
10.566667
15.066667
10.033333
5.033333
5.033333
132.2
5.0
63.533333
15.066667
17.8
15.033333
10.066667
10.0
5.066667
36.5
10.066667
10.066667
21.5
16.533333
14.2
20.066667
5.0
10.1
20.233333
5.0
5.066667
18.1
5.0
10.033333
115.433333
685.266667
548.333333
5.0
23.833333
60.333333
6.633333
152.066667
33.266667
15.033333
10.0
553.3
10.0
10.0
5.033333
15.033333
5.133333
61.666667
270.033333
5.0
10.166667
5.066667
548.2
152.033333
308.4
5.033333
348.3
15.133333
15.166667
284.0
15.0
20.066667
115.933333
10.166667
16.666667
233.0
6.7
162.2
21.1
15.066667
10.1
5.133333
10.0
198.1
5.066667
10.1
5.1
5.033333
138.533333
20.033333
15.0
146.933333
5.133333
96.4
5.0
5.0
15.066667
16.433333
25.0
146.966667
137.033333
20.266667
147.0
37.433333
15.033333
118.366667
25.166667
8.2
15.0
5.1
10.066667
5.1
5.133333
20.0
15.133333
10.0
20.0
5.0
5.066667
5.0
10.033333
5.0
5.066667
20.0
5.066667
61.566667
20.033333
10.0
87.433333
279.1
16.333333
5.066667
254.2
5.0
10.033333
5.133333
142.066667
5.0
25.133333
15.066667
10.1
25.066667
10.066667
15.033333
20.066667
10.033333
5.0
5.2
157.033333
15.033333
137.1
142.1
5.033333
157.133333
10.0
20.066667
20.133333
157.1
5.1
17.766667
5.133333
15.033333
157.0
15.066667
15.1
5.033333
15.1
10.066667
5.1
5.033333
5.1
30.033333
10.066667
5.066667
5.0
15.1
18.566667
5.033333
5.0
25.066667
10.1
102.533333
5.033333
20.1
12.466667
5.0
97.866667
130.033333
5.033333
20.166667
132.533333
5.0
15.033333
10.033333
15.2
120.0
548.233333
10.033333
5.033333
20.066667
5.0
5.033333
17.366667
56.1
15.033333
429.633333
5.0
15.0
5.1
553.233333
147.066667
10.166667
138.233333
5.0
25.133333
142.066667
137.133333
10.066667
19.933333
674.7
5.033333
5.133333
15.033333
5.066667
5.0
30.066667
10.066667
5.033333
15.066667
10.0
5.166667
5.1
15.366667
95.866667
5.0
15.066667
20.1
10.0
10.0
20.0
137.033333
6.166667
43.9
20.033333
15.033333
25.133333
5.1
10.166667
10.1
5.1
5.0
20.033333
20.066667
5.0
25.0
26.233333
5.066667
5.033333
15.1
5.1
59.866667
10.066667
15.0
16.033333
21.133333
10.033333
10.1
33.5
147.0
5.066667
32.566667
10.033333
5.033333
157.066667
563.333333
149.633333
181.733333
20.066667
10.166667
162.066667
20.1
15.0
5.066667
5.0
142.1
20.1
273.933333
15.2
10.166667
15.066667
15.033333
5.033333
10.0
10.1
5.0
23.0
5.0
5.033333
145.766667
20.0
10.133333
141.833333
685.433333
168.3
278.933333
15.0
10.033333
15.0
137.033333
5.033333
5.033333
10.033333
50.9
20.133333
5.0
5.033333
20.2
10.066667
10.0
15.066667
15.0
20.033333
20.166667
5.133333
5.1
15.133333
5.033333
5.066667
15.233333
5.1
93.733333
137.033333
94.2
141.333333
5.166667
101.133333
5.0
5.1
137.0
20.566667
5.066667
5.1
20.166667
10.066667
152.033333
5.166667
20.066667
5.0
5.0
20.233333
5.066667
192.8
6.466667
15.1
5.033333
20.9
10.0
5.066667
15.0
20.066667
15.066667
25.266667
15.0
5.0
15.0
10.1
5.066667
5.0
5.166667
5.133333
10.1
15.233333
10.066667
15.066667
20.0
5.066667
10.066667
6.433333
10.0
15.1
5.033333
20.033333
5.1
10.1
7.033333
283.4
20.166667
5.033333
15.133333
10.066667
10.133333
10.0
5.1
5.1
10.0
15.133333
15.066667
136.733333
152.133333
10.1
10.0
10.033333
5.033333
142.2
150.2
20.2
137.033333
10.1
137.066667
15.166667
5.033333
34.266667
5.033333
278.933333
28.4
21.233333
5.0
10.033333
25.066667
5.0
15.233333
5.033333
11.6
10.133333
10.0
23.266667
6.666667
160.233333
270.1
279.133333
5.0
5.0
284.033333
5.166667
10.0
284.1
5.0
5.0
25.1
10.033333
5.033333
10.0
10.066667
15.0
15.133333
5.133333
5.033333
10.033333
10.133333
15.133333
5.0
20.433333
20.066667
25.066667
5.033333
5.1
10.0
18.966667
18.566667
147.0
15.1
5.0
10.0
5.033333
25.0
10.066667
10.166667
10.066667
20.1
10.066667
10.133333
12.566667
15.166667
5.066667
147.066667
5.1
137.066667
5.066667
15.033333
174.4
5.0
8.5
136.866667
10.0
15.033333
20.166667
15.0
21.933333
69.866667
10.033333
15.066667
28.0
22.033333
5.1
15.033333
5.066667
10.0
20.033333
15.0
15.1
10.033333
5.066667
10.033333
5.066667
25.033333
5.0
15.066667
10.0
10.0
31.566667
10.0
136.966667
15.0
136.9
142.033333
20.1
179.2
10.133333
20.0
5.133333
20.1
5.0
10.066667
5.033333
5.0
7.0
79.7
152.166667
147.133333
137.033333
137.033333
137.0
5.033333
137.1
5.133333
10.066667
432.733333
20.133333
15.166667
5.0
5.0
667.733333
25.066667
5.0
15.0
5.133333
5.0
94.6
10.033333
20.166667
20.166667
5.033333
21.2
5.1
41.033333
10.066667
45.533333
10.0
141.5
147.1
85.366667
5.066667
30.1
5.133333
15.0
416.1
5.1
15.066667
6.4
21.266667
34.2
10.1
5.066667
15.0
5.0
21.8
553.466667
20.033333
20.166667
20.033333
15.1
10.066667
34.566667
21.366667
103.166667
20.033333
5.0
20.066667
10.166667
25.1
20.066667
141.933333
10.333333
183.7
15.133333
20.133333
274.1
137.033333
5.033333
15.0
15.0
274.066667
15.0
5.0
15.066667
5.066667
15.1
5.1
10.1
64.2
5.0
5.0
10.066667
15.066667
76.8
136.966667
5.1
10.033333
5.0
10.066667
147.1
15.133333
5.533333
20.133333
20.166667
21.6
15.1
15.133333
650.833333
5.066667
548.2
20.033333
45.033333
115.033333
5.0
5.0
5.0
142.033333
152.1
30.233333
150.233333
49.1
20.266667
10.1
10.033333
87.066667
15.0
10.066667
20.033333
15.0
15.1
10.033333
11.033333
5.2
5.0
146.933333
157.1
5.066667
10.033333
5.0
6.0
5.133333
46.7
137.0
10.1
5.133333
137.066667
15.0
15.033333
10.033333
20.133333
10.1
5.066667
10.0
15.066667
5.133333
10.0
10.1
20.166667
5.0
20.1
5.066667
25.133333
10.166667
15.166667
10.133333
5.1
5.0
152.033333
20.033333
10.133333
10.0
5.0
20.033333
142.1
20.0
141.966667
62.266667
21.6
115.566667
20.0
15.0
15.1
5.0
27.466667
20.033333
5.266667
10.033333
15.133333
20.033333
15.0
553.1
20.1
5.0
5.0
5.066667
20.0
334.0
5.033333
13.166667
5.033333
10.1
15.0
30.133333
5.2
10.066667
5.066667
121.7
5.0
5.033333
5.033333
12.633333
5.0
15.066667
20.1
10.0
25.133333
5.033333
5.033333
20.066667
10.0
5.066667
553.266667
10.133333
20.1
9.7
10.033333
20.0
20.066667
20.266667
15.1
20.066667
415.8
15.2
5.033333
152.066667
5.0
10.033333
15.033333
13.533333
10.0
25.266667
13.466667
44.0
16.0
10.0
20.0
284.0
5.1
15.2
5.033333
5.033333
20.066667
10.0
10.0
15.066667
11.266667
5.1
15.033333
23.6
147.066667
42.5
279.133333
136.933333
20.1
152.0
20.0
5.133333
5.0
5.033333
5.133333
5.033333
6.5
10.0
20.0
20.066667
142.0
5.066667
16.366667
5.066667
14.966667
137.0
16.366667
10.0
141.9
20.133333
20.0
30.166667
5.0
12.033333
59.033333
5.0
10.0
5.166667
20.166667
100.433333
157.033333
15.166667
10.033333
5.033333
5.8
137.033333
157.0
20.033333
5.1
42.1
137.1
5.0
6.166667
5.0
10.0
20.2
137.066667
5.033333
20.0
5.0
5.1
162.2
137.066667
25.066667
10.066667
10.0
5.1
5.133333
5.2
10.066667
10.0
142.1
10.0
5.2
15.733333
5.0
249.2
5.1
146.866667
10.1
5.033333
5.0
5.0
5.0
5.1
28.533333
10.066667
14.433333
161.0
5.0
10.1
553.366667
15.0
10.066667
5.0
5.0
5.033333
5.066667
20.066667
5.066667
20.0
15.233333
20.166667
31.966667
25.133333
95.566667
20.066667
10.0
152.033333
5.1
5.033333
25.2
10.066667
5.066667
15.033333
22.3
70.566667
25.1
30.1
143.333333
15.1
137.066667
10.166667
10.066667
130.433333
20.333333
10.133333
10.0
15.1
15.166667
25.0
5.0
25.133333
10.033333
11.6
5.1
13.466667
5.033333
29.366667
5.033333
63.3
5.066667
5.033333
23.133333
5.066667
20.033333
5.1
15.1
5.166667
10.0
5.166667
154.266667
20.266667
59.7
30.033333
5.033333
10.0
25.233333
5.0
20.1
5.033333
20.233333
20.066667
60.766667
8.1
5.0
5.033333
92.333333
5.166667
24.0
20.1
161.9
15.166667
5.1
10.0
5.133333
5.166667
12.433333
10.1
20.166667
5.033333
20.033333
5.0
5.066667
10.033333
5.033333
5.066667
15.033333
33.366667
15.0
152.0
10.0
62.8
112.666667
5.0
10.133333
106.0
32.466667
147.066667
162.066667
16.333333
5.0
13.366667
264.966667
20.166667
153.966667
25.133333
15.0
5.1
5.1
15.133333
5.0
137.2
20.0
5.033333
20.033333
20.166667
10.033333
5.033333
15.0
23.333333
5.133333
142.466667
15.0
136.933333
15.033333
25.0
26.9
20.033333
20.066667
141.9
136.8
10.0
10.0
20.033333
6.966667
20.2
15.033333
15.166667
15.0
10.1
10.066667
15.0
25.033333
10.0
15.1
548.3
5.0
10.066667
19.066667
25.0
5.066667
563.166667
5.0
15.0
553.5
5.0
25.1
5.133333
558.3
5.1
10.0
5.066667
28.066667
20.0
10.033333
5.0
5.0
142.066667
5.033333
5.0
10.066667
15.0
15.033333
210.0
15.033333
10.066667
10.033333
34.9
15.133333
8.366667
91.366667
20.066667
5.033333
20.1
5.0
15.133333
5.266667
30.066667
5.133333
15.066667
10.133333
5.066667
137.133333
10.2
5.0
15.033333
5.0
5.066667
5.033333
15.0
25.033333
20.0
6.433333
5.0
22.133333
20.0
5.0
15.033333
15.0
20.0
10.0
10.0
10.0
5.166667
10.033333
5.0
5.0
10.033333
20.2
8.166667
10.066667
23.433333
15.133333
32.933333
128.066667
11.266667
10.033333
10.133333
5.033333
137.0
142.133333
20.0
15.066667
5.033333
5.033333
15.233333
10.166667
15.033333
5.0
15.033333
5.066667
13.566667
5.033333
20.033333
5.1
15.166667
20.033333
20.133333
10.0
5.0
20.066667
20.1
10.033333
15.066667
5.066667
14.833333
15.1
10.133333
10.0
5.0
5.066667
15.0
10.0
20.2
5.066667
10.0
5.0
5.0
25.2
553.233333
5.1
56.166667
114.666667
20.166667
5.166667
10.0
5.066667
5.0
10.0
25.166667
20.3
5.066667
43.366667
106.0
5.1
5.133333
5.033333
83.0
10.0
15.0
98.266667
15.0
141.9
20.066667
5.033333
16.5
137.066667
29.966667
152.0
5.066667
147.133333
5.033333
136.9
31.2
142.1
10.066667
152.1
25.133333
20.0
5.1
5.0
10.1
5.0
35.166667
15.133333
5.066667
5.0
20.066667
20.133333
10.033333
20.066667
10.1
5.0
25.0
10.0
15.0
10.066667
10.133333
24.0
152.0
5.033333
20.1
23.833333
16.533333
10.1
5.033333
49.566667
25.0
5.0
25.866667
16.533333
73.7
25.066667
625.966667
137.0
137.066667
5.033333
15.3
519.233333
5.133333
20.066667
20.133333
553.266667
5.0
5.0
5.033333
15.033333
5.0
25.266667
15.233333
59.566667
121.2
143.133333
150.1
5.066667
20.033333
17.533333
284.066667
25.033333
147.0
9.433333
147.0
10.2
27.733333
137.033333
5.066667
283.966667
5.066667
5.0
20.0
5.0
20.1
68.6
20.066667
15.0
5.033333
75.033333
162.9
5.033333
548.466667
20.133333
284.633333
5.1
137.0
5.166667
15.0
553.466667
10.033333
10.0
5.0
20.066667
125.7
157.066667
5.0
5.066667
20.0
5.0
6.533333
20.1
20.3
10.1
5.033333
10.1
10.0
5.033333
5.033333
15.0
10.033333
10.1
15.066667
15.033333
5.066667
5.0
10.033333
10.166667
10.0
10.033333
20.0
15.033333
5.066667
10.1
68.933333
10.033333
20.133333
13.566667
5.1
10.033333
10.0
20.133333
25.133333
10.033333
10.033333
28.2
5.033333
15.033333
5.1
29.1
141.966667
289.2
141.833333
20.0
279.0
152.0
278.866667
17.066667
262.366667
5.033333
10.133333
5.133333
15.0
15.366667
5.033333
10.166667
5.066667
20.266667
5.133333
15.066667
13.933333
5.133333
5.033333
5.0
20.0
5.0
12.9
10.0
10.066667
5.1
5.033333
47.133333
25.0
10.166667
5.066667
6.7
10.1
20.2
15.1
10.033333
15.5
5.166667
5.066667
30.0
10.066667
5.066667
5.066667
122.3
142.033333
10.066667
25.0
15.1
20.033333
5.066667
5.033333
10.033333
10.1
5.0
27.9
20.033333
156.566667
137.033333
80.466667
5.0
5.033333
10.133333
15.8
10.0
548.366667
20.833333
15.133333
20.0
5.033333
25.066667
15.166667
5.333333
142.9
15.033333
5.066667
137.033333
5.066667
137.0
157.166667
10.033333
10.033333
20.0
147.1
20.166667
15.033333
157.2
10.066667
5.1
20.133333
10.066667
20.1
5.166667
10.133333
15.033333
20.033333
33.466667
15.0
5.133333
10.066667
5.033333
5.033333
20.066667
15.1
30.0
553.2
5.066667
5.066667
5.1
10.0
5.0
5.0
5.033333
25.266667
15.1
5.0
5.0
5.033333
5.0
10.033333
15.033333
10.1
161.966667
142.066667
20.1
20.133333
21.633333
25.3
5.0
5.1
5.033333
30.066667
5.1
5.133333
20.033333
10.066667
113.2
10.1
5.0
25.033333
15.1
10.0
5.033333
136.966667
20.166667
152.1
15.1
5.033333
5.1
5.066667
137.033333
66.833333
15.0
127.933333
10.0
5.066667
5.0
10.0
15.033333
20.066667
20.0
5.033333
8.3
5.0
5.066667
15.0
10.133333
276.8
5.066667
20.033333
20.133333
26.5
5.033333
14.6
553.2
5.066667
24.6
142.0
23.766667
5.166667
10.1
5.133333
5.1
15.0
5.033333
15.0
10.033333
20.0
20.133333
20.033333
15.033333
5.066667
5.0
5.066667
25.166667
20.2
10.033333
25.133333
5.0
20.0
5.066667
5.0
5.0
30.1
15.033333
15.233333
5.033333
5.0
5.266667
15.0
5.033333
10.033333
5.066667
10.033333
15.033333
5.033333
5.066667
10.066667
10.166667
15.2
10.1
10.066667
15.0
5.033333
11.566667
45.166667
5.0
5.133333
10.0
157.033333
10.1
5.066667
5.033333
10.133333
12.833333
98.733333
48.9
10.066667
152.733333
5.033333
10.066667
10.066667
157.1
10.0
5.0
20.233333
20.133333
5.033333
5.066667
5.0
25.066667
10.0
10.0
15.033333
5.066667
5.033333
5.0
20.066667
5.033333
5.0
11.433333
20.333333
20.0
70.666667
10.066667
10.1
20.1
5.133333
25.066667
6.3
25.1
20.033333
19.766667
5.0
15.233333
142.7
31.733333
11.666667
5.1
5.0
274.0
274.066667
10.133333
20.0
15.1
5.033333
15.066667
5.066667
5.033333
10.0
78.1
137.066667
20.0
5.066667
5.0
15.133333
553.166667
5.066667
5.0
10.233333
10.033333
10.433333
15.066667
10.1
10.0
20.1
10.066667
25.0
10.1
10.066667
20.033333
30.066667
15.233333
5.066667
15.166667
23.866667
142.033333
147.066667
142.1
10.0
21.533333
5.066667
15.066667
5.0
141.966667
90.866667
20.266667
548.066667
5.166667
553.266667
120.166667
15.166667
10.1
15.033333
15.033333
10.066667
5.0
37.7
15.1
74.166667
31.5
142.1
10.066667
5.033333
15.0
20.033333
20.033333
10.0
15.033333
142.066667
12.5
10.133333
5.033333
20.1
10.033333
5.0
15.033333
10.0
15.0
6.2
5.0
5.0
5.033333
38.966667
5.033333
10.033333
20.033333
5.033333
5.033333
10.033333
5.033333
10.066667
5.0
11.233333
146.966667
15.033333
5.066667
21.3
5.0
157.1
20.066667
5.066667
5.0
20.1
46.566667
16.966667
5.066667
685.166667
5.033333
5.133333
558.2
17.7
5.0
20.066667
10.033333
10.033333
20.1
15.066667
5.0
5.133333
15.0
5.066667
5.033333
21.0
47.633333
5.033333
5.066667
5.066667
6.066667
10.0
5.0
142.0
152.066667
15.266667
101.066667
151.833333
15.133333
5.0
38.233333
5.0
5.066667
6.0
39.966667
16.866667
5.066667
20.066667
94.4
147.033333
15.066667
39.0
38.233333
5.033333
15.0
10.033333
20.066667
5.1
20.033333
16.266667
5.033333
11.866667
5.0
10.066667
26.366667
38.066667
15.0
141.8
15.233333
10.1
5.0
15.133333
49.7
6.233333
5.0
5.033333
5.133333
10.0
10.1
5.033333
10.0
20.966667
5.0
15.133333
5.0
10.033333
10.066667
5.0
5.066667
5.066667
5.0
5.1
5.0
20.1
10.033333
46.366667
20.0
5.0
15.033333
211.466667
120.133333
5.0
5.033333
5.1
15.033333
5.0
90.1
10.0
5.133333
236.9
5.0
5.0
54.9
152.0
153.966667
5.0
20.033333
20.1
5.0
10.0
10.0
10.033333
20.0
568.133333
8.8
10.0
5.066667
20.266667
73.633333
5.133333
10.0
548.2
8.366667
10.033333
15.133333
5.066667
25.166667
15.066667
15.033333
15.2
130.933333
25.1
50.633333
137.133333
152.0
5.066667
10.1
67.3
15.133333
5.0
20.066667
5.033333
25.066667
15.1
10.0
16.833333
20.066667
15.166667
5.0
5.033333
20.066667
5.066667
20.366667
10.066667
10.066667
10.033333
10.1
24.5
10.033333
5.033333
10.133333
20.166667
5.066667
20.0
20.066667
20.166667
10.1
15.0
10.066667
10.0
5.133333
25.066667
18.433333
10.033333
5.1
96.3
10.0
10.0
5.0
20.0
5.066667
15.133333
10.133333
9.233333
152.0
10.7
32.166667
15.066667
10.033333
20.166667
15.0
18.133333
25.066667
20.066667
10.033333
5.0
10.0
21.266667
5.033333
122.766667
5.066667
15.2
8.033333
5.066667
548.5
5.0
5.066667
20.033333
10.066667
20.1
15.066667
5.1
5.1
298.633333
141.966667
20.1
25.166667
10.133333
10.0
5.1
27.533333
15.0
137.033333
142.0
15.166667
5.1
20.266667
10.0
10.0
15.033333
5.133333
15.0
20.133333
6.833333
20.0
47.766667
75.866667
20.233333
25.066667
10.033333
5.0
20.0
6.233333
5.1
23.7
48.166667
5.033333
35.133333
137.0
15.2
26.533333
184.4
20.266667
157.066667
5.033333
5.2
456.7
5.0
5.033333
16.566667
5.066667
5.0
157.0
15.033333
10.033333
30.2
20.0
5.066667
20.066667
20.133333
20.166667
15.133333
5.066667
157.033333
157.033333
5.033333
5.0
300.9
54.7
5.133333
5.0
20.033333
5.033333
5.1
11.9
5.2
5.1
10.033333
5.066667
142.433333
152.066667
25.066667
20.0
10.1
146.966667
5.066667
10.0
5.0
15.066667
10.066667
5.0
107.233333
156.966667
5.1
5.0
5.033333
5.033333
6.8
20.1
15.2
5.0
20.133333
10.133333
73.233333
5.0
20.466667
10.2
10.166667
25.033333
25.033333
8.166667
5.066667
15.233333
20.133333
16.633333
5.0
5.133333
11.5
25.133333
10.0
8.966667
101.8
20.133333
5.066667
10.033333
5.0
25.033333
29.566667
10.033333
10.033333
10.066667
95.9
10.066667
15.033333
5.166667
147.066667
20.1
10.0
15.0
5.066667
71.966667
12.4
152.133333
137.066667
20.233333
185.0
20.033333
5.166667
5.0
15.0
151.866667
5.0
25.4
20.133333
20.1
20.2
183.1
10.0
17.533333
29.933333
15.0
10.1
137.133333
152.266667
27.833333
230.433333
10.1
548.333333
5.0
147.066667
5.033333
5.033333
5.166667
25.133333
5.066667
10.166667
15.0
20.033333
11.766667
5.1
5.033333
20.233333
10.066667
20.033333
5.0
20.0
15.266667
10.233333
5.0
5.066667
20.133333
15.033333
10.0
20.233333
5.1
5.0
15.0
20.0
10.166667
5.133333
150.8
5.0
118.866667
147.033333
10.066667
5.033333
5.133333
20.066667
5.0
56.666667
10.033333
30.033333
149.233333
5.033333
141.933333
10.033333
10.166667
11.5
5.133333
5.066667
10.033333
20.066667
10.0
5.133333
10.1
15.033333
80.466667
124.633333
6.1
5.1
20.066667
15.066667
10.0
152.033333
10.066667
247.066667
10.066667
5.033333
10.066667
5.033333
10.133333
142.0
25.033333
15.0
10.0
5.033333
15.0
15.0
15.033333
5.133333
10.0
5.066667
5.166667
20.033333
10.066667
20.033333
15.1
63.733333
5.033333
15.166667
15.066667
15.166667
5.0
10.1
22.033333
5.1
5.033333
5.166667
10.0
279.0
5.033333
5.0
10.133333
20.166667
5.033333
13.466667
10.0
10.0
20.233333
5.0
15.066667
10.033333
26.2
20.066667
5.0
5.033333
5.033333
10.0
25.033333
10.0
10.166667
15.033333
10.0
69.933333
15.1
5.733333
5.233333
15.066667
5.033333
15.1
20.2
5.1
5.166667
5.0
30.066667
5.066667
10.133333
5.0
5.1
11.066667
32.266667
5.033333
5.066667
20.0
20.033333
10.066667
5.033333
10.1
5.033333
5.0
5.0
10.0
5.0
5.0
20.066667
10.166667
20.033333
553.4
5.066667
25.2
10.033333
35.8
5.066667
38.8
25.066667
78.6
10.0
20.133333
5.033333
30.133333
96.666667
25.033333
220.233333
157.166667
142.166667
38.0
239.966667
10.0
10.0
5.166667
31.633333
5.0
5.033333
229.633333
338.4
15.066667
10.0
146.866667
152.033333
10.0
15.2
15.0
5.1
142.166667
15.033333
20.166667
142.0
10.1
5.066667
10.0
28.4
31.0
148.466667
5.033333
5.0
5.133333
5.066667
39.466667
10.2
15.033333
5.0
10.0
10.1
5.033333
25.0
10.0
10.1
70.033333
25.1
147.0
128.9
10.033333
154.166667
157.133333
15.033333
5.033333
152.066667
273.9
5.0
20.0
20.2
142.0
15.133333
48.266667
5.066667
10.0
5.133333
15.066667
15.0
25.033333
20.066667
10.066667
20.0
5.0
20.066667
5.066667
20.166667
10.0
5.033333
11.566667
10.1
20.033333
15.0
5.066667
5.066667
152.066667
10.033333
12.866667
5.033333
5.033333
5.5
10.033333
38.433333
5.0
21.533333
20.0
15.133333
53.733333
20.2
15.033333
6.733333
5.0
5.166667
5.0
5.1
10.066667
5.0
5.0
15.0
5.033333
15.033333
20.033333
5.033333
10.1
10.0
5.033333
15.066667
30.733333
5.033333
15.033333
10.1
6.566667
76.4
142.033333
10.1
35.533333
10.033333
41.0
5.066667
10.033333
9.666667
5.033333
15.066667
141.8
5.066667
7.0
15.066667
20.1
5.0
8.6
54.166667
142.2
15.0
6.233333
5.133333
20.1
25.066667
5.1
15.033333
15.1
142.033333
10.066667
5.033333
144.433333
15.0
10.033333
20.033333
20.1
20.066667
20.033333
10.0
20.033333
21.2
10.2
15.033333
33.6
15.0
5.133333
10.033333
5.1
5.166667
10.033333
5.0
5.133333
20.1
5.0
10.0
15.1
5.033333
10.033333
26.266667
10.0
20.033333
20.0
25.233333
20.1
692.633333
20.133333
10.1
108.533333
693.633333
157.066667
10.033333
13.166667
20.066667
10.0
15.133333
10.033333
142.066667
114.4
10.033333
10.033333
15.0
15.0
20.133333
5.0
5.0
10.133333
5.066667
5.0
5.033333
5.0
15.0
15.133333
10.033333
20.2
15.0
6.466667
25.0
20.1
10.1
5.066667
20.033333
15.066667
5.0
5.0
15.2
10.0
21.6
5.0
30.2
15.133333
10.033333
20.133333
56.233333
142.1
10.0
10.0
15.033333
10.033333
5.0
20.033333
5.033333
5.1
10.1
10.0
5.066667
5.1
15.0
15.1
5.033333
15.066667
10.033333
20.2
10.2
15.033333
10.066667
19.533333
142.0
5.033333
10.0
10.066667
5.133333
10.0
23.5
15.0
20.1
144.1
68.533333
266.033333
177.133333
10.1
287.0
20.033333
5.133333
5.066667
5.1
15.066667
20.133333
15.1
10.0
20.133333
15.033333
5.066667
5.033333
5.166667
16.133333
20.066667
14.566667
16.766667
5.066667
10.066667
5.0
147.1
5.033333
548.4
20.2
5.133333
20.033333
15.0
563.333333
10.066667
32.333333
20.0
15.033333
11.466667
5.066667
44.966667
289.0
137.166667
137.066667
117.633333
10.0
10.133333
10.033333
10.066667
20.033333
136.933333
10.066667
147.466667
30.066667
20.033333
5.0
15.066667
5.0
15.1
147.5
20.233333
15.033333
5.066667
10.0
5.0
5.033333
15.1
10.133333
15.0
10.066667
10.033333
25.133333
21.533333
8.266667
20.1
67.2
134.866667
15.033333
5.133333
548.233333
15.0
15.033333
15.133333
19.433333
10.233333
10.0
6.033333
12.1
137.1
15.0
5.033333
136.9
7.533333
170.533333
20.066667
8.166667
15.166667
20.066667
10.033333
156.866667
563.1
5.933333
10.2
7.9
96.766667
548.233333
5.066667
10.033333
5.033333
553.366667
5.033333
15.133333
15.166667
20.033333
15.1
563.233333
5.0
15.066667
47.3
157.0
11.166667
5.0
78.0
152.033333
10.0
5.033333
5.066667
11.466667
5.033333
15.033333
32.233333
10.466667
5.0
20.066667
100.266667
568.233333
20.133333
146.966667
15.0
10.466667
146.933333
5.0
136.866667
5.0
10.1
5.0
30.1
25.066667
15.0
147.2
15.033333
128.733333
142.266667
152.0
147.033333
15.033333
10.033333
10.066667
5.033333
15.033333
20.1
5.033333
20.066667
30.233333
9.033333
56.133333
10.133333
23.233333
15.0
10.066667
11.433333
10.0
24.533333
10.066667
10.0
5.0
15.0
548.2
15.1
5.033333
20.066667
142.033333
141.933333
25.133333
136.966667
5.033333
76.266667
136.966667
10.1
10.0
15.033333
15.066667
15.133333
137.066667
15.066667
136.866667
553.2
20.1
10.033333
157.133333
146.9
5.1
273.933333
137.033333
15.1
150.8
10.2
558.3
30.033333
10.233333
5.033333
15.133333
20.066667
20.166667
5.033333
25.1
25.0
5.066667
11.6
10.033333
563.366667
10.066667
5.0
10.0
30.466667
157.066667
152.133333
10.1
21.2
5.0
10.133333
149.466667
5.033333
15.066667
10.066667
152.1
53.9
143.8
10.066667
152.466667
182.466667
5.033333
10.0
284.2
151.966667
21.066667
5.033333
25.066667
5.066667
5.033333
15.2
10.033333
19.4
10.033333
5.066667
5.0
20.1
10.0
10.0
5.066667
15.0
15.166667
43.133333
10.066667
20.033333
30.0
20.0
22.0
20.033333
5.2
5.033333
10.033333
20.1
5.0
14.133333
5.0
10.066667
220.666667
15.2
10.033333
15.1
15.033333
15.1
10.6
29.566667
10.0
5.1
20.033333
10.033333
5.033333
151.966667
10.133333
66.666667
142.666667
15.233333
10.033333
10.1
26.7
103.866667
141.966667
10.133333
5.0
15.0
15.133333
5.033333
5.0
5.066667
154.7
197.433333
10.166667
5.0
187.066667
10.0
5.1
20.033333
5.066667
15.0
5.033333
136.9
5.0
15.133333
142.033333
10.0
152.033333
10.133333
5.0
10.3
5.066667
5.033333
10.233333
15.066667
15.133333
15.1
10.066667
147.166667
21.466667
5.033333
5.066667
5.033333
15.033333
5.033333
38.0
10.133333
10.033333
20.033333
244.466667
5.0
20.066667
5.0
15.6
92.366667
10.0
137.033333
15.066667
5.033333
5.0
5.1
5.066667
20.166667
15.533333
5.033333
20.033333
25.033333
5.1
15.066667
30.033333
5.0
10.133333
5.0
5.1
5.033333
15.133333
5.0
5.033333
15.066667
10.0
20.066667
5.033333
15.133333
15.066667
15.166667
10.1
20.133333
20.033333
5.066667
20.033333
137.133333
46.933333
16.433333
695.2
10.066667
147.033333
5.0
264.466667
20.0
16.666667
5.1
5.1
47.633333
10.033333
20.1
15.1
10.1
5.1
20.033333
5.033333
10.166667
10.066667
5.133333
10.0
20.1
9.133333
15.0
15.1
18.7
48.8
137.033333
10.0
20.0
26.433333
5.033333
15.033333
5.0
5.033333
20.0
5.066667
14.233333
5.066667
5.033333
15.0
10.0
10.066667
5.0
10.033333
10.0
20.0
180.3
151.166667
17.233333
5.0
137.1
10.033333
10.066667
5.066667
5.033333
15.066667
5.0
25.1
15.0
26.933333
20.0
20.0
10.066667
25.0
5.033333
5.066667
5.066667
25.133333
402.0
5.166667
152.066667
142.0
5.0
10.066667
5.066667
146.933333
5.0
32.866667
5.0
5.0
15.033333
5.0
26.166667
10.033333
26.133333
10.1
5.066667
20.0
50.1
15.1
5.033333
288.933333
93.466667
10.1
5.0
15.233333
5.1
5.0
10.033333
20.033333
5.0
24.366667
10.0
5.0
5.033333
15.033333
15.066667
20.033333
5.066667
5.033333
5.133333
10.066667
5.066667
15.033333
10.033333
20.066667
5.066667
10.066667
15.2
15.033333
10.1
28.966667
15.033333
144.833333
10.0
10.166667
168.033333
15.033333
15.133333
10.066667
10.033333
16.466667
548.333333
146.933333
20.0
5.1
5.5
5.133333
548.3
5.166667
5.1
10.033333
487.1
157.233333
181.5
137.1
5.0
30.0
10.066667
15.033333
30.033333
147.033333
146.6
10.0
10.066667
30.133333
20.033333
10.133333
15.0
10.0
10.0
5.033333
71.1
21.833333
5.133333
33.7
10.333333
108.633333
5.0
15.1
10.066667
6.3
15.033333
53.233333
128.7
5.0
15.1
5.166667
25.133333
11.1
88.366667
5.066667
10.0
21.166667
15.2
15.066667
5.066667
39.6
20.1
15.0
10.233333
134.433333
5.1
30.1
5.0
45.466667
70.4
157.033333
5.066667
42.066667
93.666667
20.1
141.966667
10.166667
5.033333
15.1
21.333333
10.066667
5.133333
157.1
20.333333
16.233333
5.033333
10.0
15.133333
25.033333
15.066667
28.6
15.033333
10.1
20.033333
10.033333
15.266667
15.0
20.033333
15.033333
23.566667
5.033333
127.133333
5.0
147.0
6.4
100.0
39.466667
20.033333
20.066667
5.0
20.1
11.233333
5.0
15.066667
5.033333
5.066667
5.1
5.1
20.166667
192.433333
5.0
5.033333
15.233333
5.1
5.133333
10.0
5.066667
15.0
5.0
10.066667
15.1
639.9
25.1
137.033333
5.0
5.066667
10.0
5.0
15.066667
123.9
11.066667
5.066667
16.2
10.033333
5.133333
142.066667
10.066667
5.0
45.533333
5.0
20.1
30.866667
10.033333
33.233333
17.133333
10.0
137.2
5.066667
142.033333
10.066667
136.966667
15.0
137.066667
5.033333
5.0
20.1
10.033333
5.066667
30.133333
20.066667
15.0
15.033333
5.166667
109.0
5.033333
5.066667
15.0
25.133333
5.066667
20.133333
15.0
5.166667
10.0
5.0
5.033333
10.066667
20.033333
30.3
5.0
18.133333
5.1
15.033333
5.033333
5.166667
5.033333
20.1
20.733333
20.166667
5.133333
20.0
5.0
20.366667
198.566667
25.0
20.033333
10.1
142.166667
25.166667
39.2
81.8
5.0
5.033333
8.4
5.066667
38.233333
5.066667
5.233333
5.066667
10.1
10.166667
15.2
7.966667
20.166667
20.033333
12.833333
15.0
10.166667
152.0
5.066667
53.833333
5.033333
10.066667
6.466667
75.5
146.866667
20.166667
157.033333
152.033333
5.133333
5.166667
5.066667
5.133333
15.1
15.066667
5.033333
15.0
17.966667
10.033333
10.0
10.233333
10.233333
5.033333
10.0
20.166667
10.1
5.0
5.1
11.766667
18.066667
5.0
23.1
5.0
5.0
20.166667
10.066667
5.133333
62.0
10.0
10.1
153.9
5.1
16.0
5.2
20.133333
137.066667
5.033333
10.166667
5.033333
15.0
5.033333
5.066667
11.1
5.0
5.033333
5.0
143.3
96.7
15.133333
5.0
5.0
5.066667
5.033333
5.033333
15.0
5.1
15.0
5.0
126.5
52.9
5.0
10.033333
20.2
15.0
20.0
115.333333
5.0
14.9
93.266667
5.033333
10.066667
136.966667
5.0
5.066667
15.1
15.133333
147.066667
25.166667
15.2
30.2
15.166667
10.0
10.0
15.0
5.0
20.066667
20.1
30.0
28.633333
5.0
68.233333
142.0
20.1
6.3
5.066667
10.0
5.066667
106.033333
134.533333
152.2
87.466667
5.0
15.0
20.0
10.233333
5.0
25.033333
10.0
5.033333
10.033333
5.0
10.2
10.0
15.033333
5.1
20.2
15.0
20.0
5.033333
5.033333
10.033333
20.0
10.066667
5.0
15.0
17.566667
10.0
27.666667
18.7
5.033333
10.0
10.066667
5.666667
15.066667
15.033333
10.0
10.033333
53.766667
5.0
5.0
5.066667
10.833333
133.666667
5.766667
5.133333
10.033333
13.633333
5.033333
152.233333
21.933333
5.033333
5.066667
15.0
355.866667
15.133333
5.066667
5.0
5.066667
25.133333
5.0
29.633333
10.0
5.066667
10.066667
10.0
10.1
5.0
13.833333
5.0
20.133333
5.0
5.133333
20.033333
15.066667
20.166667
10.033333
5.066667
10.066667
26.033333
5.0
10.1
15.0
5.0
5.1
12.0
5.033333
5.0
15.033333
157.1
15.2
137.033333
5.0
5.066667
20.0
17.633333
15.033333
18.566667
5.1
15.033333
15.066667
5.066667
15.1
10.066667
5.066667
15.066667
5.066667
15.1
5.066667
5.2
25.2
5.033333
5.0
25.066667
20.1
137.0
137.033333
147.0
10.1
5.0
5.0
15.0
5.0
5.066667
26.9
5.1
20.033333
23.833333
10.066667
15.166667
15.066667
5.033333
20.033333
10.066667
5.0
5.066667
5.066667
21.966667
5.0
136.966667
15.033333
10.0
137.1
5.1
10.066667
5.033333
10.1
10.033333
10.0
151.966667
15.2
15.0
5.066667
5.0
5.033333
14.433333
5.1
12.366667
142.133333
132.533333
60.766667
15.0
20.2
162.033333
28.0
10.1
5.0
25.466667
5.066667
10.066667
10.066667
20.066667
10.066667
5.0
25.0
15.1
30.0
20.033333
25.8
15.033333
22.7
136.966667
20.133333
5.033333
137.066667
5.033333
137.066667
137.166667
5.066667
5.066667
142.0
563.433333
10.0
5.0
20.1
15.0
68.4
10.0
18.633333
142.0
49.0
5.0
5.0
5.066667
5.0
15.2
15.0
5.133333
15.033333
5.066667
15.0
20.566667
76.666667
6.2
158.3
15.166667
5.066667
137.033333
5.133333
16.266667
5.033333
20.033333
5.1
11.266667
25.133333
10.0
5.066667
5.033333
5.133333
5.1
25.1
15.033333
143.5
5.033333
172.866667
5.0
161.933333
5.066667
15.066667
24.766667
15.166667
15.066667
25.0
20.1
25.066667
20.166667
10.033333
10.066667
5.033333
568.3
5.1
5.0
5.033333
10.1
5.066667
10.066667
11.633333
10.066667
5.0
15.066667
11.133333
10.066667
5.1
15.1
10.133333
5.0
137.133333
15.133333
5.033333
15.233333
5.066667
15.0
5.033333
5.033333
20.066667
5.033333
15.1
21.133333
20.1
15.0
20.033333
147.0
8.666667
147.066667
15.133333
33.066667
5.0
5.066667
5.066667
20.0
15.066667
20.066667
5.1
5.033333
5.033333
5.1
15.066667
15.133333
5.0
15.033333
5.066667
20.0
5.033333
20.066667
15.0
5.133333
10.0
5.033333
73.733333
5.066667
10.0
5.1
15.0
10.066667
25.0
10.1
10.0
10.066667
15.133333
5.033333
10.033333
12.466667
78.066667
15.0
5.0
161.933333
15.166667
20.1
5.033333
10.033333
274.1
5.166667
5.066667
5.0
5.033333
10.033333
30.033333
20.033333
16.2
15.066667
10.033333
5.0
5.1
5.1
20.133333
16.2
25.1
16.066667
5.0
23.2
5.133333
46.766667
10.1
152.033333
10.0
5.066667
5.0
15.7
10.0
5.066667
10.133333
5.0
15.133333
5.133333
20.033333
5.033333
5.0
10.2
5.0
20.2
10.366667
20.0
30.033333
20.066667
20.2
15.0
10.1
10.033333
10.066667
10.133333
10.0
10.066667
5.066667
20.0
21.266667
14.266667
20.066667
10.0
15.066667
5.066667
10.0
10.033333
39.3
5.1
10.0
25.166667
10.0
5.0
15.133333
15.266667
5.066667
11.466667
15.0
16.866667
5.066667
7.3
25.166667
5.066667
5.066667
11.4
5.0
20.066667
117.633333
29.466667
20.033333
25.066667
15.066667
28.766667
137.033333
137.033333
10.033333
30.166667
19.866667
7.1
5.0
15.166667
157.266667
137.066667
15.033333
20.0
20.5
20.1
5.066667
100.8
20.0
10.133333
5.033333
15.133333
125.666667
5.133333
10.0
10.033333
10.166667
20.1
26.066667
20.066667
56.266667
260.166667
137.1
279.166667
20.066667
25.6
75.933333
5.066667
27.733333
137.1
142.0
15.133333
68.533333
142.033333
142.033333
5.0
5.133333
5.033333
591.733333
137.033333
10.066667
20.0
5.066667
10.066667
142.1
5.0
20.066667
10.033333
92.933333
5.066667
20.133333
42.7
15.2
5.0
305.766667
5.1
15.0
284.066667
5.066667
284.366667
5.033333
143.6
15.033333
86.766667
139.933333
15.0
141.833333
119.533333
5.033333
5.033333
10.033333
5.0
5.1
5.1
15.133333
10.066667
10.066667
5.033333
5.066667
10.033333
15.066667
20.1
5.033333
10.033333
23.9
68.166667
10.1
105.933333
154.366667
5.033333
273.133333
10.133333
5.0
25.2
15.0
5.0
142.0
5.033333
10.033333
147.066667
20.1
5.0
151.933333
10.1
15.233333
5.066667
16.666667
5.033333
5.133333
21.266667
5.1
21.533333
15.166667
5.066667
5.166667
5.0
5.033333
20.0
15.166667
5.0
15.0
15.0
20.033333
6.033333
31.066667
5.0
5.033333
15.166667
20.066667
10.066667
25.033333
5.133333
6.066667
10.033333
5.1
10.066667
5.0
15.033333
15.033333
5.033333
20.166667
5.033333
5.033333
25.066667
15.1
15.033333
10.066667
5.0
15.133333
15.166667
5.0
5.066667
10.033333
15.033333
20.166667
20.1
15.1
50.1
10.0
47.433333
10.0
24.866667
10.0
5.133333
5.066667
10.0
5.033333
5.033333
553.166667
15.233333
553.066667
20.1
5.033333
16.833333
5.033333
22.3
85.533333
20.1
15.1
15.066667
10.133333
5.033333
5.066667
22.966667
48.766667
12.533333
10.033333
5.0
5.066667
10.066667
10.033333
17.0
10.1
5.033333
25.066667
18.933333
15.0
10.0
10.133333
5.0
5.033333
10.166667
15.033333
5.0
15.166667
15.2
15.133333
20.166667
15.0
5.0
146.966667
5.033333
5.0
5.0
5.033333
15.1
10.166667
26.033333
5.033333
25.066667
5.0
5.066667
548.2
5.066667
10.066667
6.4
5.033333
115.7
24.6
25.066667
10.033333
5.033333
10.066667
15.066667
10.166667
5.1
10.033333
10.033333
97.566667
10.033333
136.933333
5.033333
5.066667
5.066667
11.133333
137.033333
5.066667
20.133333
15.033333
15.066667
5.0
20.1
11.366667
10.066667
25.166667
10.1
136.933333
5.033333
283.366667
5.033333
5.133333
241.533333
92.233333
21.033333
15.1
22.366667
10.0
85.633333
10.133333
5.0
15.033333
20.033333
5.133333
10.1
5.0
10.033333
21.5
5.066667
10.1
20.2
20.0
25.233333
5.066667
5.0
10.0
5.033333
5.0
10.066667
8.233333
10.0
25.1
5.0
15.066667
20.0
10.0
5.133333
5.033333
10.0
10.133333
20.033333
147.066667
5.033333
136.966667
20.133333
26.633333
5.2
5.066667
15.033333
10.0
128.333333
6.833333
58.233333
5.0
10.0
15.1
20.066667
10.033333
137.133333
20.0
5.0
15.2
5.133333
36.066667
82.7
10.133333
5.0
12.4
152.2
5.166667
10.0
15.0
20.066667
25.1
20.133333
10.133333
10.0
6.4
26.133333
178.5
55.266667
10.133333
146.5
5.033333
142.2
56.566667
5.0
15.0
157.1
10.066667
15.133333
30.2
5.033333
20.066667
5.1
5.033333
5.066667
10.066667
10.133333
16.333333
10.1
12.0
13.8
15.0
77.6
142.066667
5.0
25.233333
5.0
15.1
21.266667
98.366667
142.0
10.1
5.1
20.0
30.033333
10.0
20.133333
10.0
20.1
15.066667
5.066667
15.133333
10.1
20.0
10.5
5.033333
59.366667
5.2
5.2
5.0
5.066667
10.0
25.033333
5.1
5.1
5.1
5.1
20.2
10.133333
5.2
15.1
142.033333
10.0
10.0
136.766667
20.066667
20.1
183.8
240.666667
5.066667
119.933333
146.833333
10.033333
10.1
5.0
20.033333
5.066667
5.0
20.033333
10.033333
12.5
20.166667
152.1
10.033333
5.0
5.1
15.1
5.033333
5.1
10.033333
5.1
15.033333
15.2
20.166667
20.2
15.2
10.0
15.366667
10.0
5.066667
5.233333
25.066667
15.066667
20.2
23.333333
118.1
5.0
153.766667
103.133333
10.0
84.266667
5.066667
5.033333
15.166667
5.0
5.0
5.033333
5.066667
10.133333
15.033333
5.033333
25.033333
10.066667
10.066667
5.233333
15.133333
5.0
10.0
10.066667
5.1
5.0
10.066667
548.266667
5.0
5.1
5.033333
10.133333
15.033333
18.8
5.1
15.033333
5.033333
5.033333
31.766667
5.166667
10.066667
25.766667
25.066667
5.033333
20.0
25.133333
5.033333
10.033333
5.0
10.0
15.233333
10.0
10.166667
15.166667
5.0
5.1
10.0
25.0
5.133333
5.0
10.033333
15.0
10.0
11.433333
20.0
16.666667
5.033333
10.0
10.066667
5.0
14.233333
15.133333
10.066667
5.0
15.1
20.133333
15.166667
10.033333
5.033333
5.0
5.066667
25.1
5.0
25.066667
5.033333
22.533333
32.366667
5.0
15.033333
10.133333
5.0
42.433333
5.066667
10.033333
10.033333
10.1
5.1
15.0
5.033333
5.0
115.3
30.033333
5.0
10.033333
25.166667
5.033333
15.033333
16.0
21.166667
5.0
31.1
15.066667
20.166667
5.0
10.066667
10.066667
28.066667
10.033333
15.0
15.033333
5.0
25.1
5.0
26.566667
10.066667
15.066667
20.066667
5.1
18.5
37.033333
10.033333
136.966667
157.1
20.933333
10.0
152.1
16.6
5.066667
25.333333
10.0
21.6
24.966667
5.033333
10.0
75.433333
5.0
146.866667
5.0
15.133333
10.0
20.166667
152.1
5.066667
146.866667
10.0
5.0
5.066667
15.033333
20.1
15.066667
5.0
10.0
5.0
10.4
15.066667
15.0
147.233333
15.2
5.0
10.0
153.433333
10.033333
5.1
5.0
6.7
36.533333
15.0
147.033333
5.1
10.033333
20.4
5.033333
5.133333
10.033333
20.033333
10.033333
5.033333
10.3
13.866667
19.3
142.033333
5.066667
5.033333
235.166667
146.933333
5.1
15.0
5.0
18.0
141.9
142.066667
20.1
10.2
20.166667
10.0
10.0
19.7
142.0
146.966667
142.1
10.066667
5.133333
10.0
25.166667
10.1
10.0
15.0
30.066667
5.033333
15.133333
5.066667
33.2
10.0
5.033333
10.033333
5.0
15.0
147.2
5.0
103.433333
166.833333
269.6
68.833333
136.666667
146.966667
407.766667
10.066667
20.0
131.5
137.033333
96.833333
5.066667
10.033333
5.1
25.1
5.033333
10.0
15.133333
15.1
5.0
15.0
5.0
15.0
15.133333
5.2
5.233333
20.133333
5.033333
5.033333
10.066667
20.166667
5.1
5.1
5.066667
5.1
25.166667
15.133333
10.033333
22.433333
15.833333
5.2
20.733333
5.066667
10.033333
20.233333
5.166667
25.066667
13.8
5.133333
5.033333
5.033333
10.0
5.066667
11.333333
5.0
10.0
129.433333
5.1
143.433333
5.033333
10.033333
15.1
141.233333
5.033333
119.266667
15.233333
5.1
20.133333
15.166667
125.0
10.033333
5.0
151.966667
31.966667
249.833333
15.033333
20.0
136.866667
10.0
15.033333
10.1
5.133333
15.0
56.033333
96.8
10.1
15.233333
5.0
20.0
15.033333
553.2
25.033333
25.266667
10.066667
5.0
20.633333
44.966667
5.033333
5.066667
10.033333
10.033333
10.1
20.133333
15.066667
5.033333
6.433333
5.0
5.133333
15.166667
5.133333
5.0
15.0
98.8
10.1
5.166667
5.033333
15.033333
15.1
5.033333
20.033333
16.833333
16.633333
15.1
25.0
15.0
25.133333
20.033333
116.1
15.066667
5.1
23.866667
5.1
5.0
5.033333
5.0
10.233333
5.066667
5.033333
10.2
5.033333
5.133333
20.133333
558.3
20.066667
10.133333
5.0
10.1
5.033333
15.066667
10.233333
20.8
15.0
15.1
20.066667
5.633333
5.0
20.0
15.3
5.0
5.033333
25.166667
20.033333
5.0
15.0
20.2
137.866667
15.233333
5.066667
30.166667
10.033333
10.1
20.133333
20.033333
5.1
29.5
103.933333
137.133333
553.166667
36.566667
142.166667
10.0
5.1
15.066667
15.066667
20.1
157.066667
15.0
5.066667
142.0
5.066667
20.033333
15.133333
10.066667
15.166667
5.033333
20.966667
19.1
15.133333
10.166667
10.033333
37.1
141.966667
5.033333
147.033333
68.566667
92.366667
5.033333
152.033333
5.133333
15.066667
25.266667
15.0
5.1
15.166667
54.8
15.066667
136.966667
14.3
5.033333
25.066667
10.0
21.533333
10.0
553.366667
10.033333
10.0
10.166667
5.033333
5.0
25.133333
5.133333
15.133333
20.033333
5.033333
10.1
16.633333
5.033333
20.066667
5.033333
25.0
5.033333
20.5
20.666667
15.133333
25.3
20.133333
26.1
15.033333
5.066667
5.0
104.933333
147.5
22.666667
131.233333
10.0
5.066667
10.066667
10.166667
16.633333
10.1
31.3
5.033333
5.066667
5.0
147.833333
5.0
20.033333
20.033333
5.0
15.1
10.0
5.133333
15.033333
5.0
15.233333
15.033333
5.066667
15.0
5.033333
20.066667
20.0
5.0
19.866667
10.066667
137.1
15.133333
15.066667
10.0
5.166667
147.066667
5.0
20.033333
225.633333
5.066667
10.0
5.066667
10.1
10.033333
10.166667
15.066667
20.033333
25.066667
5.1
5.033333
5.033333
5.133333
15.066667
204.7
21.666667
10.066667
20.0
10.0
142.033333
5.0
5.1
141.9
5.066667
15.033333
5.0
5.133333
5.233333
6.1
144.1
5.066667
13.566667
10.066667
28.133333
15.066667
10.133333
15.133333
152.1
5.133333
5.033333
10.0
5.066667
10.1
20.1
553.233333
20.3
5.1
22.966667
5.1
11.533333
79.566667
5.0
5.0
20.0
10.2
5.1
5.0
5.0
15.0
15.066667
15.1
15.0
25.166667
25.0
183.966667
15.3
15.033333
13.366667
5.066667
10.1
15.0
157.2
141.966667
5.033333
10.033333
5.0
10.133333
5.1
13.033333
20.0
10.0
146.833333
5.0
5.033333
5.1
15.1
10.066667
139.1
20.133333
5.0
26.133333
20.0
5.033333
15.133333
10.033333
15.133333
10.033333
131.5
15.1
5.0
5.0
10.033333
152.033333
15.166667
15.2
5.0
5.066667
15.0
5.033333
10.033333
10.0
5.066667
5.0
10.0
25.033333
11.266667
15.0
20.0
5.1
162.6
25.133333
15.0
5.033333
5.0
5.033333
5.033333
5.1
25.0
20.066667
10.033333
5.0
5.033333
15.0
10.066667
10.0
5.0
66.4
25.6
5.2
10.166667
5.066667
20.0
20.0
20.0
10.066667
5.066667
15.033333
10.1
5.1
8.233333
10.166667
20.1
15.033333
19.466667
10.0
21.0
20.1
42.033333
5.1
20.2
137.2
5.1
10.066667
15.033333
5.0
5.2
15.033333
5.0
15.033333
5.066667
5.066667
20.2
129.933333
15.166667
64.3
80.966667
20.033333
6.2
20.066667
10.1
5.066667
15.133333
288.433333
5.033333
10.066667
52.133333
150.066667
137.0
142.0
15.1
5.0
10.066667
10.1
15.1
5.066667
5.0
10.033333
5.066667
5.033333
15.066667
10.0
27.566667
5.033333
5.1
10.0
5.366667
5.1
20.066667
20.066667
20.066667
24.3
10.0
5.033333
152.0
22.233333
188.533333
5.0
15.033333
5.166667
15.433333
20.0
20.1
5.1
5.0
20.0
20.133333
10.1
5.0
5.0
5.033333
5.0
15.066667
5.0
25.0
5.066667
5.0
15.033333
5.066667
5.0
5.0
15.033333
25.133333
5.0
15.1
19.766667
5.0
15.133333
10.1
10.0
5.033333
15.0
10.1
10.033333
136.933333
25.066667
5.0
10.133333
5.066667
5.0
15.066667
10.066667
5.0
15.0
146.966667
10.1
147.933333
30.133333
274.033333
20.2
10.033333
5.033333
10.066667
15.1
21.366667
15.1
26.166667
216.933333
15.133333
5.0
10.166667
5.033333
5.0
25.0
20.166667
136.966667
20.1
283.933333
120.533333
5.033333
5.066667
5.033333
5.133333
5.0
10.1
6.466667
16.233333
5.366667
157.166667
147.1
15.166667
5.066667
15.0
20.066667
10.0
146.966667
13.633333
142.1
278.9
137.033333
157.066667
147.066667
271.8
137.0
5.0
10.033333
5.1
20.033333
5.133333
20.433333
10.033333
20.2
5.1
5.0
23.633333
10.1
15.033333
44.033333
6.066667
5.133333
10.066667
15.066667
15.066667
10.033333
5.033333
260.366667
269.7
274.0
152.066667
20.033333
5.033333
25.033333
142.0
15.0
142.1
20.033333
10.1
10.066667
10.133333
5.1
17.2
5.066667
15.0
5.133333
5.066667
10.0
10.066667
5.033333
16.633333
553.2
5.033333
10.033333
10.0
5.0
10.233333
5.0
147.133333
14.133333
5.1
24.066667
15.066667
147.0
5.0
15.166667
10.1
10.033333
5.066667
10.0
46.766667
5.1
5.133333
15.066667
15.0
20.0
5.033333
8.533333
10.1
5.0
5.0
126.433333
15.133333
10.1
25.166667
61.266667
5.166667
15.166667
162.033333
10.1
5.0
5.066667
20.033333
5.0
10.033333
5.033333
5.066667
20.033333
20.033333
20.033333
5.166667
15.0
15.066667
5.1
25.0
20.066667
5.066667
15.033333
5.0
558.233333
16.9
5.066667
5.033333
25.033333
5.033333
10.0
121.766667
25.2
15.266667
6.6
5.166667
142.0
5.033333
10.0
5.066667
548.133333
10.033333
5.1
20.133333
15.0
20.966667
5.133333
5.0
10.066667
20.2
10.0
5.0
5.0
5.0
14.533333
141.933333
10.133333
20.066667
137.133333
10.133333
10.8
10.033333
145.1
5.0
20.033333
17.0
97.233333
20.133333
20.766667
10.033333
27.733333
61.733333
11.133333
5.0
146.033333
10.0
147.1
10.066667
20.233333
5.033333
5.1
5.033333
5.0
5.0
20.033333
23.366667
10.133333
15.066667
5.1
20.2
5.066667
15.033333
136.933333
147.033333
5.133333
10.0
10.0
20.1
5.1
25.033333
5.1
20.0
20.0
10.0
10.033333
15.2
15.233333
5.0
10.0
15.1
17.033333
15.066667
142.133333
20.1
98.766667
20.166667
135.766667
10.1
10.0
10.066667
35.233333
20.133333
15.166667
15.733333
5.1
14.666667
5.066667
5.0
20.0
15.166667
5.033333
15.033333
5.033333
10.166667
10.133333
20.066667
5.0
10.033333
10.0
10.133333
5.0
5.166667
10.0
10.066667
20.066667
89.566667
5.033333
20.066667
10.0
20.066667
5.033333
15.1
5.033333
10.1
137.533333
16.066667
15.0
11.533333
5.0
5.033333
147.1
5.0
5.033333
15.066667
77.166667
5.0
52.833333
15.033333
20.066667
15.033333
10.2
15.1
20.033333
20.066667
5.033333
5.0
281.2
303.733333
20.0
5.133333
11.5
5.1
10.033333
5.033333
5.066667
5.0
15.0
20.2
5.033333
25.033333
10.0
5.033333
5.0
20.2
10.133333
20.033333
26.9
26.766667
5.1
5.1
5.0
5.0
5.0
28.266667
137.133333
23.466667
10.0
146.033333
10.066667
20.033333
5.066667
20.1
15.066667
5.133333
20.166667
5.166667
15.033333
5.033333
11.166667
15.0
5.0
23.933333
26.0
142.066667
147.2
137.133333
5.066667
30.066667
20.1
142.0
5.033333
15.1
190.466667
167.633333
15.033333
5.0
10.1
10.1
17.366667
20.066667
15.133333
25.1
5.033333
5.066667
5.033333
15.133333
30.233333
5.133333
5.033333
20.2
20.166667
5.066667
5.033333
15.0
5.033333
15.066667
10.066667
5.0
5.1
5.1
15.1
15.0
10.0
5.066667
6.166667
5.0
10.0
22.7
5.066667
20.1
5.066667
5.0
10.1
10.066667
10.2
20.066667
33.233333
10.0
10.0
15.166667
5.0
5.133333
10.033333
10.066667
119.633333
10.2
46.433333
94.0
12.133333
15.033333
20.0
15.066667
15.0
15.133333
5.033333
36.466667
20.066667
5.066667
71.833333
5.033333
15.133333
5.166667
15.033333
25.033333
5.033333
5.066667
5.0
15.1
20.233333
20.0
5.066667
5.1
15.133333
5.033333
10.033333
156.966667
140.633333
25.033333
15.1
10.033333
137.166667
147.066667
136.766667
10.0
5.066667
274.033333
20.033333
10.166667
20.1
31.033333
137.1
20.233333
15.0
15.966667
69.033333
137.0
20.0
332.166667
25.166667
48.966667
105.966667
25.033333
182.1
15.0
20.0
25.166667
10.033333
10.066667
15.066667
15.166667
30.066667
21.4
10.0
10.433333
5.066667
10.066667
5.033333
15.0
20.133333
15.066667
22.9
75.666667
10.066667
30.066667
5.033333
5.033333
20.066667
154.533333
5.0
10.0
10.0
10.033333
5.033333
5.033333
10.1
10.2
5.0
12.0
5.1
10.066667
5.0
15.066667
20.0
5.066667
5.033333
5.033333
5.0
5.133333
20.0
10.033333
25.1
5.0
20.566667
5.033333
5.033333
5.0
10.133333
5.033333
5.066667
5.0
5.0
5.0
20.1
5.066667
10.0
10.0
10.033333
10.066667
10.166667
5.066667
15.0
10.166667
15.0
271.766667
553.166667
20.0
5.1
5.0
553.5
5.0
20.033333
10.033333
15.133333
10.0
5.0
5.066667
20.6
15.033333
93.2
112.1
152.066667
5.2
15.0
5.0
5.1
10.2
10.0
5.033333
10.066667
5.0
15.033333
5.0
15.0
10.0
5.033333
10.0
5.133333
5.033333
21.3
5.1
5.066667
20.066667
20.0
10.0
5.033333
23.633333
16.0
10.133333
20.033333
10.1
20.233333
10.0
20.0
10.066667
10.033333
5.1
10.066667
5.033333
21.6
21.666667
5.033333
20.033333
15.0
22.433333
15.2
5.0
20.066667
10.033333
142.166667
25.166667
6.366667
10.033333
19.166667
5.033333
5.033333
25.0
20.166667
5.166667
15.166667
5.133333
10.033333
30.133333
11.633333
36.033333
25.2
15.2
151.766667
137.133333
15.0
10.1
15.266667
10.133333
10.066667
274.133333
5.0
5.0
142.066667
10.066667
157.033333
10.066667
5.0
20.0
20.033333
10.066667
10.0
11.8
5.1
5.033333
25.0
5.1
20.5
147.033333
16.0
5.033333
252.9
5.066667
10.033333
10.0
5.033333
5.0
10.2
10.0
5.066667
25.166667
15.1
5.0
18.433333
5.166667
10.133333
5.166667
15.2
142.0
5.0
15.166667
5.033333
5.066667
5.066667
20.0
10.133333
20.033333
5.033333
10.1
25.033333
15.133333
10.1
25.066667
15.1
10.033333
11.333333
136.966667
10.0
5.033333
20.033333
10.033333
15.0
15.033333
5.0
20.0
15.233333
15.066667
18.666667
15.0
5.0
10.033333
29.7
10.0
142.033333
15.233333
5.033333
27.133333
25.1
15.066667
137.0
5.033333
15.033333
10.066667
20.033333
20.133333
5.166667
15.0
15.233333
10.1
20.033333
5.0
15.0
15.0
10.0
5.066667
15.033333
5.0
5.0
10.066667
15.0
5.033333
15.166667
10.166667
15.133333
6.6
10.133333
5.033333
5.133333
24.4
5.066667
18.833333
5.1
20.066667
20.0
20.166667
10.0
5.033333
5.0
10.033333
10.066667
5.1
5.733333
15.066667
20.0
10.033333
5.0
15.066667
15.066667
5.033333
5.0
5.0
20.033333
5.033333
150.766667
5.0
136.866667
5.066667
5.066667
5.033333
10.0
9.4
84.833333
5.0
15.1
57.5
141.966667
10.033333
5.033333
10.1
15.066667
548.266667
20.066667
126.733333
15.0
15.033333
20.2
5.0
15.066667
146.933333
15.1
5.066667
70.066667
25.233333
5.0
10.033333
10.1
10.066667
10.066667
16.933333
5.133333
20.133333
10.0
25.0
15.066667
15.033333
5.0
10.033333
15.0
15.0
5.0
5.1
20.0
20.0
25.0
20.0
10.0
5.133333
5.1
5.0
20.1
10.066667
20.066667
30.366667
5.066667
5.133333
20.0
147.0
5.066667
150.8
141.966667
5.133333
10.033333
5.0
5.133333
5.1
10.0
15.1
10.033333
25.0
5.033333
10.2
25.133333
29.966667
89.6
5.0
20.166667
141.966667
162.1
162.266667
15.1
15.1
5.166667
5.033333
152.033333
147.033333
5.0
15.066667
20.2
5.0
10.2
5.1
134.4
10.1
27.166667
145.066667
10.066667
196.833333
15.0
261.266667
15.0
289.033333
137.066667
5.066667
15.166667
10.066667
21.766667
20.0
10.033333
10.066667
5.0
20.2
10.033333
10.0
20.033333
5.066667
5.066667
152.0
20.966667
15.1
5.033333
5.066667
10.066667
15.133333
134.366667
5.033333
30.133333
21.933333
5.066667
10.033333
20.2
15.0
23.966667
5.033333
15.0
16.666667
5.033333
5.033333
15.1
5.033333
10.033333
10.033333
15.0
10.0
5.033333
10.066667
5.0
5.066667
5.033333
10.0
11.933333
16.533333
137.033333
5.0
6.166667
20.0
20.166667
48.2
5.1
5.0
10.033333
5.0
20.0
5.066667
5.066667
20.066667
5.0
20.066667
16.8
20.066667
9.566667
5.0
20.066667
5.0
5.0
177.133333
10.166667
25.1
5.066667
10.033333
5.033333
5.066667
10.033333
20.1
5.0
10.0
19.733333
15.8
5.066667
5.433333
5.033333
5.0
20.0
30.033333
25.1
5.033333
20.066667
10.133333
10.066667
5.033333
16.8
23.0
15.0
5.0
20.133333
5.0
5.066667
20.033333
10.033333
5.066667
15.066667
15.033333
10.133333
15.033333
5.1
24.633333
5.033333
10.0
5.033333
5.0
10.0
5.033333
5.033333
10.066667
5.1
10.066667
63.266667
10.1
5.066667
5.0
5.0
10.033333
15.1
5.066667
145.5
10.066667
5.0
5.0
5.0
22.033333
5.033333
20.1
5.133333
15.033333
15.066667
15.2
15.0
5.033333
10.066667
18.733333
151.3
142.033333
20.066667
5.066667
283.966667
15.233333
10.033333
25.033333
5.0
5.066667
120.333333
10.266667
5.033333
10.0
20.233333
10.033333
18.133333
10.0
10.0
10.1
146.966667
15.566667
10.2
5.1
64.033333
20.166667
19.133333
258.433333
5.033333
261.033333
5.066667
147.166667
15.133333
5.1
15.0
15.066667
10.0
20.1
11.5
5.0
10.1
10.066667
136.933333
289.1
5.0
5.1
5.0
20.9
10.2
5.066667
20.0
20.033333
12.033333
5.0
10.066667
5.0
685.166667
5.1
15.066667
25.166667
20.166667
10.266667
136.966667
5.066667
15.266667
5.0
548.166667
10.2
20.066667
15.0
5.1
123.733333
10.066667
125.633333
15.066667
15.1
10.0
25.066667
5.0
25.1
20.233333
147.1
5.1
5.066667
5.066667
5.033333
10.033333
10.0
5.0
5.0
10.233333
5.0
15.066667
15.033333
21.333333
20.133333
127.966667
152.1
5.1
10.0
5.033333
15.033333
10.1
5.066667
20.233333
15.066667
5.066667
5.0
20.0
5.133333
10.0
21.0
10.066667
17.933333
5.0
15.033333
15.033333
5.066667
10.033333
5.0
10.033333
10.0
5.066667
5.133333
10.066667
5.033333
15.0
20.1
10.066667
5.066667
10.2
20.233333
26.933333
10.033333
5.066667
25.466667
19.0
5.0
5.1
151.933333
5.0
21.633333
21.9
20.066667
5.0
5.033333
5.066667
5.0
5.066667
5.066667
20.033333
11.4
20.166667
20.066667
5.0
10.066667
10.033333
10.0
21.133333
5.066667
5.0
15.0
5.1
15.133333
562.133333
5.0
5.066667
96.066667
25.133333
6.0
178.733333
137.0
278.933333
15.1
141.9
10.2
5.0
15.0
142.066667
15.066667
31.5
20.0
5.0
5.033333
5.033333
5.166667
25.0
20.133333
10.166667
5.1
10.166667
20.0
20.0
20.233333
5.133333
5.1
10.133333
5.033333
5.133333
20.0
6.3
20.1
10.0
15.1
10.0
15.066667
15.133333
5.066667
5.033333
26.2
20.0
59.966667
10.166667
5.033333
5.0
15.1
142.1
10.033333
15.266667
15.1
7.033333
116.633333
15.166667
5.1
20.066667
15.066667
141.966667
15.033333
5.0
15.0
10.0
20.1
5.1
6.033333
20.1
20.033333
25.066667
5.033333
5.066667
21.966667
10.133333
15.133333
25.033333
16.5
5.1
5.0
20.0
20.066667
5.1
5.1
5.033333
5.0
5.1
20.133333
5.033333
10.066667
5.0
10.066667
5.033333
10.0
20.2
5.033333
10.1
5.0
5.033333
25.0
5.0
21.033333
25.1
5.033333
56.533333
26.566667
15.066667
147.0
144.666667
71.433333
5.0
15.0
10.0
6.5
30.0
5.1
20.1
15.0
5.033333
15.066667
20.066667
25.1
5.133333
15.066667
20.233333
74.8
15.1
141.866667
20.0
20.066667
10.0
10.033333
15.0
10.033333
5.166667
14.7
20.1
95.466667
139.1
10.033333
147.0
15.133333
136.933333
152.033333
15.133333
5.1
15.0
20.0
25.133333
5.066667
5.066667
20.066667
5.0
5.1
15.066667
5.066667
102.533333
10.033333
5.166667
5.0
5.0
10.1
20.066667
15.166667
25.2
15.0
5.033333
25.1
20.0
5.033333
18.633333
10.033333
20.1
10.1
5.1
147.066667
5.1
10.166667
27.7
87.933333
142.1
10.233333
6.1
5.0
15.066667
20.0
137.033333
15.3
5.166667
11.4
20.133333
22.466667
5.133333
5.133333
10.1
5.066667
5.0
25.0
20.133333
15.166667
76.266667
20.4
10.166667
25.133333
5.0
20.066667
15.066667
10.033333
48.233333
5.033333
5.033333
15.0
11.166667
25.1
5.033333
5.066667
10.0
5.033333
15.033333
5.2
20.2
10.0
15.133333
20.066667
25.0
5.066667
5.133333
6.433333
123.733333
58.2
117.6
10.066667
20.2
10.066667
137.066667
5.1
147.133333
10.066667
5.0
142.1
83.433333
20.033333
5.0
20.066667
136.966667
5.066667
11.733333
5.1
20.166667
5.133333
10.0
152.133333
5.066667
5.033333
137.0
10.0
30.033333
5.066667
10.066667
20.0
10.266667
15.0
5.0
5.133333
25.166667
15.0
20.1
5.133333
20.066667
11.1
21.633333
18.1
10.033333
531.0
5.066667
61.966667
20.0
136.6
20.0
95.666667
10.0
15.166667
5.033333
15.033333
10.0
20.233333
10.066667
20.2
20.033333
5.0
5.066667
10.1
5.066667
10.0
20.066667
142.0
10.066667
20.1
10.066667
5.066667
10.166667
32.3
10.066667
10.0
5.1
5.1
5.033333
5.0
5.066667
5.033333
20.033333
21.3
21.233333
53.466667
113.466667
10.066667
5.066667
5.033333
5.033333
5.033333
10.033333
10.0
7.966667
10.066667
5.066667
15.233333
20.0
10.0
15.1
10.1
15.0
20.1
15.066667
5.1
10.033333
10.0
25.233333
5.033333
5.0
20.0
21.333333
20.233333
5.166667
20.033333
34.966667
15.0
15.8
16.566667
5.1
20.166667
156.033333
15.0
15.066667
5.033333
553.266667
5.066667
20.0
6.633333
5.066667
20.1
10.033333
10.033333
10.0
15.233333
5.0
20.0
5.0
5.066667
7.266667
20.0
15.133333
15.1
38.533333
5.1
15.0
20.066667
5.066667
137.0
126.3
142.066667
133.6
18.033333
5.0
10.0
142.1
147.066667
146.966667
22.0
120.566667
10.133333
10.066667
10.066667
5.066667
25.033333
10.066667
5.0
24.433333
5.2
10.0
25.166667
18.3
19.4
94.4
15.166667
5.033333
10.033333
5.066667
20.066667
20.066667
39.0
15.133333
10.066667
20.033333
5.0
100.0
5.0
15.066667
553.133333
15.133333
162.066667
147.0
5.033333
5.0
25.0
10.0
199.233333
15.066667
20.033333
15.166667
87.0
10.033333
15.0
20.1
15.066667
5.066667
5.2
11.033333
5.033333
5.066667
256.7
15.033333
13.966667
206.766667
15.033333
25.166667
5.0
10.033333
20.066667
553.366667
16.7
5.166667
142.9
20.033333
548.066667
10.066667
106.066667
263.3
15.033333
308.1
15.0
10.1
15.066667
20.033333
5.0
283.766667
5.1
10.0
20.0
10.1
60.466667
10.1
5.066667
5.0
25.133333
5.066667
10.0
14.233333
10.066667
5.1
5.033333
5.066667
15.0
5.066667
10.0
18.2
5.033333
20.066667
25.166667
5.0
5.0
10.066667
566.3
20.1
5.066667
5.066667
10.033333
5.1
15.066667
10.033333
15.1
5.0
15.0
5.033333
10.066667
5.1
15.1
5.033333
10.0
21.633333
10.0
20.166667
5.0
11.566667
25.033333
10.0
156.966667
5.0
25.0
20.066667
5.1
20.1
142.033333
151.9
5.033333
5.0
136.866667
31.5
5.066667
15.1
15.133333
15.0
15.066667
10.0
15.1
19.933333
5.1
10.033333
20.066667
322.866667
15.0
5.1
20.2
5.066667
15.066667
5.133333
263.433333
10.133333
235.733333
30.0
10.066667
10.0
10.166667
21.033333
5.033333
18.4
5.0
15.3
273.866667
5.033333
27.633333
10.1
20.2
20.166667
20.233333
25.0
10.0
10.066667
15.0
15.2
5.0
18.7
10.166667
15.1
5.033333
5.066667
15.033333
145.9
20.033333
6.066667
24.9
5.033333
10.066667
10.033333
15.1
548.233333
10.133333
15.033333
5.066667
15.033333
5.033333
90.566667
160.166667
139.9
85.966667
15.066667
5.066667
5.033333
29.966667
5.0
67.133333
20.033333
5.0
10.1
5.0
5.033333
5.133333
5.0
6.666667
15.0
21.266667
10.066667
25.1
5.1
15.933333
11.233333
147.066667
20.066667
153.933333
15.166667
15.166667
15.166667
54.033333
15.066667
20.0
25.2
22.466667
13.833333
5.066667
5.033333
10.1
5.0
15.166667
5.033333
5.133333
15.066667
10.0
8.766667
15.066667
10.033333
15.066667
137.1
5.033333
152.0
5.133333
278.966667
147.1
151.966667
25.033333
142.633333
5.166667
10.0
5.066667
5.0
15.066667
15.033333
5.133333
10.1
5.033333
5.033333
10.0
10.133333
30.0
147.0
32.7
10.0
5.066667
5.066667
26.533333
10.066667
104.5
137.066667
5.033333
15.033333
20.1
20.033333
20.133333
20.033333
5.133333
92.133333
5.133333
95.366667
136.966667
98.533333
142.0
10.066667
142.1
284.166667
5.1
10.133333
137.133333
5.033333
10.0
5.133333
146.833333
548.266667
20.066667
30.133333
5.066667
16.4
10.0
5.0
10.0
5.033333
20.233333
26.266667
146.866667
10.1
5.066667
10.1
25.1
15.0
5.0
5.033333
142.1
10.033333
20.033333
10.0
5.066667
20.0
10.166667
46.6
5.066667
10.133333
20.1
5.033333
5.0
10.033333
10.066667
15.2
15.0
5.166667
25.066667
5.1
30.1
5.033333
25.266667
10.066667
10.0
15.0
5.0
5.033333
142.0
20.1
22.133333
5.1
5.0
322.2
25.0
15.033333
146.966667
15.166667
20.066667
156.966667
10.033333
20.133333
114.8
20.133333
15.1
5.066667
62.0
5.033333
10.166667
69.333333
15.133333
70.6
10.0
175.766667
10.066667
10.1
15.033333
25.2
20.066667
259.433333
5.2
5.066667
20.033333
43.666667
156.966667
5.0
685.133333
15.133333
10.2
58.566667
152.0
10.733333
10.0
15.0
20.033333
5.0
10.1
5.1
20.066667
10.066667
15.133333
5.0
10.0
15.066667
12.133333
10.1
20.0
5.033333
20.166667
15.066667
10.1
5.033333
10.0
10.066667
10.033333
5.066667
15.033333
5.033333
20.1
5.033333
10.2
20.0
25.1
16.3
20.033333
11.2
5.033333
92.566667
15.0
15.0
169.733333
685.066667
10.133333
10.066667
144.133333
12.266667
335.366667
5.066667
15.066667
25.066667
15.066667
10.033333
5.133333
10.0
5.0
10.066667
5.066667
5.066667
5.033333
15.066667
15.033333
10.033333
35.433333
25.233333
5.1
10.133333
10.166667
5.033333
10.066667
15.033333
10.066667
5.0
35.1
11.433333
5.066667
15.166667
157.066667
5.166667
15.0
10.033333
15.066667
10.0
15.033333
21.8
20.0
25.066667
86.866667
5.9
5.066667
10.066667
5.033333
20.3
15.0
16.2
18.366667
15.033333
10.0
5.033333
5.066667
6.166667
5.066667
10.066667
10.0
10.066667
5.0
5.0
5.233333
7.1
5.033333
152.133333
15.033333
15.0
16.033333
20.0
5.1
10.033333
10.0
5.066667
10.033333
5.0
25.2
15.1
20.166667
17.7
5.1
15.0
10.033333
5.033333
5.1
5.0
24.933333
75.2
5.133333
5.1
15.066667
25.233333
15.066667
10.066667
50.8
20.166667
15.0
15.133333
20.1
24.4
5.0
5.033333
10.0
5.0
43.266667
20.0
5.066667
10.133333
5.066667
10.0
154.066667
5.166667
82.833333
167.4
5.0
136.9
279.033333
10.033333
10.066667
5.066667
141.966667
5.033333
130.6
5.0
39.733333
5.0
20.0
5.133333
20.133333
10.066667
5.133333
15.033333
10.0
5.033333
20.266667
20.1
15.0
10.0
10.0
5.033333
15.133333
59.933333
5.0
553.233333
5.0
25.033333
5.166667
20.133333
10.1
15.133333
5.066667
11.1
15.066667
20.166667
20.033333
5.1
5.033333
5.0
15.533333
10.0
5.066667
40.766667
5.066667
30.2
5.0
10.0
20.233333
15.066667
5.033333
5.0
5.0
5.033333
5.0
15.0
20.2
15.066667
20.0
142.066667
6.2
15.133333
10.166667
284.066667
5.0
15.0
176.133333
5.0
55.033333
10.066667
10.0
20.0
15.0
16.466667
106.233333
15.0
5.0
5.0
5.033333
15.2
5.0
5.066667
15.066667
5.066667
10.233333
15.2
10.0
5.033333
142.366667
20.166667
15.1
10.0
25.033333
15.0
15.0
15.133333
6.7
5.066667
5.0
10.0
142.066667
279.033333
259.4
10.033333
5.1
5.0
10.066667
5.066667
5.033333
84.766667
25.033333
25.0
10.033333
15.133333
15.0
15.133333
5.0
10.033333
5.033333
10.066667
6.733333
15.0
5.0
5.0
5.033333
5.2
553.566667
15.0
137.066667
5.1
5.0
5.166667
10.133333
25.133333
548.2
156.966667
20.033333
5.0
20.033333
5.133333
25.0
15.1
15.033333
15.1
5.1
20.1
5.033333
20.133333
5.1
20.033333
28.166667
152.566667
10.066667
174.766667
137.033333
202.2
15.0
137.0
10.0
152.0
5.0
15.066667
5.0
5.033333
147.033333
25.0
220.366667
10.6
283.933333
5.0
137.2
5.0
20.1
104.133333
17.233333
142.0
5.033333
5.066667
5.1
15.0
10.0
10.0
25.0
15.066667
5.0
5.033333
5.0
10.0
20.066667
5.1
109.633333
5.033333
20.1
5.0
15.0
15.266667
10.1
156.1
20.066667
137.066667
10.066667
20.1
20.266667
20.066667
272.333333
5.033333
5.133333
275.933333
15.0
20.133333
10.0
152.233333
5.033333
5.033333
10.0
15.066667
16.433333
20.166667
5.0
10.1
20.033333
5.1
15.0
15.033333
20.233333
15.1
15.166667
5.066667
11.266667
20.066667
5.033333
15.1
5.0
15.0
11.566667
20.1
10.1
149.333333
5.066667
10.166667
88.2
10.0
10.1
5.4
15.133333
5.033333
10.166667
15.066667
20.066667
5.0
15.033333
5.0
25.0
15.066667
25.1
20.0
15.166667
7.533333
5.066667
79.966667
10.133333
10.0
15.1
10.1
5.0
29.433333
220.0
260.8
20.166667
15.1
15.033333
20.233333
162.166667
5.066667
142.166667
20.066667
5.033333
10.066667
20.2
5.066667
25.2
49.833333
10.066667
15.033333
15.1
5.0
5.033333
10.133333
5.1
22.133333
96.8
5.033333
136.966667
25.133333
5.133333
100.566667
25.166667
10.866667
5.033333
21.733333
21.4
20.1
42.333333
15.1
25.066667
10.0
115.8
15.0
5.0
5.066667
137.0
5.0
10.066667
32.833333
5.066667
10.0
142.066667
5.1
5.1
142.133333
5.0
5.0
5.1
29.966667
15.0
10.033333
25.066667
137.066667
5.033333
553.2
20.166667
5.066667
15.033333
137.2
20.1
10.066667
5.066667
25.0
16.0
52.433333
142.733333
15.166667
95.766667
152.066667
5.0
15.0
203.566667
25.166667
5.033333
18.566667
5.0
20.133333
142.033333
5.0
5.0
5.033333
10.0
5.033333
5.066667
15.066667
20.0
10.166667
15.133333
5.066667
5.166667
5.0
20.0
5.033333
15.0
15.166667
20.133333
10.033333
5.0
5.033333
5.166667
5.0
5.066667
15.033333
5.166667
15.0
20.066667
15.066667
15.0
20.1
30.0
5.033333
5.066667
5.1
15.133333
5.033333
15.1
10.0
20.233333
5.166667
10.0
10.0
15.066667
5.1
5.033333
5.033333
20.133333
5.066667
157.066667
7.9
10.066667
199.066667
152.166667
159.933333
15.033333
19.333333
5.0
42.266667
15.033333
15.0
5.0
5.033333
5.1
574.066667
5.0
5.066667
33.3
10.033333
5.033333
15.1
6.233333
33.7
141.966667
137.033333
5.066667
5.033333
5.3
10.0
5.0
20.066667
15.033333
15.0
15.033333
25.1
28.666667
25.0
166.233333
98.233333
19.266667
251.433333
152.166667
152.033333
137.066667
236.866667
16.133333
137.033333
95.433333
10.133333
136.833333
10.033333
27.6
15.0
25.1
5.066667
5.066667
5.033333
18.933333
84.933333
5.066667
30.866667
153.066667
20.1
15.066667
136.966667
5.0
147.066667
136.933333
5.066667
5.033333
147.1
137.1
10.066667
15.233333
15.0
20.033333
20.0
20.033333
10.1
15.1
30.1
142.133333
265.066667
15.0
15.133333
5.066667
5.033333
20.0
147.166667
22.833333
152.233333
15.066667
152.3
141.9
10.066667
5.033333
147.0
5.133333
15.133333
137.0
5.1
5.0
5.0
5.0
5.1
10.066667
25.1
5.166667
20.066667
20.1
10.166667
20.033333
17.433333
12.233333
10.066667
25.066667
665.733333
548.166667
5.066667
10.033333
15.066667
5.1
135.133333
136.966667
20.0
10.1
147.066667
5.0
142.333333
14.833333
5.066667
10.033333
142.0
5.033333
5.033333
20.066667
142.0
10.066667
5.1
5.1
16.266667
5.0
10.0
5.0
13.9
13.9
156.866667
5.133333
101.666667
20.033333
147.1
5.033333
15.0
20.066667
5.133333
10.0
10.133333
5.033333
152.033333
152.166667
20.0
5.033333
11.566667
137.1
5.2
10.066667
10.0
133.066667
5.066667
5.066667
10.1
15.1
10.1
15.1
13.133333
5.033333
5.033333
5.033333
15.2
285.4
20.0
15.133333
5.033333
20.233333
141.866667
5.0
20.2
20.133333
5.0
5.0
5.066667
15.0
10.1
15.0
5.066667
10.0
5.066667
15.166667
10.433333
20.0
553.1
147.0
20.066667
5.033333
15.066667
23.233333
20.0
122.2
534.433333
687.733333
20.066667
28.466667
5.1
5.0
15.2
5.133333
553.166667
5.0
25.166667
15.0
5.033333
17.633333
5.1
5.166667
10.1
5.033333
25.0
20.0
25.0
20.0
22.6
17.266667
17.066667
155.366667
5.066667
15.166667
10.0
20.0
5.166667
146.9
35.766667
152.2
15.1
10.066667
157.066667
136.966667
5.0
147.066667
142.0
20.233333
25.2
15.133333
15.0
22.933333
5.0
10.1
125.8
8.9
10.166667
268.266667
20.066667
20.333333
10.066667
15.0
15.033333
5.1
10.066667
5.033333
5.033333
137.1
5.033333
5.0
5.2
152.066667
5.0
5.0
10.133333
5.1
5.066667
10.233333
20.0
237.766667
15.033333
10.0
142.033333
15.033333
157.033333
20.133333
22.333333
15.033333
10.266667
51.866667
14.966667
5.066667
147.1
5.133333
15.0
18.6
10.133333
20.033333
10.0
5.133333
142.1
553.333333
152.066667
5.0
20.0
5.1
147.033333
5.033333
25.1
20.0
15.1
20.066667
5.0
5.033333
10.033333
10.166667
15.033333
5.0
5.133333
10.066667
19.666667
15.2
248.966667
5.033333
10.166667
15.066667
6.133333
5.066667
20.2
20.1
37.766667
553.133333
5.133333
103.266667
5.0
20.166667
5.0
5.066667
5.033333
5.0
5.0
5.066667
6.666667
5.0
25.1
5.033333
20.033333
5.0
5.0
5.033333
5.033333
20.0
10.033333
10.033333
15.033333
5.0
10.133333
5.033333
15.0
25.0
10.033333
5.033333
5.0
15.033333
15.0
5.033333
31.766667
5.033333
5.066667
10.033333
5.1
10.033333
5.033333
279.0
212.3
10.0
162.933333
15.166667
5.1
10.033333
266.2
10.0
10.0
25.1
20.266667
5.166667
205.933333
25.2
15.1
5.0
5.0
10.033333
20.066667
5.033333
15.066667
5.033333
20.1
5.066667
20.033333
15.133333
5.1
10.033333
5.033333
20.2
27.8
5.1
22.166667
5.033333
142.033333
10.033333
39.433333
10.066667
20.133333
15.033333
20.066667
52.533333
55.0
7.833333
54.6
16.866667
411.066667
10.1
16.133333
317.3
5.033333
10.066667
142.033333
410.933333
20.0
15.033333
142.133333
5.166667
24.1
5.2
10.1
5.0
5.133333
5.0
10.0
20.166667
15.1
5.0
8.833333
15.0
11.566667
5.066667
5.0
5.0
20.0
5.1
25.066667
20.0
10.066667
10.0
5.0
20.0
5.066667
5.066667
59.3
81.566667
5.1
5.033333
16.533333
15.066667
10.033333
86.766667
5.0
21.733333
5.0
20.4
25.133333
5.066667
28.666667
20.033333
226.8
137.066667
16.9
5.133333
5.1
5.033333
96.466667
10.033333
5.033333
25.1
10.166667
94.566667
15.1
5.033333
25.1
5.033333
20.033333
5.166667
20.133333
5.1
575.266667
5.0
5.033333
5.1
15.3
5.1
146.966667
5.0
149.533333
152.133333
5.166667
25.1
60.033333
5.033333
5.233333
10.233333
15.0
63.133333
10.1
156.9
5.033333
20.3
181.4
247.2
5.1
20.2
15.2
10.133333
30.233333
5.033333
5.033333
20.033333
11.366667
22.033333
91.866667
141.866667
20.0
25.166667
25.0
152.1
5.0
5.066667
20.0
20.033333
10.1
5.066667
20.2
142.0
10.066667
21.233333
24.2
195.433333
5.0
10.066667
5.033333
15.066667
20.233333
137.166667
15.033333
5.1
5.033333
10.0
10.0
18.666667
30.066667
10.033333
16.966667
145.3
15.133333
63.133333
103.0
10.033333
10.233333
30.133333
10.1
10.0
30.0
5.066667
15.066667
8.933333
20.133333
5.1
15.1
5.033333
29.833333
6.5
20.066667
13.766667
72.466667
151.966667
137.0
5.1
151.966667
147.033333
5.166667
10.1
5.033333
25.133333
9.933333
133.8
126.1
5.033333
10.0
10.066667
10.033333
20.1
20.333333
10.1
10.066667
5.0
5.0
10.033333
15.066667
10.066667
19.766667
5.033333
5.1
147.0
5.0
5.033333
5.0
141.966667
10.033333
20.066667
10.1
15.133333
5.066667
143.266667
5.166667
5.0
288.933333
15.066667
20.133333
148.4
15.133333
5.033333
12.0
5.033333
10.066667
10.033333
5.0
30.0
10.033333
123.9
5.033333
20.133333
5.1
553.2
10.033333
20.266667
5.0
15.0
20.233333
10.1
548.3
5.033333
5.033333
5.033333
5.0
10.0
5.0
16.1
66.8
5.1
5.033333
5.066667
5.866667
20.033333
147.033333
5.033333
10.033333
17.433333
5.033333
5.033333
131.1
20.1
20.133333
22.2
21.966667
10.066667
10.133333
5.066667
156.233333
10.0
5.066667
15.066667
5.0
5.0
5.0
10.0
15.1
20.0
10.033333
5.1
5.0
10.0
5.0
10.0
151.933333
142.033333
213.3
159.166667
126.5
548.233333
152.1
147.0
10.0
10.166667
6.166667
10.1
25.133333
5.0
6.066667
10.066667
15.033333
20.0
11.133333
33.433333
15.066667
5.0
5.133333
20.0
10.0
5.1
5.0
20.066667
10.033333
10.1
20.033333
21.633333
30.266667
5.033333
5.0
5.166667
5.166667
5.033333
10.0
15.2
5.033333
10.033333
5.1
5.0
20.2
15.033333
5.0
25.033333
5.033333
15.0
25.133333
15.2
5.0
20.066667
5.066667
5.1
20.1
5.033333
20.2
147.033333
10.066667
26.366667
8.066667
5.0
101.0
5.033333
10.1
5.133333
10.0
5.033333
5.0
25.066667
10.033333
20.0
20.066667
10.0
5.033333
15.066667
11.7
5.0
140.066667
15.066667
5.033333
25.033333
23.066667
110.466667
5.066667
15.1
5.033333
133.566667
15.1
5.133333
5.033333
15.2
15.0
6.266667
5.033333
15.0
15.066667
10.066667
157.066667
5.066667
5.133333
10.1
5.033333
30.233333
6.866667
5.0
21.9
10.033333
21.366667
44.266667
15.0
10.0
5.1
11.166667
5.066667
63.033333
124.833333
5.1
15.833333
10.0
7.466667
152.033333
29.766667
10.166667
25.033333
5.0
20.066667
5.0
10.033333
10.066667
548.366667
5.0
5.033333
5.1
5.033333
17.733333
5.066667
10.033333
5.0
5.066667
5.0
10.0
99.733333
147.066667
5.1
20.033333
15.0
5.033333
15.066667
5.033333
5.0
73.8
5.033333
10.233333
25.133333
266.966667
10.066667
5.066667
10.0
15.0
20.0
13.266667
146.566667
10.033333
20.0
20.033333
10.1
137.033333
5.0
7.033333
161.933333
5.066667
5.0
13.866667
157.033333
5.0
20.033333
15.166667
20.133333
545.1
106.2
5.033333
15.033333
25.033333
548.133333
5.033333
553.4
15.0
16.333333
5.066667
26.9
82.433333
5.033333
15.066667
137.066667
5.133333
5.0
10.166667
25.0
10.2
5.033333
17.066667
10.166667
20.0
10.0
5.066667
5.166667
20.066667
5.0
5.1
10.066667
5.033333
10.1
10.066667
5.0
20.066667
15.133333
10.133333
5.066667
20.0
6.7
26.4
10.1
10.0
25.166667
20.133333
24.133333
25.166667
5.033333
168.666667
273.7
5.133333
5.1
279.033333
21.666667
288.966667
10.033333
10.1
82.333333
247.333333
20.033333
15.3
5.0
20.2
15.133333
20.0
10.066667
147.033333
5.033333
5.066667
20.0
10.066667
137.133333
5.033333
10.166667
131.833333
152.066667
23.933333
15.066667
136.133333
5.066667
5.066667
10.1
10.133333
5.0
15.066667
5.0
57.3
10.0
15.033333
5.066667
5.033333
5.1
5.0
5.066667
10.0
5.0
20.233333
5.0
10.166667
15.1
5.066667
5.0
5.0
20.033333
20.066667
5.0
25.0
25.166667
23.566667
10.033333
15.066667
5.033333
283.9
28.5
20.066667
10.133333
20.033333
10.0
113.233333
52.2
140.533333
142.033333
5.0
5.033333
152.0
10.0
10.0
5.066667
135.466667
5.066667
20.133333
5.0
6.3
10.833333
136.966667
5.0
10.0
137.1
136.933333
15.2
5.033333
5.066667
30.266667
10.0
151.866667
15.066667
5.066667
27.566667
15.066667
10.0
15.066667
20.0
10.033333
25.0
15.033333
16.1
10.033333
16.2
5.066667
209.7
12.166667
126.2
6.033333
152.033333
5.133333
10.033333
10.0
10.1
10.166667
5.1
5.166667
5.133333
5.033333
10.0
5.0
8.133333
5.2
15.133333
5.133333
5.0
20.066667
15.066667
15.133333
5.0
15.033333
5.1
25.033333
5.0
5.033333
5.0
10.0
5.1
6.2
147.066667
20.0
5.0
20.1
10.033333
5.066667
5.033333
10.133333
5.066667
5.0
15.033333
10.0
21.5
10.0
5.066667
15.066667
5.1
5.033333
162.166667
5.066667
38.7
137.1
10.0
152.066667
20.0
20.066667
5.033333
152.0
10.0
15.0
10.0
5.033333
25.1
10.033333
10.066667
147.133333
15.033333
10.0
6.733333
147.133333
203.6
15.033333
274.1
147.066667
157.0
137.066667
15.033333
15.066667
152.2
20.0
125.733333
137.133333
5.0
5.033333
15.0
15.133333
5.133333
10.033333
16.233333
92.666667
10.0
20.033333
10.133333
10.0
20.1
483.866667
20.033333
5.1
5.0
152.033333
5.0
20.1
15.8
10.0
5.0
10.0
5.0
10.0
148.366667
619.833333
5.0
10.0
5.033333
5.033333
5.266667
121.9
5.033333
93.9
10.0
10.066667
22.266667
6.633333
5.1
5.0
5.033333
5.033333
7.433333
70.533333
5.0
10.066667
10.1
5.033333
15.566667
20.1
5.133333
10.166667
10.133333
20.0
5.033333
5.0
20.0
5.066667
10.033333
15.0
10.0
15.1
20.033333
10.066667
5.1
10.1
15.033333
15.0
21.433333
132.166667
5.066667
275.266667
10.033333
10.066667
25.033333
15.0
284.0
137.3
15.033333
10.0
20.066667
5.166667
31.666667
135.833333
20.066667
5.033333
10.0
19.8
15.0
18.766667
25.1
5.0
127.933333
17.066667
5.133333
15.2
5.0
20.2
146.966667
10.066667
18.433333
149.4
150.5
137.066667
15.0
5.033333
10.033333
5.033333
5.066667
5.033333
6.633333
5.0
20.0
15.033333
10.033333
8.4
5.066667
15.0
48.133333
10.1
5.033333
5.033333
5.066667
5.033333
15.0
10.166667
5.033333
18.8
136.7
10.0
147.0
142.066667
20.233333
20.0
5.033333
5.133333
20.0
25.3
20.233333
15.133333
20.0
10.033333
137.033333
5.033333
220.766667
137.0
10.1
19.733333
274.033333
234.3
5.0
147.066667
15.1
5.0
99.133333
137.0
19.5
152.1
11.6
5.0
5.1
142.1
10.033333
8.866667
141.966667
5.033333
109.333333
49.033333
78.9
20.1
141.9
10.0
20.166667
10.1
16.866667
10.033333
20.1
15.033333
142.066667
20.033333
25.033333
20.1
25.0
5.5
20.133333
51.033333
5.066667
10.2
5.0
5.0
15.133333
15.1
5.0
10.033333
15.0
20.266667
10.1
25.0
5.033333
5.0
5.0
5.066667
20.0
5.2
6.666667
10.1
5.066667
83.466667
15.2
10.066667
37.133333
15.0
5.033333
10.066667
137.0
252.9
145.366667
5.033333
152.1
142.066667
5.133333
5.1
20.166667
25.133333
10.0
5.066667
10.0
136.966667
26.133333
5.0
25.066667
274.0
26.333333
284.0
152.0
20.0
15.0
25.0
25.2
20.0
5.033333
5.033333
20.066667
10.0
15.033333
5.066667
5.0
20.1
15.0
21.0
5.166667
25.066667
56.2
5.1
20.066667
15.0
137.0
10.1
26.3
5.066667
10.033333
10.033333
9.066667
15.066667
259.166667
5.0
298.8
15.0
15.1
10.066667
20.066667
5.133333
5.1
5.133333
16.533333
21.1
113.033333
5.033333
15.133333
15.033333
15.1
15.066667
10.066667
15.133333
25.066667
20.066667
10.0
15.1
5.0
5.2
5.033333
5.066667
5.0
15.2
5.966667
5.066667
20.0
13.9
10.033333
15.066667
10.166667
5.133333
5.0
147.066667
125.8
15.033333
10.033333
104.333333
5.1
15.1
5.033333
137.033333
20.133333
15.066667
18.733333
65.833333
5.033333
20.133333
26.533333
6.066667
10.266667
136.866667
20.066667
15.066667
28.633333
152.0
152.033333
10.1
548.233333
11.133333
48.433333
136.9
5.133333
5.0
9.1
5.033333
141.766667
10.0
5.066667
24.366667
10.033333
15.0
15.2
5.2
17.366667
5.133333
10.033333
5.033333
18.966667
5.033333
10.033333
15.0
26.3
11.633333
157.2
20.0
5.0
61.6
20.066667
12.833333
5.066667
15.066667
15.133333
18.166667
5.0
10.2
5.0
10.0
5.066667
5.033333
137.1
15.033333
10.033333
15.133333
5.0
5.066667
137.033333
20.066667
113.666667
10.1
30.066667
15.133333
5.066667
15.0
5.0
10.0
10.0
20.0
10.0
10.033333
5.066667
5.066667
10.033333
20.133333
20.0
5.033333
25.133333
10.066667
20.066667
5.0
20.1
20.133333
5.133333
5.066667
20.0
6.366667
10.0
10.0
10.066667
15.066667
11.466667
12.566667
15.133333
10.2
152.166667
147.0
159.033333
289.066667
10.066667
152.0
152.0
10.066667
5.1
283.933333
115.1
5.066667
15.0
37.3
5.033333
15.2
5.033333
10.1
5.0
5.133333
12.633333
54.933333
67.2
147.0
15.0
137.133333
20.033333
20.0
5.1
5.133333
289.066667
152.066667
5.0
5.0
283.3
10.0
5.0
20.033333
49.166667
21.133333
10.066667
142.066667
5.033333
25.3
20.1
5.0
5.066667
25.033333
28.8
12.266667
10.2
10.033333
20.3
40.033333
15.033333
20.2
137.0
10.066667
17.633333
5.0
147.0
5.0
25.233333
5.066667
5.066667
137.066667
20.0
5.033333
157.2
20.133333
137.033333
10.0
15.1
147.1
5.0
15.0
20.133333
10.133333
15.033333
5.1
74.666667
5.0
10.133333
10.033333
5.0
5.033333
5.033333
5.033333
15.166667
10.033333
20.1
15.1
15.033333
15.1
5.033333
5.0
5.0
10.0
10.066667
5.033333
20.066667
10.033333
28.566667
20.066667
5.0
25.133333
20.133333
25.033333
322.7
15.066667
5.0
11.533333
15.1
15.033333
5.033333
5.066667
5.2
5.0
15.2
5.0
10.066667
5.033333
20.033333
141.866667
21.0
5.0
5.033333
15.0
5.0
20.0
20.2
22.1
31.233333
142.066667
15.1
137.0
137.033333
147.1
15.066667
5.066667
251.4
5.0
136.966667
5.066667
125.133333
142.033333
5.0
5.033333
20.033333
142.033333
10.133333
20.1
132.9
20.1
20.066667
20.1
5.033333
10.1
68.233333
125.7
143.2
16.433333
159.7
16.166667
5.0
155.133333
15.066667
5.033333
404.3
10.0
20.066667
5.033333
15.233333
10.1
5.0
152.1
15.066667
25.066667
20.033333
53.933333
10.2
152.0
20.0
146.933333
15.0
63.333333
148.0
5.033333
5.0
5.033333
27.333333
28.966667
25.066667
122.7
61.166667
164.833333
25.1
25.166667
20.2
5.033333
15.466667
5.066667
5.0
5.0
5.0
20.1
90.133333
20.066667
20.133333
17.666667
5.1
5.0
279.133333
5.0
147.0
142.033333
20.133333
10.066667
15.1
213.066667
5.166667
25.0
10.2
15.033333
10.0
5.1
10.033333
5.0
20.1
30.2
152.0
29.633333
15.166667
15.066667
30.0
15.066667
5.066667
15.0
553.166667
10.133333
5.0
15.0
15.1
64.266667
20.2
75.333333
24.666667
74.8
5.0
5.033333
33.033333
20.133333
5.1
20.066667
147.066667
10.0
142.066667
5.1
20.066667
10.033333
5.033333
5.066667
20.066667
10.4
10.066667
5.066667
16.7
5.133333
15.1
15.066667
10.033333
5.033333
5.133333
7.766667
5.033333
72.066667
10.066667
15.033333
15.0
15.0
5.033333
152.133333
25.0
137.0
5.033333
265.0
25.233333
239.3
25.233333
15.066667
15.1
5.1
142.133333
284.1
15.033333
5.133333
20.433333
256.733333
10.0
21.333333
284.233333
5.0
5.166667
5.1
157.133333
137.0
15.0
15.166667
5.033333
5.033333
5.033333
5.0
15.066667
5.0
5.166667
10.0
10.066667
20.1
17.033333
64.633333
15.066667
152.266667
5.033333
10.066667
15.3
20.2
15.033333
10.0
5.0
10.0
10.033333
25.033333
10.0
39.866667
5.0
5.033333
10.066667
5.033333
15.133333
10.166667
5.066667
19.933333
15.0
20.066667
5.066667
19.733333
10.1
5.0
5.0
20.033333
20.1
62.866667
129.9
20.333333
20.033333
5.0
20.0
113.366667
20.033333
210.8
6.433333
5.1
5.0
15.166667
20.133333
20.033333
5.066667
16.633333
5.0
5.0
5.033333
6.633333
5.066667
15.1
10.133333
5.1
20.033333
15.0
20.2
10.0
5.0
10.1
10.166667
15.033333
15.033333
5.1
20.0
23.533333
5.133333
5.0
10.066667
5.033333
10.0
5.066667
108.366667
10.066667
10.066667
5.1
10.066667
10.066667
20.0
5.033333
25.1
15.066667
10.1
5.033333
5.033333
20.033333
10.166667
10.066667
20.066667
81.1
5.066667
5.033333
10.0
20.166667
10.033333
162.0
20.033333
25.0
10.0
10.066667
15.033333
10.066667
5.0
5.066667
10.0
15.2
15.166667
5.0
10.1
22.133333
5.0
20.133333
5.033333
10.0
5.133333
15.2
5.066667
15.1
15.1
15.066667
15.1
5.0
21.233333
5.0
43.133333
5.066667
20.133333
15.066667
5.0
5.133333
5.133333
10.1
15.033333
10.066667
10.066667
18.666667
111.033333
5.1
10.133333
5.033333
10.066667
269.133333
20.166667
399.633333
5.133333
205.3
10.0
21.066667
30.066667
82.033333
15.033333
10.033333
25.033333
10.1
148.033333
27.7
10.0
142.166667
15.066667
132.433333
89.133333
5.0
15.166667
5.0
28.9
20.466667
182.0
5.0
10.1
5.033333
10.1
10.0
10.033333
5.3
5.1
15.066667
10.033333
10.0
10.133333
5.0
5.066667
20.0
5.0
90.866667
10.0
5.0
10.033333
15.033333
20.166667
20.0
15.2
20.066667
15.1
279.033333
5.066667
160.566667
283.966667
15.133333
20.0
5.066667
142.066667
17.333333
10.0
161.7
5.0
20.066667
23.733333
20.066667
15.033333
5.0
15.066667
5.1
28.4
25.033333
26.366667
29.366667
5.033333
27.266667
15.066667
10.1
20.033333
5.033333
20.033333
5.0
5.0
5.066667
15.033333
5.0
10.033333
20.1
157.066667
22.233333
141.966667
15.133333
5.033333
15.033333
15.033333
20.0
15.166667
15.0
10.033333
136.866667
10.033333
65.033333
5.033333
15.033333
10.066667
5.0
16.166667
5.033333
5.033333
20.1
117.166667
157.066667
10.033333
10.0
15.066667
5.033333
5.0
30.1
10.133333
5.033333
5.0
5.133333
15.0
5.0
5.033333
20.0
568.433333
5.0
5.0
20.166667
99.9
96.433333
5.0
141.966667
5.033333
152.066667
147.166667
10.0
25.0
20.0
10.1
20.233333
5.0
5.033333
212.566667
5.133333
20.033333
5.1
15.166667
15.0
15.0
5.066667
15.033333
5.033333
21.233333
15.1
548.433333
5.1
25.133333
5.0
20.1
25.066667
5.0
20.133333
5.033333
61.3
128.466667
10.166667
137.166667
142.033333
15.066667
142.033333
20.0
10.033333
20.433333
10.033333
10.0
152.1
548.2
18.4
136.933333
5.066667
15.2
5.066667
6.933333
15.066667
10.066667
152.0
136.933333
137.1
5.0
20.0
10.233333
5.133333
20.0
10.033333
22.6
25.166667
16.133333
137.0
20.2
137.066667
15.166667
5.033333
5.066667
10.066667
5.033333
15.066667
5.033333
5.0
30.1
10.066667
130.6
142.066667
149.466667
10.233333
5.033333
142.1
5.066667
6.433333
187.6
15.033333
137.033333
50.833333
6.7
142.066667
5.0
5.033333
152.066667
137.066667
5.0
5.1
10.0
21.666667
162.2
5.033333
10.066667
113.433333
5.1
15.2
5.066667
44.733333
5.033333
5.1
11.366667
5.0
15.066667
8.733333
129.166667
5.033333
20.0
16.066667
5.066667
28.466667
15.0
137.033333
179.4
5.1
20.0
5.033333
147.2
5.133333
5.0
5.033333
5.033333
20.033333
5.1
10.033333
15.066667
5.066667
10.1
10.0
15.1
5.1
8.166667
44.333333
100.133333
5.1
84.0
137.066667
151.5
20.2
216.533333
5.066667
15.133333
137.2
117.4
66.8
5.033333
10.066667
10.0
5.1
20.066667
123.233333
10.0
10.033333
137.066667
20.166667
146.866667
10.133333
110.566667
10.033333
5.0
5.033333
10.1
15.066667
16.133333
5.033333
15.166667
148.933333
10.033333
15.066667
538.6
15.066667
5.2
5.066667
20.133333
25.033333
10.0
5.066667
15.166667
15.033333
15.033333
15.0
10.0
26.866667
20.233333
20.1
152.033333
15.133333
10.066667
10.0
15.0
20.0
5.133333
25.133333
20.2
12.1
33.0
5.1
266.233333
5.033333
20.133333
151.933333
262.266667
10.033333
141.933333
5.033333
15.066667
5.1
39.3
15.0
147.266667
137.0
10.066667
146.833333
5.0
10.0
15.1
15.066667
152.033333
15.0
176.8
15.1
415.966667
123.3
5.066667
10.0
5.033333
15.433333
42.0
15.033333
5.066667
5.0
8.866667
5.133333
5.033333
137.0
10.033333
15.1
20.033333
15.1
147.066667
15.033333
10.033333
21.233333
6.333333
20.0
15.1
10.133333
142.066667
10.1
5.066667
10.133333
142.2
21.233333
142.0
157.2
17.7
5.1
5.066667
25.2
10.066667
110.5
5.766667
56.9
147.0
10.233333
10.033333
15.1
10.0
20.066667
10.1
26.366667
28.066667
20.133333
11.9
5.0
20.033333
15.066667
152.3
5.033333
142.0
20.0
15.066667
15.033333
5.033333
5.0
5.033333
553.2
15.033333
10.133333
10.033333
15.0
10.1
15.0
5.0
10.133333
5.033333
23.3
20.133333
116.433333
10.033333
5.1
152.1
10.0
20.0
5.066667
5.033333
6.6
10.066667
25.066667
5.066667
10.0
5.0
20.066667
15.2
5.0
20.0
15.166667
5.1
147.0
10.1
20.2
20.066667
700.166667
15.133333
15.066667
10.066667
15.033333
5.0
15.033333
10.0
15.066667
137.033333
10.0
15.1
20.2
142.433333
10.066667
25.066667
553.4
5.033333
548.2
15.166667
5.066667
5.033333
20.033333
5.033333
5.033333
5.1
10.133333
15.133333
15.033333
20.166667
10.033333
6.3
5.0
10.0
15.033333
15.0
5.133333
5.0
5.0
5.066667
15.166667
19.866667
15.1
15.0
5.1
5.133333
10.033333
5.066667
25.1
30.133333
5.166667
10.0
15.166667
5.033333
17.566667
5.033333
5.066667
25.533333
10.0
5.233333
5.133333
5.033333
20.233333
5.0
5.0
5.0
5.0
15.0
15.1
5.1
5.1
15.1
62.233333
15.033333
20.1
211.1
15.166667
141.933333
162.133333
5.1
15.066667
183.533333
10.233333
5.066667
25.2
5.0
5.0
553.233333
20.033333
20.066667
10.066667
10.1
154.466667
25.0
20.066667
5.1
10.1
5.1
10.266667
22.566667
274.233333
5.0
5.0
10.033333
15.0
5.1
25.066667
5.033333
5.1
10.1
5.0
5.066667
15.033333
20.0
5.0
10.066667
5.0
20.0
5.033333
5.033333
5.0
25.266667
5.133333
21.366667
16.0
10.1
20.0
15.133333
5.1
5.0
15.0
5.033333
20.1
5.033333
10.033333
10.066667
5.0
15.0
10.0
15.133333
5.066667
22.033333
16.266667
5.033333
25.166667
16.033333
152.066667
10.0
20.166667
10.1
20.066667
10.166667
15.033333
5.0
15.033333
21.5
10.033333
10.166667
15.066667
5.0
119.6
23.666667
20.133333
10.233333
20.066667
5.633333
15.033333
15.033333
5.066667
15.0
15.1
146.466667
7.033333
20.033333
5.033333
270.8
25.1
153.733333
20.233333
515.266667
5.166667
15.133333
15.066667
5.1
5.133333
19.366667
71.833333
10.066667
5.066667
142.1
5.066667
266.466667
136.866667
147.1
137.033333
5.0
10.033333
5.066667
152.2
5.033333
5.066667
20.133333
10.066667
10.233333
5.033333
8.3
5.066667
10.033333
5.033333
67.133333
69.466667
10.033333
20.133333
10.033333
146.9
5.0
19.566667
11.733333
15.066667
5.2
5.033333
10.066667
5.1
10.1
15.033333
20.0
15.0
25.0
20.0
147.1
10.033333
21.633333
129.966667
10.2
10.2
19.466667
141.966667
252.066667
5.066667
15.166667
10.0
5.066667
5.0
15.133333
5.033333
20.233333
10.033333
5.033333
52.433333
10.0
20.066667
10.0
5.1
15.033333
25.1
5.0
5.133333
5.0
10.066667
5.033333
5.033333
5.033333
25.1
20.0
15.033333
5.0
10.1
5.0
15.1
10.166667
5.066667
10.133333
15.066667
21.433333
5.066667
156.966667
5.066667
15.0
15.033333
10.0
5.0
20.066667
15.1
15.0
15.066667
20.0
20.1
31.8
18.366667
25.0
155.933333
553.033333
284.1
286.2
5.1
10.0
152.066667
5.033333
273.933333
10.033333
284.133333
15.033333
5.033333
281.3
10.033333
22.666667
5.033333
20.1
5.033333
76.8
17.7
5.033333
5.0
20.1
5.066667
15.1
5.066667
10.266667
19.133333
5.0
5.0
5.066667
5.033333
5.066667
5.033333
15.0
5.1
15.033333
10.033333
5.0
15.0
67.1
5.1
5.0
15.1
20.133333
140.233333
8.5
5.066667
5.0
20.0
5.0
117.433333
5.066667
20.066667
20.033333
10.133333
5.033333
10.1
18.566667
553.1
5.033333
10.0
5.033333
20.166667
10.1
5.033333
10.066667
10.033333
10.1
548.333333
5.1
25.033333
5.066667
5.066667
15.1
11.533333
18.8
16.633333
152.0
24.866667
5.0
15.2
10.133333
5.066667
5.066667
22.133333
5.1
5.066667
15.066667
20.233333
20.166667
5.033333
5.0
10.0
5.0
20.133333
10.033333
20.1
20.0
10.1
20.0
22.966667
25.166667
20.0
5.0
5.0
421.0
15.0
25.166667
147.066667
151.9
15.0
10.066667
5.066667
10.0
5.0
11.833333
10.0
5.033333
15.066667
5.0
5.0
33.366667
48.7
5.0
5.1
25.066667
52.733333
10.1
181.8
5.1
15.0
20.1
163.733333
5.066667
8.533333
10.033333
5.0
5.1
28.466667
5.1
159.8
17.2
15.133333
151.933333
25.033333
20.066667
5.066667
30.0
5.0
5.0
15.666667
26.233333
21.7
5.033333
133.233333
5.033333
5.066667
10.033333
152.0
10.0
5.0
5.0
142.0
5.033333
13.733333
5.0
15.0
151.933333
10.166667
13.666667
142.066667
159.566667
127.366667
5.133333
15.0
16.966667
5.066667
20.1
25.3
10.066667
10.033333
21.2
25.1
5.1
5.033333
142.033333
5.066667
20.0
15.033333
142.133333
5.0
20.066667
5.033333
14.533333
20.1
137.1
69.166667
153.433333
15.066667
258.833333
10.0
15.0
17.2
176.633333
136.933333
278.866667
15.1
15.066667
10.033333
171.733333
10.133333
121.7
10.0
10.0
15.2
11.5
10.2
5.0
5.0
5.133333
15.1
20.166667
20.033333
6.533333
5.033333
5.033333
105.866667
15.0
20.033333
5.033333
5.033333
30.066667
6.1
15.0
54.933333
5.0
5.0
10.2
15.0
5.066667
10.0
10.0
5.033333
5.033333
15.0
15.0
10.066667
5.033333
5.066667
5.033333
5.066667
20.0
110.4
15.233333
137.0
152.1
20.133333
5.0
5.033333
11.3
66.8
20.133333
5.0
10.0
10.033333
5.133333
10.2
5.066667
5.2
147.033333
137.133333
17.866667
5.0
136.966667
15.133333
20.033333
50.7
20.133333
15.133333
20.033333
15.066667
10.0
15.0
20.033333
30.066667
20.133333
15.1
162.0
20.1
31.533333
5.033333
15.033333
5.033333
5.033333
15.0
10.0
16.2
5.0
5.0
10.033333
10.2
150.233333
10.0
25.0
10.033333
5.033333
10.1
10.166667
11.366667
102.266667
15.0
10.066667
5.066667
20.0
30.166667
40.333333
32.4
94.633333
10.0
159.2
15.133333
10.033333
5.066667
16.633333
6.6
20.0
15.1
13.633333
5.0
28.966667
15.066667
5.033333
10.033333
15.033333
20.166667
50.8
10.0
10.066667
10.0
10.0
5.033333
6.333333
20.133333
5.033333
25.1
15.0
5.066667
6.2
5.066667
11.266667
15.0
5.066667
23.933333
82.4
137.0
10.066667
233.466667
347.6
5.033333
10.0
25.0
137.066667
10.0
16.6
5.0
5.033333
5.1
5.033333
20.033333
5.033333
21.766667
10.1
10.0
35.966667
30.7
15.033333
5.033333
563.2
21.1
142.066667
5.0
5.066667
21.133333
10.0
25.3
5.066667
15.0
20.133333
5.066667
20.0
5.066667
5.0
10.066667
5.1
10.066667
15.0
10.033333
20.1
48.166667
142.233333
10.166667
15.0
10.0
6.666667
15.0
83.633333
15.033333
10.1
25.233333
15.033333
15.066667
15.033333
5.0
5.033333
5.7
112.933333
5.166667
20.066667
20.233333
116.0
5.0
10.033333
5.033333
5.1
10.0
6.533333
15.0
20.066667
15.066667
15.0
18.966667
30.8
10.033333
104.166667
5.066667
20.966667
10.233333
15.0
15.066667
137.033333
10.0
6.566667
15.1
15.1
24.233333
5.0
15.133333
10.066667
5.0
5.066667
15.0
5.0
6.8
152.0
15.1
5.0
10.066667
15.033333
15.0
20.066667
5.133333
15.133333
136.966667
5.0
122.1
5.1
5.133333
25.2
5.033333
15.0
29.533333
15.133333
15.033333
15.033333
5.1
15.033333
20.033333
5.133333
5.0
15.033333
5.066667
5.066667
5.1
6.033333
5.1
20.166667
20.033333
5.166667
5.566667
5.033333
208.566667
268.466667
5.033333
142.133333
141.833333
25.1
5.1
65.666667
25.066667
18.966667
10.066667
18.866667
25.033333
15.0
20.033333
10.0
5.1
20.133333
30.1
5.133333
10.0
81.4
10.1
5.033333
25.066667
21.466667
10.133333
20.066667
15.066667
18.0
156.933333
5.1
10.066667
134.533333
5.033333
146.766667
20.1
5.0
10.033333
20.1
5.033333
36.566667
10.066667
157.033333
20.0
5.133333
151.966667
5.0
15.066667
131.4
20.0
5.066667
20.066667
31.5
25.7
5.1
11.066667
10.0
15.0
142.133333
21.566667
20.0
147.2
94.866667
10.066667
10.0
10.033333
10.0
25.0
5.033333
20.2
5.033333
10.066667
5.1
20.0
20.1
20.133333
5.066667
5.133333
13.166667
5.0
5.033333
10.066667
5.066667
5.166667
15.2
10.033333
35.0
5.0
15.033333
66.933333
159.633333
279.133333
20.0
284.066667
5.0
15.0
5.066667
41.7
25.133333
10.066667
20.066667
15.133333
15.166667
25.0
15.066667
186.9
147.066667
10.033333
10.1
10.133333
26.133333
5.0
5.0
10.0
5.033333
15.166667
15.066667
22.566667
54.766667
107.533333
5.366667
5.066667
157.066667
5.066667
5.033333
260.466667
5.166667
5.066667
16.0
5.0
15.033333
10.0
5.0
157.533333
134.966667
151.7
20.066667
20.1
6.366667
9.233333
5.133333
5.033333
147.0
142.066667
137.0
5.066667
10.066667
10.033333
5.033333
102.033333
5.033333
5.0
548.133333
20.133333
10.0
5.0
5.066667
29.5
5.033333
10.066667
137.233333
10.0
10.066667
5.066667
5.133333
20.1
10.0
15.0
5.033333
92.466667
5.0
15.066667
25.0
155.766667
10.0
5.033333
25.0
563.2
5.0
548.166667
20.166667
25.2
5.033333
10.1
5.0
10.033333
10.133333
18.8
12.066667
218.033333
30.366667
97.533333
70.033333
5.033333
5.066667
20.133333
15.0
110.566667
5.0
20.2
20.1
10.033333
10.033333
5.0
5.0
5.133333
5.0
8.8
26.033333
15.033333
137.133333
151.9
10.033333
5.133333
15.0
10.0
147.033333
160.6
21.333333
10.166667
147.033333
142.933333
5.1
25.1
5.0
5.1
10.0
15.1
10.033333
25.0
10.033333
5.066667
155.833333
279.1
25.2
137.1
30.233333
5.133333
5.0
15.033333
5.1
5.033333
20.066667
20.1
5.0
20.033333
18.233333
20.066667
15.166667
5.0
5.133333
5.166667
20.0
20.033333
20.3
15.033333
11.266667
5.966667
5.0
114.233333
142.033333
5.066667
10.0
5.133333
15.1
10.033333
5.1
5.0
10.166667
23.266667
58.6
5.033333
277.466667
10.033333
25.2
20.2
5.033333
15.066667
5.0
5.0
5.0
5.0
20.133333
15.066667
10.0
20.066667
13.666667
23.8
15.066667
21.4
20.0
15.066667
5.0
20.133333
151.766667
20.033333
60.033333
5.133333
10.0
5.133333
10.033333
16.4
5.033333
8.3
5.0
15.1
5.0
5.0
15.033333
11.7
5.066667
15.166667
68.666667
5.133333
5.0
15.0
5.033333
15.0
15.066667
5.0
121.533333
10.0
10.0
10.066667
74.033333
10.066667
162.2
5.0
5.0
137.166667
17.066667
137.0
25.033333
30.133333
15.0
20.2
5.433333
20.0
18.1
25.1
10.033333
15.2
5.066667
20.1
5.133333
5.0
8.566667
5.066667
147.1
15.1
15.366667
20.133333
5.033333
5.066667
15.033333
10.066667
15.1
20.0
5.166667
5.033333
553.333333
10.066667
15.2
16.333333
5.133333
15.1
97.833333
5.0
15.0
25.0
147.033333
15.0
142.1
7.3
10.133333
21.866667
136.966667
25.033333
5.0
10.066667
5.0
10.1
5.033333
5.033333
15.066667
10.033333
15.0
137.1
137.2
142.0
15.0
137.1
10.133333
5.066667
157.0
5.0
10.0
10.033333
10.033333
20.033333
25.133333
5.0
20.1
10.033333
20.1
5.033333
30.2
25.066667
136.766667
10.0
5.0
5.066667
20.0
10.166667
20.033333
5.066667
10.2
5.066667
10.033333
5.033333
5.0
5.033333
10.133333
10.1
10.0
24.766667
15.0
33.866667
10.0
276.233333
19.6
5.133333
5.0
152.033333
15.0
5.0
10.033333
25.133333
5.1
20.1
279.066667
157.233333
10.066667
5.1
5.0
5.066667
15.1
5.066667
20.2
5.033333
10.1
10.0
10.133333
15.233333
17.033333
15.033333
15.466667
15.033333
10.1
10.033333
553.233333
16.1
10.033333
20.1
141.866667
148.6
5.0
5.166667
181.366667
5.066667
5.1
10.066667
10.2
10.133333
10.166667
5.033333
5.1
147.033333
5.033333
10.066667
143.966667
15.233333
5.0
34.533333
20.266667
5.0
20.133333
5.0
5.033333
10.1
5.1
10.033333
15.166667
15.0
5.0
5.033333
5.0
10.0
16.066667
5.0
17.466667
6.833333
5.0
210.2
17.266667
10.033333
20.033333
10.0
10.0
5.133333
20.133333
160.966667
5.0
5.033333
5.066667
20.233333
15.0
10.1
5.0
5.0
5.033333
25.033333
15.133333
10.133333
5.0
10.0
5.033333
15.0
15.0
25.166667
23.666667
5.0
5.0
5.0
5.033333
5.0
20.0
199.6
5.066667
5.0
5.0
20.233333
204.666667
284.133333
5.033333
5.033333
284.266667
15.0
8.433333
6.633333
5.0
5.0
20.0
5.033333
15.033333
5.0
283.9
38.4
10.0
10.0
141.966667
5.133333
12.733333
20.3
67.766667
20.033333
13.666667
5.033333
5.066667
46.666667
15.1
108.9
5.0
10.033333
15.1
25.1
5.033333
20.066667
27.633333
79.366667
5.1
15.2
142.066667
10.033333
10.166667
10.033333
15.033333
20.0
15.066667
20.1
5.0
10.133333
5.033333
20.0
15.133333
15.033333
5.133333
20.033333
21.366667
10.033333
10.0
10.133333
5.033333
20.1
152.033333
5.166667
25.066667
5.166667
10.066667
10.1
10.066667
20.2
17.633333
11.933333
137.133333
10.1
20.0
137.0
137.0
5.0
10.166667
10.133333
147.1
25.0
10.033333
5.1
5.2
5.066667
20.066667
22.5
58.9
157.1
15.033333
5.0
5.133333
10.0
5.066667
5.066667
10.1
20.133333
7.1
56.366667
20.1
20.066667
15.0
32.6
5.066667
10.033333
10.066667
5.033333
5.0
5.1
30.1
10.066667
5.033333
31.4
20.2
10.166667
5.066667
5.033333
10.2
20.1
15.166667
10.066667
5.133333
5.1
20.2
29.866667
59.233333
152.033333
10.033333
5.133333
10.066667
15.033333
10.166667
15.066667
5.0
20.033333
5.0
5.066667
5.0
101.3
15.066667
18.0
25.133333
152.066667
18.4
5.033333
20.066667
5.0
20.1
6.1
20.0
10.1
10.066667
10.066667
142.1
5.066667
147.0
15.033333
10.133333
15.233333
10.066667
15.0
15.066667
5.0
5.0
153.9
15.066667
231.933333
5.066667
15.0
10.033333
20.033333
10.1
5.066667
15.066667
25.0
5.033333
10.066667
10.133333
36.333333
10.0
15.0
5.133333
147.066667
15.2
10.033333
20.033333
5.0
5.0
5.0
15.233333
5.033333
10.0
5.066667
5.1
5.1
15.1
10.0
5.0
5.033333
5.0
15.0
15.066667
20.033333
20.133333
5.066667
15.166667
5.033333
9.166667
69.0
10.033333
20.066667
10.166667
149.833333
10.066667
25.066667
13.233333
5.0
5.166667
10.0
10.1
15.066667
5.0
15.066667
20.133333
10.066667
15.033333
20.033333
5.0
10.033333
10.1
10.033333
25.1
5.1
11.466667
25.2
15.833333
15.033333
20.166667
27.433333
142.166667
5.0
5.066667
5.066667
25.066667
10.066667
5.033333
67.366667
5.1
5.066667
15.1
10.133333
20.0
15.0
15.0
5.033333
5.0
284.033333
274.066667
10.066667
5.133333
5.033333
10.0
5.033333
151.966667
5.066667
15.0
15.033333
137.1
137.033333
10.066667
5.033333
5.033333
152.1
10.0
5.066667
15.266667
20.0
20.066667
15.0
10.066667
20.0
161.9
10.033333
5.0
15.033333
5.1
10.066667
5.0
10.133333
5.0
18.1
15.1
111.3
15.0
30.1
5.033333
5.133333
5.033333
20.0
5.033333
5.0
10.066667
23.0
10.0
10.033333
5.0
15.0
173.966667
6.7
415.833333
20.133333
11.7
266.066667
279.166667
116.666667
10.066667
5.066667
142.0
15.1
127.366667
25.266667
10.066667
10.033333
25.066667
20.033333
20.0
15.133333
15.066667
11.366667
10.0
87.3
15.1
5.066667
5.033333
10.033333
37.933333
15.033333
11.1
10.0
5.133333
137.033333
20.033333
20.0
137.0
20.266667
15.1
5.0
6.033333
5.0
5.066667
5.1
12.5
15.066667
20.033333
10.166667
13.033333
563.133333
5.0
5.033333
5.1
10.033333
5.066667
15.066667
20.066667
11.766667
15.2
5.033333
5.033333
132.633333
147.033333
15.033333
5.0
5.033333
5.066667
25.133333
15.0
5.1
10.033333
5.166667
15.0
20.033333
20.233333
19.3
15.066667
26.566667
58.066667
147.066667
10.066667
5.066667
10.133333
5.033333
17.666667
210.966667
5.1
20.133333
5.066667
142.1
5.066667
5.166667
5.033333
15.033333
16.333333
10.166667
15.066667
5.066667
5.066667
25.133333
10.0
15.033333
5.033333
5.0
10.166667
5.966667
47.733333
20.066667
20.133333
548.166667
15.133333
15.0
15.133333
51.6
15.066667
168.7
376.733333
5.0
5.166667
16.766667
5.1
15.066667
25.166667
15.266667
11.133333
20.0
5.033333
15.0
5.0
30.1
20.033333
10.033333
6.1
20.066667
25.0
15.1
10.0
13.133333
15.0
5.1
10.033333
15.166667
149.833333
10.033333
10.066667
15.1
10.033333
88.566667
10.1
136.966667
20.066667
5.1
5.0
15.0
5.6
19.133333
11.033333
15.066667
15.033333
141.966667
5.0
71.4
10.066667
16.6
10.133333
74.5
5.0
5.033333
137.0
20.066667
5.0
5.0
124.333333
10.033333
10.066667
15.033333
5.033333
20.166667
10.033333
10.1
17.566667
26.3
5.033333
5.1
30.2
29.533333
10.033333
10.066667
5.0
5.033333
5.066667
10.066667
5.0
5.066667
5.033333
10.0
16.8
5.0
154.7
5.1
16.033333
15.1
5.066667
10.033333
15.033333
137.066667
5.033333
141.9
10.066667
10.066667
5.033333
5.0
62.366667
127.8
5.033333
5.0
15.033333
18.5
218.333333
5.033333
5.066667
20.1
30.133333
26.8
5.0
5.066667
15.1
15.033333
5.066667
15.2
15.0
23.6
73.533333
10.033333
137.033333
5.066667
15.0
15.0
5.0
15.0
29.266667
125.566667
20.233333
41.9
157.033333
15.1
11.4
15.066667
21.2
20.1
553.2
13.3
25.2
5.066667
76.466667
15.133333
10.166667
15.266667
10.033333
60.833333
5.066667
6.066667
5.0
5.0
10.033333
20.0
10.0
10.0
10.033333
20.166667
25.166667
20.066667
20.066667
24.9
15.066667
15.033333
20.0
13.566667
5.033333
6.866667
5.666667
6.4
144.9
5.033333
141.933333
5.166667
137.166667
15.066667
136.966667
5.033333
5.0
37.833333
154.533333
20.033333
10.033333
15.866667
5.033333
15.066667
18.566667
5.133333
7.7
5.0
10.0
10.1
553.4
10.066667
10.2
5.033333
5.066667
25.033333
5.033333
10.066667
5.033333
28.333333
10.0
14.866667
5.1
283.966667
121.6
126.666667
15.233333
5.1
141.966667
5.066667
136.933333
21.333333
189.366667
5.0
10.066667
147.166667
10.066667
20.0
10.066667
25.066667
10.0
20.033333
147.133333
5.066667
5.066667
15.033333
5.166667
152.0
142.266667
10.066667
36.833333
157.066667
24.866667
157.1
20.3
5.1
5.033333
5.0
5.0
5.0
10.033333
20.133333
5.033333
5.1
15.033333
10.1
20.0
5.133333
5.0
17.4
10.0
5.0
5.0
10.033333
117.6
64.266667
10.0
156.966667
5.0
10.1
10.2
10.033333
137.066667
10.066667
148.6
18.333333
5.0
11.233333
10.033333
5.033333
5.033333
25.033333
15.033333
5.0
22.466667
20.033333
10.066667
5.033333
15.066667
5.133333
15.066667
5.033333
5.0
5.0
5.1
15.066667
5.033333
5.1
5.066667
20.1
66.2
157.0
152.0
5.033333
20.1
147.166667
10.1
20.066667
30.0
15.033333
5.033333
5.033333
5.066667
5.0
5.1
5.0
5.066667
98.633333
15.133333
5.1
5.033333
20.066667
5.033333
30.133333
20.166667
65.5
20.033333
32.633333
10.066667
10.0
5.1
10.033333
5.0
10.133333
553.2
10.1
5.133333
5.133333
11.133333
10.333333
10.033333
90.233333
136.966667
10.0
142.033333
15.133333
5.0
5.033333
5.066667
15.0
20.2
10.133333
15.133333
15.133333
10.0
20.066667
15.166667
10.766667
5.033333
5.1
15.0
28.233333
5.0
5.133333
136.833333
20.0
142.033333
136.933333
15.9
20.033333
25.033333
15.066667
5.033333
29.133333
5.033333
15.066667
5.066667
5.066667
5.033333
141.933333
136.966667
10.033333
137.0
5.066667
152.0
157.133333
10.0
20.033333
10.066667
5.0
5.166667
15.1
5.166667
10.033333
16.1
15.133333
15.033333
15.0
20.233333
5.133333
10.0
5.066667
10.066667
13.366667
5.066667
141.866667
20.266667
144.5
142.066667
15.1
20.166667
15.1
12.233333
10.066667
15.066667
10.0
84.466667
10.0
5.066667
15.0
10.1
16.133333
76.5
5.1
15.066667
19.466667
15.1
5.033333
10.0
30.1
25.2
147.1
15.033333
5.1
5.066667
5.066667
10.033333
10.033333
5.033333
5.0
5.066667
30.0
5.133333
5.066667
15.033333
5.033333
25.066667
5.0
10.166667
5.1
15.033333
10.066667
136.933333
152.066667
15.033333
142.033333
10.033333
61.0
10.0
5.033333
20.066667
141.966667
10.133333
268.266667
5.0
147.233333
15.0
25.166667
15.1
20.033333
5.0
15.066667
5.033333
20.0
36.3
10.2
5.0
15.166667
5.066667
5.1
5.033333
5.033333
5.033333
20.4
17.166667
5.166667
607.466667
15.066667
10.666667
20.066667
5.066667
6.633333
15.1
30.0
5.133333
5.0
11.966667
74.0
20.166667
5.0
25.133333
5.033333
15.133333
15.033333
5.066667
10.033333
5.066667
475.533333
28.266667
5.133333
50.1
137.0
5.066667
15.266667
29.433333
157.133333
5.033333
146.833333
5.133333
10.0
5.0
156.5
5.033333
141.833333
216.133333
257.733333
257.366667
147.2
147.033333
10.0
6.066667
10.0
5.033333
6.866667
21.466667
20.066667
5.0
21.133333
72.733333
10.1
137.0
10.066667
20.133333
5.0
5.0
5.133333
156.966667
5.166667
5.1
15.133333
5.066667
5.0
10.166667
10.066667
142.066667
10.0
5.133333
10.0
10.8
16.833333
10.0
15.166667
13.066667
137.0
151.966667
10.033333
15.0
10.0
10.066667
20.133333
20.033333
20.133333
129.3
10.033333
114.133333
10.0
10.033333
5.033333
5.033333
25.266667
17.333333
15.066667
10.1
10.166667
20.166667
5.0
20.3
98.066667
10.133333
5.0
5.066667
5.0
142.0
157.0
5.033333
5.0
5.0
15.0
10.166667
30.033333
20.166667
15.066667
15.066667
5.066667
25.1
16.033333
5.033333
6.0
64.833333
5.1
5.1
25.033333
5.033333
15.033333
25.066667
15.066667
5.2
18.833333
10.133333
10.0
25.133333
15.066667
21.733333
20.1
5.033333
5.0
147.033333
10.0
5.0
106.866667
10.0
5.0
5.033333
83.933333
5.1
10.033333
5.0
15.166667
15.1
10.066667
16.666667
5.033333
5.033333
15.0
5.0
5.1
20.066667
20.1
25.166667
10.066667
126.8
5.133333
25.0
20.066667
152.2
124.033333
152.066667
10.9
10.0
20.1
78.066667
15.233333
25.0
25.133333
10.166667
20.266667
15.0
11.666667
15.1
5.066667
22.5
5.066667
117.766667
152.033333
10.0
147.1
142.066667
10.033333
5.033333
25.066667
15.033333
10.0
5.033333
15.133333
150.466667
147.133333
25.1
142.166667
41.8
5.033333
5.033333
5.166667
20.166667
5.033333
20.366667
15.033333
20.033333
150.066667
10.0
5.066667
25.1
5.033333
5.133333
15.033333
10.066667
20.3
10.133333
15.233333
5.166667
20.166667
15.066667
5.066667
10.033333
21.6
25.066667
15.133333
5.0
10.0
5.0
10.033333
20.0
10.033333
5.0
20.233333
10.1
20.066667
10.033333
461.066667
20.1
15.1
15.0
5.066667
5.066667
25.133333
5.066667
17.8
5.1
5.033333
17.5
5.133333
6.166667
5.0
15.2
10.0
20.066667
10.066667
15.066667
5.0
5.033333
5.033333
54.166667
5.0
5.0
20.1
15.1
10.033333
79.3
20.1
15.1
5.033333
116.033333
13.933333
10.0
142.166667
5.0
10.066667
128.0
6.533333
10.0
162.033333
137.0
8.633333
54.3
20.2
15.066667
20.066667
142.0
5.066667
5.0
5.033333
15.0
5.066667
15.166667
5.0
6.866667
10.266667
137.033333
136.933333
137.0
137.1
20.033333
137.0
15.033333
20.2
20.166667
15.0
20.7
10.0
5.066667
15.1
25.133333
15.166667
10.0
5.033333
25.033333
5.2
5.033333
15.2
5.0
25.033333
20.533333
8.633333
33.366667
10.066667
135.833333
10.0
137.0
13.1
16.6
10.0
10.033333
15.2
5.066667
15.966667
25.0
5.066667
15.033333
57.866667
34.833333
25.166667
142.033333
5.0
79.566667
5.033333
10.133333
15.366667
5.033333
10.1
10.033333
20.033333
5.0
15.133333
5.0
20.933333
10.133333
10.033333
103.033333
15.133333
15.133333
5.0
20.033333
15.033333
15.0
20.133333
10.033333
15.033333
10.0
5.0
21.633333
15.033333
548.366667
10.033333
5.033333
5.0
5.066667
5.033333
10.0
15.066667
15.0
8.566667
15.0
9.233333
5.0
5.0
5.066667
5.0
25.0
147.0
30.5
5.033333
5.0
10.033333
30.1
15.1
5.0
30.166667
20.066667
20.0
10.033333
120.466667
20.0
25.0
10.066667
25.1
5.066667
10.0
10.233333
15.066667
20.066667
22.466667
15.066667
20.066667
10.0
10.033333
154.6
10.033333
25.166667
10.066667
25.0
5.0
142.1
15.166667
142.0
5.066667
15.0
26.433333
11.033333
45.266667
15.0
5.033333
16.633333
10.2
5.066667
5.1
5.0
133.6
172.233333
5.133333
15.1
5.0
5.066667
15.066667
15.166667
20.7
15.033333
5.0
5.766667
5.2
5.033333
5.033333
10.133333
15.0
15.1
14.066667
20.0
20.033333
146.966667
142.133333
21.166667
152.033333
5.1
5.066667
97.9
5.033333
10.0
10.066667
5.066667
10.033333
22.6
5.066667
152.233333
153.4
5.0
5.066667
20.0
5.066667
5.033333
5.0
5.033333
10.0
15.933333
6.733333
10.233333
80.833333
10.0
10.0
10.033333
25.2
5.0
5.0
10.133333
5.033333
15.066667
10.1
10.033333
15.033333
5.0
15.0
20.066667
15.033333
5.066667
5.0
5.033333
5.066667
15.0
5.1
5.066667
10.033333
5.033333
6.866667
25.0
11.1
15.033333
5.033333
25.0
5.0
5.066667
10.033333
147.066667
31.533333
25.1
5.033333
20.133333
10.1
25.0
5.066667
10.133333
25.1
5.1
20.133333
15.033333
10.1
20.066667
6.566667
5.066667
20.233333
5.033333
5.066667
10.066667
15.033333
20.066667
6.5
20.1
10.166667
15.0
8.266667
193.566667
20.066667
15.0
5.133333
286.766667
20.133333
5.1
23.266667
5.0
15.066667
5.1
34.133333
10.1
146.833333
21.3
5.0
5.1
5.033333
5.1
5.1
5.033333
5.1
15.266667
25.166667
10.133333
20.266667
5.066667
5.0
5.0
25.233333
5.033333
15.033333
10.1
5.0
20.0
5.0
5.0
5.033333
5.0
10.033333
25.166667
11.1
15.033333
15.033333
15.0
11.133333
5.0
20.033333
15.1
10.0
6.2
10.033333
15.2
10.0
5.1
5.0
10.0
15.066667
30.0
10.033333
5.0
5.1
20.366667
20.2
5.033333
5.0
10.166667
5.0
20.0
10.0
5.033333
20.0
21.9
15.0
5.1
5.1
52.466667
5.033333
7.233333
5.033333
15.0
20.166667
5.066667
10.1
20.033333
25.233333
5.133333
5.0
15.1
18.633333
72.633333
523.166667
266.933333
5.033333
15.133333
5.066667
5.0
25.1
15.066667
25.1
15.133333
15.0
142.033333
20.133333
15.033333
5.0
10.0
24.8
10.033333
5.0
5.1
20.966667
15.033333
5.033333
20.133333
20.0
5.033333
20.0
553.233333
107.0
15.033333
157.1
15.1
5.0
5.033333
20.9
5.0
82.4
15.0
10.0
10.066667
6.5
95.433333
20.0
10.1
5.133333
20.066667
10.1
5.066667
5.0
25.8
10.033333
10.133333
5.066667
5.266667
21.8
20.033333
10.166667
15.066667
15.933333
6.766667
5.0
10.066667
5.0
5.066667
10.133333
5.033333
25.066667
5.0
15.133333
5.066667
10.166667
11.366667
10.0
15.0
5.1
10.133333
20.0
10.033333
20.066667
5.033333
15.1
5.0
20.033333
5.033333
15.066667
20.233333
10.033333
5.0
20.233333
5.0
7.466667
5.033333
142.033333
137.033333
15.0
10.1
21.233333
5.066667
136.966667
142.066667
10.2
10.133333
5.033333
6.166667
149.833333
20.133333
20.033333
5.166667
10.033333
5.0
10.233333
20.233333
20.0
10.0
5.1
25.133333
10.033333
25.0
148.933333
5.0
5.1
268.733333
10.0
5.0
5.133333
284.1
289.033333
284.033333
279.633333
10.033333
5.033333
10.166667
5.0
5.1
10.033333
5.066667
147.1
25.0
5.0
5.233333
5.1
5.0
5.2
15.066667
137.066667
156.966667
142.2
5.0
15.0
10.066667
548.4
35.4
148.1
10.1
5.066667
266.733333
137.233333
142.0
23.366667
10.166667
137.0
115.433333
11.5
141.833333
12.433333
15.2
15.0
5.033333
10.0
5.066667
21.933333
20.066667
6.6
61.133333
13.633333
5.033333
137.1
18.833333
10.033333
15.0
5.0
5.166667
21.333333
15.233333
15.0
10.033333
10.0
5.066667
20.0
10.133333
5.1
10.033333
5.033333
5.0
15.0
5.0
20.266667
5.033333
10.0
5.0
5.0
5.0
5.0
17.766667
10.1
5.1
5.066667
415.566667
20.0
20.0
5.066667
15.133333
28.333333
10.0
15.133333
15.933333
142.0
20.1
141.966667
10.0
15.066667
15.066667
5.0
5.066667
147.1
10.0
5.0
5.1
25.366667
10.033333
5.1
141.966667
5.033333
10.0
5.0
157.166667
10.0
5.1
102.566667
15.0
5.033333
10.033333
20.066667
5.066667
15.2
5.1
15.033333
15.033333
20.6
5.066667
30.166667
5.033333
152.0
5.1
10.066667
20.066667
548.233333
15.033333
5.033333
10.0
5.066667
5.233333
15.266667
20.033333
15.033333
7.266667
10.033333
15.0
6.833333
20.0
10.0
21.833333
10.1
10.033333
5.066667
25.0
10.033333
15.133333
10.066667
5.2
10.066667
5.066667
20.2
5.0
10.033333
10.0
20.133333
5.0
15.0
5.0
5.0
5.266667
5.033333
5.0
10.066667
15.166667
30.5
10.1
5.0
25.1
16.033333
157.233333
15.033333
558.2
129.4
15.033333
137.2
142.333333
5.033333
5.133333
157.1
20.066667
20.0
15.066667
22.433333
5.0
5.066667
157.133333
5.066667
159.6
156.166667
10.033333
5.1
137.066667
144.933333
5.0
15.2
15.033333
5.1
157.2
11.0
147.0
15.233333
152.033333
5.0
15.033333
5.1
5.066667
21.8
6.2
5.033333
5.1
22.033333
5.166667
23.966667
553.233333
15.1
20.233333
5.3
5.066667
10.0
5.066667
10.033333
5.033333
15.1
15.0
5.133333
10.066667
20.1
10.033333
20.066667
10.166667
5.066667
28.9
5.066667
10.1
10.066667
152.133333
10.033333
10.033333
15.066667
5.033333
10.066667
5.0
5.066667
10.066667
5.066667
15.0
7.033333
135.866667
16.8
5.033333
15.166667
5.033333
146.9
5.133333
10.1
15.0
10.033333
32.6
100.833333
137.1
147.1
5.066667
5.033333
10.966667
25.1
5.066667
43.033333
5.033333
25.466667
156.9
5.033333
5.1
20.0
137.0
55.5
10.0
5.0
11.133333
10.0
15.0
5.1
10.133333
61.266667
15.2
10.033333
68.166667
5.066667
15.066667
5.066667
15.133333
141.466667
5.066667
136.966667
5.033333
5.066667
10.0
5.0
5.1
5.0
5.0
20.2
5.1
5.033333
15.066667
5.066667
20.033333
30.933333
5.066667
5.1
15.133333
5.033333
10.066667
30.033333
11.866667
5.066667
5.066667
5.033333
111.533333
20.066667
5.066667
5.033333
5.066667
5.133333
5.133333
10.033333
11.366667
5.1
10.066667
137.033333
25.1
10.066667
26.2
10.0
9.933333
5.0
5.033333
5.0
10.133333
20.133333
42.733333
5.033333
84.966667
10.1
5.1
30.0
15.066667
20.066667
20.0
5.0
5.0
10.133333
10.066667
175.933333
137.033333
26.4
137.166667
5.0
10.033333
137.066667
15.0
5.0
11.466667
147.1
5.066667
22.366667
43.466667
15.1
146.366667
152.066667
10.166667
116.4
5.166667
5.133333
5.133333
10.0
10.0
10.0
16.933333
20.166667
5.033333
553.1
10.133333
5.066667
10.1
20.0
30.0
20.133333
15.033333
99.7
151.766667
10.0
15.133333
26.733333
5.066667
12.533333
5.0
20.0
563.433333
20.1
20.1
10.3
60.333333
30.0
206.966667
20.033333
137.033333
10.066667
283.9
20.033333
25.266667
15.0
137.133333
157.366667
15.0
94.866667
147.033333
82.5
15.066667
5.033333
137.033333
10.033333
15.066667
144.1
10.0
10.033333
137.033333
142.066667
20.166667
147.033333
21.833333
5.0
5.033333
51.066667
15.0
15.1
137.066667
6.166667
11.133333
55.066667
15.1
5.033333
5.0
5.166667
20.033333
5.233333
10.066667
10.066667
15.0
10.066667
10.1
10.0
10.166667
20.0
15.1
10.033333
15.0
5.0
5.133333
10.0
10.133333
20.0
10.033333
5.1
10.033333
5.133333
5.0
25.1
15.133333
18.3
63.733333
137.0
5.0
137.166667
10.0
5.0
142.1
10.133333
157.0
20.233333
20.0
15.233333
5.033333
548.066667
13.5
10.0
10.066667
20.233333
109.133333
10.166667
69.366667
10.066667
10.133333
5.033333
10.066667
20.266667
5.033333
5.1
5.066667
5.0
10.4
5.033333
15.033333
5.066667
62.933333
5.033333
15.0
5.0
10.0
5.033333
20.0
5.133333
5.0
15.066667
31.533333
10.033333
66.4
5.666667
5.033333
156.6
15.033333
10.066667
5.0
152.133333
71.4
86.3
5.0
18.7
10.066667
20.0
30.6
15.1
6.766667
15.033333
20.166667
5.033333
553.2
548.133333
10.033333
5.1
5.0
5.133333
15.0
5.033333
5.033333
10.0
30.066667
15.0
25.166667
5.033333
5.0
5.066667
20.0
5.033333
10.066667
16.0
20.166667
82.833333
20.0
142.0
30.033333
5.033333
168.233333
137.0
5.033333
15.033333
10.066667
5.033333
48.5
5.033333
15.033333
10.0
5.1
20.0
20.1
10.033333
5.133333
5.066667
15.1
10.033333
10.033333
5.0
10.133333
6.233333
5.166667
10.0
20.0
15.133333
15.033333
5.033333
5.166667
25.2
5.0
5.0
10.033333
5.0
5.0
10.133333
5.066667
10.1
5.066667
10.033333
45.0
5.033333
5.066667
10.066667
15.066667
15.033333
5.033333
5.066667
5.133333
19.1
5.066667
10.0
21.7
113.666667
5.1
130.433333
151.966667
6.333333
153.333333
29.033333
5.0
284.166667
148.0
5.066667
10.066667
5.1
15.233333
407.5
271.766667
283.9
10.033333
142.066667
15.133333
5.1
5.033333
137.0
7.233333
10.033333
15.166667
156.833333
20.0
5.0
10.1
10.233333
5.033333
10.066667
5.1
20.066667
5.0
25.0
23.9
25.0
20.0
5.0
5.133333
15.0
5.033333
105.866667
15.2
10.166667
35.533333
10.033333
5.0
20.233333
10.066667
10.2
23.2
72.233333
5.0
20.533333
142.2
152.0
10.1
144.566667
250.266667
25.0
11.566667
10.033333
10.066667
10.033333
141.933333
5.066667
5.033333
20.033333
5.066667
10.166667
10.066667
20.133333
5.1
5.0
20.033333
10.033333
10.033333
25.0
5.1
5.033333
13.233333
5.1
10.1
15.033333
20.0
6.166667
10.1
20.0
25.066667
10.1
16.266667
8.433333
14.366667
20.0
5.0
19.366667
5.066667
15.0
25.2
5.0
10.033333
10.133333
6.033333
5.1
5.0
25.066667
20.033333
20.1
5.066667
20.033333
5.033333
15.166667
5.0
25.033333
10.033333
20.066667
11.0
5.1
15.066667
25.133333
5.066667
30.066667
5.166667
10.033333
152.033333
13.8
10.0
253.566667
5.0
20.066667
5.033333
21.1
288.966667
15.066667
15.066667
5.066667
5.0
15.0
10.033333
10.1
5.033333
7.4
15.1
20.133333
5.033333
15.033333
15.033333
5.1
10.033333
10.033333
5.033333
5.0
18.333333
10.1
157.033333
10.066667
10.1
30.166667
77.8
51.733333
6.3
208.866667
10.033333
10.1
15.1
6.333333
20.2
5.0
20.133333
15.366667
10.033333
15.066667
10.0
20.066667
20.066667
5.066667
5.066667
15.133333
5.033333
20.033333
29.866667
142.066667
10.133333
5.1
10.033333
20.1
25.8
10.133333
15.0
5.066667
5.1
10.0
23.333333
15.033333
96.0
25.033333
105.5
5.1
20.2
94.7
6.566667
5.066667
99.633333
5.0
5.1
15.033333
129.666667
127.7
20.066667
23.133333
5.0
5.0
15.066667
25.033333
5.033333
5.0
10.033333
15.0
5.0
20.033333
10.033333
20.0
20.066667
10.066667
15.266667
10.033333
20.1
10.0
25.066667
5.033333
6.566667
10.0
15.0
20.2
25.0
5.033333
20.4
10.1
10.133333
106.666667
136.933333
30.1
11.433333
10.2
5.666667
20.066667
5.0
5.0
20.166667
20.066667
5.0
10.0
15.0
20.066667
20.066667
10.033333
17.1
15.033333
5.033333
20.1
5.0
5.066667
5.166667
10.0
15.066667
10.033333
5.033333
10.0
5.133333
20.066667
5.033333
5.066667
5.033333
5.1
10.066667
5.0
10.1
15.033333
18.7
5.066667
157.033333
20.133333
157.0
279.0
5.0
15.8
15.0
162.066667
15.066667
5.033333
5.1
15.0
5.066667
467.666667
22.766667
32.566667
5.066667
20.033333
5.033333
10.0
10.066667
10.1
32.133333
20.066667
5.1
69.966667
73.6
26.2
15.0
10.033333
78.0
10.033333
6.266667
10.0
10.033333
15.033333
548.166667
5.0
15.1
5.1
240.6
5.1
7.3
38.3
15.033333
15.1
10.166667
19.033333
5.0
15.1
136.933333
20.2
146.933333
16.9
10.133333
5.166667
157.2
21.9
20.0
10.0
10.033333
20.1
10.033333
13.8
5.066667
61.533333
5.0
15.0
10.0
23.8
5.0
20.166667
5.066667
202.1
25.033333
15.0
21.8
18.466667
15.0
11.833333
20.0
10.033333
15.0
10.066667
15.133333
15.066667
25.033333
15.3
5.0
15.133333
10.033333
15.1
10.1
10.0
20.066667
5.166667
15.0
5.0
20.133333
5.066667
25.033333
5.033333
5.0
20.0
20.166667
26.733333
5.0
5.833333
29.8
107.8
15.133333
10.166667
20.1
11.566667
15.0
25.133333
20.166667
15.066667
5.166667
5.433333
10.133333
6.433333
20.166667
15.066667
5.0
31.166667
25.166667
5.1
59.4
20.066667
568.433333
15.1
15.0
10.066667
10.066667
5.0
10.033333
15.233333
5.0
11.5
15.133333
25.1
5.033333
20.033333
20.2
10.1
10.0
15.0
20.133333
15.1
10.066667
18.166667
152.0
5.033333
10.066667
5.0
5.0
15.0
485.633333
5.033333
5.166667
157.0
71.9
148.066667
112.033333
10.1
147.166667
5.0
5.033333
15.033333
5.033333
50.033333
31.7
72.633333
15.1
5.1
5.033333
25.2
20.0
175.7
5.033333
20.2
5.0
5.033333
5.066667
5.033333
5.0
15.133333
20.0
20.0
20.066667
15.0
25.233333
5.066667
16.733333
24.666667
152.7
142.133333
20.0
5.066667
10.0
20.3
20.0
19.566667
10.0
5.1
15.6
11.033333
5.033333
5.066667
20.233333
15.033333
10.033333
10.066667
30.133333
10.0
5.066667
15.1
15.2
15.033333
10.066667
5.033333
5.0
5.066667
5.066667
10.133333
5.033333
5.1
10.066667
20.433333
20.166667
69.8
10.0
10.233333
5.066667
10.133333
30.066667
5.033333
15.033333
415.0
10.1
5.066667
21.833333
7.533333
15.066667
283.2
180.033333
10.1
284.0
15.033333
10.233333
5.0
15.166667
5.0
5.0
10.166667
5.066667
15.066667
5.033333
15.166667
20.033333
5.1
15.1
20.1
5.066667
20.4
10.366667
15.133333
10.3
46.133333
5.0
12.166667
57.566667
6.6
152.2
77.833333
98.133333
137.033333
10.1
20.0
15.033333
5.2
15.066667
5.033333
10.033333
20.133333
148.3
153.566667
15.066667
5.0
20.2
10.0
20.1
15.166667
5.1
15.1
5.0
5.1
25.033333
15.033333
5.033333
25.033333
6.1
28.8
137.1
16.6
10.0
15.066667
5.0
10.133333
10.033333
5.0
10.033333
15.133333
20.133333
5.033333
25.133333
5.066667
5.066667
142.033333
15.1
10.033333
10.0
5.0
136.966667
20.1
10.066667
10.066667
15.033333
100.633333
10.2
10.0
25.1
5.1
29.833333
5.133333
10.066667
20.0
5.0
15.166667
20.2
10.033333
10.066667
12.8
27.1
20.033333
25.4
5.1
553.266667
5.033333
10.033333
553.433333
5.133333
15.033333
5.066667
5.0
135.466667
34.566667
75.766667
10.2
10.033333
10.1
26.766667
142.1
5.0
5.0
10.2
20.166667
20.0
10.1
5.033333
20.033333
60.0
5.033333
5.033333
5.033333
5.033333
15.166667
8.066667
5.1
5.033333
15.0
10.066667
16.333333
127.766667
5.0
147.133333
25.0
147.166667
16.1
137.066667
10.133333
140.533333
10.1
5.0
5.1
157.033333
5.0
15.0
95.9
20.1
20.133333
20.033333
16.966667
5.0
15.033333
5.066667
15.033333
5.033333
25.033333
15.133333
10.0
22.533333
5.066667
10.1
10.066667
10.0
15.133333
27.833333
15.2
15.233333
10.1
5.033333
5.0
15.0
5.0
10.033333
10.066667
22.2
15.2
130.266667
15.1
15.166667
136.966667
15.066667
5.0
221.3
13.766667
5.066667
553.066667
5.166667
5.0
10.033333
5.0
20.033333
25.066667
15.233333
20.033333
10.033333
15.133333
5.133333
553.266667
152.066667
10.2
5.033333
5.033333
102.433333
259.333333
10.2
15.0
15.166667
5.066667
147.033333
15.1
142.0
10.066667
15.0
15.1
147.0
5.2
25.066667
5.033333
5.0
5.0
10.133333
152.066667
5.066667
32.566667
20.233333
24.266667
283.933333
5.0
5.0
5.066667
15.0
25.0
5.0
5.0
15.1
5.0
21.1
241.5
10.1
5.0
5.033333
5.133333
98.266667
152.0
152.2
135.733333
5.033333
10.033333
10.0
15.0
5.0
5.0
5.033333
20.0
8.3
5.0
15.066667
5.0
20.2
10.133333
10.066667
30.166667
20.166667
5.0
5.1
15.066667
20.1
12.833333
5.0
20.0
5.1
5.0
20.166667
137.133333
15.033333
15.0
5.033333
10.066667
5.0
110.9
15.0
5.033333
5.0
190.0
147.066667
10.233333
15.0
5.033333
10.166667
20.166667
5.033333
20.0
5.1
10.0
35.0
15.033333
15.233333
5.1
10.2
51.666667
95.0
15.0
15.066667
5.133333
17.466667
5.133333
5.0
15.133333
73.966667
147.066667
5.1
25.066667
15.033333
142.0
274.033333
137.033333
5.0
5.033333
15.0
10.1
136.933333
10.033333
10.033333
15.0
10.0
5.033333
104.166667
5.0
5.033333
20.0
15.066667
5.066667
5.066667
5.066667
5.1
5.033333
8.266667
15.066667
20.066667
15.066667
10.066667
15.1
5.1
15.0
5.1
15.1
23.266667
5.0
13.633333
5.0
21.7
10.033333
5.3
10.1
5.066667
5.033333
10.066667
20.133333
5.033333
15.033333
9.266667
15.033333
10.1
11.6
15.066667
15.066667
5.0
40.6
80.533333
5.033333
10.033333
10.066667
5.033333
278.733333
136.866667
141.9
15.0
10.166667
157.166667
20.233333
5.0
10.133333
6.166667
553.4
81.366667
280.633333
5.033333
15.233333
274.0
283.966667
5.066667
15.233333
306.1
6.166667
5.033333
11.733333
5.0
5.0
130.666667
15.1
10.0
20.0
15.033333
10.0
10.0
5.0
25.066667
15.066667
15.1
5.033333
10.0
17.033333
5.1
10.033333
5.133333
5.0
5.066667
5.033333
20.0
15.2
10.033333
5.0
25.133333
5.0
10.066667
20.133333
25.1
10.033333
10.166667
5.033333
10.033333
20.0
10.133333
5.0
15.066667
5.133333
24.8
10.0
20.2
20.133333
33.733333
5.1
10.0
10.1
152.0
148.533333
15.033333
25.1
5.0
25.133333
23.533333
10.0
147.066667
151.966667
154.6
10.1
10.0
25.0
15.1
79.766667
10.033333
19.266667
143.833333
60.2
5.0
20.066667
5.0
15.266667
142.0
274.1
5.0
152.233333
5.033333
5.133333
5.1
243.733333
5.0
284.266667
274.0
5.0
20.733333
10.0
20.233333
15.0
5.0
15.1
10.033333
20.0
25.266667
21.333333
10.033333
5.033333
137.0
44.066667
84.6
142.033333
6.066667
10.0
15.0
147.2
10.0
10.033333
140.266667
136.933333
146.933333
5.0
33.0
20.0
5.1
10.0
25.0
10.0
11.6
145.8
15.066667
5.033333
147.166667
15.066667
140.3
20.166667
20.233333
15.133333
11.6
5.1
5.0
5.066667
15.033333
20.066667
25.0
5.0
10.0
151.966667
31.633333
137.1
5.0
15.166667
27.966667
5.333333
183.633333
5.0
10.066667
11.366667
5.033333
129.6
20.066667
142.033333
141.933333
5.1
10.0
15.0
15.066667
15.033333
15.066667
15.066667
11.6
152.166667
458.566667
5.066667
15.166667
10.0
10.0
5.1
5.1
15.0
5.0
15.033333
25.133333
5.0
207.3
10.0
5.033333
5.033333
10.033333
5.0
15.0
20.033333
146.966667
5.033333
15.066667
10.0
15.0
15.1
16.233333
5.0
6.766667
5.0
50.133333
10.033333
5.033333
5.033333
10.033333
5.033333
10.0
5.0
10.133333
15.0
15.033333
5.0
10.133333
6.133333
5.0
5.066667
5.0
21.4
15.0
23.133333
64.266667
5.066667
94.433333
10.133333
5.0
5.033333
20.066667
16.533333
10.0
15.066667
5.066667
25.133333
5.033333
20.066667
5.166667
5.033333
140.4
5.1
9.733333
10.066667
233.566667
5.1
5.1
15.0
5.033333
5.066667
142.0
5.033333
10.0
147.133333
137.1
10.233333
137.066667
15.066667
5.066667
15.266667
137.133333
5.066667
154.266667
5.033333
5.1
5.066667
10.0
5.066667
5.0
5.0
5.1
5.0
5.066667
15.0
25.566667
10.033333
10.0
5.0
147.033333
15.1
20.066667
30.066667
5.033333
5.0
15.066667
20.033333
20.1
5.066667
150.9
10.0
185.733333
5.0
25.0
8.666667
5.0
21.233333
5.0
5.033333
5.233333
25.033333
15.033333
20.133333
5.433333
60.0
9.9
6.233333
20.233333
25.933333
20.033333
15.266667
5.1
13.566667
5.0
239.0
10.0
5.0
5.033333
15.0
15.0
103.066667
5.0
161.4
146.966667
5.2
5.033333
15.1
15.0
54.166667
10.033333
157.0
5.066667
10.066667
15.033333
142.133333
157.1
10.0
225.566667
141.866667
85.3
31.166667
5.033333
15.066667
10.2
5.1
147.433333
5.033333
15.133333
20.033333
5.033333
5.0
10.033333
5.033333
25.166667
15.066667
5.066667
10.066667
20.1
5.0
26.366667
20.2
25.3
5.0
15.266667
109.133333
10.066667
42.433333
15.033333
23.7
10.0
82.8
5.0
20.0
157.1
157.033333
6.166667
5.1
15.133333
137.033333
25.033333
5.0
20.0
5.0
15.0
5.1
22.366667
5.033333
10.066667
5.0
20.0
5.033333
5.1
30.033333
5.0
96.0
23.4
20.0
15.033333
25.1
5.066667
10.2
23.033333
15.033333
5.133333
15.033333
103.7
20.033333
15.066667
5.133333
15.066667
10.2
553.366667
13.5
5.0
15.066667
5.033333
128.2
10.0
137.033333
25.066667
147.1
20.133333
10.0
20.133333
30.133333
10.1
15.0
5.0
5.1
5.033333
5.066667
15.066667
15.0
15.066667
5.033333
10.033333
20.033333
10.033333
20.066667
20.1
25.133333
20.066667
15.066667
64.9
15.033333
25.033333
152.0
21.833333
25.033333
20.033333
13.433333
10.0
112.4
5.033333
20.066667
10.166667
21.3
66.9
126.233333
5.033333
15.0
5.0
20.266667
20.033333
10.0
5.1
5.033333
5.133333
20.066667
5.166667
25.0
11.266667
5.066667
5.066667
5.1
5.033333
5.033333
20.1
10.1
5.033333
10.0
10.1
10.033333
5.066667
16.8
15.033333
16.9
19.366667
15.1
15.0
10.133333
5.133333
142.0
5.033333
63.633333
20.066667
20.166667
15.166667
142.066667
141.966667
28.766667
5.0
5.0
274.0
10.0
15.0
20.133333
15.033333
40.833333
15.066667
25.066667
5.033333
5.0
15.0
15.133333
158.033333
200.9
5.066667
25.066667
5.1
120.7
10.033333
11.866667
21.5
15.1
15.066667
20.1
5.066667
5.1
5.133333
15.133333
25.233333
20.033333
10.066667
10.033333
5.1
30.266667
10.0
5.033333
10.1
5.0
548.233333
10.1
10.2
15.033333
10.033333
42.1
137.033333
10.0
5.1
10.033333
5.1
15.0
5.066667
10.066667
15.4
21.6
5.033333
5.033333
20.066667
21.533333
25.066667
10.0
563.266667
5.0
145.466667
5.033333
215.333333
20.0
5.1
10.1
5.033333
5.0
5.033333
448.466667
154.333333
5.0
5.1
5.033333
548.233333
10.033333
139.833333
25.266667
10.066667
10.166667
15.133333
15.066667
5.233333
5.033333
13.133333
5.0
14.833333
20.166667
20.233333
137.0
142.033333
20.033333
20.033333
5.066667
33.8
10.0
5.0
20.033333
5.066667
15.0
5.033333
5.0
10.0
10.0
20.2
15.0
20.133333
10.066667
10.133333
5.1
15.166667
10.1
20.033333
5.033333
20.133333
5.0
15.1
27.3
15.033333
151.9
15.0
147.1
10.0
147.066667
142.1
20.033333
20.166667
15.2
10.0
5.066667
5.033333
20.2
21.033333
5.033333
15.133333
5.0
10.133333
154.033333
5.033333
22.133333
5.066667
5.1
15.1
10.0
15.0
15.066667
5.0
6.333333
5.066667
5.1
15.2
20.1
10.1
5.0
20.033333
5.033333
10.1
36.333333
126.933333
10.0
75.233333
5.0
5.0
5.033333
15.033333
15.133333
5.0
15.1
10.066667
25.1
15.2
5.033333
10.0
56.233333
101.666667
137.0
5.033333
5.1
5.133333
15.166667
20.0
10.066667
5.0
15.066667
14.266667
15.166667
13.133333
188.433333
5.033333
5.0
25.066667
11.633333
5.1
137.033333
5.0
5.1
20.2
53.066667
25.0
10.0
20.066667
15.0
22.166667
21.3
15.066667
20.1
10.0
5.066667
5.033333
11.266667
5.033333
19.3
5.1
5.1
5.1
152.066667
10.133333
16.566667
10.066667
20.066667
20.166667
17.5
5.033333
10.0
102.166667
5.033333
10.1
5.066667
20.066667
20.066667
10.0
15.066667
139.9
5.1
5.0
5.1
10.033333
5.0
25.066667
15.133333
5.0
5.033333
10.033333
5.066667
15.166667
5.0
12.466667
189.966667
15.033333
353.166667
15.033333
20.0
15.1
5.533333
15.1
152.033333
21.966667
161.033333
5.0
147.0
5.0
10.133333
10.166667
15.133333
10.0
5.066667
15.0
15.1
10.033333
11.266667
44.3
16.4
5.033333
91.233333
5.033333
147.0
25.133333
20.1
10.033333
147.033333
10.133333
45.2
10.0
10.1
10.133333
21.266667
15.0
20.166667
5.0
15.066667
62.3
25.1
20.0
5.066667
15.066667
20.0
10.1
25.133333
18.8
10.066667
153.6
10.133333
5.0
14.566667
5.0
5.066667
15.0
5.1
5.066667
20.066667
15.0
5.0
10.0
5.0
11.066667
5.166667
5.033333
10.1
15.066667
20.0
25.1
8.1
5.0
5.1
18.066667
5.133333
10.033333
15.0
10.033333
5.033333
5.033333
5.033333
20.0
21.2
49.7
152.1
15.033333
5.166667
5.033333
5.066667
15.0
12.2
10.066667
10.033333
15.033333
10.066667
20.0
5.1
20.066667
5.033333
11.2
10.133333
5.0
5.0
20.3
10.066667
20.133333
5.0
5.966667
98.666667
5.1
15.1
5.066667
137.033333
146.933333
20.0
137.066667
137.166667
20.066667
10.133333
15.1
21.4
5.1
208.133333
19.1
199.5
15.0
5.066667
10.033333
5.1
5.0
25.033333
20.0
5.0
5.166667
10.0
10.0
21.566667
5.0
10.1
15.033333
5.133333
548.166667
15.1
5.033333
553.266667
30.033333
5.133333
10.066667
10.066667
25.033333
15.166667
11.0
5.066667
5.0
5.0
20.166667
5.033333
5.066667
15.133333
5.1
15.033333
15.066667
15.066667
20.133333
285.7
15.066667
15.0
137.133333
60.1
152.066667
5.133333
137.066667
30.166667
15.066667
15.166667
152.0
10.066667
25.066667
15.033333
152.066667
247.2
204.3
10.0
20.066667
15.066667
5.066667
25.0
5.133333
15.033333
131.433333
28.866667
22.733333
15.066667
10.0
10.1
20.1
15.0
10.066667
6.1
7.1
6.266667
10.166667
10.1
19.6
10.066667
5.033333
15.133333
5.833333
5.033333
17.033333
86.266667
10.0
141.933333
15.0
5.666667
10.0
6.066667
137.0
5.033333
5.233333
147.033333
20.233333
5.0
189.2
142.033333
10.1
301.6
20.066667
5.0
10.1
15.033333
142.133333
10.0
16.2
5.0
10.033333
10.0
20.066667
5.1
20.066667
5.166667
10.0
10.033333
5.0
5.233333
5.0
19.966667
20.133333
10.0
5.066667
25.233333
25.1
5.233333
5.133333
10.033333
20.0
5.066667
5.066667
21.4
20.133333
20.166667
15.2
44.9
5.133333
5.0
30.0
25.1
5.1
5.1
20.1
5.066667
5.0
5.0
10.0
5.033333
28.166667
20.066667
16.433333
5.033333
553.033333
15.066667
157.133333
15.133333
20.066667
10.0
15.166667
10.033333
20.033333
7.133333
5.066667
24.033333
58.5
15.0
5.0
162.0
5.0
10.0
142.066667
20.0
20.066667
142.1
25.0
10.066667
5.0
15.133333
23.3
5.0
152.033333
137.066667
5.0
5.0
6.6
5.066667
15.0
11.7
137.066667
20.1
152.166667
18.166667
5.1
15.033333
10.133333
20.033333
15.1
10.1
5.033333
45.8
5.033333
10.1
10.0
10.133333
5.0
20.0
25.133333
20.1
10.033333
5.1
10.1
15.066667
15.0
15.033333
15.0
10.066667
5.033333
5.1
5.066667
5.166667
8.966667
5.0
15.133333
25.033333
5.033333
89.633333
10.033333
6.6
68.6
5.1
5.133333
25.1
10.066667
58.1
5.0
148.6
15.0
15.8
10.066667
5.133333
5.0
20.133333
25.033333
123.733333
15.0
5.0
10.033333
5.066667
10.066667
5.0
5.0
51.6
10.0
40.133333
10.033333
152.033333
152.133333
10.066667
5.0
20.033333
166.2
15.033333
152.2
21.133333
11.1
5.0
118.5
15.033333
5.033333
10.0
10.1
5.033333
10.066667
15.033333
20.033333
25.166667
5.1
19.233333
15.133333
5.033333
15.066667
25.166667
137.0
10.0
15.1
10.0
5.0
15.033333
152.2
146.966667
136.9
10.066667
15.166667
81.133333
9.033333
10.0
5.066667
10.0
5.066667
5.1
5.866667
25.233333
5.0
10.066667
22.4
5.033333
136.9
20.133333
5.033333
15.233333
10.0
10.033333
15.0
40.2
10.033333
5.033333
5.066667
137.166667
5.066667
5.0
15.0
5.0
5.133333
5.1
5.066667
10.1
10.033333
15.0
10.033333
5.0
5.1
5.066667
5.033333
15.0
5.033333
5.133333
5.033333
20.133333
25.033333
10.066667
13.666667
128.233333
5.033333
6.5
10.1
20.2
5.133333
20.033333
5.066667
15.066667
10.033333
15.133333
10.066667
15.0
20.1
15.033333
5.033333
5.0
10.1
5.0
27.5
15.2
125.833333
10.066667
10.0
5.033333
5.0
10.1
15.0
137.0
20.033333
15.033333
5.0
15.133333
25.066667
5.1
10.1
5.066667
129.2
22.066667
15.1
159.833333
20.066667
161.766667
24.9
15.133333
15.033333
159.433333
5.0
51.966667
10.033333
142.033333
98.433333
5.0
10.0
10.033333
25.066667
5.1
143.866667
15.233333
20.2
107.533333
5.0
5.0
15.0
5.1
10.0
15.666667
5.1
10.033333
5.1
23.133333
5.033333
10.033333
10.2
10.033333
15.1
10.1
5.066667
25.633333
10.033333
30.1
15.066667
10.1
421.666667
25.066667
15.0
5.1
5.0
20.1
25.0
20.0
5.0
5.0
20.033333
10.0
20.0
20.033333
5.033333
15.133333
18.133333
5.066667
5.033333
5.0
15.0
10.0
5.0
25.166667
5.033333
20.0
20.166667
20.033333
10.0
5.0
20.033333
10.1
15.0
10.166667
15.0
10.0
14.0
5.0
137.0
34.4
16.633333
146.9
10.033333
11.0
137.133333
5.066667
15.166667
10.0
5.0
148.933333
25.0
5.166667
10.033333
15.033333
26.1
20.266667
5.0
10.066667
23.7
10.033333
5.033333
20.066667
15.1
15.1
5.033333
6.566667
147.1
5.033333
5.133333
5.033333
5.033333
15.0
10.066667
15.066667
86.333333
5.0
10.0
5.133333
15.033333
5.066667
5.0
10.0
5.033333
5.0
5.0
25.2
15.066667
15.066667
8.633333
20.033333
20.0
5.0
10.066667
31.566667
133.2
10.0
10.1
5.133333
104.933333
15.133333
5.1
5.066667
11.633333
20.1
15.0
20.1
5.0
15.033333
20.066667
5.033333
20.0
25.033333
5.066667
16.166667
33.433333
146.9
142.133333
384.166667
157.066667
151.933333
5.066667
5.1
5.033333
10.033333
5.0
15.0
15.2
5.033333
5.033333
5.033333
5.033333
17.133333
25.233333
10.033333
20.266667
30.133333
6.7
30.3
40.033333
80.366667
10.033333
20.066667
10.1
17.5
49.533333
10.033333
17.2
20.0
5.033333
5.066667
10.0
5.133333
15.1
20.166667
5.0
5.0
5.033333
20.066667
25.0
5.033333
25.066667
10.0
20.0
5.033333
10.0
5.0
10.0
5.0
15.066667
15.0
5.0
10.066667
20.1
20.1
15.066667
25.133333
5.033333
5.066667
20.033333
86.3
10.0
20.866667
64.133333
5.0
15.2
142.0
10.1
10.1
15.133333
141.966667
15.133333
6.533333
15.066667
94.333333
141.933333
163.566667
137.133333
136.966667
137.1
137.0
5.0
5.1
141.8
152.133333
15.1
5.033333
15.0
141.966667
17.6
20.033333
15.0
10.133333
5.0
5.0
15.066667
5.0
12.066667
15.1
20.0
10.066667
20.033333
27.4
5.1
5.1
15.0
8.133333
5.1
224.133333
20.1
58.766667
15.066667
136.966667
15.0
5.133333
10.0
10.066667
15.0
16.533333
16.566667
5.033333
5.0
5.0
5.1
5.033333
15.1
26.266667
50.333333
5.033333
20.1
18.8
10.033333
20.0
15.1
20.166667
10.033333
5.033333
5.1
15.033333
25.0
5.1
5.133333
5.1
5.1
5.0
15.0
26.3
20.033333
20.133333
5.066667
25.0
15.033333
15.033333
10.0
25.1
6.833333
5.166667
99.833333
5.0
10.1
5.033333
5.066667
15.1
37.566667
30.133333
147.1
5.0
5.033333
10.1
233.733333
283.833333
147.0
5.1
280.466667
15.0
14.3
15.233333
163.266667
5.066667
5.066667
5.066667
15.166667
6.233333
30.033333
10.0
5.1
5.0
15.0
15.0
5.066667
25.0
26.533333
20.0
5.0
5.0
5.033333
5.0
10.1
10.0
10.0
20.1
10.1
11.166667
146.966667
137.033333
147.0
20.033333
141.0
152.066667
142.0
10.066667
15.033333
20.0
8.1
10.133333
15.1
5.1
10.033333
10.133333
132.233333
5.033333
5.133333
10.066667
5.166667
25.066667
10.0
5.133333
10.0
16.433333
5.033333
136.866667
5.033333
35.666667
137.066667
152.0
142.0
10.066667
10.0
5.033333
20.0
5.1
15.066667
20.033333
5.033333
25.066667
5.033333
5.033333
5.133333
5.0
5.033333
5.2
15.1
15.0
10.166667
5.033333
10.166667
15.033333
15.033333
20.033333
10.133333
10.0
15.0
5.0
5.133333
5.1
20.3
576.766667
5.666667
142.0
137.0
157.066667
20.1
10.1
685.1
5.0
137.166667
15.033333
10.033333
25.033333
81.6
10.033333
5.033333
95.966667
20.1
15.066667
5.0
11.266667
15.2
11.166667
64.1
15.0
7.166667
15.033333
15.066667
5.133333
32.9
10.1
10.0
25.0
5.033333
152.166667
36.5
96.066667
5.033333
142.0
32.466667
393.066667
5.033333
273.9
15.0
10.033333
5.1
5.0
137.166667
137.0
5.166667
196.933333
5.033333
5.0
147.066667
15.033333
137.1
10.0
151.066667
136.9
25.0
136.8
153.9
20.233333
137.1
10.066667
15.233333
28.566667
20.066667
5.033333
15.066667
5.033333
5.033333
15.0
5.0
5.133333
7.1
10.0
20.0
5.0
134.633333
15.166667
15.0
21.266667
10.0
15.066667
137.166667
5.0
5.0
5.0
25.166667
5.033333
15.066667
5.033333
10.1
548.233333
11.1
5.1
10.033333
15.066667
136.966667
137.2
20.0
25.066667
25.366667
20.0
5.033333
10.1
15.966667
20.2
5.0
25.1
5.0
10.1
30.1
20.0
5.0
5.033333
15.033333
16.166667
5.033333
15.066667
5.0
15.066667
5.066667
15.066667
20.0
10.1
5.033333
15.1
5.033333
5.033333
20.033333
10.066667
22.533333
111.466667
5.2
10.033333
124.533333
15.066667
15.0
147.033333
5.1
5.066667
9.766667
33.866667
5.033333
5.0
20.0
10.1
15.066667
146.933333
25.0
74.166667
10.0
5.0
20.2
22.766667
10.0
5.066667
10.033333
15.066667
22.533333
147.1
20.033333
25.033333
10.166667
20.133333
15.066667
5.6
20.2
20.0
5.1
5.066667
25.133333
5.0
5.066667
20.0
15.1
5.0
5.033333
10.133333
5.0
15.0
13.333333
5.033333
5.0
11.4
5.1
10.033333
147.0
5.233333
12.866667
15.0
5.066667
10.2
137.033333
25.033333
6.766667
10.033333
10.1
25.1
7.833333
15.033333
10.0
10.2
10.066667
5.033333
5.0
5.066667
10.1
20.0
5.0
10.0
10.133333
147.0
10.133333
15.4
15.033333
21.366667
10.066667
15.0
15.066667
5.033333
5.0
20.066667
10.066667
10.0
15.133333
5.033333
5.033333
5.0
5.0
152.033333
16.166667
10.066667
127.366667
10.0
76.133333
5.0
120.333333
15.033333
10.1
5.0
10.0
5.0
20.033333
15.2
10.133333
5.0
5.0
16.233333
28.133333
5.066667
64.766667
5.1
15.133333
5.066667
15.2
137.0
5.0
27.533333
10.033333
20.066667
5.033333
55.133333
25.0
5.066667
25.0
5.066667
14.866667
142.133333
15.033333
87.4
5.0
152.0
10.0
5.0
10.0
10.033333
10.033333
10.1
6.866667
5.033333
5.0
5.0
10.1
6.133333
15.233333
25.0
142.0
25.066667
146.966667
15.0
23.133333
136.766667
5.066667
5.0
152.0
10.1
142.133333
5.033333
98.066667
116.366667
5.066667
5.1
10.033333
548.133333
15.1
10.066667
10.0
10.033333
56.433333
20.033333
142.066667
10.066667
15.133333
20.0
20.133333
12.666667
5.066667
5.033333
10.033333
20.0
20.333333
5.0
45.433333
25.2
10.0
8.433333
5.033333
25.0
10.0
15.1
20.133333
5.0
15.033333
548.033333
15.2
10.066667
5.0
5.033333
5.0
10.0
10.066667
5.066667
15.133333
15.0
16.966667
5.033333
146.933333
146.766667
157.066667
15.033333
10.066667
15.133333
5.066667
15.0
11.733333
5.166667
20.0
5.033333
20.133333
45.8
15.233333
17.166667
15.1
5.0
10.1
63.533333
11.733333
20.1
5.066667
25.233333
25.166667
141.933333
137.2
10.166667
5.066667
20.0
15.066667
20.0
15.0
15.0
5.033333
27.666667
29.8
20.3
10.1
147.0
10.033333
5.066667
15.1
20.266667
25.533333
152.0
5.033333
15.066667
5.033333
5.033333
15.0
26.466667
5.033333
15.0
5.033333
5.033333
10.133333
23.433333
25.233333
5.0
20.2
553.3
5.1
5.066667
5.0
10.066667
5.1
16.5
87.7
137.066667
15.233333
147.0
5.133333
15.033333
6.033333
20.066667
15.066667
5.0
16.633333
5.066667
20.066667
5.0
15.066667
5.1
5.2
10.166667
25.0
10.1
5.1
139.733333
25.166667
20.033333
5.0
26.533333
15.133333
10.066667
10.0
10.066667
15.133333
5.066667
20.0
5.033333
15.133333
20.066667
25.133333
5.0
5.0
10.1
5.1
553.1
10.0
10.033333
5.133333
5.033333
15.133333
15.033333
5.033333
5.066667
10.066667
20.1
5.033333
25.133333
5.066667
10.133333
25.066667
5.133333
5.0
17.166667
78.766667
10.033333
5.0
10.066667
47.633333
25.0
5.0
5.0
5.0
10.033333
15.066667
5.033333
5.0
21.433333
15.0
5.066667
15.066667
25.066667
15.066667
5.066667
5.033333
15.133333
5.0
553.266667
10.0
122.366667
15.0
5.033333
10.033333
136.9
137.033333
15.566667
20.133333
5.166667
5.0
75.133333
15.133333
5.1
10.066667
20.0
5.1
137.0
25.066667
174.166667
10.766667
5.066667
131.433333
10.066667
20.0
10.133333
15.266667
20.066667
20.0
16.3
5.033333
5.066667
5.0
5.0
13.433333
25.1
20.166667
5.1
5.2
10.033333
20.2
25.066667
5.1
5.033333
16.333333
10.0
16.066667
15.066667
15.133333
10.0
142.033333
5.066667
142.166667
137.033333
274.033333
5.0
10.133333
5.166667
142.1
15.1
10.033333
10.066667
25.0
10.0
10.033333
15.0
5.166667
10.0
16.4
5.733333
5.033333
15.133333
20.1
25.0
20.166667
15.066667
25.133333
5.066667
10.033333
25.166667
5.033333
8.666667
5.0
5.133333
15.2
700.233333
5.033333
137.2
10.0
10.466667
5.033333
15.1
20.0
10.0
548.333333
20.2
79.766667
5.066667
54.633333
148.133333
15.1
15.066667
10.066667
28.266667
15.0
563.266667
26.733333
234.266667
136.933333
5.0
15.066667
6.633333
5.1
25.233333
5.0
5.033333
25.8
6.466667
7.0
10.1
10.033333
15.066667
10.1
23.566667
157.3
5.1
20.1
137.1
140.7
15.133333
284.033333
23.733333
20.133333
5.0
15.0
25.0
20.033333
10.0
13.366667
5.0
10.0
15.166667
5.0
10.0
17.433333
15.0
10.1
151.9
25.033333
5.0
10.066667
15.0
10.066667
20.0
10.166667
5.033333
20.0
6.633333
119.566667
20.066667
152.033333
148.2
5.133333
20.033333
5.033333
15.066667
5.1
16.366667
146.466667
137.133333
20.133333
147.133333
147.033333
5.0
284.0
283.966667
5.133333
147.1
5.066667
5.033333
20.0
5.0
10.133333
16.266667
15.1
5.1
141.966667
5.066667
5.0
289.2
20.0
5.033333
5.033333
20.1
15.033333
5.1
6.233333
20.033333
51.0
5.0
5.066667
10.0
10.0
100.1
137.366667
25.1
5.066667
5.1
5.033333
10.033333
5.133333
10.033333
20.833333
10.066667
25.133333
117.766667
35.7
20.1
472.5
20.0
283.9
20.1
284.166667
25.0
16.133333
15.033333
20.033333
5.0
5.033333
15.133333
10.133333
5.033333
5.033333
15.166667
25.1
5.133333
15.133333
20.0
5.033333
15.0
5.1
10.0
5.0
152.033333
15.133333
149.2
169.766667
20.066667
137.033333
10.066667
10.066667
5.033333
5.033333
5.033333
5.133333
5.0
10.033333
15.133333
5.133333
15.066667
5.033333
10.133333
5.0
5.033333
5.133333
5.0
5.0
10.1
5.0
15.166667
25.2
67.033333
20.133333
10.0
10.166667
5.033333
10.133333
5.1
10.266667
22.366667
142.0
15.066667
15.033333
157.133333
15.066667
157.066667
10.1
136.966667
16.4
142.033333
141.833333
130.166667
10.066667
20.0
5.1
20.0
20.133333
15.066667
15.033333
30.666667
15.166667
10.033333
5.166667
15.2
25.066667
15.0
20.266667
25.0
20.066667
5.0
10.166667
5.0
41.066667
22.333333
142.033333
5.133333
137.166667
5.0
5.066667
20.0
10.033333
5.0
15.033333
20.033333
142.066667
5.0
220.6
5.0
5.133333
20.1
147.0
15.066667
147.066667
137.0
20.033333
5.1
5.033333
15.033333
10.133333
10.0
5.1
11.233333
43.633333
152.133333
5.066667
5.1
142.0
15.0
25.166667
5.066667
27.933333
5.033333
548.166667
12.166667
15.233333
10.066667
5.0
15.166667
34.7
5.033333
5.0
157.233333
5.0
5.066667
20.033333
15.033333
5.066667
5.0
5.0
23.933333
5.1
10.2
6.433333
10.033333
553.3
5.0
5.033333
15.033333
5.033333
10.066667
136.966667
15.066667
137.033333
5.0
10.2
10.1
20.0
5.033333
10.066667
20.066667
15.0
5.1
5.0
14.466667
20.033333
15.1
5.033333
10.033333
20.033333
10.0
15.1
15.166667
5.033333
256.466667
5.033333
558.233333
15.066667
5.0
15.166667
15.1
5.066667
5.133333
5.033333
11.933333
147.066667
5.033333
10.0
152.233333
15.2
20.1
20.666667
10.066667
147.0
11.433333
15.1
148.966667
5.0
20.0
20.1
10.066667
5.033333
5.066667
10.033333
5.033333
10.066667
10.133333
15.033333
5.0
15.033333
14.2
553.2
26.166667
5.133333
5.0
142.033333
247.433333
15.066667
20.1
5.033333
5.1
170.966667
42.8
5.0
20.0
5.1
10.233333
21.8
10.066667
5.066667
10.166667
8.7
26.633333
11.166667
5.0
5.0
5.0
137.6
5.0
5.033333
137.0
147.166667
137.033333
5.1
134.566667
5.0
147.166667
20.033333
5.066667
5.033333
15.033333
15.033333
5.0
15.0
15.033333
15.066667
5.033333
5.066667
20.0
5.1
11.066667
5.0
5.0
5.033333
5.0
20.066667
10.0
15.1
146.9
137.0
488.733333
5.066667
15.066667
5.066667
20.133333
5.066667
15.0
5.0
5.0
15.0
5.1
5.033333
25.166667
25.033333
15.1
15.033333
15.0
142.033333
10.0
16.833333
15.1
10.033333
152.066667
142.166667
20.033333
25.133333
15.266667
20.166667
137.066667
20.066667
15.033333
20.166667
142.033333
147.0
10.033333
20.3
136.833333
141.9
5.0
5.0
25.1
27.0
15.2
10.033333
25.0
25.0
20.033333
35.866667
188.833333
5.066667
15.0
25.133333
5.0
15.133333
5.066667
5.0
10.066667
5.066667
10.033333
5.0
142.0
20.2
5.0
137.033333
20.133333
5.0
5.1
5.0
5.0
25.066667
10.0
5.066667
5.1
20.0
25.133333
11.066667
5.033333
5.9
75.3
15.033333
5.066667
5.033333
5.033333
151.933333
157.066667
15.1
142.266667
15.2
142.266667
142.033333
10.0
10.0
20.133333
10.0
13.6
5.033333
24.766667
5.066667
5.0
25.5
32.133333
98.3
5.166667
10.033333
149.8
5.0
5.0
10.0
20.033333
5.033333
21.033333
275.2
20.133333
5.0
5.033333
16.833333
15.2
5.466667
5.0
5.0
20.166667
10.066667
10.033333
15.133333
5.1
10.1
5.0
5.033333
5.1
47.266667
20.0
15.0
10.133333
10.1
5.1
22.233333
10.133333
25.0
15.0
5.066667
15.133333
5.0
48.566667
31.866667
10.166667
11.733333
15.0
20.166667
15.133333
5.066667
5.133333
10.0
20.166667
15.033333
15.0
6.366667
10.033333
25.166667
15.033333
15.0
24.2
5.1
15.0
10.166667
15.0
5.066667
10.0
5.066667
25.0
15.2
5.0
10.066667
10.0
5.033333
5.0
15.1
5.0
15.0
10.033333
20.0
10.066667
5.1
5.1
5.1
15.066667
15.0
5.0
10.033333
20.0
10.0
27.533333
15.133333
129.666667
15.366667
245.133333
142.2
5.033333
5.2
5.1
217.933333
137.0
5.033333
15.066667
279.033333
136.9
25.066667
10.033333
20.2
15.1
5.1
10.066667
25.166667
20.033333
22.033333
10.066667
201.1
50.633333
245.033333
5.166667
15.166667
162.0
20.866667
137.166667
15.166667
10.1
5.033333
5.033333
20.133333
5.166667
15.1
67.4
160.433333
283.933333
15.066667
5.1
5.0
11.533333
278.933333
27.566667
5.0
10.1
5.033333
18.533333
10.0
136.966667
13.1
129.433333
156.966667
192.133333
176.2
10.166667
5.066667
5.0
5.133333
15.133333
10.0
10.066667
5.166667
230.966667
15.066667
20.066667
5.033333
5.1
141.9
142.033333
5.1
10.933333
5.0
20.0
18.1
10.066667
136.933333
5.133333
10.1
5.0
5.066667
123.4
20.0
25.0
5.0
15.0
15.033333
17.5
10.0
15.1
5.033333
6.1
15.166667
5.1
20.066667
16.966667
10.233333
5.033333
20.266667
60.6
5.0
20.0
28.633333
9.233333
149.833333
5.0
207.233333
20.0
147.0
137.066667
146.9
147.166667
433.366667
146.966667
10.166667
10.0
5.066667
199.2
30.1
5.0
5.066667
15.0
5.0
5.133333
5.033333
20.233333
5.0
10.0
25.133333
10.033333
10.0
25.933333
5.133333
20.066667
15.1
20.233333
5.033333
89.466667
5.033333
15.033333
5.033333
136.966667
25.2
5.033333
5.033333
142.033333
137.066667
137.033333
137.066667
20.033333
5.066667
70.633333
15.033333
5.066667
20.0
10.133333
5.033333
10.133333
15.033333
10.166667
5.0
20.033333
5.033333
20.133333
15.1
25.033333
20.033333
21.333333
15.366667
10.033333
5.233333
24.966667
89.233333
548.2
75.933333
553.166667
553.433333
15.0
5.033333
15.033333
20.066667
10.2
10.1
5.233333
15.1
25.1
20.0
25.133333
20.066667
5.1
15.033333
10.0
15.033333
10.0
54.066667
61.5
15.1
147.066667
15.0
10.166667
5.1
20.033333
10.033333
55.966667
5.1
142.1
152.0
15.1
127.933333
5.033333
20.033333
10.033333
15.0
152.166667
15.033333
5.033333
10.0
16.033333
5.0
15.033333
5.066667
136.933333
20.066667
5.033333
25.366667
5.1
15.033333
10.2
15.0
25.0
15.1
6.833333
70.9
10.033333
137.0
71.2
5.033333
10.066667
5.0
5.1
10.066667
15.133333
5.066667
5.0
15.066667
15.1
15.033333
10.033333
10.133333
5.033333
10.066667
474.733333
15.166667
133.1
137.066667
6.033333
15.033333
25.1
5.033333
20.133333
25.033333
15.2
157.233333
5.033333
5.0
548.4
10.1
20.266667
10.133333
10.233333
5.0
5.033333
16.733333
15.1
10.0
20.033333
10.033333
16.3
10.066667
157.7
5.0
10.0
137.0
15.066667
5.033333
15.066667
15.033333
20.0
10.2
5.0
25.033333
5.033333
12.133333
45.1
5.366667
10.1
5.066667
5.133333
20.166667
5.066667
148.1
15.133333
10.0
10.066667
5.1
5.0
12.333333
5.1
51.766667
15.633333
268.9
5.033333
147.066667
10.033333
5.0
72.833333
152.2
5.1
16.266667
17.766667
15.133333
5.066667
25.066667
10.0
11.466667
5.033333
5.0
5.033333
5.0
20.0
136.866667
5.0
20.0
16.566667
20.0
10.066667
26.166667
7.0
26.866667
137.1
143.666667
5.1
5.133333
11.866667
416.0
416.0
695.366667
53.5
6.166667
5.0
394.833333
5.0
10.066667
5.1
5.0
10.033333
151.933333
15.0
28.2
11.166667
5.1
5.066667
10.1
5.033333
116.6
5.066667
20.233333
5.033333
5.033333
5.033333
20.2
25.0
20.1
141.133333
10.066667
18.266667
10.033333
15.033333
10.233333
11.0
20.0
96.533333
5.066667
20.066667
5.1
10.0
553.266667
15.0
10.066667
25.066667
5.0
20.2
5.066667
5.0
25.1
5.033333
15.066667
103.033333
15.166667
5.033333
6.833333
5.033333
10.033333
110.0
10.1
10.2
20.1
5.033333
10.1
18.7
90.833333
20.0
10.0
6.1
15.133333
15.0
5.033333
20.033333
17.233333
10.133333
5.0
10.033333
10.0
25.066667
20.133333
75.966667
20.033333
10.033333
20.033333
5.0
10.033333
20.033333
25.133333
5.033333
16.633333
15.1
10.0
15.066667
20.0
10.066667
5.033333
15.133333
548.2
5.0
10.066667
20.1
15.066667
10.066667
20.1
15.0
24.2
15.066667
25.0
5.033333
10.066667
10.0
10.066667
10.2
10.1
18.133333
10.133333
15.2
20.1
5.033333
15.033333
10.0
149.4
147.0
15.466667
15.1
5.033333
20.0
20.133333
15.933333
5.0
5.0
10.033333
10.033333
5.033333
10.366667
15.033333
15.0
5.033333
15.0
10.133333
39.2
20.066667
17.033333
50.833333
15.1
21.366667
48.0
10.033333
5.0
25.033333
10.1
22.033333
25.2
15.033333
5.033333
10.033333
5.1
20.0
5.033333
5.066667
15.133333
15.0
5.066667
15.066667
5.066667
15.1
20.0
20.033333
25.0
15.133333
5.133333
5.066667
11.133333
15.0
5.066667
26.033333
15.133333
10.1
15.0
128.166667
22.2
11.5
36.933333
15.066667
10.033333
10.066667
8.8
5.033333
27.333333
5.033333
74.0
5.0
20.0
25.133333
20.666667
5.1
5.033333
9.133333
5.0
5.066667
20.0
10.066667
6.333333
7.2
5.066667
5.0
10.2
20.066667
5.1
30.433333
152.033333
40.8
5.033333
5.033333
154.333333
5.1
5.033333
5.066667
85.933333
11.566667
20.033333
5.033333
20.133333
10.066667
25.033333
15.0
22.133333
5.133333
5.033333
15.033333
10.166667
21.266667
20.0
147.033333
142.066667
153.9
136.966667
5.133333
177.8
129.9
5.033333
283.833333
5.1
15.0
10.0
10.033333
15.0
10.166667
6.133333
21.8
5.0
5.066667
5.166667
5.166667
10.033333
10.1
16.4
23.533333
5.033333
5.066667
5.1
10.0
15.166667
20.133333
20.1
15.166667
20.266667
5.033333
5.033333
10.166667
5.0
147.066667
33.433333
5.466667
15.033333
141.866667
5.033333
10.0
20.0
22.066667
10.0
31.233333
15.0
5.033333
152.066667
15.0
10.133333
553.266667
122.933333
28.266667
5.066667
26.066667
5.0
10.066667
5.0
5.033333
152.1
10.033333
15.0
21.4
10.1
5.066667
15.1
15.2
25.066667
7.633333
20.133333
5.166667
5.066667
15.0
25.0
142.1
6.633333
15.066667
93.833333
10.0
141.933333
20.0
5.0
10.0
5.0
15.066667
10.066667
5.0
25.433333
24.1
5.1
10.033333
5.133333
5.0
15.033333
15.1
5.0
15.0
5.033333
10.0
5.033333
15.666667
52.2
15.233333
15.133333
142.0
153.5
10.066667
15.0
5.033333
15.0
10.0
5.033333
5.0
21.166667
5.033333
553.233333
55.166667
5.033333
5.066667
15.0
141.933333
5.033333
142.033333
142.0
142.033333
5.1
20.133333
10.033333
157.133333
15.033333
20.0
20.2
10.066667
67.033333
10.0
5.0
262.766667
10.0
10.033333
5.066667
20.1
5.0
15.033333
10.133333
5.033333
20.1
15.0
15.133333
20.266667
10.066667
20.066667
20.066667
5.066667
251.866667
10.0
282.866667
5.033333
78.233333
27.066667
289.266667
5.1
15.033333
301.633333
15.0
25.033333
10.0
15.133333
5.033333
5.066667
88.366667
20.1
15.0
136.9
155.766667
15.0
157.066667
147.066667
20.0
5.066667
37.866667
133.166667
10.0
143.533333
137.033333
208.6
5.066667
10.0
5.0
274.066667
5.033333
16.533333
146.8
10.0
5.033333
5.0
5.033333
146.966667
15.066667
5.0
5.0
149.633333
5.0
5.033333
15.066667
10.0
15.666667
15.066667
5.0
10.033333
11.533333
83.033333
15.033333
5.066667
10.1
5.033333
5.1
5.133333
152.1
152.1
142.066667
15.133333
151.966667
5.033333
15.266667
5.1
20.0
10.033333
20.166667
10.133333
20.033333
15.166667
25.233333
22.333333
20.0
15.0
20.1
5.0
5.0
5.033333
20.466667
15.166667
10.0
15.0
25.1
15.0
20.066667
5.133333
10.033333
25.1
5.0
27.5
20.0
10.066667
154.966667
15.033333
20.2
5.033333
10.033333
20.133333
15.1
5.0
20.0
16.466667
15.033333
5.033333
5.033333
10.2
5.033333
133.8
10.0
15.1
16.5
20.1
54.466667
142.2
142.033333
15.0
5.033333
10.133333
15.066667
18.233333
5.033333
5.066667
25.033333
25.166667
15.0
10.266667
10.1
10.033333
5.0
37.066667
5.1
142.0
6.266667
65.233333
5.033333
5.033333
10.033333
137.0
15.133333
20.033333
5.0
141.933333
5.0
22.566667
5.0
10.066667
30.266667
15.066667
5.066667
5.1
11.566667
89.833333
10.033333
161.266667
10.033333
21.666667
15.133333
20.066667
15.133333
10.066667
15.2
25.066667
151.966667
25.1
5.0
10.0
20.066667
25.033333
13.833333
104.066667
5.166667
10.033333
20.1
140.9
15.166667
5.433333
5.0
20.1
5.066667
20.0
67.933333
15.033333
51.733333
147.0
137.066667
15.0
157.133333
141.9
136.966667
5.0
157.233333
157.2
5.166667
137.033333
5.133333
5.033333
10.1
15.066667
132.9
146.4
147.133333
282.7
5.1
5.033333
5.066667
10.033333
5.1
36.7
84.766667
154.133333
151.966667
15.066667
137.066667
15.0
10.0
5.033333
10.033333
5.033333
5.066667
25.2
10.0
15.133333
15.033333
10.1
13.633333
147.066667
21.033333
142.033333
5.0
15.2
15.0
5.033333
149.166667
137.033333
20.033333
5.066667
21.5
25.133333
20.133333
5.0
15.133333
5.066667
5.0
5.0
5.1
17.0
20.0
10.033333
25.1
5.0
15.133333
10.0
10.1
20.0
15.0
5.733333
10.033333
157.066667
5.1
142.133333
5.033333
136.966667
10.1
10.0
11.933333
102.633333
5.1
5.066667
274.033333
37.533333
5.1
10.066667
20.233333
5.1
78.133333
5.1
15.066667
5.1
5.133333
10.066667
5.066667
20.233333
10.233333
5.033333
20.133333
20.1
15.166667
5.0
5.1
6.633333
10.0
15.1
25.033333
15.066667
20.1
5.033333
15.133333
5.033333
5.133333
5.0
5.0
5.0
10.066667
10.033333
5.066667
5.0
5.1
5.0
335.433333
5.033333
20.033333
5.0
5.1
10.066667
10.033333
10.166667
5.0
5.1
20.133333
5.0
15.0
5.0
12.4
10.1
20.166667
5.033333
15.0
70.4
5.033333
5.166667
10.066667
30.0
553.2
5.033333
72.3
11.633333
15.0
5.066667
20.0
25.033333
212.033333
92.333333
5.066667
5.033333
5.033333
15.133333
10.133333
15.066667
10.133333
5.033333
20.233333
25.2
20.0
15.166667
20.166667
10.033333
5.1
20.3
30.033333
10.0
20.566667
10.033333
15.033333
88.333333
156.233333
16.033333
10.066667
5.0
15.133333
15.033333
5.066667
10.0
15.166667
20.3
5.133333
25.033333
25.2
10.066667
5.033333
15.433333
15.066667
5.066667
111.0
20.233333
6.533333
15.033333
137.1
5.0
5.033333
11.5
5.0
15.0
5.066667
5.0
5.033333
20.066667
15.133333
25.333333
10.166667
10.066667
15.033333
25.066667
5.0
147.133333
15.133333
10.066667
5.133333
6.166667
62.6
20.2
21.866667
16.4
152.1
20.1
15.0
25.1
15.133333
124.633333
141.933333
5.066667
10.0
23.966667
136.8
5.133333
149.533333
15.133333
10.133333
5.0
151.733333
146.1
55.966667
42.466667
76.866667
5.0
78.633333
5.033333
10.033333
112.666667
6.133333
10.033333
132.933333
15.066667
5.033333
10.033333
15.2
10.166667
5.166667
5.0
5.033333
20.1
15.2
10.0
5.033333
5.033333
20.033333
5.133333
142.0
142.166667
137.066667
5.033333
136.9
152.033333
10.0
5.0
147.033333
5.1
10.066667
10.1
5.0
15.0
5.1
14.4
5.0
23.833333
10.1
19.066667
51.7
25.3
21.9
10.033333
15.066667
25.033333
5.066667
5.0
152.133333
10.0
5.1
193.533333
15.1
10.1
122.3
157.2
10.0
5.0
142.033333
151.933333
15.033333
5.0
5.033333
15.033333
20.033333
10.033333
5.033333
5.0
20.066667
5.033333
5.066667
15.1
10.033333
5.2
10.033333
5.133333
15.133333
5.133333
10.033333
5.033333
11.133333
15.066667
20.1
10.033333
20.033333
5.033333
20.1
10.2
10.066667
20.0
15.133333
15.033333
5.066667
141.833333
5.133333
20.233333
5.0
5.033333
5.033333
20.6
20.1
20.0
5.133333
5.033333
5.133333
5.1
15.0
25.133333
10.0
20.1
5.033333
5.0
5.0
15.033333
5.0
10.0
15.233333
25.066667
5.033333
15.1
15.1
20.066667
142.0
15.1
5.033333
20.0
5.166667
20.133333
10.0
10.1
5.033333
15.066667
5.066667
10.1
20.0
179.933333
15.0
16.266667
5.0
15.0
152.033333
5.066667
13.9
20.166667
167.333333
10.066667
5.0
5.0
12.766667
10.0
137.066667
5.066667
5.033333
284.0
5.0
15.0
5.0
5.066667
16.666667
10.0
10.766667
20.033333
15.1
147.066667
5.033333
5.133333
14.4
5.066667
5.0
5.0
15.166667
137.033333
26.333333
10.1
128.666667
5.1
15.0
5.166667
10.033333
5.0
5.066667
10.133333
5.0
23.533333
10.033333
25.133333
20.0
5.1
15.0
12.666667
10.033333
10.066667
15.033333
5.033333
147.5
20.166667
157.2
5.0
5.066667
10.0
10.166667
20.0
139.4
10.033333
20.066667
5.033333
15.0
5.0
13.6
25.0
152.1
12.1
10.166667
50.333333
50.2
141.933333
15.033333
117.4
20.0
6.366667
15.0
10.1
15.166667
23.166667
10.066667
20.133333
5.133333
5.0
5.1
20.1
5.066667
20.033333
5.066667
15.166667
25.0
15.033333
20.066667
5.0
5.0
15.0
15.066667
5.033333
5.033333
5.066667
11.9
5.033333
16.633333
10.066667
20.1
10.1
74.9
5.0
15.1
20.0
147.0
15.1
15.0
13.533333
5.233333
5.1
5.066667
120.733333
152.066667
10.066667
148.5
75.433333
5.133333
10.0
5.066667
15.166667
5.0
10.033333
10.1
20.0
5.1
5.0
22.233333
5.033333
5.0
20.0
5.033333
15.066667
5.0
5.033333
5.066667
20.033333
10.033333
5.066667
10.0
5.0
5.066667
5.066667
5.0
5.033333
10.166667
13.533333
15.0
10.133333
5.1
5.066667
15.133333
97.733333
5.066667
5.033333
15.0
10.0
20.0
30.1
5.0
11.166667
5.0
10.1
10.066667
12.566667
10.133333
20.1
10.0
5.1
10.133333
20.166667
10.0
5.133333
6.233333
136.766667
25.1
11.133333
15.0
25.1
10.033333
29.466667
137.033333
136.933333
142.0
142.033333
20.233333
9.366667
15.0
5.0
10.1
5.033333
20.066667
10.133333
20.0
20.6
10.0
15.1
5.1
5.1
5.033333
10.033333
5.0
5.033333
20.066667
5.0
5.1
10.1
10.066667
25.033333
15.166667
5.066667
5.1
10.0
5.0
5.066667
20.066667
10.033333
15.933333
5.133333
154.733333
5.0
15.066667
283.933333
20.066667
142.0
10.033333
15.033333
20.0
25.1
6.333333
5.066667
28.033333
15.0
147.033333
10.033333
5.0
11.066667
5.0
15.033333
5.066667
20.133333
142.0
151.833333
5.0
15.033333
15.033333
10.1
10.1
5.166667
25.3
20.1
20.0
5.066667
10.133333
10.0
15.1
5.166667
5.0
5.0
10.066667
5.0
10.033333
5.066667
5.0
10.0
25.1
15.166667
15.066667
20.033333
27.2
5.0
15.033333
19.7
5.066667
5.0
5.033333
5.0
5.0
15.033333
20.2
5.0
5.0
10.033333
20.0
10.0
548.166667
23.1
20.033333
21.933333
15.0
10.1
5.066667
5.0
15.0
15.066667
10.1
20.0
25.066667
227.266667
15.1
5.0
5.033333
10.166667
10.133333
15.066667
5.1
44.866667
25.033333
157.266667
284.033333
10.166667
5.033333
5.0
5.0
5.033333
15.8
20.033333
152.033333
10.0
156.833333
5.2
137.133333
137.033333
128.633333
10.2
278.8
15.033333
20.1
15.066667
5.0
10.0
10.0
5.066667
20.233333
16.4
15.033333
58.033333
5.133333
35.133333
30.133333
137.133333
15.633333
34.433333
123.733333
141.933333
162.1
5.166667
141.966667
141.9
10.066667
33.166667
5.066667
5.166667
60.866667
62.2
10.1
5.066667
11.866667
5.0
25.066667
13.7
43.2
20.166667
123.3
151.933333
5.066667
15.0
10.0
35.533333
15.033333
279.0
20.166667
5.0
5.1
10.0
20.1
15.0
279.166667
5.1
15.033333
20.0
137.233333
5.1
152.566667
142.033333
5.066667
10.166667
147.0
15.166667
147.0
151.4
25.0
152.133333
18.633333
6.3
5.033333
10.033333
10.1
5.033333
10.0
9.333333
5.0
10.2
5.133333
118.8
20.033333
5.233333
10.0
5.0
22.133333
10.0
15.0
5.066667
20.133333
5.033333
10.066667
10.0
10.0
20.133333
5.033333
15.133333
136.966667
10.066667
5.0
5.133333
5.033333
5.033333
10.066667
25.1
158.933333
20.066667
10.0
152.0
20.1
137.0
142.0
10.2
131.1
15.066667
5.033333
15.0
10.133333
20.033333
19.6
20.066667
16.466667
95.466667
5.033333
5.0
20.0
10.033333
5.1
5.066667
98.566667
132.0
10.1
5.1
40.2
15.2
5.1
5.033333
10.0
548.166667
20.766667
5.133333
30.966667
11.233333
20.133333
5.166667
110.9
10.066667
5.0
5.0
156.866667
17.3
15.0
15.0
5.133333
20.033333
5.133333
15.0
10.066667
25.2
5.066667
15.033333
17.066667
10.1
38.8
15.133333
25.0
20.266667
134.066667
10.0
5.033333
5.033333
10.166667
10.033333
15.033333
15.1
15.0
5.066667
5.0
15.133333
10.066667
15.0
52.266667
5.066667
15.066667
137.033333
20.266667
10.033333
10.166667
6.866667
278.966667
25.0
15.133333
5.033333
20.133333
11.166667
19.833333
5.1
553.333333
13.2
147.066667
20.133333
23.333333
123.1
25.066667
5.1
15.0
20.066667
20.033333
25.1
20.233333
19.266667
5.033333
20.1
10.0
16.1
21.166667
5.166667
5.033333
548.166667
15.1
15.0
5.166667
10.033333
15.0
27.2
44.466667
15.066667
20.033333
5.0
10.033333
15.1
15.033333
10.1
5.1
15.133333
10.066667
10.033333
39.433333
5.0
147.0
25.133333
22.633333
70.666667
10.133333
92.7
8.633333
40.2
5.033333
10.0
15.1
15.0
5.0
15.033333
5.166667
5.1
10.066667
25.033333
5.033333
25.166667
15.0
5.133333
20.1
21.466667
131.533333
10.033333
15.1
131.233333
5.066667
194.566667
162.3
139.066667
20.133333
15.0
10.1
44.033333
10.0
10.1
15.2
5.233333
39.466667
67.6
5.0
5.033333
15.033333
25.033333
5.033333
15.0
10.0
15.166667
10.0
15.033333
10.066667
16.866667
32.6
5.033333
20.0
137.1
5.0
13.4
25.1
5.0
15.0
12.166667
171.433333
15.0
97.166667
15.033333
5.033333
5.0
20.1
5.033333
15.1
10.0
5.0
10.166667
20.166667
5.1
10.066667
162.066667
10.233333
15.066667
15.133333
11.6
31.6
137.0
5.133333
10.1
5.1
156.933333
15.066667
5.033333
5.1
137.0
5.033333
137.1
20.2
5.0
137.033333
20.033333
22.066667
10.033333
25.133333
75.933333
10.2
10.0
13.533333
54.4
241.366667
18.7
65.433333
25.166667
103.3
15.1
5.033333
15.0
15.066667
5.033333
15.033333
10.066667
5.1
5.1
5.133333
20.033333
5.0
10.066667
5.0
10.0
5.0
20.233333
20.2
20.1
20.033333
17.433333
15.1
20.033333
5.233333
10.033333
5.066667
10.066667
10.133333
5.033333
5.033333
137.0
5.1
142.066667
157.1
10.1
5.1
5.0
10.1
43.233333
10.0
5.166667
5.1
5.0
5.0
25.066667
15.133333
10.0
5.1
10.166667
5.033333
5.1
10.033333
173.8
152.3
15.1
10.0
143.766667
10.1
5.066667
284.2
548.2
5.066667
25.066667
10.0
15.0
5.033333
10.066667
15.0
5.066667
548.3
141.9
5.1
5.0
15.0
10.0
31.833333
5.033333
10.1
15.0
25.1
5.1
5.133333
15.033333
15.133333
21.066667
5.1
15.033333
20.1
147.1
34.866667
15.9
8.833333
44.4
10.0
20.0
20.066667
10.0
7.833333
5.033333
5.0
5.1
10.0
6.933333
99.833333
181.933333
20.066667
20.0
25.166667
15.0
5.0
10.166667
17.5
141.9
10.133333
150.433333
137.033333
15.033333
240.733333
259.133333
15.0
141.833333
5.0
5.033333
20.066667
5.033333
15.166667
5.033333
5.066667
10.166667
10.166667
5.066667
11.5
15.2
5.066667
8.566667
5.0
15.166667
10.1
25.0
25.133333
52.9
5.0
5.066667
10.033333
20.0
5.033333
5.033333
30.533333
74.7
143.4
166.433333
15.0
30.2
21.266667
250.3
147.033333
15.066667
20.0
142.266667
15.533333
15.066667
5.033333
20.0
15.0
20.1
10.066667
25.066667
15.033333
12.866667
10.033333
5.033333
5.166667
5.033333
20.1
10.1
15.1
20.066667
10.033333
10.0
5.066667
5.066667
5.0
10.166667
5.033333
5.033333
5.2
20.0
10.2
10.066667
20.0
13.433333
10.033333
5.066667
10.066667
5.066667
15.133333
5.0
5.033333
5.133333
5.0
15.166667
129.733333
16.033333
15.066667
5.0
15.066667
25.066667
5.133333
44.766667
117.466667
137.033333
20.033333
5.0
15.0
20.2
25.266667
38.8
5.0
10.0
10.0
5.033333
20.166667
157.166667
10.066667
10.0
21.5
5.133333
5.2
10.033333
15.066667
41.9
21.766667
5.033333
17.766667
278.133333
5.0
15.0
137.166667
278.966667
269.066667
5.166667
10.0
5.0
20.066667
5.166667
20.166667
15.133333
10.1
10.066667
20.033333
20.066667
10.033333
5.066667
10.0
5.0
5.066667
30.133333
10.066667
15.333333
6.966667
15.1
71.966667
5.033333
25.066667
15.0
13.8
43.133333
28.566667
29.9
154.733333
20.066667
10.1
5.033333
5.033333
20.1
16.566667
15.166667
5.166667
24.066667
5.1
109.333333
152.033333
6.533333
15.033333
20.166667
5.033333
104.066667
5.1
86.866667
10.1
15.033333
192.266667
295.733333
25.066667
89.9
9.633333
10.033333
19.866667
136.933333
137.066667
15.066667
30.266667
20.033333
10.0
5.133333
5.166667
5.0
32.933333
147.0
10.0
10.033333
165.9
5.0
20.1
174.033333
92.966667
142.033333
15.0
5.1
157.066667
20.1
5.066667
136.933333
15.0
10.033333
10.166667
5.033333
120.133333
5.066667
15.066667
25.266667
76.7
5.033333
17.3
20.033333
5.033333
6.6
27.566667
25.166667
20.0
20.0
5.0
147.066667
5.0
10.033333
84.666667
6.4
20.0
5.066667
52.566667
10.033333
5.0
15.0
553.433333
11.866667
15.066667
162.466667
20.1
157.1
273.933333
5.0
15.033333
5.033333
15.066667
124.933333
20.166667
30.2
15.066667
5.066667
5.0
5.166667
15.166667
19.5
20.033333
5.0
15.033333
5.0
5.066667
134.966667
5.033333
5.266667
5.133333
25.033333
17.166667
15.033333
25.0
5.0
11.533333
5.033333
5.033333
36.233333
36.333333
10.0
137.1
25.1
25.066667
10.033333
5.133333
18.466667
5.0
20.066667
15.0
10.033333
20.133333
10.0
5.0
137.1
20.0
20.133333
26.366667
10.0
5.0
5.1
21.7
151.966667
138.766667
10.1
10.033333
10.133333
5.0
5.0
108.066667
20.0
5.1
5.066667
10.0
5.0
15.166667
20.233333
20.1
15.0
5.033333
20.0
5.1
5.0
23.133333
5.066667
146.266667
5.033333
19.366667
21.933333
16.0
153.9
10.033333
16.4
25.1
284.1
137.0
5.0
25.0
152.066667
10.0
5.1
10.033333
10.0
15.166667
10.0
16.333333
5.1
10.133333
15.066667
10.133333
15.133333
8.7
10.0
10.0
20.133333
20.0
20.133333
10.166667
5.066667
20.1
10.033333
20.133333
5.066667
20.266667
5.033333
20.0
15.2
15.033333
5.066667
20.1
15.133333
21.7
5.066667
12.433333
6.2
25.0
15.933333
5.033333
5.0
15.0
10.0
5.033333
17.333333
20.066667
5.133333
5.0
15.066667
11.3
152.033333
17.166667
5.133333
5.066667
5.033333
6.1
10.033333
5.0
15.033333
15.066667
5.1
5.033333
20.2
15.133333
5.0
5.0
21.333333
10.033333
553.266667
10.0
25.033333
5.133333
5.0
5.266667
5.0
5.0
10.166667
17.633333
10.0
5.133333
15.0
15.066667
5.0
20.033333
19.966667
5.066667
5.033333
15.0
5.0
10.1
5.033333
5.1
5.0
10.166667
15.166667
299.466667
20.1
5.0
5.066667
10.133333
553.133333
5.066667
15.0
5.066667
5.1
15.033333
5.066667
15.0
15.1
10.066667
25.133333
5.0
29.333333
22.633333
142.1
5.066667
10.1
43.333333
5.0
142.033333
10.066667
25.2
157.033333
25.033333
10.0
5.066667
15.1
5.066667
80.933333
5.1
10.1
10.066667
10.0
20.033333
10.0
5.066667
10.033333
5.0
5.133333
15.0
10.133333
10.166667
15.033333
20.066667
10.0
5.033333
15.1
15.033333
5.1
15.1
21.5
5.066667
40.833333
60.633333
16.6
151.966667
5.166667
147.0
25.233333
143.7
10.066667
6.2
49.333333
6.3
20.166667
75.1
5.1
111.233333
25.266667
5.133333
29.633333
5.0
15.166667
104.6
52.633333
142.0
5.066667
20.0
31.4
33.566667
10.1
15.3
27.433333
5.066667
5.0
5.033333
15.2
142.0
31.233333
10.0
10.0
10.0
5.066667
10.066667
10.133333
15.1
25.233333
30.133333
25.066667
15.2
28.966667
5.033333
153.6
15.133333
5.1
20.0
10.1
15.0
10.0
20.0
20.0
5.1
5.133333
5.133333
15.033333
5.133333
10.033333
20.033333
21.766667
172.2
5.1
147.033333
5.066667
152.0
15.033333
10.033333
10.0
5.033333
10.066667
5.066667
10.1
11.633333
16.7
5.0
19.866667
111.633333
156.766667
5.0
5.033333
284.1
5.0
5.0
137.0
10.1
15.0
10.0
20.033333
20.2
5.033333
10.1
5.0
157.033333
10.0
20.0
10.1
15.166667
20.033333
5.033333
10.033333
14.1
10.166667
553.0
10.166667
5.0
10.133333
25.066667
20.066667
20.166667
5.166667
20.1
21.2
43.0
10.0
10.033333
5.033333
10.1
16.766667
5.033333
10.066667
31.733333
10.033333
5.033333
10.0
5.0
10.0
15.933333
20.033333
20.066667
10.166667
5.033333
25.0
25.266667
5.066667
5.1
327.233333
5.033333
10.066667
5.066667
10.066667
5.033333
15.066667
10.066667
15.033333
15.066667
5.033333
15.1
153.4
5.2
15.1
20.0
261.466667
15.2
5.133333
5.033333
136.966667
149.833333
153.566667
5.133333
15.0
15.066667
5.0
10.0
65.333333
10.0
10.066667
21.766667
10.133333
5.033333
5.0
5.066667
236.1
10.033333
25.066667
5.0
10.066667
25.0
8.833333
15.133333
143.8
15.0
136.966667
20.066667
5.033333
91.8
20.166667
33.5
5.066667
12.533333
153.1
10.0
10.033333
27.233333
20.0
10.033333
5.033333
42.833333
15.066667
15.133333
15.033333
5.133333
20.0
20.0
10.066667
10.066667
5.033333
10.0
10.1
15.0
20.166667
10.0
15.033333
21.133333
10.133333
30.533333
35.833333
155.466667
137.133333
137.133333
5.066667
151.933333
5.033333
25.1
5.0
156.6
10.066667
5.0
5.033333
5.1
20.166667
10.033333
5.0
5.066667
10.133333
5.033333
5.033333
5.066667
20.266667
5.066667
10.033333
5.1
5.2
28.0
10.1
5.066667
15.2
10.166667
5.033333
146.933333
142.0
15.066667
137.0
27.7
5.0
35.766667
10.1
25.066667
156.966667
15.3
15.0
6.866667
142.133333
5.0
5.066667
16.233333
10.066667
20.1
20.066667
20.0
16.6
27.066667
10.033333
5.133333
73.066667
5.033333
5.033333
5.1
5.033333
19.033333
20.2
13.433333
5.066667
106.566667
6.466667
10.066667
245.333333
5.0
137.166667
15.066667
20.2
5.033333
15.0
20.1
18.833333
15.0
5.1
15.0
147.066667
5.0
147.2
21.633333
147.233333
20.066667
152.033333
142.666667
10.0
5.066667
10.0
20.0
15.066667
15.033333
15.033333
5.0
5.1
22.333333
31.533333
25.066667
10.033333
10.066667
5.066667
114.6
16.0
142.2
5.0
15.033333
27.733333
20.1
15.1
15.066667
25.0
25.033333
146.9
5.0
147.1
5.0
5.1
25.0
10.066667
20.166667
5.1
18.833333
10.066667
15.0
10.0
20.066667
5.0
15.033333
10.066667
79.9
15.033333
20.1
15.9
11.166667
15.166667
40.766667
5.033333
147.033333
5.066667
30.0
10.2
5.0
5.0
10.133333
5.033333
142.033333
15.1
5.0
15.0
5.0
20.033333
10.133333
15.033333
10.1
5.066667
5.0
15.033333
20.066667
5.133333
20.0
6.233333
10.066667
10.166667
15.9
137.0
5.033333
15.2
20.1
15.066667
20.066667
5.0
36.7
10.0
10.1
12.066667
38.466667
5.066667
107.066667
5.066667
10.166667
5.0
5.033333
137.066667
147.1
15.0
152.133333
137.0
5.033333
25.166667
21.333333
5.033333
5.0
10.1
15.166667
137.1
5.033333
5.133333
20.033333
153.966667
15.033333
10.066667
10.066667
151.9
15.2
5.0
5.033333
5.1
10.0
5.0
17.133333
5.033333
15.033333
10.0
5.0
5.066667
5.1
14.1
5.0
5.066667
20.033333
10.066667
152.066667
15.0
8.266667
5.066667
15.0
15.033333
142.1
15.033333
11.133333
59.3
274.033333
20.133333
5.1
20.1
16.3
5.0
5.1
16.4
12.2
10.066667
20.066667
15.133333
20.166667
5.0
5.0
14.2
16.3
20.066667
156.966667
10.0
5.1
15.066667
5.033333
15.133333
10.033333
15.233333
16.433333
17.5
49.1
10.0
10.166667
23.766667
24.766667
147.066667
5.233333
5.066667
5.1
5.0
20.133333
10.166667
15.033333
5.033333
5.066667
5.0
20.2
6.9
5.066667
10.0
15.2
10.066667
15.066667
5.066667
10.033333
10.066667
10.033333
5.166667
26.733333
252.066667
141.866667
10.033333
15.233333
5.0
15.1
15.033333
20.0
5.0
20.2
106.833333
5.066667
5.0
5.0
5.0
5.1
10.0
5.1
15.233333
10.0
15.033333
15.066667
15.066667
5.033333
10.066667
5.033333
15.1
15.1
5.0
10.0
5.0
8.233333
18.766667
5.066667
5.133333
5.066667
20.033333
10.0
5.066667
11.833333
10.033333
152.066667
5.133333
5.0
20.2
10.0
15.0
167.433333
5.033333
30.133333
20.0
25.1
5.0
10.0
10.766667
25.0
10.1
15.066667
5.133333
20.066667
20.066667
20.1
5.0
10.033333
15.0
21.333333
15.133333
25.0
108.5
178.066667
5.0
5.0
15.0
5.0
15.133333
152.033333
15.033333
5.033333
140.766667
178.433333
149.233333
15.0
20.033333
17.266667
10.1
147.0
5.133333
126.233333
20.133333
13.333333
38.433333
10.0
279.0
10.0
271.866667
25.066667
278.9
5.066667
34.833333
10.133333
15.066667
37.5
18.866667
5.0
10.0
5.033333
10.066667
157.1
10.133333
176.8
15.066667
10.066667
20.133333
15.033333
10.1
5.066667
5.0
20.1
25.033333
5.033333
5.933333
10.2
5.166667
141.966667
147.066667
152.066667
15.066667
20.0
147.066667
141.766667
5.1
25.1
157.233333
5.033333
15.033333
15.2
59.766667
137.0
116.666667
147.0
156.933333
5.1
102.766667
10.0
5.033333
28.266667
137.066667
5.066667
147.1
5.066667
20.2
20.1
20.766667
5.266667
15.0
5.066667
152.066667
20.133333
30.1
96.1
228.2
20.1
10.066667
15.1
5.033333
5.033333
10.066667
208.366667
20.1
5.066667
5.033333
142.033333
15.1
5.066667
97.133333
10.133333
5.033333
20.033333
156.8
20.0
20.2
20.2
6.366667
5.033333
5.033333
568.133333
284.066667
25.133333
15.033333
284.0
25.0
15.033333
142.066667
12.633333
191.266667
15.0
10.033333
5.033333
25.0
15.033333
20.2
15.133333
15.1
10.0
5.0
127.966667
11.7
44.833333
120.666667
119.566667
157.133333
5.0
10.033333
20.033333
10.0
5.033333
136.966667
15.033333
10.033333
15.066667
15.0
20.033333
30.033333
20.2
20.0
21.9
5.033333
39.233333
141.933333
152.6
6.4
15.0
5.033333
25.0
225.3
10.0
10.066667
15.0
170.566667
12.333333
21.733333
5.166667
10.1
20.1
5.066667
10.066667
25.1
10.133333
5.133333
15.066667
5.033333
5.066667
5.0
5.066667
10.133333
78.066667
15.1
10.0
15.2
113.966667
15.033333
15.033333
5.033333
25.066667
10.066667
10.0
10.166667
5.033333
63.466667
20.0
157.2
5.1
10.066667
5.2
15.133333
20.166667
5.0
5.0
20.266667
15.1
19.6
28.733333
16.2
10.0
49.2
5.0
5.166667
5.0
5.166667
20.0
5.0
5.133333
10.033333
5.166667
15.033333
10.033333
10.033333
21.2
10.1
5.066667
5.066667
10.0
10.0
5.1
5.166667
136.933333
21.666667
10.1
15.0
15.1
5.0
15.1
137.033333
152.033333
5.0
10.0
5.033333
5.133333
5.0
10.133333
20.033333
5.1
20.0
5.033333
10.033333
25.1
458.566667
15.066667
15.0
142.0
5.066667
5.033333
5.033333
5.1
5.066667
20.066667
5.033333
24.166667
89.0
20.133333
10.133333
20.033333
147.0
5.0
10.1
10.0
10.133333
56.066667
21.933333
10.033333
5.066667
5.033333
15.033333
15.033333
16.6
10.066667
5.0
20.1
26.5
108.566667
158.166667
152.133333
10.0
10.033333
5.1
147.1
30.066667
15.1
5.0
20.0
48.966667
11.633333
5.0
20.1
15.0
5.033333
152.066667
15.2
5.066667
20.033333
283.9
15.066667
5.0
163.633333
15.066667
5.0
10.033333
5.133333
25.266667
5.033333
20.0
5.0
5.033333
10.0
5.066667
5.1
5.0
23.5
5.033333
5.0
10.033333
10.033333
18.433333
15.066667
10.133333
15.0
25.1
5.033333
20.133333
10.033333
10.066667
20.1
5.033333
20.0
5.0
5.066667
10.133333
15.066667
5.1
20.066667
5.0
15.066667
15.1
10.033333
25.033333
15.066667
5.0
151.933333
15.0
5.033333
25.1
5.0
121.4
15.1
5.133333
26.433333
81.866667
5.133333
15.066667
188.366667
25.0
15.0
98.233333
15.033333
15.0
25.133333
15.0
20.0
20.2
10.033333
10.066667
10.066667
6.833333
15.0
25.0
137.133333
24.333333
10.0
5.0
20.0
20.133333
10.1
10.1
5.033333
5.066667
20.2
10.033333
15.0
20.0
10.1
20.166667
91.4
22.133333
134.566667
10.0
5.0
74.766667
5.0
5.133333
147.066667
32.833333
5.0
5.033333
5.066667
20.1
10.933333
602.133333
5.033333
5.033333
15.066667
15.0
10.0
5.033333
20.033333
10.0
5.0
16.766667
10.133333
5.0
20.033333
142.0
20.033333
20.0
5.0
15.0
11.166667
5.0
15.0
20.033333
5.133333
436.266667
10.0
20.1
15.166667
20.0
15.0
10.066667
10.3
20.066667
15.0
16.466667
66.1
20.9
5.0
5.066667
5.033333
45.066667
10.033333
5.0
102.933333
78.633333
34.9
10.033333
30.2
148.7
5.0
553.533333
15.033333
572.866667
5.0
15.0
20.166667
10.033333
10.033333
10.166667
9.0
10.0
15.0
137.666667
137.0
15.066667
142.133333
5.033333
25.5
12.8
5.033333
15.7
20.0
5.1
558.233333
7.733333
5.0
5.033333
10.2
553.166667
5.066667
10.033333
5.133333
20.033333
5.066667
10.033333
5.0
15.233333
46.233333
15.066667
20.033333
5.033333
70.466667
146.9
99.633333
5.0
5.033333
15.133333
10.166667
10.033333
15.133333
5.133333
5.0
118.633333
10.166667
20.0
5.033333
15.033333
10.1
5.033333
8.533333
15.033333
25.1
10.0
20.1
15.0
20.066667
15.033333
5.066667
21.1
5.066667
5.033333
21.666667
15.066667
20.133333
20.166667
10.0
5.0
5.0
5.066667
13.266667
15.0
10.066667
162.033333
10.066667
10.166667
5.0
10.1
10.033333
5.066667
15.0
10.066667
10.066667
15.1
15.166667
15.066667
20.066667
15.166667
10.033333
5.1
14.933333
5.1
20.133333
119.466667
142.0
20.066667
10.066667
15.166667
28.0
72.366667
5.066667
137.066667
10.033333
10.033333
15.133333
5.0
10.1
20.133333
5.1
5.033333
157.166667
142.133333
5.0
147.033333
10.1
5.0
20.133333
25.0
6.366667
20.0
20.033333
5.0
20.1
18.533333
5.133333
24.666667
5.233333
15.266667
11.066667
157.033333
10.0
278.9
147.133333
154.9
15.2
15.166667
15.1
16.766667
25.0
5.0
5.066667
142.0
10.066667
15.066667
10.166667
10.066667
10.1
20.033333
5.066667
15.166667
20.0
28.566667
20.1
5.066667
5.033333
5.233333
5.066667
20.133333
5.0
5.066667
20.1
5.0
15.066667
25.066667
10.0
10.133333
5.033333
5.033333
98.6
141.933333
5.066667
10.0
10.033333
15.0
5.0
10.0
15.266667
15.166667
10.033333
5.033333
70.233333
15.033333
15.066667
10.0
5.1
10.2
5.1
10.266667
15.0
10.0
16.533333
15.033333
15.0
15.1
18.866667
38.4
157.0
5.033333
137.066667
5.033333
147.0
15.0
5.0
30.0
10.066667
5.066667
5.033333
5.0
20.233333
20.0
25.066667
10.033333
5.0
10.3
15.133333
8.133333
5.066667
124.466667
15.033333
137.033333
25.566667
157.066667
173.566667
10.066667
166.7
10.133333
5.033333
5.233333
10.066667
20.1
5.1
50.1
5.033333
5.0
5.133333
21.4
5.0
5.033333
5.033333
15.033333
15.166667
5.033333
20.033333
10.066667
15.2
10.0
20.133333
15.0
6.2
15.133333
156.966667
10.033333
10.033333
6.666667
46.8
245.8
10.0
15.2
5.0
10.033333
15.1
20.033333
5.0
5.0
20.166667
20.1
5.133333
8.3
20.033333
5.066667
5.0
5.166667
10.066667
15.0
6.133333
24.466667
5.033333
5.066667
20.133333
5.133333
10.133333
10.066667
20.2
15.0
10.066667
20.0
5.066667
20.166667
15.0
5.033333
15.0
5.0
10.066667
10.1
15.133333
5.033333
10.066667
151.966667
141.966667
25.866667
5.033333
15.133333
28.6
137.033333
10.1
20.0
126.3
10.0
10.166667
5.0
5.0
89.933333
10.033333
15.066667
5.066667
110.733333
20.0
15.166667
15.066667
5.0
10.066667
15.2
30.0
10.0
5.0
25.0
5.033333
563.233333
15.066667
49.6
20.1
11.866667
11.966667
117.933333
5.0
5.1
20.166667
147.3
20.0
20.566667
8.3
25.2
15.0
5.066667
5.066667
5.033333
20.0
5.066667
20.1
10.066667
10.066667
20.0
16.566667
15.033333
21.666667
5.066667
11.3
10.033333
131.7
5.033333
145.4
15.033333
5.033333
137.033333
136.966667
5.0
15.2
5.066667
5.033333
5.0
5.033333
553.3
5.033333
20.066667
17.1
80.033333
5.033333
26.033333
5.033333
15.166667
11.2
89.466667
141.833333
15.033333
11.3
159.333333
15.233333
15.066667
137.0
15.166667
15.066667
85.966667
15.0
10.0
5.133333
10.033333
16.666667
5.0
10.033333
25.166667
15.233333
5.0
5.0
20.1
79.666667
5.0
38.333333
15.0
5.1
20.066667
5.033333
15.0
20.066667
5.033333
30.166667
20.1
25.066667
5.1
5.0
152.033333
5.0
5.033333
20.0
20.066667
5.066667
15.0
15.1
10.066667
5.1
15.0
20.033333
16.0
10.333333
5.033333
11.4
10.066667
15.066667
86.166667
16.333333
15.133333
5.1
15.033333
5.0
158.766667
5.033333
20.1
5.066667
25.166667
18.666667
20.2
5.1
5.0
5.066667
5.033333
5.1
5.0
15.1
20.066667
5.0
12.266667
20.033333
15.066667
25.166667
30.433333
20.1
5.066667
122.6
10.0
15.233333
5.033333
5.1
15.133333
6.666667
10.033333
15.0
10.066667
6.233333
15.033333
5.033333
5.1
25.0
15.2
11.333333
152.0
25.066667
25.2
15.033333
123.966667
151.966667
10.066667
110.633333
76.666667
10.133333
5.0
5.033333
6.6
5.066667
25.8
69.833333
5.1
5.1
5.0
20.233333
136.966667
15.166667
10.133333
5.033333
20.133333
10.1
20.033333
6.8
10.0
10.166667
10.066667
15.1
10.066667
21.2
142.066667
5.0
5.0
136.866667
5.033333
152.066667
25.133333
5.066667
153.933333
101.066667
129.133333
67.966667
5.0
136.833333
157.033333
5.066667
5.033333
137.033333
5.0
15.033333
20.0
10.033333
10.1
5.2
20.066667
23.966667
61.066667
5.066667
337.133333
5.033333
15.1
5.033333
10.066667
10.066667
15.033333
5.133333
15.166667
24.3
5.033333
15.0
10.066667
5.033333
15.033333
553.133333
20.1
20.1
20.0
15.033333
6.433333
5.0
5.266667
15.1
10.066667
10.066667
20.9
5.033333
20.166667
5.033333
20.066667
5.033333
10.1
5.1
5.033333
20.0
94.533333
68.8
10.066667
10.0
10.066667
137.033333
10.066667
5.033333
5.0
5.0
5.033333
25.033333
5.066667
5.0
15.1
15.2
25.033333
15.0
20.166667
33.366667
10.1
20.0
79.866667
71.1
33.233333
136.933333
147.066667
5.133333
10.066667
5.166667
10.0
5.0
15.866667
5.0
30.133333
15.033333
5.0
10.0
20.166667
5.033333
10.033333
553.5
15.066667
15.033333
8.033333
5.0
548.3
11.766667
20.066667
25.166667
10.0
5.0
15.1
10.1
23.666667
10.033333
157.066667
15.033333
5.033333
5.033333
10.033333
25.166667
5.066667
5.133333
15.0
20.166667
15.033333
18.933333
20.2
131.233333
122.966667
15.0
34.4
15.033333
10.0
10.033333
10.133333
10.133333
5.066667
15.2
15.0
5.033333
20.233333
5.066667
10.1
25.1
20.066667
10.0
29.2
10.066667
5.066667
18.6
5.166667
5.133333
5.033333
20.066667
25.2
15.066667
147.033333
10.1
5.033333
20.066667
5.033333
20.066667
20.0
10.0
147.1
5.1
15.133333
11.966667
127.766667
25.0
5.066667
5.0
20.066667
15.0
5.033333
10.166667
5.033333
10.0
20.066667
5.0
20.0
25.0
30.066667
11.1
10.033333
5.066667
5.066667
5.0
5.0
10.0
10.066667
5.0
10.033333
15.1
10.066667
15.066667
10.066667
15.033333
5.066667
5.1
15.066667
20.0
15.1
25.1
5.133333
5.1
20.1
137.066667
5.066667
147.1
15.0
15.066667
147.066667
5.033333
15.233333
5.166667
5.066667
5.1
16.766667
20.066667
41.9
115.133333
137.033333
10.066667
20.0
5.066667
5.066667
20.033333
48.066667
114.766667
5.1
10.0
5.0
15.133333
15.0
20.1
12.166667
5.033333
46.033333
15.033333
15.1
25.033333
20.166667
12.366667
10.033333
5.0
5.066667
5.0
10.066667
10.1
5.066667
5.066667
15.0
5.033333
43.8
5.0
152.133333
20.0
137.0
16.833333
15.033333
5.1
21.166667
10.033333
142.1
147.0
10.0
15.033333
138.0
5.0
14.166667
5.0
22.033333
22.233333
5.0
15.033333
101.866667
5.033333
15.0
20.1
5.066667
15.033333
10.033333
158.3
137.033333
152.066667
5.033333
15.0
142.133333
20.2
55.666667
20.166667
20.033333
15.0
20.633333
10.033333
5.0
110.7
93.833333
11.2
5.0
15.066667
10.133333
26.133333
5.033333
47.7
5.033333
25.066667
5.1
15.1
5.2
61.1
116.033333
10.066667
123.533333
5.033333
20.1
15.0
10.1
15.0
16.466667
10.166667
5.066667
10.166667
5.1
5.033333
11.8
5.033333
15.133333
5.033333
10.1
15.033333
15.0
5.033333
20.066667
5.033333
5.033333
12.266667
15.166667
15.133333
553.166667
15.033333
15.066667
10.0
5.0
10.033333
10.133333
21.1
5.1
5.066667
5.0
5.0
10.066667
16.133333
5.0
10.133333
5.0
20.0
15.033333
5.0
15.033333
160.633333
5.033333
5.066667
25.233333
10.033333
20.2
5.033333
15.033333
6.7
10.166667
5.0
10.066667
23.1
5.0
10.0
10.033333
15.266667
15.0
5.033333
5.066667
20.033333
10.0
5.0
10.0
5.066667
19.333333
5.0
5.0
68.4
10.0
70.266667
10.066667
5.033333
58.233333
5.066667
25.1
20.1
10.166667
25.133333
15.033333
14.366667
20.0
10.1
10.166667
25.1
5.066667
10.033333
10.0
16.4
20.2
204.8
5.033333
25.266667
10.0
5.033333
25.5
123.766667
15.2
20.0
10.0
10.166667
10.033333
19.933333
10.0
5.0
20.0
20.1
10.066667
5.0
5.166667
5.033333
5.1
5.166667
10.0
54.933333
10.0
5.033333
8.366667
157.1
20.0
152.133333
25.233333
5.066667
152.233333
44.666667
15.066667
10.066667
20.0
18.7
180.366667
147.1
192.7
5.0
15.133333
5.066667
45.1
5.666667
10.066667
15.0
15.066667
10.1
10.066667
10.0
5.1
5.1
25.066667
20.033333
10.033333
10.166667
10.033333
16.266667
5.0
106.333333
147.0
20.133333
15.066667
26.833333
15.066667
10.0
20.066667
5.0
5.033333
10.066667
10.233333
15.033333
15.033333
16.666667
5.0
10.166667
15.1
5.066667
10.033333
10.0
10.066667
15.2
10.033333
157.166667
15.133333
41.933333
18.733333
5.5
37.766667
142.0
137.133333
5.033333
25.133333
10.0
416.166667
25.0
5.033333
15.133333
20.033333
15.0
5.0
10.033333
15.1
10.0
10.033333
10.033333
5.1
10.0
5.0
5.0
10.066667
18.866667
5.0
15.033333
121.266667
5.1
5.033333
54.5
20.233333
10.133333
5.033333
152.133333
30.166667
15.033333
5.033333
5.1
10.2
5.1
10.033333
21.2
10.133333
20.0
25.2
5.1
5.033333
5.0
5.0
5.066667
5.066667
25.1
5.033333
15.266667
19.333333
10.0
5.033333
10.0
5.1
137.033333
10.066667
5.033333
236.4
548.166667
30.0
5.166667
5.033333
5.0
10.133333
10.166667
5.133333
5.033333
15.066667
17.533333
15.033333
64.033333
15.066667
25.0
56.3
15.066667
9.833333
25.066667
118.3
147.0
15.033333
147.166667
15.0
5.2
55.733333
207.733333
10.066667
25.033333
147.1
191.766667
46.7
10.0
30.733333
146.6
21.1
137.033333
15.2
5.066667
5.033333
20.0
5.1
10.133333
17.666667
10.0
553.3
10.033333
5.0
157.1
10.033333
553.266667
25.033333
142.1
10.0
137.066667
5.033333
20.1
5.0
10.033333
15.033333
5.0
5.1
10.066667
18.266667
10.0
5.033333
136.966667
10.0
10.0
25.133333
20.033333
5.0
5.033333
553.233333
5.166667
5.0
5.1
5.033333
5.066667
20.066667
36.366667
5.1
20.0
20.2
5.033333
147.2
20.0
10.033333
128.566667
700.166667
15.1
5.066667
18.8
25.1
15.0
5.1
20.133333
15.1
15.166667
10.1
5.0
5.033333
15.166667
10.066667
20.0
5.0
25.1
5.0
99.7
20.166667
10.0
10.066667
93.5
284.033333
5.0
20.0
152.133333
20.066667
25.0
15.233333
5.133333
15.066667
5.0
10.0
18.833333
10.033333
10.066667
5.033333
20.066667
10.133333
5.066667
15.0
5.0
20.066667
558.4
15.133333
10.033333
10.0
5.133333
5.033333
10.033333
15.066667
10.0
5.033333
20.2
20.066667
11.4
5.0
5.033333
136.966667
5.033333
25.133333
5.066667
15.0
5.066667
15.066667
10.166667
22.733333
10.033333
16.1
15.0
137.0
10.1
16.866667
5.233333
10.0
11.133333
30.966667
146.933333
5.033333
116.6
21.433333
57.566667
5.4
141.966667
5.0
12.7
146.933333
147.033333
15.0
5.0
147.066667
15.066667
5.0
15.0
10.0
10.0
15.0
5.033333
10.1
142.433333
10.0
10.033333
175.933333
152.1
136.9
152.2
5.0
10.1
157.066667
178.3
10.233333
5.0
25.066667
28.566667
5.066667
5.0
63.5
25.066667
15.166667
5.133333
5.033333
147.033333
5.033333
5.033333
5.0
15.0
10.0
15.1
5.033333
10.066667
340.166667
15.066667
15.166667
20.066667
10.0
10.066667
25.066667
5.1
5.033333
25.066667
20.066667
65.033333
20.0
5.033333
17.7
10.0
5.133333
20.066667
15.133333
10.033333
5.133333
20.0
5.066667
5.066667
10.066667
40.333333
141.866667
11.133333
26.666667
5.133333
179.566667
98.766667
15.066667
5.1
10.133333
150.033333
36.4
136.8
15.0
142.033333
15.533333
5.033333
15.166667
5.166667
6.866667
21.466667
5.1
20.233333
24.8
5.033333
47.033333
677.933333
20.066667
684.966667
15.033333
141.933333
15.566667
182.766667
5.0
10.2
20.133333
548.133333
5.033333
5.1
8.366667
20.1
5.0
20.166667
15.0
5.0
10.1
5.166667
10.033333
152.033333
5.033333
5.033333
25.033333
147.066667
152.1
10.066667
10.0
10.2
25.066667
15.0
10.166667
15.133333
5.0
10.1
5.033333
57.366667
15.033333
5.1
21.566667
15.133333
10.833333
5.033333
5.0
10.033333
10.133333
5.033333
5.0
5.066667
5.066667
15.066667
24.733333
137.066667
5.0
5.1
10.166667
10.066667
20.0
5.066667
5.066667
5.0
15.166667
10.0
5.1
10.366667
25.166667
128.666667
15.066667
20.166667
5.133333
10.066667
5.033333
5.0
15.033333
15.166667
15.033333
5.0
30.0
5.033333
10.1
5.066667
15.066667
10.166667
18.466667
10.033333
67.833333
5.133333
10.1
20.1
10.0
5.2
5.0
10.166667
15.066667
10.1
35.9
25.1
5.0
15.133333
5.066667
5.066667
10.1
5.033333
553.333333
10.1
20.0
5.033333
5.033333
10.066667
10.066667
5.133333
10.0
30.166667
15.066667
5.066667
10.0
5.0
10.0
10.0
47.9
20.0
15.133333
146.933333
15.066667
10.1
38.966667
148.566667
5.033333
284.1
137.2
142.066667
5.066667
27.933333
20.033333
15.1
5.1
6.966667
260.766667
5.066667
272.266667
410.433333
411.066667
137.066667
5.033333
351.966667
27.1
10.133333
548.233333
14.5
10.0
5.0
25.066667
15.1
5.0
83.433333
21.1
137.066667
5.1
136.933333
152.066667
142.066667
10.033333
5.0
5.233333
22.5
20.0
137.1
15.033333
20.2
10.1
146.933333
5.0
54.333333
52.0
120.866667
10.033333
125.2
15.166667
5.0
5.0
5.133333
15.0
5.033333
15.066667
11.7
5.033333
15.233333
5.1
5.066667
20.033333
20.0
15.1
15.2
16.133333
15.033333
31.866667
11.033333
25.133333
31.0
5.033333
553.066667
20.1
20.2
136.9
15.0
10.066667
15.0
20.0
15.0
30.133333
5.066667
25.133333
36.6
142.1
146.866667
15.066667
5.033333
141.9
10.066667
33.166667
548.133333
5.033333
92.766667
5.133333
5.033333
10.0
20.133333
19.466667
25.0
10.0
20.4
26.766667
10.0
129.8
5.066667
5.0
152.066667
20.066667
174.633333
137.066667
15.066667
15.1
10.033333
5.033333
39.7
12.033333
5.0
15.133333
18.9
10.1
15.0
190.366667
10.1
5.033333
15.033333
6.233333
10.1
21.6
157.033333
21.066667
20.066667
5.0
5.1
5.066667
15.066667
74.7
10.066667
15.266667
152.0
147.133333
10.1
25.233333
25.1
5.033333
10.2
30.833333
36.766667
548.433333
10.0
20.0
5.0
5.066667
25.0
15.966667
10.066667
25.0
10.1
22.5
5.033333
15.0
15.033333
5.1
15.233333
25.9
5.066667
20.0
25.033333
177.966667
111.933333
5.166667
10.1
152.133333
10.0
20.0
31.033333
10.1
10.866667
5.0
10.0
15.033333
5.033333
5.166667
16.533333
10.033333
10.0
33.266667
15.033333
6.4
25.0
20.066667
15.033333
10.0
15.033333
5.066667
5.066667
10.033333
10.1
156.933333
18.266667
271.2
5.066667
22.433333
108.633333
10.066667
10.066667
10.066667
5.1
5.033333
20.133333
142.266667
15.166667
15.1
137.033333
5.133333
23.4
71.633333
5.1
141.933333
151.9
20.166667
10.066667
137.066667
6.533333
5.1
5.1
25.133333
10.166667
141.966667
20.066667
5.0
20.0
10.0
15.0
5.066667
31.6
5.0
25.2
5.1
5.033333
15.0
5.133333
129.833333
12.866667
5.1
89.4
62.866667
25.033333
10.066667
34.666667
20.033333
20.0
5.0
15.133333
5.033333
5.0
15.166667
20.2
23.433333
30.766667
10.033333
5.1
25.133333
15.166667
5.066667
15.066667
15.066667
21.666667
5.066667
20.0
5.133333
5.1
5.033333
5.033333
20.166667
5.1
105.0
56.266667
15.1
6.633333
16.8
15.033333
11.233333
15.133333
5.0
10.0
5.0
20.1
15.2
5.033333
34.466667
5.0
152.4
13.133333
5.033333
20.1
5.033333
20.2
10.0
25.233333
151.966667
10.066667
162.033333
10.033333
21.166667
10.033333
15.0
152.066667
10.133333
284.066667
70.833333
174.933333
10.0
15.0
20.0
5.0
5.0
10.166667
26.233333
10.0
393.366667
289.066667
20.066667
136.9
147.066667
10.066667
20.033333
20.1
10.0
10.1
15.166667
137.1
20.566667
5.033333
20.133333
5.0
5.0
5.0
5.0
5.0
31.5
5.0
5.1
5.0
15.1
5.033333
5.066667
30.1
15.1
5.1
20.033333
25.1
20.4
20.966667
15.133333
10.0
18.1
5.0
23.7
81.133333
17.266667
20.233333
15.133333
19.033333
10.1
152.1
146.966667
5.066667
15.066667
15.2
5.133333
10.033333
