0.98543683
0.99013027
0.9890085200000001
0.9872126400000001
0.98704021
0.98720356
0.9892682100000001
0.9928723700000001
0.9935016600000001
0.9916940200000001
0.99239519
0.9863148700000001
0.99300551
0.6205452300000001
0.99108988
0.7119642899999999
0.9883348700000001
0.9942007900000001
0.99348787
0.9923814299999999
0.90272507
0.9635761599999999
0.99402592
0.99156123
0.82869952
0.99249609
0.99795697
0.9923126499999999
1.15727385
0.98789839
0.9903905500000001
0.80758882
0.98981082
0.9444304099999999
0.9931111300000001
0.9928035199999999
0.98899485
0.99273926
0.99404432
0.99271173
0.95644358
0.99297337
0.99202844
0.99162533
0.9928035199999999
0.9906738199999999
0.82009159
0.61972505
0.9935062600000001
0.978348
0.99072867
0.8287794700000001
0.62173457
0.99095268
0.9923905999999999
0.9920513599999999
0.99152918
0.9911951000000001
0.99284942
0.99225763
0.9909069599999999
0.9938097100000001
0.38126313
0.5501854
0.97592487
0.61901408
0.70734213
0.71277246
0.7076311599999999
0.9989271700000001
0.99421
0.40450938000000003
0.99183601
0.97747073
0.9934786800000001
0.9929136900000001
0.45069848999999995
0.9913689800000001
0.99172608
0.99289073
0.9927622100000001
0.98414073
0.9927805700000001
0.7313371
0.9903905500000001
1.081262
0.93657972
0.95593694
0.71145009
0.5491836099999999
0.99682205
0.99245023
0.98526955
0.8352944800000001
0.9929458200000001
0.99241353
0.99268878
0.65643777
0.68680576
0.99316165
0.99602683
0.9940581199999999
0.98763488
0.81137852
0.8214184899999999
0.9931984
0.82486706
0.98287503
0.70914069
0.99659075
0.7102970399999999
0.45065876000000005
0.9958236100000001
0.7022165800000001
0.71030174
0.98820752
0.91612679
0.81750974
0.82683615
1.05507232
0.99442638
0.6209615199999999
0.9938648999999999
0.45188777
0.82672156
0.55173039
1.5751521199999998
0.55016003
0.27566901
0.9939569
0.99263372
0.99441256
0.99273926
0.9931341
0.99414096
0.99329487
0.9939431000000001
1.03266748
0.4879059
0.99301929
0.68710462
0.35451883
0.99501154
0.99137813
0.99083838
0.8811599200000001
0.55188211
0.53443123
0.5519204
0.99179936
0.9914330499999999
0.45074768
0.30968736
0.29161958
0.61419323
0.61895877
0.45008166000000005
0.99591135
0.9931111300000001
0.55051685
0.9908292299999999
0.99488247
0.99574511
0.41283392999999996
0.71037927
0.7117873
0.31029862
0.99278975
0.55109891
0.99369474
0.99306061
0.9914376300000001
0.82634935
0.45086976
0.99333163
0.8300448199999999
0.99321677
0.99189556
0.98954172
0.83032403
0.99256032
0.8461689200000001
0.99247775
1.1224623
0.99354763
0.99670176
0.7747055
0.99463824
0.9929182799999999
0.8301956300000001
0.7093585299999999
0.9924685700000001
0.9908155200000001
0.98788022
0.99512219
0.9753752299999999
0.8251554799999999
0.4510099
1.00404597
0.99241812
0.29207888
1.12893548
0.70911024
0.9933040599999999
0.99353843
0.5512333
0.9873624200000001
0.99285401
0.5408461299999999
0.9936717500000001
0.99330866
0.9888445699999999
0.99278975
1.03235969
1.08942408
0.9938511
0.9938925000000001
0.94147825
0.98724441
0.9868179600000001
0.6205990299999999
0.62077304
0.55101831
0.9858937600000001
0.62077663
0.70731418
0.99275762
0.99353384
0.62067436
0.71496992
0.99177188
0.99250068
0.9885669
0.22561986
0.99124542
0.99289073
0.48136906
0.99399831
0.71309909
0.54953354
0.55107628
0.9580949699999999
0.9929458200000001
0.82806682
0.9933729800000001
0.64203649
0.82699217
0.99194138
0.70750293
0.9916802800000001
1.02157509
0.99285401
0.99355222
0.99331784
0.86927525
0.70877791
0.9936763500000001
0.98063092
0.8018084799999999
0.9913186399999999
1.02769099
0.61956771
0.8267884
0.9928586
0.49672555
0.9920788500000001
0.41331225000000005
0.9931432800000001
0.6185843599999999
0.99201011
0.9934373200000001
0.9920513599999999
0.71030878
0.9757874099999999
0.99298255
0.9629971500000001
0.70809781
0.82666427
0.99369934
0.30924319
0.9922668
0.26161451
0.83022452
0.9918451699999999
0.82345638
0.9938419000000001
0.99414096
0.9938695
0.99259702
0.9931432800000001
0.9915200299999999
0.9931478699999999
0.99280811
0.99341894
0.97870024
0.99432508
0.23639454000000001
0.99964327
1.17268091
0.98868068
0.9939155
0.99711364
0.99284024
0.99269796
0.9923814299999999
0.83028551
0.7329770999999999
0.99372693
0.99414096
0.7133099
1.01584861
0.99249151
0.98989751
0.99277598
0.99320299
0.99273009
0.99247316
0.82456934
0.9926016099999999
0.99399371
0.99411795
0.9938097100000001
1.04082067
0.61850241
0.99239519
0.99382351
0.826642
0.99248233
0.99375452
0.99282647
0.99402592
0.9945829700000001
0.99284024
0.99191847
0.9944770300000001
0.99354763
0.99438033
0.99281729
0.70752624
0.83077052
0.9942146
1.0435823
0.9143597699999999
0.99132779
0.99308817
0.99403052
1.19404151
0.5940283199999999
0.98880815
0.9931295
0.99376372
0.8282488600000001
0.70614429
0.99251903
0.82129597
0.70893233
0.82675338
0.9939201
0.8289522300000001
0.6960214299999999
0.38274790000000003
0.8302983500000001
0.31022645
0.9922622099999999
0.82658791
0.9933040599999999
1.0287297499999999
0.99408573
0.99441717
0.82463583
1.12630064
0.71036987
0.99304225
0.82518085
0.9538436699999999
0.49484724999999996
0.9934143400000001
0.93652254
0.61942832
0.9931938100000001
0.9928723700000001
0.9931708399999999
0.9918589099999999
0.99363497
0.99265208
0.9921476
0.61966783
0.9903722899999999
0.9928035199999999
0.82546632
0.99194138
0.99407193
0.82879227
0.9507398600000001
0.71591857
0.99293205
0.55135784
0.67429788
0.70760784
0.35439129
0.9926658399999999
0.6205524
0.98894931
0.55101689
0.9940213099999999
1.27551564
0.9957866599999999
0.99231723
0.61964637
0.9946704900000001
0.82879227
0.55838405
0.99254655
0.83022131
0.99113105
0.99357061
0.99665088
0.9917902
0.71335729
0.71023361
0.99245023
0.42786571
0.76245452
0.99108988
0.62059544
0.9857534699999999
0.99241353
0.99289073
1.12238603
1.10565091
0.99265666
0.9928723700000001
0.41372950000000003
0.70956948
0.99162991
0.33000386
0.99191847
0.9928586
0.49676462
0.7070905999999999
0.8284309799999999
0.69723042
0.9929090899999999
0.62118605
0.62074792
0.9939063
0.55166236
0.92559163
0.9919872
0.7102218600000001
0.99339136
0.8269475900000001
0.99369934
0.55278846
0.82886584
0.99236767
0.9928723700000001
0.55006843
0.99034945
0.99382351
0.99418698
0.99149714
0.99340974
0.7080114399999999
0.88730194
1.0956493299999999
0.41329873
0.99279893
1.1023081399999999
1.18315399
0.62080894
0.24834842
0.9935936
0.99302388
0.99177188
0.99316165
0.99195971
0.41317388
0.99297796
0.99245481
0.99284942
0.41373427999999995
0.994606
0.8255170900000001
0.99451848
0.9939661
0.88770907
0.99362578
0.9938097100000001
0.9934327199999999
0.82832234
0.51026445
0.9690285900000001
0.9965444999999999
0.99377292
0.99451848
0.8197941799999999
0.62056316
0.99468892
0.55032921
0.63415505
0.99239978
1.20115426
1.00163885
0.99376372
0.56607918
0.49688071
0.96563424
0.99410874
0.62067616
0.82916668
0.89418128
0.87516297
0.82859081
0.8276966
0.82662291
0.9870039199999999
0.41413082
0.99351545
0.96339028
0.6212363599999999
0.45342104
0.992955
0.9939799100000001
0.70878258
0.99134609
0.99495622
0.99286319
0.71015845
0.49623199
0.9931111300000001
0.9946658899999999
0.82687117
0.82637479
1.08388154
0.99211552
0.38122252
0.99178562
0.9929090899999999
0.84572571
0.9678799499999999
0.9926429
0.49688530999999997
0.99303765
0.9928723700000001
0.55268033
0.70973833
0.9939753100000001
0.35445096
0.55015721
0.99261078
0.99229889
0.33115240999999995
0.5398983900000001
0.9943665199999999
0.74749163
0.99261996
0.9934327199999999
0.99127745
0.9960360699999999
0.38202548000000003
0.98589829
0.99332703
0.9933408199999999
0.99840238
0.9890085200000001
0.99141932
0.55253955
0.70759851
0.8288370500000001
0.99302847
0.9928723700000001
0.9927209100000001
0.99372693
0.996563
0.99247775
0.9938511
0.99316625
0.82644794
0.82847892
0.9923309899999999
0.8710558399999999
0.99140101
0.9007221099999999
0.7442663
0.99412255
0.99097097
0.99216594
0.61880004
0.8283511
0.41509862
0.5518112
0.9949469999999999
0.9941961899999999
0.99192305
0.9941133499999999
0.9908886699999999
0.26156957999999997
0.6343086499999999
0.99195512
1.05000643
0.45067106
0.82695714
0.9896329199999999
2.75937507
0.82675657
0.9955419999999999
0.9945691499999999
0.99038599
0.6216086
0.99106244
0.3816541
0.49750807
0.99430206
0.9933040599999999
0.90892238
0.85567686
1.01852745
0.99178562
0.82882746
0.8554178100000001
0.99406733
0.99199178
0.82670246
0.96364534
0.99329487
0.9437497399999999
0.9931019499999999
0.99353384
0.99324434
0.9892044099999999
0.82848212
0.62163919
0.99406273
0.99250985
0.70924139
1.0264187900000001
0.61984132
0.99294123
0.9946751
0.99119052
0.99087495
0.3812347
0.82685843
0.82467067
0.9899385700000001
0.9925649
0.45229893
0.9924685700000001
0.99357981
0.99333163
0.9935936
0.8246865
0.94808291
0.99410874
0.99351545
0.99316625
0.45114824
0.5455631000000001
0.99279434
0.99307439
0.45060297
0.35410262000000003
0.8267788500000001
0.9930101
0.8267088300000001
0.99351545
0.99323056
0.99634569
0.64491322
0.49568678
0.97322253
0.99401211
0.98934113
0.9944494
0.41284900999999996
0.99252362
0.9926016099999999
0.9931203200000001
0.99218886
0.99307898
0.82876668
0.99321218
0.99192763
0.82894583
0.99403972
0.99225763
0.9944494
0.98784841
0.99437573
0.99354303
1.11855098
0.72133891
0.99227597
0.92726221
0.45711858
0.62587868
0.49666696
0.8495196199999999
0.99409494
0.52689805
0.9940535199999999
0.82688072
0.9923309899999999
0.9755879199999999
0.82711639
0.82666746
0.7036800200000001
0.9486525
0.8230555599999999
1.05934532
0.99277598
0.99221637
0.9942698400000001
0.82484488
0.99369015
0.99344651
0.62174717
0.9966138800000001
0.99250985
0.41379567
0.99313869
0.9925052700000001
0.9804966
0.9933867700000001
0.71170474
0.6207335700000001
0.9484137
0.99373153
0.8123822199999999
0.62279841
0.9680893899999999
0.99288155
0.9944586099999999
0.54947448
0.9939201
0.99534359
0.19827361
0.8303593499999999
0.99318921
0.70893701
0.99241353
0.99374073
0.9934924700000001
0.41462015999999996
0.8276583200000001
0.99255573
0.9070144299999999
0.99256032
0.9927346699999999
0.9030249600000001
0.9946520700000001
0.9912317
0.6188143
0.93423283
0.99222095
0.5511469999999999
0.41354784
0.99363957
0.70937962
0.62049144
0.70892531
0.99228514
0.7984754100000001
0.82868673
1.02678195
1.0994300099999998
1.0418204500000001
0.82446487
0.38236626
0.83052634
0.99271632
0.99239978
0.8263048399999999
0.98527407
0.51038693
0.99257408
0.8414080300000001
0.9912317
0.45224559
1.1129453200000001
0.7073840699999999
0.9944079600000001
0.9931938100000001
0.9906372600000001
0.9940535199999999
0.82291994
0.99344651
0.99170776
0.82294832
0.99371314
1.0330599200000001
0.99304684
0.82843738
1.04624647
0.38239963000000005
0.61964458
0.62172017
0.93448895
0.98614276
0.6210118
0.41337828000000004
0.99344651
0.9942514199999999
0.70757053
0.9929182799999999
0.7077197700000001
0.61973042
0.99297337
0.99282647
0.82636207
0.40822417
0.948242
1.03833963
0.5500092599999999
0.99233558
0.8267279200000001
0.99259702
0.45397698
0.6215978
0.99123627
0.9939338999999999
0.99146052
0.99274385
0.9917306600000001
0.99195971
0.70897446
0.55109184
0.99268878
0.7090915099999999
0.9935936
0.49869344
0.99408113
0.99294123
0.99417778
0.99355222
0.38247795
0.49676117
0.49619529999999995
0.6204824800000001
0.55021782
0.82600608
0.45177464
0.9931432800000001
0.9940167099999999
0.9923722600000001
0.99294123
0.99307439
0.99282647
0.99031291
0.9941731699999999
0.65320908
0.99346489
0.9924594
0.99329487
1.04096698
0.9938005099999999
0.9939569
0.99426063
0.9937177300000001
0.99340055
0.99294123
1.01630533
0.70898383
0.70949681
0.23655415999999999
0.99402592
0.62168778
0.99167112
0.9932719
0.16554876
0.41555003999999995
1.0868822299999998
0.82692211
0.99307898
0.99157039
0.38237648
0.7355706000000001
0.9942698400000001
0.99302388
0.35463592
0.99245023
0.9929182799999999
0.9893274599999999
0.9390123300000001
0.98741236
0.32145745
0.99166196
0.99927579
0.9937177300000001
0.82706543
0.99271632
1.10600396
0.9927209100000001
0.99288155
0.9929917399999999
0.9950484199999999
0.8250476999999999
0.7059469799999999
0.9938419000000001
0.9926933699999999
0.9938603
0.8270017199999999
0.49602567999999997
0.99289073
0.9928127000000001
0.9927209100000001
0.99301469
0.99268878
0.95118202
0.82661018
0.99333163
0.9941271500000001
0.99297796
0.8286004
0.99097555
0.99407653
0.99258325
0.7092531099999999
0.99433889
0.99323515
0.5502869100000001
0.9927025500000001
0.99154749
0.82881466
0.99259243
0.99309276
0.88754764
0.99455072
0.99048648
0.62063311
0.45161692999999997
0.9928127000000001
0.99382811
0.99506686
0.45185259
0.8268011300000001
0.27587440999999996
0.9914376300000001
0.99441256
0.8264161400000001
0.2156957
0.9936165800000001
0.49483698
0.99263372
0.9941133499999999
0.99369474
0.9938097100000001
0.99301929
0.98141968
0.71202094
0.82829998
0.99301469
0.9939017
0.99402592
0.9910578700000001
0.9934419099999999
0.99340515
0.70641374
0.56427789
0.35439539000000003
0.8224409
0.70864927
0.99318921
0.70637656
1.0926723699999998
0.82839583
0.82823289
0.9554903400000001
0.93667368
0.99266125
0.8249050800000001
0.99045907
0.9926842
0.82881466
1.06810224
0.99418698
0.98255574
0.99264749
0.99282647
0.99200095
1.04401354
0.8291026499999999
0.9907423799999999
0.99440335
0.9924364699999999
0.9927484400000001
0.82857482
0.38118733
0.9950714700000001
0.99410414
0.99269796
0.9941501599999999
0.70913366
0.9930560199999999
0.55096459
0.49613568999999996
0.9887262
0.99293205
0.55111305
0.99119967
1.10511607
0.99409494
0.14590251
0.70899085
0.99261996
0.54941544
0.99316625
0.9932075899999999
0.31049109
0.62076048
0.99236767
0.38160052
0.83005444
0.8251554799999999
0.99497005
0.99353384
0.82870592
0.98944597
0.9931708399999999
0.99101213
0.8252886700000001
0.99320299
0.55108335
0.99294123
0.99251903
0.99179936
0.71075546
0.99250985
0.9939707099999999
0.49817285
0.9922805499999999
0.9920421899999999
0.64046634
0.83028551
0.99177188
0.41451052
1.06183861
0.9937177300000001
0.9925144400000001
1.0297360500000001
0.99225763
0.99315247
0.9946152100000001
0.49428914
0.9906372600000001
1.21005446
0.9931295
0.9915062899999999
0.9925052700000001
0.99258325
0.8250476999999999
0.9942468200000001
1.1065510600000001
0.99308358
0.99283106
0.99423761
0.99425603
0.98426703
0.96331682
0.81215179
0.2755088
0.99278975
0.99268878
0.99520059
0.9936165800000001
0.62050578
0.82900023
0.9922668
0.57946914
0.43842570999999997
0.9916070100000001
0.9915337599999999
0.62096511
0.9938787000000001
0.89625621
0.66372749
0.9939799100000001
0.61850597
0.9927346699999999
0.99734981
0.99369474
0.49668534000000003
0.55034332
0.99074695
0.9915978599999999
0.29201612
0.82837985
0.82702083
0.2920058
0.99206969
0.0
0.9890950700000001
0.9908520900000001
0.99403972
0.97345635
0.44944395
0.99079266
0.62136039
0.9927209100000001
0.99318003
0.70792975
0.9922347
0.62057751
0.61962671
0.7105861299999999
0.6217525700000001
0.8285971999999999
0.99041796
0.99197345
0.71039102
0.70933042
0.54536497
0.62079458
0.5366428400000001
0.97074132
0.98723079
0.9866184800000001
0.9925878400000001
0.9922438699999999
0.8271609999999999
0.9889265399999999
0.9947165699999999
1.12179386
0.71046858
0.99174898
0.9938787000000001
0.99285401
0.99198262
0.99601297
0.8273139500000001
0.9915246000000001
0.82679795
0.99672489
0.49600964
0.99265208
0.9927346699999999
0.9938419000000001
0.9923814299999999
0.99234933
0.54958135
0.22555777
0.61942832
0.62068154
0.62279118
0.99244564
0.3561445
0.49606464
0.99302847
0.99334541
0.99094354
0.49673934000000003
0.61955341
0.9939017
0.5517332300000001
0.99338217
0.26083442
0.9935844
0.61941938
0.49708083000000003
0.41376378
0.9934603
0.99369474
0.9928769599999999
0.45218463999999997
0.8271132099999999
0.82818817
0.82674384
0.99288614
0.9948870700000001
0.99247775
0.69313018
0.41357652
0.99254655
0.70805812
0.61978587
0.94847653
0.38230568
0.31026903
0.99245023
0.99297337
0.99087495
0.99280811
0.99241353
0.9920559400000001
0.9837890699999999
0.92318431
0.8234974300000001
0.8282967800000001
0.99289073
0.70856509
1.1488416
0.9917444000000001
0.98383865
0.9931938100000001
0.9917673
0.99219803
0.99593445
0.99185433
0.99053674
1.07921344
0.99279434
0.9943342900000001
0.5593527
0.99179478
0.9934556999999999
0.9906738199999999
0.7906205900000001
1.0435975100000001
0.62282912
0.9942284100000001
0.9931478699999999
0.9941363599999999
0.99415937
0.70828232
0.99206052
1.23276195
1.02399121
0.9505084100000001
0.62053985
0.99245481
0.99149256
0.99334541
0.99410874
0.94844302
0.9556264
0.45056137999999996
0.99293664
0.41374145
0.82834151
0.22567605000000002
0.3308249
0.49660150000000003
0.99340055
0.618465
0.70864927
0.98514751
0.38195684999999996
0.7105743699999999
0.99097555
0.9944448
1.02424518
1.00540448
0.9938971
0.49673015
1.00056081
0.99340974
0.0
0.8281211
0.8287730799999999
0.88782651
0.6204466200000001
0.12720703
0.10562471999999999
0.97238525
0.33107277
0.82676293
0.98997508
0.99366716
0.99235392
0.9758494799999999
0.29207729
0.99256949
0.99190472
0.9929045000000001
1.04036182
0.9924364699999999
1.01869172
0.9882257099999999
0.9913643999999999
1.04380041
0.9851791400000001
1.00033709
0.98773027
0.99988995
1.0564477700000001
1.06502988
0.9925649
0.99309735
0.49810698000000003
0.9940903400000001
0.99156581
0.99525594
0.9927071399999999
0.99332244
0.62166258
0.82847892
0.9915337599999999
0.99416397
0.98482223
0.99417778
0.99244105
0.99410874
0.99311572
0.99477647
1.124131
0.9932075899999999
0.99201011
0.82906744
0.99692386
0.9897378299999999
0.99227597
0.99273009
0.98886279
1.19869365
0.9927622100000001
0.24822039
0.99680817
0.56965453
0.99318921
0.49901791
0.49624805
0.61855407
1.15718031
0.99325812
0.49640520000000005
0.826677
0.80581302
0.9936579600000001
0.9932719
0.99332703
0.99278975
1.1840607699999999
0.9938465
0.99352464
0.9928769599999999
0.7076871199999999
0.99155665
0.82644476
0.99282647
0.99122712
0.99355682
0.71058377
0.99255573
0.99105329
0.99248233
0.99254197
0.9908520900000001
0.61949979
0.99294123
0.99177646
0.9937683199999999
0.7242606899999999
1.12599355
0.59778023
0.99301469
0.93365201
0.9970904899999999
0.99293664
0.6206313099999999
0.9936625600000001
1.01303088
0.55343951
0.99294123
0.83269689
0.9939017
0.9917902
0.99279893
0.99242729
0.9931938100000001
0.99125457
0.55258078
0.55097448
0.9942053900000001
0.9945875700000001
0.70913132
0.9939477
0.99252362
0.99330866
0.82708454
0.99259702
0.99281729
0.62067616
0.9915383400000001
0.35474547
0.9933546
0.9929458200000001
0.9919368
0.9917031799999999
0.9931111300000001
0.99551892
1.12276747
0.69839138
0.9931432800000001
0.49677266000000003
0.9920971900000001
0.99341894
0.99224846
0.6805612000000001
0.6208412400000001
0.7091805
0.99371314
0.41323590000000004
0.82680431
0.68539629
0.62219212
0.99340515
0.99267502
0.9939661
0.9945092699999999
0.99462442
1.1755761
1.33564929
0.9929595999999999
0.99242271
0.99237685
0.99430666
0.90464549
0.99273926
0.99048648
0.9917306600000001
0.99329028
0.99228972
0.9927484400000001
1.04352144
0.99190472
0.9936763500000001
0.9922347
0.82494628
0.99273009
0.99281729
0.99669251
0.99158412
0.8809213499999999
0.70886213
0.9934556999999999
0.8139494899999999
0.70898383
0.9925282
0.70816787
0.99363497
0.99379591
0.99315706
0.70785274
0.99206052
0.99138271
1.05661411
0.70766147
0.9929045000000001
0.99164365
0.99331325
0.83121106
0.49557696
0.9924685700000001
0.6207551
0.9929045000000001
0.9938005099999999
0.55114134
0.62074613
1.12627111
0.9939247
0.8283670700000001
0.55162126
0.98865792
0.9941271500000001
0.82152847
0.9935844
0.8294292799999999
0.26103416
0.99598064
0.99711364
0.23611695000000002
0.95818474
0.15036084
0.90775823
0.5724959
0.99283565
0.99273926
0.99428365
0.70783874
0.62132623
0.99239519
0.99339596
0.99283565
0.99203761
0.99322137
0.30818871999999997
1.0327072
0.7101208800000001
0.7102711899999999
0.55349799
0.9928035199999999
0.9928448299999999
0.99190931
0.99215677
0.8257551599999999
0.99311572
0.83097626
0.82855884
0.99409494
0.9927484400000001
0.99398451
0.9929136900000001
0.9928127000000001
0.9972016100000001
0.55354793
0.99182226
0.8669345800000001
0.99315706
0.9631094400000001
0.71073899
0.9922438699999999
0.8277316899999999
0.99382351
0.99338217
0.99303306
0.99694237
0.9934419099999999
0.9927254999999999
0.9941133499999999
0.99826315
0.95097141
0.99192763
0.24447841
0.9929136900000001
0.98378456
0.99163449
0.9582916400000001
0.99230806
0.9928769599999999
0.9583301299999999
0.61547826
0.82539017
0.38051393
0.33146164
0.99177646
0.81736972
0.92922825
0.8232006900000001
0.99372233
1.09631495
0.8268106799999999
0.99271173
0.9936625600000001
0.9923722600000001
0.99311572
0.9920788500000001
0.9920330199999999
0.49666352
0.9917169199999999
0.9920238600000001
0.31025693
1.09568287
0.99098012
0.99221637
0.8684386000000001
0.99256949
0.9873715
0.41525755
0.96079121
0.7090915099999999
0.55185941
0.6229158300000001
0.99228514
0.99109903
0.99257867
0.99308817
0.71028059
0.82671519
0.82674384
0.7985615199999999
0.99094811
0.45166156999999996
0.47168105
0.7087381399999999
0.70261176
1.00466601
0.70912898
0.9915200299999999
0.8267884
0.9914513599999999
0.9932994700000001
0.99430666
0.98896297
0.61864851
0.62006504
0.99280811
0.9927622100000001
0.61963028
0.55102679
0.95406827
0.9921476
0.72276644
0.9950899200000001
0.45128855
0.9993873999999999
0.9927209100000001
0.9931249099999999
0.43434576999999996
0.96095028
0.9930698
0.9932627100000001
0.9926429
0.55091229
0.8286004
0.99323974
0.9925511400000001
0.99267502
0.38195821
0.99217052
0.31024975
0.41319137
0.45176989
0.71018428
0.9924364699999999
0.96258277
0.98596166
0.97347841
0.9924594
0.9677839899999999
0.99331325
0.62083047
0.9533821
0.9945875700000001
0.9925052700000001
0.82631756
0.99100756
0.98829393
0.49682668
0.98873075
0.99403972
0.61646945
0.70682528
0.8285652299999999
0.99267961
0.9923264
0.99305143
0.9923309899999999
0.99357521
0.99302388
0.99241353
0.71033463
0.73835256
0.99258325
0.9936579600000001
0.70243479
0.9931938100000001
0.99289073
0.99502537
0.99403972
0.41370479000000004
0.5535493499999999
0.62177238
0.8280764
1.19422079
0.9937499200000001
0.99149714
0.71177315
0.70959996
0.99352464
0.99445401
0.9926933699999999
0.99457375
0.9929458200000001
0.99297337
0.99283565
0.9950391999999999
0.8268011300000001
0.9909069599999999
0.83193559
0.9906007099999999
0.82670564
0.9926429
0.82676293
0.99093896
0.9947718600000001
0.8323999499999999
0.82890743
0.9862831599999999
0.55177292
0.9938971
0.13054643999999999
0.353801
0.9939431000000001
0.9924594
0.99267043
0.99282188
0.9922622099999999
0.9932259600000001
0.99574049
0.99339136
0.70913132
0.826642
0.7060769600000001
0.99662313
0.82860999
0.49696465
0.6428590900000001
0.99075152
0.72967963
0.99264749
0.9933546
0.7999447399999999
0.9935062600000001
0.99261078
0.99308817
0.99154749
0.99307439
0.98864882
0.98829848
1.0209291600000001
1.06861248
0.88967294
0.9928723700000001
0.99244564
0.9928769599999999
0.9931432800000001
0.99228514
0.99288155
0.82668018
0.9947211699999999
0.9927025500000001
0.49686347
0.98763488
0.9939569
0.99369015
0.9930009200000001
0.99295041
0.55106497
0.6215959999999999
0.6718928099999999
0.9914376300000001
0.8341135199999999
0.98594808
0.992955
0.99182684
0.9925144400000001
0.61728102
0.61871981
0.7076708
0.45115866
0.99297796
0.82480053
0.99424222
0.99354763
0.9939338999999999
0.99410414
0.9925144400000001
0.9914376300000001
0.99329487
0.70917113
0.9946658899999999
0.99440335
0.70384146
0.9934143400000001
0.45006563
0.83048137
0.99210177
0.9928448299999999
0.9947534299999999
0.99012114
0.9933546
0.45110559
0.99162991
0.99404432
0.99187266
0.98971046
0.14190874
1.0238349900000001
0.68184041
0.9224665400000001
0.82868353
0.9934786800000001
0.41337828000000004
0.49677266000000003
0.99324893
0.9926658399999999
0.99306521
0.99292287
0.82859081
0.8266610900000001
0.55180695
0.9938465
1.03572052
0.94612807
0.9920834399999999
0.9938925000000001
1.13010585
0.45081297
0.99406273
0.99145594
0.99441717
0.49682208000000005
0.99504381
0.8271132099999999
0.62079637
0.99341894
0.45131225999999997
0.99203761
0.99381891
0.99261996
0.8248385399999999
0.99602221
0.99303765
0.61945512
0.82300194
0.99251903
0.49677036999999996
0.27566087
0.9933546
0.61901943
0.55241305
0.620608
0.55029537
0.86485022
0.73566131
0.8269635100000001
0.55189913
0.41421389
0.82689982
0.82705905
0.9936165800000001
0.33085802999999997
0.61953196
0.99351085
0.99304684
0.99418698
1.01529149
1.0332786299999999
0.99333163
0.98407759
0.99399831
0.7142779
0.35545655
0.9929687800000001
0.9911447699999999
0.71981325
0.9927530299999999
0.99360739
0.99129118
1.05641659
0.99332244
0.99273926
0.99199636
0.62071742
0.99655375
0.99329028
0.8015690499999999
0.90926875
0.9938925000000001
0.62071563
0.9965121299999999
0.8711653800000001
0.61954626
0.99330866
0.9939155
0.99354763
0.99401211
0.82710684
0.41366574
0.99307898
0.99263372
0.82689982
0.4138156
0.7100879999999999
0.9959483
0.8285939999999999
0.9928035199999999
0.9923585
0.8267183699999999
0.5440276000000001
0.43425354
0.4646664
0.82295463
0.9942284100000001
0.99256949
0.99408113
0.99218886
0.8287315
0.61950158
0.83069661
0.82520304
0.99349707
0.71143595
0.8270017199999999
0.99317543
0.9943665199999999
0.22550898
0.82855564
0.9929136900000001
0.81218251
0.9934373200000001
0.68204397
0.5509971
0.99383271
0.9271621299999999
1.01864823
0.61845787
0.9902809499999999
0.55080349
0.35452
0.43755028
0.9939247
0.7107248800000001
0.99329487
0.99301929
0.8095494200000001
0.99184975
0.99423301
0.82696032
0.99324893
0.62162299
0.8264161400000001
0.8252220699999999
0.99427904
0.24800968999999998
0.99328109
0.49698305
0.82770298
0.9932673099999999
0.9756544100000001
0.99212927
0.82777955
0.99340515
0.90450832
0.9910578700000001
0.99240436
0.99403512
0.99285401
0.61986637
0.99351545
0.45122028000000003
0.5520339
0.97968698
0.99179936
0.99196429
0.3107998
0.9337129000000001
0.82805405
0.99418238
0.99313869
0.9931019499999999
0.9934786800000001
0.99639192
0.97367262
0.99747953
0.92744242
0.99282188
0.41372631
0.9297110000000001
1.03842499
0.95846272
0.61966783
0.8109648799999999
0.38271516
1.08715184
0.99239519
0.41327009
0.97517149
0.9933362200000001
0.99211552
0.55272016
0.9685347400000001
0.99061898
0.9939109
0.99869954
0.9920650999999999
0.38188893
0.9953482
0.96050329
0.1711737
0.7916844500000001
0.99427444
0.9943711199999999
0.99279893
0.51848542
0.99451848
0.99231723
0.62072998
0.99246399
0.82521256
0.82851408
0.9929917399999999
0.99356601
0.7106261
0.92990424
0.9934603
0.45138246000000004
0.7077244399999999
0.61968035
0.9938005099999999
0.552396
0.55201971
0.99238602
0.99199636
0.9938603
0.99156123
0.70926248
0.8248575499999999
0.99331784
0.97850403
0.99242271
0.709225
0.82780188
0.89834454
0.9939431000000001
0.99292746
0.99474421
0.55182396
0.98730341
0.99316165
0.9921934400000001
0.82515231
0.80050832
1.24248351
0.99439414
0.70892999
0.99552815
0.9920238600000001
0.9931432800000001
0.70736077
1.19800488
0.9945092699999999
0.99286319
0.99254655
0.9896329199999999
0.9943481
1.0324937
0.99245481
0.99311572
0.99363957
0.9951637
0.99289073
0.99286319
0.873117
1.03548081
0.9948502
0.9926933699999999
0.99267043
0.9927346699999999
0.99286778
0.99516831
0.99108988
0.99089324
0.9938695
0.99363038
0.9892226399999999
0.99329487
0.9921613600000001
0.99221637
0.99352464
0.99033575
0.7102077699999999
0.99364417
0.99362578
0.9927668
0.98563584
1.04355187
0.92043823
0.9841317100000001
0.9917169199999999
0.9845468099999999
0.99310654
0.99360739
0.9652826600000001
1.03818904
0.9846596599999999
0.9946152100000001
0.96302306
0.9975861
0.99374073
0.82816901
0.5399716999999999
0.9938097100000001
0.8230397899999999
0.9927025500000001
0.8050547899999999
0.98255574
0.9924364699999999
0.99280811
0.98829848
0.99373153
0.6185808
0.83055846
0.99344651
0.99306061
0.9865368999999999
0.99017136
0.99316165
0.9923126499999999
0.9935016600000001
0.99304684
0.8266133600000001
0.9916528
0.61961955
0.99349707
0.9917673
0.9932856800000001
0.9922438699999999
0.9942698400000001
0.99441717
0.99403512
0.99279893
0.83343695
0.99357061
0.99001159
1.19792469
0.99359819
0.99329028
0.9935844
0.99497466
0.99330866
0.9936717500000001
0.99150171
0.99316165
0.9909298200000001
0.99330866
0.8941961700000001
0.99304684
0.99445401
0.9941501599999999
0.82858121
0.9887170999999999
0.4969888
0.7086539399999999
0.9938787000000001
0.99298714
0.9923401599999999
0.49413559999999995
0.99379591
0.26154856
0.99288614
0.20682132
0.38275882000000006
0.99373613
0.992955
0.99340974
0.992955
0.99637343
0.9943895399999999
0.99318003
0.99241812
0.9935016600000001
0.9938097100000001
0.9958374600000001
0.9928769599999999
0.9944586099999999
0.99365336
0.98748501
0.9928035199999999
0.9935062600000001
0.99196887
0.99441256
0.99373613
0.98801202
0.99360739
0.9940213099999999
0.9933362200000001
0.9936165800000001
0.99323974
0.99305143
0.81061896
0.99328109
0.99211094
0.99195512
0.99377752
0.4133743
0.9947396000000001
0.9931938100000001
0.7063440400000001
0.99228972
0.9067616599999999
0.98946421
0.82856203
0.99457375
0.99162075
0.99561585
0.98915429
0.82763918
0.9864417299999999
0.99373613
0.99267043
0.9924364699999999
0.9932994700000001
0.91379561
0.99318462
0.99369934
0.9934924700000001
0.99135982
0.99256949
0.99438033
0.99144678
0.99334541
0.9941133499999999
0.9938005099999999
0.99301929
0.9929458200000001
0.62060082
0.9938465
0.99400751
0.98968765
0.99265208
0.98944142
0.99323056
0.9932673099999999
0.8141222899999999
0.99357521
0.99429746
0.9944586099999999
0.99240895
0.99296419
0.99325812
0.99255573
0.9948502
0.99249609
0.99419158
0.99273926
0.99483638
0.99151545
0.99293205
0.99244564
0.98873531
0.98635112
0.99311572
0.99316165
0.96521325
0.9926383099999999
0.96812867
0.99416397
0.99340055
0.99418698
0.99307898
0.98973326
0.9949285600000001
0.99432968
0.9943434999999999
0.99241812
0.9865867500000001
0.99305143
0.9945369
0.99257408
0.99084752
0.98844859
0.99315706
0.98908596
0.99340974
0.99254655
0.99407653
1.2802301399999998
0.9929595999999999
0.9932994700000001
0.99194596
0.9878347700000001
0.8216353399999999
0.99363038
0.99376372
0.99064183
1.19469249
0.9931019499999999
0.99357981
0.9942192
0.99318003
0.9931478699999999
0.9932673099999999
0.99288614
0.99190931
0.9944908499999999
0.99221637
0.99356601
0.99318462
0.99324434
0.49412764000000003
0.98239842
0.99627636
0.9934281300000001
0.99050476
0.99250985
0.99398451
0.99311572
0.9942698400000001
0.99369934
0.99301469
0.99249609
0.9927346699999999
0.99103042
0.9895098
0.80738235
0.99418238
0.9935936
0.9925282
0.9908109500000001
0.99236767
0.99366716
0.9938511
0.82489241
0.9940213099999999
0.9931432800000001
1.10548016
0.99432508
0.9943481
0.99368555
0.99284024
0.99125457
0.9916756999999999
0.99284942
0.99239519
0.9926016099999999
0.82229603
0.70933042
0.99307439
0.99221178
0.9968683199999999
1.11297993
0.8271833
0.99262455
0.9925511400000001
0.9939338999999999
0.99177646
0.99122712
0.9868633099999999
0.9909663999999999
0.9916024400000001
0.9938511
0.99304684
0.9929182799999999
0.9932627100000001
0.9938465
0.98983363
0.99306521
0.9938832999999999
0.9932075899999999
0.9932627100000001
0.94216392
0.96298851
0.95619232
0.95336094
0.99323974
0.7102923400000001
0.99330866
0.99132779
0.99354303
0.98656409
0.9878347700000001
0.99410414
0.9908155200000001
0.95566468
0.99745636
0.99179936
0.99403972
0.70895808
0.49683128000000004
0.82837985
0.99334541
0.99488247
0.9848628700000001
0.99357061
0.99310654
0.99316165
0.99263372
0.99439875
0.9896922100000001
0.99342353
0.99249609
0.9935016600000001
0.99239978
0.9944586099999999
0.43093952
1.1025401700000002
1.3205045000000002
0.99245481
0.9938925000000001
0.9936579600000001
0.99221637
0.99299633
0.99282188
0.9913323599999999
0.9938097100000001
0.9937039400000001
0.9908018
0.99267961
0.99263372
0.98766667
0.99106244
0.5525978500000001
0.99450466
0.82487656
0.98915429
0.9928127000000001
0.9939247
0.99249609
0.98590281
0.9943665199999999
0.9913323599999999
0.99285401
0.82650837
0.96321744
0.99408573
0.99347409
0.9920742699999999
0.99371314
0.99360739
0.9923401599999999
0.99292287
0.9937499200000001
0.98616088
0.9863964199999999
0.9907698100000001
0.99344651
0.99369934
0.98621522
0.93875373
0.98782569
0.9929182799999999
0.98364487
0.9941731699999999
0.96539115
1.09936247
0.99183601
0.99297796
0.9926933699999999
0.99279893
0.99309735
0.98837126
0.99248692
0.97970932
0.99336379
0.99377752
0.99363957
0.99267961
0.99321218
0.99621165
0.62261243
0.8345122100000001
0.9918634900000001
0.99325812
0.9931295
0.82681386
0.9927530299999999
0.9936763500000001
0.9925282
0.9931203200000001
0.9916756999999999
0.99432048
0.99376372
0.99202844
0.98469578
1.20288338
0.9913186399999999
0.9939017
0.9935062600000001
0.99241812
0.9903951200000001
0.99307898
0.99354303
0.99267043
0.9934373200000001
0.6929959800000001
0.99411795
0.99356601
0.9919505399999999
0.98598429
0.99261996
0.99195512
0.99570817
0.9938511
0.99114935
0.99108531
0.9905001900000001
0.99285401
0.35374505999999994
0.99210177
0.9895326
0.99236309
0.99283565
0.99289991
0.99295041
0.99368095
0.99464746
0.9946935299999999
0.98911785
0.98584398
0.9965121299999999
0.99344651
0.99318921
0.99457836
0.7088551099999999
0.99101213
0.82851408
0.98868523
0.99211552
1.53180519
0.9933592
0.99330866
0.9938741
0.7097430199999999
0.9894323
0.9044168899999999
0.7076218299999999
0.99468892
0.99329028
0.98689959
0.99034488
1.19810514
0.9935936
0.99340515
0.99134609
0.99257867
0.99457836
0.98948701
0.9933867700000001
0.99234475
0.9932075899999999
0.99376372
0.9938648999999999
0.9923585
0.95814627
0.99682205
0.93870859
0.99355222
0.9905001900000001
0.9896694100000001
0.9904956199999999
0.9939247
0.9958282199999999
0.99000247
0.72334829
0.99155207
0.41210744
0.9929136900000001
0.99279893
0.6672229199999999
0.83058095
0.99309735
0.9919368
0.99253279
0.99328109
0.99369934
0.99629484
0.9868633099999999
0.9936763500000001
0.99237685
0.9932627100000001
0.8267597499999999
0.99307439
0.98907229
0.9928723700000001
0.98953716
0.99249151
0.99248692
0.81407292
0.99421
0.99286778
0.9901394
0.9932856800000001
0.9931295
0.98826664
0.99302388
0.9932673099999999
0.99355682
0.90699911
0.7486408099999999
0.98673181
0.99450466
0.98952804
0.9628633000000001
0.99237685
0.9906509699999999
0.99360739
0.70916645
0.9905732899999999
0.98577157
0.9922438699999999
1.08033185
0.9954266300000001
0.99211094
0.99267043
0.99184975
0.99282647
0.9918451699999999
0.9941731699999999
0.9928035199999999
1.1324777799999999
1.1189589599999998
0.9940903400000001
0.99441717
0.9929090899999999
0.99199636
0.9920238600000001
0.9939431000000001
0.9936717500000001
0.99233558
0.16563866000000002
0.9898746900000001
0.9956481599999999
0.9931708399999999
0.9922713799999999
0.99187724
0.9527349599999999
0.5913359100000001
0.99351545
0.99401211
0.99307898
0.9921934400000001
0.9885669
0.99282188
0.9939063
0.99379591
0.99244564
0.9860522
0.99423301
0.9917031799999999
0.9932673099999999
1.26292852
0.9926933699999999
0.93023454
0.98833032
0.9934511100000001
0.9851429899999999
0.82494628
0.9947534299999999
0.44957191
0.75946953
0.99306521
0.99439875
0.99441256
0.82690619
0.9923218199999999
0.99025355
0.99373613
0.9911127500000001
0.99244105
0.99254197
0.99336839
0.99612385
0.99004811
0.9922438699999999
0.99213385
0.98983363
0.70954838
0.9925282
0.35465701000000005
0.9945599300000001
0.98417681
0.99315706
0.99206052
1.12263834
0.9932627100000001
0.9939338999999999
0.99328109
0.99297796
0.99037685
0.82855244
0.99366716
0.9924364699999999
0.9922255400000001
0.9939247
0.82758177
0.99321677
0.99293664
0.9920880200000001
0.99538972
0.99425603
0.98449716
0.99339136
0.7076195
0.98951436
0.29205623
0.45099191
0.9964474
0.71034403
0.99662313
0.9928127000000001
0.9916894399999999
0.9937177300000001
0.9182617500000001
0.900386
0.72280536
1.08622252
0.9935844
0.99060528
0.99239519
0.99231723
0.9940535199999999
0.99351085
0.99347409
0.55032639
0.9901531
1.08136001
0.99008462
0.99243188
0.99404892
0.8219120700000001
0.99357981
0.99401211
0.9923722600000001
0.8321419
0.99240895
0.98972414
0.99363957
0.99325352
0.99265208
0.9938051099999999
0.9940167099999999
0.99225763
0.99229431
0.8247656800000001
0.91653734
0.86262338
0.9932673099999999
0.99404432
0.9920559400000001
0.9927254999999999
0.9928769599999999
0.9921476
0.99303765
0.7088457499999999
0.99324434
0.99228972
0.9938419000000001
0.99083381
0.9891861900000001
0.9903951200000001
0.9944954500000001
0.9916894399999999
0.96612514
0.99269796
0.99289991
0.98804839
0.98813477
0.99154749
0.99190472
0.9939707099999999
0.9916894399999999
0.9941685699999999
0.98675448
0.99223929
0.98789839
0.8273522
0.99313869
0.9932627100000001
0.99334541
0.55181971
0.99428365
0.80879937
0.9926016099999999
0.99409954
0.82757858
0.99191389
0.82661654
0.99110361
0.99369934
0.99324434
0.98760762
0.99108988
1.02684087
0.49679335
0.99361199
0.8282105300000001
0.99323974
0.9926016099999999
0.9911951000000001
0.99306061
0.9930101
0.99302847
0.99243188
0.99154292
0.99427904
0.99163907
0.99423301
0.9928035199999999
0.99399371
1.121788
0.9936763500000001
0.99241812
0.82758814
0.99418698
0.99333163
0.31025020000000003
0.99400751
0.82538066
0.9929687800000001
0.9898016900000001
0.55275146
0.70656482
0.99294123
0.9939293
0.9938005099999999
0.82492093
0.9926016099999999
0.8267088300000001
0.99215677
0.99115392
0.99217969
0.99321218
0.9927668
0.99278975
0.9870674300000001
0.99271632
0.9944079600000001
0.9559667199999999
0.82577739
0.99019419
0.8275626300000001
0.99376372
0.9927025500000001
0.9945092699999999
0.9933040599999999
0.9932259600000001
0.9926658399999999
0.91538483
0.99298255
0.9940581199999999
0.9938925000000001
0.99306521
0.99084752
0.992955
0.99027181
0.99322137
0.99377292
0.99432508
0.99183143
0.9933592
0.9916802800000001
0.99369474
0.994606
0.99574973
0.9932765
0.70929762
0.99300551
0.98867158
0.99347409
0.9938143100000001
0.99354763
0.99363038
0.9943342900000001
0.97940995
0.99400751
0.99182226
0.99304225
0.99264749
0.95525657
0.99373613
0.99428825
0.99248233
0.99279893
0.9932075899999999
0.9940581199999999
0.99335001
0.98940039
0.5593643500000001
0.9926429
0.99282647
0.99316625
0.99120425
0.9919368
0.9946566699999999
0.98481319
0.99474882
0.99432968
0.9949009
0.99311572
1.42718392
0.99206969
0.99268878
0.99348328
0.9927805700000001
0.99470274
0.9943527
0.99041796
0.9932627100000001
0.9938832999999999
1.09927243
0.99309276
0.9955512299999999
0.9928035199999999
0.99067839
0.99261537
0.99178562
0.99351545
0.99409954
0.9947949
1.21027269
0.9947534299999999
0.99421
1.02369833
0.9946566699999999
0.99321677
0.99437573
0.9942514199999999
0.9514264400000001
0.98754404
0.99265666
0.99320299
0.9969794000000001
0.99201928
0.99253738
0.99357981
0.99500232
0.99362578
0.99355682
0.99273009
0.99211552
0.97573864
0.9931203200000001
1.02985457
1.01245298
0.9951590899999999
0.99038599
0.82784656
0.98578514
0.99331784
0.99285401
0.98475448
0.99162991
0.99329487
0.9926658399999999
0.9941455600000001
0.98688145
0.99267961
0.9920880200000001
0.9923905999999999
0.99060528
0.9930698
0.99427444
1.17905502
0.8281211
0.99296419
0.9923905999999999
0.99134609
0.9926016099999999
0.98527407
0.99470274
0.99349707
0.9942238
0.9460905599999999
0.9938465
0.99181768
0.98698577
0.9939661
0.9904271
0.99297337
0.99340974
0.99382811
0.9947119600000001
0.38192832000000004
0.9936027900000001
0.9943434999999999
0.98395585
0.61543416
0.99282647
1.05262614
0.99179478
0.98975151
0.98526955
0.99340515
0.98718541
0.9939569
0.98332058
0.9932765
0.99398911
0.9931938100000001
0.99252362
0.99273926
0.99399831
0.9915246000000001
0.99402592
0.9917215
0.99262455
0.99203761
0.99293205
0.99201928
0.9928723700000001
0.98558608
0.99545432
0.99038599
0.99174898
0.9927530299999999
0.82788167
0.99302388
0.99406733
0.9934419099999999
0.99233558
0.93899181
0.99269796
0.99228514
0.9880756599999999
0.9943527
0.9921934400000001
0.99259702
0.99156123
0.99432508
0.99200553
0.98848499
0.61894093
0.99503459
0.99052303
0.99377292
0.99293664
0.99487786
0.9931708399999999
0.99235392
0.9938925000000001
0.99451388
0.99212469
0.99325812
0.9929458200000001
0.99399371
0.99200095
0.99357981
0.99262455
0.9905778599999999
0.9913049100000001
0.9921521900000001
0.99257408
0.9962209
0.99448624
0.82499698
0.98966485
0.9880211099999999
0.9917444000000001
0.9891041800000001
0.99251903
0.9922713799999999
0.9934556999999999
0.99248233
0.9905001900000001
0.98989751
0.8245883399999999
0.9897606299999999
0.62402724
0.9882620900000001
0.98635565
0.9939753100000001
0.9939063
0.9936487700000001
0.9937039400000001
0.99627636
0.99368095
0.99202844
0.98848044
0.9931203200000001
0.9946428500000001
0.9927025500000001
0.99197345
0.9903220500000001
0.99301469
0.8277285000000001
0.9931478699999999
0.99941996
0.9936027900000001
0.70971956
0.992955
0.99352464
0.99309276
0.98427605
0.99106244
0.98899485
0.99359819
0.9852062599999999
0.99462903
0.99189556
0.99341894
0.9915246000000001
0.99329028
0.9922530399999999
0.99240436
0.9923722600000001
0.99164823
0.98346919
0.9938511
0.99340055
0.9927025500000001
0.99600835
0.99468892
0.98703114
0.9930101
0.99199636
0.9932856800000001
0.99218428
0.99354303
0.99357521
0.99109446
0.94614474
0.9931341
0.99259243
0.99354763
0.99279893
0.9927484400000001
0.99176272
0.9921521900000001
0.99375912
0.99100756
0.99375912
0.98877173
0.9931203200000001
0.9938373
0.99374073
0.99281729
0.9933867700000001
0.99073324
0.38118462999999997
0.99053217
0.99519598
0.9917031799999999
0.99247775
0.99409494
0.99302388
0.8284853200000001
0.9931478699999999
0.99332703
0.92863355
0.49683358
0.99495622
0.98563584
0.8750132
0.9915749599999999
0.99201011
1.12252684
0.99186807
0.9927805700000001
0.99411795
0.9918589099999999
0.99292287
0.9926429
0.99061442
0.9927346699999999
1.0466289
0.38122658000000004
0.99333163
0.99298714
0.9927071399999999
0.7778032500000001
0.9930101
0.9933867700000001
0.9938419000000001
0.99217052
0.9931203200000001
0.99333163
1.04176991
0.97623987
0.99311572
0.9817113000000001
0.99128203
0.9936165800000001
0.9002463500000001
0.99309735
0.9937683199999999
0.9949977099999999
0.99303306
0.9938695
0.88696112
0.9917215
0.99187724
0.99337758
0.99256032
0.99148798
0.99348328
0.9939017
0.82715144
0.99298714
0.99256032
0.99328109
0.99248692
0.9651048
0.99127745
0.9906738199999999
0.9915200299999999
0.99279434
0.987594
0.99098012
0.9841497499999999
0.9882439
0.99322137
0.9938557
0.9900526700000001
0.99134609
0.9896557300000001
0.9854006599999999
0.99275762
0.99306061
0.99197345
0.99463824
0.99459218
0.99318003
0.99186807
0.99286319
0.98968765
0.99469814
0.99241353
0.9956712400000001
0.9938511
0.99357521
0.9931708399999999
0.99371314
0.45119847
0.98990207
0.98724441
0.9788786899999999
0.9842534999999999
0.99283106
0.99495161
0.99268878
0.99212927
0.99302388
0.99316625
0.99029465
0.9934786800000001
1.00484465
0.99213385
0.9933408199999999
0.97870024
0.9944494
0.9943711199999999
0.9939293
0.9707456999999999
0.99239978
0.99430666
1.0207350499999999
0.82462
0.9913049100000001
0.9939109
0.82871551
0.9938373
0.99382811
0.9932856800000001
0.99247316
0.98722171
0.99273926
0.88332736
0.99247775
0.99191847
0.97275083
0.9928448299999999
0.8277412599999999
0.9934924700000001
0.99267502
0.9925052700000001
0.8283159499999999
0.99441256
0.99223012
0.98748501
0.9484388300000001
0.9950484199999999
0.9882257099999999
0.99300551
0.99229431
0.9925144400000001
0.99469814
0.99259243
0.99318462
0.9916802800000001
0.99050476
0.99141932
0.9931478699999999
0.99249609
0.9936763500000001
0.9939707099999999
0.9920330199999999
0.99334541
0.99355682
0.99306521
0.8271132099999999
0.99242729
0.99401211
0.99296419
0.9845332600000001
0.9931478699999999
0.9973915
0.98850319
0.98967397
0.99247775
0.9934373200000001
0.99189098
0.9920742699999999
0.9923309899999999
0.99359819
0.9926429
0.9934327199999999
0.9928953199999999
0.9647882799999999
0.9932856800000001
0.91602519
0.9938097100000001
0.98716726
0.97059653
0.49680368999999996
0.99362118
0.9929182799999999
0.99228514
0.99357061
0.99277598
0.99305143
0.9927484400000001
0.9935844
0.99365336
0.99271173
0.99054131
0.99058243
0.72551594
0.9929458200000001
0.9929045000000001
0.9938557
0.9949469999999999
0.99439414
0.9901531
1.12893548
0.99339136
0.99087038
0.9937177300000001
0.99267043
0.9935016600000001
0.9936487700000001
0.99101213
0.96070095
0.99269796
0.23628686
0.99238602
0.99151545
0.99340974
0.99432048
0.82918268
0.49481988
0.99318003
0.82706861
0.99498388
0.9851203900000001
0.7062186
0.50764575
0.99338217
0.9938741
0.99379591
0.9946704900000001
0.98494418
0.99288155
0.9938465
0.9705000300000001
0.99225763
0.99324893
0.8281243
0.99054588
0.9933867700000001
0.99221178
0.98408661
0.99174898
0.9852785900000001
0.99281729
0.9939385000000001
0.9939385000000001
0.99303765
0.99256949
0.99304225
0.9936625600000001
0.99421
0.99308817
0.99403052
0.8958113
0.9933040599999999
0.99339136
0.99273009
0.9926429
0.99681742
0.7038299299999999
0.98775753
0.7268813199999999
0.98948701
0.9990108200000001
0.99223929
0.98573537
0.9868723799999999
0.9935016600000001
0.9934603
0.82720242
0.9932075899999999
0.96557346
0.99241812
0.9931295
0.9944494
0.9928448299999999
0.9939155
0.99348328
0.99381891
0.91720282
0.99369474
0.99338217
0.99249609
0.99212927
1.00218576
0.9935062600000001
0.9952928400000001
0.9907652400000001
0.9923905999999999
0.99341894
0.98995226
0.9940903400000001
0.99480873
0.98612465
0.99310654
0.9939569
2.9234567800000004
0.98618352
0.99322137
0.99379591
0.9937821200000001
0.9945415099999999
0.99235392
0.99540818
0.99363957
0.99310654
0.45120037
0.99271632
0.9935062600000001
0.99304225
0.99170776
0.9923126499999999
0.99399831
0.99538511
0.99414096
0.94375803
0.99356601
0.99351545
0.82587584
0.78498794
0.9949285600000001
0.99360739
0.9941961899999999
0.8052812
0.99241353
0.98862606
0.9939017
0.99219803
0.99362118
0.9947073500000001
0.99455072
0.99217969
0.9879620199999999
0.7096750000000001
0.99451848
0.9929595999999999
0.99190472
0.9931111300000001
0.99331784
0.9927622100000001
1.02988421
0.97583618
0.99030378
0.99261078
0.9937821200000001
0.99261996
0.9931249099999999
0.9942468200000001
0.99318921
0.9669429700000001
0.99304225
0.99507608
0.9934786800000001
0.99284942
1.09638211
0.99267043
0.99318003
0.99366716
0.9939063
0.9946658899999999
0.9934143400000001
0.99318003
0.99248233
0.9935016600000001
0.9939385000000001
0.9928953199999999
0.99298714
0.9945875700000001
0.62053089
0.35640278999999997
0.9938143100000001
0.99366716
0.98832577
0.70888787
0.99353843
0.97970485
0.9534836900000001
0.9927622100000001
0.99094354
0.99279893
1.2172011500000002
0.99437573
0.9931938100000001
1.02381546
0.99473039
0.99315706
0.9893137900000001
0.99294123
0.99298255
0.99211094
0.99269796
0.98682703
0.8713633299999999
0.9938832999999999
0.9939247
0.99199178
0.99271173
0.99279893
0.9956297000000001
0.99186807
0.99124085
0.99243188
0.9922530399999999
0.9934143400000001
0.9920971900000001
0.9933040599999999
1.09837845
0.81991625
0.99321218
0.99313869
0.99104415
0.97282134
0.9921934400000001
0.99061898
0.6207551
0.9914650899999999
0.9938832999999999
0.98025491
0.99336839
0.99090238
0.9929595999999999
0.99236767
0.99125
0.99273009
0.9875395
0.99377752
1.0019613200000002
0.9923264
0.8273330799999999
0.99403052
0.7577490899999999
0.99060528
0.9965722499999999
0.45122881
0.9943112700000001
0.9931249099999999
0.9928448299999999
0.58410294
0.8068636100000001
0.98741236
0.99299633
0.99308358
0.99325812
0.9938787000000001
1.0403366200000002
0.9945829700000001
0.99430206
0.9919505399999999
0.9911768
0.9927346699999999
0.9855951199999999
0.99306061
0.82658791
0.99409494
0.99406733
1.11561649
0.99355222
0.9939247
0.99406273
0.9936717500000001
0.7720567800000001
0.9949884900000001
0.98614276
0.8614572300000001
0.5517956
0.8247910199999999
0.99362118
0.99908054
0.82620947
0.9933729800000001
1.0494214800000001
0.9932673099999999
0.9938787000000001
0.99247775
0.99356142
1.10523551
0.9930101
0.99462442
0.9844294600000001
0.99201469
0.99293205
1.33023839
1.10608941
0.9943112700000001
0.990587
0.9809758399999999
0.9915200299999999
0.9938097100000001
0.6532726700000001
0.9932259600000001
0.9934373200000001
0.9921613600000001
0.99353843
0.99304684
0.9485687
0.99245481
0.9873624200000001
0.99211552
0.9944816400000001
0.99298714
0.99084752
0.9920834399999999
0.99309735
0.55108901
0.9915749599999999
0.9938832999999999
0.9933546
0.99293205
0.99308358
0.99297796
0.99351545
0.9939569
0.99438493
0.7081118200000001
0.33059419
0.99267961
0.9952467199999999
0.99370854
0.99299633
0.97061847
0.9900937500000001
0.99186807
0.99351085
0.99415476
0.9833476
0.99406273
0.9939523
0.99353843
0.7078037500000001
0.99219803
0.99332703
0.9927805700000001
0.98370795
0.99595754
0.99033575
0.99381891
0.99348787
0.99282188
1.20937301
0.9929458200000001
0.41478112
0.99283106
0.9939338999999999
0.9924685700000001
0.99263372
0.9927851599999999
0.99340974
0.99349707
0.9935200500000001
0.99641504
0.99250985
0.70946399
0.99310654
0.99362578
0.99192763
0.99403052
0.9942514199999999
0.55261775
0.992955
0.99106701
0.8282297
0.99352464
0.82669291
0.99356142
0.9905732899999999
0.9935844
0.9933867700000001
0.99144221
0.9937683199999999
0.9923218199999999
0.9941731699999999
0.9945829700000001
0.9932719
0.99309276
0.99298714
0.9961099900000001
0.55106214
0.99520059
0.99108074
0.91120554
0.9934556999999999
0.99156123
0.98375752
0.99137813
0.96098039
0.95097563
0.49611506
0.99375452
0.99243188
0.99294123
0.98865337
0.9933040599999999
0.99306521
0.61247305
1.08354793
0.9112635400000001
0.9931295
0.99330866
0.9756544100000001
0.99311572
0.99264749
0.99269796
1.00696022
0.9926658399999999
0.99299633
0.82743509
0.99244105
0.99666476
0.99127745
1.30241298
0.99273009
0.99410874
0.99177188
0.9936717500000001
0.9927805700000001
0.56951705
0.989291
0.99024898
0.98870344
0.99247775
0.99265666
0.9922530399999999
0.99552815
0.99410414
0.9972155100000001
0.9935016600000001
0.99498388
0.99335001
0.98947789
0.99413175
0.99284942
0.99256032
0.99321218
0.70908917
0.99000703
0.98810749
0.97563225
0.99323974
0.7088176799999999
0.99457836
0.99357521
0.99426063
0.99418238
0.99283106
0.99306061
0.82668655
0.9933592
0.99273009
0.9898473099999999
0.9678973999999999
0.99230348
1.019151
0.98972414
0.9941363599999999
0.99219803
0.99308817
0.9931295
0.99309735
0.99282647
0.9918589099999999
0.99346489
0.9944448
0.9859299699999999
0.9941961899999999
0.83227736
0.9860793700000001
0.98405505
0.9939661
0.9934373200000001
0.98960556
0.9921201000000001
0.9845016699999999
0.99145594
0.99421
0.9922530399999999
0.8261268300000001
0.99184975
0.9946566699999999
0.99298714
0.99307898
0.99253279
0.99190472
0.9937039400000001
0.99263372
0.99299633
0.99031291
0.99282647
0.8495397800000001
0.99241353
0.99288155
0.9934327199999999
0.99191389
0.98142416
0.85694023
0.9929182799999999
0.922744
0.9939615
0.9928769599999999
0.8285971999999999
0.99079266
0.98858965
0.7089955299999999
0.9933546
0.49504573999999996
0.99253738
0.99363038
0.7092718499999999
0.99337758
0.99302388
0.99224846
0.9941501599999999
0.9681155699999999
0.9944954500000001
0.9885805499999999
0.87939543
0.992955
0.99255573
0.99295041
0.9915749599999999
0.9959898699999999
0.9942514199999999
0.9932719
0.99318003
0.9928448299999999
1.22122974
0.99271173
0.9929136900000001
0.99021702
0.98497129
0.8273617600000001
0.99340515
0.99374533
0.99243188
0.99184975
0.99268878
0.99308358
0.99190931
0.99432968
0.9904910499999999
0.9935200500000001
0.99330866
0.99305143
0.99325812
0.9936579600000001
0.9937683199999999
0.9931295
0.99356601
0.99470274
0.99334541
0.9932994700000001
0.9938648999999999
0.99051389
0.9932994700000001
0.9875168
0.81223473
0.9933546
0.9930009200000001
0.99261078
0.9923814299999999
0.99362578
0.9933867700000001
0.98795748
0.9919872
0.99296419
0.9947211699999999
0.99263372
0.99239519
0.99463364
0.99299633
0.99299633
0.9942007900000001
0.9923264
0.99129576
0.9927025500000001
0.9892226399999999
0.41146391
0.70783174
0.99305143
0.9937039400000001
0.99222095
0.99679429
0.98849864
0.82665791
0.8256123
0.98887645
0.99355222
0.99225763
0.99288155
0.99266125
0.99250068
0.9941501599999999
0.99180852
0.99277139
0.9934556999999999
0.99317543
0.99244564
0.99225763
0.91244058
0.99304225
0.9942007900000001
0.99323974
0.99353843
0.99174898
0.99336839
0.99374073
0.99416397
0.99354763
0.99371314
0.99305143
0.99253279
0.99374533
0.99257867
1.12886427
0.99261537
0.99306521
0.9936487700000001
0.99403972
0.99347409
0.9931708399999999
0.62269367
0.99318462
0.99342353
0.99339596
0.99496083
1.20542214
0.99252362
0.61660043
0.96046033
0.99304225
0.82727571
0.9929595999999999
0.99329487
0.9920467700000001
0.99340055
0.99586979
0.9931341
0.9926658399999999
0.9951360300000001
0.98591187
0.9927254999999999
0.70924139
0.99302847
0.99432508
0.9927805700000001
0.96802393
0.9926383099999999
0.99363038
0.9938051099999999
0.9926016099999999
0.99323515
0.98353225
0.99253738
0.55182254
0.99316165
0.9931203200000001
0.9938557
0.8267374700000001
0.99351085
0.99196429
0.94847653
0.98848044
0.99302388
0.99409954
0.9937499200000001
0.9847815799999999
0.99317543
0.9938925000000001
0.9928448299999999
0.99298714
0.99292746
1.03499672
0.9908520900000001
0.79851401
0.25444752000000004
0.99382351
0.99230348
0.98963748
0.99352924
0.99341894
0.9923814299999999
0.99046364
0.8301346599999999
0.99254655
0.9929090899999999
0.44261404
0.99285401
0.72123716
1.16799937
0.7063928300000001
0.98967397
0.98987925
0.8275020399999999
0.9938143100000001
0.83063235
0.9925052700000001
0.9927530299999999
0.9931478699999999
0.9941363599999999
0.99206969
0.99321677
0.99355682
0.9920971900000001
0.99255573
0.9642684300000001
0.99309276
0.9922805499999999
0.99237685
0.8287379
0.9908246599999999
0.99252362
0.99268878
0.9934143400000001
0.99298714
0.99435731
0.9931341
0.99251903
0.9923585
0.9938465
0.9946704900000001
0.9939707099999999
0.99321677
0.9932856800000001
0.9928127000000001
0.99318003
0.9939017
0.99277598
0.9721827500000001
0.9937683199999999
0.9937683199999999
0.81585125
0.8795503100000001
1.3742927800000002
0.92902323
0.99210177
0.9936027900000001
0.9929136900000001
0.9927622100000001
0.99215677
0.99236767
0.82864836
0.99372233
0.98055032
0.99254197
0.99277139
0.9946704900000001
0.99229431
0.99317543
0.9944908499999999
0.99224846
0.8735503
0.9912728799999999
0.9804966
0.9933729800000001
0.9927025500000001
0.5462569700000001
0.99236767
0.55187785
0.7102665
0.9907835199999999
0.9938648999999999
0.9938787000000001
0.9928953199999999
0.98550466
0.99306521
0.9928586
0.86906769
0.99372233
0.9925144400000001
1.3117367899999999
0.99318921
0.99265208
0.99109446
0.99425603
0.82618086
0.98748501
0.99274385
0.8154423199999999
0.9937821200000001
0.99231723
0.99138271
0.9933729800000001
0.99154292
0.9922530399999999
0.99354763
0.99303306
0.8320065
0.9914788299999999
0.9926429
0.8268552499999999
0.99255573
0.9890085200000001
0.98564036
0.9920650999999999
0.99011201
0.7082425999999999
0.99366716
0.9938879
0.99173524
0.9930698
0.99217052
0.99283565
0.99247775
0.99249609
0.99124542
0.7010932400000001
0.99506225
0.9934556999999999
0.99284942
0.98611559
0.9914239
0.9930101
0.9879120299999999
0.99269796
0.99432508
0.9934281300000001
0.99280811
0.99286319
0.9922713799999999
0.99332244
0.99316625
0.7094991500000001
0.99429746
0.9926383099999999
0.99427444
0.9921521900000001
0.98978801
0.8280891699999999
0.9911951000000001
0.9939753100000001
0.99450466
0.9931478699999999
0.9007750099999999
0.8834327399999999
0.99034031
0.99266125
0.99025355
0.5502812699999999
0.9944770300000001
0.99330866
0.9926016099999999
0.9928769599999999
0.9948179399999999
0.83361165
0.99315706
0.9943665199999999
0.99283106
0.9934924700000001
0.9950945299999999
0.9930560199999999
0.99267502
0.99161617
0.99197803
0.9228629599999999
0.99415937
0.9938557
0.99084752
0.9926933699999999
0.99267961
0.98988382
0.99254197
0.9917306600000001
0.99288155
0.99054131
0.9936027900000001
0.9937039400000001
0.9914330499999999
0.99282647
0.99241812
0.9926658399999999
0.8273139500000001
0.9946704900000001
0.99377292
0.9938648999999999
0.95346676
1.35484508
0.99245481
0.99318003
0.99116765
0.4967991
0.8282265
0.9936165800000001
0.99315706
0.82645112
1.00332825
0.9939799100000001
0.9909618299999999
0.97071938
1.00880504
0.99313869
0.99236767
0.9939615
0.9938971
0.99310654
0.9927622100000001
0.9864236099999999
0.99320299
0.99323974
0.9946704900000001
0.9930560199999999
0.993589
0.99362118
0.99297337
0.99631333
0.9618369099999999
0.99265208
0.9610405900000001
0.99334541
0.9941501599999999
0.9936625600000001
0.99325812
0.98848044
0.9939615
0.9933729800000001
0.9938787000000001
0.99214302
0.9924364699999999
0.99377292
0.9930009200000001
0.82758495
0.9939063
0.99263372
0.99304225
0.9937177300000001
0.9934603
0.99266125
1.0853222100000002
1.08008734
0.99323974
0.99556969
0.9942146
0.99242729
0.99351545
0.9927484400000001
0.99322137
0.7096374799999999
0.9929182799999999
0.9954497000000001
0.9929045000000001
0.9912866
0.98945053
0.9899477
0.99250068
0.99351085
0.98835306
0.9934373200000001
0.81646541
1.01544992
0.9928035199999999
0.9925511400000001
0.99253738
0.99129576
0.99242729
0.99353384
1.02976568
0.99349707
0.9944448
0.99234475
0.99252362
0.82497163
0.9024746899999999
0.99283106
0.9942468200000001
0.99323515
0.99163907
0.9924364699999999
1.00269581
0.99199636
0.9938603
0.9882439
0.99377292
0.9938603
0.9939385000000001
0.31025155000000004
0.99400751
0.99641504
0.99262455
0.9936487700000001
0.99236309
0.9942146
0.97787577
0.99512681
0.99437573
0.6195283899999999
0.99308817
0.9880620299999999
0.98635565
0.71032993
0.99095268
0.99262913
0.99525594
0.99064183
0.71034638
0.9926842
0.99265666
0.99331784
0.98353675
0.98634205
0.99087038
0.9874350599999999
0.71263528
0.9932627100000001
0.9914101700000001
0.97899025
0.99249609
0.99284024
0.9923814299999999
0.91139116
0.98101618
0.9941455600000001
0.9938511
0.99248233
0.99340515
0.98341064
0.70366157
0.99363497
0.29206497
0.99282647
0.983037
1.0869482499999998
0.45118899
0.9931432800000001
1.0016715600000001
0.99398451
0.9951360300000001
0.99190931
0.97596036
0.99318921
0.99267502
0.61855051
0.7086516
0.9929045000000001
0.31021032000000004
0.99361199
1.1126685299999999
0.99282188
0.99212927
0.99336379
0.99366716
0.9927025500000001
1.0958114700000001
0.99353384
0.98942774
0.99307439
0.82855564
0.9939477
0.99266125
0.99318921
0.9947165699999999
0.99635031
0.9923814299999999
0.45169292
0.82774764
0.9926658399999999
0.99113105
0.9922072
0.99494239
0.90478651
0.99371314
0.9932259600000001
0.99369015
0.83032724
0.82521256
0.99264749
0.9936027900000001
0.99309276
0.9918131
0.7769252899999999
0.99417778
0.99340515
0.99336379
0.98377104
0.9899613899999999
0.99202844
0.75471588
0.9942698400000001
0.99415937
0.9911951000000001
0.99303765
0.99202844
0.9921934400000001
0.9890312900000001
0.99375912
0.99313869
0.7060537499999999
0.98837126
0.99356142
0.99600835
0.9941363599999999
0.99282647
0.9941271500000001
0.99353843
0.99098927
0.99553277
0.9928127000000001
0.9946520700000001
0.99455072
0.9927805700000001
0.99157954
0.99493317
0.99356142
0.82328906
0.9902398499999999
0.98970134
0.98694949
0.99264749
0.9155409299999999
0.7093116700000001
0.98483577
0.99030835
0.993589
0.82871871
0.99335001
0.99285401
0.9923585
0.98949612
0.98353675
0.99201928
0.6205326800000001
0.9949285600000001
0.9939017
0.99317543
0.7707405799999999
0.99302847
0.9160681700000001
0.82664518
0.82648611
0.99457375
0.62182999
0.99373153
0.9906738199999999
0.9933546
0.99354303
0.9917581400000001
0.9934924700000001
0.99416397
0.99354763
0.9934603
1.10457038
1.2016987000000001
0.99037685
0.9948732499999999
0.8209694399999999
0.9936165800000001
0.9928035199999999
0.99304684
0.99363957
0.98055032
0.99241812
0.99398911
0.9944079600000001
0.99475804
0.99357981
0.99259702
0.99357521
0.99432048
0.9929917399999999
0.9923814299999999
0.99309735
0.99418238
0.9929458200000001
0.9930101
0.82716737
0.99246399
0.99289991
0.99370854
0.99332703
0.99017136
0.9928769599999999
0.9926383099999999
0.9900891900000001
0.99308358
0.99267043
0.99329028
0.9897697599999999
0.70922968
0.90848404
0.99305143
0.99303765
0.8287379
0.9911447699999999
0.9898473099999999
0.99235392
0.99586979
0.9929458200000001
0.99250985
0.99296419
0.99357521
0.9943158699999999
0.99298714
0.99189556
0.99346949
0.99484099
0.9931019499999999
0.9930009200000001
0.8257107100000001
0.9934603
0.9929458200000001
0.8269253000000001
0.9927484400000001
0.7054808300000001
0.9933362200000001
0.9857037
0.99626711
0.9950484199999999
0.99265666
0.99249609
0.99095268
0.99100298
0.99219803
0.9941133499999999
0.98061301
0.99256949
0.99325352
0.99496544
0.99305143
0.99194138
0.97043863
0.99256032
1.21796053
0.9949285600000001
0.49621594
0.9923905999999999
0.99298714
0.9941961899999999
0.9931984
0.9873669599999999
0.9928448299999999
0.9939431000000001
0.99371314
0.99315706
0.99512219
0.8233553499999999
0.99311572
0.9931249099999999
0.98923176
0.9922255400000001
0.98562679
0.99121797
0.9915337599999999
0.62119144
0.99265208
0.99248233
0.9932765
0.91803014
0.9945553300000001
0.26118528
0.97486604
0.99324434
0.99219803
0.99108074
0.98927277
0.99630409
0.45169482
0.98565393
0.45166822
0.82418009
0.99284024
0.9923585
0.99517292
0.9942146
0.99253279
0.99283565
0.99268878
0.99451388
0.9923309899999999
0.9915978599999999
0.99242271
0.9932673099999999
0.99352464
0.9938832999999999
1.05000129
0.99407653
0.99152918
0.99262455
0.99324893
0.9926842
0.99369474
0.99167112
0.97327546
1.11248985
0.9936027900000001
0.99267043
0.99372233
0.9929090899999999
0.9863058100000001
0.98873986
0.9942146
0.8252506099999999
0.99323056
0.49681404
0.9927209100000001
0.99206052
0.9926016099999999
0.99188182
0.99262455
0.99433889
0.82723109
0.99372233
0.9953297499999999
0.98971502
0.9942053900000001
0.99283106
0.9922072
0.49656933999999997
0.99324893
0.99329487
0.9939063
0.99273009
1.06163914
0.99484099
0.99357521
0.9925282
0.9867816899999999
0.9940903400000001
0.9931984
0.9927622100000001
0.98637377
0.9896785300000001
0.99455072
0.35478767
0.6195605599999999
0.99271173
0.3550804
0.99162533
0.9935016600000001
0.99067839
0.9937039400000001
0.99403052
0.9926658399999999
0.99354303
0.97384041
0.99147425
0.99355682
0.99254655
0.99338217
0.9922668
0.49684507000000006
0.9931432800000001
0.9927851599999999
0.98707651
0.9944586099999999
0.99249609
0.99288614
0.9934143400000001
0.99084295
0.9911951000000001
0.9931341
0.99259243
0.9927530299999999
0.9939247
0.98606578
1.20175923
0.99409494
0.9944355899999999
0.95100511
0.99271632
0.99273926
0.9928586
0.9927209100000001
0.99242271
0.9933040599999999
0.99130033
0.24833205
0.99369015
0.99310654
0.9922668
0.99333163
0.9936027900000001
0.9941133499999999
0.82983312
0.35507453
0.82670564
0.9950945299999999
0.99364417
0.99466128
0.99330866
0.98626958
0.99309276
0.9940535199999999
0.99084752
0.99097555
0.9932075899999999
0.99416397
0.9919368
0.9913094800000001
0.99491473
0.99305143
0.99157954
0.99289991
0.82701128
0.99310654
0.9925144400000001
0.99306521
0.9944448
0.99409954
0.9929917399999999
0.9923585
0.99441256
0.9929136900000001
1.1981786700000001
0.98276708
0.71072958
0.7090962000000001
0.9939385000000001
0.99303765
0.70510326
0.9925052700000001
0.9925052700000001
0.9928586
0.99416397
0.9920559400000001
0.9935844
0.9536827099999999
0.995602
0.99330866
0.99285401
0.99436191
0.8249145900000001
0.99442177
0.99318462
0.9914513599999999
0.99323974
0.99318921
19.17224933
0.99248692
0.99439875
0.70781075
0.99267502
0.99441717
0.9942468200000001
0.7902714500000001
0.99176272
0.9779203
0.98936848
0.9875758299999999
0.99077438
0.99221178
1.12545655
0.99425603
0.9920788500000001
0.49684852
0.45335499
0.9947396000000001
0.9931984
1.49024215
0.99279434
0.9931111300000001
0.99374073
0.9941133499999999
0.99019876
0.9928953199999999
0.9942238
0.99318921
0.99281729
0.99090238
0.97297561
0.98692227
0.99347409
0.99346489
0.8301603299999999
0.9923264
0.99464746
0.9926933699999999
0.91575566
0.9933867700000001
0.9159743899999999
0.99187266
0.9942514199999999
0.99003898
0.99349707
0.99451388
0.9945323
0.99242729
0.82698262
0.99336379
0.91522098
0.9929458200000001
0.83042036
1.09635973
0.99192763
0.9929687800000001
0.9939431000000001
0.99223929
0.9931203200000001
1.27163342
0.82754987
0.99330866
0.99324893
0.9931019499999999
0.99293205
0.9943434999999999
0.99216594
0.99423761
0.99012114
0.82080941
0.99340515
0.99273926
0.99307439
1.02641388
0.9917398199999999
0.9922072
0.99398451
0.9932856800000001
0.99189556
0.99419158
0.99484099
0.99335001
1.03826935
0.99354763
0.99244105
0.9934419099999999
0.32996938
0.98985644
0.9809758399999999
0.9931984
0.9921934400000001
0.99376372
0.99288155
0.9928127000000001
0.9911813700000001
0.98479964
0.99247775
0.99289073
0.9939477
0.99281729
0.98395585
0.49405602000000004
0.99329487
0.99370854
0.99282188
0.99199178
0.99255573
0.99289991
0.8279455
0.9913323599999999
0.99228514
0.99083381
0.82733626
0.99228972
0.99289991
0.99283565
0.9925878400000001
0.9140756600000001
0.9944770300000001
0.9927025500000001
0.9940213099999999
0.9930560199999999
0.9929045000000001
0.9952928400000001
0.99196887
0.98076528
0.99446782
0.99505303
0.99271173
0.99301469
0.99116307
0.9927622100000001
0.98917252
0.99590673
0.99316165
0.99455072
0.99379591
0.99224846
0.99235392
1.0498832299999998
0.99435731
0.99303306
0.99228514
0.82628576
0.9932856800000001
0.9938097100000001
0.9937821200000001
0.99261996
0.97599584
0.99400291
0.99320299
0.69683224
0.9945369
0.82799339
0.6576681000000001
0.99308358
0.99323056
0.9922530399999999
0.99356601
0.9928723700000001
0.6268359800000001
0.99317543
0.99347409
0.99323056
0.99318462
0.9927851599999999
0.9923722600000001
0.99307898
0.99292746
0.99278975
0.98862606
0.99474882
0.61845075
0.99377752
0.99366716
0.9946566699999999
0.98463258
0.99294123
0.99249609
0.99307439
0.9918864000000001
0.9927668
0.9926429
0.99342353
0.9928953199999999
0.9947534299999999
0.99469814
0.9944309800000001
1.12269703
0.99273926
0.99168486
0.9916894399999999
0.99360739
0.99247775
0.82764556
0.9934603
0.99231723
0.99375452
0.9932627100000001
0.9939707099999999
0.9944079600000001
0.99333163
0.99368555
0.99306521
0.99218886
0.99375912
0.99206052
0.9924685700000001
0.99223012
0.9930009200000001
0.99348787
0.90682676
0.99308358
0.9927346699999999
0.82807959
0.9925144400000001
0.33054992
0.9905732899999999
0.99259243
0.99304225
0.99230348
0.9927209100000001
0.99206969
0.9932259600000001
0.9932765
0.9927668
0.82807001
0.9943527
0.99409494
0.99329487
0.99245481
0.99237685
0.8269858000000001
0.9923264
0.99267043
0.9927071399999999
0.99375912
0.9950714700000001
0.99376372
0.99227597
0.99236767
0.99318003
0.82457567
0.9945553300000001
0.98738058
0.9932673099999999
0.9941685699999999
0.99095268
0.99336839
0.8254821800000001
0.98936392
0.99332703
0.9946704900000001
1.08678322
0.9028655000000001
0.99298714
0.93437104
0.99372233
0.99318003
0.9924364699999999
0.99315706
0.9921934400000001
0.6819053599999999
0.99364417
0.98806657
0.70232223
0.9931432800000001
0.99316165
0.9938465
0.9938741
0.99568047
0.8267310999999999
0.96291079
0.9940581199999999
1.10600396
1.0928225
0.99308358
0.9923814299999999
0.99170776
0.9906738199999999
0.99332703
0.99413175
0.98627863
0.70988848
0.9937683199999999
0.99253279
0.99354763
0.9433973299999999
0.99258325
0.93627347
0.99374533
0.99402592
0.9946106
1.2800470000000002
0.99341894
0.99010288
0.99375452
0.9939615
0.9941455600000001
0.99574511
0.82699535
0.99378671
0.99289991
0.71032288
0.99066011
0.99244105
0.9933592
0.99278975
0.99262913
0.70892297
0.9931984
0.99378671
0.9946566699999999
0.99455072
0.9923218199999999
0.9940903400000001
0.99356142
0.99255573
0.99262455
0.98718541
0.99203761
0.99413175
0.99026725
0.9929045000000001
0.99477647
0.99303765
0.99580514
0.99432508
0.7092156300000001
0.9947211699999999
0.99281729
0.9938511
0.99618392
0.99369934
0.9937683199999999
0.99348787
0.9934327199999999
0.96046033
0.99362578
0.99116765
0.99369934
0.99451388
0.99329487
0.62054882
0.97562781
0.99190472
0.9929595999999999
0.9939247
0.99537127
0.9937821200000001
0.41413401
0.9928953199999999
0.99189556
1.33525067
0.9922530399999999
0.9912225499999999
0.55102962
0.99556046
0.99339596
1.11567445
0.99279893
0.99631333
0.92258146
0.82676293
1.0235031700000001
1.0129496500000001
0.82659427
1.15415777
0.99418238
0.99355222
0.99336379
0.99315247
0.99297796
0.99206052
0.99281729
0.99357061
0.9936579600000001
0.41324783
0.9939063
0.99351545
0.9923814299999999
0.99107616
0.99325352
0.99329028
0.99271173
0.96295829
1.01829563
0.9932719
0.99425603
0.99288614
0.99254197
0.99293664
0.8284437699999999
0.99354763
0.8269030100000001
0.9929458200000001
0.99274385
1.10618057
0.99236767
0.70917581
0.8232859
0.9936625600000001
0.9930009200000001
0.98823026
0.8271864800000001
0.90071834
0.9949931
0.9905276000000001
0.9943711199999999
0.91809686
0.99316625
0.99073324
0.6207066600000001
0.99037685
0.11291118000000001
0.99311572
0.82720242
0.99439414
0.24967634
0.99064183
0.55930462
0.82863557
0.7104051200000001
0.99338217
0.99441717
0.9938097100000001
0.99159328
1.0439932399999998
0.99224846
0.9938787000000001
0.8285492499999999
0.99278975
0.99506225
0.9924594
0.99379591
0.82277806
1.10919159
0.99228514
0.9927530299999999
0.9925144400000001
0.99123627
0.62057572
0.71866181
0.99407653
0.82662927
0.99228514
0.99359819
0.97794702
0.99000703
0.99273926
0.9880983999999999
0.99417778
0.9869767
0.8196314800000001
0.9858349200000001
0.99104872
0.99323515
0.99423761
0.99302847
0.99354303
0.99346949
0.9929458200000001
0.89809658
0.88943343
0.99334541
0.9939338999999999
0.8245914999999999
0.99341894
0.99317543
0.9632692900000001
0.99181768
0.99251903
0.9899613899999999
0.9926658399999999
0.8302983500000001
0.9935844
0.99340055
0.99247775
0.90005769
0.9931938100000001
0.9907835199999999
0.9921521900000001
0.9942238
0.55600441
0.9938603
0.99047278
0.99362578
0.9934373200000001
0.9942514199999999
0.6206349
0.99331784
0.49690026000000004
0.29183477
0.9937821200000001
0.99301929
0.98903585
0.99130033
0.9934603
0.99341894
0.9935200500000001
0.9936487700000001
0.9939799100000001
0.99417778
0.99338217
0.98479513
0.99315247
0.9943112700000001
0.99239519
0.9930009200000001
0.9928127000000001
0.9908840999999999
0.9434222
0.99305143
0.99305143
0.68804464
0.99306061
0.9934603
0.99260619
0.99316165
0.98789839
0.99410874
0.99325352
0.99419158
0.8204519100000001
0.9939293
0.9952052100000001
0.9912866
0.9911127500000001
0.99212927
0.99245023
0.38123334999999997
0.99382811
0.7102430099999999
0.99255573
0.62059365
0.99357521
0.8225858100000001
1.0030658099999998
0.99113563
0.99305143
0.83364401
1.07365056
0.99261537
0.99399371
0.8222834400000001
0.9938695
0.98365839
0.98321253
0.9931341
0.9927484400000001
0.99376372
0.99309276
0.9926383099999999
0.9927622100000001
0.22556227
0.99427444
0.99239519
0.9938419000000001
0.99233558
0.99411795
0.98858965
0.99504381
0.9933729800000001
0.99281729
0.9932765
0.9933408199999999
0.9944448
0.8119399199999999
0.9938971
0.9923264
0.99329487
1.03832959
0.99348787
0.99351545
0.9938051099999999
0.99292287
0.98989751
0.99337758
0.99114935
0.995279
0.9860839
0.9904042599999999
0.9925878400000001
0.29004881
0.99321677
0.99262913
0.9874078199999999
0.98598429
0.99368555
0.9907103899999999
0.98253776
0.9921613600000001
0.9926658399999999
0.9955973899999999
1.1910613700000001
0.9926933699999999
0.99295041
0.99363497
0.99404892
0.98992032
0.9933040599999999
0.99248233
0.9942514199999999
0.9916802800000001
0.99376372
0.99247316
0.99331325
0.9924364699999999
0.99079723
0.9931203200000001
0.9943527
0.99284942
0.99409954
0.9911951000000001
0.99308817
0.99337758
0.99004811
0.99332244
0.99298255
0.99223012
0.99412255
0.99289073
0.99482255
0.98525598
0.9938648999999999
0.8282488600000001
0.99275762
0.99320299
0.99377752
0.99318921
0.99185433
0.9927851599999999
0.99427904
0.99373153
0.9926016099999999
1.1287099999999999
0.9925282
0.9931984
0.9917535599999999
0.99438493
0.8268011300000001
0.9921063499999999
0.99339136
0.99268878
0.98788022
0.99354303
0.99317543
0.99282647
0.9852107800000001
0.9911264799999999
0.99316625
0.9874396
0.99289073
0.9871400300000001
0.99699791
0.99401211
0.9925878400000001
0.99360739
0.9926429
0.99336839
0.95814199
1.12596994
0.99262455
0.9939707099999999
0.99324434
0.99234475
0.99430666
0.9938879
0.9935844
0.9917398199999999
0.9888036
0.99254197
0.99360739
0.99244564
0.99188182
0.99318462
0.99638267
0.98904951
0.99302388
0.9944309800000001
0.99341894
0.97309464
0.9928448299999999
0.99298714
1.00188185
0.99029465
0.9932259600000001
0.99148798
0.9931432800000001
0.9942053900000001
0.99184975
0.99383271
0.99369934
0.9929595999999999
0.99318003
0.99304225
0.99244105
0.99222095
0.9939155
1.31844527
0.9932075899999999
0.9922438699999999
0.99321218
0.9922713799999999
0.5731208
0.9898609999999999
0.99134152
0.9936165800000001
0.97768879
0.9954727800000001
0.99497005
0.99329487
0.9931341
0.99200095
0.99254655
0.99261537
0.99277598
0.98935025
0.99284024
0.99329487
0.55278988
0.99277139
0.82851089
0.9900891900000001
0.9938511
0.98410014
0.9925052700000001
0.9833881200000001
0.9947718600000001
0.99313869
0.9938465
0.99355682
0.99292746
0.99277598
0.99161159
0.82679795
1.07961493
0.9939063
0.9943527
0.99206969
0.9690417100000001
0.9946751
0.99054588
0.95042848
0.99329028
0.98619711
0.99461982
0.9925144400000001
0.91577518
1.12256205
0.9927851599999999
0.9933040599999999
0.99147425
0.99493317
0.99283106
0.99375912
0.99357061
0.9918864000000001
0.99279434
0.99317543
0.82336482
0.54931987
0.98762125
0.99374073
0.99307898
0.9779559299999999
0.99221637
0.7036961599999999
0.99301469
0.99342353
0.99297796
0.97446348
0.99377752
0.91857597
0.99688683
0.99259702
0.99180394
0.99199178
0.99190014
0.9920467700000001
0.99845344
0.99317543
0.9939385000000001
0.7898587100000001
0.99284942
0.99341894
0.9934281300000001
0.9842129
0.98902674
0.99351085
3.34347981
0.99247316
0.99362578
0.9918131
0.99342353
0.99056872
1.0734198000000001
0.9939477
0.99145594
0.9887489600000001
0.99576358
0.9877756999999999
0.99549585
0.9954912400000001
0.91580643
0.9944586099999999
0.9899659599999999
0.99259702
0.99432048
0.99461982
0.99371314
0.99549585
0.9941133499999999
0.99245481
0.99271173
0.82764556
0.99462903
0.98647345
0.82839583
0.93937791
0.9864326699999999
0.99342353
0.99129118
0.9948455900000001
0.9937499200000001
0.99413175
0.99244564
0.9910167
0.47464286
0.99137813
0.99340974
0.99354303
0.7105061899999999
0.9942468200000001
0.9942192
0.8280987500000001
0.8304942200000001
0.99264749
0.6210782499999999
0.99416397
0.9934419099999999
0.99759074
0.9606536699999999
0.9920650999999999
0.83242576
0.99297796
0.99410874
0.99176272
0.9929917399999999
0.99213385
0.9929045000000001
0.99187266
0.99266125
0.9899979000000001
0.99372693
0.99506686
0.99014853
1.01276812
0.9902398499999999
0.99277598
0.99321677
0.99002072
0.99399831
0.99234933
0.99068296
0.8259933700000001
0.98220521
0.99308358
0.99368095
0.82729164
0.98341064
0.9888673400000001
0.99383271
0.8269730599999999
0.99191847
0.9931111300000001
0.9935016600000001
0.9927254999999999
0.9940903400000001
0.97077203
0.99318003
0.9304804099999999
0.96308785
0.33116722000000004
0.9928953199999999
0.9933729800000001
0.49674509
1.02140017
0.99120882
0.99323515
0.8917899300000001
0.9914147400000001
0.9902626800000001
0.99324893
0.9936625600000001
0.99372693
0.9935200500000001
0.9927071399999999
0.99335001
0.99298255
0.99318462
0.8771361400000001
0.99381891
0.6627136
0.99239978
0.41376218000000003
0.98094448
0.9957220200000001
0.98668194
0.45178985
0.99282647
0.82706543
0.99268878
0.97054389
0.99255573
0.9927622100000001
0.99301929
0.9943527
0.9949931
0.99196429
0.7050338100000001
0.99253738
0.9765728300000001
0.370732
0.99352924
0.9867771500000001
0.8265529100000001
0.9939477
0.38198539
0.9921613600000001
0.99233558
0.99352464
0.99151087
0.9900891900000001
0.99539434
0.9939155
0.9935062600000001
0.55181829
1.12265594
0.41371037
0.90720602
0.99303765
0.8230713299999999
0.9920788500000001
0.71033463
0.9844700799999999
0.9931341
0.99159328
0.99159328
0.9937821200000001
0.9914330499999999
0.9926842
0.9941271500000001
0.45120511
0.99333163
0.9921063499999999
0.99321677
0.9924594
0.9926658399999999
0.83231606
0.99265666
0.98252427
0.9933867700000001
0.9934143400000001
0.99302388
0.9937039400000001
0.99336839
0.99698865
0.81882205
0.99304684
0.99329487
0.5694324900000001
0.99190931
0.99450466
0.96825526
0.95081563
0.9929595999999999
0.8269985400000001
0.99495622
0.99299633
0.82672156
0.99428365
0.99365336
0.99404432
0.98944142
0.9875258800000001
0.99192305
0.99363497
0.98875352
0.99356142
0.33116824
0.99162533
0.99301469
0.7115161000000001
0.9920834399999999
0.99277139
0.8273267
0.62079458
0.9938648999999999
0.9927530299999999
0.70901894
0.9907012500000001
0.9935844
0.82788167
0.99278975
0.7104215700000001
0.82831914
0.99353843
0.98698577
0.99279893
0.99332244
0.9937039400000001
0.9940903400000001
1.33544165
0.99369934
0.99213385
0.9935016600000001
0.99430206
0.99189556
0.99279434
0.9909618299999999
0.9855906
0.99296419
0.99329028
0.99316165
0.9953804900000001
0.99237685
0.98450618
0.99275762
0.9937039400000001
0.9934511100000001
0.98269512
0.99372693
0.99473039
0.99215677
0.99107159
0.99451848
0.99194138
0.99252362
0.99450466
0.99293664
0.98833032
0.7058773600000001
0.9870629
0.99283565
0.9938143100000001
0.9939109
0.99340055
0.9927209100000001
0.99307898
0.99481333
0.9931019499999999
0.99516831
0.9941685699999999
0.8268075
0.98544135
0.9583044700000001
0.90903781
0.98983363
0.9839648699999999
0.9929136900000001
0.99055501
0.99255573
0.38196229000000004
0.99240895
0.9953482
0.82747334
0.9945415099999999
0.99304225
0.99360739
0.99950369
0.70626738
0.99379591
0.82475618
0.992955
0.9922072
0.9782588699999999
0.62193264
0.9952421
0.99261537
0.99296419
0.99179478
0.99242271
0.54364748
1.13938764
0.9939109
0.9929917399999999
0.99247775
0.99299633
0.9940903400000001
0.83055846
0.99322137
0.98403701
0.99318921
0.9933592
0.9941731699999999
0.99271173
0.9933729800000001
0.98405505
0.99372693
1.1088365
0.8337378699999999
0.99423761
0.9949009
0.99608227
1.09919365
0.99024898
0.99245481
0.99164365
0.99141932
0.9944079600000001
1.35463142
0.98760308
0.9806085299999999
0.99325812
0.98708558
0.9852062599999999
0.99366716
0.9942514199999999
0.9901622299999999
0.9928127000000001
0.99402592
0.99177646
0.9929917399999999
0.99262455
0.99181768
0.95579228
0.9934419099999999
0.9920788500000001
0.99523288
0.82738727
0.99375452
0.1982575
0.9911264799999999
0.9948962899999999
0.9931938100000001
0.9824164000000001
0.98974695
0.99332244
0.99179936
1.17609116
0.99197345
0.7089417
0.70927887
0.9939523
0.91588064
0.70908917
0.99340974
0.99240895
0.99201011
0.9891634100000001
0.9923401599999999
0.99442638
0.99354763
0.99332703
0.9921476
0.9909115300000001
0.98846224
0.9945092699999999
1.04692484
1.1290185700000002
1.98712284
0.99034031
0.99027181
0.99260619
0.9925649
0.9939247
0.99339136
0.99198262
0.99302847
0.98971958
0.99334541
0.99306521
0.9847228800000001
0.9917902
0.99034031
0.55266042
0.99351085
0.9926429
0.99340974
0.9907789499999999
0.9915978599999999
0.99257408
0.9939155
0.99294123
0.9931111300000001
0.98359531
0.99308358
0.99277598
0.98704021
0.99234933
0.99241353
0.98359081
0.9939017
0.98211088
0.9930009200000001
0.99457375
0.99302388
0.99267043
0.98930923
0.62099743
0.99346949
0.9939615
0.9914834
0.9931478699999999
0.99457375
0.99321677
0.99308817
0.9920513599999999
0.98717633
0.9948732499999999
0.9921063499999999
0.9938648999999999
0.99360739
0.82668655
0.99268878
0.99400751
0.9939109
1.1804549500000001
0.99334541
0.9947211699999999
0.99501154
0.99308358
0.99428825
0.9925144400000001
0.9915337599999999
0.99313869
0.9401675199999999
0.99184059
0.99372693
0.99551892
0.9917169199999999
0.9934511100000001
0.99286319
0.9921521900000001
0.99406273
0.99241353
0.91374895
0.9935936
0.99382351
0.99382351
0.99366716
0.9931938100000001
0.9844610500000001
0.98969677
0.99231723
0.99364417
0.9903585800000001
0.97588939
0.99304684
0.9924594
0.9933729800000001
0.99268878
0.99340055
0.70829166
0.9939477
0.99498388
0.98573537
0.98989751
0.98880815
0.99382351
0.9931341
0.99365336
0.9873488
0.99285401
0.99293664
0.9925649
0.99335001
0.99570817
0.99026725
0.9924594
0.82776359
0.99283106
0.9931984
0.82435726
0.9880074799999999
0.99267961
0.99022158
0.99249609
0.99318462
0.99293664
0.8250064899999999
0.95624341
1.10911139
0.35448782
0.99399831
0.99427904
0.99340515
0.94572391
0.9936625600000001
0.9925649
1.0351413999999999
0.99363497
0.9840144700000001
0.97777782
0.96582099
0.98546848
0.9930101
0.9917581400000001
0.99299633
0.99715994
0.82675657
0.99301929
0.99428365
0.99357521
0.98502098
0.33130517
0.99236767
0.9820974
0.99298255
0.8264701999999999
0.99315247
0.9838566799999999
0.92236352
0.9926383099999999
0.98709919
0.99256949
0.99399371
0.70222118
0.99309735
0.98799384
0.9532678400000001
0.9938695
0.9927254999999999
0.99161159
0.61861465
0.9925282
0.9440318499999999
0.9923264
0.9936027900000001
0.99271173
0.23641718
0.98748501
0.97330193
0.99261078
0.99192763
0.9728301500000001
0.9626820100000001
0.99305143
0.4135136
0.98960556
0.9869676300000001
0.99369934
0.99352924
0.9925511400000001
1.10907702
0.99476264
0.99256032
0.99348328
0.99275762
0.98068466
0.99265666
0.99022158
0.99289991
0.99242729
0.9927622100000001
0.9931984
0.99282188
0.9931295
0.9961562
0.98663208
0.99284942
0.99382811
0.9859345
0.994606
0.99430666
0.99206052
0.8318872500000001
0.99418238
0.9938373
0.99248233
0.98891288
0.99323056
0.99265666
0.99190014
0.99217969
0.99037685
0.99302388
0.99323515
0.99180394
0.99289073
0.99419158
0.98655502
0.99257867
0.99416397
0.9942698400000001
0.9942284100000001
0.9928035199999999
0.99435731
0.99262455
0.9911264799999999
0.9943711199999999
0.99277598
0.9927805700000001
0.9927209100000001
0.99321218
0.9923401599999999
0.99363497
0.99179936
0.99179478
0.9931938100000001
0.99297337
0.9944079600000001
0.99348328
0.9927668
0.9941501599999999
0.99399371
0.99274385
0.49675658
0.99347409
0.98921353
0.9938419000000001
0.99336839
0.99366716
0.63762716
0.99294123
0.99604993
0.99382811
0.99366716
0.99382811
0.9947534299999999
0.9867680799999999
0.9940213099999999
0.9907058200000001
0.99190014
0.99212927
0.99166654
0.99307439
1.00374093
0.99105329
0.99274385
0.99194138
1.0293806600000002
0.9927622100000001
1.01980437
0.9939017
0.99283565
0.99239978
0.62029608
0.99407653
0.99315706
0.99134152
0.7116009699999999
0.99401211
0.99298255
0.82129597
0.7986892299999999
0.9915383400000001
0.9912317
0.9903951200000001
0.9939017
0.99265666
0.99371314
0.20656925999999998
0.9922347
0.9963318200000001
1.01888505
0.9839333100000001
0.99419158
0.99299633
0.8264065899999999
0.9956297000000001
0.99260619
0.9939109
0.82796785
0.9931295
0.98926365
0.9116039499999999
0.98939583
0.99299633
0.99372693
0.99320299
0.9854730100000001
0.70758219
0.9934373200000001
0.9933408199999999
0.99262913
0.9931938100000001
0.99459218
0.99194596
0.98849409
0.99379131
0.9914101700000001
0.99608227
0.82904184
0.9786155
0.99149256
0.96307489
0.95059677
1.26264634
1.23017732
0.98593902
0.9938051099999999
0.99374073
0.9942053900000001
0.9910578700000001
0.9931984
0.9932075899999999
0.99253738
0.9945599300000001
0.9942284100000001
0.9929917399999999
1.12841346
0.9911813700000001
0.9945276900000001
0.99324434
0.97309905
0.9929595999999999
0.99483638
0.99435731
0.99366716
0.99355222
0.9945645399999999
0.99261996
0.99346489
0.9938787000000001
0.9929045000000001
0.98285254
0.99303306
0.8322709
1.19767749
0.95307745
0.9920330199999999
0.9898016900000001
0.9927254999999999
0.49625149
0.29091638
0.27626373
0.99373153
0.9945829700000001
0.9909846899999999
0.99028551
0.99278975
0.9899385700000001
0.99423761
0.99221637
0.99354303
0.99351545
0.9926658399999999
1.182763
0.99368095
0.99228972
0.9938511
0.96314832
0.99251903
0.99427444
0.99247775
0.99307898
0.99696551
0.9928953199999999
0.9855725099999999
0.9950391999999999
0.99407193
0.83414592
0.6578857
0.99318462
0.9070106
0.9872671
0.99415476
0.9950945299999999
0.9913643999999999
0.41364821
0.9634896999999999
0.98471385
0.9934556999999999
0.82715144
0.99519137
0.99054588
0.99323515
0.9928586
0.8267884
0.99664625
0.99190931
0.35500233000000003
0.9931203200000001
0.99346489
0.9928035199999999
0.9940213099999999
0.9938648999999999
0.99220261
0.99249609
0.97317402
0.95556262
1.21356928
0.99292746
0.99369015
0.9732931100000001
0.55184523
0.9932259600000001
0.98933202
1.09929493
0.9934924700000001
0.9938832999999999
0.99352464
0.99500693
0.9910167
0.4131874
0.98923176
0.9960360699999999
0.9893046699999999
0.9928723700000001
0.9931203200000001
0.99402592
0.98904496
0.29090693
0.9927851599999999
0.99325812
0.9927668
0.9943665199999999
0.9962439999999999
0.99338217
0.9931708399999999
0.9928448299999999
0.8261522499999999
0.9939247
0.99331784
0.99374073
0.38284343
0.98635565
0.99409494
0.99253738
0.99459218
0.9928127000000001
0.9934786800000001
0.99462903
0.7091641
0.9931341
0.9914834
0.99262913
0.9932856800000001
0.99340515
0.9937039400000001
0.99432048
0.99368555
0.9933867700000001
0.49673934000000003
0.99311572
0.98533736
0.98620164
0.8271291399999999
0.62259257
0.9938787000000001
0.99223929
0.62176517
0.55269598
0.98532831
0.9934143400000001
0.99124542
0.99265208
0.9857037
0.99202844
0.99295041
0.9921063499999999
0.9941685699999999
0.9935062600000001
0.82669291
0.9927805700000001
0.99059614
0.99373153
0.99279893
0.9934511100000001
0.98670008
0.99190931
0.9932719
0.99369934
0.99281729
0.9944448
0.70868201
0.9844610500000001
0.99271173
0.99561123
0.9943158699999999
0.99299633
0.99374533
0.9938373
0.99494239
0.99325812
0.9932719
0.9850435799999999
0.5453732800000001
0.9933546
0.71027824
0.99243188
0.9944908499999999
0.9895098
0.8257869200000001
0.99403972
0.90261883
0.99031748
0.99724792
0.9925511400000001
0.9925878400000001
0.9938971
0.99331784
1.12121403
0.9928035199999999
0.98700846
0.99263372
0.9892682100000001
0.99337758
1.09800218
0.99297796
0.9931341
0.99325812
0.99289073
0.99324434
0.99253279
0.99154749
0.9933592
0.99377752
0.98754858
0.99435731
0.99302847
0.8281785899999999
0.99006637
0.99382811
0.9912225499999999
0.9953205199999999
0.9938419000000001
0.89169365
0.9942468200000001
0.99362578
0.9922622099999999
0.97664389
0.9943112700000001
0.9938879
0.9908566600000001
1.26264634
0.9938832999999999
1.26312165
0.9934143400000001
0.99328109
0.98767576
0.99468892
0.99351545
0.99413175
0.99277598
0.99409954
0.9923218199999999
0.9897697599999999
0.99556508
0.9958189900000001
0.9655908200000001
0.9929458200000001
0.99155665
0.9912866
0.98742598
0.9861020100000001
0.9860386200000001
0.99406273
0.99415476
1.10567937
0.95091246
0.9435838699999999
0.91818322
0.9929045000000001
0.99404892
0.9917902
0.99261078
0.99323056
0.9920238600000001
0.9918451699999999
0.99247775
0.99366716
0.99399371
0.9914834
0.99292746
0.9936487700000001
0.99324893
0.99336379
0.99277139
0.99369474
0.99383271
0.99316625
0.82665154
0.9925052700000001
0.9933592
0.99383271
0.99369015
0.98888555
0.99191389
0.99155207
0.99292746
0.99332703
0.99318462
0.98703114
0.9942514199999999
0.26409246
0.98480868
0.98998877
0.98830303
1.16829802
1.2136310000000001
0.70662759
0.8266133600000001
0.99375452
0.9931203200000001
0.99139644
0.98513395
0.9928723700000001
0.99346489
0.9939247
0.9945276900000001
0.98820297
0.99200095
0.98611106
0.99230348
0.99133694
0.85526791
0.9965491299999999
0.9963549399999999
0.99302847
0.99446782
0.9938879
0.99330866
0.98704021
0.99400751
0.98959644
0.9662816399999999
0.98365839
0.45127433000000006
0.82901943
0.99163449
0.43226321
0.98315851
0.82792316
0.82721835
0.99517292
0.8287410900000001
0.99322137
0.99239519
0.9930009200000001
0.9841272
0.99332244
0.99082009
0.98387471
0.9926933699999999
0.9938051099999999
0.99316625
0.99363497
0.99234475
0.99461982
0.98750317
0.8260759799999999
0.99399371
0.9943481
0.9895873199999999
0.8268170499999999
0.9935016600000001
0.8265210999999999
0.99611461
0.99212469
0.99303765
0.99304684
0.99753049
0.9950391999999999
0.99248233
0.99262455
0.9933040599999999
0.99404432
0.9230136899999999
0.9630316999999999
0.9682421600000001
0.99225763
0.99353384
0.9915337599999999
0.9834782
0.99282188
0.9928723700000001
0.9919872
0.99245481
0.9875258800000001
0.9929136900000001
0.98699031
0.9932765
0.99373613
0.9927209100000001
0.99374533
0.99182226
1.0400947600000001
0.8282201100000001
0.99171234
0.99240895
0.9810565099999999
0.90413131
0.99289991
0.99241353
0.82847573
0.9926016099999999
0.99181768
0.98694495
0.9934327199999999
0.99438493
0.99203761
0.99361199
0.99460139
0.99368095
0.98670914
0.9891679600000001
0.9907880900000001
0.91317389
0.9933729800000001
0.96050329
0.3577756
0.9938557
0.24767731
0.99454612
0.99292287
0.99414096
0.9920788500000001
0.99237685
0.99408113
0.9929917399999999
0.99450466
0.99257867
1.05274483
0.99053217
0.99457375
0.9927254999999999
0.9937821200000001
0.8249145900000001
0.98923176
0.9391191000000001
1.06450195
0.99352924
0.9940535199999999
0.9936027900000001
0.99213385
0.99427444
0.9950714700000001
0.9938695
0.99220261
0.9946106
0.99373613
0.99361199
0.70905171
0.9911722199999999
0.99259702
0.99267502
0.99124085
0.99236309
0.99284942
0.98406858
0.9948962899999999
0.99318921
0.9933040599999999
0.9935016600000001
0.99346949
0.98780751
0.99325352
0.98677262
0.9755923599999999
0.9932719
0.8176778299999999
0.70893467
0.99257408
0.9944908499999999
0.99236309
0.99401211
0.9944079600000001
0.9938005099999999
0.95072302
0.9907241
0.82660063
0.99267961
0.99477647
0.99344651
1.27981814
0.9945323
0.99593445
0.62062235
0.9960545500000001
0.99304225
0.9938373
0.82710365
0.9782098499999999
0.9159743899999999
0.82684888
0.9922347
0.99200553
0.9942146
0.83048137
0.9874078199999999
0.9926933699999999
0.8493415400000001
0.9928953199999999
0.49621479
0.99346489
0.9931938100000001
0.9920834399999999
0.9934281300000001
0.99403052
0.99340055
0.9901804900000001
0.99275762
0.7090376700000001
0.98945509
0.99087952
0.9934786800000001
0.9931708399999999
1.06196464
0.99331784
0.99353843
0.99288155
0.99267961
0.99377752
0.99379591
0.55098579
0.98949156
0.99462903
0.9937683199999999
0.82511744
0.99183143
0.9936717500000001
0.8276742699999999
0.9947211699999999
0.99242271
0.9928953199999999
0.81047823
0.82847892
0.8287410900000001
0.55094621
0.6225655
0.99401211
0.9938832999999999
0.82786252
0.99349707
0.9931478699999999
0.9929136900000001
0.82473084
0.99248692
0.99413175
0.9943527
0.49616549
0.82510793
1.07107485
0.99237685
0.99286319
0.99122712
0.97595592
0.98455583
0.99197345
0.9944586099999999
0.99249151
0.9872126400000001
0.9942928499999999
0.95688681
0.99325352
0.9918131
0.99294123
0.99330866
0.99315247
0.9865459599999999
0.99267043
0.90479414
0.9934281300000001
0.99470274
0.9913186399999999
0.99334541
0.98940495
0.9899157599999999
0.9929136900000001
0.99360739
0.9909298200000001
0.99469814
0.99285401
0.99269796
0.60074178
0.99289991
0.99378671
0.99348328
0.9914330499999999
0.81303734
0.98812113
0.99340055
0.9927668
0.9923401599999999
0.9942146
1.02702257
0.99487786
0.62071383
0.99293664
0.99379131
0.9930698
0.99080638
0.99353384
0.9937821200000001
0.9936579600000001
0.54624586
0.99341894
0.8284118100000001
0.98632393
0.99308358
0.9937683199999999
0.99377292
0.6054349
0.99460139
0.70770111
0.7050847400000001
0.9941455600000001
0.99213385
0.99355682
0.82685843
0.9872398699999999
0.70895106
0.9934556999999999
0.9931295
0.97061847
0.9929687800000001
0.99364417
0.99219803
0.99257408
0.99377752
0.61975546
0.99373613
0.99441717
0.99432508
0.99454612
0.9936717500000001
0.99277598
0.99286778
0.99241353
0.71052265
0.81961896
0.9937683199999999
0.99282647
0.9938373
0.9924594
0.9947119600000001
0.99399831
0.9927622100000001
0.99286778
0.9849487
0.99428365
0.99318462
0.9936717500000001
0.99267043
0.9891041800000001
0.82661018
0.9941961899999999
0.99503459
0.99275762
0.99286319
0.99149714
0.992955
0.99289991
0.99253279
0.99523749
1.1073556
0.9931984
0.81764981
0.99257408
0.98862151
0.8250667199999999
0.99273926
0.9937177300000001
0.9757076000000001
0.99356142
0.80362077
0.9927530299999999
0.8245566700000001
0.99318921
0.9938051099999999
0.99218886
0.99454612
0.9890312900000001
0.8052026999999999
0.9936487700000001
0.99251903
0.9896465999999999
0.99261996
0.99298714
0.99368095
0.98939583
0.99293664
0.99034031
0.8226929599999999
0.99304225
0.99212927
0.9935016600000001
0.99332244
0.9917169199999999
0.9933592
0.9922713799999999
1.5337525600000002
0.9924594
0.9934373200000001
0.99261078
0.9936625600000001
0.99253738
0.82421805
0.99334541
0.9942514199999999
0.9931295
0.9933592
0.9902626800000001
0.9927622100000001
0.9897287
0.99139644
0.98946421
0.9942514199999999
0.9140639899999999
0.8272056000000001
0.9936027900000001
0.9933408199999999
0.98908596
0.9939109
0.9937683199999999
0.99351085
1.23435626
0.9933592
0.99318921
0.9906326900000001
0.99332244
0.9927805700000001
0.99315247
0.451317
0.9933867700000001
0.9935062600000001
0.9911722199999999
0.8275275499999999
0.98954172
0.9885532499999999
0.99103957
0.99266125
0.99323974
0.9870175299999999
0.9938971
0.99285401
0.9904362299999999
0.99556046
0.99414096
0.9935936
0.9897378299999999
0.99301469
0.9932627100000001
0.9854051800000001
0.9752334899999999
0.9955004599999999
0.98525598
0.99197803
0.99351085
0.98480868
0.99570817
0.99201469
0.83039467
0.99306061
0.99241353
0.9940581199999999
0.9945553300000001
0.9878893
0.9948455900000001
0.99332244
0.9937821200000001
0.99684056
0.98782569
0.99446322
0.9915337599999999
0.99552354
0.99267043
0.99271632
0.99340055
0.99536204
0.7103839700000001
0.99201469
0.7043031399999999
0.9974332
0.9941133499999999
0.9940903400000001
0.9940535199999999
0.99339596
0.99308817
0.99271173
0.99922465
0.99307898
0.9938005099999999
0.97655506
0.9927851599999999
0.46009981000000005
0.45126769000000005
0.9935200500000001
0.9933040599999999
0.99400751
0.9933362200000001
0.9926933699999999
0.99247316
0.99302847
0.99338217
0.99428365
0.9921201000000001
0.99256949
0.99242729
0.99325812
0.9972155100000001
0.99257408
0.99302847
0.9934511100000001
0.9951637
0.99410874
0.80160795
0.95094615
0.99228972
0.9926016099999999
0.9915383400000001
0.9934924700000001
0.70604214
0.98463258
0.82666427
0.99495622
0.99428825
0.99451388
0.99352924
0.80560142
0.9941961899999999
0.9927668
0.99306061
0.99339136
0.55299771
0.9943895399999999
0.91818715
0.9965768799999999
0.99195971
0.99304225
0.99320299
0.99274385
0.98907685
0.99340974
0.98625146
0.62048068
0.9922805499999999
0.7101631500000001
0.9937821200000001
0.70759385
0.99302388
0.8256757899999999
0.99349707
0.9928723700000001
0.9919872
0.99271632
0.99437573
0.99182226
0.99067839
0.99293205
0.62689087
0.9936027900000001
0.33114373
0.70109553
0.99268878
0.9511609599999999
0.99494239
0.9911813700000001
0.71381967
0.9932673099999999
0.9930560199999999
0.9939063
0.99139644
0.9914834
0.99357061
1.12206349
0.99108988
0.98428056
0.9938097100000001
0.9920421899999999
0.99309735
0.99285401
0.99340055
0.99244105
0.99217052
0.99301929
0.9896785300000001
0.71125923
0.98134792
0.9938097100000001
0.98597071
0.9927805700000001
0.99245481
0.82780827
0.9944954500000001
0.9920650999999999
0.9935844
0.99442638
0.99305143
0.98620164
0.9927530299999999
0.9925144400000001
0.8273235200000001
0.9918451699999999
0.99217052
0.99353384
0.98254675
0.99103957
0.99334541
0.38276632
0.99157039
0.99425603
0.99073324
0.99282188
0.99316165
0.6227659
0.82687754
0.9840640700000001
0.9935200500000001
0.9934556999999999
0.98591639
0.99119052
0.82683933
0.99325812
0.9923218199999999
0.99462903
0.99351545
0.9939385000000001
0.99302388
0.9931249099999999
0.9920971900000001
0.9934327199999999
0.99243188
0.99558815
0.9632865700000001
0.6205559900000001
0.99250068
0.99266125
0.99297796
0.97700824
0.98138828
0.99417778
0.31168892
0.6187001999999999
0.9974239300000001
0.9926842
0.98442044
0.70894638
0.99135982
0.99363038
0.82106674
0.9911447699999999
0.99407193
0.9941501599999999
0.9873942
0.99404892
0.99296419
0.9938648999999999
0.98476352
0.9939707099999999
0.9938051099999999
0.98428959
0.9851294300000001
0.99191389
0.9908566600000001
0.9941363599999999
0.9934556999999999
0.99727108
0.99265208
0.99356142
0.99364417
0.9950299800000001
0.9931432800000001
0.99325352
0.9733416300000001
0.99259243
0.99340055
0.9930698
0.99240895
0.99323056
0.98921808
0.98995683
0.99293664
0.99421
0.93649804
0.99292746
1.10629454
0.9928586
0.6766925
0.9934786800000001
1.11899977
0.9877121
0.99241353
0.9929090899999999
0.95086615
0.9938879
1.2212227900000001
0.99368095
0.62202992
0.96589918
0.9930009200000001
0.9937177300000001
0.70982747
0.98617899
0.99373153
0.9930101
0.62078022
0.9936625600000001
0.9944309800000001
0.99286778
0.9945645399999999
0.9935062600000001
0.9934419099999999
0.99526517
0.98985644
0.99306061
0.70618377
0.99249151
0.99342353
1.10936349
0.8277412599999999
0.99269796
0.99180852
0.99324434
0.99244564
0.8282073400000001
0.99357521
0.9929595999999999
0.9927346699999999
0.99526517
0.99183601
0.9756943
0.9928127000000001
0.9927209100000001
0.9939661
0.99365336
0.99368555
0.99346949
0.99344651
0.9839829
0.9954358600000001
0.9930009200000001
0.9933592
0.99693774
0.99298255
0.99259243
0.99442177
0.99297337
0.99423301
0.99282188
1.04308047
0.99371314
0.90265677
0.9965815
1.1160687299999998
0.99410414
0.9932673099999999
0.99274385
0.99341894
0.99339136
0.9950714700000001
0.66260522
0.9914147400000001
0.7047978
0.99318921
0.9944770300000001
0.9929917399999999
0.99259702
0.99339136
0.99295041
0.99166654
0.98971502
0.99543125
0.99320299
0.99477647
0.83013145
0.99261078
0.99441256
0.99372693
0.82918589
0.9889083200000001
0.9941501599999999
0.9933729800000001
0.9937683199999999
0.99406733
0.99487786
0.99261078
0.992955
0.99361199
0.9943527
0.99435731
0.99279434
0.9926383099999999
0.99321677
0.99082009
0.9910578700000001
0.9906007099999999
0.99281729
0.98722171
0.98634658
0.9933362200000001
0.9939109
0.9931341
0.9920926
0.99265666
0.98907229
0.99271632
0.9925511400000001
0.99259243
0.99146052
0.9931432800000001
0.9879802
0.9960314499999999
0.99278975
0.9935200500000001
0.99468892
0.27626551
0.94182096
0.99371314
0.8194375700000001
0.82807959
0.99264749
0.9916894399999999
0.99258325
0.9934419099999999
0.9904956199999999
0.99165738
0.99265666
0.99363957
0.993589
0.99305143
0.99372693
0.993589
0.99323515
0.99284942
0.9913094800000001
0.99237685
0.99329028
0.98664114
0.99292287
0.99121797
0.9920238600000001
0.99399831
0.70625112
0.99302388
0.99269796
0.90434072
0.91779865
0.70765214
0.98868068
0.9947810800000001
0.99369015
0.99297337
0.99438493
0.9941363599999999
0.99297337
0.99267502
0.82762004
0.9940535199999999
0.45117857
0.9945415099999999
0.99666938
0.8877714600000001
0.9928035199999999
0.98090863
0.9942053900000001
0.9932719
0.9936579600000001
0.9935016600000001
0.99474421
0.9920788500000001
0.9939753100000001
0.9934924700000001
0.71175428
0.99305143
0.99408113
0.82443322
0.9942928499999999
0.99479951
0.9868723799999999
0.99409494
0.99033575
0.98745322
0.9932856800000001
0.9931938100000001
0.8265720000000001
0.9944816400000001
0.99493317
0.99041796
0.8275435
0.9934603
0.9940167099999999
0.99166654
0.9938787000000001
0.99285401
0.9939338999999999
0.9928769599999999
0.99050476
0.9938741
0.9921476
0.99297337
0.99407653
0.9073440100000001
0.9936027900000001
0.9940535199999999
0.99300551
0.91878426
0.99303306
0.9939385000000001
0.81950636
0.9947119600000001
0.9940535199999999
0.99261996
0.99379131
0.96490533
0.99245023
0.9931938100000001
0.98716726
0.99167112
0.99231723
0.9943112700000001
0.99234933
0.9927346699999999
0.99418238
0.98571727
0.98994314
0.49427889999999997
0.9926383099999999
0.9835818000000001
0.9939338999999999
0.9917306600000001
0.9912683
0.9920559400000001
0.99206969
1.00700744
0.82755944
0.98670008
0.8273681399999999
0.99033118
0.99318462
0.9932765
0.9917902
0.99846273
0.9934373200000001
0.9954035600000001
0.99306521
0.99313869
0.99213844
0.99125
0.9934373200000001
0.99004811
0.99211552
0.82753393
0.99339596
0.99183601
0.9935844
0.98952804
0.99203761
0.9936165800000001
0.99373153
0.99347409
0.9936717500000001
0.99535281
0.9826906200000001
0.99569894
0.99403052
0.99318462
0.99245481
0.99133694
0.9936763500000001
0.99354763
0.9925282
0.9931478699999999
0.8793702299999999
0.9933546
0.8907172400000001
0.9934924700000001
0.9940213099999999
0.9939247
0.9923401599999999
1.17664534
0.99346489
0.99262455
0.99283106
0.99302388
0.62275145
0.98468675
0.9905778599999999
0.9933546
0.99362118
0.9842129
0.9927025500000001
0.49674622999999996
0.9924685700000001
1.04975492
0.99351545
0.99348328
0.994606
0.9941685699999999
0.8269316600000001
0.9938925000000001
0.99195971
0.99217969
0.82632392
0.98627863
0.99304684
0.9860567299999999
0.99219803
0.9942284100000001
0.9942928499999999
0.99307439
0.99441256
0.99407193
0.9946520700000001
0.99323515
0.9939753100000001
1.21738746
0.99301929
0.99199636
0.99334541
0.98634658
0.82761685
0.9935200500000001
0.9937039400000001
0.6204269099999999
0.99239978
0.9970766000000001
0.70771744
0.9943895399999999
0.9864961099999999
0.8269730599999999
0.99316625
0.9932627100000001
0.7025359
0.99503459
0.9933362200000001
0.99180852
0.99446322
0.99530207
0.6206187599999999
0.90116813
0.9921063499999999
0.9927209100000001
0.71036752
0.99283565
0.82012918
0.99369474
0.9965398799999999
0.99214302
0.99277139
1.19809177
0.99300551
0.98652783
0.9922072
0.96388756
0.8232259399999999
0.99194596
0.61867881
0.98889922
0.9936763500000001
0.99282647
0.9879802
0.99336379
0.9930560199999999
0.9853644799999999
0.9932075899999999
0.99227597
0.99199636
0.99265666
0.99318921
0.8265783600000001
0.99369015
0.99333163
0.9935062600000001
0.99190931
0.99408573
0.9932627100000001
0.82809556
0.9931984
0.98742144
0.99053674
0.99303765
0.99223929
0.9932673099999999
0.9866683399999999
0.99402592
0.99400751
0.9934419099999999
0.98980625
0.99257408
0.70890191
0.9929182799999999
0.99678041
0.99236309
0.9912317
0.70762649
0.99655375
0.99346489
0.83235155
1.1938888300000001
0.98958276
0.99538511
0.99333163
0.99288614
0.38118124000000003
0.99261996
0.9933867700000001
0.9928723700000001
0.98820752
0.99087038
0.99355682
0.99413175
0.98730341
0.99263372
0.9829605100000001
0.41326691
0.99300551
0.99199636
0.9933729800000001
0.99034031
0.9862424
0.9954404800000001
1.197918
0.8278210300000001
0.8760019099999999
0.99447243
0.99119967
0.80704858
0.9927668
0.9868769199999999
0.7101795900000001
0.70888319
0.99306061
0.99423301
0.98791657
0.99261537
0.99084295
0.99340055
0.9934924700000001
0.99255573
0.41328998
0.99446322
0.99379131
0.54922294
0.9932719
0.99238602
0.99279893
0.99347409
0.99165738
0.9913323599999999
0.99064183
0.99303306
0.9826141800000001
0.99325352
0.99351545
0.91390061
0.99178562
0.9955789199999999
0.7074143700000001
0.9906372600000001
0.7089487200000001
0.99400751
0.9952928400000001
0.9927484400000001
0.9926933699999999
0.99163907
0.99427444
0.99257867
0.9829605100000001
0.99087038
0.9928448299999999
0.99415476
1.19829902
0.99353843
0.9938879
0.99408113
0.9948962899999999
0.99404432
0.9862288100000001
0.99073324
0.99316625
0.6215906
0.99206969
0.99229889
0.9897651999999999
0.9935200500000001
0.9644156599999999
0.9943481
0.9630964799999999
0.94839694
0.9961469599999999
0.9899477
0.98679529
0.9849758
0.9926383099999999
0.99176272
0.99189556
0.9939753100000001
0.9926016099999999
0.99299633
0.99320299
0.99301469
0.99254655
0.9930101
0.98221419
0.99108074
0.99406273
0.9936027900000001
0.99256032
0.9930101
0.9943158699999999
0.9914788299999999
0.6866015400000001
0.99348328
0.9946751
0.70773144
0.9933040599999999
0.99329487
0.96817231
0.45109138000000004
0.99281729
0.9926016099999999
0.9927805700000001
0.9936487700000001
0.99269796
0.99357981
0.82654019
0.98760762
0.9917673
0.9853011899999999
0.99339136
0.99309276
0.9927025500000001
0.99852772
0.9934924700000001
0.71187461
0.9942192
0.9909161000000001
0.75955012
0.993589
0.99289073
1.01696469
0.99229889
0.99273009
1.01649294
0.9915749599999999
0.9914330499999999
0.99292287
0.9941731699999999
0.99349707
0.9879802
0.9933729800000001
0.9921934400000001
0.9922347
0.99294123
0.82792316
0.9939661
0.99263372
0.9931478699999999
0.99262913
0.99486403
0.98725348
0.99254655
0.99196887
0.99034031
0.99339136
0.99214302
0.82710365
0.9932259600000001
0.99436191
0.99353843
0.99440335
0.99155207
0.99279434
0.99288614
0.9931938100000001
0.81209344
0.99565278
0.99137813
0.9925144400000001
0.9938143100000001
0.99379591
0.9922530399999999
0.9931295
0.8250794
0.9931708399999999
0.99256949
0.60877138
0.9934511100000001
0.99516831
0.9934786800000001
0.94609472
0.9934143400000001
0.99339596
0.98951892
0.9926842
0.50556982
0.9179241899999999
0.9933362200000001
0.7077431
0.95720669
0.99363497
0.9933729800000001
0.9927622100000001
0.97313433
0.99383271
0.99321677
0.9930101
0.99324893
0.9877893400000001
0.9938465
0.99286778
0.99318462
0.99304684
0.9941271500000001
0.9948732499999999
0.99494239
0.99044994
0.9916802800000001
0.70755888
0.7103886699999999
1.00196599
0.99274385
0.9944448
0.99255573
0.98076976
0.9927805700000001
0.69821426
0.99172608
0.9944494
0.9180105199999999
0.99294123
0.99279434
0.99540818
0.9892272
0.99324434
0.86512198
0.99929439
0.9938097100000001
0.99371314
0.9941363599999999
0.99273926
0.88923087
0.99325352
0.99403972
0.9925649
0.41500396
0.9938097100000001
0.9935200500000001
0.99344651
0.99173524
0.94009756
0.58112032
0.42701662
0.99476725
0.99304225
0.9934373200000001
0.99278975
0.98448813
0.9929045000000001
0.99140101
0.99282647
0.9937039400000001
0.99288155
0.99309276
0.98611106
0.99351085
0.9950807
0.9930698
0.9928127000000001
0.9931019499999999
0.9923905999999999
0.9921521900000001
0.99268878
0.99211094
0.99412255
0.99469814
0.9938557
0.99271173
0.99363957
0.9946935299999999
0.99304225
0.9966370000000001
0.99377752
0.9933040599999999
0.99262913
0.98117754
0.99012114
0.82780508
0.99361199
0.9916940200000001
0.29187007000000004
0.98954628
1.1229436
0.7100645299999999
0.9853599599999999
0.9930101
0.9933867700000001
0.99324434
0.9912866
0.8273936399999999
0.9850435799999999
0.99323056
0.62053447
0.99313869
0.9931341
0.99213844
0.99311572
0.99328109
0.82742233
0.99374073
0.91351573
0.99336839
0.82926273
0.99355222
0.49675198000000004
0.9931295
0.99401211
0.77245112
0.99266125
0.99156581
0.99141932
0.8267310999999999
0.49668994
0.45121838
0.9923309899999999
0.99315706
0.9924364699999999
0.98978801
0.9942007900000001
0.8284533500000001
0.99271173
0.99266125
0.99400291
0.9931249099999999
0.98670914
1.04985756
0.9935844
0.82686162
0.99521904
0.9947949
0.9941455600000001
0.99260619
1.0947333399999999
0.99288155
0.99227597
0.99329487
0.99451848
0.99315706
0.99540818
0.9561242
1.10863615
0.99313869
0.99348787
0.98326205
0.9907149599999999
0.9942468200000001
0.99124085
0.9955835399999999
0.9531620599999999
0.9941731699999999
0.99339136
1.0466136
1.03148696
0.99303306
0.99318462
0.99261996
0.9413792
0.9925511400000001
0.70632777
0.9926658399999999
0.9872489400000001
0.99306521
0.45117004
0.9931432800000001
0.99409954
0.9927805700000001
0.99426523
0.99344651
0.99293205
0.99306521
0.98469127
0.9926429
0.99242729
0.99261537
0.99470274
0.8696167
0.9937039400000001
0.9944309800000001
0.9928035199999999
0.9938971
0.8252474399999999
0.9907149599999999
0.9937821200000001
0.99119967
0.9938097100000001
0.97606238
0.99541279
0.99347409
0.99237685
0.9911401999999999
0.99095268
0.99455072
0.9920971900000001
0.9920513599999999
0.9925878400000001
0.99352924
0.94581971
1.0182038900000001
0.19866339
0.99106701
0.99379131
0.99231723
0.99105329
0.99007549
0.99210177
0.9927346699999999
0.99353843
0.82754031
0.99064183
0.99363497
0.9938373
0.24836996
0.99292746
0.99480412
0.9885669
0.9626863299999999
0.9874350599999999
1.20100648
0.99409494
0.9917581400000001
0.9938832999999999
0.99310654
0.9937177300000001
0.99382351
0.99332244
0.99238602
0.99139644
0.9863873599999999
0.99156581
0.9920971900000001
0.99363038
0.55101548
0.68567859
0.99191847
0.9921063499999999
0.70906342
0.9881984300000001
0.9927484400000001
0.99249151
0.9926933699999999
0.99257867
0.99073324
0.9907378099999999
0.9844069000000001
0.99455072
0.99271632
0.9933040599999999
0.98958276
0.99238602
0.98524694
0.36204304
0.99076066
0.98949156
0.99217052
0.9920559400000001
0.9923264
0.99303765
0.99403972
0.9903996899999999
0.99961535
0.99098012
0.99273009
0.9936717500000001
1.06255314
0.99296419
0.99399371
0.9928035199999999
0.99179936
0.99241812
0.99292746
0.99150171
0.98546848
0.99534359
0.99075609
0.99316625
0.99235392
0.98118202
0.99289073
0.99230806
0.99120882
0.99325352
0.9931938100000001
0.99277598
0.99352464
0.99201011
0.99212469
0.98939583
0.9934556999999999
0.99351085
0.99321218
0.9935200500000001
0.9933867700000001
0.98448362
0.99301469
0.9924594
0.99259243
0.70818188
0.9877847900000001
0.82669928
0.99257408
0.9939247
0.71056026
0.82735858
0.9414741200000001
0.9926842
0.99121797
0.82133367
0.99338217
0.99201928
0.99242729
0.98847589
0.9927025500000001
0.9922438699999999
0.99030378
0.9929917399999999
0.9920330199999999
0.9857263199999999
0.99214302
0.9908566600000001
0.9885487000000001
0.991035
0.99127745
0.99240436
0.99257867
0.75503164
0.9928769599999999
0.82898743
0.9917444000000001
0.45130088
0.9934143400000001
0.99277139
0.99316625
0.45127433000000006
0.70937259
0.99305143
0.9934924700000001
0.99359819
0.99275762
0.9926383099999999
0.9930560199999999
0.99332703
0.99547739
0.87124314
0.99486403
0.9939155
0.99514064
0.9941363599999999
0.99484099
0.99129576
0.98744868
0.99251903
0.99231723
0.99283106
0.99254197
0.9935200500000001
0.99307898
1.2802301399999998
0.9934511100000001
0.99213385
0.95329746
0.9942053900000001
0.98862606
0.82719923
0.99311572
0.9936717500000001
1.03861081
0.99362578
0.99295041
0.99190472
0.9920513599999999
0.99510375
0.98093551
0.9939247
0.9939661
0.99552815
0.99267961
0.99497466
0.99283565
0.99285401
0.9931938100000001
0.99328109
0.99351545
0.9925144400000001
0.99336839
0.82742871
0.7104356799999999
0.8271132099999999
0.99362118
0.82860679
0.99212927
0.9878347700000001
0.8303015600000001
0.33114066999999997
1.5079478700000002
0.9962532500000001
0.99359819
0.98656862
0.99292287
0.99316625
0.99303306
0.9938695
0.9934511100000001
0.9931295
0.99382351
0.9828480399999999
0.9934924700000001
0.99150171
0.99512681
0.9956481599999999
0.9927851599999999
0.99234475
0.99415476
0.9917215
0.99087952
0.9948594199999999
0.9926842
0.8278306000000001
0.99451848
0.98576704
0.9926383099999999
0.3551538
0.99328109
0.99342353
0.99338217
0.9934373200000001
0.9938465
0.99134609
0.99294123
0.9928586
0.9946797100000001
0.99238602
0.9903951200000001
0.99032661
0.99364417
0.82118291
0.99521904
0.9933362200000001
0.52620861
0.94807036
0.8285172799999999
0.9941501599999999
0.9945230899999999
0.99282188
0.98884913
0.99329487
0.83135908
0.9961469599999999
0.99029465
0.9944586099999999
0.9924594
0.9933040599999999
0.99278975
0.8016618099999999
0.9896237999999999
0.74434111
1.08401285
1.0239375
0.99217052
0.9929458200000001
0.99292287
0.98772573
0.70873112
0.99155207
0.8273330799999999
0.9818908399999999
0.99243188
0.9942146
0.99279893
0.50093742
0.9953297499999999
0.9938097100000001
0.4955095
0.98315851
0.9916756999999999
0.9889265399999999
0.6205811
0.9928127000000001
0.99399371
0.9927530299999999
1.17232242
0.99411795
0.99332703
0.99281729
0.9932259600000001
0.9933546
0.99264749
0.99178562
0.99547739
0.99332703
0.9925511400000001
0.82791997
0.82728846
0.70844588
0.99267961
0.98382062
0.49758761
0.9959991100000001
0.99450006
0.99399371
0.9931341
0.99239978
0.82891063
0.9934603
0.70995889
0.99346949
0.82699535
0.99218886
0.99320299
0.49650046000000003
0.99329028
0.99382351
0.99665088
0.99302388
0.98485384
0.99332703
0.55270025
0.21563462
0.9943895399999999
0.62093638
0.975681
0.96494868
0.7735306900000001
0.9927346699999999
0.9939707099999999
0.9931295
0.98940039
0.9927668
0.70901894
0.9891861900000001
0.99254197
0.98038917
0.99054131
0.99369015
1.02427937
0.99277139
0.99279893
0.98835306
0.99403512
0.99297337
0.8284309799999999
0.9939569
0.99293205
0.82711958
0.9899385700000001
0.99372233
0.98759854
0.99274385
0.99200095
0.98767576
0.99472578
0.61928363
0.99463364
0.9873624200000001
0.98897208
1.03198265
0.99247775
0.99288614
0.83057131
0.99293664
0.98716272
0.9922255400000001
0.70868902
0.62082688
0.99321218
0.9927209100000001
0.99279434
0.99212469
0.99334541
0.99250985
0.70795542
0.9273302800000001
0.91616978
0.9942007900000001
0.9903722899999999
0.9931708399999999
0.98909051
0.9924594
0.99419158
0.97667942
0.99323056
0.99323515
0.99258325
0.98260969
0.99346949
0.98866703
0.9926933699999999
0.9933408199999999
0.9927254999999999
0.7094405500000001
0.9942192
0.9931295
0.99284942
0.98346919
1.0016482
0.9935200500000001
0.99310654
0.9931341
0.99254655
0.49656933999999997
0.99221178
0.99375912
0.70795308
0.99174898
0.99344651
0.99257408
0.99001159
0.9904407999999999
0.99222095
0.9934419099999999
0.9893548099999999
0.49953097
0.99260619
0.9929917399999999
0.99298714
0.9942146
0.9895873199999999
0.9857263199999999
0.96341622
0.9883121199999999
0.9938373
0.9599494199999999
0.99245023
0.82781146
0.99309735
0.993589
0.9931295
0.9915246000000001
0.9940581199999999
0.99262913
0.9914101700000001
0.99335001
0.99356142
0.9928723700000001
0.99283106
0.9884667899999999
0.9631742400000001
0.99340055
0.99301469
0.99306521
0.9929045000000001
0.9757076000000001
0.99007093
0.99337758
0.99357061
1.21349384
0.91823819
0.9931249099999999
0.99408573
0.9944816400000001
0.99339596
0.9930560199999999
1.0266886800000001
1.28877372
0.9952974600000001
0.99127745
0.97916434
0.99356601
0.9910167
0.99354763
0.8266833699999999
0.9939707099999999
0.99242729
0.99217052
0.9934556999999999
0.99127745
0.9917902
0.9927668
0.99495161
0.98924087
0.9933362200000001
0.99262913
0.98709466
1.22882578
0.56258528
0.99418238
0.6206115799999999
0.99159328
0.99951299
0.9887762800000001
0.9943434999999999
0.9927254999999999
0.9163261500000001
0.9925511400000001
0.99318921
0.99324434
0.99550969
0.99249151
0.99162533
0.99218886
0.9942928499999999
0.99439875
0.98222767
1.08629395
0.82001957
0.9939338999999999
0.99196887
0.99373613
0.9939477
0.99149256
0.9920513599999999
0.9941363599999999
0.9928586
0.9936165800000001
0.99225763
0.99323515
0.9887489600000001
0.99332703
0.99083381
0.99299633
0.9922713799999999
0.99330866
0.8275435
0.99415937
0.9929090899999999
0.9936625600000001
0.9921934400000001
0.31127778
0.99346489
0.990587
0.9933546
0.99266125
0.99325812
0.55010788
0.7096374799999999
0.99375452
0.99214302
0.9925052700000001
0.99154749
0.99339136
0.96297556
0.99123627
0.99231723
0.99521904
0.99426063
0.9946751
0.99051846
0.99261537
0.99349707
0.99262455
0.99446322
0.99369474
0.54628893
0.6208484200000001
0.9921934400000001
0.99324434
0.9910258500000001
0.99306521
0.99278975
0.9632692900000001
0.99252362
0.8070698199999999
0.99323974
0.92054871
1.11908141
0.9939155
0.99293205
0.9938051099999999
0.99124085
0.99415476
1.02939547
0.9930009200000001
0.9925649
0.8286963199999999
0.82350058
1.08389795
0.94128017
0.99292287
0.99346949
0.99045907
0.9909663999999999
0.9931203200000001
0.99305143
0.99430206
0.9994106600000001
0.99267502
0.99256949
0.99284024
0.9931341
0.99316625
0.9938005099999999
0.9926933699999999
1.10598118
0.99426063
0.9868179600000001
0.99348787
0.90482845
0.99328109
0.9936763500000001
0.99262913
0.98477255
0.99279893
0.9926933699999999
0.99182684
0.99323515
0.98781205
0.99496544
0.99451388
0.9942284100000001
0.99348328
0.9926383099999999
0.99409954
0.62283453
0.99238602
0.99045907
0.99470274
0.99329028
0.84355969
0.62253842
0.99338217
0.62069769
0.9928448299999999
0.9949931
0.9939201
0.99271173
0.99376372
0.9879802
0.92731026
0.99329487
0.82784975
0.99243188
0.9930101
0.99244564
0.99381891
0.99410874
0.99066925
0.9925649
0.9916940200000001
0.9943665199999999
0.99323056
0.99189556
0.9939477
0.9912134
0.9939385000000001
0.99262913
0.9874577600000001
0.99239978
0.9928035199999999
0.99240895
0.9895098
0.9931111300000001
0.99351545
0.92068684
0.45133313
0.9929917399999999
0.99677578
0.99415476
0.99417778
0.99340055
0.9937821200000001
0.99361199
0.95792829
0.9946658899999999
0.8174599499999999
0.70520746
0.9935062600000001
1.1866386199999999
0.99263372
0.9931938100000001
0.99124085
0.9931295
0.95629451
0.9881847899999999
0.99325352
0.9929458200000001
0.98943686
1.06463388
0.9927346699999999
0.9921613600000001
0.99215677
0.9923585
0.9948271599999999
0.9938143100000001
0.99442638
0.99306521
0.98129859
0.99368095
0.98805293
0.99382811
0.99027638
0.99411795
0.9931432800000001
0.99225763
0.985369
0.9930009200000001
0.9938879
0.99130033
0.99163449
0.70607232
0.99301469
0.62074433
0.9939753100000001
0.82668018
0.99055501
0.99360739
0.9948732499999999
0.99321218
0.9934419099999999
0.9937499200000001
0.9936027900000001
0.99331784
0.49603943
0.99407193
0.9939338999999999
0.96301874
0.7934482800000001
0.82748929
0.82359849
0.99346949
0.9938557
0.9929917399999999
0.9921613600000001
0.9782098499999999
0.99129118
0.9877348100000001
0.99446322
0.99369474
0.99331784
0.99318003
0.9955419999999999
0.98825755
0.9938832999999999
0.9923722600000001
0.99183601
0.87206395
0.9942698400000001
0.81935003
0.9952928400000001
0.9853644799999999
0.99330866
0.99332244
0.99418698
0.99323056
0.994735
0.99398911
0.9934786800000001
0.9911447699999999
0.99371314
0.99662313
1.12218662
0.98543683
0.992955
0.9931938100000001
0.99352924
0.9924594
0.9941731699999999
0.99479951
0.99533436
0.98495773
0.53678771
0.9865233000000001
0.82685843
0.99356142
0.99301469
0.9947211699999999
0.99514064
0.9922805499999999
0.99377752
0.61849528
0.9939799100000001
0.99487786
0.99526517
0.9940213099999999
0.99329028
0.9902581100000001
0.99275762
0.9830549999999999
0.9930560199999999
0.9902809499999999
0.99362118
0.82799658
0.9779559299999999
0.9931478699999999
0.82792954
0.99239519
0.99407193
0.99108074
0.99298255
0.99228972
0.9931938100000001
0.99335001
0.99133694
0.9931341
0.8285332599999999
0.9916940200000001
0.99173524
0.99568047
0.82707498
0.9925649
0.9936579600000001
0.99441717
0.99179478
0.99403512
0.9946152100000001
0.9920926
0.60848331
0.97811629
0.65326273
0.9990712399999999
0.99340055
0.9948916800000001
0.99398451
0.99007549
0.99352924
0.9929045000000001
0.99249151
0.9929687800000001
0.99436191
0.9928953199999999
0.99138271
0.9943434999999999
0.9907789499999999
0.99469814
0.99573588
0.99215677
0.99317543
0.9927071399999999
0.99218886
0.9929045000000001
0.9916024400000001
0.99303765
0.99275762
0.99445401
0.99161617
0.8283862399999999
0.9945599300000001
0.99329487
0.82843738
0.99377292
0.99365336
0.99357061
0.99283106
0.99042253
0.9934786800000001
0.99323974
0.99340055
0.9925511400000001
0.9937177300000001
1.06199615
0.99372233
0.99433889
0.99409954
1.12233911
0.9931341
0.9860839
0.99357061
0.99306061
0.9934511100000001
0.33128575
0.99229889
0.9926383099999999
0.9913689800000001
0.8261395400000001
0.99381891
0.9917215
0.9903722899999999
0.9852921499999999
0.99137355
0.99306521
0.9939523
0.9934556999999999
0.99508531
0.99280811
0.99309735
0.9933362200000001
0.62164818
0.8265274599999999
0.9936625600000001
0.9943112700000001
0.99317543
0.82956706
0.9937821200000001
0.9942007900000001
0.9913689800000001
0.99374533
0.99254197
0.99150171
0.98983819
0.9930009200000001
0.99093439
0.9922072
0.99410414
0.55098438
0.9962855999999999
0.49151288
0.76557767
0.7086843399999999
0.8284277899999999
0.99463364
0.99248233
0.99017136
0.99279434
0.9955927699999999
0.99369934
0.99094811
0.9938648999999999
0.99398451
0.99368555
0.99908054
0.99297337
0.99335001
0.99336839
0.99195971
0.9934511100000001
0.99238602
0.9926842
0.72433886
0.99323515
0.99162991
0.61890882
0.9902398499999999
0.9939753100000001
0.61554353
0.99324434
0.99329028
0.98443397
0.7090681
0.99211094
0.99357061
0.9938557
0.8276742699999999
0.55214177
0.99245481
0.9942238
0.9913689800000001
0.27545014
0.99274385
0.99481333
0.8261999299999999
0.98541422
0.99299633
0.9956066199999999
0.99128203
0.9902124499999999
0.99275762
0.99212469
0.99267502
0.9917398199999999
0.99299633
0.9900937500000001
0.9911768
0.99321218
0.9934327199999999
0.9932765
0.99192305
0.99299633
1.00024856
0.99233558
0.99146052
0.9921934400000001
0.9945230899999999
0.9916802800000001
0.9931019499999999
0.9929090899999999
0.9939338999999999
0.9935062600000001
0.99373153
0.99335001
0.992955
0.9929458200000001
0.9937821200000001
0.9906738199999999
0.99299633
0.35371243
1.2980124100000001
0.83400014
0.9917673
0.9939799100000001
0.8628452
0.99054588
0.99285401
0.99303765
0.9947949
0.9931478699999999
0.99409954
0.9937683199999999
0.99400291
0.4132685
0.9925511400000001
0.9909298200000001
0.99300551
0.9942514199999999
0.99012114
0.99245481
0.99339136
0.9941501599999999
0.9926383099999999
0.99237685
0.99448624
0.9931111300000001
0.9939753100000001
0.9928127000000001
0.98480416
0.97817866
0.99454612
0.99304684
0.99288614
1.02976074
0.9924364699999999
0.9933729800000001
0.99415476
0.99362578
0.9927025500000001
0.9906966799999999
0.31023407
0.90538541
0.99320299
0.99144678
0.9923585
0.70240263
0.99318921
0.99103957
0.86627712
0.99308358
0.99308817
0.9934603
0.9939385000000001
0.99379591
0.99446782
0.9940581199999999
0.97235443
0.99383271
0.99196429
0.9937683199999999
0.99381891
0.98952348
0.99331325
0.99149256
0.99400751
0.99300551
0.8274319
0.99500232
0.98896753
0.99346949
0.9958605500000001
0.9904545
0.99297337
0.99329487
0.9939201
0.9931203200000001
0.99359819
1.11202322
0.9557625000000001
0.99540818
0.99304684
0.99363957
0.99274385
0.9932259600000001
0.9925144400000001
0.99313869
0.99302847
0.9931341
0.9923264
0.99116765
0.99260619
0.9934373200000001
0.7074819499999999
0.99403512
0.99286778
0.99223929
0.99488247
0.8289618299999999
0.99321218
0.70638818
0.9914513599999999
0.9931111300000001
0.9852153
0.9938832999999999
0.98635565
0.99503459
0.99544509
0.99134609
0.99421
0.99598064
0.99010745
0.99324893
1.38921075
0.99685907
0.99273009
0.99154749
0.99274385
0.9935062600000001
0.68690242
0.9941363599999999
0.98971958
0.99259243
0.9929090899999999
1.1025571600000001
0.9964196599999999
0.99402592
0.9946704900000001
0.99360739
0.99300551
0.99379591
0.71021482
0.99103957
0.99356601
1.11573241
0.8278338
0.99151545
0.99337758
0.82666427
0.99242271
0.99163449
0.99284024
0.41380524
0.99131406
0.99353843
0.9935200500000001
0.9933867700000001
0.9936487700000001
0.9928723700000001
0.9933592
1.0155987899999999
0.9938832999999999
0.99410414
1.05422806
0.84719709
0.99355682
0.9472966700000001
0.9946520700000001
0.98466869
0.62070845
0.99019876
0.83250966
0.56525371
1.10367345
0.9926429
0.99310654
0.9923905999999999
0.98730341
0.9942053900000001
0.99507608
0.33118459
0.99342353
0.9934786800000001
0.99460139
0.98960556
0.9931341
1.0622798199999999
0.9936027900000001
0.9906463999999999
0.99359819
0.9912317
0.71024535
0.9927668
0.9948179399999999
0.99001616
0.99283106
0.9938832999999999
0.9940903400000001
0.9922530399999999
0.9934281300000001
0.9944908499999999
0.98379358
0.9932627100000001
0.99245481
0.99114935
0.99239978
0.99300551
0.99273926
0.99362578
0.99307898
0.99379591
0.92247842
0.99432048
0.99354763
0.9854594400000001
0.8211954699999999
0.99095725
0.98672275
0.9929917399999999
0.82427183
0.82770617
0.9932719
0.9938557
0.9938879
0.98531475
0.9874169
0.99295041
0.98713549
0.99383271
0.99249151
0.99372233
0.99262913
0.99234933
0.9929917399999999
0.99217969
0.99185433
0.99231723
1.02090489
0.99277139
0.9927851599999999
0.99321677
0.99301929
0.99120425
0.99340515
0.62176157
0.9930560199999999
0.9851791400000001
0.9935062600000001
0.9928127000000001
0.8281019399999999
1.15025075
1.27994782
0.70899787
0.99354763
0.99365336
0.9920421899999999
0.9942468200000001
0.99476264
0.9932627100000001
0.99294123
0.99229431
0.9927346699999999
0.9946843099999999
0.9933729800000001
0.8277986900000001
0.6206654
0.7102970399999999
0.98382513
0.9931249099999999
0.82833831
0.9926933699999999
0.99094354
0.99044994
0.99223929
0.9922255400000001
0.9929136900000001
0.9916070100000001
0.99177646
0.9933729800000001
0.9932673099999999
0.9917031799999999
0.99346949
0.91347299
0.9936717500000001
1.19364993
0.9938465
0.9938879
0.48144892
0.99450466
0.98753496
0.9927622100000001
1.02693416
0.9896922100000001
0.99244105
0.99338217
0.99444019
0.9947396000000001
0.99409954
0.99242271
0.9949977099999999
0.9929917399999999
1.0644808399999999
0.9936165800000001
0.99382811
0.9941685699999999
0.99407653
1.00133994
1.19798483
0.99282188
0.99214302
0.9858665999999999
0.99630871
0.99304225
0.99052303
0.9922713799999999
0.99424222
0.9942928499999999
0.7106096399999999
0.9933729800000001
0.7010680600000001
0.99250985
0.9836719100000001
0.99239978
0.9952974600000001
0.95845844
0.97300206
0.98558608
0.99482255
0.8269030100000001
0.99182684
0.9941501599999999
0.99127745
0.99332703
0.9863964199999999
0.9945230899999999
0.9942146
0.9891041800000001
0.92492588
0.99224846
0.9929182799999999
0.80877196
0.96801957
0.40340983
0.70887617
0.9885396
0.99335001
0.99213385
0.9932994700000001
0.9936027900000001
0.9817382299999999
0.99324893
0.99303765
0.99329487
0.9939247
0.99349707
0.7625303200000001
0.24836967000000001
0.99273926
0.98431214
0.9945415099999999
0.9932856800000001
0.97738176
0.9928769599999999
0.9931295
0.9920467700000001
0.62040719
0.9939569
0.99245023
0.98340614
0.99262455
0.9858665999999999
0.99061898
0.99239519
0.70631151
0.9928953199999999
1.03464766
0.9936027900000001
0.99196887
0.9939569
0.99479029
0.99304225
0.99477647
0.7095718200000001
0.99506686
0.99315706
0.49422316
0.9862831599999999
0.99309735
0.99331784
0.99235392
0.983046
0.41322636
0.9906921
0.98228159
0.98564036
0.99377752
0.9931019499999999
1.00027186
0.9907241
0.99183143
0.98548205
0.99317543
0.98915885
0.99221637
0.99601759
0.99266125
0.98382963
0.99197803
0.9935844
1.03573051
0.62182999
0.8263398200000001
0.9931295
0.9933546
0.99416397
0.99106244
0.70920626
0.99042253
0.9537843599999999
0.8269316600000001
8.52176051
0.9294253100000001
0.99250985
0.9929687800000001
0.99351085
0.99317543
0.99298255
0.9938832999999999
0.99002529
0.99267961
0.9932994700000001
0.9926429
0.99301469
0.99156581
0.99264749
0.80550774
0.99236767
0.9933546
0.99618855
0.99030835
0.98829393
0.99316165
0.99364417
0.98704475
0.9934419099999999
0.99381891
0.9930009200000001
0.99346489
0.99293664
0.99429746
0.9913094800000001
0.99301929
1.03221082
1.0183632299999998
0.99155665
0.99242271
0.99212927
0.99362578
0.9938971
0.99321677
0.9927622100000001
0.99305143
0.9902352799999999
0.99245481
0.9939569
0.9938879
0.99217969
0.99170776
0.99253738
0.9939523
0.99233558
0.9631310399999999
0.70930464
0.99301929
0.99066925
0.99256032
0.9954035600000001
0.99145594
0.99206969
0.99332703
0.99109446
0.9936579600000001
0.9887762800000001
0.91829316
0.91083838
0.97557906
0.9911813700000001
0.99231723
1.19796478
0.99317543
0.98488094
0.99285401
0.9934556999999999
0.99475804
0.9861201199999999
0.99259702
0.99665088
0.99210177
0.9924685700000001
0.86705359
0.97588052
0.96537379
0.8267597499999999
0.99292746
1.0042103
0.8283862399999999
0.99252362
0.99337758
0.91588454
0.99260619
0.99346489
0.9929595999999999
0.99282647
0.70763815
0.99412255
0.99297337
0.55027845
0.99677578
1.17165083
0.99338217
0.98769847
0.99354303
0.98865792
0.99257867
0.99258325
0.9914788299999999
0.9882893799999999
0.99346489
0.9914376300000001
0.49679795
0.99518676
0.9934143400000001
0.99504381
0.97126818
0.9908155200000001
0.95611143
0.8266897299999999
0.99399831
0.99210177
1.21742196
1.04684319
0.99374533
0.9938373
0.99375912
0.82669928
0.61859861
0.99163449
0.9930101
0.99325352
0.9934419099999999
0.82847253
0.99285401
0.99267502
0.99398911
0.99251903
0.99200553
0.99466128
0.9876167100000001
0.82669291
0.98967397
0.9936625600000001
0.9931984
0.98940039
0.9927484400000001
0.82629848
0.9934143400000001
0.99271173
0.99303765
0.98797111
0.98860786
0.9928723700000001
0.9934281300000001
0.99029921
0.99321677
0.99363957
0.99297337
0.99299633
0.99427904
0.6205524
0.99286778
1.4264918599999998
0.99211094
0.9931019499999999
0.8275658199999999
0.9947119600000001
0.99330866
0.9932719
0.99439875
0.98341965
0.31012475
0.9938419000000001
0.99374073
0.99332703
0.99119967
0.9136439900000001
0.99496544
0.62047889
0.9938051099999999
0.99348328
0.99258325
0.99336839
0.99332703
0.99261537
0.9928953199999999
0.99398911
0.9843347
0.99191389
0.99200553
0.98820297
0.9921613600000001
0.99336839
0.9901622299999999
0.82669928
0.9909298200000001
0.9925144400000001
0.9931019499999999
0.99092525
0.83051028
0.33126224
0.99038599
0.99217969
0.99260619
0.9873124900000001
0.9929045000000001
0.99323056
0.9930560199999999
0.99217052
0.9951498599999999
0.82689982
0.9897697599999999
0.9916802800000001
0.9934603
0.9856584599999999
0.9831630199999999
0.9936717500000001
0.9923905999999999
0.9956712400000001
0.99425603
0.98925454
0.98914518
0.99288155
0.98416328
0.9926842
0.9850752
0.9937177300000001
0.99183143
0.99161617
0.98641454
0.98282555
0.99309735
0.99442638
0.97039916
0.71036517
0.99221637
1.11891814
0.99227597
0.99435731
0.89795388
0.9921521900000001
0.9905778599999999
0.9927668
0.82826483
0.9943665199999999
0.99425603
0.82732033
0.76557767
0.99256949
0.99252362
0.99304225
0.45132364
0.9916940200000001
0.9920742699999999
0.97600915
0.9945875700000001
0.9938787000000001
0.99349707
1.31614234
0.62065643
0.9934419099999999
0.99613772
0.99283565
0.99303765
0.9938879
0.7090985399999999
0.5518835200000001
0.62046276
0.9896101199999999
0.99353843
0.82939725
1.14634562
0.69182167
0.9938971
0.9918864000000001
0.7080908100000001
0.99362118
0.99313869
0.98616993
1.21339785
0.9911447699999999
0.99329487
0.99376372
0.9952236499999999
0.99301929
0.9944079600000001
0.9879620199999999
0.9847273900000001
0.9929045000000001
0.99278975
0.9938097100000001
0.99253738
0.99302388
0.98931834
0.99254655
0.9901804900000001
0.98394684
0.9938787000000001
0.9939063
0.9920788500000001
0.90699528
0.99158412
0.9930560199999999
0.99262913
0.99318003
0.99409494
0.99355222
0.9926016099999999
0.82904184
0.9776442799999999
0.9938143100000001
0.98714457
0.9932673099999999
0.82875069
0.99339596
0.99474421
0.9951498599999999
0.99223929
0.99181768
0.9938741
0.9941961899999999
0.97756862
0.9934786800000001
0.99339136
0.99246399
0.9962855999999999
0.80526912
0.99463824
0.9910212799999999
0.99288614
0.99297796
0.99197803
0.99247316
0.9914696700000001
0.9938879
0.9866275400000001
0.9929090899999999
0.99306061
0.99246399
0.98455132
0.99462903
0.45126864
0.82665473
0.99651676
0.98709012
0.99447243
0.9938741
0.90014446
0.7094171199999999
0.9963595599999999
0.8285172799999999
0.99318921
0.9930009200000001
0.99301929
0.9929136900000001
0.59988928
0.99460139
0.99249151
0.8393985399999999
0.99334541
0.99092067
0.99315706
0.9920742699999999
0.9929595999999999
0.9945276900000001
0.99318003
0.8269030100000001
0.9929136900000001
0.82486389
0.9924364699999999
0.99002072
0.8241200000000001
0.9781296500000001
0.71017489
0.98573085
0.9899248799999999
0.4947891
0.99676653
0.98381611
0.9938557
0.9928035199999999
1.04073996
0.7088083199999999
0.97286982
0.9928035199999999
0.99519137
0.99267961
0.99329028
0.9951637
0.99250068
0.98727164
0.9938097100000001
0.9939569
0.9940535199999999
0.9939293
0.99162991
0.98776662
0.82847892
0.61945333
0.89617766
0.99347409
0.62287428
0.99383271
0.9919505399999999
0.99363497
0.9963965399999999
0.98910874
0.99297337
0.99218428
0.993589
0.7102218600000001
0.99342353
0.9911127500000001
0.9925052700000001
0.9922530399999999
0.24835732
0.99407653
0.97293593
0.8322064
0.9926842
0.99474882
0.99351545
0.99167112
0.9933729800000001
0.9928586
0.99286778
0.99301929
0.99286778
0.34854731
0.99348787
0.9934419099999999
0.49434375
0.9924685700000001
0.99360739
0.99255573
0.82700491
0.99331325
0.9950391999999999
0.99236309
0.9917902
0.9916528
0.99303306
1.13611451
0.9897788799999999
0.98026386
0.99315706
0.99372693
0.99340055
0.99252362
0.99410874
0.9916528
0.99406273
0.99247316
1.00217173
0.8322515500000001
0.9927805700000001
0.99258325
0.9781831200000001
0.9946797100000001
0.9921521900000001
0.72294406
0.98857145
0.9925511400000001
1.03787294
0.99359819
0.99289991
0.9890312900000001
0.99120425
0.99240895
0.9914330499999999
0.9915337599999999
0.9913689800000001
0.99335001
0.99119052
0.9936717500000001
0.99294123
0.99104415
0.9927530299999999
0.9932673099999999
0.98992032
1.10563952
0.9922438699999999
0.99254197
0.99185433
0.9934603
0.99375912
0.99331784
0.9927209100000001
1.1978912800000001
0.8285971999999999
0.99339596
0.99292746
0.99092525
0.61960704
0.99315706
0.99423761
0.96079981
0.99275762
0.9927851599999999
0.9929090899999999
0.99182684
0.97596036
0.9925052700000001
0.99042253
0.82797742
0.9907058200000001
0.99284942
0.99315706
0.99323974
0.99370854
0.9938143100000001
0.9938648999999999
0.99432048
0.99274385
0.9936027900000001
0.9946658899999999
1.04343525
0.99251903
0.9789724
1.0707437400000002
0.99346949
0.9860295600000001
0.99278975
0.99250068
0.6185611999999999
0.9937683199999999
0.9929045000000001
0.99655375
0.9950391999999999
0.99496544
0.9926383099999999
0.9934327199999999
1.10295921
1.1061122
0.99315706
0.9948594199999999
0.9931249099999999
0.9923722600000001
0.99372233
0.99316165
1.15335194
0.99324893
0.99331325
0.98755767
0.9928448299999999
0.9926429
0.99369934
0.9931478699999999
0.99301469
0.82870911
0.99433889
0.82835429
0.82667064
0.9943711199999999
0.45124114
0.99362578
0.99594368
0.99182684
0.9002312499999999
0.9938832999999999
0.99295041
0.9946704900000001
0.9927025500000001
0.9931295
0.99336839
0.99237685
0.99455072
0.9932719
0.99813323
0.99336839
0.99243188
0.7101983799999999
0.99279434
0.99179936
1.12931544
0.9938373
0.9925144400000001
0.99450006
0.98879449
0.99419158
0.99253738
0.98558608
0.99355682
0.9941961899999999
0.9929595999999999
0.99318921
0.99423301
0.99221178
0.99360739
0.99407193
0.9892955600000001
0.99297337
0.98903585
0.99955951
0.81602485
0.9939109
0.99264749
0.9911584999999999
0.99362118
0.7100387
1.03811878
0.9936717500000001
0.9944309800000001
0.99138728
0.99466128
0.82823289
0.70573122
0.99250068
0.8287379
1.1083672199999999
0.82307764
0.99427904
0.98909051
0.9935844
0.9931203200000001
1.1131126199999999
0.99321677
0.9922713799999999
0.9927071399999999
0.99271632
0.99306521
0.99483177
0.99330866
0.71036517
0.99339596
0.82340902
0.9939201
1.33994961
0.99166654
0.99200095
0.99156123
0.99308817
0.99430666
0.99375452
0.99277598
0.9927254999999999
0.9934511100000001
0.9927346699999999
0.99329028
0.99342353
1.33551639
0.83942807
0.99698402
0.99045907
0.9927668
0.7090681
0.99673877
0.9709475999999999
0.99151087
0.99259243
0.9927805700000001
0.99206969
0.99400751
0.93418813
0.99120425
0.9931432800000001
0.9918131
0.9920834399999999
0.9931295
0.9455823200000001
0.9929595999999999
0.9916894399999999
0.99372693
0.99286778
0.99355222
0.9927668
0.8251111
0.99119052
0.99017593
0.9921521900000001
0.99052303
0.99236309
0.99684056
1.51961084
0.99212469
0.9941271500000001
0.9954174100000001
0.98415877
0.99041796
0.9931432800000001
0.99242729
0.9933546
0.9902626800000001
0.99315706
0.9936625600000001
0.9927851599999999
0.8981078499999999
0.99363957
1.0834878000000001
0.99261537
1.19796478
0.99298714
0.99156581
0.99369934
0.9943342900000001
0.8920714700000001
0.9928035199999999
0.81553212
1.08711332
0.9934786800000001
0.9856494100000001
0.99399371
0.98913151
0.9933546
0.98959188
0.81178032
0.9938925000000001
0.9938557
0.8276710799999999
0.9953112900000001
0.9939431000000001
0.97865564
0.98993401
0.9938097100000001
0.99282647
0.9938971
0.99331784
0.99370854
0.99246399
0.99414096
0.9535599
0.7103487300000001
0.99379131
0.82840861
0.9879256599999999
0.99228972
0.992955
0.99353384
0.99410874
1.20186011
0.99279434
0.99369934
0.99125
0.99134609
0.9931432800000001
0.98889922
0.99223012
0.99298714
0.9936579600000001
0.9941685699999999
0.9943895399999999
0.9932627100000001
0.89575525
0.81432913
0.55182822
0.9912591500000001
0.82491776
0.99462903
0.70901894
0.9938419000000001
0.71037927
0.81636609
0.9939431000000001
0.99423301
0.99303306
0.99369015
0.99253738
0.94839694
0.99414096
0.99414096
0.99310654
0.49687956
0.9883121199999999
0.9922805499999999
0.99411795
0.9881711400000001
0.9920788500000001
0.99225763
0.9909161000000001
0.9931984
0.9944770300000001
0.99013027
0.9952236499999999
0.99011658
0.49672555
0.9933408199999999
0.99432968
0.8271896700000001
0.98904951
0.82855564
0.99372693
0.9916756999999999
0.99221637
0.99293205
0.98935025
0.49026956
0.61859327
0.99399371
0.99411795
0.9920788500000001
0.99308817
0.99311572
0.81398343
0.82848851
0.99240895
0.99254655
0.9919505399999999
0.9931111300000001
0.9936165800000001
0.9923126499999999
0.9954589300000001
0.9927622100000001
0.99237685
0.65871307
0.98938215
0.9911081799999999
0.9935062600000001
0.98861696
0.99260619
0.99283565
0.99356142
0.99413175
0.89811912
0.55593532
0.99334541
0.99430666
0.9929595999999999
0.99246399
0.9932765
0.99230806
0.99338217
0.99242729
0.9874804699999999
0.9936165800000001
0.9942007900000001
0.9919505399999999
1.10152786
0.9951175800000001
0.9906738199999999
0.70918284
0.9928723700000001
0.99279893
0.82706543
0.99340055
0.99239978
0.9941685699999999
0.9907789499999999
0.99263372
1.4049155400000002
0.9922805499999999
0.99355222
0.99426063
0.9938465
0.99298255
0.9934511100000001
0.99331325
0.99370854
0.99398451
0.99417778
0.9934419099999999
0.5494295
0.9931111300000001
0.9731078700000001
0.99450466
0.98347369
2.59577378
0.9933867700000001
0.99332703
0.98890377
0.9938971
0.99224846
0.66656433
0.99206969
0.99432968
0.99344651
0.99315706
0.99334541
0.992955
0.82755625
0.99166196
0.8276136599999999
0.9939109
0.99308358
0.99284024
0.99323056
0.99302847
0.9941363599999999
0.99410414
0.99581437
0.9922622099999999
0.99417778
0.30922181
0.99279434
0.9908018
0.99322137
0.9942238
0.99318003
0.98716272
0.9928586
0.92022525
0.9889174300000001
0.99295041
1.02661997
0.9920467700000001
0.99317543
0.9924594
0.9934511100000001
1.04387652
0.99304684
0.33058605
0.27571218999999997
0.99250068
0.9917444000000001
0.9938925000000001
0.82638115
0.9880983999999999
0.99256032
0.9941133499999999
0.99240895
0.99288614
0.45121459
0.98707651
0.99332703
0.47425293
0.99297796
0.99357981
0.8304267799999999
0.9934419099999999
0.9932765
0.99306061
0.9938005099999999
0.99318462
0.99330866
0.99323056
0.9931432800000001
0.99454612
0.99034488
0.99411795
0.9929182799999999
0.9885213899999999
0.98742144
0.9938925000000001
0.9907378099999999
0.45184403
0.9935936
0.9733989900000001
0.99240436
0.99293664
0.9932856800000001
0.99241812
0.99224846
0.9925511400000001
0.99266125
0.99454612
0.9928953199999999
0.82748291
0.9927484400000001
0.9928448299999999
0.9904407999999999
0.99374533
0.99321218
0.9938971
1.07103745
0.99602221
0.99106701
0.9927484400000001
0.99488247
0.9930560199999999
0.99404892
0.97312992
0.9932719
0.96534775
0.99234933
0.71030174
0.98075632
0.9931938100000001
0.9927668
0.99236767
0.9921613600000001
0.9924594
0.99500232
0.98746231
0.9874396
0.62169137
0.9920421899999999
0.99363497
0.9925649
0.70765914
0.99409954
0.99283565
0.99366716
0.9939109
0.54790154
0.98314051
0.99426523
0.9936027900000001
0.99123627
0.91869779
0.99233558
0.90056347
0.71173069
0.99054588
0.98873075
0.9911264799999999
0.95788984
0.9907012500000001
0.99330866
0.99578205
0.99331325
0.99083838
0.99339136
0.9925649
0.9927209100000001
0.98810749
1.17558254
0.9936487700000001
0.9931432800000001
0.9938648999999999
0.99289991
0.99256949
0.71081192
0.9923126499999999
0.98842585
0.9927209100000001
0.99248692
0.9927622100000001
0.82779231
0.99245481
0.99297337
0.9946797100000001
0.99271173
0.9948870700000001
0.99271632
0.71018663
0.9948594199999999
0.99419158
1.0295780700000001
1.0098914399999999
1.25462045
0.9908155200000001
0.9938143100000001
0.9933408199999999
0.45277765000000003
0.82346585
0.7089206299999999
0.8268552499999999
0.99277139
0.99398911
0.71051795
0.99262455
0.99301929
0.99315247
0.85909311
0.7096585799999999
0.99369015
0.9928769599999999
0.55185232
0.99415937
0.9927668
0.9927668
0.41368566
0.99340515
0.9918864000000001
0.99271632
0.8301828
0.9920834399999999
0.99365336
0.99255573
0.9949792700000001
0.99323974
0.9932627100000001
0.82849171
0.99135525
0.44678460999999997
0.99269796
0.99225763
0.9922438699999999
0.9938005099999999
0.9943527
0.99355222
1.1225385799999998
0.99221637
0.99400751
0.99357521
0.99410874
0.82699535
0.9931203200000001
0.99237685
0.5502291
1.20976816
0.99325352
0.99282188
0.96307057
0.9931019499999999
0.98430763
0.9879620199999999
0.9858349200000001
0.99187266
0.9956758600000001
0.994606
0.99304225
0.99309735
0.99398451
0.99244564
0.99351545
0.98873075
0.99369934
0.9938373
0.9939477
0.9916528
0.99316625
0.99223012
0.9922255400000001
0.99284024
0.99339596
0.9915200299999999
0.99265208
0.99273009
0.99346489
0.99497466
0.9732269499999999
0.9944586099999999
0.9938648999999999
0.9928035199999999
0.9927025500000001
0.9932075899999999
0.82851408
0.8264256799999999
0.9931249099999999
0.99241812
0.9932994700000001
0.8244743699999999
0.99200095
0.9949884900000001
0.9921521900000001
0.8274637800000001
0.99485481
0.9912683
0.80690606
0.68653569
0.8248417100000001
0.9930009200000001
0.9939477
0.97973167
0.82792954
0.70679039
0.9926933699999999
0.99278975
0.99293205
0.9917398199999999
0.82867394
0.33109828999999996
0.99119967
0.9940903400000001
0.99404432
0.9923585
0.99459678
0.99356142
0.8273840800000001
0.82661654
0.9932627100000001
0.99324893
0.98859876
0.99463364
0.31031790000000004
0.99265666
0.99553277
0.9931249099999999
0.99261078
0.9908886699999999
0.99316625
0.99338217
0.99406733
0.9931478699999999
0.98658222
0.9938465
0.9926842
0.99252362
0.99303306
0.9938648999999999
0.99437573
0.99348787
0.99296419
0.99379131
0.9929090899999999
0.9657688600000001
0.9926658399999999
0.9755657600000001
0.9948179399999999
0.99281729
0.99351085
0.9932719
0.9937039400000001
0.99348787
0.55097731
0.99239978
0.98511587
0.99259702
0.8271259499999999
0.99218428
0.8282360799999999
0.99366716
0.9922438699999999
0.99505764
1.1605008700000001
0.99260619
0.99262913
0.27542823
0.99217052
0.9947165699999999
0.9945875700000001
0.99060528
0.98943686
0.9917169199999999
0.9932075899999999
0.99224846
0.99588826
0.99284942
0.9933729800000001
0.9938373
0.82656564
0.99103957
0.99185433
0.9939338999999999
0.99304684
0.99352464
0.99155207
0.9932673099999999
0.9941731699999999
0.99435731
0.99113563
0.99261537
0.9932075899999999
0.99360739
0.99189556
0.99432048
0.99273009
0.9922713799999999
0.99450006
0.9934281300000001
0.99364417
0.9929917399999999
0.99526517
0.9934786800000001
0.82876028
0.99237685
0.8271833
1.0380987
0.9941455600000001
0.9928448299999999
1.03533104
0.9945369
0.99250985
0.95617529
0.99309276
0.9925144400000001
0.99288155
0.99100756
0.99163907
0.9917444000000001
0.9928586
0.9938648999999999
0.9206829000000001
0.99382351
0.99359819
0.89567306
0.6103077100000001
0.99296419
0.99249151
0.61954626
0.9923126499999999
0.8273139500000001
1.1903021599999999
0.82843418
0.9928586
0.99282647
0.99483638
0.86151943
0.99375912
0.99373613
0.99163907
0.9924594
0.45123166
0.9903905500000001
0.99357061
0.9931019499999999
0.9932856800000001
0.99227597
1.11919805
0.99351085
0.8286035900000001
0.9914330499999999
0.82666427
0.99321677
0.99408573
0.99404432
0.99309735
0.96558648
0.99055958
0.99286778
1.03386065
0.99318921
0.99503459
0.99502537
0.98965116
0.99359819
0.99293205
0.99340974
0.99279893
0.9937499200000001
0.82765513
0.7008804399999999
0.99334541
0.8269030100000001
0.9928448299999999
0.99376372
0.9944355899999999
1.01552195
0.9945553300000001
0.99349707
0.99766489
0.99248233
0.8249050800000001
0.9927668
0.99442638
0.99462903
0.9928586
0.91992565
0.68566327
0.99373613
0.99174898
0.82393344
0.99282188
0.99417778
0.49617007999999996
0.99192763
0.82867394
0.99699791
0.8923976899999999
0.99354303
0.45339998000000004
0.99377292
0.99344651
0.99119052
0.99400291
0.9934603
0.99306061
0.9917902
0.9854187400000001
0.9912134
0.98812113
0.9938648999999999
0.98254675
0.99221178
0.9913506700000001
0.9929136900000001
0.99000247
0.9901622299999999
0.99346949
0.99097097
0.99163449
0.69980697
0.9928586
0.70805812
0.98856235
0.9932994700000001
0.98834396
0.9939017
0.99411795
0.99301929
0.9938097100000001
0.99281729
0.99348787
0.99322137
0.82880186
0.9956712400000001
1.19829902
0.9915062899999999
0.9916070100000001
0.99378671
0.99310654
0.9940213099999999
0.99323515
0.99346949
0.9971228999999999
0.99379131
0.21127147000000002
0.99667863
0.99097097
1.07435421
0.99455072
0.9922072
0.9897287
0.9955835399999999
0.99323974
0.99161617
0.99254655
0.70876855
0.99245481
0.99155207
0.99404432
0.99244105
0.99355222
1.2134047099999998
0.9891041800000001
0.99341894
0.9940213099999999
0.9927530299999999
0.9927025500000001
0.99253738
0.99191847
0.99179936
0.82728527
0.99432968
0.99426063
0.99321677
0.9936717500000001
0.99337758
0.97260985
0.99269796
0.9914696700000001
0.98744414
0.82365851
0.9951498599999999
0.9941133499999999
0.9927209100000001
0.98936848
0.9937177300000001
0.9914376300000001
0.99376372
0.9931984
0.99279434
0.82662609
0.99268878
0.99033118
0.98462806
0.99100756
0.99247316
0.99189556
0.99119967
0.99303306
0.9927484400000001
0.99423761
0.99325352
0.62174717
0.99400751
0.99247316
0.99268878
0.99178104
0.9949977099999999
0.99301929
0.99244564
0.99439414
0.8270495
0.99289991
0.98652783
0.99408113
0.99284942
0.45124019
0.9939109
0.99463364
0.9929917399999999
0.9914788299999999
0.9486525
0.99282188
0.99376372
0.9927668
0.85322904
0.99292287
0.99378671
0.99323056
0.9925282
0.98949156
0.9938511
0.9845332600000001
0.9945230899999999
0.9940535199999999
0.99236767
0.9960545500000001
0.99236309
0.98830303
0.9930101
0.99475804
0.99368095
0.9926383099999999
1.2171183700000001
0.9927025500000001
0.99346489
0.99975961
0.98943686
0.99363038
0.96184122
0.5765583
0.9939293
0.99293205
0.98606578
0.99280811
0.9888354699999999
0.99104872
0.99575896
0.9927484400000001
0.9938465
0.91519757
0.99279893
0.99229889
0.99368555
0.99255573
0.9923309899999999
0.91599002
0.9938787000000001
0.99282188
0.9927484400000001
0.99414096
0.99223929
1.194985
0.82721516
0.9927484400000001
0.99320299
0.99348787
0.99356601
0.9936027900000001
0.99357521
0.99061898
0.99257408
0.99281729
0.97568544
0.99263372
0.9956297000000001
0.99182226
0.9922530399999999
0.9833250800000001
0.80042179
0.99432048
0.99293205
0.99914096
0.82840222
0.99135982
0.99306521
0.99284024
0.9937683199999999
0.9938787000000001
0.98954172
0.9904453700000001
0.92086055
0.9837890699999999
0.9938465
0.82927874
0.99236309
0.99406733
0.9950207600000001
0.99311572
0.9934786800000001
0.9942238
0.99491473
0.9888718900000001
0.45064835999999997
0.99245481
0.99247316
0.9920880200000001
0.99406733
0.9927530299999999
0.99375452
0.99354763
0.52115926
0.99340974
0.99253279
0.99267502
0.99279434
0.99324434
0.9931111300000001
0.7769252899999999
0.9911722199999999
0.99302388
0.62062055
0.9935016600000001
0.99363497
1.08643134
0.99079266
0.99166196
0.9931478699999999
0.98878538
0.99301469
1.1124149300000001
0.99352464
0.9911722199999999
0.8268552499999999
0.99678966
0.9928769599999999
0.9271941499999999
1.21269893
0.9736373
0.99318921
0.9939753100000001
0.99301929
0.9930560199999999
0.99262913
0.99364417
0.99303765
0.99178104
0.9944908499999999
0.98617446
0.98658222
0.99304225
0.9929045000000001
0.99375452
0.9922668
0.9928035199999999
0.99348328
0.99332244
0.9925511400000001
0.9930009200000001
0.99249151
0.8284853200000001
0.45221511
1.1941145400000002
0.99332244
0.4942243
0.98889922
0.99273009
1.01238616
0.99341894
0.70892297
0.9931938100000001
0.97627093
0.9928769599999999
0.9954404800000001
0.9930009200000001
0.99299633
0.82696032
0.70850665
0.994606
0.9934556999999999
0.99355682
0.99132321
0.9948455900000001
0.99517292
0.9929182799999999
0.9924364699999999
0.81212108
0.99234933
0.99360739
0.55174031
0.49546261999999996
0.31024213
0.99398911
0.99370854
0.71148309
0.38112712000000004
0.9936487700000001
0.49620333
0.27382781
0.99371314
0.98799384
0.61860931
0.99336839
0.99149256
0.9939385000000001
0.45115771000000005
0.99332703
0.9938465
0.99308817
0.99415937
0.99357521
0.6186200000000001
0.99432968
0.99313869
0.99278975
1.24593647
0.99218428
0.99429746
0.99249151
0.8249557799999999
0.98869434
0.41416117
0.99293664
0.99294123
0.8289522300000001
0.99347409
1.03720623
0.70498752
0.6212255799999999
0.98686785
0.99464746
0.9874577600000001
0.9906509699999999
0.9936763500000001
0.9927025500000001
0.99227597
0.9932994700000001
0.98511587
1.11597013
0.9924685700000001
0.69638482
0.99275762
0.99211094
0.9601253900000001
0.99206052
0.99408113
0.99463824
0.99254655
0.98992032
0.99463364
0.90065412
1.08951252
0.9916940200000001
0.9939799100000001
0.99323974
0.9934786800000001
0.9945875700000001
0.99526517
0.99351085
0.82776359
0.99031748
0.99336379
0.99190014
0.9928035199999999
0.9907652400000001
0.99140101
0.9908292299999999
0.99329028
0.99440335
0.99003898
0.9926383099999999
0.98776207
0.99289991
0.97649734
1.00939776
0.9752866400000001
0.99382351
0.99066011
0.99167112
0.99491012
0.9680850200000001
0.9938511
0.9931478699999999
0.99348328
0.99307439
0.99500232
0.99265666
0.96781016
0.990587
0.83180991
0.9807384
0.9934419099999999
0.98651877
0.99268878
0.99379591
0.97352255
0.99441256
0.9902398499999999
0.99376372
0.9927805700000001
0.9931938100000001
0.99293205
0.9960037300000001
0.9938051099999999
0.99369474
0.99491012
0.99399831
0.9922530399999999
0.82679476
0.99234933
0.99262913
0.9928127000000001
0.99448624
0.9933408199999999
0.9941501599999999
0.99244564
0.9939247
0.9851294300000001
0.9907058200000001
0.9934143400000001
0.99162991
0.9916894399999999
0.99283565
0.9851927
0.9897606299999999
0.9935062600000001
0.9862106900000001
0.94371241
0.99285401
0.9936487700000001
0.99022615
0.9922622099999999
0.71039337
0.99357521
0.99322137
0.99172608
0.99382351
0.9939799100000001
0.8275658199999999
0.89173068
0.99293205
0.9923218199999999
0.82771574
0.9934281300000001
0.99325812
0.9923722600000001
0.61449376
0.9901576599999999
0.99322137
0.9942468200000001
0.9936717500000001
0.99230348
0.9937177300000001
0.98674995
0.96545625
0.9878893
1.16884489
0.9931341
0.99259702
0.35381208000000003
0.49542833000000003
0.9922805499999999
0.9944309800000001
0.99126373
0.99352924
0.99363957
1.12341943
0.9937821200000001
0.99212469
0.61871803
0.8269253000000001
0.9938787000000001
0.98944597
0.9931295
0.99288614
0.82810514
0.9930101
0.99196429
0.99279893
0.99301929
0.99329028
0.99284942
0.99351545
0.99324893
0.9482294299999999
0.99446782
0.70943587
0.99282188
0.99210177
0.99308358
0.9977019699999999
0.99480873
0.983001
0.9925649
0.99298714
0.9933408199999999
0.99377292
0.99377752
0.99626249
0.99197345
0.8119337799999999
0.62062235
0.99375912
1.07382236
0.9933040599999999
0.9927622100000001
0.7089651
0.99189098
0.9939523
0.99203761
0.98326205
0.99282188
0.5494576099999999
0.99110361
0.99302847
0.99178104
0.82880186
0.9914513599999999
0.99253738
0.9943481
0.99122712
0.99340515
0.99027181
1.08915887
0.99315706
0.9928035199999999
0.8263588900000001
0.9889310899999999
0.9904956199999999
0.9925878400000001
0.9942053900000001
0.9939201
0.99432968
0.9907880900000001
0.98917252
0.9932075899999999
0.99265666
0.99115392
0.9938925000000001
0.82559008
0.99495622
0.9917031799999999
0.99258325
0.99355222
0.49692095000000003
0.9884304
0.99320299
0.82142792
0.99413175
0.9929458200000001
0.8215724799999999
0.9916528
0.99404432
0.9907103899999999
0.99369474
0.9920467700000001
0.99250985
1.04387652
0.9934419099999999
0.9948732499999999
0.98469127
0.9928448299999999
0.99201928
0.99317543
0.9917031799999999
0.99317543
0.9933040599999999
0.99282647
0.9942192
0.99517753
0.99305143
0.9851294300000001
0.62162299
0.99355222
0.82775721
0.99298255
0.97560122
0.99382351
0.8078348900000001
0.99309735
0.99372693
0.99374533
0.9888673400000001
0.9935200500000001
0.9611438200000001
0.99301929
0.96872698
0.99480873
0.9932765
0.99155207
0.98959644
0.99031291
0.9872580200000001
0.9945092699999999
0.99333163
0.99158412
0.97960207
0.99128203
0.9931432800000001
0.99296419
0.99325812
0.9913094800000001
1.1758207
0.98606126
0.9927254999999999
0.99221637
0.98945965
0.98859421
0.99162075
0.9922622099999999
0.9944816400000001
0.9928769599999999
0.81571489
0.98560869
0.9854956199999999
0.98628769
0.99357061
0.70898617
0.99252362
0.9931111300000001
0.99108988
0.9938143100000001
0.98999334
0.99213385
0.9933592
0.99339136
0.99206052
0.99155665
0.9948962899999999
0.9932765
0.9941363599999999
0.9929458200000001
0.99055958
0.99273009
0.9937821200000001
0.9899111899999999
0.9934419099999999
0.9942284100000001
0.99093896
0.82777317
0.49547405
0.9911584999999999
0.9923585
0.99278975
0.99334541
0.9891132899999999
0.9947534299999999
0.99308358
0.9928035199999999
0.9931984
0.99332703
0.99404432
0.99522827
0.70691835
0.99539434
0.99162533
0.99450006
1.02114276
0.9940535199999999
0.9926933699999999
0.9925511400000001
0.99301929
0.9867408799999999
0.9933362200000001
0.9930101
1.04432324
0.99246399
0.9929458200000001
0.9882439
0.98631034
0.99286319
0.9885122900000001
0.9942053900000001
1.03779269
1.02663469
0.9935062600000001
0.82521256
0.99273009
0.99455072
0.99506686
0.99336839
0.9931938100000001
0.99284942
0.99261078
0.99329487
0.99491473
0.98456486
0.99304225
1.03513641
0.9936027900000001
0.90472553
0.8277412599999999
0.67592361
0.99262455
0.99277598
0.99382351
0.99318921
0.99359819
0.9928448299999999
1.20950242
0.70915708
0.9928586
0.98955996
1.46038643
1.03475734
0.9935200500000001
0.9931708399999999
0.9926429
0.8213619400000001
0.9996711899999999
0.99104872
1.12903044
0.99363957
0.9923218199999999
0.99155665
0.99496544
0.99163907
1.0888827399999998
0.9932719
0.9733592799999999
0.99361199
0.99165738
0.8610185699999999
0.99310654
1.1290957400000001
0.9679933900000001
0.98942318
0.96322608
0.9931203200000001
0.99372233
0.9927668
0.9922713799999999
1.1353817
0.98494418
0.99228514
0.99611923
0.99254655
0.99463364
0.99245023
0.82483538
0.7187508
0.54541206
0.98708558
0.99463364
0.62287247
0.82870592
0.99407193
0.9940535199999999
0.99300551
0.62154383
0.99505764
0.9939753100000001
0.9924364699999999
0.9902398499999999
0.9854730100000001
0.99309735
0.99031748
0.99400291
0.77189027
0.99342353
0.99058243
0.99321677
0.99230806
0.90469122
0.98488094
0.9933546
0.98924087
0.9902352799999999
0.99279893
0.9882620900000001
0.9812447799999999
0.9909161000000001
0.99310654
0.9914239
0.9930009200000001
0.99250068
0.9902581100000001
0.9558092899999999
0.97606238
0.9909115300000001
0.99229889
0.98171579
0.9935844
0.9047712699999999
0.98886279
0.9869132
0.99437573
0.98708558
0.9941271500000001
0.9820030900000001
0.9920513599999999
0.9939385000000001
0.99219803
0.9931984
0.99148798
0.99148798
0.99241812
0.99346949
0.99249609
0.99311572
0.70916176
0.99211094
0.99377292
0.99249151
0.82857482
0.97064479
0.99331325
0.9933592
0.9940167099999999
0.70506159
0.81024889
0.9874804699999999
0.99090238
0.9922438699999999
0.9925878400000001
0.99324893
0.9927254999999999
0.98072496
0.9926842
0.99280811
0.9929090899999999
0.99277598
0.9926429
0.9917673
0.99237685
0.89580009
0.99182226
0.9922805499999999
0.8275690099999999
0.9941731699999999
0.99250985
0.99182684
0.9992153500000001
0.99372233
0.99196429
0.99256949
0.99494239
0.99421
0.99101213
0.99225763
0.98888555
0.98890377
0.98930923
0.9939569
0.82735539
0.9881847899999999
0.93918892
0.98959188
0.9938097100000001
0.9937499200000001
0.99230806
0.41321522
0.9927805700000001
0.99352924
0.99298714
0.9931249099999999
0.99379591
0.98882181
0.91589236
0.90266816
0.71029939
0.98808021
0.99334541
0.99355222
0.99263372
0.61865921
0.99356601
0.99080638
0.99127745
0.99308817
0.99429746
0.9944770300000001
1.04622098
0.99313869
0.9941271500000001
0.99437573
0.5518835200000001
0.99410874
0.99301929
0.99133694
0.35376254
0.99437573
0.9938603
0.9956758600000001
0.99353384
0.99487786
0.98827574
0.97873593
0.9939569
0.99258325
0.99247775
0.9901850600000001
0.9935062600000001
0.99399371
0.99258325
0.99132321
0.99336379
0.9938097100000001
0.9939385000000001
0.99271632
0.99561123
0.98656409
0.9875168
0.82780188
0.9920926
0.99229889
0.99323974
0.99296419
0.99359819
1.03517134
1.1802019400000001
0.9926429
0.9930560199999999
0.9933362200000001
0.8272789
0.9656038499999999
0.99399371
1.12554503
0.9927071399999999
1.17177869
0.9964982600000001
0.99329028
0.33087995
0.9944816400000001
0.99304225
1.17529945
0.90248228
1.54460778
0.99464746
0.9926429
0.98292901
0.9922072
0.99182226
0.99342353
0.99309735
0.99324434
0.82787528
0.9927254999999999
0.99292287
0.9939431000000001
0.99200095
0.99450466
0.9915749599999999
0.82526647
0.9941363599999999
1.10907129
0.9936165800000001
0.99254197
0.99217969
0.9951637
0.9913506700000001
0.99321677
0.6206384899999999
0.99293205
0.9951360300000001
0.9937039400000001
0.99034488
0.9935936
0.98997052
0.99309735
0.98910874
0.9929045000000001
0.99382351
0.9926842
0.9936763500000001
0.9929136900000001
0.9931478699999999
0.9916940200000001
0.98869434
0.99363038
0.99296419
0.9928953199999999
0.9936579600000001
0.9934143400000001
0.99286778
0.99269796
0.99356142
0.99401211
0.99026725
0.9931341
0.99481333
0.9834421600000001
0.98930011
0.55264904
0.99092525
0.9918589099999999
0.99332244
0.99134152
0.99352464
0.71006687
0.99154292
0.99298714
0.99528362
0.89027782
0.99080638
0.99318462
0.99416397
0.9884076500000001
0.99187266
0.9939109
0.9874169
0.99228972
0.9915749599999999
0.9949055099999999
0.99195512
0.99408113
0.99307439
0.99340974
0.82776359
0.9929182799999999
0.99417778
0.99349707
1.08643684
0.99316165
0.99344651
0.99363038
0.9944954500000001
0.9930009200000001
0.99253738
0.9926933699999999
0.9926383099999999
0.9931938100000001
0.8248131999999999
0.98924087
0.9854865700000001
0.99325812
0.9941685699999999
0.98245235
0.99357061
0.99123627
0.99349707
0.99036315
0.99313869
0.99225763
0.99173524
0.99318003
0.9941133499999999
0.99261996
0.9932259600000001
0.99211552
0.9939431000000001
0.99257867
0.99184975
0.99296419
0.9938419000000001
0.99281729
0.9920926
0.99333163
0.9938695
0.9938097100000001
0.99306521
0.9927025500000001
0.6206510399999999
0.99110361
0.99257408
0.9929136900000001
0.9939661
0.98159912
0.82720242
0.99283565
0.98611559
0.99216594
0.99408573
0.98560417
0.9929595999999999
0.99311572
0.99338217
0.98935936
0.99339136
0.99286778
0.99311572
0.99442177
1.04640451
0.99283565
0.99494239
0.9939201
0.98848044
0.9203751200000001
0.9938557
0.9955512299999999
0.99325352
0.98742144
0.7089182900000001
0.99332703
0.98882181
0.9925282
0.99199636
0.9940167099999999
0.99470274
0.99454612
0.99362578
0.9931111300000001
0.99354763
0.99375452
0.61990752
0.99292746
0.99354303
0.99556046
0.9937499200000001
0.9939753100000001
0.8267374700000001
0.9912317
0.99425603
0.99347409
0.9925649
0.99266125
0.99280811
0.99569432
0.99249609
0.99307439
0.9935200500000001
0.99191389
0.9905732899999999
0.9838566799999999
0.99298714
0.99107616
0.9932994700000001
0.9925052700000001
0.99323056
0.9939569
0.99464746
0.98765305
1.10541187
0.9938143100000001
0.99308358
0.9939293
0.9457947099999999
0.78996621
0.99298714
0.9938925000000001
0.97507851
0.99168486
0.99334541
0.9928127000000001
0.9823085399999999
0.55089533
0.99507608
0.9947073500000001
0.9935844
0.70781541
0.99680817
0.9933592
0.99251903
0.9936717500000001
0.99282647
0.99265208
0.99371314
0.82679795
0.9953066800000001
0.9975861
0.99129118
0.9948179399999999
0.9942053900000001
0.9905504399999999
0.9939109
0.99426063
0.99211094
0.9937499200000001
0.9920513599999999
0.9863148700000001
0.98637377
0.99363038
0.41414758999999995
0.9945553300000001
0.99170776
0.98651877
0.9934786800000001
0.9934419099999999
0.9918864000000001
0.99248692
0.98508424
0.99346489
0.9906281199999999
0.96085569
0.82848212
0.826677
0.9632563199999999
0.9939799100000001
0.99374533
0.97745738
1.0157092699999999
0.99128203
0.99321218
0.99083838
0.99083838
0.91807331
0.99369934
0.9945415099999999
0.98615635
0.99330866
0.98330257
0.99364417
0.99212469
0.8268297800000001
0.9930698
0.55279557
0.98267713
0.99364417
0.99355682
0.99504381
0.99369934
0.99244564
0.99026725
0.99241353
0.99354763
0.9605634399999999
0.92030412
0.9935844
0.9933040599999999
0.99286319
0.9928448299999999
0.99442177
0.99190472
0.9922438699999999
0.9944816400000001
0.99548201
0.9917581400000001
0.99197345
0.9911219
0.99289073
0.41324942
0.45108569000000004
0.99355682
0.70989318
0.99219803
0.99548201
0.99257867
0.9954404800000001
0.9938787000000001
0.9939707099999999
0.99192305
0.9884304
0.54947167
0.98902674
0.9546153700000001
1.1980182499999998
0.9938787000000001
0.5493283
0.99295041
0.6066457900000001
0.9936625600000001
0.99404432
0.9934556999999999
0.99339136
0.99261996
0.9870810400000001
0.9942192
0.99087495
0.9909618299999999
0.99242729
0.70621163
0.99275762
0.9931478699999999
0.9966277499999999
0.99298714
0.9929595999999999
0.99250985
0.9933362200000001
0.9943112700000001
0.99475804
0.99244564
0.99634107
0.9936165800000001
0.99346949
0.97353137
0.97275083
0.99325812
0.97331958
0.9929458200000001
0.9938373
0.9930009200000001
0.9923309899999999
0.9923126499999999
0.9931341
0.8245535099999999
1.18652061
0.99439875
0.5524954799999999
0.9892682100000001
0.9929917399999999
0.99283106
0.9912134
1.0002578800000002
1.19794473
0.99483177
0.99331325
0.98061301
0.91369841
0.83040751
0.61952124
0.99459678
0.99377292
0.99261537
0.9916070100000001
0.99149714
0.99382351
0.99264749
0.9913049100000001
0.99357521
0.99317543
0.9931111300000001
0.99334541
0.98853505
0.9867182099999999
0.99508531
1.1261707
1.1056565999999999
0.99150171
0.97886084
0.99301469
0.8528055000000001
0.9965398799999999
0.9943112700000001
0.98698577
0.99647977
0.9938879
0.99329487
0.99301929
0.9925878400000001
0.9939338999999999
0.89204182
0.99317543
0.99572664
0.99186807
0.99331784
0.98868979
0.9935200500000001
0.99248692
0.9928127000000001
0.9944079600000001
0.9943711199999999
0.9939523
0.99308817
0.9939477
0.9860159799999999
0.99178104
0.54944215
0.9929182799999999
0.99363957
0.9865867500000001
0.9844790999999999
0.91781827
0.99455072
0.99480873
0.9883621599999999
0.99115392
0.9910167
0.99178104
0.9931295
0.99417778
0.99247316
0.99479029
0.9934556999999999
0.6195784400000001
0.9922805499999999
0.99488247
0.99440335
0.98448813
0.99448624
0.9928723700000001
0.99242271
0.9944494
0.98565393
0.98921808
0.99321677
0.99259702
0.9931019499999999
0.99323515
0.99282647
0.99491473
0.99192763
0.83047816
0.9921521900000001
0.99132779
0.99407193
0.98924087
0.9927530299999999
0.9931341
0.99344651
0.99352924
0.99267502
0.9929045000000001
0.99400751
0.98725348
0.9927209100000001
0.9932994700000001
0.99344651
0.99277598
0.9940535199999999
0.9948732499999999
0.99225763
0.88985358
0.98492611
0.99672489
0.99377292
0.99244105
0.99228972
0.99202844
0.99201011
0.99218886
0.99283106
0.82864516
0.9934373200000001
0.9938648999999999
0.9927622100000001
0.99383271
0.9946566699999999
0.9933546
0.55106355
0.99267502
0.99212469
0.99430666
0.9942698400000001
0.99368095
0.99251903
0.99307439
0.99318921
0.98733519
0.99454612
0.99321677
0.9938557
0.99399831
0.99073324
0.8183072199999999
0.9929687800000001
0.9092995500000001
0.99313869
0.71031818
0.99271632
0.99400291
0.9945092699999999
0.9938832999999999
0.9932856800000001
0.96535209
0.9929687800000001
0.9927209100000001
0.9922347
0.99526055
0.9940167099999999
0.99279434
0.62243918
0.9942007900000001
0.7092577900000001
0.99306061
0.99303765
0.99300551
0.99333163
0.9929595999999999
0.9913094800000001
0.99315247
0.99376372
0.9927530299999999
0.99439875
0.9632390399999999
0.9944079600000001
0.9929045000000001
0.9898746900000001
0.99264749
1.04103258
0.9935062600000001
0.64864942
0.9942468200000001
0.82800935
0.99625787
0.9737035199999999
0.99323974
0.99363497
0.9939431000000001
0.89169735
0.98850774
0.9930101
0.99107159
0.9927530299999999
0.99284942
0.9931478699999999
0.5519658
0.9933592
0.98323954
0.99305143
0.99252362
0.9923585
0.99239978
0.9933729800000001
0.99398451
0.62269908
0.82931077
0.9942468200000001
0.9845242399999999
0.99279434
0.99061898
1.11586576
0.992955
0.9881393199999999
0.9929458200000001
0.9943434999999999
0.9917444000000001
0.99132779
0.98606578
0.99362118
1.0714008099999999
0.99340515
1.1187782400000001
0.99352924
0.8288690400000001
0.99335001
0.9899477
0.82115779
0.99250985
0.99349707
0.99293664
0.9966323800000001
0.9880711200000001
0.99409954
0.9935844
0.9933867700000001
0.99222095
0.99335001
0.9893730399999999
1.0373665699999999
0.99302847
0.99212469
0.9929182799999999
0.61751533
0.99286778
1.0930616899999999
0.9920971900000001
0.70908215
1.02943001
0.99379131
0.9939109
0.8269189299999999
0.9158962599999999
0.9942284100000001
0.99445401
0.99340055
0.99321677
0.9870492900000001
3.4738808199999998
0.99295041
0.99111733
0.99354303
0.9923722600000001
0.9895052400000001
0.9939707099999999
0.9928127000000001
0.9927254999999999
0.99181768
0.8269730599999999
0.9934556999999999
0.99293205
0.9934924700000001
0.99357521
0.99324893
0.9927025500000001
0.98889466
0.99279434
0.9945276900000001
1.04975492
0.99235392
1.280337
0.99369474
0.9907423799999999
0.99581437
0.9938511
0.99144221
0.9929595999999999
0.70756354
0.992955
0.9925649
0.98430312
0.99302388
0.99284942
0.99206052
0.99094811
0.99251903
0.99303765
0.98961924
0.9581804700000001
0.99267043
0.9931203200000001
0.99017593
0.99342353
0.99375452
0.9927851599999999
0.99228972
0.9934556999999999
0.99333163
0.99080638
0.99325352
0.99253738
0.99307439
0.99321677
0.9927071399999999
0.62287428
0.7102923400000001
0.9938741
0.82750523
0.99217511
0.9931019499999999
0.85168599
0.99501154
0.99252362
0.98606126
0.98733065
0.99331325
0.9971090100000001
0.9944309800000001
0.99215677
0.49671981000000004
0.99288614
0.55273297
0.96845612
0.9927805700000001
0.99305143
0.98657315
0.99363497
0.9916528
1.00457202
0.99155207
0.9952421
0.9947073500000001
0.82569484
0.98899485
0.9921934400000001
1.12896515
0.98752134
0.99196429
0.9158376699999999
0.99298714
0.9915886999999999
0.9932856800000001
0.99222095
0.9934556999999999
0.99361199
0.99098927
0.99318921
0.99263372
1.04089634
0.99351545
0.99310654
0.99369474
0.99253738
0.9938741
0.99277139
0.99347409
0.9929090899999999
0.9829829999999999
0.8267788500000001
0.99364417
0.9929595999999999
0.96388756
0.9530267000000001
0.99229431
0.9938143100000001
0.95093352
0.9928448299999999
0.99406733
0.62221736
0.99346949
0.49347588000000003
0.82521256
0.8267374700000001
0.99447243
0.97837475
0.9918131
0.94139571
0.81065568
0.7116717199999999
0.9925511400000001
0.9923126499999999
0.8268234099999999
0.99296419
0.99271173
0.9938373
0.9942146
0.9939753100000001
0.98080111
0.82321332
0.9932994700000001
0.99206052
0.99299633
0.99353384
0.9931341
0.99378671
0.98322153
0.99265208
0.6208053499999999
0.98906774
0.99450006
0.82896823
0.9609760900000001
0.99349707
1.00716802
0.9882211599999999
1.1119714
0.9940903400000001
0.98448813
1.0516570299999999
0.9938925000000001
0.9934373200000001
1.14112527
0.98426252
0.99438493
0.99284942
0.9938143100000001
0.9961700600000001
0.98189982
0.99331325
0.99667863
0.9939615
0.61475939
0.98950068
0.9941271500000001
0.9834782
0.99410874
0.99370854
0.99044994
0.99455072
0.9939063
0.99430206
0.9938557
0.99324434
0.99368555
0.9928769599999999
0.9945599300000001
0.99332703
0.9857579900000001
0.99318462
0.9940903400000001
0.9937177300000001
0.99382351
0.9957220200000001
0.9943665199999999
0.9931295
0.98997508
0.99239978
0.99031291
0.9941133499999999
0.99182684
0.99303306
0.92231995
0.9943481
0.9922072
0.99641041
0.99274385
0.9932994700000001
0.99398451
0.9938557
0.99415937
0.99339596
0.9867816899999999
0.82699535
0.9913323599999999
0.9865867500000001
0.9841497499999999
0.99357061
0.99317543
0.98686785
0.994735
0.9929136900000001
0.99439875
0.99379591
0.9858530299999999
0.99241812
0.99455072
0.9885487000000001
0.9938005099999999
0.70915942
0.99375452
0.99267502
0.99352924
0.29183477
0.9939569
0.9936027900000001
0.99244105
0.98818933
0.99267043
0.99496544
0.99357981
0.7966980499999999
0.99265666
0.98782569
0.99459218
0.9595290799999999
0.9923309899999999
0.99103957
0.99297796
0.9922347
1.1022289299999999
0.990587
0.99355222
0.9936165800000001
0.9880983999999999
0.99317543
0.9923218199999999
0.99162075
0.9946935299999999
0.98837581
0.99346489
0.9924685700000001
0.98403701
0.9943112700000001
0.9892044099999999
0.99094811
0.99318462
0.99200553
0.99368555
0.99191389
0.9917535599999999
0.99298255
0.9885305
0.9933546
0.9939109
0.9885305
0.99372233
0.9907378099999999
0.99363038
1.03066023
0.9950484199999999
0.97670608
0.7092273400000001
0.8273490099999999
0.9925511400000001
0.99298255
0.99182226
0.99705809
0.9932994700000001
0.992955
0.9939063
0.9946797100000001
0.9936487700000001
0.98235797
0.9931432800000001
0.19096212
0.99223929
0.99222095
0.9873715
0.99371314
0.69598985
0.9934924700000001
0.7253395
0.70715812
0.45113211999999997
0.99482255
0.99262455
0.9927668
0.96583836
0.94144936
0.9923309899999999
0.9849667700000001
0.99282188
0.99163449
0.9927071399999999
0.95089562
1.03783782
0.99254197
0.99357521
0.9938005099999999
0.99293205
0.98438885
0.9931984
0.29184905
0.9946751
0.82673429
0.9939385000000001
0.99315247
0.9869041300000001
0.9929182799999999
0.99374533
0.98902674
0.9953205199999999
0.99282647
0.99289073
0.8276232299999999
0.9931432800000001
0.9914239
0.9937683199999999
0.9906509699999999
0.99189556
0.99310654
0.9947119600000001
1.12599946
0.99293205
0.99221637
0.9916894399999999
0.94038572
0.9931249099999999
0.71149959
0.9926016099999999
0.99303306
0.9943481
0.99442177
0.99309735
0.9930698
0.99279434
0.99547739
0.99433889
0.9852605
1.1862322299999999
0.97938762
0.98870344
0.99295041
0.99446782
0.99346949
0.99288614
0.99483638
0.9913643999999999
0.99113563
0.99278975
0.9929687800000001
0.99363497
0.9951452500000001
0.63987094
0.49689681
0.99286778
0.55239032
0.8284949
0.99120425
0.9751892
0.99086124
0.99403052
0.9847228800000001
1.15635158
0.99198262
0.98876717
0.98632846
1.1799490400000001
0.9859299699999999
0.99238602
0.99174898
0.99194138
0.9943342900000001
0.98580325
0.99268878
0.70778975
0.99277598
0.99243188
0.99336839
0.90556867
0.9906738199999999
0.99495622
0.9955466199999999
0.9941685699999999
0.9889356499999999
0.99436191
0.9932627100000001
0.9933546
0.9920513599999999
0.99294123
0.9948455900000001
0.9892818800000001
1.12267355
0.9877711600000001
0.9924364699999999
0.9930560199999999
0.99338217
0.9934327199999999
0.99329028
0.99334541
0.9932259600000001
0.9934327199999999
0.99279434
0.99257408
0.99294123
0.9916894399999999
0.9897378299999999
0.99403972
0.9945691499999999
0.9938787000000001
0.9926429
1.00371747
0.9938648999999999
0.99423301
0.9924594
0.99403972
0.99262455
0.99317543
0.9926658399999999
0.98497129
0.99368095
0.99316165
0.9925052700000001
0.99294123
0.9931432800000001
0.98788476
0.9937499200000001
0.98862151
0.98356828
0.9939338999999999
0.93338012
0.99229889
0.9846190300000001
0.99466128
0.98522434
0.99003898
0.99377292
0.99446782
0.99304225
0.99288614
0.99363497
1.03236961
0.9876803
0.7092320200000001
0.9907195299999999
0.93667777
0.99362578
0.9938143100000001
0.0719338
0.99217511
0.4961334
0.99346489
0.86721465
0.99476264
0.9941455600000001
0.82161648
0.9927668
0.9950207600000001
0.99333163
0.9946520700000001
0.99242271
0.8340616900000001
0.9932994700000001
0.9926842
0.99284024
0.99279434
0.99261078
0.9928769599999999
0.99316625
0.98488997
0.9930101
0.99341894
0.9931295
0.9927071399999999
1.03223563
0.99084295
0.99295041
0.93411092
0.99157039
0.98763034
0.99294123
0.99283565
0.99330866
0.9934786800000001
0.99408113
0.99354303
0.99500693
0.9939338999999999
0.99363957
0.9987970799999999
0.9923264
0.99297796
0.99507608
0.9916070100000001
0.9934419099999999
0.99410874
0.99313869
0.99377292
0.99217052
0.99119052
0.82723109
0.99307898
0.9781652900000001
0.99368555
0.99976427
0.99379591
0.99148798
0.8570325699999999
0.9603357699999999
0.9930698
0.99429746
0.99318003
0.99166196
0.99253738
0.98750317
0.99401211
0.98477706
0.99152918
0.9913094800000001
0.99297796
0.99334541
0.987594
0.5625042299999999
0.99087038
0.98588923
0.99352464
0.99268878
0.99341894
0.99318003
0.91568537
0.90482845
0.99247775
0.99372233
0.99441256
0.96079121
0.99476264
0.9874577600000001
1.04767054
0.9833115800000001
0.99280811
0.99407193
0.99373613
0.9926429
0.9914788299999999
0.9934786800000001
0.9938097100000001
0.99266125
0.5494618299999999
0.9937683199999999
0.99324893
0.9931938100000001
0.99280811
0.99092067
0.9947949
0.99316165
0.99328109
0.99304684
0.8270080900000001
0.9950945299999999
0.99264749
0.9947718600000001
0.9936625600000001
0.9933867700000001
1.04705246
1.00745624
0.98963748
0.99315247
0.9945553300000001
0.9843482400000001
0.9912683
0.99256949
0.9928769599999999
0.98942774
0.9950299800000001
0.98768939
0.9680850200000001
0.99362118
0.9944355899999999
0.992955
0.988576
0.4137032
0.99061898
0.99485481
0.99242729
0.9507398600000001
0.99930369
0.99320299
0.9881165799999999
0.99301929
0.99348787
0.9965722499999999
0.82652428
0.9937499200000001
0.71034403
0.99325352
1.1538663
0.99301469
0.99432048
0.98899485
0.99054588
0.99263372
0.99305143
0.99451848
0.99275762
1.0127728999999999
0.9930560199999999
0.99318462
0.9932765
0.9916894399999999
0.8272247199999999
0.98433019
0.99269796
0.9938373
0.99239519
0.99259243
0.99154749
0.99307439
0.99190014
0.99235392
0.99307898
0.9934419099999999
0.99210177
0.99199178
0.99177646
0.993589
0.99351085
0.9939799100000001
0.9892044099999999
0.99286778
0.99348787
0.99320299
0.99271173
0.83157156
0.99407193
0.99307439
0.992955
0.99251903
0.9921476
0.9921521900000001
0.9936579600000001
0.83033687
0.9935062600000001
0.99332703
0.8225858100000001
0.99491012
0.99225763
0.9927484400000001
0.9903905500000001
0.9934603
0.9900891900000001
0.82836068
0.99261537
0.9908566600000001
0.99206969
0.98772119
0.99355222
0.99105329
0.99480873
0.99426063
0.99262913
0.99268878
0.99261996
0.62079817
0.97595149
0.99595292
0.99257867
0.9934327199999999
0.9942238
0.96336435
0.9927346699999999
0.9934281300000001
0.99288155
0.99325352
0.9924594
0.99355682
0.99297796
0.7354773900000001
0.99279434
0.99100756
0.99055958
0.99257408
0.99325352
0.99340974
0.99264749
0.99439875
0.99174898
0.99273009
0.99332703
0.99335001
0.9939155
0.99311572
0.9934924700000001
0.9934556999999999
0.9939569
0.99727108
1.19880071
0.99377292
0.99425603
0.99273926
0.99251903
0.99300551
0.99154292
0.99246399
0.98522886
0.99403052
0.98629675
1.02906004
0.80660298
0.99369474
0.70774076
0.99480412
0.70787374
0.9936487700000001
0.99398911
0.99236767
0.92548791
0.99296419
0.9942053900000001
0.9939569
0.9942192
0.9928723700000001
0.99261996
0.9920742699999999
0.9916986
0.99424222
0.9906555400000001
0.9931984
1.0154211100000001
0.99406273
0.9941685699999999
0.99284024
0.9948502
0.9939063
0.99349707
0.9933040599999999
0.7106166899999999
0.99313869
0.99075609
0.99315706
0.99416397
0.99309276
0.99280811
0.98940039
0.99368095
1.21759453
0.98534188
0.45066160000000005
1.21328816
0.99156123
0.99331784
0.99260619
0.99403972
0.99029921
0.99237685
0.98651877
0.99227597
0.9928953199999999
0.99546816
0.9943112700000001
0.82844696
0.99630871
0.9942468200000001
0.9930101
0.9934373200000001
0.99344651
0.99203761
0.8299197100000001
0.9836493799999999
0.9927530299999999
1.08941303
0.82864516
0.82845655
0.9937177300000001
0.99182226
0.9909298200000001
0.99202844
0.99139644
0.38913488
0.9732269499999999
0.9932673099999999
0.98756675
0.9932673099999999
0.99324893
0.99609151
0.9946797100000001
0.99352464
0.9485351799999999
0.99411795
0.9929595999999999
0.9885305
0.99496083
0.98368993
0.9943112700000001
0.9892226399999999
0.9904819100000001
0.99283106
0.99375912
0.9920421899999999
0.99215677
0.9929182799999999
0.99279893
0.99196429
0.99363038
0.9925649
0.9925282
0.99412255
0.99348787
0.99274385
0.9941731699999999
0.99218428
0.5518338899999999
0.4961483
0.99297796
0.9047712699999999
0.98923631
1.12177042
0.9938143100000001
0.82844057
0.9858123000000001
0.99362578
0.99330866
0.9936625600000001
0.9920788500000001
0.99246399
0.49646143000000004
0.99372233
0.70365466
0.99011658
0.09186172
0.9944309800000001
0.99418698
0.9906007099999999
0.99321218
0.99382811
0.99341894
0.96643384
0.9943158699999999
0.9943112700000001
0.99318003
0.99251903
0.9933040599999999
0.99622552
0.99368555
0.99020332
0.99240436
0.99190472
0.9916986
0.99282188
0.99406733
0.7089955299999999
1.02945962
0.82811472
0.98862151
0.9931478699999999
0.9889265399999999
0.99179936
0.9932765
0.98689052
0.99371314
0.9917169199999999
0.5535051200000001
0.99121797
0.9992014
0.9939063
0.9931478699999999
0.99302388
0.99331784
1.19042753
0.9925878400000001
0.99297337
0.9923218199999999
0.99277598
0.9964057900000001
0.10788220000000001
0.99256032
1.2179329
0.99361199
0.99495161
0.97917327
0.91387338
0.80778931
0.96564293
0.35468805000000003
0.99348328
0.9956481599999999
0.99048648
0.9974471
0.8230587199999999
0.9924685700000001
0.99145594
0.99409954
0.98820752
0.99306521
0.99135982
0.49422542999999997
0.61951052
0.98636471
0.82843418
0.99324434
0.5519530300000001
0.99286319
1.0024196600000002
0.99171234
0.9933040599999999
0.99432508
0.96516987
0.9702939399999999
0.9934924700000001
1.16040681
0.9678058
0.9830145
1.0108421699999999
0.99201469
0.99264749
0.99330866
0.9931432800000001
0.99382351
0.8982505999999999
0.98081007
0.9946566699999999
0.99028551
0.99107159
0.99614234
0.8282360799999999
0.61950694
1.08791188
0.98784386
0.92023708
0.97850849
0.99369934
0.82678521
0.9931478699999999
0.99259243
0.99496544
0.99187266
0.99510836
0.99346489
0.9902626800000001
0.9936027900000001
0.9931478699999999
0.99383271
0.99325352
0.99309276
0.99283106
0.9939063
0.9942284100000001
1.13096289
0.9909298200000001
0.9932673099999999
0.98594808
0.9937499200000001
0.9929182799999999
0.9921934400000001
0.9113988999999999
0.99218428
0.9929090899999999
0.99267043
0.99337758
0.9929917399999999
0.71207052
0.98797566
0.9928769599999999
0.99298255
0.99313869
0.9931984
0.96358913
0.9923814299999999
0.99267043
0.99413175
0.99307439
0.8277604
0.9944586099999999
0.99351545
0.99275762
0.7074446600000001
0.99236309
0.98483577
0.9850029100000001
0.9931984
0.99356142
0.8106465
0.99398451
0.8053566999999999
0.99329487
0.99518215
0.98350972
0.9947718600000001
0.9864417299999999
0.99282647
0.99340515
0.9939063
0.98935025
0.99323056
0.99265208
0.9943895399999999
0.99340515
0.9927805700000001
0.33115752
0.41510584
0.99409494
0.99269796
0.99323974
0.99249151
0.99123627
0.9922530399999999
0.9927530299999999
0.9935200500000001
0.9956758600000001
0.99075609
0.9938005099999999
0.99445401
0.99053674
0.9959944900000001
0.99406273
0.98902674
0.9900526700000001
0.98505713
0.99108988
0.99284024
0.9682421600000001
0.96943104
0.9925649
0.9949285600000001
0.99328109
1.12908981
0.99097097
0.99261078
0.99180852
0.9934556999999999
0.99295041
0.9932075899999999
0.99298255
0.55272585
0.9900800599999999
0.9943342900000001
0.99246399
0.99418698
0.9912683
0.99055501
0.9919505399999999
0.70883639
0.99492395
0.99267043
0.99288155
0.99268878
0.9943434999999999
0.9928035199999999
0.96047751
0.99242729
0.99910378
0.9923905999999999
0.99340055
0.99295041
0.99533436
0.99301469
0.99625787
0.9929917399999999
0.8068909
0.7093772800000001
0.99277598
0.9808683100000001
0.99462903
0.9932259600000001
0.59592069
0.99053217
0.9878529500000001
0.99253279
0.62072819
0.99043166
0.99363957
0.99340515
0.9939247
0.9929595999999999
0.9853464
0.9934327199999999
0.99279893
0.98420839
0.9915978599999999
0.6695737300000001
0.9946797100000001
0.9908292299999999
0.9941731699999999
0.99331325
0.9841136699999999
0.62065463
0.99281729
1.02377154
0.9872489400000001
0.99202844
0.9928586
0.9942468200000001
0.99180394
0.9933546
0.99148798
0.99257867
0.9939063
0.9917902
0.9862197500000001
0.99357061
0.99457375
0.9942192
0.99498388
0.95074406
0.9847228800000001
1.20634305
0.91824997
0.992955
0.7092905899999999
0.99298255
0.9928953199999999
0.9916986
0.99617468
0.99288614
0.98762125
0.9920742699999999
0.9939338999999999
0.99354303
0.9929045000000001
0.99228514
0.99265666
0.99244105
0.99377752
0.99359819
0.9907103899999999
0.99277139
0.99305143
0.98944597
0.993589
0.99294123
0.55914297
0.99249151
0.9938511
0.9934281300000001
0.99324893
0.6195123
0.98962836
0.6498880699999999
0.99242729
0.9938373
0.9888036
0.99476725
0.92095928
0.9938695
0.99348787
0.23640729
0.83405845
0.9938005099999999
0.99424222
0.3811711
0.99087952
0.9773773099999999
0.98123133
0.99366716
0.99333163
0.99370854
0.9936027900000001
1.04992942
0.99305143
0.9879438399999999
0.99322137
0.99330866
0.9945415099999999
0.99612847
0.9940903400000001
0.9866592799999999
0.99239978
0.9945553300000001
0.9910212799999999
0.99338217
0.9942007900000001
0.99363497
0.9938648999999999
0.99356601
0.99297796
0.56687863
0.9927668
0.99125457
0.99250985
0.99214302
0.99245023
0.9927071399999999
0.71055791
0.99428365
0.9934786800000001
0.49682093
0.97054828
0.9941133499999999
0.99231723
0.7102524
0.98614276
0.99149256
0.99289073
0.9943711199999999
0.99038599
0.9939431000000001
0.98625599
0.9847815799999999
0.6378298
0.9935844
0.9955004599999999
0.9941685699999999
0.98442044
0.98947789
0.992955
0.99245023
0.9940903400000001
0.99324893
0.99263372
0.98693134
0.99325352
0.9935936
0.94375388
0.99249151
0.98845769
0.99399371
0.6193872300000001
0.99507608
0.99307898
0.99348328
0.99354303
0.99375452
0.99277598
0.99245023
0.99347409
0.99089781
0.9935936
0.99379591
0.9923905999999999
0.9511693800000001
0.9938648999999999
0.9932994700000001
0.98788476
0.9885441500000001
0.9925878400000001
0.99715994
0.99219803
0.99461982
1.08626098
0.9927622100000001
0.98868523
0.9937177300000001
0.9920513599999999
0.99225763
0.96086429
0.98634205
0.99322137
0.9934373200000001
0.99230348
0.82484488
1.13204795
1.11981668
1.1124149300000001
0.9922347
0.9943711199999999
0.99436191
0.99353843
0.9934327199999999
0.98786658
0.9944448
0.9938832999999999
0.9937821200000001
0.9927209100000001
0.9939753100000001
0.9926933699999999
0.98820752
0.99368095
0.99307898
0.9929090899999999
0.9922072
0.9978085900000001
0.99404892
0.99333163
0.9923722600000001
0.99304225
0.9927025500000001
0.99292287
0.71177315
0.9938005099999999
0.99339136
0.98248381
0.99363957
0.9921476
0.9938925000000001
0.9952467199999999
0.99378671
0.98242988
0.99261996
0.41327646
0.99194138
0.9912683
0.99460139
0.7089651
0.99406733
0.9929917399999999
0.99362578
0.99315706
0.99463364
0.99353384
0.99402592
0.98646439
0.9925649
0.9935936
0.9936027900000001
0.99212469
0.9939017
0.8281977500000001
0.99098012
0.99352924
0.9935936
0.99195512
0.99418698
0.9933592
0.99360739
0.9928448299999999
0.99173524
0.99178562
0.9934327199999999
0.99262455
0.9199296
0.99480873
0.9932075899999999
0.99315247
0.9932259600000001
0.9941133499999999
0.9936763500000001
0.9915383400000001
0.99271173
0.99627173
0.9938925000000001
0.98830303
0.99087952
0.9936165800000001
0.99328109
0.99242729
0.9974100300000001
0.98862606
0.9931938100000001
1.00533388
0.99275762
0.99177188
0.99307439
0.99433889
0.9927668
0.99372693
0.9941501599999999
0.99448624
0.99277139
0.9928953199999999
0.98862151
0.9881574999999999
0.9926383099999999
0.99480412
0.99322137
0.98909051
0.99316625
0.99399371
0.9903996899999999
1.1790097099999999
0.99302847
0.8282680299999999
0.99359819
0.9926383099999999
0.9857534699999999
0.9913918599999999
0.99601759
0.99379591
0.96351996
0.96285898
0.99400751
0.98067122
0.9938373
0.5491105900000001
0.99259243
1.07674595
0.99446782
0.99463824
0.9933729800000001
0.99313869
0.70888319
0.99436191
0.9941731699999999
0.99113563
0.9925511400000001
0.99301929
0.99300551
0.99309276
0.99369934
0.99262455
0.99334541
0.9838070999999999
0.99250985
0.99307439
0.9863692399999999
0.99307439
0.98717633
0.99268878
0.9934327199999999
0.9922622099999999
0.99258325
0.99441717
0.86108072
0.99547739
0.99301469
1.10536067
1.27569749
0.9944494
0.99355682
0.8285844099999999
0.9941961899999999
0.9934924700000001
0.8052751600000001
0.99023072
0.9927025500000001
0.82863557
0.9942468200000001
0.99224846
0.45060486
0.99377292
0.62167878
0.9913094800000001
0.9928448299999999
0.9950714700000001
0.9933546
0.9920421899999999
0.7079110799999999
0.9934556999999999
1.10198006
1.08952357
0.98938215
0.9898016900000001
0.99318462
0.99359819
0.9890814
0.99340055
0.99305143
0.99371314
0.98956908
0.9928127000000001
0.9939201
0.9928723700000001
0.9931432800000001
0.99331784
0.9930560199999999
0.9923814299999999
0.99307439
0.93426535
0.92033567
0.99235392
0.8267884
0.9938971
0.99240436
0.99379591
1.1979514199999999
0.9897287
0.9940903400000001
0.99305143
0.99277139
0.99295041
0.9896329199999999
0.9923722600000001
0.9937683199999999
0.99318003
0.99201011
0.99407653
0.9932627100000001
0.99342353
0.9934511100000001
0.9939523
0.99462442
0.99508531
0.99316625
0.9930009200000001
0.98179209
0.9946106
0.9942284100000001
0.9932673099999999
0.99407193
0.98547753
0.99303765
0.99309735
0.99356601
0.99282188
0.99340974
0.99300551
0.9938741
0.99348787
0.9946428500000001
0.99260619
0.99245481
0.9926383099999999
0.9896602900000001
0.9157908
0.35474254
0.9916756999999999
0.99634569
0.21590974
0.99369015
1.02339099
0.99229431
0.98900396
0.99199636
0.9934327199999999
0.98734426
0.82662927
0.98835761
0.9922347
0.8142951700000001
0.9912134
0.9943112700000001
0.99364417
0.99304225
0.98482223
0.98923631
0.9920926
0.9947073500000001
0.9943434999999999
0.99373153
0.99477647
0.99330866
0.99223929
0.9938373
0.99366716
0.98945509
0.99225763
0.99335001
0.99247775
0.9929917399999999
0.70959996
0.9926383099999999
1.01418867
1.10413876
1.16799937
0.9936165800000001
0.99288155
0.9933592
0.9931295
0.9930101
0.9928035199999999
0.9918451699999999
0.9934556999999999
0.9929595999999999
0.99441256
0.9633125
0.99258325
0.9932673099999999
0.98246134
0.99214302
0.99283106
1.02692434
1.29908029
0.99457836
0.99304225
0.9964658900000001
0.75963878
0.9965306300000001
0.9939569
0.9938143100000001
0.49811045
0.9935844
0.9923722600000001
0.5528453799999999
0.49735022
0.99248692
0.99187724
0.99510375
0.9929136900000001
0.99404432
0.82908344
0.61763077
0.9942514199999999
0.9940213099999999
0.9938005099999999
0.99241353
0.9931478699999999
0.9931938100000001
0.9880983999999999
0.8272820799999999
0.99309276
0.99436191
0.99213385
0.99351085
0.99214302
0.99305143
0.99301929
0.9949977099999999
0.99166654
0.99990392
0.98810749
0.98814841
0.70495975
0.99229431
0.6919242099999999
0.99292746
0.98999334
0.98728525
0.99375912
0.99261537
0.9938373
0.9486106
0.99375452
0.82644476
0.99421
0.55251254
0.9951637
0.9929045000000001
0.9252088
0.8395298
0.7075075900000001
0.9938373
0.9937177300000001
0.99659075
0.49682552999999996
0.8938537599999999
0.99428365
0.99120882
0.97517592
0.8276710799999999
0.99250068
0.9845422899999999
0.9938465
0.99047735
0.70748662
0.99213844
0.99415476
0.55303901
0.8285492499999999
0.9927851599999999
0.9920880200000001
0.99275762
0.99190931
0.9913323599999999
0.99267961
0.9941731699999999
0.9923309899999999
0.99271173
0.9927668
0.9938971
0.99050476
1.1291432399999999
0.99355222
0.9891634100000001
0.9939799100000001
0.99286778
0.98456486
0.99200095
0.9935016600000001
0.98456035
0.99408113
0.9929595999999999
0.99297796
0.82503185
0.99336839
0.995602
0.6199970100000001
0.4506285
0.99273926
0.9939338999999999
0.99179478
0.99362118
0.99414096
0.99285401
0.99382811
0.99127745
0.9933546
0.99361199
0.99369474
0.99265208
0.86335166
0.99255573
0.81945008
0.99325352
0.9938005099999999
0.9907423799999999
1.26329256
0.99328109
0.82701446
0.98742598
0.99263372
0.9936027900000001
0.9934786800000001
0.98823026
0.9937821200000001
0.9912591500000001
0.99303306
0.99308817
0.9929917399999999
0.9953159100000001
0.98633752
0.9938373
0.9921476
0.99340515
0.9913506700000001
0.9910167
0.99304225
0.9923218199999999
0.89397655
0.9920834399999999
0.98952348
0.99173524
1.11920389
0.9931341
0.99267961
0.9923814299999999
0.9934143400000001
0.99379131
0.99265208
0.99410414
0.9922805499999999
0.9868723799999999
0.9935016600000001
0.9681548600000001
0.9939063
0.9922347
0.9880893000000001
0.99318003
0.99200095
0.99301469
0.99403972
0.98562679
0.99365336
0.99164365
0.98709466
0.9942053900000001
0.99144221
0.9945323
0.99261996
0.99257867
0.99318003
0.9938879
1.17954721
0.82836068
0.98398741
0.99127745
0.8266961
0.9933362200000001
0.99436191
0.98695856
0.99298255
0.99360739
0.81872528
0.99416397
0.9929595999999999
0.9930009200000001
0.70897212
0.99274385
0.9864100100000001
0.99323056
0.99084752
0.83044283
0.90509921
0.99277598
0.9928953199999999
0.70882703
0.99425603
0.99530207
1.10546309
0.99329028
0.99206052
0.99355682
0.98285703
0.99330866
0.99310654
0.9927209100000001
0.99211094
0.98372147
0.9949977099999999
0.9946566699999999
0.9945599300000001
0.9931203200000001
0.99311572
0.99374533
0.98963748
0.9931203200000001
0.99506686
0.99324893
0.9939523
0.98559965
0.99313869
0.99341894
0.9904407999999999
0.22580656000000002
0.9917215
0.99366716
0.99140559
0.99339596
0.7088457499999999
0.9939523
0.9923309899999999
0.9936763500000001
0.99320299
0.9954635500000001
0.99401211
1.03879168
0.99410874
0.9865867500000001
0.99271173
0.99339136
0.9881802399999999
0.82517768
0.99418238
0.99302847
0.99518676
0.9921201000000001
0.9929182799999999
0.9929595999999999
0.9834782
0.97782234
0.9933729800000001
0.9874305200000001
0.99494239
1.1057363
0.99162991
0.99329487
0.9938603
0.99403512
0.99282647
0.9945230899999999
0.9936165800000001
0.99352464
0.9739110700000001
0.9973127599999999
0.9925511400000001
0.99335001
0.9930698
0.82848212
0.98738058
0.9927622100000001
0.9946106
0.9934327199999999
0.9926842
0.9946797100000001
0.9920467700000001
0.99505764
0.99295041
0.99329487
0.99257867
0.99357061
0.98167091
0.99252362
0.9641299
0.91847775
0.9935936
0.99150171
0.99131406
0.99282188
0.99289073
0.9933867700000001
0.99234475
0.99055501
0.99331325
0.99340055
0.9691029299999999
0.9771994100000001
0.83973005
0.99206052
0.99158412
1.19474566
0.99398451
0.9927025500000001
1.29820073
0.99186807
0.99051389
0.9936763500000001
0.99377752
0.99438033
0.99255573
0.82896503
0.9998434
0.96332114
0.9928127000000001
0.96880564
0.9948916800000001
0.9873669599999999
0.9929458200000001
0.9938511
0.99115392
0.9918634900000001
0.9934281300000001
0.9931938100000001
0.99435731
0.99315247
0.99250068
0.9930560199999999
0.9931341
0.99066011
0.93893843
0.99348787
0.99302388
1.0525900300000002
1.04110828
0.9874804699999999
0.99375912
0.99277139
0.99401211
0.70626738
0.82510793
0.7076311599999999
0.8124652
0.82843738
0.99373613
0.99254655
1.5846950499999999
0.99371314
0.99372693
0.96524795
0.99310654
0.99261537
0.99194138
0.99329487
0.992955
0.99248233
0.99589288
0.99492395
0.99511297
0.9936625600000001
0.9915886999999999
0.99298714
0.82769022
0.99408113
0.99140101
0.99247316
0.9928586
0.9934419099999999
0.9938005099999999
0.99439414
0.9936763500000001
0.98623334
0.99260619
0.98695402
0.9934511100000001
0.45118615
0.9966138800000001
0.9902124499999999
0.99346949
0.99277598
1.20173905
0.99177646
0.98981994
0.99297337
0.99253279
0.9938373
0.9938051099999999
0.9881529600000001
0.9932719
0.99408573
0.99267502
0.8570701900000001
0.99301469
0.99269796
0.9939431000000001
0.8284277899999999
1.0528480500000001
0.9936763500000001
1.0413506099999998
0.99346949
0.9930560199999999
0.99403052
0.99330866
0.99629947
0.98717633
0.55264762
0.7075378999999999
0.99364417
0.99299633
0.9932673099999999
0.94127605
0.99378671
0.99410874
0.99324893
0.9909663999999999
0.9906326900000001
0.9936625600000001
0.99229431
0.9912317
0.99578205
0.99362118
0.99356601
0.99303765
0.98762125
0.9581975699999999
0.99316165
0.99362118
0.99454612
0.99121797
1.12546835
0.9935844
0.9050153000000001
0.99129576
0.9857263199999999
1.0440541399999999
0.99259243
0.9896830900000001
0.99506686
0.99355682
0.99257867
0.99447243
0.9848402900000001
0.9938511
0.98833032
0.992955
0.99186807
0.9934924700000001
0.9933362200000001
0.9780405600000001
0.9939799100000001
0.98866247
0.99243188
0.9923585
0.99106701
0.99355682
0.9864236099999999
0.9944355899999999
0.9949469999999999
1.11538471
0.99240895
0.99200553
0.99324893
0.9944770300000001
0.99331784
0.99296419
0.99271632
0.99426063
0.7117471999999999
0.9876621299999999
0.99250985
0.99430666
0.7656732100000001
0.99333163
0.9931341
0.9938695
0.9923814299999999
0.9946935299999999
0.99180852
0.9943158699999999
0.8269316600000001
0.99300551
0.9934373200000001
0.99050476
0.82214178
0.99297796
0.98969677
0.9919872
0.9930009200000001
0.99121797
0.99239978
0.99348787
0.99134609
0.99178562
0.99439875
0.97814747
0.9910578700000001
0.99368095
0.70899787
0.55179986
0.99578205
0.99286778
0.84935498
0.98790748
0.99356601
0.9956343099999999
0.98271761
0.99323974
0.9927346699999999
0.99662313
0.9836268499999999
0.9930698
0.9922255400000001
0.9922622099999999
0.99201469
0.99309735
0.9938741
0.99406733
0.9927851599999999
0.99321218
0.99262913
0.9885259399999999
0.9921201000000001
0.99369015
0.99306521
0.98884913
0.99309276
0.9935200500000001
1.0156036
0.98718087
0.9926842
0.9929687800000001
0.9923814299999999
0.98606126
0.99463364
0.99357981
0.9915886999999999
0.9631224
0.98554537
0.9932765
0.94272228
0.9939799100000001
0.9927254999999999
0.99377752
0.82754669
0.99218886
0.99347409
0.8302598299999999
0.99362118
1.13930302
0.99373613
0.99450006
0.9928035199999999
0.99277598
0.9931432800000001
0.99261078
0.98968765
0.99402592
0.9920650999999999
0.99223929
0.99264749
1.03805354
0.9923722600000001
0.45175657999999996
0.99348328
0.71144774
0.99577743
0.98437982
0.99257408
0.99373613
0.9742380199999999
0.99372233
0.97820094
0.45269843000000004
0.9915337599999999
0.9933408199999999
0.99201928
0.9842715400000001
0.9928953199999999
0.9934281300000001
0.82847253
0.99164823
0.98646439
0.98342415
0.99286319
0.99315247
0.9914239
0.82709091
0.99307439
0.9927254999999999
0.9939017
0.99363497
0.99421
0.9939385000000001
0.9943434999999999
0.99406273
0.99218428
0.8281083300000001
0.9899477
0.99497005
0.9436875299999999
0.99328109
0.87107704
0.9932075899999999
0.99093439
0.9936717500000001
0.99403972
0.9916756999999999
0.99340974
0.71447514
0.97290948
1.17580782
0.99325812
0.99365336
0.9899248799999999
0.99440335
0.94143698
0.9939201
0.9893548099999999
0.99285401
0.9910167
0.9927530299999999
0.99295041
0.82796785
0.9825782200000001
0.99084295
0.9912134
0.9943665199999999
0.6577245
0.99293205
0.9884440499999999
0.99425603
0.99435731
0.99077438
0.99307439
0.9933408199999999
0.9939799100000001
0.9938557
0.99333163
0.99362578
0.99447243
0.92029623
0.8282105300000001
0.82814346
0.99441717
0.992955
0.9909115300000001
0.9927668
0.62161939
0.9834151400000001
1.59070506
0.99323974
1.246016
0.9935844
0.99320299
0.99237685
0.9936625600000001
0.98907229
0.9936579600000001
0.9760002799999999
0.99377292
0.94867346
0.99297337
0.99311572
1.1090884699999999
0.99328109
0.9931984
0.9587323000000001
0.9934373200000001
0.9922668
1.04408968
0.62294474
0.55091653
0.70931636
0.9934556999999999
0.99359819
0.99400751
0.99206052
0.9924594
0.99164365
0.9945645399999999
0.9920742699999999
0.99432968
0.99398451
0.99288155
0.99302847
0.99293205
0.9932856800000001
0.9682203300000001
0.9939063
0.99303765
0.99306061
0.99322137
0.9891861900000001
0.9928769599999999
0.9847815799999999
0.99368555
0.99369934
0.99492395
0.99186807
0.9821558
0.9904910499999999
0.99339596
0.9902352799999999
0.9810789200000001
0.99264749
0.9932673099999999
0.99253279
0.9879256599999999
0.9923905999999999
0.99225763
1.06136105
0.99293205
0.9934373200000001
0.9939569
0.9939293
0.9929136900000001
0.99341894
0.99352924
0.9936027900000001
0.9938603
0.9949285600000001
0.9914696700000001
0.99206052
0.99211552
0.9939615
0.99133694
0.54936765
0.9885532499999999
0.98888555
0.9939338999999999
0.99279893
0.82847573
0.9159939300000001
0.9702018800000001
1.19885425
0.99254197
0.61853625
0.9959944900000001
0.99037685
0.99297796
0.99325812
0.99421
0.9931938100000001
0.9964982600000001
0.99179478
0.8271546200000001
0.99382811
0.99474882
0.99200553
0.9927025500000001
0.99407193
0.99191847
0.99234475
0.99373153
0.9276828
0.92030018
0.99279434
0.9930698
0.99454612
0.99317543
0.99299633
0.99419158
0.9899157599999999
0.99304684
0.992955
0.9682028699999999
0.9936165800000001
0.98350522
0.98469127
0.9959991100000001
0.99215677
0.99413175
0.99336839
0.9931341
0.9942514199999999
0.9927071399999999
1.60467144
0.9926842
0.99344651
0.99273926
1.08590944
0.99353384
0.9928953199999999
0.9933040599999999
0.8051211899999999
0.99451388
0.9885213899999999
0.9950207600000001
0.99248692
0.99375912
0.99346489
0.99184975
0.9924594
0.9943711199999999
0.98260519
0.9917444000000001
0.99224846
0.99325812
0.99135982
0.9932719
0.99348787
0.9933362200000001
0.9948594199999999
0.9929090899999999
0.99360739
0.99031291
0.99258325
0.99433889
0.99150171
0.49410831
0.99258325
0.9932856800000001
0.98948701
0.82656564
0.9963595599999999
0.99353843
0.9922668
0.99200095
0.99333163
0.9891998599999999
0.99332703
0.9919872
0.99469814
0.99211094
0.99210177
0.92039878
0.9935062600000001
0.7093257300000001
0.99382811
0.99536204
0.24838287999999997
0.99267502
0.99320299
0.8212143199999999
1.03492689
0.99304225
0.99216594
0.98598882
0.9926842
0.9955512299999999
0.99098012
0.99257408
0.99157954
0.82778593
0.9938373
0.41330827
0.9932994700000001
0.82842459
0.99288614
0.99210177
0.99321677
0.98885368
0.99373613
0.99362578
0.99353384
0.9927254999999999
0.99180394
0.99315706
0.9917535599999999
0.99355682
0.99318003
0.99342353
0.99451388
0.99190014
0.99217052
0.99306061
0.82778593
0.98834851
0.99218428
0.99303306
0.99086581
0.98905862
0.99588826
0.9936027900000001
0.9931708399999999
0.9889265399999999
0.35514969
0.9947396000000001
0.99366716
0.9931019499999999
0.99297796
0.99282188
0.9901804900000001
0.99662313
0.9900344099999999
0.99306521
0.9931432800000001
0.98416328
0.70919923
0.9938097100000001
0.9914834
0.99303306
0.99432508
0.9839648699999999
0.99294123
0.9857444200000001
0.9937683199999999
0.9954866199999999
0.8275148
0.9938511
0.9934143400000001
0.99234475
0.99260619
0.9858485
0.99504381
0.98211088
0.99261996
0.71059318
0.62075869
0.9942284100000001
0.9942007900000001
0.99485481
1.1942739199999999
0.99408113
0.9865051699999999
0.9859435499999999
0.9929595999999999
0.99374073
0.99202844
0.9918451699999999
0.99421
0.99280811
0.9966323800000001
0.99255573
0.9937821200000001
0.9947534299999999
0.94193663
0.99402592
0.99415476
0.99113105
0.9919368
0.99474882
0.9931938100000001
0.9934327199999999
0.9933040599999999
0.98738512
0.99376372
0.9945875700000001
0.9910578700000001
0.9935016600000001
0.99362578
0.9933362200000001
0.99332244
0.9924594
0.99455072
0.99363497
0.9938971
0.99359819
0.99325812
0.99323056
0.99348787
0.99323515
0.9925052700000001
0.70786207
0.99331784
0.99539434
0.99442177
0.99304225
0.9903540200000001
0.99497466
0.99329028
0.99404892
0.9930101
0.9933867700000001
0.9927530299999999
0.99340055
0.9860024
0.98974695
0.99242271
0.9929182799999999
0.99320299
0.9953389699999999
0.41365618
0.99310654
0.9936763500000001
0.99183601
0.99336379
0.98633752
0.99174898
0.93936558
0.99134152
0.9938051099999999
0.99448624
1.09136741
0.61643583
0.98872165
0.9923905999999999
0.98726256
0.9899979000000001
0.98684517
0.99430666
0.99269796
0.9939338999999999
0.9939247
0.9908566600000001
0.9927668
1.11926222
0.9930560199999999
0.99329487
0.9923814299999999
0.99190472
0.99333163
0.9931432800000001
0.98872165
0.99299633
0.99511297
0.99441256
0.99180852
0.9939155
0.99084752
0.9921613600000001
0.99245023
0.99089781
0.9893548099999999
0.99181768
0.99147425
0.9939063
0.9932627100000001
0.99274385
0.99237685
0.8303208200000001
0.98586208
0.99301929
0.9932856800000001
0.98613371
0.99292746
0.9940581199999999
0.9927254999999999
0.9933040599999999
0.99203761
0.9935016600000001
0.9934786800000001
0.9932994700000001
0.9933867700000001
0.99248692
0.98776662
0.99261537
0.9940903400000001
0.99303306
0.99382811
0.7504040000000001
0.99243188
0.99406273
0.98789839
0.99033118
0.99271632
0.99335001
0.99411795
0.9936625600000001
0.99320299
0.9924594
0.99344651
0.99426523
0.9929917399999999
0.9937499200000001
0.9888582300000001
0.99248233
0.99306061
1.05295646
0.99450006
0.98858965
0.99340515
0.99257867
0.9936487700000001
0.99415476
0.9779692900000001
0.99217969
0.45174422999999997
0.48906036999999997
0.9936717500000001
0.9787626899999999
0.62062773
0.99247775
0.9898245
0.9927346699999999
0.9928723700000001
0.99398451
1.21028633
0.99279434
0.99223929
0.9934511100000001
0.99282647
0.9931111300000001
0.99279893
0.9891132899999999
0.99366716
0.8719400199999999
0.99444019
0.99087495
0.99115392
0.99442638
0.9929687800000001
0.99247316
0.9929090899999999
0.99064183
0.99418698
1.16262446
0.9939338999999999
0.99323515
0.99324434
0.9934143400000001
0.9935062600000001
0.9934511100000001
0.9927668
0.9909115300000001
0.99410874
0.99239978
0.98813477
1.21313052
0.99318921
0.9940213099999999
0.99371314
0.99374533
0.9885577999999999
0.62278938
0.99377752
0.99331325
0.9927071399999999
0.9939247
0.9907423799999999
0.99177646
0.99330866
0.99056415
0.9939293
0.9944586099999999
0.9916070100000001
0.99440335
0.99288155
0.9929917399999999
1.03145228
0.9932719
0.99334541
0.98802566
0.99191847
0.99274385
0.98275358
0.99382351
0.99666476
0.99020332
0.99369474
0.9927025500000001
0.99289991
0.98754404
0.70928122
0.99295041
0.9929136900000001
0.99357521
0.98412269
0.9842534999999999
0.94144111
0.99348787
0.99407653
0.9943665199999999
0.82713232
0.96557346
0.99256032
1.17462444
0.98892199
0.99410414
0.98373499
0.8611187
0.99030835
0.99346949
0.99428825
0.99297337
1.20152389
0.9942698400000001
0.9733372199999999
0.9599537100000001
0.99200095
0.9943158699999999
0.9956481599999999
0.98441141
0.9925878400000001
0.99293205
0.9932259600000001
0.8307062500000001
0.99273009
0.9929090899999999
0.9946152100000001
0.8253425900000001
0.99338217
0.9934511100000001
0.62075331
0.99414096
0.99309276
0.9201069599999999
0.61243637
0.9946704900000001
0.9938971
0.98148247
0.98655502
0.9927668
0.99332244
0.9940167099999999
0.99186807
0.98497129
0.99246399
0.99398451
0.99103957
0.99323056
0.99199178
0.99199636
0.9073440100000001
1.09894615
0.98589829
0.9934373200000001
0.9951452500000001
0.9910212799999999
0.99375452
0.98383865
0.99306061
0.9934924700000001
0.99383271
0.99375912
0.993589
0.9934924700000001
0.99415937
0.99330866
0.9920513599999999
0.99318003
0.9851429899999999
0.99129576
0.9947165699999999
0.82365219
0.98990663
0.99331325
0.9835142299999999
0.99229431
0.9887079900000001
0.99341894
0.9937683199999999
0.99292746
0.99154292
0.99256949
0.99293664
0.9898518799999999
0.9930560199999999
0.98850319
0.9934281300000001
0.99301929
0.99211552
0.99164823
0.99331784
0.99332244
0.99359819
0.99366716
0.99260619
0.99033118
0.89565065
0.9931341
1.06174936
0.99433889
0.9906966799999999
0.99320299
0.98618352
0.99322137
0.94784021
0.95367847
0.99282647
0.99383271
0.99235392
1.06375845
0.9939385000000001
0.99323056
0.99373153
0.99012114
0.9910212799999999
0.99282647
0.99230806
0.9069531399999999
0.9931111300000001
0.99279893
0.99273009
0.99373613
0.98930923
0.99075152
0.9938419000000001
0.99072867
0.9913643999999999
0.99269796
0.98107444
1.0408559800000001
0.99228972
0.9924594
0.99331784
0.9939338999999999
0.99340055
0.8285971999999999
0.7085978199999999
0.99308817
0.99322137
0.9923905999999999
0.99418698
0.98621522
0.99325352
0.99353384
0.99293205
0.99303765
0.99351085
0.99440335
0.99487786
0.82863237
0.9939569
0.99382811
0.99240436
0.99331784
0.99344651
0.9927209100000001
0.99288155
0.9929458200000001
0.9136206699999999
0.99266125
1.11216144
0.9924594
0.99378671
0.9874713900000001
0.99034488
0.82824567
0.8267120099999999
0.98414073
0.9824973
0.9929045000000001
0.9933592
0.99372693
0.9867816899999999
0.9836403699999999
0.99154749
0.97553031
0.9046988399999999
0.99481333
1.2212227900000001
0.97582731
0.99267502
0.9932259600000001
0.99180394
0.99374073
0.99402592
0.98974239
0.9928448299999999
0.9913689800000001
0.99218428
0.99402592
0.99213385
0.99310654
0.99341894
0.99354303
0.99289073
0.99316165
0.99267043
0.99298714
0.99538511
0.99428825
0.9908155200000001
0.99437573
0.9939523
0.99340055
0.99328109
0.9927668
0.9945691499999999
0.99336839
0.9934786800000001
0.99302847
0.99317543
1.1955638
0.9920238600000001
0.9915246000000001
0.9931111300000001
0.71139117
0.9943665199999999
0.99428825
0.9931938100000001
0.9941961899999999
0.99323974
0.99230348
0.82865155
1.2254459
0.9951498599999999
0.9938373
0.9866003499999999
0.9927025500000001
0.96060211
0.99257867
1.1914644699999999
0.81958143
0.99360739
0.96809375
0.8272980200000001
0.70888787
0.98283454
0.9927622100000001
0.99409954
0.99368555
0.99407653
0.99197803
0.06281139
0.99223929
0.99348787
0.99151545
1.03818402
0.99355222
0.99435731
0.99500232
0.99329487
0.9945230899999999
0.99335001
0.41245175
0.9928127000000001
0.99258325
0.99294123
0.9929090899999999
0.98661395
0.99355682
0.99411795
0.99767416
0.9929595999999999
0.99195971
0.99221178
0.9872081
0.99297337
0.9874350599999999
0.99218428
0.99080638
0.99113563
0.9944770300000001
0.99249151
0.99230806
0.62277854
0.9945323
0.99144221
0.45178319
0.9929687800000001
0.99374533
0.9928769599999999
0.99382351
0.99469814
0.71078134
1.23336376
0.9927805700000001
0.99228972
0.9887262
0.99355682
0.99368095
0.99409954
0.99210177
0.99261996
0.70904703
0.98905862
0.99354763
0.99349707
0.99463824
0.90732101
0.9931432800000001
0.98739874
0.9935844
0.99242271
0.99317543
0.98645532
0.9845693799999999
0.98645532
0.82647338
0.99183601
0.99288155
0.9928035199999999
0.99344651
0.99363497
0.98787113
0.9907789499999999
0.99249609
0.99379591
0.99335001
0.9904362299999999
0.9926658399999999
0.9927851599999999
0.96671227
0.993589
0.99318462
0.99556046
0.99257867
0.9944586099999999
0.98837581
0.9947949
0.9939063
0.9921613600000001
0.9932994700000001
0.7088995699999999
0.9952928400000001
0.6205900599999999
0.9938465
0.99310654
0.99497005
0.99301929
0.99168486
0.9829605100000001
0.99355222
0.9929595999999999
0.45134072000000003
0.9858349200000001
0.9940535199999999
0.99379131
0.9917535599999999
0.9946106
0.99480873
0.96394813
0.87127142
0.99240436
0.9946704900000001
0.99372233
0.9939109
0.9927071399999999
0.96148809
0.99214302
0.98745322
0.85890413
0.9928448299999999
0.27570546
0.9941731699999999
0.9924685700000001
0.99351545
0.99277598
0.99186807
0.9828300400000001
0.9923585
0.9916894399999999
0.99288614
0.9926429
0.99171234
0.99349707
0.9934373200000001
0.9946428500000001
0.99494239
0.9895554
0.99293664
0.89836333
0.99228514
1.15361216
0.99322137
0.9937039400000001
0.9936763500000001
0.99252362
0.9929090899999999
0.99528362
0.99357061
0.82689346
0.82486389
0.9934603
0.33084019
0.9927484400000001
0.99363038
0.5321481
0.99293664
0.9943434999999999
0.98189982
0.99236767
0.99020332
0.99230348
0.99138728
0.99411795
0.9938419000000001
0.9978735000000001
1.04103763
1.01827148
0.9939753100000001
0.98958276
0.99442638
0.99416397
0.99279434
0.9942698400000001
0.99441256
0.9926383099999999
0.99536665
0.99308817
0.99138271
0.99248692
0.99522827
0.99218886
0.99247775
0.99461982
0.99383271
0.9926842
0.99302388
0.99323056
0.80185039
0.99460139
0.99321677
1.11612094
0.9935016600000001
0.99448624
0.82758814
0.9940167099999999
0.99263372
0.98967397
0.99306521
0.99257408
1.12945205
0.99168486
0.44834142
0.49664973
0.9923814299999999
0.9912728799999999
0.9936763500000001
0.82646384
0.99417778
0.9934511100000001
0.99351545
0.99292746
0.9913323599999999
0.99352464
0.99336379
0.9909663999999999
0.82863557
0.62172737
0.82115151
0.9923309899999999
0.99223929
0.98092655
0.99404432
0.99427904
0.9899613899999999
0.99212469
0.99230806
0.99399371
0.9907698100000001
0.9938373
0.9922072
0.98946421
0.9934603
0.99286778
0.99366716
0.9930101
0.9922713799999999
0.9939707099999999
0.99267502
0.9928448299999999
0.9927530299999999
0.9931111300000001
0.98246584
0.99135982
0.9953066800000001
0.99242729
0.99324434
0.99379131
0.9945092699999999
0.98616541
0.99116307
0.99379591
0.99307439
0.9882893799999999
0.98956908
0.9931938100000001
0.98501647
0.9942146
1.22141728
0.9920421899999999
0.9934373200000001
0.99374073
0.9934511100000001
0.9921063499999999
0.99433889
0.98439336
0.9927071399999999
0.98624693
0.9939753100000001
0.99124542
0.9930009200000001
0.99684056
0.99464746
0.98500743
0.9930101
0.99271173
0.99267502
0.99303306
0.99299633
0.99357981
0.9923126499999999
0.99446322
0.99212469
0.98402799
0.9935844
0.99371314
0.99377292
0.99329487
0.99256949
0.99292287
0.9934511100000001
0.9878347700000001
0.99307439
0.99308817
0.99348328
0.99379591
0.99308358
0.99504381
0.96568635
0.90082791
0.8284214
0.8556904900000001
1.05607371
0.8286579500000001
0.99462903
0.8284277899999999
0.99460139
0.99293205
0.99261078
0.99336379
0.99352464
0.99234933
0.99335001
0.99382811
0.99366716
0.99320299
0.99273009
0.9933408199999999
0.99247775
0.9943527
0.99355682
0.9934603
0.9938511
0.9827805700000001
0.7051241
0.99335001
0.95870234
0.9933867700000001
0.82867713
0.9856629800000001
0.9899979000000001
0.98658222
0.99275762
0.9927209100000001
0.99313869
0.99339596
0.99457375
0.992955
0.9926383099999999
0.99361199
0.98941406
0.99283106
0.99399831
0.9938557
0.9912591500000001
0.98981994
0.9939293
0.99349707
0.99318003
0.99335001
0.99336839
1.28062714
0.98860331
0.82732033
0.82636843
0.99348787
0.9945415099999999
0.98377104
0.9916070100000001
0.9939385000000001
0.9845468099999999
0.9940213099999999
0.99278975
0.99432048
0.99134609
0.99414096
0.8267788500000001
0.99403052
0.9944908499999999
0.98451972
0.9934419099999999
0.9948732499999999
0.9938741
0.9929045000000001
0.9853644799999999
0.99266125
0.9917306600000001
0.9935200500000001
0.9929136900000001
0.9951175800000001
0.99430206
0.99116765
0.9955835399999999
0.99336379
0.99236767
0.9923309899999999
0.9934511100000001
0.99241812
0.9939431000000001
0.9755524699999999
0.9929458200000001
0.99298714
0.98870344
0.9938879
0.99318003
0.90265677
0.9947718600000001
0.99336839
0.98283454
0.99142847
0.99461982
0.99398451
0.9938143100000001
0.99302847
0.99438493
1.0444451399999999
0.99086124
0.62055061
0.94593636
0.69975224
0.99191389
0.96817231
0.99375912
0.9872580200000001
0.9931341
0.99408573
0.99303765
1.10897965
0.99368095
0.9873715
0.9924594
0.99438033
0.9938741
0.9887262
0.98395134
0.99250985
0.9945645399999999
0.49602224
0.9924364699999999
0.9932673099999999
0.9938143100000001
0.9944908499999999
1.2094274900000002
0.99022615
0.99307439
0.99288614
0.9917444000000001
0.9925144400000001
0.98571727
0.9937039400000001
0.9945276900000001
0.99249609
0.8287634799999999
0.99382811
0.99211552
0.9938648999999999
0.99279893
0.7008095299999999
0.99224846
0.9938832999999999
0.9925282
0.9913918599999999
0.9934327199999999
0.9926383099999999
0.9951498599999999
0.9938005099999999
0.82897783
0.9952974600000001
0.62117886
0.99317543
0.98965116
0.99256032
0.9932719
0.99362118
0.9905001900000001
0.98655502
0.99360739
0.99341894
0.99342353
0.9849848400000001
0.9861291799999999
0.99137355
0.9885805499999999
0.98688145
0.99261537
0.99250068
0.99320299
0.99279893
0.99408113
0.99161159
0.98665021
0.8268170499999999
0.99371314
0.99336839
0.9945369
0.9943342900000001
0.99303765
0.9942698400000001
0.9931111300000001
0.99245481
0.9939155
0.99451848
0.99229431
0.99374073
0.99286319
0.92039878
0.99098927
0.99436191
0.99423761
0.915498
0.98914518
0.99296419
0.99373153
0.9933592
0.99180852
0.99296419
0.9938373
0.9946797100000001
0.9943434999999999
0.99122712
0.99296419
0.98624693
0.9916802800000001
0.9923218199999999
0.99244105
0.9920330199999999
0.99300551
0.9944816400000001
0.99323515
0.9942238
0.99269796
0.9934327199999999
0.99221178
0.61967856
0.9932719
0.99215677
0.9928953199999999
0.9931432800000001
0.9938097100000001
0.9932075899999999
0.9880620299999999
0.99282647
0.9912591500000001
0.99331784
0.99159328
0.9923126499999999
0.9939615
0.98277607
0.99268878
0.9919505399999999
0.99570817
0.9923126499999999
0.99305143
0.90508777
0.9935200500000001
0.9835727900000001
0.9939569
0.9911219
0.99268878
0.9925878400000001
0.9927484400000001
0.9933362200000001
0.8243825800000001
0.99952695
0.99346489
0.9931295
0.99233558
0.70896276
0.99288155
0.9967434000000001
0.99245023
0.99455072
0.9923905999999999
0.9933592
0.99330866
0.99336839
0.99309735
0.99448624
0.99450466
0.99425603
0.99477647
0.99265666
0.9931111300000001
0.9913049100000001
0.9935062600000001
0.99302388
0.99339136
0.93642045
0.99288155
0.99323515
0.99301929
0.38196229000000004
0.99161617
0.9951544800000001
0.98415426
0.9885396
0.9912591500000001
0.98381611
0.9964658900000001
0.99200553
0.9934603
0.9938648999999999
0.49420041
0.99218428
0.99274385
0.99359819
0.9584156699999999
0.9950391999999999
0.99438033
0.9949377800000001
0.9916024400000001
0.9929182799999999
0.99488247
0.99382811
0.9926658399999999
0.99288155
0.99301469
0.99424222
0.99335001
0.70777809
0.99433889
0.82854285
0.99064183
0.99356601
1.3068753100000001
0.9944448
0.98914518
0.99249609
0.99398451
0.99056872
0.9948732499999999
0.98863972
0.99138728
1.25039078
0.9925144400000001
0.9928769599999999
0.9933040599999999
0.9934603
0.99244105
0.9939109
0.99294123
0.9944448
0.99210177
0.9929458200000001
0.99274385
0.99427444
0.99353384
0.99246399
0.82266459
0.98945965
0.99302847
0.82594572
0.9933040599999999
0.99403972
0.9898473099999999
0.9934281300000001
0.9923401599999999
0.99168486
0.9927530299999999
0.9938741
0.99356142
0.8271227600000001
0.99427904
0.99370854
0.99239519
0.99120425
0.95935333
0.9945691499999999
0.99321218
0.99255573
0.9912225499999999
0.9937821200000001
0.8264701999999999
0.99360739
0.99986667
0.99373613
0.99413175
0.99244105
0.62168418
0.9868179600000001
0.98635112
0.99372233
0.99321218
0.99001616
0.99124085
0.99304684
0.99179478
0.9927071399999999
0.99135982
0.99460139
1.3009690800000002
0.99414096
0.9933362200000001
0.98337912
0.99247316
0.99233558
0.97564998
0.99321677
0.9923722600000001
0.62034088
0.8285172799999999
0.9592462
0.9922668
0.99359819
0.99296419
0.98948245
0.9920559400000001
0.9942053900000001
0.99240895
0.9933729800000001
0.99399371
0.9939155
0.9813838
0.99340974
0.9948179399999999
0.9904545
0.98113271
0.9941271500000001
0.9928769599999999
0.99007093
0.98675448
0.99331784
0.9881165799999999
0.95437355
0.99400291
0.9937177300000001
0.9929687800000001
0.99406733
0.99575896
0.9924364699999999
0.99357521
0.9938051099999999
0.8377677699999999
0.99217969
0.44373164000000004
0.9939201
0.49684392000000005
0.9605677300000001
0.9943112700000001
0.99332244
0.983001
0.82690619
0.9923585
0.70101314
0.70911259
0.99401211
0.9944494
0.9942514199999999
0.9936763500000001
0.99211552
0.9929136900000001
0.99306521
0.99377752
0.99241353
0.96544757
0.99346949
0.99399831
0.9917581400000001
0.9957220200000001
0.99411795
0.99275762
0.99273009
0.99286319
0.98749409
0.9921613600000001
0.9929090899999999
0.9928769599999999
0.99126373
0.9909663999999999
0.9940167099999999
0.99404892
0.9924594
0.9916528
0.99421
0.9902398499999999
0.98946421
0.99399831
0.99354763
0.99294123
0.98942774
0.99248692
0.9951590899999999
0.99211094
0.9943434999999999
0.99318003
0.99245023
0.9903722899999999
0.9937177300000001
0.9926429
0.9928953199999999
0.9927805700000001
0.98992032
0.99432048
0.9929595999999999
0.9944448
0.98325305
0.99441717
0.99267043
0.99309735
0.99414096
0.99234475
0.98505261
0.9915200299999999
0.99266125
0.99236309
0.98788022
0.99382811
0.992955
0.8854178699999999
0.9929136900000001
0.94983155
0.9939201
0.9923264
0.99351545
0.99190014
0.9842715400000001
0.99369015
0.99399831
1.18286724
0.54620695
0.9938557
0.99320299
0.99303765
0.71032758
0.99472578
0.99495622
0.9838116100000001
0.99289991
0.96089439
0.9938373
0.9852379
0.99308817
0.99325812
0.97822767
0.54957292
0.99339136
0.9931708399999999
0.99184975
0.70778742
0.70915942
0.75979736
0.8246548300000001
0.825016
0.18391470000000001
0.82846934
0.99476264
0.99292746
0.9934603
0.9939247
0.9917169199999999
0.99338217
0.9947396000000001
0.9937821200000001
0.9906007099999999
0.99283565
1.04102753
0.99222095
0.98797111
0.99185433
0.9891861900000001
0.95298863
0.9934924700000001
1.15979264
0.9850255
0.98689959
0.9951452500000001
0.30918976
0.8282935899999999
0.99245023
0.9933040599999999
0.9936625600000001
0.9930009200000001
0.99369934
0.9931938100000001
0.99364417
0.99094354
0.99486403
0.9932627100000001
0.9945553300000001
0.9862106900000001
0.98768939
0.99080638
0.9920330199999999
0.99006637
0.99213385
0.96524795
0.9916024400000001
1.11211536
0.9933040599999999
0.9916986
0.99038599
0.99342353
0.99297796
0.9940581199999999
1.21633937
0.99251903
0.9933408199999999
0.99138728
0.9569848799999999
0.9156346200000001
0.99406733
0.95262507
0.9927530299999999
0.99419158
0.9939569
0.99265208
0.9931432800000001
0.9941685699999999
0.99281729
0.99297796
0.99328109
0.9908018
0.9944355899999999
0.9945875700000001
0.99257408
0.9939753100000001
0.99293205
0.96064508
0.9946152100000001
0.99309276
0.9937821200000001
0.99267502
0.99316165
0.9915749599999999
0.99318462
0.82623808
0.99189098
0.99477647
0.99202844
0.99302388
0.98613371
0.9681068500000001
0.9939615
0.9830685
0.99349707
0.9908109500000001
0.70921094
0.9901804900000001
0.8276742699999999
0.99402592
0.99455072
0.99277139
0.9936579600000001
0.99408573
0.99247775
0.99278975
0.99215677
0.98809385
0.99538972
0.99125457
0.9938097100000001
0.97382716
0.99123627
0.8850383700000001
0.83021168
0.99149256
0.99173524
0.99332703
0.98398741
1.0834386
1.12238603
0.99313869
0.99318462
0.99267502
0.9925052700000001
0.99180852
0.9943895399999999
0.987594
0.9939385000000001
0.96070524
0.99308817
0.99251903
0.83249998
0.99417778
0.98568108
0.82697625
0.99099841
0.99328109
0.9939247
0.9937683199999999
0.9930009200000001
0.9930009200000001
0.99138728
0.9944079600000001
0.99286778
0.99256032
0.99113563
0.99281729
0.8793414199999999
0.99294123
0.99359819
0.9888445699999999
0.7050245599999999
0.99162533
0.8671166100000001
0.99280811
0.90468741
0.82692848
0.9942007900000001
0.99768343
0.99457836
0.99125
0.99352464
0.99268878
0.9927346699999999
0.99269796
0.9931203200000001
0.99340055
0.9956758600000001
0.99331325
0.99352924
0.55230508
0.9881711400000001
0.99283106
0.99341894
0.9907103899999999
0.99180394
0.99306061
0.9867590199999999
0.99316165
0.60653442
0.99271173
0.9935936
0.99261996
0.9886761300000001
0.9947396000000001
0.98966485
0.99262455
0.96559951
1.17963792
0.9705088000000001
0.82493043
0.99363497
0.99366716
0.9915200299999999
0.9935844
0.99454612
0.99236767
0.99087038
0.99359819
0.9937039400000001
0.7582226400000001
0.99368555
0.99060528
1.1715038199999999
0.94682053
0.82834151
0.9415154
0.99277598
0.99286778
0.99178562
0.99466128
0.9928953199999999
0.99372693
0.33118867
0.9926933699999999
0.99356142
0.9875168
0.99263372
0.99202844
1.10941507
0.9933592
0.7099096
0.9934327199999999
0.99462903
0.99299633
0.99354763
0.98688599
0.9922438699999999
0.9899111899999999
0.89293945
0.99417778
0.99659538
0.8285172799999999
1.0119186500000001
0.99315706
0.99336379
0.9941455600000001
0.99268878
0.9892272
0.992955
0.94843045
0.99244564
0.9933546
0.98894931
0.98371246
0.98591639
0.99609613
1.09620862
0.9922668
0.99166654
0.9871899500000001
0.9899111899999999
0.98821207
0.9938695
0.99521904
0.70745865
0.99366716
0.9529590299999999
0.8271578100000001
0.96054625
0.9839107699999999
0.9939523
1.04478559
0.9939201
0.99300551
0.9968729500000001
0.82840542
0.99362578
0.9934603
1.10248923
0.99540818
0.99262455
0.99265666
0.99304684
0.994606
0.82663882
0.99357521
0.99495161
0.99359819
0.99301929
0.8278944300000001
0.83691236
0.9937039400000001
0.99335001
0.99269796
0.99448624
0.98508876
0.99038142
0.99426063
0.98637377
0.9922530399999999
0.99418698
0.99678041
0.82849171
0.99245023
0.99301469
0.99697014
0.9939431000000001
0.99267502
0.99375912
0.99664625
0.9964982600000001
0.99263372
0.993589
0.9939569
0.99100756
0.99029921
0.98674541
0.99225763
0.9895326
0.992955
0.82095688
0.98263667
0.99254655
0.98423996
0.99526055
0.9932994700000001
0.99325352
0.9957220200000001
0.99259243
0.98995226
0.99339596
0.99284942
0.9933729800000001
0.9942146
0.98762125
0.98006255
0.9938603
0.99368555
0.99301929
0.9871400300000001
0.6153213000000001
0.99354763
0.99331325
0.9945323
0.99375912
0.98625146
1.21764286
0.99306061
0.99402592
0.99309276
0.9931203200000001
0.38198335
1.01531069
0.9944816400000001
0.9925144400000001
0.99334541
0.8297369299999999
0.9706535599999999
0.9905001900000001
0.9914696700000001
0.9922255400000001
0.99303765
0.99572664
0.9942146
0.9927346699999999
0.9940535199999999
0.99432048
0.9910258500000001
0.99351545
0.89151596
0.9929917399999999
0.97578297
0.71170002
0.70883171
0.9938465
0.99275762
0.9933362200000001
0.9907880900000001
0.99103042
0.70744
0.9938832999999999
0.99248233
0.9922255400000001
0.9950945299999999
0.99359819
0.9935936
0.9965861300000001
0.98353225
0.99321218
0.82855564
0.99028551
0.9940213099999999
0.9931295
0.9870492900000001
0.98505261
0.99339136
0.9935062600000001
0.99300551
0.99242271
0.98724441
0.9865867500000001
0.98451972
0.99241812
0.99338217
0.99316165
0.9933729800000001
0.9934327199999999
0.99330866
0.99403512
0.99373153
0.99256949
0.99328109
0.9924685700000001
0.99331325
0.9952144300000001
0.99296419
0.990587
0.9935062600000001
0.9938373
0.9871536399999999
0.9947718600000001
0.9943342900000001
0.99238602
0.9933592
0.9920421899999999
0.99288155
0.90256193
0.99235392
0.62271172
0.9863964199999999
0.7104333300000001
0.8302501999999999
0.99280811
1.0097347399999999
0.95102616
0.99313869
0.99139644
0.99259702
0.9931249099999999
0.9932719
0.7076241600000001
0.99257867
0.99253279
0.99323515
0.99249151
0.96567332
0.9936625600000001
0.93623265
0.99020332
0.9934786800000001
0.99363957
0.98725348
0.9911584999999999
1.04069961
0.9944816400000001
0.99029465
0.9943481
0.9944448
0.99309276
0.9922622099999999
0.99590211
0.99295041
0.99332244
0.98837126
0.9880574799999999
0.99362578
0.9864372
0.9520085
0.99316165
0.99293205
0.99248233
0.99304225
0.99346949
0.9887170999999999
0.9939109
0.99461982
0.99426523
0.9939569
0.9854911
0.99196887
0.98656862
0.9929595999999999
0.9931295
0.99285401
0.99241812
0.9939707099999999
0.99248233
0.70731651
1.11842282
0.70748662
0.99299633
0.99259243
0.9937039400000001
0.99425603
0.99147425
0.9939201
0.99239519
0.99158412
0.99374533
0.99285401
0.9889857499999999
0.99201011
0.98838035
0.99297796
0.9961515799999999
0.9935062600000001
0.9937039400000001
0.99462903
0.99316625
0.9808727899999999
0.99381891
0.9925649
0.9920421899999999
0.99428365
0.99240895
0.99459218
0.99361199
0.99022158
0.9843482400000001
0.90275923
0.9928586
0.9954635500000001
0.99119967
0.49680025
0.99307439
0.9920513599999999
0.98938671
0.9929182799999999
0.98949612
0.9929917399999999
0.9927025500000001
0.99330866
0.99309276
0.9946152100000001
0.9870674300000001
0.99109446
0.99336379
0.99012114
0.99212469
0.99304225
0.9934281300000001
0.99055501
0.7101983799999999
0.82461367
0.98995226
1.19773093
0.9942238
0.7088644700000001
0.9935062600000001
0.9843482400000001
1.10573061
0.99286319
0.7091149299999999
0.99366716
0.97830789
0.99144678
0.55278561
0.41280217999999996
0.9926658399999999
1.15343247
0.9925511400000001
0.99308358
0.99318921
0.9825422500000001
0.99553277
0.9944079600000001
0.82737133
0.6831200900000001
0.99289991
0.70640212
0.7340920900000001
0.49621250000000006
0.9273302800000001
0.98383865
0.99247316
0.99135982
0.9939201
0.9933546
0.99263372
0.98641454
0.7095202500000001
0.9892226399999999
0.7104756299999999
0.9934924700000001
0.6203856799999999
1.01576212
0.9631008
0.99451848
1.17184263
0.99400751
0.99076066
0.82492093
1.00747515
0.99278975
0.8551861700000001
0.99441717
0.70971722
0.99077438
0.9941133499999999
0.99260619
0.9951637
0.99196429
0.99491473
0.9927025500000001
0.98905407
0.9938005099999999
0.98970134
0.99595754
0.99289073
0.99382811
0.99415937
0.99293205
0.99541279
0.9943665199999999
0.9933546
0.9954727800000001
0.38277519
0.9942146
0.99100298
0.9805189799999999
0.99378671
0.9818863600000001
0.99253738
0.9933040599999999
0.9938925000000001
0.9932765
0.99318003
0.9928127000000001
0.99372233
0.98914063
0.9929687800000001
0.98488546
0.91825782
0.62073716
0.9930698
1.0265856100000001
0.9932259600000001
0.9899842099999999
0.99332244
0.9934786800000001
0.99179478
0.70894404
0.99323056
0.99155207
1.05018615
0.9954174100000001
0.99324893
0.99441256
0.9932994700000001
0.86321631
0.99353843
0.99250985
0.7035140400000001
0.9920330199999999
1.21772571
0.99344651
0.99263372
0.9933729800000001
0.9934511100000001
0.9939017
0.9931708399999999
0.99268878
0.99093439
0.9946797100000001
0.49683818
0.99141932
0.9937499200000001
0.99315247
0.9933729800000001
0.9922530399999999
0.9931019499999999
0.9939523
0.99355682
0.9928586
0.9939338999999999
0.9939338999999999
0.55087696
0.9928448299999999
0.99416397
0.99373153
0.99292287
0.9609975900000001
0.98832122
0.71048974
0.99303306
0.99300551
0.99575896
0.9922622099999999
0.55346661
0.99410414
0.9910578700000001
0.70893467
0.99301929
0.9909115300000001
0.93616327
0.9875758299999999
0.9931432800000001
0.99234933
0.87925501
0.9917169199999999
0.9929182799999999
0.99187724
0.61842225
0.99329028
0.99379131
0.9903722899999999
0.9938832999999999
0.99344651
0.35405825
0.99480412
0.9944954500000001
0.99125457
0.99199178
0.9931295
0.98944597
0.99363957
0.98465063
0.9918451699999999
0.99423301
0.99457375
0.99282188
0.98770301
0.98640548
0.99271632
0.99328109
0.9946935299999999
0.96539115
0.96316128
0.99416397
0.98873986
0.61937651
0.99267043
0.97850849
0.99094811
0.99301469
0.99300551
0.9929687800000001
0.9933729800000001
0.99347409
0.99400751
0.8269316600000001
0.98634658
0.98915429
0.9931019499999999
0.45164921999999996
0.99286319
0.98621522
0.98771664
0.99486864
0.99301469
0.9912683
1.06728475
0.99403512
0.9931341
0.9938051099999999
0.9915246000000001
0.98787567
0.99339596
0.9945553300000001
0.99302388
0.99450466
0.99299633
0.99094354
0.99297796
0.9927805700000001
0.99363038
0.71038162
0.82818817
0.9482964300000001
0.98405054
0.9901531
0.9932075899999999
0.99211094
0.9932765
0.9935844
0.99355682
0.49679335
0.8273490099999999
0.99332244
0.9905001900000001
0.99264749
0.98868979
0.99139644
1.0964213
0.99108074
0.99353384
0.98967397
0.99407193
0.99161617
0.9756189500000001
0.99340974
0.99041339
0.99352924
0.7101373200000001
0.99257408
0.99286778
0.99285401
0.9943711199999999
0.9938695
0.99378671
0.7067019999999999
0.99494239
0.99223012
0.9939247
0.99364417
0.9928127000000001
0.9931203200000001
0.99197803
0.99303306
0.99382811
0.9935016600000001
0.99408113
0.9926842
0.9932765
0.9918131
0.9919872
0.9916528
0.9939799100000001
0.99076066
0.99773442
0.99315247
0.9897788799999999
0.9915886999999999
0.98923631
0.98786204
0.99110361
0.98673635
0.9929687800000001
0.99374533
0.99249609
0.99463824
0.99400291
0.99289073
0.99372233
0.99500693
0.8261745
0.9755569
0.9951637
0.99309276
0.9925878400000001
0.99279434
0.9936487700000001
0.99231723
0.99278975
0.99308358
0.99028551
0.99238602
0.99313869
0.9931432800000001
0.99113105
0.9938879
0.9890312900000001
0.9867590199999999
0.98729433
0.98956452
0.9938925000000001
0.99126373
0.96545625
0.96022842
0.9948870700000001
0.99331784
0.9927530299999999
0.99301469
0.9829560100000001
0.99309276
0.9921063499999999
0.99274385
0.91559948
0.91605254
0.99185433
0.8177743599999999
0.70942649
0.99216594
0.9943112700000001
0.99253738
0.98518366
0.9927622100000001
0.9939201
0.99239978
0.99233558
1.08677772
0.9933408199999999
0.99215677
0.88336733
0.97926257
0.9943527
0.9939799100000001
0.98476352
0.99195512
0.99297337
0.97346959
0.89843474
0.99301929
0.9927071399999999
0.99253279
0.9933408199999999
0.98581682
0.98576704
0.99368555
0.99158412
0.99134609
0.9937039400000001
0.99337758
0.99254197
0.9847409399999999
0.9939109
0.8275626300000001
0.9938419000000001
0.9919368
0.99430666
0.9839288
0.99265666
0.9938373
1.11935556
0.9927805700000001
0.9937177300000001
0.9940581199999999
0.99486403
0.9927071399999999
0.99336379
1.10905411
0.9938832999999999
0.9939707099999999
0.992955
1.12546835
0.98995683
0.6217291699999999
0.99235392
0.99303306
0.99195512
0.99308817
0.98565393
0.9925144400000001
0.99225763
0.97290508
0.9938143100000001
0.99372693
1.20536801
0.9927071399999999
0.99285401
0.99439414
0.65437748
0.9938925000000001
0.9947165699999999
1.20168525
0.90702209
0.99383271
0.81970343
0.98659582
0.9939017
0.9992293
0.99310654
0.9928769599999999
0.99184059
0.95525233
0.98473642
0.9939293
0.99055501
0.994735
0.99461982
0.98596618
0.9938603
0.99417778
0.99365336
0.98672275
0.9923126499999999
0.99329028
0.98396036
0.98203453
0.9887899400000001
0.99076066
0.9919872
0.99266125
0.99293205
0.99329028
0.9927851599999999
0.9917031799999999
0.9868950599999999
0.9931019499999999
0.9920926
0.993589
0.9939109
0.99056872
0.99067839
0.99369474
0.9937683199999999
0.9934281300000001
0.9925144400000001
0.9939338999999999
0.9915200299999999
0.98798475
0.99038599
0.9859299699999999
0.99315247
0.99697477
0.9936579600000001
0.9938419000000001
0.99265208
0.97366821
0.99253738
0.99248692
0.9934924700000001
0.99206969
0.82802531
0.9924594
0.99262455
0.99137355
0.49682552999999996
0.9938787000000001
0.99214302
0.9922255400000001
0.92052109
0.99363497
0.9931341
0.9872671
0.98693134
0.99505764
0.99271173
0.9938419000000001
0.9930698
0.9918451699999999
0.98430763
0.8284533500000001
0.99361199
0.99247775
0.98567203
0.99335001
0.98849864
0.9931019499999999
0.9913689800000001
0.99261537
0.98905862
0.99536665
0.9914788299999999
0.9886761300000001
0.9949469999999999
0.99346489
0.9939753100000001
0.99249151
0.9934924700000001
0.82670564
0.8626268399999999
0.99934089
0.62168058
0.9932994700000001
0.9921476
0.98781205
0.98456035
0.9931249099999999
0.99450466
0.9927209100000001
0.9941271500000001
0.99306061
0.9938648999999999
0.99104415
0.99325352
0.9970210500000001
0.9927851599999999
0.71177551
1.1601936499999999
0.9925878400000001
1.12217489
0.9936625600000001
0.9923309899999999
1.03261285
0.88138052
0.9938557
0.99331784
0.99073324
0.99432968
0.99239978
0.99351545
0.99357061
0.9945276900000001
0.9911584999999999
0.99257867
0.61640221
0.99309276
0.9933546
0.9920238600000001
0.99245481
0.99411795
0.99265208
0.99542202
0.99330866
0.5495026
0.9938419000000001
0.99359819
0.99432048
0.99403972
0.97535751
0.9925511400000001
0.99235392
0.99279893
0.99417778
1.15999938
0.99399371
0.98786204
0.82496846
0.98824845
0.99590673
0.98488546
0.9866683399999999
0.99238602
0.99230348
0.71012792
0.99206052
0.9930698
0.99332703
0.9808190299999999
0.94345536
0.99230348
0.99315706
0.9938051099999999
1.12949957
0.9938051099999999
0.9936763500000001
0.9931432800000001
0.82816262
0.9928448299999999
0.99183143
0.9946935299999999
0.99283565
0.99464746
0.9946520700000001
0.9630316999999999
0.99284024
0.99323056
0.99258325
0.9931938100000001
0.81575827
0.94840113
0.9919505399999999
0.55103386
0.93902465
0.9943665199999999
0.99317543
0.99105329
0.92098298
0.9945230899999999
0.98836671
0.9908109500000001
0.9939385000000001
0.99334541
0.9914513599999999
0.70729554
0.99293205
0.54936484
0.9924364699999999
0.9935062600000001
0.79868032
0.99285401
0.70634636
0.99504381
0.99066468
0.8300448199999999
0.99330866
0.99344651
0.99334541
0.9921063499999999
0.9923814299999999
1.01618991
0.9939615
0.9939615
0.99140559
0.99330866
0.99127745
0.9938925000000001
0.9926016099999999
0.9872580200000001
0.9926933699999999
0.96307921
0.99408573
0.99067839
0.99426063
1.04383592
0.96333842
0.99020332
0.99260619
0.99375912
0.99330866
0.9932627100000001
0.71070371
0.9943711199999999
0.99296419
0.9931341
1.12892361
1.01695987
0.99324434
0.9944079600000001
0.99275762
0.9931295
0.9928127000000001
0.99241812
0.9927805700000001
0.9928448299999999
0.99317543
0.9867590199999999
0.9921613600000001
0.99372233
0.71189112
0.99282647
0.99233558
0.99299633
0.98841675
0.9928723700000001
0.98672275
0.99329028
0.8291154500000001
0.9938557
0.9891679600000001
0.98460097
0.99257408
0.9374792200000001
0.9928953199999999
0.8278689
0.9936579600000001
0.82861638
0.82706543
0.99372233
0.99432968
0.98216927
0.99415937
0.9863148700000001
0.9938557
0.9946658899999999
0.9929687800000001
0.99304225
0.99325812
0.9928953199999999
0.99036772
0.99323515
0.9945230899999999
0.99079266
0.99408113
0.83784949
0.82303663
0.99438493
0.99217511
0.9940535199999999
0.99064183
0.9931249099999999
0.9887489600000001
0.9937821200000001
0.99399371
0.99278975
0.9920330199999999
0.98414524
0.7093468199999999
0.99682205
0.82679476
0.99339596
0.99284942
0.9938557
0.70878024
0.98650064
0.9862288100000001
0.9938557
0.37816266
0.9929458200000001
0.35509507999999995
1.21260991
0.99451388
0.99298714
0.99377752
0.91133314
0.99289991
0.9939799100000001
0.99297796
0.99347409
0.8284949
0.82769979
0.99301929
0.99003898
0.9930101
0.9986113
0.99510836
0.99936415
0.99267043
0.9964658900000001
0.99376372
0.99332703
0.9937499200000001
0.82879547
0.9936487700000001
0.9920742699999999
0.9916024400000001
0.98445654
1.54424125
0.99407653
0.99301469
0.81564983
0.99325812
0.98237145
0.99156123
0.99338217
0.99273926
0.9932719
0.9895873199999999
0.9939753100000001
0.99339596
0.99368095
0.9787448500000001
0.7955528900000001
0.8308380200000001
0.99368095
0.9964474
0.99271632
0.99013027
0.99280811
0.8251491400000001
0.99288614
0.9927668
0.99238602
0.8286259699999999
0.9891634100000001
0.99245023
0.9801207
0.99371314
0.9926933699999999
0.99302847
0.99331325
0.99187266
0.62148807
1.0863379100000001
0.99353384
0.9923309899999999
0.99374533
0.99329487
0.99330866
0.99278975
0.9925511400000001
0.99296419
0.9942238
0.99408113
0.99604531
0.99371314
0.9939569
0.99472578
0.9955927699999999
0.99256032
0.99236767
0.9930101
0.99279434
0.9935200500000001
0.99280811
0.99503459
0.9932994700000001
0.99376372
0.9925282
0.99244105
0.99340055
0.99293664
0.9924364699999999
0.99261078
0.9933867700000001
0.82768384
0.99363038
0.99444019
0.9965861300000001
0.62059365
0.9841497499999999
0.83035293
0.9926383099999999
0.9869767
0.99154292
0.9924685700000001
0.99212927
0.99284024
0.99369934
0.99404892
0.99279434
0.99334541
0.9936579600000001
0.9940535199999999
0.99479951
0.9934419099999999
0.99462903
0.99300551
0.99256949
0.83008332
0.9941363599999999
0.9947949
0.992955
0.6202495
1.01578134
0.98102066
0.98591187
0.9939063
0.9933546
0.9938925000000001
0.9918634900000001
1.19778437
0.9885122900000001
0.70775943
0.9927209100000001
0.82898103
0.99305143
0.9857218
0.99413175
0.99318003
0.99282188
0.99261537
0.99250985
0.99250985
0.99316165
0.99275762
0.9944494
0.99298714
0.9931249099999999
0.99179478
0.9936625600000001
0.99304225
0.9931938100000001
0.9927668
0.97588496
0.9925878400000001
0.82884665
0.99262455
0.99407193
0.70915474
0.70760784
0.99375452
0.99374073
0.99137813
0.99190931
0.9938511
0.82113895
0.99301929
0.9931432800000001
0.9927025500000001
0.99375452
0.9880711200000001
0.99231723
0.99308817
0.9915749599999999
0.9824568499999999
0.99256949
0.9831045
0.9943158699999999
0.9937499200000001
0.95562215
0.9936165800000001
0.98420839
0.99245023
0.9939247
0.99383271
0.99271632
0.70892297
0.9946566699999999
0.99191847
0.99230806
0.9937683199999999
0.9929090899999999
0.98914063
0.9946566699999999
0.82777955
0.99355682
0.82478469
0.9937683199999999
0.99261996
0.9935062600000001
0.99320299
0.8264384
0.99242729
0.99612385
0.62096332
0.99406273
0.9950899200000001
0.9939661
0.9929182799999999
0.99285401
0.9938695
0.9943158699999999
0.99435731
0.98709012
0.94128842
1.07792417
0.9931295
0.9939707099999999
0.99144221
0.99400751
0.9914330499999999
0.9945369
0.9921934400000001
0.9931708399999999
0.99461982
0.99403972
0.8550567800000001
0.99302847
0.99242729
0.98814386
0.9934786800000001
0.9935016600000001
0.99462442
0.99368095
0.9941455600000001
0.9926842
0.99514064
0.99323056
0.99095268
0.9458947000000001
0.9850435799999999
0.9932994700000001
0.9956712400000001
0.99129576
0.97800047
0.99413175
0.6180645
0.9922805499999999
0.99362578
0.99066468
0.99421
0.9929090899999999
0.99428365
0.9945553300000001
0.9914239
0.99372233
0.99240436
0.7898993799999999
0.95715976
0.99256032
0.70887617
0.99249151
0.88977247
0.9923905999999999
0.99333163
0.9932673099999999
0.99403972
0.9909846899999999
0.99356142
0.99217511
0.95364036
1.04420137
0.9936717500000001
0.99197803
0.99333163
0.99406273
0.82687435
0.61853269
0.99341894
1.11277808
1.25427605
0.99363038
0.99240895
1.02112334
0.9922805499999999
0.9927254999999999
0.99247775
0.9901394
0.99299633
0.99429746
0.99363038
0.9931432800000001
0.99404892
0.99320299
0.9933040599999999
0.99364417
0.8233174699999999
0.99357061
0.9095614399999999
0.99377292
0.8303593499999999
0.99447243
0.33086975
0.99414096
0.85903813
0.99510836
0.99372233
0.99356142
0.9881802399999999
0.98634205
1.0434099000000001
0.84763515
0.9931984
0.70232682
0.99371314
0.8266961
0.82664518
0.99288155
0.99215677
0.99330866
0.9938971
0.99509914
0.9946704900000001
0.99346949
0.9875758299999999
0.99109903
0.99421
0.9943112700000001
0.99429746
1.00476473
0.9853825700000001
0.97446348
0.99278975
0.55267607
0.99250068
0.9916986
0.99360739
0.9927484400000001
0.9923309899999999
0.99166654
0.99460139
0.99201928
0.82728846
0.9935936
0.9801967500000001
0.99357981
0.99382351
0.99236309
0.98967397
0.9902398499999999
0.99047278
0.99315706
0.9934143400000001
0.98858965
0.99482255
0.9927622100000001
0.99335001
0.99296419
0.99250985
0.99293205
0.9938051099999999
0.9926933699999999
0.99348328
0.70925545
1.0499910300000002
0.9937039400000001
0.9638443
0.99359819
0.82686798
0.9943342900000001
0.622672
0.9936027900000001
0.9636756099999999
0.98837581
0.9922530399999999
0.9797584899999999
0.99344651
0.99398451
0.70884809
0.9937821200000001
0.99162075
0.99166654
0.99346489
0.9882439
0.9941501599999999
0.49739168999999994
0.99267502
1.03560065
0.99292287
0.62055778
0.9938879
1.1143949499999999
0.9938787000000001
0.99359819
0.99634569
0.9845107
0.99235392
0.6176414299999999
0.9917581400000001
1.10607232
0.99281729
0.9912728799999999
0.99179478
0.9931203200000001
0.9917169199999999
0.99304225
0.98647345
0.99282188
0.99132779
0.99352464
0.9922713799999999
0.98868523
0.9948594199999999
0.68689583
0.9931019499999999
0.49617007999999996
0.82874429
0.9993595000000001
0.99299633
0.9871173400000001
0.99306521
0.84182362
1.08309981
0.98618805
0.9904088299999999
0.99286319
0.9938373
0.99447243
0.99323056
0.98825755
0.99659538
0.9940581199999999
0.97804501
0.94821687
0.9942192
0.99237685
0.99315706
0.82847573
0.99241812
0.9898609999999999
0.9942514199999999
0.98608842
0.9935016600000001
0.99497466
0.99047278
0.99331325
0.99298255
0.9909618299999999
0.99399831
0.9941731699999999
0.9857534699999999
0.99095725
0.99283106
0.98867158
0.9940213099999999
0.99247775
0.96778835
0.98379358
0.9912591500000001
0.9881256700000001
0.98951892
0.9955927699999999
0.99332244
0.9877484400000001
0.9936165800000001
0.9936027900000001
0.9932075899999999
0.45133787
0.99292287
0.47649009
0.9918589099999999
0.99561585
0.9856991700000001
0.99269796
0.9937821200000001
0.99034945
0.99329487
0.9928723700000001
0.8197910500000001
0.98882636
0.99337758
0.98426703
0.9906921
0.98871255
0.99289991
0.99306061
0.70896276
0.99399831
1.04759388
0.84947929
0.9866910099999999
0.99252362
0.99228514
0.9928723700000001
0.99194138
0.9927209100000001
0.99409494
0.9929090899999999
0.99421
1.0045438199999999
0.99346949
0.99298255
0.99355682
0.99399371
0.9942514199999999
0.99426523
0.99257867
0.98750317
0.49810814000000003
0.9920330199999999
0.99423761
0.99177646
0.99289073
0.62072998
0.62181378
0.55186934
0.99382351
0.99362118
0.9938648999999999
0.9924594
0.9913643999999999
0.92270831
1.00104587
0.99284024
0.99329487
0.99176272
0.99218428
0.99318003
0.99271173
0.99377752
0.9826231799999999
0.99031291
0.99421
0.98770756
0.99311572
0.99300551
0.99331784
0.9938925000000001
1.0054798
0.9888673400000001
0.99339136
0.99487786
0.9941501599999999
1.18005926
0.99261537
0.99370854
0.9876484999999999
0.99277139
0.99466128
0.99245481
0.99244564
0.99470274
0.99364417
0.70662759
0.9890085200000001
0.9928127000000001
0.99565739
0.99166654
1.12982046
0.9900618
0.99251903
0.9940213099999999
0.99223929
0.99357981
0.99306061
0.9905001900000001
0.9883121199999999
0.9913323599999999
0.9867272800000001
0.99254655
0.9924364699999999
0.9934419099999999
0.9841723
0.99401211
0.99257408
0.97561008
0.38234448
0.98939127
0.99335001
0.9931295
0.99316165
0.9932856800000001
0.9945875700000001
0.9942192
0.9939385000000001
0.992955
0.9936763500000001
0.99224846
0.9931249099999999
0.9930560199999999
0.99442177
0.99286778
0.9891998599999999
0.82719604
0.992955
0.9928953199999999
0.99267502
0.82217955
0.9942698400000001
0.99260619
0.99331325
0.99113563
0.99028551
0.99336839
0.99357061
0.9927209100000001
0.99294123
0.9920788500000001
0.9923814299999999
0.99355222
0.99344651
0.38282226999999996
0.99261078
1.2134458399999999
0.9931019499999999
0.99340055
0.99331325
0.99055958
0.99509914
0.99075609
0.99301469
0.9947165699999999
0.99240436
0.99293205
0.99293205
0.99370854
0.9931019499999999
0.9930009200000001
0.99402592
0.8300801099999999
0.9934327199999999
0.9939431000000001
0.9934373200000001
0.99304225
0.99357061
0.99279893
0.9889766400000001
0.99000703
0.9828795300000001
0.98718087
0.83795738
0.99362118
0.79678673
0.9943158699999999
0.55037011
0.99252362
0.82852048
0.99374073
0.9925649
0.9944908499999999
0.95087878
0.9931432800000001
0.9934373200000001
0.9812134
0.99313869
0.9898518799999999
0.91334866
0.99293664
0.99521904
0.99381891
0.9937821200000001
0.98525598
0.99318003
0.99348787
0.99338217
0.99195512
0.99368095
0.99200095
0.9944309800000001
0.9938695
0.9879529300000001
0.96568635
0.9911584999999999
0.99416397
0.9930101
0.99236309
0.9934281300000001
1.1535563899999999
0.99438033
0.9939063
0.9938787000000001
0.99116307
0.9938419000000001
0.9927254999999999
0.9947073500000001
0.99342353
0.9934281300000001
0.8809683300000001
0.94125542
0.9939431000000001
0.99000247
0.99647052
0.70842484
0.99356142
0.9931111300000001
0.99432048
0.99371314
0.99195971
0.99320299
0.99346949
0.99469814
0.9931341
0.99501154
0.99307439
0.99306061
0.9836674
0.96826399
1.0327519
0.9917902
0.9934281300000001
0.9923309899999999
0.9908246599999999
0.99305143
0.99283565
0.9941961899999999
0.99357521
0.9934924700000001
0.99485481
0.99308817
0.9934556999999999
0.9928953199999999
0.9934924700000001
0.99351545
0.99256032
0.99222095
0.98814386
0.78499081
0.99188182
0.85159818
0.9878211400000001
0.61877864
0.9939707099999999
0.99154749
0.99406733
0.9928769599999999
0.99258325
0.9934143400000001
0.99363497
0.99325812
0.99166196
0.99414096
0.9943434999999999
0.99307898
0.99241812
0.98279856
0.99302847
0.99229431
0.9944954500000001
0.82671519
0.9881984300000001
0.9857037
0.98673635
0.9906372600000001
0.9948455900000001
0.99307439
0.99375912
0.98074288
0.99448624
0.9388481299999999
0.99355682
0.9930698
0.9928769599999999
0.99363038
0.9931249099999999
0.99273926
0.98683157
0.9930009200000001
0.98748501
0.99217052
0.98850319
0.99400751
0.99275762
0.9934511100000001
0.99261996
0.9953482
0.9932719
0.9949377800000001
0.99430206
0.7092835599999999
0.9866275400000001
0.9925144400000001
0.9779024900000001
0.98632393
0.9942192
0.82788167
0.99338217
0.9943342900000001
0.9926016099999999
0.99155665
0.98602051
0.9943434999999999
0.96820724
0.9935016600000001
0.99200095
0.99281729
0.99491012
0.9942192
0.99127745
0.81954077
0.99135982
0.9925649
0.99278975
0.99438033
0.98091311
0.9911401999999999
0.9939661
0.9913506700000001
0.99307898
0.99061442
0.99241353
0.99424222
0.98696309
0.98858965
0.9932259600000001
0.99292287
0.99268878
0.98629675
0.99247775
0.99329028
0.9938465
0.99575434
0.99193221
0.99426063
0.9939338999999999
0.9934924700000001
0.9932259600000001
0.98609748
0.9934786800000001
0.9939477
0.99193221
0.9926842
0.99274385
0.99277598
0.99369474
0.99404892
0.99428825
0.99304684
0.99289073
0.9925878400000001
0.9923126499999999
0.99340974
0.96169907
0.9938557
0.99341894
0.9945875700000001
0.9916986
0.99329028
0.99325812
0.99042253
0.9917444000000001
0.99650289
0.99316625
0.99288614
0.99436191
0.9920330199999999
0.99146052
0.99114935
1.17540238
0.99403052
0.9923585
0.91132928
0.99404432
0.38124621
0.99261996
0.70901426
0.99436191
0.7009673700000001
0.9943434999999999
0.99163449
0.98746685
0.99249151
0.98954628
0.99399371
0.99283106
0.99500693
0.9922622099999999
0.9705000300000001
0.99318003
0.99134609
0.99238602
1.4266908799999998
0.99199178
0.9914834
0.9920650999999999
0.9934327199999999
0.87939183
0.9937499200000001
0.98526955
1.04723117
0.71025005
0.99423761
0.9928035199999999
0.99373153
0.96574281
0.99337758
0.99408113
0.62060441
0.99274385
0.99520982
0.9923264
0.79167569
0.9875758299999999
0.99364417
0.99162075
0.9939155
0.9902626800000001
0.99302847
0.9984441599999999
0.98861696
0.99332244
0.99334541
1.27960461
0.99103957
0.99323974
0.99301929
0.99246399
0.9920421899999999
0.99234933
0.99370854
0.9933867700000001
0.97561008
0.95341173
0.99180394
0.98866247
0.99268878
0.99267502
0.99283106
0.99275762
0.9158884500000001
0.98546396
0.96836441
0.9926933699999999
0.9927025500000001
0.99368555
0.9939338999999999
0.98746231
0.9931295
1.45984042
0.9913689800000001
0.99294123
0.99346489
0.9934603
0.99289991
0.826537
0.9925282
0.9935200500000001
0.9932259600000001
0.99289991
0.99407193
0.97840595
0.99127745
1.1121384
0.99307898
0.95560089
0.94346779
0.99446782
0.99245481
0.99267043
0.99126373
0.99549585
0.99228972
0.7087217699999999
0.9882893799999999
0.93155811
0.99249151
0.99165738
1.1061007999999999
0.9932856800000001
0.99299633
0.99363497
0.99301469
0.99066925
0.99322137
0.9932994700000001
0.9946428500000001
0.98567203
0.9932856800000001
0.98581682
0.9944586099999999
0.99285401
0.9908018
0.99124542
0.99418698
0.9930009200000001
1.12820004
0.99214302
0.99257867
0.99234933
0.9927071399999999
0.99302388
0.99221178
0.9939799100000001
0.99365336
0.99410414
0.9934281300000001
0.9930698
0.99297796
0.82628894
0.99072867
0.99262913
0.99503459
0.96556912
0.94470878
0.99344651
0.99268878
0.99267043
0.99331325
0.9949055099999999
0.9930560199999999
0.99347409
0.99256032
0.9937499200000001
0.9911264799999999
0.99274385
0.99255573
0.8248385399999999
0.9923585
0.99402592
0.99248233
0.98488997
0.99329487
0.9943158699999999
0.9947396000000001
0.9943711199999999
0.99127745
0.99256032
0.9935200500000001
0.82572976
0.99264749
0.99298255
1.00192859
0.98853505
0.9934924700000001
0.99202844
0.99402592
0.97814747
0.7912148299999999
0.9939155
0.99361199
0.9990573
0.9941501599999999
0.99273926
0.99478568
0.9909115300000001
0.9925282
0.98837581
0.99494239
0.99279434
0.9923585
0.98661395
0.91358569
0.9945369
0.70373306
0.9930009200000001
0.9926383099999999
0.61270022
0.99279893
0.9932719
0.96815922
0.99217511
0.98495773
0.99267502
0.99292746
0.5510282
0.9943434999999999
0.99304684
0.9942146
0.9934924700000001
0.9933546
1.40737387
0.9545050500000001
0.9928127000000001
0.99189098
0.9939661
0.99304684
0.99293664
0.99331325
0.99362118
0.9094766900000001
0.99363497
0.99264749
1.0012979199999998
0.99230348
0.99217511
0.9934143400000001
0.7950256899999999
0.99152918
0.99542202
0.99583284
0.99514064
0.99495161
0.9932856800000001
0.9929045000000001
0.99426063
0.9931019499999999
0.99282647
0.99407193
0.9938925000000001
0.9934556999999999
0.99223012
0.99506686
0.99340515
0.49569135000000003
0.99346489
0.52467997
0.49620103
0.99503459
0.99308817
0.99400291
0.62070307
0.99574049
0.98639189
0.9610793
0.9943342900000001
0.99273926
0.98881725
0.9943112700000001
0.9939109
0.99268878
0.55193317
0.7100480899999999
0.99318003
0.9938695
0.99139644
0.9937039400000001
0.99315706
0.9934327199999999
0.9928448299999999
0.99418698
0.9935016600000001
0.9934511100000001
0.99381891
0.99320299
0.99460139
0.9879120299999999
0.99430206
0.99455072
0.9921201000000001
0.99607765
0.99382351
0.9929917399999999
0.99409494
0.98672275
0.9932719
0.9926383099999999
0.98882181
0.9926933699999999
1.01022874
1.1753573400000001
0.99231723
0.99369934
0.99089324
0.99240436
0.9965491299999999
0.99235392
0.96569504
0.99303306
1.11530361
1.04739461
0.98604315
0.99331325
0.9931295
0.9863873599999999
0.99373153
0.9939569
0.99254655
0.99235392
0.98905407
0.99373153
0.7475749
0.98863517
0.99425603
0.9946843099999999
0.7100856600000001
0.99245481
0.9924594
0.99357061
0.99301469
0.9922438699999999
0.9909618299999999
0.99199178
0.99277598
0.9853464
0.99147425
0.99407193
0.99306061
0.85729259
0.99329028
0.9533059199999999
0.9915978599999999
0.99245023
0.99200553
0.9932627100000001
0.9928448299999999
0.99311572
0.9866592799999999
0.9951590899999999
0.55162835
0.9671432900000001
0.33110544
0.99222095
0.99342353
0.9945645399999999
0.99373153
0.99469814
0.9913094800000001
0.99400291
0.98884913
0.9922713799999999
0.99406733
0.9829605100000001
0.9937177300000001
0.992955
0.99211094
0.99303306
0.99361199
0.99304225
0.9934511100000001
0.9925511400000001
0.99496083
0.9925144400000001
0.9923218199999999
0.99348787
0.7077267700000001
0.9917535599999999
0.9927805700000001
0.61754551
0.99450466
0.9933362200000001
0.9888582300000001
0.99307898
0.9939201
0.70755888
0.9926429
0.41230367
1.0043089299999999
0.99206052
0.9849622499999999
0.99107159
0.9929090899999999
0.99087952
0.97169887
0.98537805
0.99275762
0.99241812
0.99190014
0.9928586
0.9955927699999999
0.96574281
0.99408573
0.9732357700000001
0.98365388
0.99094354
1.1827499799999999
0.99357061
0.62044483
0.9865368999999999
0.9942468200000001
0.99200095
1.26257211
0.82861958
0.9551970900000001
0.9931938100000001
0.9932994700000001
0.54854533
0.31021883
0.99354763
0.99357521
0.99229431
0.9926658399999999
0.99089781
0.73573188
0.9946566699999999
0.99072867
0.6236484800000001
0.9849622499999999
0.99262913
0.9916894399999999
0.99399831
0.99309735
0.99301929
0.61965174
0.82793593
0.99399831
0.99423761
0.6206636
0.99306521
0.9932765
0.9932719
0.99268878
0.9943342900000001
0.9783613699999999
0.99341894
0.99230806
0.99020332
0.98717179
0.99260619
0.99340515
0.99364417
0.99366716
0.99427444
0.9928127000000001
0.99328109
0.99315247
0.9931341
0.99124085
0.99299633
0.9928448299999999
0.89234207
0.9965491299999999
1.07349492
0.82869952
0.82659745
0.70901191
0.55265189
0.9965491299999999
0.9942146
0.99142847
0.99417778
0.98979713
0.9920238600000001
0.99132779
0.38272334
0.9925144400000001
0.99519598
0.99466128
0.9927209100000001
0.99264749
0.99427904
0.73265451
0.9917169199999999
0.9937499200000001
0.9924594
0.9925144400000001
0.9972757099999999
0.99315706
0.9946152100000001
0.9883121199999999
0.99286319
0.9931341
0.99309276
0.93182489
0.97670163
0.94845558
0.9390985700000001
0.9933408199999999
0.99274385
0.98699031
0.9938832999999999
0.99321677
0.9927071399999999
0.9938603
0.9936027900000001
0.89836709
0.99006637
0.99231723
0.8285971999999999
0.9923722600000001
0.9937177300000001
0.82725977
0.9880165700000001
0.99307439
0.99289073
0.9921613600000001
0.9928035199999999
0.9931478699999999
0.99575434
0.99301469
0.99105329
0.99215677
0.99450466
0.98798475
0.99426063
0.99356142
0.99242271
0.99362578
0.9927805700000001
0.99354303
0.99113105
0.99332703
0.9928586
0.99415476
0.99133694
0.992955
0.992955
0.99447243
1.12910762
0.99302847
0.99240436
0.99606841
0.99335001
0.99318003
0.99519137
0.993589
0.99297337
0.99259243
0.9931295
0.905752
0.99352464
0.99415476
0.9908018
0.99338217
0.99229431
0.9933729800000001
0.99398451
0.9935062600000001
0.99316625
0.6055971
0.99075152
0.98323954
0.99382811
0.99348328
0.9956066199999999
0.9926429
0.99329487
0.7091922099999999
0.45229798000000004
0.99371314
0.98959188
0.9931708399999999
1.1576232
0.99475804
0.82130854
0.99470274
0.99281729
0.99355222
0.99283565
0.99267043
0.99288614
0.99111733
0.99240436
0.9931249099999999
0.99331325
0.9940535199999999
0.9924685700000001
0.99379591
0.9941685699999999
0.98749863
0.99332244
0.9929917399999999
0.99124085
0.9935016600000001
0.99403512
0.9941501599999999
0.9951175800000001
0.82728527
0.9897651999999999
0.99308358
0.99316625
0.99360739
0.99572664
0.82842459
0.9920834399999999
0.82755625
1.12617661
0.9928723700000001
0.9938925000000001
0.62181919
0.95785566
0.99363038
0.9932075899999999
0.99259702
0.98589829
0.9881984300000001
0.98586208
0.9931111300000001
0.9950391999999999
0.9936165800000001
0.99283565
0.99289991
0.99308358
0.99462442
0.9926658399999999
0.9920330199999999
0.9934143400000001
0.99261996
0.99234475
0.99552354
0.99161617
0.98948701
0.99301469
0.99301929
0.9923905999999999
0.9921476
0.98865337
0.9931111300000001
0.61350891
0.9932259600000001
0.99483177
0.9934556999999999
0.9935016600000001
0.9934511100000001
0.9978920499999999
0.99348328
1.04675134
0.9938557
0.99447243
0.99376372
0.99285401
0.9938465
0.9879802
0.99568509
0.9929090899999999
0.70764048
0.99347409
0.9932719
0.99342353
0.9938832999999999
0.99268878
0.9901622299999999
0.9934603
0.99228972
0.9913689800000001
0.9880620299999999
0.7083267
0.9938695
0.99283106
0.99324434
0.99352464
0.99477647
0.82781784
0.9941685699999999
0.99278975
0.98905862
0.98948245
0.9943158699999999
0.9893776
0.70893936
1.02660034
0.9925144400000001
0.99261078
1.20168525
0.70786674
0.99265666
0.99286319
0.99297796
0.99308817
0.99321218
0.9933592
0.9941133499999999
0.89628239
0.9934603
0.99325352
0.99643815
0.9602455999999999
0.99185433
0.99376372
0.99293205
0.99248233
0.99250068
0.99135525
0.99241812
0.99316165
0.9928586
0.99403052
0.9916756999999999
0.99275762
0.9124056899999999
0.99340974
0.99250068
0.99423301
0.99342353
0.82695077
0.9939338999999999
0.98689052
0.99410874
0.9931938100000001
0.99106244
0.99318921
0.99185433
0.99284024
0.98930011
0.99330866
0.9933040599999999
0.91400563
0.9939338999999999
0.99245481
0.99374073
0.98704475
0.99247316
0.9938603
0.99171234
0.99173524
0.9939569
0.99007549
0.9943434999999999
0.9681155699999999
0.99145594
0.9423499700000001
0.9927851599999999
0.9889265399999999
0.92464312
0.99340515
0.99459678
0.9936763500000001
1.08570082
0.9938051099999999
0.9938603
0.9908109500000001
0.99372693
0.9934556999999999
0.99413175
0.9934419099999999
0.98897208
0.9858801800000001
0.9835502599999999
0.71079545
0.61956592
0.98754404
0.99980616
0.99369934
0.9854323100000001
0.99193221
0.92960233
0.99220261
0.9907378099999999
0.9922622099999999
0.99020332
0.71043098
0.99318462
0.99230806
0.99426523
0.99243188
0.9931341
0.99017136
0.99181768
0.99357981
0.4941049
0.99292746
0.99245481
0.99349707
0.9917031799999999
0.98571727
0.9925511400000001
0.99357061
0.99325812
1.04413029
0.99299633
0.98311351
0.99187266
0.9909663999999999
1.10236472
0.99239978
0.99332244
0.9931478699999999
0.9939753100000001
0.99373153
0.99277139
1.21398776
0.99149714
0.99302847
0.49676921999999996
0.9927346699999999
0.99399371
0.99429746
0.9944494
0.98328006
0.99423301
0.9923722600000001
0.99087495
0.99229889
0.99374533
0.99242729
0.9935200500000001
0.99311572
1.20494869
0.9750829299999999
0.99342353
0.96303602
0.99432048
0.99576358
0.92727022
0.99509914
0.99222095
0.99474421
0.9968451899999999
0.99171234
0.98820297
0.9922622099999999
0.99265208
0.99245023
0.99261996
0.9934511100000001
0.99245023
0.99413175
0.99165738
0.99121797
0.99206052
0.99256032
0.98563131
0.99444019
0.9921063499999999
0.99283565
0.83008973
0.9942284100000001
0.99315247
0.98998877
0.95776167
0.9929045000000001
0.9941731699999999
0.98442044
0.9929090899999999
0.99520059
0.99104415
0.99322137
0.99355682
0.9939109
0.99428365
0.9928127000000001
0.99491473
0.9946797100000001
0.99363497
0.82679158
0.99138271
0.99282647
0.99311572
0.99256032
0.993589
0.99381891
0.98522434
1.2131236699999999
0.99476264
0.99368555
0.9932259600000001
0.99292287
0.99321218
0.2256955
0.99306521
0.9927484400000001
0.9933408199999999
0.9939569
0.99339596
0.99461982
0.99288155
0.27589036
0.99321218
0.9136206699999999
0.99195512
0.9922072
0.9863782999999999
0.9899294500000001
0.9930698
0.99269796
1.19821878
0.9893776
0.99370854
0.99331325
0.99315247
0.99381891
0.9935016600000001
0.99298255
0.99382811
0.99253279
0.99430666
0.99357981
0.99298714
0.9945415099999999
0.9929182799999999
0.7088504299999999
0.99297337
1.01852262
0.9933867700000001
0.9938695
0.9936165800000001
0.9939707099999999
0.9940903400000001
0.9928586
0.99115392
0.99374073
0.99261078
0.9924364699999999
0.99279893
0.97501653
0.99284024
0.9929182799999999
0.99409494
0.98596618
0.9929458200000001
0.98229057
0.99444019
0.99361199
0.82666427
0.99095725
0.99439875
0.99282188
0.8286259699999999
0.99236309
0.9933729800000001
0.99236309
0.99352924
0.99228972
0.99318462
0.99301469
0.9940213099999999
0.99229889
0.99060985
0.99221178
0.99738224
0.98716272
0.99293664
0.9920650999999999
0.9931111300000001
0.9922438699999999
0.98944142
0.99255573
0.9934327199999999
0.9939799100000001
0.9923814299999999
0.9913323599999999
0.99286319
0.99448624
0.9921063499999999
0.6215959999999999
0.99301469
0.9929687800000001
0.9931295
0.99401211
0.98733065
0.9964936400000001
0.99256032
0.90237988
1.08725642
0.99262913
0.99304225
0.99376372
0.9929090899999999
0.99193221
0.9935936
0.99362118
0.99051389
0.81790517
0.9910212799999999
0.9929136900000001
0.9928127000000001
0.99038142
0.99369934
0.99321218
0.9995827800000001
0.9875395
0.99336839
0.99309276
0.9883848999999999
0.99457836
0.98881725
0.99316165
0.98949156
0.99252362
0.9923264
0.9911813700000001
0.9934786800000001
0.99273009
1.10848164
0.99355682
0.9939707099999999
0.7093397899999999
0.99280811
0.99437573
0.99230806
0.9947949
0.9922530399999999
0.98951436
0.99255573
0.99255573
0.9931019499999999
0.99257408
0.9907698100000001
0.9931203200000001
0.9956250799999999
0.99273009
0.99297337
0.9922805499999999
0.9931295
0.98469578
0.9931432800000001
0.9029300299999999
0.7611303599999999
0.99334541
0.99525594
0.99315706
0.33089115999999996
0.98981994
0.9931295
0.99381891
0.99286319
1.2218829100000002
0.9920971900000001
0.9923401599999999
0.9865097
0.9931249099999999
0.9755879199999999
0.9632563199999999
0.55089533
0.9927071399999999
0.9870810400000001
0.99322137
0.99144678
0.9944079600000001
0.9915337599999999
0.99261996
1.12588139
0.90256952
1.08651929
0.99108988
0.9946566699999999
0.99338217
0.9931295
0.99310654
0.99418698
0.9927668
0.99277139
0.9921613600000001
0.9922530399999999
0.9911951000000001
0.82901623
0.99381891
0.99340055
0.99346949
0.99256032
0.9917581400000001
0.99294123
0.9931984
1.10233077
0.99239519
0.9878166
0.99307898
0.9938832999999999
0.99292287
1.03477729
0.98521982
0.62094357
0.99241812
0.9932627100000001
0.99318003
0.99256032
0.99155665
0.91823426
0.99265666
0.99369015
0.99308817
0.99245481
0.99330866
0.99288614
0.9938832999999999
0.99348328
0.99368095
0.9947810800000001
0.99355682
0.98981538
0.99323515
0.99275762
0.9936027900000001
0.9956712400000001
0.9946520700000001
0.99334541
0.9925052700000001
0.99409494
0.9949469999999999
0.98250629
0.9880983999999999
0.9928035199999999
0.99165738
0.82309973
0.9929458200000001
0.9935016600000001
0.9939707099999999
0.99442638
0.99181768
0.9938419000000001
0.98494418
0.99228972
0.99170776
0.99322137
0.99257408
0.98868523
0.99427904
0.9938511
0.45336934999999995
0.41504086
0.99481333
0.24767188
1.03496181
0.9926429
0.99371314
0.99402592
0.99474882
0.99323056
0.9924685700000001
0.99286778
0.9911081799999999
0.99306061
1.0216965999999998
0.99301469
0.99373153
0.99242729
0.98576252
0.99324893
0.99014853
0.9932075899999999
0.9953066800000001
0.9941685699999999
0.99261996
0.9944309800000001
0.99415937
0.9929136900000001
0.9931295
0.99211552
0.99427904
0.9951452500000001
0.99363497
0.9925511400000001
0.99528362
0.99271173
0.99202844
0.98479513
1.27630404
0.99300551
0.9935016600000001
0.99286778
0.98924543
0.9926933699999999
0.9927346699999999
0.9932259600000001
0.99381891
0.98728979
0.9938925000000001
0.99382351
0.99436191
0.9934511100000001
0.9937499200000001
0.91354682
0.82671519
0.9922668
0.9938603
1.1637144000000001
0.9939477
0.9929687800000001
0.99307898
0.9931111300000001
0.9952052100000001
0.9965398799999999
0.95075248
0.99286778
0.99166196
0.9954266300000001
0.9922622099999999
0.9938557
0.99318003
0.99310654
0.99410874
0.9873715
0.99283106
0.99197803
0.99248233
0.99321677
0.99214302
0.9908155200000001
0.99511297
0.9927484400000001
0.9920238600000001
0.9927025500000001
0.99250068
0.99362578
0.9906372600000001
0.99221178
0.99161617
0.99308358
0.99113563
0.9940903400000001
0.99304684
0.9943434999999999
0.99353843
0.6454171700000001
0.99351085
0.9926658399999999
0.94846396
0.99604069
0.99234933
0.99134609
0.9939293
0.99285401
0.9932856800000001
0.99357061
0.9895326
0.9937683199999999
0.99338217
0.99494239
0.9113447499999999
0.8071759900000001
0.9915383400000001
0.99278975
0.99258325
0.9937683199999999
0.99356142
0.99234933
0.7105014900000001
0.99163449
0.9888309099999999
0.99337758
0.99332703
0.9866456800000001
0.9874169
0.9888400199999999
0.99097097
0.9954035600000001
0.94869022
0.9925511400000001
0.98479964
0.99424222
0.99295041
0.99348787
0.9925511400000001
0.99195971
0.9855091899999999
0.9938879
0.9927025500000001
0.9915200299999999
0.99376372
0.9867998299999999
0.90057102
0.9865504900000001
0.9884440499999999
0.9947396000000001
0.99289991
0.9931341
0.98863061
0.99349707
0.99028551
0.98821207
0.99333163
0.9869132
0.99295041
0.99460139
0.99275762
0.9907698100000001
0.9925144400000001
0.99316165
0.99361199
0.99281729
0.99379591
0.9929917399999999
0.99239978
0.92040273
0.99233558
0.99134609
0.9048513199999999
0.9921476
0.98868979
0.9922622099999999
0.87353253
0.99192763
0.99253738
0.9938879
0.99050933
0.9932856800000001
0.99296419
0.99297796
0.8304877999999999
0.9932627100000001
0.8265465500000001
0.99316625
0.99251903
0.9931938100000001
0.9939293
0.9852379
0.55101265
0.9885122900000001
0.99412255
0.99373613
0.9883621599999999
0.99244564
0.99475804
0.99321218
0.99273926
0.99202844
0.9939063
0.96299283
0.9936579600000001
0.9889310899999999
0.9920971900000001
0.9925878400000001
0.99336839
0.98790748
0.99279434
0.9926842
0.9938419000000001
0.99180852
0.9842309400000001
0.99709975
0.9938741
0.86301164
0.9806577900000001
0.70936088
0.99317543
0.99201011
0.99267961
0.83053597
0.54535112
0.9507566900000001
0.99329487
0.9947211699999999
0.99491473
0.99307439
0.99323515
0.99323056
0.9870039199999999
0.99403512
0.82868993
0.75970865
0.9933729800000001
0.99689146
0.99416397
0.99281729
0.9847589999999999
0.99293664
0.99074695
0.99325352
0.45117098
0.99220261
0.99285401
0.99502537
0.82659109
0.99283565
0.99346949
1.21676666
0.9942146
0.99301929
0.99104415
0.99231723
0.99248233
0.98608842
0.99215677
0.9933040599999999
0.99370854
0.9941501599999999
0.99305143
0.9889903
0.99120882
0.99352924
0.99289073
0.99366716
0.99426523
0.99344651
0.9911768
0.99282647
0.99344651
0.9895782
0.9934556999999999
0.99229431
0.98281655
0.99438033
0.99259702
0.99340515
0.99281729
0.9939615
0.98623334
0.9939707099999999
0.99240436
0.9867408799999999
0.9931203200000001
0.99247316
0.8329520499999999
0.99285401
1.0351064700000001
0.9928127000000001
0.9927851599999999
0.99322137
0.98846224
0.99415937
0.9939338999999999
0.95812062
0.99357981
0.98663661
0.9845964600000001
0.99321218
0.99245023
0.9921063499999999
0.9856856
0.8285971999999999
0.9950807
0.99328109
0.99166654
0.7073957299999999
0.61966425
0.99187266
0.9933592
1.00201742
0.99415937
0.9916756999999999
0.98646439
0.98755313
0.9928586
0.99356142
0.9937821200000001
1.20984313
0.99356601
0.99261996
0.9873942
0.9923585
0.9925144400000001
0.9914513599999999
0.99174898
0.9926842
0.9891953
0.49420381999999996
0.9944954500000001
0.99348328
0.99296419
0.99301929
0.99534359
0.9926658399999999
0.9932994700000001
0.99305143
0.9926658399999999
0.9959852600000001
0.99293664
0.99229889
0.99155207
0.9930560199999999
0.9929458200000001
0.99357061
1.1085503
0.99281729
0.9937499200000001
0.9839648699999999
0.97269796
0.9939615
0.99407193
0.9885805499999999
0.99684981
0.6201688999999999
0.9941455600000001
0.98412269
0.9936763500000001
1.03840491
0.8981642
0.99288614
0.99046821
0.99280811
0.99306521
0.99221637
0.9934556999999999
0.99228514
0.98502098
0.9938143100000001
0.99262913
0.9835863
0.9884713399999999
0.84175103
0.99308358
0.99349707
0.9922805499999999
0.9935936
0.99263372
0.99280811
0.9926933699999999
0.99370854
0.99316625
0.99355222
0.9936487700000001
0.98423545
0.9933040599999999
0.99308358
0.99131406
0.55266469
0.98292901
0.99324893
0.9928448299999999
0.9939385000000001
0.9928035199999999
0.99298255
0.99356142
0.99241812
0.99451388
0.82719604
0.99218428
0.99323515
0.99313869
0.99334541
0.9917581400000001
0.99366716
0.9867680799999999
1.1213720999999999
0.99353843
0.99181768
0.99271632
1.18269135
0.99158412
0.99375452
0.99218428
0.55277707
0.99253738
0.99313869
0.97084225
0.9945553300000001
0.9931111300000001
0.99119967
0.99501154
0.9851068399999999
0.9821019
0.9947165699999999
0.99557431
0.99286319
0.99623938
0.99401211
0.9928769599999999
0.99282188
0.97336369
0.8286004
0.71031583
0.9917581400000001
0.99323974
0.90955758
0.8261999299999999
0.99333163
0.99357981
0.45180791
0.99212927
0.9909298200000001
0.99400291
0.9896101199999999
0.99399831
0.99410414
0.99514064
1.12614708
0.9941363599999999
0.9911401999999999
0.99142847
0.99293664
0.98696309
0.84356963
0.9941685699999999
1.21718045
0.82686162
0.99180394
0.99325352
0.9932259600000001
0.99293664
0.9932719
0.99340055
0.99000247
0.99149256
0.9938787000000001
0.99372233
0.99252362
0.98756675
0.98869434
0.99250068
0.99410414
0.99301929
0.99302847
0.99398911
0.99281729
0.99249151
0.9938511
0.99288155
0.9934281300000001
0.99275762
0.97045179
0.99382811
0.9920559400000001
0.98503906
0.99341894
0.9931984
0.99318462
0.9958975
0.9933040599999999
0.9948502
0.70928122
0.9938465
0.98435275
0.9936717500000001
0.99371314
0.9929182799999999
0.9862288100000001
0.99459218
0.99248692
0.99279434
0.9894323
0.99170776
0.99318921
0.99092525
0.98490804
0.9938005099999999
0.99189556
0.99279893
0.99332703
0.9909618299999999
0.99325812
0.9924364699999999
0.98694041
0.9881938800000001
0.99318003
0.9807608000000001
0.99247775
0.99261078
0.99455072
0.99310654
0.9907103899999999
0.61979481
0.99061442
0.82649247
0.71044743
0.9938648999999999
0.99406733
0.9932627100000001
0.9989504100000001
0.98906318
0.9938419000000001
0.98831667
0.99365336
0.9956204599999999
0.99294123
0.99273009
0.99216594
0.99364417
0.9932259600000001
0.9686658
0.84510667
0.99316625
0.7102571000000001
0.99622552
0.99095268
0.9927346699999999
0.61963028
0.99258325
1.05032997
0.9928769599999999
0.99267502
0.9945276900000001
0.9830504999999999
0.99043166
0.9907835199999999
0.99252362
0.99298714
0.9064822499999999
0.99307439
0.99254197
1.21381622
0.99296419
0.31051084
0.9948732499999999
0.99344651
0.99323056
0.70904235
0.99273926
0.99692386
0.99351085
0.82877628
0.99279434
0.9836403699999999
0.95122837
0.9917398199999999
0.95568169
0.9897925700000001
0.9938373
0.99297796
0.9897059
0.9926383099999999
0.99352924
0.99148798
0.9929917399999999
0.99374533
0.99371314
0.97895455
0.8453595
0.99317543
0.99149256
0.9885805499999999
0.9968128
0.63106715
0.9948962899999999
0.99404892
0.99351085
0.99545432
0.8826992300000001
0.99318921
0.99523749
0.98487642
0.99362118
0.9939707099999999
0.99332703
0.99318921
0.99321677
0.99299633
0.9931203200000001
0.99328109
0.9929136900000001
0.9925052700000001
0.9929917399999999
0.99442177
0.99189556
0.9581676400000001
0.99360739
0.9960545500000001
0.99336839
0.9939431000000001
0.9947534299999999
0.99167112
0.98674995
0.98833032
0.99293664
0.99297337
0.8855748699999999
0.9943434999999999
0.99311572
0.99247775
0.9936165800000001
0.99305143
0.98558608
0.992955
0.99245023
0.97305055
0.99244105
0.99164823
0.9954727800000001
0.99505303
0.9928723700000001
0.99156123
0.9911264799999999
0.9852650199999999
1.096231
0.978785
0.9707588699999999
0.9433227399999999
0.97810738
0.99306061
0.7103322799999999
0.98646892
0.9931249099999999
0.99398911
0.9932856800000001
0.99311572
0.9938879
0.9947119600000001
0.55143712
0.99495622
0.9944586099999999
1.00745151
0.99018962
0.99356601
0.99256032
0.9930560199999999
0.99353843
0.9946658899999999
0.9926658399999999
0.99308817
0.99294123
0.99437573
0.99267961
0.99103957
0.9931708399999999
0.99177188
0.98925454
0.9923905999999999
0.98901763
0.9021903299999999
0.98503454
0.99480873
0.97802274
0.99457375
0.9935062600000001
0.99363497
0.9935200500000001
0.99221178
0.99369474
0.9936763500000001
0.91083838
0.99547739
0.99410874
0.9939247
0.9952144300000001
0.06988662
0.99121797
0.96572543
0.9935844
0.99284942
0.96327793
0.99265666
0.9873124900000001
0.99409954
0.99055958
1.03506656
0.9830865
0.99332703
0.70924374
0.99352464
0.9935062600000001
0.99269796
0.9913049100000001
0.99261537
0.99311572
0.9883621599999999
0.99268878
0.9912134
0.99372693
0.83381233
0.99375912
0.95563916
0.99421
0.99308358
0.9932075899999999
0.8252855
0.70963982
0.99357521
0.61936579
0.99340055
0.71287421
0.82782422
0.98809385
0.99241812
0.85530879
0.9938051099999999
1.0583638
0.9916528
0.9879120299999999
1.0072577699999998
0.99249609
0.9880983999999999
0.9938971
0.98590734
0.99220261
0.9939017
0.993589
0.9931019499999999
0.99233558
0.99234933
0.82743509
0.9934924700000001
1.01575732
0.9851113599999999
0.98512491
0.99293205
0.99340974
0.99468892
0.99277598
0.99442177
0.9923309899999999
0.82751799
0.99282188
0.98936392
0.9946520700000001
0.99460139
0.9934327199999999
1.1187549300000001
0.99227597
0.98580325
0.99282647
0.98257372
0.9938741
0.9928769599999999
0.9931203200000001
0.99418238
0.99200553
0.91672514
0.99247316
0.9927530299999999
0.99451848
0.98674541
0.99491012
0.99533436
0.45111886
0.8281753999999999
0.99187724
0.99313869
0.99334541
0.9928448299999999
0.99282188
0.9920971900000001
0.9936027900000001
0.7085978199999999
0.99329487
0.99308358
0.99336839
0.9931249099999999
0.98234449
0.9942284100000001
0.99353843
0.9929687800000001
0.5527130499999999
0.99089781
0.9938419000000001
0.99059614
0.99332703
0.99285401
0.9730373299999999
0.99307898
0.9888036
0.9870719699999999
1.1254506499999999
0.9864417299999999
0.70913132
0.99183143
0.99321218
0.9939523
0.99185433
0.9919368
0.99332244
0.98240291
0.8285652299999999
0.99188182
0.99180852
0.9940903400000001
0.99281729
0.99155207
0.98562679
0.99382351
0.99373613
0.99234933
0.93456622
0.8248575499999999
0.9914788299999999
1.10602674
0.9931019499999999
0.99229889
0.99364417
0.9931708399999999
0.9935062600000001
0.9932856800000001
0.6217669699999999
0.9940581199999999
0.9944355899999999
0.99267043
0.99331784
1.0479773000000001
0.989601
0.9915383400000001
0.99116765
0.82311866
0.98798475
0.99248233
0.9159783
0.9925649
0.99218428
0.99306521
0.99259702
0.99401211
0.99149256
0.99379131
0.99277598
0.9939615
0.99127745
0.99411795
0.9942238
0.9938373
1.0365554000000001
0.99325812
0.99357981
0.9811596
0.99523288
0.9933408199999999
0.8274095800000001
0.9934143400000001
1.17514509
0.99506686
0.98729433
0.9845422899999999
0.99218886
0.9860522
1.11548321
0.99309276
0.80879023
0.99247316
0.99282647
0.98092655
1.00484935
0.99277598
0.99053674
0.91609162
0.9929182799999999
0.82799339
0.99248233
0.99245023
0.99242271
0.9923905999999999
0.9927071399999999
0.99332703
0.9926933699999999
0.9921613600000001
0.9927071399999999
0.91653734
0.99438033
0.99304225
0.99353843
0.97395524
0.99479029
0.99075152
1.10857892
0.99297796
0.9888582300000001
0.9910212799999999
0.99318462
0.99341894
0.99277139
0.98786658
0.9925511400000001
0.9950899200000001
0.99249609
0.99285401
0.9927254999999999
0.99009832
0.9931708399999999
0.9940213099999999
0.9929045000000001
0.82596796
0.9952928400000001
0.9899157599999999
0.99202844
0.9925511400000001
0.96836441
0.9924594
0.99308358
0.9932719
0.99325812
0.99282647
0.98402799
0.62076228
0.98926365
0.992955
0.9934786800000001
0.9931708399999999
0.99308817
0.9932719
0.98906774
0.7096492000000001
0.9928769599999999
0.9851565499999999
0.99342353
0.5519431
0.99316165
0.99301929
0.9939338999999999
0.9936763500000001
0.9931295
0.9870674300000001
0.99322137
0.99299633
0.99338217
0.9933867700000001
0.9935062600000001
0.9966323800000001
0.99399371
0.99365336
0.99432508
0.98801202
0.82778912
0.98267713
0.9920788500000001
0.99446782
0.9932856800000001
1.10920305
0.98638283
0.99363497
0.9914330499999999
0.7705995299999999
0.99338217
0.98362234
0.9936579600000001
0.99439414
0.71046858
0.9926842
0.71011618
0.99227597
0.9887580699999999
0.98717633
0.9927851599999999
0.99256032
0.99132321
0.9930101
0.99056872
0.99261996
0.9897059
0.99413175
0.99591597
0.99212469
0.9939431000000001
0.99237685
0.99299633
0.99027181
0.99336379
0.9781742
0.98850774
0.9946152100000001
0.99295041
0.98912696
0.9921613600000001
0.99045907
0.99318921
0.98471836
0.8304942200000001
0.70901191
0.99332244
0.9932627100000001
0.99157954
0.99302847
0.9927209100000001
0.98717179
0.9932719
0.99359819
0.9939338999999999
0.99414096
0.99281729
0.99356142
0.9942928499999999
0.99306061
0.61852913
0.99283565
0.99268878
0.8940212099999999
0.82853646
1.14661494
0.99321218
1.22938153
0.99442177
0.99333163
0.99066011
0.99359819
0.99407653
0.55195445
0.99242271
0.99125457
0.99157954
0.9950899200000001
0.9955927699999999
0.9936625600000001
0.9942238
0.92625434
0.8276742699999999
0.99284024
0.99331784
0.98430312
0.99742856
0.9927530299999999
0.82727571
0.99354763
0.3544258
0.99288155
0.9938419000000001
0.9757475
0.62174717
0.9924685700000001
0.9920971900000001
0.9989085900000001
0.83032403
0.9942146
0.9784327
0.9942284100000001
0.9941501599999999
0.9941271500000001
0.83039788
0.71032288
0.70655552
0.82147819
0.62164098
0.99150171
0.9931938100000001
0.96833384
0.9927071399999999
0.9938005099999999
0.9933592
0.99329487
0.99313869
0.8285652299999999
0.9925144400000001
0.99184059
0.99340515
0.99308358
0.99376372
0.99372693
0.99360739
0.9903951200000001
0.99352464
0.9938648999999999
0.9896465999999999
0.99377292
0.9917031799999999
0.9921201000000001
1.02661997
0.99201928
0.99282188
0.99347409
0.9095190599999999
0.9938695
0.99282647
0.99001616
1.0329456399999999
0.97854861
0.9930698
0.99288155
0.9931938100000001
0.99403972
0.99482255
0.99283565
0.99304225
0.99459678
0.98863061
0.99363497
0.99281729
1.01614182
0.98345117
0.99337758
0.99703494
0.7092577900000001
0.99273009
1.0128541
0.9864417299999999
0.9938051099999999
0.96810248
0.99309735
0.49603141
0.99331784
0.99337758
0.98526955
0.8279646599999999
0.99155207
0.9935062600000001
0.9934924700000001
0.98965116
0.9931203200000001
0.9937039400000001
0.99279434
0.98936848
0.99261996
0.99457375
0.9938695
0.99263372
0.8148204099999999
0.82769979
0.8631642700000001
0.99097097
0.99403972
1.01858059
0.99355682
0.99334541
0.99297796
0.99382351
0.99282647
0.99466128
0.97827669
0.9939247
0.98343316
0.99307439
0.55578713
0.99255573
0.99166196
0.9922622099999999
0.99404892
0.99170776
0.5527386599999999
0.71032758
0.9946658899999999
0.90268713
0.99250068
0.99331325
0.99273009
0.4131874
0.99279434
0.99125
0.99249151
0.99313869
0.99262455
0.9930009200000001
0.9931019499999999
0.6462329099999999
0.9939385000000001
0.9950899200000001
0.9923126499999999
0.99316625
0.41367131999999995
0.99321218
0.99293664
0.99286778
0.99329487
0.9933592
0.45147070999999994
0.9920971900000001
0.99335001
0.9044054699999999
0.89850993
0.99348328
0.81945008
0.9916756999999999
0.9907378099999999
0.9938603
0.99281729
0.99203761
0.99415476
0.9927254999999999
0.99332703
0.9931432800000001
0.9926842
0.99092525
0.99346949
0.99297337
0.99462442
1.21388483
0.62271353
0.99197345
0.41433617
0.9762088
0.55861936
0.61867168
1.1124725599999998
1.06498763
0.61966962
0.9926429
1.08924173
1.07374182
0.99439414
0.99339136
0.99375912
0.9881711400000001
0.99234475
0.99332703
0.99323056
0.99274385
0.98750771
0.99235392
0.98592092
0.8609081199999999
0.9955558499999999
0.99254655
0.99426523
0.9938879
1.00115321
0.96074823
0.9931111300000001
0.9934511100000001
0.9927530299999999
0.9945599300000001
0.99261078
0.92943738
0.99262455
0.99364417
0.98808476
0.99289991
0.99196429
0.99284942
0.6185843599999999
0.99340515
0.9939523
0.99248692
0.9937683199999999
0.99362578
0.99497005
0.97836583
0.99398911
0.9682290600000001
0.99329028
1.14042837
0.8054835699999999
0.99505764
0.99403512
0.99274385
0.9923309899999999
0.99125
0.99273009
0.99315247
0.9938143100000001
0.9914513599999999
0.82886584
0.9907698100000001
0.99418698
0.9926842
0.9927346699999999
0.99212469
0.99280811
0.9923218199999999
0.99421
0.9840099600000001
0.55213751
0.99197345
0.9931019499999999
0.8247815199999999
0.9937177300000001
0.99300551
1.09946941
0.9929045000000001
0.9927530299999999
0.9913323599999999
0.8285172799999999
1.2295223
0.9939569
0.94111104
0.9939661
0.99255573
0.8301828
0.99377292
0.84907961
0.8059672600000001
0.95318321
0.98648251
0.9939109
0.9942284100000001
0.99242271
0.98832122
0.98114167
0.98741236
0.9925649
0.99349707
0.9939707099999999
0.9918589099999999
0.9928035199999999
0.9938465
0.99271632
0.9945645399999999
0.9927071399999999
0.99144221
0.9913689800000001
0.9921613600000001
0.99076066
0.9942284100000001
0.33113402999999997
0.9925282
0.99335001
0.98837581
0.99199636
0.99372693
0.9925878400000001
0.9935016600000001
0.99351545
0.99317543
0.82745421
1.2149080700000001
0.99399371
0.99201928
0.99363497
0.99341894
0.99228514
0.99339596
0.99233558
0.99454612
0.99336839
0.55105366
1.1292323
0.99300551
0.99289073
0.86451599
0.99315247
0.9973173900000001
0.8280157300000001
0.926794
0.9298760500000001
0.9942192
0.9890814
0.99685444
0.99359819
0.99407193
0.99259702
0.62043945
0.98314951
0.99281729
0.9931708399999999
0.9941133499999999
0.99178562
0.99403052
0.9942468200000001
0.9932627100000001
0.99230348
0.99346949
0.99282188
0.9892591000000001
0.99349707
0.99234475
0.8897061100000001
0.9921201000000001
0.99577743
0.99178104
0.9907058200000001
0.99093896
0.9944954500000001
0.99289991
0.98915885
0.9871400300000001
0.9911951000000001
0.99331784
0.99269796
0.9911081799999999
0.99261078
0.99361199
0.99406273
0.49411740000000004
0.99245023
0.99094811
0.99307898
0.987594
0.9840144700000001
0.98973326
0.9875122500000001
0.99331325
1.01528189
0.9928586
0.9912225499999999
0.9938603
0.99214302
0.99516831
0.91134861
0.9934603
0.99189556
0.99479951
0.33088759
0.8277285000000001
0.8986227200000001
0.9938557
0.9936487700000001
1.10403091
0.99233558
0.82682023
0.99260619
0.91593142
0.7548644400000001
0.99413175
0.99278975
0.98616993
0.9932719
0.99004811
1.16841244
0.9951637
0.99257867
0.82799977
0.99469814
0.99190931
0.99353843
0.99282188
0.99356142
0.99715531
0.99192763
0.99320299
0.99372233
0.99279434
0.9916528
0.9938741
0.99132779
0.62056137
0.99283106
0.99342353
0.99403972
0.9928586
0.7098063600000001
0.80705162
0.99191389
0.99448624
0.99690534
0.82685843
0.70896276
0.99572664
0.9920926
0.9907103899999999
0.99267043
0.9928448299999999
0.99342353
0.98914974
0.9946935299999999
0.99362578
0.99247775
0.99279434
0.99296419
0.99284942
0.9936717500000001
0.9928448299999999
0.97834354
0.99369015
0.9904819100000001
0.99459218
0.70903298
0.9945369
0.99382811
0.9878529500000001
0.9876939299999999
0.99315706
0.95125786
0.69848451
0.9945323
1.1414346
0.9926842
0.99266125
0.99241812
0.99426063
0.99323515
0.9927254999999999
0.9927346699999999
0.9931249099999999
0.9909846899999999
0.99254197
0.99298255
0.99353843
0.19833825000000002
0.99149256
0.53909603
0.83039788
0.9902626800000001
0.49605547
0.9931203200000001
0.9935200500000001
0.9931295
0.99269796
0.9922530399999999
0.9929182799999999
0.99213844
0.9922805499999999
0.99236767
0.99307439
0.9936717500000001
0.99273009
0.99230806
0.9926842
0.99266125
0.99411795
0.99363957
0.9938005099999999
0.99313869
0.9937683199999999
0.99225763
0.99372233
0.9928127000000001
1.0406038
0.9927025500000001
0.99342353
0.99199636
0.99271632
0.99282647
0.99468892
0.99197345
0.99424222
0.9927668
0.9933546
0.86307754
0.98370795
0.98912696
0.99403972
0.9863964199999999
0.9925052700000001
0.99414096
0.55183105
0.45064269
0.67203579
0.9556179
0.49614715
0.99403972
0.99429746
0.9888400199999999
0.9719187599999999
0.86310529
0.99264749
0.9921613600000001
0.9932075899999999
0.99338217
0.98859421
0.82677248
0.82722791
0.9939201
0.9933546
0.83032403
0.9931478699999999
0.99536665
0.99302847
0.9925052700000001
0.9945645399999999
0.99446782
0.99398911
0.99002072
0.99248692
0.98482674
0.89159739
0.44053387
0.9938741
1.20210904
0.82628576
0.9907241
0.9938925000000001
0.99340515
0.9947119600000001
0.99128203
0.99377292
0.9938695
0.99403052
0.9938557
0.99292287
0.9885305
0.99351085
0.99190472
0.99029465
0.99311572
0.70841082
0.99619779
0.99218886
0.99229889
0.99177646
0.98503454
0.99382351
0.99180852
0.99245023
0.99353843
0.9938925000000001
0.9936579600000001
0.9929917399999999
0.99363038
0.99403052
0.99318462
0.98428056
0.98923176
0.8255393
0.9872489400000001
0.99468892
0.98760308
0.9916024400000001
1.0678791699999999
0.82486389
0.99259243
0.9939155
0.9180183700000001
0.9854187400000001
0.99369474
0.9922713799999999
0.99444019
0.99318921
0.9934786800000001
0.88130818
0.99186807
0.9934924700000001
0.99335001
0.99281729
0.82715144
0.9930698
0.99415476
0.9936717500000001
0.99318003
0.9940535199999999
0.9929045000000001
0.99402592
0.99332703
0.9929182799999999
0.99305143
0.9940535199999999
0.99094354
0.99305143
0.7077827499999999
0.9937039400000001
0.98988838
0.9931708399999999
0.99398911
0.99305143
0.99293664
0.9939799100000001
0.9926383099999999
0.9926016099999999
0.99408113
0.99399831
0.99242271
0.9928586
0.9911951000000001
0.9946428500000001
0.9940167099999999
0.9946751
0.9939523
0.99399371
0.99344651
0.99492395
0.9932856800000001
0.99525133
0.99353384
0.99198262
0.99028551
0.99264749
0.99149256
0.99108074
0.9929090899999999
0.99346489
0.99237685
0.99696088
0.99609613
0.9933546
0.9936717500000001
0.6223670299999999
0.99286778
0.99363497
0.99238602
0.7981489700000001
0.99353843
0.75793095
0.9930698
0.9940903400000001
0.50333496
0.97562781
0.99409954
0.98200759
0.8301378699999999
0.83429823
0.99494239
0.9926658399999999
0.99262913
0.9927071399999999
0.98660488
0.99418238
0.99685907
0.99191389
0.99190014
0.9934419099999999
0.99310654
0.99621627
0.82676612
0.9939385000000001
0.81943444
0.71043098
0.99282188
0.99259243
0.9944770300000001
0.99408573
0.992955
0.9925282
0.98845769
0.9938648999999999
0.9921476
0.9861291799999999
0.99262455
0.9922668
0.9866094099999999
0.9939201
0.9582916400000001
0.99196429
0.99462903
0.9922347
1.21330873
0.9939338999999999
0.99430206
0.9940213099999999
0.99265208
0.9924364699999999
0.99177646
0.99261537
0.99126373
0.99323056
0.9938787000000001
0.99179478
0.9804876400000001
0.99309735
0.99284942
0.29183634999999997
0.99176272
0.99289991
0.9939477
0.9930698
0.98988838
0.9939523
0.9810072099999999
0.9885213899999999
0.8249843099999999
0.99267502
0.9920421899999999
0.99311572
0.98869434
0.9892773300000001
0.9942698400000001
0.9909069599999999
0.9923126499999999
0.99414096
0.55265758
0.9838070999999999
0.99362118
0.99352924
0.9917169199999999
0.990587
0.9908886699999999
0.99267043
1.03527614
0.99261537
0.99293664
0.99623014
0.99225763
0.83222898
0.9969146000000001
0.9947718600000001
0.99399371
0.99297796
0.9940903400000001
0.9934419099999999
0.99325812
0.82778912
0.9862061599999999
0.94803269
0.9941731699999999
0.9935844
0.54956448
0.9533905699999999
0.9931249099999999
0.70741903
0.99415937
0.9920926
0.98674995
0.99441717
0.9931984
0.70812817
0.6228815
0.99344651
0.99284942
0.98808021
1.05128635
0.99202844
1.0672105
0.99382351
0.9941133499999999
0.9940213099999999
0.9761111800000001
0.9939247
0.62189482
0.99340974
0.99283106
0.98961924
0.9928953199999999
0.99022615
0.9887580699999999
0.99336839
0.99234475
0.99399371
0.9944355899999999
0.9923722600000001
0.9991781500000001
0.9889083200000001
0.9923309899999999
0.9915978599999999
0.9939385000000001
0.99125457
0.9941685699999999
0.99135525
0.98330257
0.9938419000000001
0.98981994
0.9902809499999999
0.9926933699999999
0.99281729
0.9885669
1.02653654
0.9923401599999999
0.99302847
0.61864851
0.9940903400000001
0.99399371
0.9931341
0.98609748
0.99357521
0.9916940200000001
9.38872753
0.99297796
0.8629422800000001
0.99259243
0.99155207
0.9938557
0.98493515
0.99164823
0.992955
0.99248233
0.9896785300000001
0.9920330199999999
0.99357521
0.99240436
0.99348787
0.97767989
0.98163501
0.70905639
0.98935025
0.9931341
0.9927071399999999
0.9948179399999999
0.9941271500000001
0.9939477
0.9931295
0.9926658399999999
0.99148798
0.99459218
0.9932259600000001
0.9936763500000001
0.9924594
0.9929458200000001
0.99484099
0.99407193
0.99297337
0.99267043
0.9938143100000001
0.9939799100000001
0.9940903400000001
0.98877173
0.99363497
0.9938603
0.9946658899999999
0.89894999
0.99246399
0.99426063
0.95092509
0.99415937
0.99446782
0.98630128
0.9934373200000001
0.99329028
0.99184059
0.9939477
0.99357981
0.99189098
0.98673635
0.61765031
0.9911127500000001
0.99282647
0.99306061
0.99185433
0.9946658899999999
0.99329028
0.99318921
0.91822641
0.99176272
0.96043456
0.82494311
0.45082811
0.41491976999999997
0.7077267700000001
0.98788022
0.82855884
0.9943342900000001
0.99271632
1.1534076899999999
0.9931478699999999
0.99245481
0.99357981
0.98573085
0.99321677
0.99242729
0.49687496000000003
0.9938971
0.99340974
0.9939477
0.9938557
0.9950899200000001
0.98422192
0.99346489
0.9917902
0.9939477
0.99340055
0.99309276
0.9939569
0.99328109
0.99148798
0.9909663999999999
0.99438033
0.99338217
0.8231849200000001
0.61849528
0.82838944
0.99234475
0.49345887
0.8285012999999999
0.99356601
0.9939063
0.99277598
0.85315786
0.9159783
0.9931249099999999
0.99336839
0.99257408
0.9948271599999999
0.99013027
0.99308358
0.9931111300000001
0.99315706
0.9931478699999999
0.98599787
0.99363497
0.98813477
0.90496572
0.99046821
0.99440335
0.6216211899999999
0.54895478
0.99225763
0.99336839
0.99602683
0.82849171
0.99451848
0.99323974
0.98913607
0.9916528
0.9942238
0.9941961899999999
0.99419158
0.97839258
0.99313869
0.828284
0.9931984
0.9927668
0.9954912400000001
0.99366716
0.98910874
0.98942774
0.99309735
1.04438418
0.9932259600000001
0.9943527
0.9922347
0.99288155
0.83052634
1.16728196
0.98933202
0.9782455
0.9939247
0.9936487700000001
0.9927071399999999
0.99297796
0.99093439
0.99403052
0.99267961
0.70792975
0.9922347
0.99072867
0.99104872
0.99033118
0.99340515
0.9923585
0.99463824
0.99295041
0.99400291
0.88341821
0.55193601
0.9892591000000001
0.9931708399999999
0.99303765
0.99259243
0.99368555
0.98942774
0.9939017
0.99368555
0.99249609
0.9911951000000001
0.99418238
0.9004275300000001
0.99359819
0.99335001
0.99374073
0.9927530299999999
0.9927254999999999
1.03585042
0.9943158699999999
0.99297796
0.9888445699999999
0.99277598
0.99331325
0.98619711
0.98838945
0.99339596
1.19360349
0.97970932
0.99240895
0.98534188
0.99179936
1.11933223
0.99410414
0.99206052
0.9931249099999999
0.99250985
0.99377292
0.99340515
0.9928723700000001
0.9928953199999999
0.99266125
0.99304225
0.98901307
0.99416397
0.82833192
0.99251903
0.99303306
0.82454718
0.99439875
0.9928586
0.99351085
0.9931938100000001
0.99369474
0.99328109
0.9936579600000001
0.9933729800000001
0.99155665
0.9854051800000001
0.99297796
0.98853505
0.9907698100000001
0.8632128400000001
0.9939109
0.99255573
1.03532106
0.99203761
0.82774445
0.99250985
0.9860024
0.992955
0.70790641
0.82696988
0.9934786800000001
0.98786204
0.99473039
0.9920926
0.9939247
0.99087495
0.99238602
0.9901622299999999
0.99329487
0.99595754
0.9938557
0.9939477
0.97820094
0.99477647
1.22102143
0.83069661
0.9940167099999999
0.82897783
0.99059157
0.99356142
0.99303765
0.994606
0.99401211
0.99349707
0.9950484199999999
0.9929687800000001
0.82314074
0.9928035199999999
0.9920971900000001
0.99241353
0.9843708
0.9932259600000001
0.99239519
0.9864507899999999
0.99271632
0.9918864000000001
0.99200095
0.99257408
0.99103957
0.99400291
0.99407193
0.9942928499999999
0.99200095
0.99126373
0.99282647
0.91363233
0.71031583
1.09556549
1.45992974
0.9924685700000001
0.9832935700000001
0.9899294500000001
0.9880074799999999
0.99305143
0.99318462
0.98744414
0.9884667899999999
0.99187724
0.99254655
0.9932627100000001
0.99337758
0.75187792
0.99370854
0.9939799100000001
0.9908155200000001
0.9885122900000001
0.99307898
0.9849758
0.9938832999999999
0.9931111300000001
0.2244331
0.83250966
0.98941406
0.99421
0.9932765
0.99308358
0.70413686
0.99436191
0.99398451
0.99344651
0.6133915
0.99498388
0.9931019499999999
0.99145594
0.62067436
0.9929687800000001
0.98974695
0.99229431
1.00637979
0.99168486
0.70774076
0.9939385000000001
1.0271159
0.99242271
0.9962855999999999
0.99195971
0.9869268099999999
0.9939661
1.28045151
0.99297796
0.99486864
0.99231723
0.9938465
0.98953716
0.90275543
0.99379131
1.10239302
0.9939753100000001
1.01053774
0.9951175800000001
0.9933546
0.99201928
0.82837666
0.99120425
0.96671663
0.98921808
1.17899029
0.9931203200000001
0.9945691499999999
0.99293664
0.9935200500000001
0.9929595999999999
0.99188182
0.9927071399999999
0.91181296
0.9930009200000001
0.98970134
0.99306061
0.9927668
0.99401211
0.9922713799999999
0.98901307
0.83057452
0.99195971
0.99373613
0.9946152100000001
0.9815363
0.9938879
0.91574394
0.98878538
0.82865475
0.9910258500000001
0.99292746
0.81787402
0.98611559
0.9926016099999999
0.82668018
0.6205990299999999
0.99410414
0.9930560199999999
0.9931249099999999
0.99260619
1.16818998
1.07446171
0.99304225
0.6195838
0.99378671
0.99332703
0.99354763
0.99303306
0.9936165800000001
0.99218886
0.21579193
1.13301553
0.9025922799999999
0.12716417
0.8275371199999999
0.99333163
0.99271632
0.99348328
0.80386745
0.8250540399999999
0.98898119
0.99373613
0.9935844
0.99292287
0.9932075899999999
0.9912225499999999
0.99324434
0.99185433
0.98999334
0.62165718
0.99461982
0.99416397
0.9971090100000001
0.99315247
0.99274385
0.9941731699999999
0.99339136
0.98951892
0.99017136
0.9939523
0.7117920200000001
0.98239842
0.7090095700000001
0.70759618
0.9935062600000001
0.98754404
0.9925282
0.99010288
0.9933040599999999
0.9912591500000001
0.9912225499999999
0.82832234
0.8209192299999999
0.99302847
0.99475804
0.9943895399999999
0.99621627
0.99336379
0.9319907000000001
0.81190001
0.9888036
0.99460139
0.9938648999999999
0.99217052
0.99260619
0.99115392
0.8296055099999999
0.98613823
0.9931708399999999
1.0826848
0.98881725
0.99298255
0.9942053900000001
0.99460139
0.9937821200000001
0.99322137
0.99259702
0.9933362200000001
1.1281467
0.99450466
0.99379131
0.9938051099999999
0.99231723
0.9928953199999999
0.99375912
0.99278975
0.99116765
0.99299633
0.9926429
0.9938511
0.9933408199999999
0.99329028
0.8770859900000001
0.99351545
0.9878211400000001
0.9900526700000001
0.9961608200000001
0.9945645399999999
0.99530207
0.99100298
0.9945323
0.70768013
0.9947810800000001
0.99282188
0.99354763
0.99045907
0.99346949
0.99415476
0.9944448
0.9908246599999999
0.99240895
0.99243188
0.99418698
0.7089651
0.99234933
0.99172608
0.9923905999999999
0.9907149599999999
0.99281729
0.99361199
0.9930009200000001
0.99120882
0.98444751
0.9934373200000001
0.99402592
0.99220261
0.94583637
0.9929917399999999
0.9072635099999999
0.9875758299999999
0.9943481
0.9922530399999999
0.9864326699999999
0.99347409
0.99626711
0.99321677
0.9854187400000001
0.82584408
0.9903585800000001
0.99351545
0.9866910099999999
0.83251934
0.72962014
1.11552956
0.80015338
0.70897914
0.9930009200000001
0.9922347
0.9936625600000001
0.9927484400000001
0.99331325
0.66782257
0.70109782
0.9936165800000001
1.00097588
0.99284942
0.99518676
0.8247910199999999
0.97830789
0.9627597
0.99030835
0.99180852
0.9936625600000001
0.62072819
0.99196429
0.9860295600000001
0.95597949
0.41462336
0.9925649
0.99472578
0.82757858
0.99007549
0.99724792
0.99352924
0.9934419099999999
0.9955143099999999
0.99415476
0.99108074
0.9931432800000001
1.07088257
0.8285971999999999
0.9927851599999999
0.99325812
0.9931938100000001
0.99267502
0.9922805499999999
0.99283565
0.99379591
0.96104489
0.99321218
0.99230348
0.96072244
0.9460238699999999
0.99446322
0.9927209100000001
0.71076487
0.41504808
0.9961099900000001
0.9925511400000001
0.99166654
0.9936763500000001
0.9938373
0.99309735
0.99313869
0.98729433
0.9923401599999999
0.99324893
0.99404892
0.97727946
0.99369015
0.9938419000000001
0.99261078
0.99324434
1.0320868
0.99501615
0.99253738
0.99364417
0.99009832
0.8266133600000001
0.99011201
0.99294123
0.49681059
1.1229670900000002
0.99371314
0.9930560199999999
0.9938648999999999
0.9933408199999999
0.99309735
0.9925878400000001
0.9900572400000001
0.99368555
0.99346949
0.82685843
0.9925878400000001
0.9957220200000001
0.9917169199999999
0.99316165
0.99293664
0.99543125
0.99140559
0.99330866
0.99322137
0.99324893
0.82737133
0.99378671
0.98759854
0.99301929
0.70912664
1.10607801
0.9952467199999999
0.99252362
0.9939063
0.99294123
0.9939109
0.99163907
0.9925144400000001
0.99210177
0.9923585
0.9934924700000001
0.9932856800000001
1.06167063
0.99260619
0.9926429
0.9917535599999999
0.99278975
0.99450006
0.9903905500000001
0.9736461300000001
0.99359819
0.9602584799999999
0.70790874
1.12940453
1.09233334
0.98746685
1.0677145799999999
0.99382351
0.99346949
0.9933729800000001
0.7063579799999999
0.99373613
0.9934373200000001
0.99273926
0.9938465
0.98532831
0.99261078
0.99242729
0.98468675
0.9941685699999999
0.99368095
0.99318921
0.9934786800000001
0.99296419
0.9931478699999999
0.9434304899999999
0.93800746
0.9833430900000001
0.99406733
0.9938695
0.9887170999999999
0.9934786800000001
0.9933592
0.9884122000000001
0.99415476
0.9915062899999999
0.9938557
0.9931019499999999
0.99245023
0.99271632
0.99239519
0.99279434
0.99430206
0.99364417
0.9930009200000001
0.99333163
0.99332703
0.7093772800000001
0.9934511100000001
0.9936165800000001
0.99440335
0.61859149
0.99689609
0.99631796
0.99294123
0.99185433
0.99286778
0.99340974
0.9934143400000001
0.99156581
0.97564998
0.99280811
0.9936717500000001
0.99459218
0.9787270100000001
0.99357521
0.99279893
0.99342353
0.48390835000000004
0.9934281300000001
0.99334541
0.98616541
0.98211537
0.99340974
0.9916802800000001
0.99218886
0.99404432
0.9934419099999999
0.9937177300000001
0.9950299800000001
0.99281729
0.69720552
0.9928448299999999
0.9911219
0.99372693
0.99428365
0.9946106
0.99477647
0.99283565
0.99251903
0.9929595999999999
0.99316165
0.99122712
0.99274385
0.82747653
0.9095614399999999
0.9939201
0.99375912
0.99230348
0.99297337
0.99027181
0.99342353
0.9992990399999999
0.99304225
0.9924594
0.99331784
0.9935936
0.71029469
0.61947835
0.9938971
0.99406733
0.99217052
0.99241812
0.99227597
0.99254655
0.99340055
0.99254655
0.9926429
0.99202844
0.99322137
0.99215677
0.9910258500000001
0.89637592
0.9863692399999999
0.99240895
0.98880815
0.99279434
0.99356601
0.99382811
0.98965116
0.99462442
0.9933729800000001
0.99324434
0.99518215
0.9930698
0.99286319
0.99914561
0.82661654
0.82381333
0.70764981
0.9846461200000001
0.9927254999999999
0.99435731
0.98541422
0.9915200299999999
0.99255573
0.99139644
0.9943342900000001
0.9878347700000001
0.99446322
0.9935062600000001
0.9946428500000001
0.9929687800000001
0.99046364
0.992955
0.99325352
0.9877484400000001
0.98926365
0.9853599599999999
1.2747660600000001
0.98820752
0.9929136900000001
0.99254197
0.9922438699999999
0.9936763500000001
0.9933362200000001
0.9921476
0.9704474000000001
0.99348787
0.9938373
0.99442638
0.99301469
0.9877393600000001
0.9920330199999999
0.99243188
0.98765305
0.9842129
0.99334541
0.9939753100000001
0.9946520700000001
0.81949073
0.99403972
0.99228972
0.99299633
0.99306061
1.1291194900000001
0.99336379
0.99198262
0.99286319
0.99335001
0.62061697
0.99348328
1.3348025000000001
0.99408113
0.99289991
0.99247775
0.99010288
0.9933729800000001
0.99256949
0.9933362200000001
0.9931019499999999
0.9930009200000001
0.99379591
0.9927805700000001
0.99407193
1.22253677
0.98760308
0.99249151
0.99229889
0.9939201
0.99340515
0.91577518
0.9913506700000001
0.9923722600000001
0.99277598
0.9929182799999999
0.99612385
0.993589
0.99316625
0.9933729800000001
0.9915978599999999
0.99337758
0.99268878
0.99338217
0.9920330199999999
0.99196429
0.99355682
0.99331784
0.99329487
0.82679795
0.9935936
0.9939615
0.8276040899999999
0.99457836
0.55099851
0.9833566
0.9930560199999999
0.9922805499999999
0.99282188
0.9937499200000001
0.70901191
0.9929687800000001
0.9931984
0.9941501599999999
0.9923814299999999
0.9944954500000001
0.9942284100000001
0.9895554
0.99375452
0.99288614
0.99298714
0.9939707099999999
0.99355222
0.99298255
0.99346489
0.99315706
0.9935936
0.99374073
0.9138500500000001
0.99283106
0.9938557
0.992955
0.9890221800000001
0.9943711199999999
0.99180394
0.99185433
0.9917306600000001
0.99257867
0.96567332
0.7929443700000001
0.99284024
0.99263372
0.99267961
0.99413175
0.9931432800000001
0.9920650999999999
0.75716132
0.99301469
0.93713966
0.98598429
0.99236309
0.99184975
0.99261537
0.9940581199999999
0.95102616
0.9933592
0.98939583
0.9934786800000001
0.98597977
0.99303306
0.9927530299999999
0.99372233
0.99279893
0.99399371
0.99361199
0.9931203200000001
0.99468892
0.98684971
0.9863964199999999
0.9923401599999999
0.99318003
0.9939109
0.99250068
0.9928769599999999
0.9927071399999999
0.9945230899999999
0.99442638
0.99495161
0.9925052700000001
0.9917031799999999
0.99183143
0.9924364699999999
0.9931938100000001
0.99341894
0.99454612
0.9929182799999999
0.99306521
0.9944309800000001
0.99229431
0.9923218199999999
0.99410874
0.9931203200000001
0.99268878
0.99072867
0.99400751
0.98873075
0.9926429
0.99265208
0.99203761
0.8257329400000001
0.99403052
0.9927851599999999
0.99020332
0.99355222
0.9871037300000001
0.9929136900000001
0.99302388
0.9917215
0.99308817
0.99332703
0.99189098
0.99279893
0.9930009200000001
0.99298714
0.9921063499999999
0.9937177300000001
0.99297796
0.99377752
0.9928127000000001
0.99248233
0.99196429
0.9899979000000001
0.99228514
0.9938143100000001
0.99344651
0.99288614
0.9968266800000001
0.99376372
0.82468333
0.9657514899999999
1.17082678
0.99344651
0.99426063
0.99432048
0.55256657
0.99412255
0.9931984
0.99264749
0.99162533
0.99324434
0.9933546
0.9930101
0.9917215
0.99334541
0.99213385
0.9933867700000001
0.9919505399999999
0.9933362200000001
0.71005044
0.9123630500000001
0.99104415
0.9933867700000001
0.98677262
0.98901307
0.99325352
0.9929136900000001
0.98918163
0.9932856800000001
0.61852022
0.99217052
0.9945415099999999
0.9939293
0.9877484400000001
0.98656409
1.1120980900000002
0.99448624
0.99114935
0.99348787
0.9938051099999999
0.3820248
0.99414096
0.99229889
0.9945875700000001
0.82643522
0.99001159
0.99574049
0.99432968
0.99086581
1.0016762300000002
0.99140559
0.99266125
0.9922713799999999
0.99427444
0.99357061
0.99696088
0.99273926
0.99518215
0.99257867
0.98479061
1.24983771
0.99243188
0.99311572
0.99323056
0.99041339
0.9938005099999999
0.99341894
0.9927346699999999
0.9927530299999999
0.99262455
0.9924594
0.99372233
0.9892044099999999
0.9833070700000001
0.99368095
0.9945276900000001
0.9915383400000001
0.99360739
0.99277139
0.9849487
0.99323974
0.99426523
0.99470274
0.9929595999999999
0.9901850600000001
1.04971387
0.82878907
0.9933729800000001
0.99086124
0.99683593
0.98839855
0.99168486
0.99265666
0.9931341
0.99297337
0.9924594
0.9931984
0.9934143400000001
0.81297578
0.9935016600000001
0.99355682
0.38190047
0.99446322
0.83051028
0.9932075899999999
0.98705836
0.99404432
0.4967968
0.99323974
0.9936165800000001
1.11916306
1.10517294
0.9939431000000001
0.9946152100000001
0.96303602
0.89000479
0.99236767
0.99154292
0.9927851599999999
0.9867680799999999
0.9946566699999999
1.07353249
0.82636525
0.99307439
0.99116307
0.9877121
0.9914696700000001
0.85644126
0.98977432
0.99339136
1.04112847
0.99359819
0.99356142
0.99357981
0.9912225499999999
0.9942007900000001
1.08140901
0.99321677
0.99338217
0.9937499200000001
0.98872165
0.9926658399999999
0.99376372
0.9917535599999999
0.98921353
0.99425603
0.9902900800000001
0.99282647
0.98592544
0.99268878
0.98486739
0.8339062199999999
0.99373613
1.1224799
0.99103042
0.23583845
0.99486403
0.82656245
0.9993967
0.99273926
0.98463258
0.99337758
0.9914788299999999
0.99234475
0.99336379
0.99308817
0.99253279
0.99348328
0.9927071399999999
0.99423761
0.99354303
0.99061898
0.9925511400000001
0.99372693
0.99352924
0.98870344
0.99433889
0.9935016600000001
0.99200553
0.9856675
0.99329028
0.99258325
0.9939247
0.98956908
0.99263372
0.99348328
0.99263372
0.99316625
0.9905778599999999
0.99258325
0.98592092
0.99223012
0.98535544
0.9948594199999999
0.9806577900000001
0.89848737
0.98420388
0.99349707
0.98462355
0.99281729
0.9949285600000001
0.99323056
0.9914101700000001
0.99369474
0.99298255
0.99440335
0.99257408
0.9956758600000001
0.98802566
0.82721835
0.9852650199999999
0.99288155
0.99363957
0.9931203200000001
0.9793652899999999
0.9931708399999999
0.9925282
0.9922255400000001
0.99337758
0.99125
0.99288614
0.98511587
0.82650837
0.99437573
0.82846294
0.9917581400000001
0.96598608
0.9933546
0.99348787
0.9913049100000001
0.8631469199999999
1.09905301
0.45503319
0.9868179600000001
0.9898655700000001
0.99304225
0.9945599300000001
0.83613031
0.88572463
1.01087072
0.9881938800000001
0.9956066199999999
0.99302388
0.99357521
0.994606
0.99144678
0.8277285000000001
0.9858575500000001
0.70902362
0.9935016600000001
0.9956666300000001
0.99022158
0.99381891
0.9928035199999999
0.99575896
0.9919505399999999
1.12287314
0.62056675
0.99103957
0.9934143400000001
0.9932627100000001
0.98666381
0.99541279
0.9884531400000001
0.9943158699999999
0.99213844
0.99274385
0.99331784
0.99408113
0.9887899400000001
0.99267961
0.99308817
0.99535281
0.99133694
0.9958420800000001
0.9845287500000001
0.9933040599999999
0.9938603
0.99253738
0.99257408
0.98799384
0.99403972
0.99330866
0.38184819
0.99378671
0.71167644
1.15814138
0.99328109
0.9928035199999999
0.98859421
0.9835863
0.91579471
0.82498114
0.99279893
0.99238602
0.9892773300000001
0.9923814299999999
0.99185433
0.99241812
0.99375452
0.70927419
0.9928127000000001
0.9938051099999999
0.9913918599999999
0.99355222
0.98634205
0.9932627100000001
0.98965116
0.9930698
0.9935062600000001
0.99304225
0.99361199
0.9668559000000001
0.9920467700000001
0.62070845
0.9945691499999999
1.21748408
0.99520982
1.21406326
0.9926933699999999
0.9919505399999999
0.9930101
0.9916024400000001
0.45072497
0.7075378999999999
0.82871871
0.99294123
0.97362848
0.99364417
0.99297337
0.99339136
0.98802566
0.99230806
0.99029921
0.99439414
0.99144678
0.99301929
0.9938511
0.9938143100000001
0.99371314
0.99148798
0.99263372
0.98863972
0.99331784
0.9888582300000001
0.99297337
0.99492395
0.99502537
0.98534188
0.99444019
0.99317543
0.99293664
0.90125511
0.99254197
0.96307489
0.991035
0.9931938100000001
0.86297349
0.9939431000000001
0.99429746
0.99348787
0.99302388
0.98379808
0.99265666
0.99256032
0.71200442
0.9877393600000001
0.99267043
0.9938741
0.9934556999999999
0.99125
0.9931203200000001
0.99285401
0.9929045000000001
0.9907195299999999
0.99286778
0.99368555
0.99300551
0.9906738199999999
0.9858485
0.9916024400000001
0.99369474
0.8268425100000001
0.99592983
0.98657315
0.99271632
0.99436191
0.99281729
0.9932994700000001
0.9923905999999999
0.99430666
0.8247815199999999
0.9908246599999999
0.9933592
0.99255573
0.9931478699999999
0.9918131
0.99298255
0.99228514
0.99288614
0.99635031
0.99265208
0.9949931
0.98482223
0.90289207
0.9944079600000001
0.9933040599999999
0.99335001
0.99342353
0.9972896
0.9953066800000001
0.9947073500000001
0.9865323600000001
0.99341894
0.99293664
0.9939201
0.99249609
0.99373153
0.99400291
0.9934924700000001
0.9955835399999999
0.9943342900000001
0.82794231
0.99363038
0.70761483
0.9964011700000001
0.9866592799999999
0.9943158699999999
0.99193221
0.99008462
0.9956066199999999
0.99285401
0.99344651
0.98762125
0.9390698199999999
0.99061442
0.99607765
0.99325352
0.99244105
0.99403972
0.99186807
0.9926933699999999
0.99084752
0.99374073
0.99304225
0.99302847
0.99346949
0.9938925000000001
0.98829848
0.99421
0.99454612
0.99348328
0.99087038
0.9944079600000001
0.99435731
0.98912696
0.99406273
0.70891127
0.99310654
0.9945323
0.99415937
0.99239978
0.9941501599999999
0.99398451
0.9926842
0.9914239
0.99365336
0.99256032
0.9938557
0.99233558
0.9931295
0.71302569
0.99400751
0.9936487700000001
0.99265208
0.99408573
0.9964289100000001
0.99535281
0.9934556999999999
0.99249151
0.99418698
0.99219803
0.9906509699999999
0.99507608
0.99237685
0.99353384
0.99268878
0.7090727800000001
1.19974505
0.9887170999999999
0.9914376300000001
0.9906738199999999
0.91604472
0.9185641800000001
1.00729085
0.99279893
0.9949055099999999
0.99321218
0.99307898
0.99374533
0.9933546
0.99294123
0.9958282199999999
0.9927622100000001
1.24606661
0.82758177
0.99331325
0.9934924700000001
0.99233558
1.2094138700000001
0.99199636
0.99288614
0.9922668
0.99468892
0.99313869
0.99292287
0.99322137
0.9931111300000001
0.9927805700000001
0.9931111300000001
0.99306521
0.99201928
0.9927071399999999
0.9931295
0.99315706
0.99332703
0.99351085
0.9755569
0.99342353
0.5526078
0.9934511100000001
0.99083838
0.82867713
0.8250413600000001
0.71035578
0.9886761300000001
1.08920859
0.97333281
0.9928769599999999
0.81942819
0.99301469
0.99357981
0.99140559
0.99252362
0.8811056899999999
0.9930560199999999
0.99267043
0.99304225
0.99708586
0.99161159
0.99284942
0.99485481
0.83033045
0.99368555
0.9941363599999999
0.9087839099999999
0.94750147
0.99332244
0.99337758
0.9933408199999999
0.99031748
0.98699031
0.99410414
0.99520982
0.9931203200000001
0.99297337
0.99346489
0.99352464
0.9927346699999999
0.82849171
0.99281729
0.9945645399999999
0.98954628
0.9930560199999999
0.9929045000000001
0.8283702700000001
0.99334541
0.99410874
0.99372693
0.98571727
0.9966370000000001
0.8414904599999999
0.99338217
0.9896557300000001
0.83017638
0.49582984
0.98645986
0.98849864
0.9917306600000001
0.98401897
0.9938879
0.9941363599999999
0.54119915
0.70998001
0.58549639
0.99523749
0.24577838
0.99627636
0.99404432
0.99302388
0.9939477
0.99271173
0.99247775
0.99322137
0.9939247
0.99730813
0.99273926
0.99355222
0.99315247
0.9946428500000001
0.99280811
0.9927209100000001
0.99325352
0.99022158
0.99403512
0.9925649
0.9950714700000001
0.99332244
0.95092509
0.99296419
0.99328109
0.8280764
0.70655552
0.99271173
0.99438493
0.99132321
0.99261996
0.99300551
0.99162991
0.99280811
0.98827119
0.45224749000000003
0.99518215
0.68184691
0.9587665400000001
0.8268234099999999
0.9944816400000001
0.45064647
0.5501713
0.49809427
0.49728342
0.9938051099999999
0.99245481
0.99240895
0.99325812
0.99344651
0.99620241
0.99301929
0.95571146
0.99241812
0.99222095
0.9862424
1.10906556
0.99428825
0.98589829
0.99274385
0.99320299
0.99400751
0.99439875
0.9949931
0.99284942
0.99346489
0.99409494
0.99362578
0.93424909
0.99289991
0.99332244
0.99231723
0.99284024
0.99355222
0.9941363599999999
0.9937177300000001
0.9921521900000001
0.99281729
0.99295041
0.9933408199999999
0.9966370000000001
0.9923905999999999
0.99313869
0.99369015
0.992955
0.98491708
0.98709919
0.9939799100000001
0.9938741
0.99316165
0.99218428
0.99439414
0.99338217
0.99363497
0.9942192
0.9931111300000001
0.9937683199999999
0.9923905999999999
0.99354303
0.9841858299999999
0.9880893000000001
0.98331608
0.91614633
1.03536099
0.98908596
0.8629665599999999
0.99346949
0.99307439
0.7092039200000001
1.50694262
0.99306061
0.8270622400000001
0.98541422
0.99203761
1.1088822999999999
0.9943434999999999
0.99316625
0.98868068
0.9785753699999999
0.70498984
0.85117626
0.99377292
0.99375452
0.99363957
0.9941685699999999
0.992955
0.99308817
0.98767122
0.99249609
0.99339596
0.99282188
0.9880983999999999
0.98921353
0.93870039
0.98974695
0.9946935299999999
0.99348787
0.99233558
0.99336839
0.9939753100000001
1.321
0.98853505
0.99329028
0.99330866
0.9936579600000001
0.99318921
0.9950899200000001
0.9929595999999999
0.99470274
0.98945509
0.99363957
0.99144678
0.99336379
0.9920788500000001
0.99377292
0.98663661
0.9935844
0.9938465
0.99294123
0.99374073
0.9939155
0.99362118
0.9730902399999999
0.98083247
0.9933729800000001
0.99254655
0.99398451
0.9936625600000001
0.9926658399999999
0.98752134
0.98960556
0.99430206
0.98758037
1.1688957899999999
0.9926842
0.99280811
0.9942238
0.9945553300000001
0.9885577999999999
0.9940167099999999
0.9927805700000001
0.98656409
0.99501154
1.05073596
1.04324263
0.99331784
0.64547343
0.9939523
0.9931478699999999
0.9920421899999999
0.49744815000000003
0.9915886999999999
0.9933362200000001
1.01022874
0.99495161
0.99331325
0.49627671999999995
0.99347409
0.99119967
0.9935016600000001
0.98331608
0.96288489
0.98735788
0.54071676
0.99373153
0.9939431000000001
0.9929045000000001
0.99255573
0.99372693
0.9934327199999999
0.99313869
0.9906326900000001
0.97054828
0.9922805499999999
0.99296419
0.99019419
0.99346949
0.99253279
0.99353843
0.9930698
0.98385217
0.9924594
0.99241353
0.9952928400000001
0.99240436
0.99513142
0.9940903400000001
0.93887686
0.9938557
0.98364487
0.99297337
0.99325352
0.9938741
0.621587
0.99379591
0.9932075899999999
0.99161159
0.9954358600000001
0.99336379
0.9962855999999999
0.9931938100000001
0.99258325
0.99359819
0.9934281300000001
0.98896297
0.70439785
0.9931478699999999
0.99283106
0.99309276
0.99604993
0.99359819
0.99279434
0.99285401
0.9914147400000001
0.99288155
0.9931203200000001
0.9631742400000001
0.9890814
0.99280811
1.12549784
0.99335001
0.9930009200000001
0.99123627
0.9938511
0.9936027900000001
0.82805724
0.99369015
0.45121363999999997
0.98688599
0.99239978
0.99488247
0.99261537
0.9938832999999999
0.99934089
0.98513395
0.82851408
0.97942782
0.99303765
0.9908155200000001
0.9940213099999999
0.9933546
0.98983363
0.9938787000000001
0.99428825
0.99323056
0.99355222
0.99362118
0.99275762
0.82804766
0.9893456899999999
0.99351545
0.9932765
0.9927851599999999
0.9953804900000001
0.99247775
0.9933040599999999
0.71041922
0.9926429
0.9855725099999999
0.99288614
0.9933408199999999
0.9866003499999999
0.98903585
0.98908596
0.9946428500000001
0.9909846899999999
0.9856494100000001
0.99201011
0.99293664
0.9906738199999999
0.9939615
0.9931341
0.9929090899999999
0.9904042599999999
0.9927346699999999
0.99192305
0.99428365
0.99325812
0.98834851
0.99354763
0.99379131
0.9939753100000001
0.99250068
0.98936848
0.62172017
0.99007093
0.99210177
0.99201469
0.9138150500000001
0.9942007900000001
0.82482904
0.9926658399999999
0.99284942
0.9938603
0.98613823
0.99238602
0.98064435
0.9968729500000001
1.17229682
1.01843084
0.7077291
0.61959631
0.9937821200000001
0.9939569
0.9925878400000001
0.9942468200000001
0.82726933
0.9939017
0.99306061
0.9932765
0.99501615
0.6535609499999999
0.9936763500000001
0.9911447699999999
0.99378671
0.99298714
0.99375912
0.993589
0.99433889
0.82768065
0.98340163
0.99308358
0.9182224800000001
0.82672156
0.99092067
0.91820285
0.99311572
0.9949009
0.99236767
0.99363038
0.99432968
0.9925649
0.62042153
0.99417778
0.9944079600000001
0.9945092699999999
0.9908109500000001
0.61879469
0.99484099
0.82833192
0.99426523
0.99364417
0.99304225
0.99298255
0.99125
0.9740303400000001
0.99486403
0.9935062600000001
0.99369015
0.9936027900000001
0.99403972
0.98482223
1.01593031
0.98948701
0.9910258500000001
0.99324434
0.99242729
0.9934143400000001
0.8300801099999999
0.99637343
0.99316165
0.82728846
0.9931341
0.81224087
0.5519104699999999
0.82689346
1.01002443
0.98521982
0.9943527
0.99266125
0.99414096
0.99480412
0.9874169
0.99509914
0.99402592
0.9944309800000001
0.45121079999999997
0.33111616
0.99303306
0.7093632200000001
0.99310654
0.96826399
0.9939477
0.9932994700000001
0.99253738
0.9878893
0.99459218
0.99302847
0.99240436
0.9927484400000001
0.99487786
0.9921063499999999
0.9931203200000001
0.9937039400000001
0.9936027900000001
0.82772531
0.99301929
0.99052303
0.99132779
0.9852605
0.99321677
0.99322137
0.9925649
0.99018962
0.99354763
0.82687117
0.55020231
0.975681
0.99061442
0.9938741
0.99170776
0.9929045000000001
0.9927668
0.9933546
0.98473642
0.91331759
0.9941731699999999
0.99351085
0.9909069599999999
0.99002529
0.9905001900000001
0.99349707
0.9936717500000001
0.9934281300000001
0.99411795
0.9953297499999999
0.9932765
1.00478823
0.9934511100000001
0.18380261999999997
0.98990207
0.9880983999999999
0.98678622
0.98612465
0.9919872
0.49808041000000003
0.8249748
0.9899385700000001
0.98873075
0.99229889
0.99282188
0.9925649
0.98613371
1.09250005
0.9938419000000001
0.70741903
0.8286291699999999
0.82802531
0.99264749
0.5619448899999999
0.9917902
0.9921201000000001
0.99644278
0.98951892
0.99340515
1.06461805
1.1104247
0.99294123
0.6204018099999999
0.99315706
0.98744868
0.97583618
0.9904956199999999
0.99433889
0.34684888
0.99282188
0.99243188
0.99324434
0.99356142
0.99369015
0.99357981
0.9917169199999999
0.99399831
0.99309735
0.82665791
0.8284309799999999
0.9929595999999999
0.6206367
0.98993401
0.99236309
0.99607303
0.99273009
0.70908917
0.9093034
0.41360518999999996
0.99229431
0.9928448299999999
1.2801996199999999
0.9931938100000001
0.97559679
0.9919872
0.9943342900000001
1.04090643
0.9929045000000001
0.99286778
0.99281729
0.99249609
0.9914788299999999
0.99196887
0.99415937
0.9881393199999999
0.994735
0.9931019499999999
0.99282188
0.9945645399999999
0.99308358
0.99116765
0.99229431
0.9946797100000001
0.98508876
0.9934786800000001
0.70888787
0.82634299
0.99323974
0.9939338999999999
0.9945599300000001
0.99325352
0.9931984
0.9926429
0.9930101
0.99354303
0.96070954
0.9938051099999999
0.9931249099999999
0.9632390399999999
0.99157039
0.99246399
0.9931111300000001
0.98320803
0.9967526499999999
0.9918451699999999
0.99622552
0.35512796
0.95170473
1.03801842
0.98696309
0.7075798600000001
0.99224846
0.9891907500000001
0.8274095800000001
0.99257867
0.9942284100000001
0.99261537
0.9927484400000001
0.99363497
0.99408113
0.99354303
0.83146209
0.91357403
0.8072912999999999
0.99371314
0.9895326
0.99336379
0.99262913
0.9941685699999999
0.99325812
1.129072
0.9931708399999999
0.98529667
0.823207
0.99375452
0.99283565
0.9926429
0.9885487000000001
0.99244105
0.9921934400000001
0.9899659599999999
0.9939753100000001
0.99303306
0.99347409
0.99357521
0.9954912400000001
0.82861958
0.7078340799999999
0.99342353
0.99064183
0.99383271
0.99347409
0.99111733
0.9920788500000001
0.9952144300000001
0.98501647
0.99309735
0.9931432800000001
0.9923218199999999
0.49677726
0.99261996
0.99316625
1.1979514199999999
0.9939109
0.97811183
0.99318003
0.99332244
0.99271173
0.9933040599999999
0.9942284100000001
0.99237685
0.9921521900000001
0.82747334
0.99267502
0.99228972
0.99234933
1.01305
0.9931432800000001
0.99260619
0.99341894
0.9941685699999999
0.98492159
0.98562679
0.99298255
0.9934924700000001
0.9934786800000001
0.99510836
0.9935016600000001
0.99373153
0.99488247
0.99432048
0.98351873
0.99423761
0.98510232
0.99369474
0.90957685
0.9946843099999999
0.99526055
0.9928953199999999
0.9938925000000001
0.99294123
1.32742626
0.98859421
0.8293812300000001
0.99684056
0.9927025500000001
0.8266833699999999
0.43245472
0.99362118
0.9936717500000001
0.99328109
0.9941501599999999
0.70737009
0.9930698
0.9921934400000001
0.99258325
0.82828081
0.99255573
0.9904042599999999
0.82681386
0.99403052
0.99267502
0.9925878400000001
0.99337758
0.9939477
0.99289991
0.99473039
0.98908596
0.9931019499999999
0.99346489
0.9940213099999999
0.99262455
0.97821431
0.99383271
0.99332703
0.9939293
0.9945276900000001
0.9914513599999999
0.99157039
0.99334541
0.99306521
0.99061898
0.99138271
0.98798475
0.9927668
0.99254197
0.9698163099999999
0.55069473
0.99678966
0.9868179600000001
0.5527728
0.9900891900000001
0.99437573
0.99363038
0.90664682
0.99970842
0.9929687800000001
0.99426063
0.9944908499999999
0.99200553
0.29269313
0.9857987199999999
0.9919368
0.98894931
0.99442638
0.9938787000000001
0.99256032
0.9940581199999999
0.9935844
0.99429746
0.9934786800000001
0.99133694
0.9931019499999999
1.22898753
1.13197635
0.99170776
0.99338217
0.99306521
0.9933592
0.99313869
0.99036772
0.9931019499999999
0.9932856800000001
0.9946152100000001
0.99269796
0.99310654
0.99283106
0.9929595999999999
0.9913186399999999
0.9937683199999999
0.98356828
0.99354763
0.99309276
0.99442177
0.9893046699999999
0.9935062600000001
0.9935844
0.98960556
0.98898119
0.99310654
0.9925144400000001
0.6766861
0.9879256599999999
0.9956343099999999
0.99259702
0.9882257099999999
0.99282647
0.99163449
0.97094321
0.9929136900000001
0.9934143400000001
0.9890312900000001
0.9943112700000001
0.99212469
0.9940903400000001
0.99157039
1.45480659
0.99428365
0.99451388
0.9940167099999999
0.99457836
0.99268878
0.9950714700000001
0.99372233
0.99154292
0.9945369
0.99241812
0.99188182
0.99401211
0.9918131
0.99051389
0.99504381
0.9942238
0.99298714
0.99383271
0.99238602
0.99048648
0.99280811
0.99543125
0.8252474399999999
0.9928586
0.9946566699999999
0.9926429
0.99398451
0.9941685699999999
0.99331325
0.99253738
0.9938465
0.98389274
0.99356142
0.9912317
0.99203761
0.99269796
0.9931708399999999
0.99328109
0.98554085
0.98909962
0.9913049100000001
0.9938511
0.99351545
0.99119967
0.99346489
0.9652045699999999
0.9920880200000001
0.9950484199999999
0.99307439
0.99201469
0.99368555
0.9937177300000001
0.99339136
0.99281729
0.99320299
0.99083838
0.99483177
0.82471817
0.99130033
0.8710099099999999
0.99346489
0.99329028
0.99329028
0.99342353
0.9936717500000001
0.8224125499999999
0.98122237
0.98565393
0.99329487
0.9926383099999999
0.99348328
0.99295041
0.99404892
0.99344651
0.9938925000000001
0.99321677
0.99277139
0.9922713799999999
0.99462903
0.99372233
0.99355682
0.9927668
0.9963965399999999
0.99323515
0.99293664
0.99278975
0.99116307
0.99340515
0.99322137
0.9934327199999999
0.99355222
0.99141932
0.99369934
0.9936487700000001
0.99381891
0.9935936
0.9936165800000001
0.99355682
0.99104872
0.70916176
0.99293664
0.98443397
0.9934556999999999
0.99227597
0.99289991
0.9903905500000001
0.99304225
0.99337758
0.79517877
0.99241812
0.97301969
0.99339596
0.98894931
0.9931019499999999
0.9888309099999999
0.9929595999999999
0.9927805700000001
0.9867998299999999
0.9893046699999999
0.9933546
0.98892199
0.99211552
0.98349621
0.98426252
0.99352464
0.9741628900000001
0.99304225
0.9933867700000001
0.9927254999999999
0.9885851
0.99045907
1.03204216
0.97845499
0.99129118
0.99442177
0.99297337
0.99292746
0.98938671
0.9930560199999999
0.82661018
1.00428544
0.99303306
0.9963318200000001
0.99100756
0.99213844
0.8289138300000001
0.99018962
0.9899248799999999
0.8510919199999999
0.99258325
0.9934143400000001
0.9933362200000001
0.99497005
0.99400291
0.8183384100000001
0.99332244
0.82436043
0.99246399
0.99022158
0.9933040599999999
0.9911951000000001
0.99145594
0.98888555
0.9938603
0.9832665500000001
0.49609787
0.98480416
0.9916894399999999
0.9929090899999999
0.99382351
0.99304225
0.99439875
0.9940167099999999
0.99403512
0.9939109
0.9932075899999999
0.99438033
0.98558608
0.99533436
0.6216014
0.98354126
0.99376372
0.99293664
0.99200095
0.38194870000000003
0.98445654
0.9865233000000001
0.98076976
0.99448624
0.99257408
0.99412255
0.99294123
0.99213385
0.9939109
0.9925282
0.45120131999999996
0.99301469
1.0026115500000001
0.9937683199999999
0.9931432800000001
0.99242271
0.99356601
0.99342353
0.99027181
0.9931984
0.9932673099999999
0.99451848
0.98878083
0.8259647800000001
0.9934327199999999
0.99261996
0.98935025
0.99459678
0.99306061
0.99400291
0.99310654
0.99223012
0.9932627100000001
0.8194969799999999
0.9945599300000001
0.8271546200000001
0.9897378299999999
0.99340515
0.99438033
0.99373153
0.9686483200000001
0.9942468200000001
0.9941271500000001
0.99371314
0.99298255
0.9931938100000001
0.9934603
0.9926016099999999
0.99430206
0.9932994700000001
0.99254197
0.9906281199999999
0.9931432800000001
0.99297796
0.9954635500000001
0.9935016600000001
0.99242271
0.9877393600000001
0.99293205
0.99375452
0.9942192
0.9936027900000001
0.9940535199999999
0.99445401
0.9938603
0.99230348
0.99228514
0.99279893
0.99308358
0.9956481599999999
0.98328906
0.99230348
0.99362578
0.9939017
0.9867816899999999
0.9927668
0.9927071399999999
0.99302388
0.7096351300000001
0.99157954
0.9926429
0.9895554
0.9926429
0.9908109500000001
0.99192305
0.9934511100000001
0.99317543
0.9937039400000001
0.99212469
0.49610474000000004
0.99190931
0.99540818
0.99496544
0.99228514
0.8239429300000001
1.4323910599999998
0.98938671
0.9937039400000001
0.99373153
0.9948502
0.9900618
0.9922805499999999
0.99295041
0.9928723700000001
0.9940213099999999
0.9941731699999999
0.99313869
0.82656882
0.99351545
0.83040751
0.99271632
1.01283499
0.99285401
0.99369934
0.99259702
0.99178562
0.98891288
0.99369015
0.99246399
0.8267279200000001
0.99181768
0.9532763
0.9926429
0.99339596
0.99200553
0.99330866
0.96840808
0.9966277499999999
0.9934603
0.993589
0.99408113
0.9922668
0.9940535199999999
0.9927530299999999
0.91145692
0.98480868
0.97060969
0.7076241600000001
0.9928127000000001
0.99182684
0.82861319
0.99297796
0.95854828
0.98192676
0.9937177300000001
0.9919872
0.99426063
0.99315247
0.99259702
0.9927530299999999
0.99415937
0.99404892
0.9931478699999999
0.5529877400000001
0.99284942
0.99284942
0.99236309
1.12250337
0.99442177
0.9907149599999999
0.98346919
0.99329028
0.99399371
0.9873124900000001
0.61558058
0.99885283
0.82866434
0.82861638
0.99248233
0.9935844
0.9860793700000001
0.99113563
0.99336379
0.99261537
0.99301929
0.99280811
0.9833250800000001
0.99206052
0.99353843
0.9899294500000001
0.99273009
0.99254197
0.99377752
0.99261996
0.99417778
0.99362118
0.99362118
0.70818889
0.9896465999999999
0.99189098
0.99145594
0.98931834
0.98433921
0.99145594
0.99339136
0.99275762
1.28084865
0.9930009200000001
0.9925282
0.9845287500000001
0.9925282
0.99356142
0.98411818
0.99369934
0.99366716
0.99248233
0.82701128
0.9935016600000001
0.99377752
0.99441717
0.9931111300000001
0.9932719
0.99301929
0.99427904
0.98839855
1.1258105600000001
0.989291
0.9889766400000001
0.9758494799999999
0.99283565
0.99240895
0.9938511
0.9933546
0.9930698
0.99217969
0.99284942
0.99240895
0.9933592
0.99315706
0.9897925700000001
0.99238602
0.8088146
0.9939477
0.9923722600000001
0.9935844
0.9970719699999999
1.0095496099999999
0.9941133499999999
0.9943711199999999
0.9920650999999999
0.49680368999999996
0.99186807
0.99137355
0.9942146
0.99236309
0.9923814299999999
0.99288614
0.9924685700000001
0.99360739
0.9939338999999999
0.99267043
0.99320299
0.99351085
0.99575434
0.99419158
0.9931203200000001
0.99417778
0.99230348
0.9929136900000001
0.99247316
0.99224846
0.9735402000000001
0.8270240200000001
0.99352464
0.99255573
0.41414679
1.10264207
1.04688401
0.9926658399999999
0.99135982
0.99381891
0.59934683
0.70914069
1.03826935
0.9917031799999999
0.99292287
0.9730373299999999
0.98704475
0.99370854
0.9928953199999999
1.1090312
0.9941685699999999
0.9935936
0.99237685
0.98514751
0.99309276
0.9931249099999999
0.9925878400000001
0.45072403
0.61974294
0.98688145
0.9934281300000001
0.9934924700000001
0.93428567
0.99195971
0.5518892000000001
0.9934281300000001
0.70650903
0.99338217
0.99051389
0.99347409
0.9933362200000001
0.90729034
0.9935936
0.9933408199999999
0.9939799100000001
0.98801202
0.99315247
0.99323974
0.9898473099999999
0.9963549399999999
0.9938005099999999
0.9938741
0.99300551
0.99259243
0.70904703
0.96573412
0.99318003
0.9938832999999999
0.9938051099999999
0.99087952
0.99324893
0.9814959299999999
0.9939201
0.99472578
0.9931478699999999
0.99289073
0.99186807
0.9939109
0.9924364699999999
0.9942007900000001
0.8284597499999999
0.9949009
0.9759027
0.9945230899999999
0.99296419
0.9159353299999999
0.9945276900000001
1.06972501
0.9877893400000001
0.98674995
0.9936625600000001
0.99509914
0.91802622
0.92266074
0.99217969
0.83023736
1.11897645
0.8397169200000001
0.9934924700000001
0.9931478699999999
0.99215677
0.9891953
0.99400291
0.99454612
0.99267043
0.99279893
0.98999334
0.9944309800000001
0.9907241
0.9877348100000001
0.99336839
0.98104755
0.99252362
0.9933729800000001
0.98915885
0.98699938
0.98573537
0.9931432800000001
0.9851203900000001
0.99313869
0.99192763
0.9931478699999999
0.98891288
0.99330866
0.99280811
0.98405505
0.80914373
0.5470236700000001
0.99432968
0.82866115
0.99340055
0.9840325
0.9940213099999999
0.98733519
0.99336379
0.9931984
0.99200095
0.99295041
0.99236309
0.99308358
0.99235392
0.9921613600000001
0.9901531
0.99438033
0.99244564
0.9920467700000001
0.7076661300000001
0.99408573
0.99176272
0.99340515
0.99094811
0.99442638
0.99429746
0.99296419
0.9927530299999999
0.55272728
0.99145594
0.9929136900000001
0.8263111999999999
0.98676355
0.9917581400000001
0.99344651
0.99277139
0.9938971
0.98744414
0.99297337
0.99301469
0.99329028
1.11610933
0.95831302
0.99179936
0.99301929
0.9927668
0.99333163
0.9933867700000001
0.9928723700000001
0.98930923
0.6206115799999999
0.99487786
0.9954266300000001
0.96811994
0.9939753100000001
0.99229431
0.98981538
0.99506686
0.96749623
0.9813658599999999
0.9920330199999999
0.99219803
0.86673164
0.99318003
1.0616128999999999
0.99094811
1.08048948
0.9942053900000001
0.93364389
0.99331784
0.99299633
0.99262455
0.98821662
0.86501047
0.96802829
0.71028294
0.9320311499999999
0.99261537
0.9913506700000001
0.9943527
0.99480873
0.99189556
0.99410414
0.99233558
0.9940535199999999
0.9936027900000001
0.9954497000000001
0.9931432800000001
0.99135525
0.99429746
0.98104306
0.99404432
0.99241812
0.9879393000000001
0.9934373200000001
0.99259702
0.9922805499999999
0.9938603
0.9835637800000001
0.99316165
0.99445401
0.9947534299999999
0.99362578
0.9927346699999999
0.9931341
0.99271632
0.99273926
0.99379591
0.9881802399999999
0.99192305
0.99194596
0.99375452
0.99498388
0.49615632
0.99285401
0.99333163
0.99317543
1.58412225
0.9865323600000001
0.99258325
1.04714946
0.8285652299999999
0.9944954500000001
0.9966416300000001
0.99146052
0.99361199
0.99214302
0.99254655
0.9935936
0.61954805
0.99368555
0.9966416300000001
1.19418758
0.70760318
0.7103322799999999
0.99339136
0.98941406
0.8305648800000001
0.98112374
0.99316165
0.9867590199999999
0.98936848
0.99513142
0.9929045000000001
0.9932673099999999
0.9961099900000001
0.99372233
0.99259702
0.9923814299999999
0.98750771
0.99426063
0.99320299
0.71168351
0.71044038
1.40548562
0.9865323600000001
0.9913094800000001
0.96571675
0.9935200500000001
0.9940581199999999
0.9935016600000001
0.99237685
0.99460139
1.17511294
0.9869358800000001
0.98949612
0.9937499200000001
0.88991996
0.9910578700000001
0.3324098
0.9912225499999999
0.9912591500000001
0.97485719
0.9946566699999999
0.99306061
0.9939753100000001
0.9907835199999999
0.98987925
0.99336839
0.9949055099999999
0.92731026
0.99090238
0.98983363
0.9938971
0.9925511400000001
0.99095268
0.99374073
0.99095725
0.9845332600000001
0.97313874
0.9892682100000001
0.9939385000000001
0.9936717500000001
0.99293205
0.98960556
0.70852535
0.9914513599999999
0.9928448299999999
0.99212469
0.99301929
0.99212469
0.9894323
0.9938879
0.9939155
0.99268878
0.99379131
0.9933867700000001
0.99197345
0.9869086699999999
0.99516831
0.99381891
0.98564488
0.4969796
0.99369474
0.8274637800000001
0.9868723799999999
0.99161617
0.99299633
0.99134609
0.9883621599999999
0.99316625
0.99333163
0.99245023
0.9966277499999999
0.99339136
0.98947789
0.99451388
0.9934786800000001
0.9922530399999999
0.9949792700000001
0.9952974600000001
0.99320299
0.99262455
0.9945276900000001
0.9931478699999999
0.49406284
0.9935062600000001
0.99329028
0.56845122
0.98903585
0.9945092699999999
0.9908246599999999
0.93420439
0.99409494
0.99031748
0.9939338999999999
0.97316079
0.99306521
0.99080638
0.99665088
0.98918163
0.99237685
0.99949438
0.9931019499999999
0.99359819
0.99206052
0.99156581
0.9960591700000001
0.9932627100000001
0.9942238
0.99370854
0.99491934
0.99574511
0.99247316
0.9933362200000001
0.99072867
0.9943434999999999
0.9931341
0.9945691499999999
0.8193687799999999
0.99336379
0.99306521
0.99194138
0.8268425100000001
0.85504316
0.99332244
0.99401211
0.29204352
0.9939293
0.37665107999999997
0.9924594
0.992955
0.9927530299999999
0.99306521
0.99413175
0.9934786800000001
0.98857145
0.9933546
0.99376372
0.9931295
0.9925144400000001
0.9951498599999999
0.9391232100000001
0.9906555400000001
0.99375912
0.70895106
0.99139644
0.99292287
0.99296419
0.99333163
0.9759914000000001
0.9943481
0.9938097100000001
0.35470973
0.99108531
0.99224846
0.6718696900000001
0.9941455600000001
0.91355071
0.9938051099999999
1.12247403
0.90259986
0.9931984
0.9936763500000001
0.70891127
0.99067839
0.82729483
0.99330866
0.9920926
0.96983821
0.983082
0.99182226
0.99340974
0.9909618299999999
0.9934603
0.9955050799999999
0.98814841
0.99333163
0.99509914
0.99361199
0.9932259600000001
0.99399831
0.9943434999999999
0.99304684
0.8267183699999999
0.8230208600000001
0.98357729
0.9951637
0.99100756
0.99336379
0.98927277
0.99454612
1.00104587
0.9921476
0.99320299
0.99178104
0.19084552999999999
0.99267043
0.99262455
0.99496083
0.99251903
0.9936625600000001
0.9907698100000001
0.99242271
0.99190931
0.99223929
0.99491012
0.99316165
0.9936165800000001
0.86744585
0.9921201000000001
0.63117844
0.9932856800000001
0.61153123
0.99486403
0.99447243
0.9945323
0.9932994700000001
1.2062956200000001
0.99267502
0.99523288
0.38235605
0.9932765
0.99306061
1.2134047099999998
0.9920742699999999
0.99317543
0.9887489600000001
1.01508513
0.9926658399999999
1.19367647
0.99297337
0.99685907
0.9657601800000001
0.99379591
0.99294123
0.98688599
0.98725348
0.98709012
0.9942238
0.9896557300000001
0.99108988
0.45217322000000004
0.98897208
0.9928586
0.9912728799999999
0.9833250800000001
0.32857443000000003
0.9911219
0.99047735
0.99288614
0.8272056000000001
0.98498936
0.9899385700000001
0.9870266
0.99457375
0.97069305
0.9899659599999999
0.9885213899999999
0.9909663999999999
0.99307898
0.9925052700000001
0.994735
0.99259702
0.99046821
0.99200553
0.81077811
0.99257867
0.99225763
0.99336839
0.9939569
0.99368555
0.99262913
0.99377752
0.99255573
0.9934603
0.82695396
0.99266125
0.9933040599999999
0.99427444
0.99475804
0.99303306
0.9943481
0.99309735
0.99213385
0.99301929
0.9927484400000001
0.9936165800000001
0.99372693
0.96643819
0.99398911
0.99357981
0.9928953199999999
0.99316165
0.9927025500000001
0.9931708399999999
0.99196887
0.99342353
0.99216594
0.9938465
0.99318003
0.99279434
0.99262455
0.98945965
0.99322137
0.98589829
0.99263372
0.99268878
0.99352924
0.9945276900000001
0.9926429
0.9183638500000001
0.8285492499999999
0.9960545500000001
0.99407193
0.99337758
0.9942928499999999
0.9899659599999999
0.98604315
0.99191389
0.99212927
0.70882703
0.99293664
0.9888400199999999
0.98766667
0.99382811
0.99539895
0.99235392
0.99411795
0.9855634600000001
0.99304225
0.9928723700000001
0.9881666
0.99321677
1.14372645
0.9939753100000001
0.9925052700000001
0.99216594
0.9946106
0.99086124
0.99301929
0.99138271
0.99307898
0.99271632
0.99315247
0.9934143400000001
1.20192738
0.99309735
0.99522827
0.99318003
0.9942928499999999
0.9938741
0.99257867
0.99347409
1.12595223
0.9929045000000001
0.99476264
0.99268878
1.16082707
0.9851068399999999
0.99033118
0.9933729800000001
0.99132321
0.99439875
0.9965121299999999
0.8248797299999999
0.99432048
0.99446782
0.99359819
0.99438033
0.99459218
0.9935844
0.99520982
0.9932075899999999
0.8270972799999999
0.99399371
0.98730795
0.93408248
0.98914974
1.2977300299999999
0.9939615
0.8274382699999999
0.99302388
0.99348787
0.8175751
1.12526784
0.9935936
0.9928035199999999
0.82711639
0.99340055
0.99410874
0.99126373
0.99127745
1.02086607
0.99301469
0.9924364699999999
0.99300551
0.99329028
0.99253738
0.92044218
0.62071024
0.70781075
0.99298255
0.9896830900000001
0.99260619
0.9925649
0.9929136900000001
0.99297796
0.9927530299999999
0.9899157599999999
0.99523288
0.98730795
0.9922713799999999
0.9939293
0.9942053900000001
0.99292746
0.82312181
0.99432048
0.9917444000000001
1.00201274
0.99036315
0.99262913
0.99516831
0.99363038
0.9920742699999999
0.99372233
0.99334541
0.99233558
0.99348787
0.99097555
0.9922668
0.9871173400000001
0.9887762800000001
0.99301929
0.9939338999999999
0.9938005099999999
0.98790748
0.9939247
0.9938741
0.9946704900000001
0.9912591500000001
0.99288155
0.9930560199999999
0.99369934
0.9931938100000001
0.99237685
0.9923905999999999
0.99368095
0.99264749
0.99373153
0.99379591
0.99248692
0.9890403999999999
0.99125457
0.9946658899999999
0.9936487700000001
0.99399371
0.9944494
0.9933040599999999
0.99401211
0.9927346699999999
0.99106244
0.99355222
0.9929090899999999
0.99310654
0.99283565
0.99288155
0.99446322
0.99361199
0.9931019499999999
0.9942192
0.99306521
0.99233558
0.9926429
0.61963743
0.9940535199999999
0.99426063
0.9927025500000001
0.95810779
0.99342353
0.99268878
0.9915383400000001
0.99332703
0.7770096200000001
0.9941501599999999
0.99363957
0.9926016099999999
0.98955084
0.99399371
0.9938511
0.9927622100000001
0.9938741
0.9931432800000001
0.99214302
0.61849528
0.98954628
0.99303765
0.99416397
0.9931708399999999
0.98408661
0.7082799799999999
0.9939615
0.9921476
0.99279893
0.99519137
0.9934327199999999
0.9922530399999999
0.99304684
0.82025135
0.9925878400000001
0.9956620100000001
0.98805293
0.9939017
0.99348328
0.99332244
0.99323974
0.99363957
0.99415937
0.9925649
0.30924319
0.99274385
0.99362578
0.9901394
0.99439414
0.99353384
0.8285844099999999
0.9945691499999999
0.9913323599999999
0.98623334
0.99346949
0.98744414
0.99352924
0.9873170299999999
0.99375912
0.99361199
0.99363038
0.99273926
0.69959723
0.82683296
0.99303306
0.66124029
0.9941501599999999
0.9938925000000001
1.09586739
1.2160294299999999
0.9940535199999999
0.9932075899999999
0.9920467700000001
0.9939247
0.82651792
0.98799838
0.9901531
0.99372693
0.99339136
1.45468833
0.9933040599999999
0.9931984
0.9944954500000001
0.9933729800000001
0.99244105
0.99349707
0.99399831
0.99182226
0.98615635
0.99229889
0.99298255
0.9347899700000001
0.96327361
0.99197803
0.26080812000000003
0.99324893
0.99362118
0.99331784
0.9934511100000001
0.99289991
0.99316165
0.9920742699999999
0.99322137
0.9916986
0.9934419099999999
0.99200095
0.41374544
0.99279434
0.9939569
0.9928586
0.9959991100000001
0.9782856099999999
0.9932673099999999
0.9930560199999999
1.0828595
0.99457375
0.9930560199999999
0.9884895400000001
0.9933592
0.99302847
0.99306521
0.54930161
0.99301929
0.89167884
1.07697274
0.99369934
0.99267043
0.99351085
0.99244564
1.0467768499999999
0.99293664
0.9879620199999999
0.99313869
0.99438493
0.9880756599999999
0.99369934
0.99333163
0.9821872399999999
0.99303306
0.9912317
0.99145594
0.9892226399999999
0.9870810400000001
0.9935844
0.9806577900000001
0.99399831
0.9938511
0.9911813700000001
0.9934327199999999
0.99341894
0.98995683
0.99242271
0.98892199
0.9959205900000001
0.99106244
0.99299633
0.99318003
0.9939385000000001
0.99403972
0.99308358
0.9934556999999999
0.99421
0.98915885
0.98666381
0.99296419
0.99337758
0.9932627100000001
0.99332244
0.9927209100000001
0.99418238
0.99421
0.99292746
0.9905276000000001
0.8510008600000001
0.99382351
0.9885396
0.49614601
0.99469814
0.9943711199999999
0.98604315
0.99186807
0.99298714
0.9939523
1.08777962
0.99064183
0.9917169199999999
0.99354763
0.9929595999999999
0.99399831
0.99331325
0.9802057000000001
0.8216950799999999
0.99331784
0.99330866
0.99157039
0.9926383099999999
0.33117335
0.99368555
0.99525594
0.82876668
0.9933867700000001
0.99473039
0.9937039400000001
0.98877173
0.9943711199999999
0.9940213099999999
0.9936625600000001
0.9935016600000001
0.99262455
0.9939017
0.99541279
0.41502562
0.9929045000000001
0.99409494
0.7092203100000001
0.99120425
0.9922530399999999
0.99400291
0.99261996
0.99339596
0.99336379
0.9933867700000001
0.99320299
0.9943527
0.99302388
0.99332244
0.99362118
0.9867590199999999
0.99118595
0.99337758
0.99253738
0.9923309899999999
0.98739874
0.9934603
0.99340515
0.99273009
0.99262455
0.9916940200000001
0.9926429
0.99084752
0.9892864400000001
0.9938879
0.99337758
0.9943158699999999
0.9931432800000001
0.99260619
0.9932259600000001
0.99211094
0.99356142
0.99457836
0.94833831
0.99318003
0.99339136
0.99245023
0.96597304
0.98899941
0.99346949
0.99244105
0.99269796
0.9911127500000001
0.99271173
0.99292287
0.99320299
0.99351545
0.99400751
0.99447243
0.99219803
0.9927622100000001
0.98633299
0.86115668
0.9952928400000001
0.9934511100000001
0.9923905999999999
0.9943711199999999
0.99267043
0.99180394
0.9938557
0.98493966
0.99166654
0.99271632
0.9929090899999999
0.9943711199999999
0.99239978
0.99093896
0.99481333
0.9931019499999999
0.992955
0.9931938100000001
0.99242729
0.99315247
0.9921063499999999
0.99382351
0.9934281300000001
0.99293664
0.99398911
0.9912317
0.99286319
0.99404432
0.99340515
0.99355682
0.70911961
0.99094354
0.9923722600000001
0.99228972
0.99302847
0.82667064
0.99316625
0.9929136900000001
0.78499081
0.99309276
0.99372233
0.9944079600000001
0.99325812
0.98849409
0.99351085
0.99407193
0.99368095
0.9951175800000001
1.08946277
0.9931019499999999
0.99322137
0.99459218
0.99256032
0.98583945
0.9938603
0.98732611
0.99284024
0.9926016099999999
0.9954174100000001
0.99306061
0.98723079
0.9935062600000001
0.99234475
0.99379591
0.99263372
1.05019642
0.99213385
0.99645202
0.99277139
0.99126373
0.99338217
0.99130033
0.9931432800000001
0.98378006
0.9945829700000001
0.99257867
0.5518608300000001
0.99230348
0.99441717
0.99019419
0.99348328
0.99315706
0.95429297
0.99398451
0.99280811
0.8276966
0.99230806
0.9932719
0.97050442
0.82797742
0.9922530399999999
0.98787113
0.9832665500000001
0.9831225100000001
0.99311572
0.9922805499999999
0.99097555
0.98958276
0.99227597
0.99285401
0.9927668
0.9935200500000001
0.70995185
0.9946428500000001
0.99254197
0.99292746
0.99197345
0.99436191
0.99221637
0.97604907
0.9581719200000001
1.1024779100000002
0.55917064
0.85307991
0.9934281300000001
0.99320299
0.99245023
0.99252362
0.99491012
0.99288155
0.99321218
0.98538709
0.99307898
0.98647345
0.9938603
0.8263525300000001
0.99344651
0.9852333799999999
0.98270861
0.99382351
0.9904088299999999
0.99323974
0.9936717500000001
0.9933546
0.99369015
0.41329714
0.9935062600000001
0.98875352
0.55274862
0.99423761
0.9932075899999999
0.99284942
0.99438033
0.99359819
0.7098791
0.99337758
0.98451521
0.99240895
0.99301469
0.98904951
0.99404892
0.8967053
0.9916802800000001
0.99369934
0.9851429899999999
0.99304684
0.99307439
0.62080714
0.9888901099999999
0.99259702
0.99406273
0.49599245000000003
0.9912134
0.99368095
0.9934924700000001
0.9929136900000001
0.99252362
0.99320299
0.62071204
0.61989679
0.99355222
0.99262913
0.99321677
0.99346489
1.0210408
0.99324434
0.99409954
0.9934327199999999
0.9930698
0.98878538
0.9946520700000001
0.98263217
0.99518676
0.9990340600000001
0.99221178
0.98070705
1.18703874
0.99413175
0.99427904
0.9807204900000001
0.99215677
0.99373153
0.29185024
0.99109903
0.98507972
0.9938143100000001
0.92823215
0.99307439
0.99565739
0.9935062600000001
0.9934786800000001
0.9935062600000001
0.82680431
0.6054724499999999
0.99354763
0.9931938100000001
0.99342353
0.99415476
0.9922255400000001
0.9931019499999999
0.9943665199999999
0.9952144300000001
0.99125457
0.99303765
0.9927805700000001
0.99267043
0.99162991
0.9933592
0.99197345
1.2469276
0.98584398
0.99448624
0.9901622299999999
0.99409954
0.9927484400000001
0.77030653
0.45119373
0.99328109
0.99379591
0.99281729
0.99305143
1.12331366
0.9926658399999999
0.99329028
0.82689982
0.99340055
0.99315706
1.0323993900000001
0.9931249099999999
0.99474421
0.9913323599999999
0.9923905999999999
0.9925649
0.9920926
0.99315247
0.99252362
0.9934786800000001
0.99340055
0.97572534
0.7077477600000001
0.70946868
0.9923126499999999
0.9948594199999999
0.99199178
0.99059157
0.5510678
0.9934556999999999
0.9928586
0.82742871
0.9931432800000001
0.99309276
0.9928769599999999
0.9931295
0.8094944900000001
0.99245023
0.98699938
0.9865368999999999
0.98633299
0.9941455600000001
0.9938373
0.99323974
0.99372233
0.9939707099999999
0.9923401599999999
0.99113563
0.63214272
0.9917169199999999
0.99536665
0.99252362
0.9933592
0.9927025500000001
0.9912591500000001
0.99370854
0.65344959
0.99296419
0.55273297
0.99400291
0.99796625
0.9914650899999999
0.9917581400000001
0.9928723700000001
0.9943481
0.9937039400000001
0.989601
0.99342353
0.99162075
0.8268234099999999
0.99313869
0.9921521900000001
0.9944448
0.90249745
0.99377752
0.9911447699999999
1.03528113
0.9863148700000001
0.99288155
0.9938005099999999
0.99336379
0.99301469
0.8302084700000001
0.9953389699999999
0.99372233
0.99262913
0.98926365
0.99267043
0.9934419099999999
0.99353843
0.99275762
0.9920926
0.99302388
0.98254675
0.99292746
0.99360739
0.99333163
0.99151545
0.9923218199999999
0.9956758600000001
0.9906738199999999
1.11234578
0.9931984
0.8283255300000001
0.9939155
0.99278975
0.99254197
0.9914650899999999
0.9939293
0.83189369
0.82678203
0.99284942
0.99383271
0.99355682
0.82855244
0.99332703
0.9952928400000001
0.99450466
0.99307898
0.99348328
0.64417617
0.99307439
0.9927668
0.99267502
0.9944586099999999
0.99079266
0.99302388
0.996947
0.9900572400000001
0.992955
0.99278975
0.99223929
0.82669291
0.6216014
0.6174940200000001
0.99363497
0.9933592
0.70517041
0.9927668
0.98972414
0.99123627
0.9931708399999999
0.9938787000000001
0.9923264
0.9929917399999999
0.99336379
0.45329374
0.9938879
1.04985243
0.98602051
0.99292746
0.99406733
0.98775299
0.99323056
0.9340052900000001
0.98637377
0.99073324
0.9759027
0.99425603
0.99239519
0.99231723
0.99288614
0.99180852
0.9931019499999999
0.99257867
0.99309276
0.99364417
0.77809634
0.99364417
0.826537
1.1533953
0.8271386900000001
0.98511587
0.98400545
0.99221637
0.99241812
0.9860929500000001
0.99251903
0.99363497
0.82839583
0.96109651
0.82807959
0.7075309
0.99185433
0.99255573
0.99283565
0.99259702
0.9939799100000001
0.99369474
0.98332959
0.99309735
0.99334541
0.99267961
0.9942698400000001
0.9926383099999999
0.99428825
0.9928127000000001
0.99265208
0.9909115300000001
0.99344651
0.98759854
0.99256032
0.99398451
0.99152918
0.99323515
0.99282647
0.99298255
0.5517502400000001
0.99324893
0.99095725
0.9938695
0.99288155
0.98026386
0.96329521
0.9929917399999999
0.9927851599999999
0.99407653
0.82284426
0.99046821
0.9934603
0.99241812
0.9927622100000001
0.9931203200000001
0.99352464
0.99264749
0.9925649
0.99242271
0.99173524
0.9930009200000001
0.9931478699999999
0.99369474
0.99259702
0.9941731699999999
0.99310654
0.99339136
0.9934511100000001
0.9925878400000001
0.9812447799999999
0.9932719
0.9416475099999999
0.99323515
0.99356601
0.9628633000000001
0.99292746
0.99302847
1.02048767
0.9917581400000001
0.9929045000000001
0.99419158
0.99430206
0.99303765
0.99223929
0.9928127000000001
0.9938787000000001
0.99483638
0.99372693
0.9939707099999999
0.8285971999999999
0.9943342900000001
0.99344651
1.5714406500000002
0.99240436
0.99333163
0.9939707099999999
0.7087358
0.99518676
0.95122415
0.9925878400000001
0.9944954500000001
0.99293664
0.99486864
0.9926016099999999
0.99275762
0.9816036
0.99375912
0.98749863
0.45129519
0.9920513599999999
0.98848044
0.9922072
0.92095928
0.9939799100000001
0.99288155
0.8282105300000001
0.99275762
0.9923218199999999
0.99372693
0.9932856800000001
0.99213844
0.99366716
0.9944355899999999
0.9941501599999999
0.9927622100000001
0.9934603
0.99262455
0.9932719
0.9894323
0.99280811
0.99138271
0.70898851
0.99374073
0.8289426299999999
0.99137355
0.98222318
0.91353128
1.09940749
0.9940903400000001
0.99307439
0.99274385
1.05535231
0.99523749
0.9940213099999999
0.99292287
0.9927530299999999
0.99332244
0.99267043
0.9939569
0.9858304
0.98449264
0.99491473
0.9920834399999999
0.99501154
0.9933546
0.9942192
0.62147008
0.99349707
0.99479029
0.8141932900000001
0.9865323600000001
0.99220261
0.98477706
0.8266897299999999
0.98756675
0.99496544
0.9920742699999999
0.9938832999999999
0.99369934
0.9949931
0.9929595999999999
0.99331325
0.9914330499999999
0.9931203200000001
0.99267961
0.99217511
0.99299633
0.99444019
0.99366716
1.20536125
0.9942238
0.9925878400000001
0.5518636699999999
0.99296419
1.09317297
0.9922438699999999
0.99181768
0.9939523
0.99427904
0.9941363599999999
0.98601145
0.8268266
0.9945092699999999
0.70881534
0.9929090899999999
0.99212927
0.99472578
0.99306061
0.99010745
0.99368555
0.9655170200000001
0.9941731699999999
0.9936717500000001
0.9929595999999999
0.6185843599999999
0.98661395
0.9159939300000001
0.99519598
0.9938741
0.99669251
0.9939063
0.33087637999999997
0.9868723799999999
0.9882802900000001
0.9932673099999999
1.1757177
0.90481701
0.99289073
0.99259243
0.9877348100000001
0.9936579600000001
0.9841903399999999
0.9908886699999999
0.99228514
0.99322137
0.9941961899999999
0.99292746
0.9889310899999999
0.99502537
0.4967991
0.9887489600000001
0.9934419099999999
0.99283565
0.9927209100000001
0.99239519
0.99324434
0.9939431000000001
0.99451388
0.99262913
0.99289073
0.99297796
0.99379131
0.9840956300000001
0.99321218
0.99301469
0.993589
0.9875304199999999
0.92489401
0.9927346699999999
0.9903722899999999
0.6196875
0.55263909
0.9935200500000001
0.99249151
0.99339136
0.61851844
0.99231723
0.99416397
0.99439875
0.99292746
0.99409954
0.9876167100000001
0.98940039
0.99352924
0.98875352
0.99262913
0.9892591000000001
0.99353843
0.99417778
0.99413175
0.99362578
0.99406733
0.99231723
0.9941731699999999
0.9931019499999999
0.99141932
0.98682703
0.98678622
0.99427444
0.9946106
0.99353384
0.99286778
0.98944597
0.99373153
1.12168839
0.9933867700000001
0.9936625600000001
0.98938671
0.9939017
0.99279893
0.55094904
0.8304396199999999
0.99454612
0.82747653
0.99357981
0.99133694
0.99250985
0.99034488
0.99279434
0.99659075
0.9944079600000001
0.99435731
0.9944448
0.99313869
0.98790294
0.9941133499999999
0.99318921
0.9854865700000001
0.99303765
0.99299633
0.98588471
0.9927254999999999
0.94363362
0.99438493
0.99308358
0.99144678
0.99279893
0.96930852
0.99282188
0.6206654
0.71046153
0.9926658399999999
0.99261537
0.8140142899999999
0.82847253
0.99375452
0.9935844
0.99242271
0.9930101
0.99277598
0.99430206
0.99256032
0.7036869400000001
0.99303306
1.19825221
0.99292746
0.9938511
0.99334541
0.9907241
0.99256032
0.9975861
0.9905276000000001
0.99318462
0.99186807
0.9939155
0.9931111300000001
0.99233558
0.9947949
0.99430666
0.9923722600000001
0.9939799100000001
0.8250698900000001
0.99321218
0.9928953199999999
0.82870592
0.92228826
0.9205684399999999
1.12525605
0.83193236
0.99470274
0.99322137
0.99298714
0.9869086699999999
0.70906342
0.99428825
0.9927209100000001
0.99286778
0.99292746
0.9926383099999999
0.9934786800000001
0.9934143400000001
0.99284024
0.9485812699999999
0.9949469999999999
0.99258325
0.99324434
0.99283565
0.99194138
0.9931295
0.99308358
0.99315706
0.9929917399999999
0.9921934400000001
0.99363038
0.9874032800000001
0.98882636
0.99217511
0.98700846
0.9930009200000001
0.9918634900000001
0.992955
0.948376
0.99302847
0.98212435
0.99402592
0.9942053900000001
0.99294123
0.99271173
0.9942192
0.98909051
0.99461982
0.99480873
0.33058401000000004
0.9939293
0.5523604799999999
0.9904956199999999
0.99366716
0.98730795
0.9933040599999999
0.99348328
0.99306521
0.9928586
0.82851089
0.9933362200000001
0.99357061
0.99300551
0.99336379
0.9930698
0.99357061
0.9184934699999999
0.99428825
0.61848281
0.86693108
0.9653868099999999
0.9939707099999999
0.96350267
0.82667382
0.97333281
0.82999669
0.99177646
0.9940581199999999
0.9931984
0.99298714
0.99356601
0.99116307
0.69902109
0.99250985
0.9927209100000001
0.99289991
0.9929595999999999
0.9936625600000001
0.99261537
0.9136712
0.9904088299999999
0.99240895
0.9936625600000001
0.99408573
0.9888127
0.99031748
0.99484099
0.99090238
0.99347409
0.9959667799999999
0.94863574
0.99200553
0.9870129900000001
0.99403052
0.9931984
1.0327022399999999
0.9931111300000001
0.99346949
0.99461982
0.99196887
0.99354763
0.9916986
0.9899248799999999
0.99308358
0.99349707
0.9923401599999999
0.99377752
0.99469814
0.98606126
0.99313869
0.97580514
0.98896753
0.99236309
0.99425603
0.99363497
0.9906738199999999
0.99339596
0.9928769599999999
0.9879620199999999
0.9935200500000001
0.99267961
0.9939615
0.99360739
0.98633299
0.9932765
0.9927071399999999
0.99419158
0.9939707099999999
0.98876717
0.9850978
0.99242729
0.98981994
0.9934327199999999
0.9931708399999999
0.99223929
0.9926383099999999
0.9927668
0.99267502
0.9934556999999999
0.99180394
0.9918634900000001
0.99292287
0.99480412
0.99376372
0.9880393
0.7076638
0.99639192
0.93902465
0.82854605
1.1059071299999998
0.99501615
0.99306521
0.99342353
0.9881802399999999
0.99283106
0.99296419
0.9939661
0.9938097100000001
0.99495622
0.99234933
0.99293205
0.99151545
0.9936625600000001
0.99156581
0.9891041800000001
0.9920513599999999
0.9926842
0.99261537
0.9930009200000001
0.9927851599999999
0.9941731699999999
0.71341179
0.99374073
0.99095268
1.03839988
0.99403052
0.99271632
0.9931341
0.99253279
1.12222767
0.9938143100000001
0.8304492600000001
0.99304684
0.9921934400000001
0.99447243
0.9940581199999999
0.99090238
0.9938925000000001
0.99308358
0.99369474
0.9936027900000001
0.99286319
0.9930698
0.98546848
0.99174898
0.99356142
0.9947073500000001
0.99340515
0.9905276000000001
0.9928953199999999
0.54068953
0.9928035199999999
0.5521218999999999
0.9933040599999999
0.9928769599999999
0.9932627100000001
0.99372233
0.99311572
0.99301469
0.99375912
0.99195512
0.99346949
0.99267043
0.99230806
0.99249609
0.99014853
0.9923264
0.9938832999999999
0.9914696700000001
0.8858013499999999
0.9919368
0.9921521900000001
0.7087241
0.99242729
0.82783699
0.9955419999999999
0.9944448
0.99132779
0.9923585
0.9931341
0.9923905999999999
0.9932765
0.99316165
0.99030835
0.99277598
0.9942928499999999
0.99340515
0.99257867
0.9932719
0.99293205
0.99186807
0.99369474
0.9929595999999999
0.99354303
0.9903996899999999
0.99273009
0.9929045000000001
0.99477647
0.9944908499999999
0.99280811
0.9879529300000001
0.99279893
0.98476352
0.83029514
0.9933592
0.99189098
0.99308817
0.9936625600000001
0.9941133499999999
0.99105329
0.98555894
0.99310654
0.99323515
0.9935200500000001
0.99372233
0.9927346699999999
0.99339596
0.9939247
0.9904910499999999
0.99351545
0.99496544
0.99347409
0.99042253
0.9926933699999999
0.99275762
0.99474421
0.99340515
0.9934143400000001
0.8195376400000001
0.99140559
0.9933040599999999
0.9911127500000001
0.9911584999999999
0.99411795
0.9929045000000001
0.99455072
1.08649181
0.9896694100000001
0.99372233
0.99254197
0.99426063
0.9939523
0.9929182799999999
0.98820297
0.92289865
0.99304225
0.9939661
0.99192763
0.9943112700000001
0.99227597
0.9947810800000001
0.99427904
0.99496544
0.99659538
1.1980784
0.62161759
0.97825441
1.2214450700000001
0.99329487
0.99340515
1.13272867
0.99277598
0.8305841599999999
0.9900618
0.9888354699999999
0.99459678
0.99279434
0.99375912
0.9141028900000001
0.99295041
0.99302388
0.9946935299999999
0.9930698
0.99351545
0.99357061
0.98266364
0.97060969
0.9946658899999999
0.83052634
0.99288614
0.99221178
0.9944954500000001
0.9945599300000001
0.9884395
1.1109647
0.9931019499999999
0.99285401
0.9926933699999999
0.82840222
0.9926842
0.99378671
0.98368542
0.99054588
0.9938603
0.99317543
0.99269796
0.9935936
0.99339136
0.9934556999999999
0.9911127500000001
0.98530571
0.82840222
0.9937039400000001
0.99218886
0.99256032
0.9929090899999999
1.03005216
0.99375452
0.9927209100000001
0.99278975
0.9931478699999999
0.99347409
0.8283862399999999
0.9930101
0.8269889899999999
1.04409475
0.99219803
0.9938741
0.9943527
0.9934327199999999
0.99348787
0.9876167100000001
0.99340515
0.9962070300000001
0.99334541
0.99223012
0.99140101
0.99323515
0.99261078
0.99307439
0.9909069599999999
0.85171977
0.9940213099999999
0.99362118
0.99369474
0.99332703
0.99626711
0.62157261
0.9934511100000001
0.9931938100000001
0.99323515
0.99028551
1.04129002
0.99267961
0.7087755699999999
0.9827266
0.9931019499999999
1.22983212
0.9931938100000001
0.9934603
0.99406733
0.9934603
0.9921613600000001
1.00686108
0.9901348400000001
0.99080638
0.99215677
0.99333163
0.99369474
0.99446782
0.98535544
0.9929458200000001
0.99435731
0.99318462
0.9920513599999999
0.7984872900000001
0.99352464
0.9934556999999999
0.99336839
0.99318462
0.99242271
0.9966092500000001
0.83050385
0.99297796
0.9935062600000001
0.99703957
0.99267502
0.99217052
0.99379591
0.99407653
0.99256032
0.99242271
0.99372693
1.00754132
0.99437573
0.9927025500000001
0.9939201
0.99294123
0.99251903
0.99233558
0.99410874
0.9911401999999999
1.09905301
0.99488247
0.9942284100000001
0.9942698400000001
0.99295041
0.99294123
0.9931295
0.9933362200000001
0.9933729800000001
0.9048665800000001
0.9938741
0.828415
0.9931938100000001
0.9945691499999999
0.99181768
0.99306521
0.9934327199999999
0.99357521
0.82917308
0.9928953199999999
0.99286319
0.9941501599999999
0.9932765
0.9929136900000001
0.98529667
0.9933362200000001
0.99310654
0.9867408799999999
0.98870344
0.9913186399999999
0.9923814299999999
0.99432508
0.9937177300000001
0.99323515
0.9936579600000001
0.99459218
0.99137813
0.9916070100000001
0.99503459
0.99485481
0.99309735
0.99417778
0.9935936
0.9927254999999999
0.99203761
0.9933867700000001
0.99383271
0.9940581199999999
0.99375912
0.98882181
0.99414096
0.9934419099999999
0.99363497
0.99242729
0.99399371
1.1088651299999999
0.8268170499999999
0.9925144400000001
1.02976074
0.8285044899999999
0.9922713799999999
0.9961562
0.9939707099999999
0.9929687800000001
0.99476725
0.57471134
0.99357521
0.99641504
0.99199178
0.9850752
0.99241812
0.9941961899999999
0.9938832999999999
0.9944309800000001
0.9877348100000001
0.99415937
0.71032993
0.9925511400000001
0.71059553
0.71059788
0.99155207
0.98877173
0.99293205
0.99113105
0.99352464
0.99362578
0.9849803199999999
0.99455072
0.61774092
0.99353384
0.60548099
1.1057363
0.99293205
0.9831855199999999
0.9938695
0.99097097
0.9918589099999999
0.9933362200000001
0.9875168
0.99212927
0.90204633
0.99523288
0.82689982
0.44952957
0.99181768
0.99362578
0.9910212799999999
0.9964566499999999
0.99309735
0.9923309899999999
0.9927805700000001
0.99333163
0.9910578700000001
0.99401211
0.62067975
0.9943527
0.99211552
0.98668194
0.9933040599999999
0.9928035199999999
0.9956204599999999
0.99352924
0.99354763
0.99249151
0.99034488
1.3157069000000001
0.99377292
0.99457375
0.99298255
0.9942192
0.9998014999999999
0.53451504
0.70900255
0.71190292
0.8275690099999999
0.9927254999999999
0.99122712
0.97543283
0.99286778
0.9928586
0.99410874
0.99273009
0.76097393
0.6216535799999999
0.99324893
0.99267502
0.9934556999999999
0.99304684
0.99274385
0.99406273
0.99509914
0.99325352
0.98469578
0.99242271
0.9900526700000001
0.98482674
0.99289073
0.9938832999999999
0.9826231799999999
0.99607303
0.99403052
0.99030835
0.9938373
0.99292287
0.99179936
0.99259243
0.99217052
0.99263372
0.99279434
0.9929045000000001
0.99511297
0.99507608
0.9936487700000001
0.9851610700000001
0.9927209100000001
0.70771744
0.8323838100000001
0.99300551
0.99321677
0.99369015
0.98826664
0.98599335
0.9934556999999999
0.99362578
0.99318921
0.99512219
0.71314882
0.9931295
0.99459218
0.99247316
0.9937039400000001
0.99308817
0.6197125299999999
0.9934327199999999
0.9920421899999999
0.9933362200000001
1.11914556
0.99104415
0.98729433
0.993589
0.99481333
0.99369474
0.99258325
1.09297268
0.99318462
0.99308817
0.9930101
0.99362578
0.82662291
0.9858123000000001
0.9938051099999999
0.99271632
0.9942928499999999
0.99302388
0.9929182799999999
0.99323515
0.9926016099999999
0.99650289
0.99307898
0.99401211
0.98927277
0.99323515
0.91793989
0.99191389
0.9911401999999999
0.99182226
0.99321677
0.9932627100000001
0.9932259600000001
0.99331325
0.99305143
0.99194596
0.99430206
0.70905405
0.82492093
0.99398451
0.9932765
0.99269796
0.9921521900000001
0.8647875399999999
0.99337758
0.9933729800000001
0.9847589999999999
0.9903996899999999
0.9922438699999999
0.99435731
0.8752985200000001
1.1538911
0.82792316
0.8499903600000001
0.99363038
0.9923126499999999
0.99530207
1.12555093
0.41320966
0.99466128
0.9918131
0.99301469
0.9933592
0.99347409
0.9937683199999999
0.9928953199999999
0.99353843
0.99379591
0.98604315
0.9885851
0.99198262
0.9938741
0.9933408199999999
0.677226
0.9929136900000001
1.1330215099999998
0.82847253
0.99195512
0.9872489400000001
0.49613225
0.99228972
0.9825917
0.9933867700000001
0.98909962
1.04392726
0.49485979
0.9949377800000001
0.99733592
0.99416397
0.9924364699999999
0.99262913
0.61948907
0.9917444000000001
0.9939017
0.9849622499999999
0.8531544700000001
0.99277139
0.98216927
0.99302847
0.9908292299999999
0.45122217
0.99034945
0.89647321
0.9927254999999999
0.99421
0.99374073
0.98858965
0.99369934
0.9932627100000001
0.98281205
0.98949156
0.9947073500000001
0.99095268
0.99294123
0.9912866
0.99311572
0.9943112700000001
0.99177188
0.99299633
0.99241812
0.99332703
0.96554307
0.99261996
0.99292746
0.9928035199999999
0.99369474
0.99288155
0.99318462
0.99302847
0.99305143
0.99298255
0.90718302
0.99199636
0.9940167099999999
0.96329089
0.99210177
0.9711583699999999
1.42706063
0.9931249099999999
0.99485481
0.99339596
0.9877984200000001
0.9918131
0.99468892
0.98847589
0.99299633
0.9942053900000001
0.9945829700000001
0.9937499200000001
0.99249151
0.9939109
0.98981994
0.9924685700000001
0.83212256
0.9965444999999999
0.99370854
0.9514770300000001
0.9091956
0.99295041
0.8246295
0.9919505399999999
0.99478568
0.99133694
0.9928586
0.70903298
0.99334541
0.9927209100000001
0.99406273
0.99306061
0.99460139
0.9946843099999999
0.99253738
0.98898119
0.9940213099999999
0.99316165
0.9917169199999999
0.99379591
0.9943527
0.99351085
0.9937683199999999
0.9858349200000001
0.9932673099999999
0.9921613600000001
0.99307898
0.9931478699999999
0.9914239
0.99184059
0.99369015
0.99263372
0.99297796
0.9913918599999999
0.9932673099999999
0.9886442700000001
0.99288614
0.9925511400000001
0.82866115
0.62061338
0.98682703
0.82648611
1.05256423
0.99437573
0.6194444
0.99318921
0.9927530299999999
1.13205989
0.99413175
0.9930560199999999
0.98716272
1.11588315
0.99486403
0.99246399
0.99167112
0.99363957
0.9907789499999999
1.1156686500000002
0.99253738
0.9938787000000001
0.99306061
0.99297796
1.16738349
0.99321218
0.99283106
0.9938603
0.9950945299999999
0.9598550299999999
0.99222095
0.99189556
0.98879449
0.9939293
0.92041062
1.1393271900000002
0.9932075899999999
0.9938879
0.9939799100000001
0.99224846
0.99421
0.993589
0.99407653
0.96550834
0.9923722600000001
0.9656993799999999
0.9914513599999999
0.99199636
0.99294123
0.9938832999999999
0.99365336
0.99288614
0.99210177
0.99307898
0.98323054
0.45187636
0.96609037
0.9947165699999999
0.99321218
0.54826243
0.99281729
0.82675338
0.9949977099999999
0.9922530399999999
0.99295041
0.99373613
1.21773262
0.99278975
0.99439875
0.99303765
0.31027933999999996
0.9901576599999999
0.99282647
2.39928903
0.9854051800000001
0.9951452500000001
0.9932673099999999
0.82740002
0.99172608
1.22950822
0.99342353
0.9938143100000001
0.9939431000000001
0.99546816
0.98866703
0.9929182799999999
0.9934327199999999
0.98500743
0.9930698
0.99331784
0.9917215
0.9941133499999999
0.81703698
0.9852785900000001
1.0467054199999999
1.03958119
0.99334541
0.99313869
0.99264749
0.99120882
0.9952236499999999
0.95100932
0.9434968100000001
0.9934556999999999
0.9944355899999999
0.9847589999999999
0.98082351
0.93405404
0.9922438699999999
0.9942192
0.98567203
0.98426703
0.9884440499999999
0.99325812
0.97058337
0.98997052
0.99301469
0.99216594
0.99329028
0.99252362
0.99463364
0.98995226
0.23627386
0.99315247
0.99145594
0.99361199
0.91566585
0.9926842
0.9935016600000001
0.98823481
0.99230806
0.9925878400000001
0.82653064
0.99308817
1.02109421
1.2710764399999999
0.99292287
0.98428959
0.98974239
0.99190014
0.9928586
0.99127745
0.71035813
0.99251903
0.82837666
0.9930101
0.83251934
0.99450006
0.99338217
0.99240436
0.99244564
0.99241353
0.99540818
0.99298255
0.9932856800000001
0.99130033
0.99059157
0.9954497000000001
0.99469814
1.24603768
0.99214302
0.9936027900000001
1.12269703
0.99296419
0.99267043
0.9931938100000001
0.9937683199999999
0.99339596
0.99673877
0.8251871900000001
0.9897788799999999
0.82867713
0.9939615
0.9946751
0.99196887
0.71014436
0.93926697
0.9925052700000001
0.9873624200000001
1.14958574
0.99278975
0.33098857000000004
0.9923585
0.62181018
0.9944448
0.99242729
0.49676577
0.9904271
0.99267043
0.9931938100000001
0.9935016600000001
0.9927071399999999
0.9939799100000001
0.99162991
0.9900937500000001
0.99322137
0.99403972
0.99266125
1.1124495
0.98507972
0.9947073500000001
0.99400291
0.99356601
0.9936763500000001
0.98756675
0.99122712
0.8284309799999999
0.8288562500000001
0.7104051200000001
0.99329028
0.99279434
0.99033118
0.99281729
0.9927346699999999
0.96318288
0.9937821200000001
0.99348787
0.99404432
0.9865323600000001
0.9930560199999999
0.98776662
0.9936579600000001
0.9938465
0.99399371
0.99271173
0.9924364699999999
0.9926658399999999
0.9907149599999999
0.9955004599999999
0.99192305
0.99450006
0.9933592
0.9936165800000001
0.9931019499999999
0.99161617
0.94858965
0.6865093600000001
1.1107980499999999
0.99369015
0.9930101
0.992955
0.99331325
0.9922530399999999
0.99354763
0.99269796
0.9903951200000001
0.99486864
0.9929182799999999
0.9883121199999999
0.9945599300000001
0.99315706
0.99334541
0.82674702
0.9856901299999999
0.99309276
0.9931249099999999
0.96833384
0.99221637
0.94853099
0.9932075899999999
0.99416397
0.70899319
0.99311572
1.0895291
0.7369943600000001
0.99288155
0.94612807
0.99302388
0.9955512299999999
0.9941731699999999
0.9854051800000001
0.99155665
0.9939799100000001
0.99012114
0.9945875700000001
0.99286778
0.7104756299999999
0.9941731699999999
0.9926016099999999
0.9945829700000001
0.99377752
0.9939707099999999
0.99254197
0.99197803
0.99637805
0.9928586
0.99375912
0.99323974
0.98382062
0.9896694100000001
0.9943665199999999
0.99348328
0.99257867
0.9930698
0.98856235
0.99376372
0.99324893
0.9938143100000001
0.9864236099999999
0.9892864400000001
0.9939017
0.9768838
0.99320299
0.99413175
0.9943665199999999
0.9936027900000001
0.9941133499999999
0.99297796
0.9901804900000001
0.99262913
0.49609672000000005
0.9934603
0.9869358800000001
0.99307439
0.82662291
0.7093468199999999
0.9945323
0.9946658899999999
1.0388369
0.9924685700000001
0.99321677
0.7062394999999999
0.99286778
0.9932856800000001
0.82307764
0.9934143400000001
0.9931938100000001
0.99251903
0.99360739
0.9920467700000001
0.99517292
0.99379591
0.99551892
0.99299633
0.9934419099999999
0.99368095
1.18420441
0.99371314
0.99315247
0.9939201
0.9939477
0.99354763
0.99428825
0.49606464
0.71183921
0.99323974
0.8548899900000001
0.99655375
0.86508016
0.99330866
0.99325352
0.99955021
0.98256923
0.9916528
0.7984190099999999
0.99261537
0.99357521
0.98401897
0.99375912
0.8248829000000001
0.9916024400000001
0.99051846
0.9944448
0.99404432
0.9931203200000001
0.9681373999999999
0.99309735
0.99275762
0.9932719
0.9891132899999999
0.98993401
0.99166196
0.99425603
0.99346489
0.9886442700000001
0.9922713799999999
0.99298714
0.9931341
0.9851113599999999
0.99318003
0.99410414
0.90893777
0.8963011000000001
0.88769439
0.9934327199999999
0.9933408199999999
0.99330866
0.99289073
0.7094405500000001
0.89627117
0.7867249099999999
0.62184439
0.99161617
0.98068466
0.99150171
0.70896978
0.62169137
0.82695396
0.98936392
0.99364417
0.99357061
0.99483638
1.00431832
0.8265529100000001
0.99109903
0.98993401
0.61959095
0.9939063
0.8251269499999999
0.8281466500000001
0.82866434
0.81062814
0.99286778
0.99113105
0.9936487700000001
0.99354763
0.99666938
0.99477647
0.99284942
0.99349707
0.99217511
0.9938971
0.9965398799999999
0.99909448
0.99414096
0.99379131
0.9938005099999999
0.98870344
0.55194026
0.99344651
0.6207569000000001
0.99362118
0.9930101
0.9941455600000001
0.70487877
0.99442638
0.9938419000000001
0.9927346699999999
0.99283565
0.9939017
1.1288583300000001
0.99339596
0.99295041
0.9931295
0.9793518899999999
0.99298255
0.9946797100000001
0.9855725099999999
0.6206349
0.82654973
0.99271173
0.9939063
0.99439414
0.98869889
0.70967266
0.99277139
0.62051654
0.82830636
0.99061442
0.99355222
0.98508876
1.0706263
0.99340055
0.9935200500000001
0.99351545
0.49812547
0.55177575
0.29823221
0.9938925000000001
0.99284942
0.99369934
0.7505010299999999
1.03995373
0.9939293
0.99269796
0.99321677
0.9911768
0.99277598
0.9935016600000001
0.9938419000000001
0.70895106
0.98772119
0.99408573
0.9941455600000001
0.99330866
0.99346949
0.99156123
0.82840861
1.12808151
0.9927025500000001
0.45158939
0.99283565
0.9931295
0.9940903400000001
0.99194596
0.97810292
0.99446322
0.9937683199999999
0.9940903400000001
0.99503459
1.00485405
0.99283565
0.9854911
0.99442638
0.9930101
0.99370854
0.99155207
0.9944494
0.9181086399999999
0.98783932
0.9931478699999999
0.9933546
0.83246125
0.99575434
0.9938143100000001
0.99364417
0.70875685
0.4940026
0.99334541
0.98754858
1.17568552
0.99302388
0.99296419
0.97117593
0.9934327199999999
0.9922713799999999
0.99491934
0.9933867700000001
0.993589
0.9931295
0.9922530399999999
0.9932075899999999
0.99341894
0.7011161300000001
1.30703439
0.9939615
0.9860522
0.98493966
0.99336839
0.9930009200000001
0.98956908
0.9941133499999999
0.9881711400000001
0.9927025500000001
0.9932765
0.99429746
0.9933362200000001
0.9913094800000001
0.9943665199999999
0.99372693
0.9933592
0.98905862
0.9942053900000001
0.99407653
0.99247316
0.9938511
0.9938832999999999
0.9936625600000001
0.9925052700000001
0.9938373
0.9459113600000001
0.99260619
0.82475301
0.82498114
0.99352924
0.9920330199999999
0.9928586
0.98948245
0.99356601
0.9933867700000001
0.98389725
0.99318003
0.9922622099999999
0.99297337
0.99230806
0.8275243600000001
0.62109622
0.99373153
0.9924594
0.41249374000000005
0.99281729
0.98924087
0.99219803
0.9936763500000001
0.99915026
0.99325352
0.9923722600000001
0.9938557
0.99354763
0.99354303
0.9940167099999999
0.9872353300000001
0.99349707
0.9947718600000001
0.9938787000000001
0.99293664
0.98763488
0.33111922
0.99026725
0.99318921
0.99305143
0.9933040599999999
0.99261078
0.99635031
0.99225763
0.98911785
0.99280811
0.99163449
1.06166538
0.99372233
0.99473039
0.99268878
0.9931478699999999
0.99283565
0.9026643599999999
0.99336839
0.99486403
0.82494945
0.9939201
0.99170776
0.9921201000000001
0.99445401
0.99334541
0.99231723
1.3206344300000001
0.9928769599999999
0.99297796
0.99299633
0.99331784
0.9945599300000001
0.99254197
0.99154749
0.9922347
0.99377292
0.9938557
0.99223929
0.9932075899999999
0.99288155
0.99311572
0.99361199
0.9931341
0.9927025500000001
0.99336379
0.98450618
0.9933592
0.9929687800000001
0.99321218
0.99365336
0.99344651
0.99229889
0.98983363
0.97827224
0.99255573
0.99369474
0.9939293
0.99286319
0.96051618
0.99267043
0.9899248799999999
0.98704475
0.9928769599999999
0.9923126499999999
0.9934786800000001
0.9931249099999999
0.99050476
0.9943711199999999
0.9929458200000001
0.99756293
0.9920788500000001
0.99254197
0.9938051099999999
0.99303306
0.99421
0.9938419000000001
1.11217872
0.9933362200000001
0.9922347
0.97042986
0.8285716200000001
0.70908683
0.6205811
0.98603409
0.99264749
0.9134924200000001
0.99517753
0.9887899400000001
0.98476352
0.97854861
0.9922622099999999
0.99253279
0.9927025500000001
0.9932259600000001
0.99375452
0.9932994700000001
0.98808476
0.99262913
0.99307439
0.99439875
0.99240895
0.98802566
0.99337758
0.99679429
0.84539944
0.35477185
1.52656756
0.99356142
0.81774633
0.98825755
0.9920880200000001
0.99446322
0.99340974
0.4629794
0.99328109
0.96032289
0.99263372
0.99491012
0.99048648
0.99372233
0.99292746
1.1389888000000001
0.99279434
0.99360739
0.9933729800000001
0.99097097
0.99338217
0.99333163
0.99316625
0.98786204
0.9864961099999999
0.99407653
0.9953804900000001
0.99339596
0.99259702
0.99135525
0.6195945300000001
0.9927668
0.9933546
0.9906372600000001
0.9927254999999999
0.99297796
0.99279893
0.99297796
0.49649128
0.99012114
0.9928448299999999
0.99283565
0.9758494799999999
0.99348787
0.99257867
0.99352464
0.9932719
0.99351545
0.99238602
0.99323056
0.98654143
0.9933040599999999
0.9946797100000001
0.99325352
0.99257867
0.99303765
0.98617446
0.8276232299999999
0.99399371
0.99342353
0.99353843
0.9923905999999999
0.99418238
0.9938051099999999
0.99248692
0.971255
0.9932765
0.9928127000000001
0.9930009200000001
0.98597977
0.9826681399999999
0.98754404
0.99221178
0.9946704900000001
0.99266125
0.9943158699999999
0.99256032
0.99359819
0.99307898
0.99363038
0.99184059
0.99243188
0.9703509300000001
0.99347409
0.99536204
0.99311572
0.99230806
0.9937499200000001
0.9943434999999999
0.55153484
0.9951590899999999
0.9910258500000001
0.9932856800000001
0.99200553
0.99222095
0.98693134
0.9932627100000001
0.99231723
0.99271632
0.99369015
0.99202844
0.9928953199999999
0.99382811
0.9945645399999999
0.99627173
0.9855318
0.99347409
0.99321677
0.62099743
0.9951637
0.99330866
0.9930101
0.9931938100000001
0.99106701
0.99064183
0.99647977
0.98442495
0.99268878
0.9938373
0.9926933699999999
0.99441256
0.99339136
0.99273009
0.8993377499999999
0.99315706
0.99309276
1.1331052099999999
0.99610537
0.49617467
0.9926933699999999
0.9941133499999999
0.99261537
0.9927530299999999
0.99242729
0.99178562
0.9920926
0.99410414
0.9934373200000001
0.98083247
0.99318921
0.85723099
0.99364417
0.99487786
0.82664518
1.00443106
0.98596618
0.99195971
0.44904641
0.86122576
0.71032993
0.98915429
0.99333163
0.99336379
0.99382351
0.99302847
0.99188182
0.99328109
0.9947396000000001
0.9945276900000001
0.99477647
0.99438033
0.6199970100000001
1.32029342
0.9929687800000001
0.9935016600000001
0.9925511400000001
0.99346949
0.9928586
0.99279434
0.9931295
0.99044994
0.99369474
0.99400751
0.99324893
0.98703114
0.9532636
1.5190089
0.9914650899999999
0.9939338999999999
0.99348328
0.99317543
0.98387471
0.9888354699999999
0.9941685699999999
0.99372233
0.99080638
0.98765759
0.99373613
0.97774221
1.01600721
0.99442177
0.99316625
0.9934556999999999
0.9069607999999999
0.83069982
0.9939661
0.98981082
0.99201928
0.9922668
0.99238602
0.99361199
0.99324434
0.97355785
0.99340515
1.10572492
1.27547019
0.7093022999999999
0.9944494
0.9066583
0.9938787000000001
0.99229889
0.9844294600000001
0.71029939
0.82709091
0.38204586999999995
0.9938005099999999
0.9944586099999999
0.9938695
0.99297337
0.9926016099999999
0.9915978599999999
0.9922072
0.82976258
1.01807839
0.99965257
0.99192305
0.99362578
0.9912866
0.99460139
0.9921063499999999
0.99240895
0.99280811
0.992955
0.9941961899999999
0.98343766
0.9931984
0.9920238600000001
0.99259702
0.99302388
0.99221637
0.9946106
0.99341894
0.992955
0.9927851599999999
0.9920742699999999
0.9863873599999999
0.99297796
0.98661395
0.99400291
0.9939201
0.99020789
0.99197345
0.70263245
0.99239519
0.9927668
0.99418698
0.98938671
0.99463364
0.99340515
0.99349707
0.9943112700000001
0.55264762
0.35505280999999994
0.99381891
0.99279893
0.9931478699999999
0.9908566600000001
0.9851791400000001
0.9932075899999999
0.99321677
0.99211094
0.99332703
0.99261996
0.9605290700000001
0.95119887
0.9889766400000001
0.99201928
0.9931938100000001
0.99365336
0.98843495
1.18263925
0.99363038
0.99398451
0.99279893
0.99344651
0.99403052
1.19779105
0.99321677
0.98863517
0.99215677
0.99300551
0.99279434
0.99331784
0.99298255
0.9935016600000001
0.9942514199999999
0.9942053900000001
0.9943158699999999
0.9914696700000001
0.9915749599999999
0.9953159100000001
0.99211552
0.9938373
0.99302847
0.99325812
0.99548201
0.9883348700000001
0.9935062600000001
0.99353384
0.99341894
0.99300551
0.99441256
0.99168486
0.99277598
0.9923905999999999
0.9928127000000001
0.99513142
0.9938787000000001
0.9920834399999999
0.99362118
0.9898609999999999
0.98573537
0.9920880200000001
0.9931984
0.9941961899999999
0.9947949
0.99045907
0.9936165800000001
0.9865368999999999
0.9932765
0.9936165800000001
0.99155665
0.99372233
0.99269796
0.99182684
0.99266125
0.98798475
0.9923585
0.95097563
0.9958420800000001
0.9931432800000001
0.9836133300000001
0.99415937
0.9917169199999999
0.9927484400000001
0.99293205
0.99432508
0.99321677
0.99218886
0.99424222
0.99254655
0.99283565
0.9938511
0.9929458200000001
0.9931938100000001
0.98871255
0.9929045000000001
0.99274385
0.99479029
0.99224846
0.99342353
0.98995683
0.9940213099999999
0.9913094800000001
0.2068245
0.99366716
0.9965491299999999
0.9943342900000001
0.99275762
0.9939385000000001
0.98735334
0.99362118
0.9757342
0.99294123
0.99336839
0.9932856800000001
0.99325352
0.99357521
0.9943158699999999
0.9945369
0.99108988
0.99300551
0.98670008
0.99294123
0.9930009200000001
0.99257408
0.8320838700000001
0.9070565700000001
0.62018681
0.9935936
0.9927530299999999
0.99265666
0.99302388
0.9925511400000001
0.99337758
0.9933408199999999
0.99293664
0.9933867700000001
0.9922805499999999
0.9933408199999999
0.9935936
0.94110692
0.9928769599999999
0.99337758
0.99109903
0.99322137
0.99274385
0.99156123
0.99302388
0.99198262
0.82693803
0.9927209100000001
0.99094811
0.99323974
0.8271132099999999
0.99261537
0.70764981
0.98905862
0.99244105
0.9857037
0.99398451
0.71288367
0.99252362
0.99630871
0.9933408199999999
0.99573588
0.98394233
0.9920971900000001
0.61799158
0.9134807600000001
0.99507608
0.99357061
1.11682909
0.99236309
0.98591639
0.99432968
0.9898473099999999
0.9939615
0.9913506700000001
0.99404892
0.8195657900000001
0.98381611
0.9835232399999999
0.9946566699999999
0.99227597
0.99302847
0.99219803
0.992955
0.9935062600000001
0.9937039400000001
0.82860679
0.99177646
0.99296419
0.82658154
0.99124542
0.9995409
0.99416397
0.9939017
0.992955
0.99027181
0.99213844
0.99369474
0.99296419
0.9931203200000001
0.55101972
0.99292746
0.99374533
0.99360739
0.99265208
0.9915337599999999
0.99273009
1.08973367
0.99263372
0.9918634900000001
0.99316625
0.99014853
0.99318462
0.99329487
0.99363497
0.8305970100000001
0.9928448299999999
0.9954497000000001
0.9928953199999999
0.99307898
0.98660488
0.99363957
0.9930009200000001
0.99277139
0.96079551
0.9934327199999999
0.9920467700000001
0.9938373
0.70921094
0.99274385
0.99289073
0.9930560199999999
1.0265071000000001
0.99227597
0.9942053900000001
0.99288155
0.7089042499999999
0.9761999299999999
0.9939799100000001
0.9923309899999999
0.99221637
0.99352924
0.99464746
0.99304225
0.9917581400000001
0.9944309800000001
0.9917031799999999
0.70930464
0.9929917399999999
0.9092494999999999
0.82867394
0.99447243
0.91615024
0.45220464
0.98979713
0.97832572
0.99359819
0.9956620100000001
0.99427904
0.9923126499999999
0.99324434
0.99339136
0.9847273900000001
0.99462903
0.99583284
0.9938005099999999
0.87724005
0.99647514
0.9938465
0.99355222
0.99368555
0.9925144400000001
0.99154749
0.99253279
0.99309735
0.96549098
0.99266125
0.55096176
0.99478568
0.99759074
0.99304684
0.99375452
0.9923126499999999
0.9939707099999999
0.38116162000000003
0.9931478699999999
0.9935016600000001
0.99347409
0.99180852
0.9946704900000001
0.9943527
0.99340515
0.99257867
0.99369474
0.9928448299999999
0.99307898
0.99196887
0.99292287
0.98904496
0.99241812
0.99132779
0.98336561
0.9930101
0.9250254800000001
0.9931938100000001
0.99163907
0.82837346
0.99308817
0.99382351
0.62046455
0.99474421
0.9855725099999999
0.99488247
0.9950299800000001
0.9928586
0.99403512
0.9887899400000001
0.99286778
0.99247775
0.99344651
0.99334541
0.99366716
0.7079204099999999
0.9949792700000001
0.9938879
0.96203512
0.9939707099999999
0.7131938200000001
0.70760784
0.9927622100000001
0.9938787000000001
0.99249151
0.9929182799999999
0.99210177
0.99356142
0.82671519
0.99374073
1.03252845
1.10576477
0.99448624
0.99344651
0.9926383099999999
0.99340974
0.99124542
0.99377752
0.9923264
0.99028551
0.98346018
1.08963967
1.39470537
0.9935016600000001
0.99369934
0.9911127500000001
0.9935936
0.49348267999999995
0.70904703
0.99228972
0.8304942200000001
0.49674049
0.55189062
0.99301929
0.9942007900000001
0.9928448299999999
0.98666381
0.9926933699999999
0.99332703
0.9934143400000001
0.9865142400000001
0.99518676
0.99618392
0.99360739
0.9942007900000001
0.99266125
0.98543683
0.99335001
0.99292287
0.99357521
0.9939247
0.7786436600000001
0.9877121
1.07689173
0.99339136
0.98564036
0.9851610700000001
0.9947396000000001
0.9967572800000001
0.9926842
0.99331784
0.99369934
0.99242271
0.99348328
0.99279893
0.9934373200000001
0.99366716
0.9930101
0.99261537
0.9958559300000001
0.99729423
0.9927025500000001
0.9941731699999999
0.9906509699999999
0.9835457599999999
0.9939799100000001
0.99273009
0.99303765
0.99239978
0.98404152
0.9938419000000001
0.99445401
0.9926016099999999
0.99674802
0.3288124
0.9866456800000001
0.99530207
0.99192763
0.99289073
0.99206052
0.9944079600000001
0.9885396
0.99228972
0.99337758
0.9928723700000001
0.99202844
0.98870344
0.99298255
0.9158689200000001
0.9927071399999999
0.9938832999999999
0.95255746
0.98066227
0.99163907
0.99036772
0.9926658399999999
0.9907195299999999
1.01150875
0.6892769400000001
0.9933362200000001
1.1223567
0.99323515
1.16075178
0.99083381
0.62062593
0.99059614
0.99298255
0.99285401
0.9939293
0.9926383099999999
0.9581548200000001
0.62072998
0.99264749
0.99404432
0.27568458
0.99370854
0.9927209100000001
0.9938097100000001
0.99451388
0.99298255
0.99055501
0.9943527
0.82703676
0.9955050799999999
0.9934281300000001
0.99406733
0.41379964999999996
0.99363957
0.9929045000000001
0.82672156
0.70784808
0.98691774
0.99339596
0.99230806
0.99355682
1.1395690299999999
0.99368095
0.9857987199999999
0.9897788799999999
0.99355222
0.9942468200000001
0.99271632
0.82853646
0.9928035199999999
0.97200234
0.99426063
0.98054584
0.99409954
0.98616541
0.9938373
0.98786204
0.99284942
0.9934373200000001
0.99340974
0.9916024400000001
0.9908886699999999
0.90035203
0.9931478699999999
0.929868
0.97857983
0.9916528
0.99279434
0.98676355
0.99282647
0.99284024
0.99046821
0.99666938
0.99228514
0.9302184200000001
0.9654388899999999
0.95363189
0.99254655
0.9949285600000001
0.99194138
0.99248692
0.9939753100000001
0.99399831
0.98707651
0.9934924700000001
0.99424222
0.99381891
0.70898617
0.99302847
0.99120425
0.47279533
0.99254655
0.9930101
0.99296419
0.99382811
0.99284024
0.9940903400000001
0.82827122
0.9911447699999999
0.98955084
0.99310654
0.9946152100000001
0.99304684
0.95407675
0.82846294
0.99235392
0.7062975699999999
0.98445654
0.9916070100000001
0.99383271
0.99437573
0.99301929
0.82054596
0.9938373
0.99317543
0.7111438200000001
0.9929136900000001
0.9862831599999999
0.99303306
0.98940039
0.99342353
0.99252362
0.99311572
0.7078177499999999
0.75100758
0.7091851800000001
0.99265208
0.99348787
0.99332703
0.99286778
0.9927071399999999
0.99141932
0.99248233
0.99353843
0.9914376300000001
0.98806657
0.9873124900000001
1.0407904000000001
0.99210177
0.99412255
0.99292287
0.99156581
0.9911768
0.99445401
0.97512278
0.9934511100000001
0.9943434999999999
0.9942284100000001
0.8286004
1.18063667
0.99363497
0.99302388
0.99161159
0.70369847
0.82864516
0.99318921
0.8249843099999999
0.99497005
0.99448624
0.99308817
0.9928127000000001
1.03504661
0.9874713900000001
0.96993458
0.9925878400000001
0.98582587
0.99410414
0.99318921
0.99355222
0.99447243
0.9945553300000001
0.99325352
0.99253279
0.9916756999999999
0.99289991
0.99308817
0.99286319
1.05277063
0.99336379
0.99293664
0.9937499200000001
0.99309735
0.9914513599999999
0.9929917399999999
0.7105649599999999
0.99474882
0.9847815799999999
0.9903220500000001
0.9920971900000001
0.9942698400000001
0.98624693
1.10187829
0.991035
0.9929917399999999
0.98969677
1.1090884699999999
0.9923905999999999
0.99002072
0.9887489600000001
0.99444019
0.9938557
0.9862424
0.99257867
0.99288155
0.98907685
0.99377292
0.99414096
0.8266324500000001
0.9920971900000001
0.99296419
0.99308817
0.99288614
0.99669251
0.9931432800000001
0.99338217
0.99408573
0.70971018
0.99483638
0.9936165800000001
0.99336379
0.99406273
1.03821916
0.9884667899999999
0.89122737
0.99255573
0.99491934
1.00209223
0.98541422
0.9932994700000001
0.99400291
0.99245023
0.99288614
0.99330866
0.992955
0.98891288
0.99369015
0.99437573
0.99368555
0.82037042
0.8291058499999999
0.99404432
0.99447243
0.9947810800000001
0.45118994
0.55347231
0.55173606
0.9932627100000001
0.99398911
0.99046364
1.07327495
0.9936487700000001
0.99351085
0.99244564
0.99331325
0.49696925000000003
0.87532706
0.99375452
0.9933867700000001
0.99132779
0.99409494
0.9903585800000001
0.99280811
0.9934419099999999
1.21742196
0.98865792
0.71001522
0.98341064
1.02132245
0.99399831
0.9847003
0.61872159
0.9929917399999999
0.98879449
0.9947534299999999
0.9920880200000001
0.9933546
0.61553647
0.99552354
0.9877756999999999
0.9932856800000001
0.98286153
0.992955
1.11227665
0.99092067
0.99332244
0.99280811
0.49684507000000006
0.9915337599999999
0.9938465
0.99408113
0.994735
0.99183601
0.9925649
0.99340974
0.9938603
0.9091609599999999
0.54217063
0.99442638
0.98463258
0.9928035199999999
0.9923218199999999
0.99240436
0.90701826
0.99355222
0.99125457
0.99296419
0.9928035199999999
0.99297337
0.99304225
0.9938097100000001
0.9927025500000001
0.82744146
0.99293205
0.99212469
0.99303306
0.99354303
0.9683556799999999
1.2463992799999999
0.99101213
0.99365336
0.9654692699999999
0.992955
0.9824478600000001
0.9927254999999999
0.9927805700000001
0.99293664
0.99398451
1.03732648
0.99284024
1.06184386
0.9939707099999999
0.99093896
0.9916070100000001
0.99410874
0.99368555
0.99044994
0.99034945
0.99340515
0.99261537
0.9940903400000001
0.99371314
0.7095155599999999
0.9939661
1.1083157300000002
0.9932075899999999
0.8232259399999999
0.99156581
0.99043166
0.99304225
0.99302388
0.99320299
0.99180394
0.99257867
0.99042253
0.98981994
0.99324434
0.9938787000000001
0.99355682
0.99228514
0.99288614
0.99445401
0.9942468200000001
0.55134651
0.82871871
0.99334541
0.99277139
0.9907880900000001
0.45113306999999997
0.99304225
0.41400148000000003
0.99119967
0.9933592
0.99374533
0.99263372
0.9953251299999999
0.99176272
0.82688072
0.99297796
0.99410414
0.98868523
0.9955558499999999
0.99340974
0.99368555
0.99167112
0.9929917399999999
0.99308817
0.9932856800000001
0.99288614
0.9931984
0.99252362
0.99249151
0.99261078
0.9911813700000001
0.81756577
0.99568509
0.41314527
0.99355222
0.99201928
0.9931478699999999
0.99194596
0.99302388
0.99256949
0.99403052
0.98256473
0.99180394
0.99230806
0.9867590199999999
0.99335001
0.9906463999999999
0.99240436
0.9934281300000001
0.9932719
0.99379131
0.9932259600000001
0.99348328
0.98513847
0.9756233799999999
0.99288614
0.99239978
0.99421
0.9932765
0.99301469
0.99190472
0.99406273
0.9932075899999999
0.9935062600000001
0.99182226
0.9925649
0.99374073
0.9890085200000001
0.99227597
0.9942238
0.99191847
0.99046364
0.9934924700000001
0.98492159
0.8689551600000001
1.08326371
1.0674492100000001
0.9935062600000001
0.99440335
0.9927668
0.94836344
0.9944309800000001
0.99371314
0.99423301
0.99432048
0.99565739
0.99211552
0.9938097100000001
0.99194138
0.9946751
0.99246399
0.9940581199999999
0.9879620199999999
0.99379131
0.9934281300000001
0.96495736
0.9917169199999999
0.99269796
0.99283565
0.99240436
0.6532229900000001
0.99285401
0.99375912
0.99357521
0.99406273
0.99324893
0.9939247
0.99539434
0.99496083
0.55100841
0.993589
0.70790408
0.93422877
0.8249589500000001
0.99253738
0.99336839
0.9930009200000001
0.99263372
0.99310654
0.9933362200000001
0.9965491299999999
1.21415935
0.9938557
0.99212469
0.99247316
0.9927668
0.98912696
0.99293205
0.9908109500000001
0.99353843
0.99239978
0.99027181
0.99228514
0.99308358
0.9939799100000001
0.9965861300000001
0.99941996
0.99029921
0.99438033
1.0997002500000002
0.99220261
0.9937821200000001
0.9938787000000001
0.7093514999999999
0.99398451
0.99466128
0.99374073
0.9935016600000001
0.99357521
0.9934143400000001
0.99576358
0.82345638
0.9938879
0.99239519
0.97593374
0.99552815
0.99335001
0.9941271500000001
0.99305143
0.9904407999999999
0.99293664
0.9938465
0.9927668
0.9948962899999999
0.9933040599999999
0.9925282
0.9955373799999999
0.99430206
0.99300551
0.9207736900000001
0.99369015
0.5518892000000001
0.98800293
0.99309276
0.9930560199999999
0.99307439
0.9931111300000001
0.99310654
0.9943665199999999
0.99135982
0.99289073
0.99288155
0.99183143
0.99265666
0.99373613
0.99253738
0.99256949
0.99255573
0.99248692
0.9931432800000001
0.99318003
0.99295041
0.99324893
0.9943158699999999
0.99318921
0.99369934
0.9936579600000001
0.99454612
0.99371314
0.9938097100000001
0.9923585
0.99373153
0.9931019499999999
0.9933408199999999
0.99277598
0.99357061
0.9932673099999999
0.9912728799999999
0.9928586
0.99338217
0.99162533
0.99376372
0.99265208
0.9927805700000001
0.99240895
0.82866434
0.99289073
0.9955789199999999
0.99357981
0.9913049100000001
0.99029465
0.99357521
0.62058468
0.99225763
0.99273926
0.99351545
0.99446782
0.9928448299999999
0.99316625
0.9952743900000001
0.99301929
0.99360739
0.9912728799999999
0.99306521
0.99197803
0.9921063499999999
0.9920650999999999
0.9927851599999999
0.98776207
0.99324893
0.99432968
0.99259243
0.98770301
0.9931203200000001
0.99309735
0.99339596
0.9931295
0.98789839
0.9929917399999999
0.9885122900000001
0.99285401
0.9937039400000001
0.9852379
0.99279434
0.98694041
0.99349707
0.9932075899999999
0.99341894
0.99564354
0.98342415
0.99220261
0.9939338999999999
0.99423301
0.99156581
0.9890814
0.9937499200000001
0.9914330499999999
0.61652962
0.99217511
0.99233558
0.9948870700000001
0.99648439
0.9936027900000001
0.9952052100000001
0.98493966
0.9939799100000001
0.99304684
0.99480873
0.99223929
0.9925144400000001
0.9923264
0.9917444000000001
0.99279893
0.99284942
0.9920559400000001
0.9906326900000001
0.99162533
0.9937499200000001
0.99221637
0.9925144400000001
0.99323056
0.99462903
0.9954635500000001
0.9950207600000001
0.99288614
0.9927530299999999
0.99260619
0.9938557
0.99401211
0.99304684
0.45053491
1.0000343
0.99353384
0.98935936
0.99421
0.8264701999999999
0.99468892
0.82851089
0.98593902
0.62148807
0.9917581400000001
0.97954398
0.9939063
0.327706
0.99906194
0.45128855
0.99301469
0.9926842
0.99197345
0.9113988999999999
0.99289073
0.9938603
0.9898245
0.9936027900000001
0.99902476
0.9933040599999999
0.9934281300000001
0.9945691499999999
0.99423301
0.96553439
0.99379131
0.9759293099999999
0.62803489
0.99293205
0.9942698400000001
0.99363497
0.99079723
0.70228548
0.9938971
0.99368555
0.99297337
0.99202844
0.9941731699999999
0.9938832999999999
0.99223929
0.99336839
0.9929090899999999
0.9836809200000001
0.9758627900000001
0.9926383099999999
0.9941685699999999
0.9916986
0.99340055
0.9939523
0.45119467999999996
0.91624405
0.99362118
0.9929182799999999
0.99236767
0.98868523
0.99177188
0.9895326
0.9926383099999999
0.99255573
0.99159328
0.8287283
0.9907423799999999
0.98350522
0.99352924
0.99213844
0.99403052
0.99429746
0.99203761
0.99248233
0.99342353
0.99448624
0.9962070300000001
0.99318462
0.99221178
0.9927071399999999
0.99303306
0.9870266
0.9938925000000001
0.99323056
0.99262455
0.99354763
0.9925052700000001
0.9923905999999999
0.9929687800000001
0.9965444999999999
0.99274385
0.99254655
0.99283565
0.99286319
0.9930698
0.9929045000000001
0.99455072
0.9851610700000001
0.99120882
0.99321677
0.99279434
0.99382351
0.99419158
0.99187724
0.9939753100000001
0.9920834399999999
0.99278975
0.98994314
0.99315247
0.99525133
0.99374073
0.9931203200000001
0.82479419
0.99462442
0.9850029100000001
0.99318462
0.99246399
0.8282009499999999
0.99300551
0.98715818
0.99255573
0.99267043
0.9931019499999999
0.62072819
0.99376372
0.9949931
0.99341894
0.9773995499999999
0.71168115
0.91609943
0.99190014
0.9934556999999999
0.99195971
0.9939017
0.9942284100000001
0.62059544
0.99317543
0.99364417
0.9939753100000001
1.04104772
0.98420388
0.98522886
0.99351545
0.99216594
0.98641454
0.9933867700000001
0.97316079
0.9834827
0.9938465
0.99464746
0.98930923
0.99075609
0.99190472
0.99334541
0.99212469
0.99363038
0.994735
0.99256032
0.9643420399999999
0.99336379
0.99254655
0.9934924700000001
0.99318462
0.9943112700000001
0.99351085
0.9926933699999999
0.99280811
0.38278815
0.99363957
0.99404892
0.99195512
0.99321218
0.99322137
0.99271173
0.9934419099999999
0.9921201000000001
0.99430206
1.15709925
0.9316025600000001
0.99322137
0.99331784
0.9614837799999999
1.04120419
1.09267793
0.99492395
0.98685878
0.9922622099999999
0.99265666
0.98493515
0.9901531
0.98860331
0.9915337599999999
0.99368555
0.9939661
0.82696988
0.9927209100000001
0.90505725
0.95093773
1.08373385
0.71007626
0.99325352
0.99122712
0.9920880200000001
0.9855725099999999
0.99537127
0.99201928
0.98670461
0.99068296
0.99216594
0.93408654
0.83068697
0.9938879
1.11724744
0.8275435
0.9929136900000001
0.9932765
0.99409954
0.9707852
1.11938474
0.55268744
0.99403052
0.99477647
0.99651676
0.90692633
0.9940903400000001
0.712054
1.10894529
0.99362578
0.54944496
0.9925649
0.99341894
0.99368555
0.99265208
0.99325812
0.9899659599999999
0.9934419099999999
0.99450006
0.99336839
0.99366716
0.99462903
0.9938465
0.99257408
1.26266119
0.9938005099999999
0.70810015
0.99363038
0.9955835399999999
0.99339596
0.9892682100000001
0.9933040599999999
0.9927071399999999
0.99609151
0.99162533
0.70637656
0.9731916599999999
0.99309735
0.94145761
0.99306521
0.9946704900000001
0.99269796
0.99190931
0.9939431000000001
0.9938695
0.98969677
0.9989085900000001
0.99349707
0.9923126499999999
0.92681
0.99339136
0.82983633
0.9938787000000001
0.9937683199999999
0.62265214
0.99409954
0.99246399
0.98775299
0.9927805700000001
0.70977586
0.99141932
0.97781344
0.9922622099999999
0.99302388
0.9933729800000001
0.9939338999999999
0.99278975
0.99221637
0.99403512
0.99318462
0.99228514
0.99351545
0.99346949
0.9908840999999999
0.9939155
0.9921063499999999
0.9911813700000001
0.99315706
0.9915383400000001
0.99321677
0.9931295
1.01543552
1.00728612
1.00169492
0.99332703
0.98481319
0.99353384
0.99323515
0.95800949
0.9391314199999999
0.99304684
0.99261078
0.99427444
0.9916802800000001
0.9943434999999999
0.96292806
0.9942007900000001
0.9943481
0.9934373200000001
0.9940581199999999
0.9944355899999999
0.826642
0.98720356
0.99371314
0.7086329
0.99329487
0.99292287
0.99285401
0.99351545
0.9931984
0.98458292
0.99189098
0.9935062600000001
0.55196154
0.99317543
0.99368555
0.99334541
0.99304225
0.9936763500000001
0.9924364699999999
0.99382351
0.99248692
0.99398451
0.99399831
0.99333163
0.9932765
0.99324434
0.9932719
0.99365336
0.82855564
0.99304225
0.9907241
0.9928769599999999
0.99318003
1.4265582
0.99409494
0.9929045000000001
0.99335001
0.70744699
0.99323974
0.9927805700000001
0.99328109
0.9939431000000001
0.9948179399999999
0.9936717500000001
0.99325352
0.9865051699999999
0.9939201
0.82656882
0.9841497499999999
0.9930009200000001
0.88756965
0.16547146000000001
0.99313869
0.82665154
0.99254655
0.9934373200000001
0.9947949
1.00836451
0.99306521
0.99359819
0.9976185399999999
0.99341894
0.98529667
0.8253933499999999
0.9931111300000001
0.99132321
0.9938787000000001
0.99282188
0.9925144400000001
0.99375452
0.9915749599999999
0.97826778
0.99440335
0.99316165
0.98954628
0.99166196
0.9911401999999999
0.99340974
0.99107159
0.99225763
0.9943158699999999
0.9938051099999999
0.993589
0.99305143
0.99281729
0.99373613
0.9918131
0.9923264
0.99304684
0.82723109
0.99303306
0.99240436
0.99177188
1.17174672
0.9849983899999999
0.9941731699999999
0.99432048
0.97174284
0.99372693
0.99414096
0.9933362200000001
0.99263372
0.70877323
0.9932075899999999
0.9340012299999999
0.9271741400000001
0.9906555400000001
0.99432048
0.90717536
0.99309276
0.9580565
0.9990991300000001
0.71044508
0.62061338
0.70887851
0.99059614
0.99182226
0.95810352
0.99480873
0.9929595999999999
0.99501615
0.99257408
0.99322137
0.58555067
0.98789839
0.9962486199999999
1.0617861100000001
0.9939569
0.82879227
0.9941501599999999
0.55170488
0.9946106
0.9931432800000001
0.99077438
0.99298714
0.9884531400000001
0.9938051099999999
0.9843708
0.41121415
0.98956452
0.82788167
0.99308817
0.99317543
0.62301884
0.99324434
0.9928953199999999
0.99355682
0.9941685699999999
0.99308817
0.99376372
0.99271173
0.9927346699999999
0.99267043
1.01009094
0.99221178
0.98511587
0.99451388
0.9944309800000001
0.7105038399999999
0.83237736
0.99329028
0.98413622
0.9343141300000001
1.09447111
0.9932673099999999
0.99379131
0.99329487
0.99019419
0.99033118
0.99423761
0.82777636
0.9931249099999999
0.99407193
0.99334541
0.9939661
0.9908018
0.99455072
0.9941455600000001
0.99366716
0.9934281300000001
0.98946421
0.98866247
0.9938879
0.99409494
0.9927025500000001
0.99357521
1.09529169
0.9657080600000001
0.9934786800000001
0.98438885
0.99307439
0.99299633
0.99307898
0.99383271
0.99356601
0.99334541
1.11577299
0.99317543
0.9940535199999999
1.08506995
0.99162991
0.9931249099999999
0.9923722600000001
0.99512681
0.99182226
0.9835863
0.9917169199999999
0.9928586
0.98728979
0.99973634
0.9833701100000001
0.9858665999999999
0.9933040599999999
0.95565192
0.99313869
0.9932719
1.0267525
0.9950807
0.8814709700000001
0.994735
0.94078534
0.9929687800000001
0.9847003
0.9837890699999999
0.99409954
0.98500743
0.99435731
0.99501615
0.9938648999999999
0.97233682
0.99356142
0.9925649
0.9931984
0.99355682
0.99318003
0.99340974
0.98365839
0.4131874
0.99355682
0.99303765
0.99340974
0.99455072
1.18293892
0.9942238
0.99631333
0.49811276
0.99382351
0.99496083
0.55105507
0.99557431
0.9911447699999999
0.9933362200000001
0.9931478699999999
0.9827400900000001
0.9483006199999999
0.99018962
0.8307062500000001
0.9927071399999999
1.01047117
0.99258325
0.9920880200000001
0.31128004
0.9877711600000001
0.99180852
0.99307898
0.9939247
0.99092525
0.9930560199999999
0.99073324
1.03531108
1.03251356
0.99323056
0.98987013
0.9870492900000001
0.9922713799999999
0.99206052
0.9909846899999999
0.99403052
0.9926383099999999
0.9951452500000001
0.9938695
0.99329028
0.9881165799999999
0.98511587
0.99366716
0.99332244
0.99221178
0.99399371
0.99145594
0.709225
0.98628769
0.9923126499999999
0.99305143
0.99213844
0.99401211
0.99306521
0.9881529600000001
0.99442638
0.99296419
0.98918163
0.99222095
0.9936027900000001
0.98640095
0.99184975
0.99349707
0.99240436
0.9937499200000001
19.37462692
0.9941501599999999
0.99344651
0.99075609
0.99191389
0.7104521300000001
0.9906555400000001
0.99256949
0.9929917399999999
0.9836133300000001
0.99351085
0.99318921
0.99304225
0.99299633
0.98593902
0.91562681
0.99366716
0.98656862
0.70639748
0.82799977
0.99306521
0.70901426
0.99289073
0.99194138
0.82890743
0.99155665
0.99170776
0.99344651
0.96020695
0.9936027900000001
0.99451848
0.99021702
0.99307439
0.99336839
0.99237685
0.8284277899999999
0.99285401
0.99201928
0.7087896
0.99369474
0.9923585
0.99250985
0.9931432800000001
0.99298255
0.98934113
0.9928586
0.99283565
0.9942238
0.99275762
0.99267043
0.99284024
0.99336379
0.9951590899999999
0.99145594
0.99140101
0.99320299
0.9889538600000001
0.99419158
0.99479951
0.99438033
0.98393782
0.99197345
0.9954404800000001
0.99240895
0.99304684
0.9942284100000001
0.9933729800000001
0.62057213
0.9929917399999999
0.99200095
0.99421
0.99218428
0.98669554
0.99211094
0.9909069599999999
0.99408573
0.9913049100000001
0.99341894
0.9933867700000001
0.9936763500000001
0.99178104
0.9942053900000001
0.99249609
0.9939615
0.9936027900000001
0.9789099299999999
0.9682159699999999
0.9932765
0.99092067
0.99342353
1.03505658
0.99346489
0.9950899200000001
0.9934327199999999
0.99493317
0.99339596
0.91575566
0.90450451
0.98503454
0.99249151
0.99301469
0.9934419099999999
0.9917444000000001
0.99331784
0.98730341
0.45122407000000003
0.99371314
0.9920467700000001
0.98679076
0.99109903
0.99083381
0.9881802399999999
0.99324434
0.99299633
0.82501917
0.99156581
0.96877505
0.8268648000000001
0.99340974
0.45172998
0.99103042
0.99293664
0.99225763
0.99286319
0.9929917399999999
0.9925878400000001
0.99351085
0.9932627100000001
0.9919872
0.9921934400000001
0.99446782
0.9934327199999999
0.96309217
0.9851565499999999
0.98714457
0.9135662499999999
0.9939017
0.99357521
0.8229136300000001
0.99266125
0.9577317700000001
0.9930009200000001
0.99300551
0.9926429
0.99349707
0.9953389699999999
0.9916756999999999
0.95084089
0.9907835199999999
0.9927622100000001
0.99246399
0.7090048899999999
0.99196887
0.45125252000000005
0.9939753100000001
0.99372693
0.9940167099999999
0.9929136900000001
0.98954172
0.99271632
0.99349707
0.99399831
0.98543683
0.99251903
0.9858349200000001
0.9927622100000001
0.99316625
0.99224846
0.9939109
0.99274385
0.9927851599999999
0.9931478699999999
0.99300551
0.96001379
0.9913323599999999
0.9937499200000001
0.99295041
0.9929595999999999
0.99375912
0.9863964199999999
0.9938097100000001
0.99306061
0.99236767
0.98548205
0.98955084
0.98418132
0.99222095
0.99510836
0.99324434
0.99033575
0.99062355
0.9904545
0.98733519
0.975681
0.9917215
0.9177790400000001
0.99379131
0.99407653
1.10554276
0.9926933699999999
0.9917581400000001
0.9938373
0.95885644
0.98451972
0.99288155
0.9942007900000001
0.9928448299999999
0.99361199
0.99325352
0.99867632
0.9931432800000001
0.99316625
0.99292287
0.99329028
0.99289073
0.99415937
0.49583442
0.82682023
0.62261965
0.99337758
0.9939109
0.99253279
0.99252362
0.99265666
0.99439414
0.98924998
0.99021702
0.9917535599999999
0.98990663
0.9928953199999999
0.99375452
0.99308817
0.99289991
0.99306061
0.99364417
0.9838116100000001
0.99289991
0.99346489
0.98626505
0.99362118
0.99247775
0.99409494
0.99263372
0.9934603
0.99140101
0.99217511
0.99323515
0.9920971900000001
0.99313869
0.9939338999999999
0.99363038
0.9928769599999999
0.99228514
0.9903905500000001
0.99478568
0.82698262
0.98712188
0.99421
0.99491012
0.99279434
0.9938648999999999
0.9869767
0.9934786800000001
0.99418698
0.9928448299999999
0.99267961
0.90704891
0.9931708399999999
0.95606035
0.99228972
0.9929090899999999
0.99282188
0.99353843
0.99371314
0.99378671
0.9943158699999999
0.98992032
0.99462903
0.99240436
0.9943342900000001
0.99269796
0.99239978
0.9934143400000001
0.9932627100000001
0.99253738
0.99651676
0.9929687800000001
0.99234933
0.49609214
0.9929458200000001
0.99296419
0.99262455
0.80726095
0.9932994700000001
0.99357521
0.99348787
0.99318462
0.98946421
0.99267961
0.55258789
0.99311572
0.62094536
0.9954497000000001
0.8288562500000001
0.99365336
0.98770301
0.8229672499999999
0.9343263199999999
0.9928035199999999
0.98291102
0.9879393000000001
0.99283565
0.9872580200000001
0.9904362299999999
0.99564354
0.99051846
0.99361199
0.99429746
0.98814841
0.9926933699999999
0.9927668
0.9509040400000001
0.99339136
1.0128827599999999
0.9947119600000001
0.98983363
0.99187266
0.99362578
0.99430666
0.9925511400000001
0.99332244
0.99084752
0.9934373200000001
1.0533024899999999
0.9942284100000001
0.9900344099999999
0.9938741
0.99077438
0.99402592
0.9858801800000001
0.99369934
0.99222095
0.99372233
0.9933867700000001
0.99376372
0.70901191
0.9734872400000001
0.99329028
1.21878311
0.99328109
0.9932259600000001
0.9934511100000001
0.99154292
0.97301087
0.9933546
0.99079266
0.9938879
0.99250068
0.99347409
0.62270631
0.99317543
0.99409954
0.9934143400000001
0.9922530399999999
0.99365336
0.99382811
0.8230555599999999
0.99432968
0.99250068
0.71271096
0.99122712
0.9938925000000001
0.9942928499999999
1.1265015200000001
0.99113563
0.9890221800000001
0.99361199
0.9930560199999999
0.38234584
0.82840542
0.99339596
0.82674065
0.99410414
0.9934327199999999
0.99215677
0.9918589099999999
0.99495622
0.9941133499999999
0.85498188
0.9927805700000001
0.9917215
0.99229889
0.99178562
0.9932673099999999
1.24583528
0.99354303
0.9921201000000001
0.99316625
0.9679410300000001
0.99323515
0.99321218
0.99308358
0.99315247
0.98337461
0.99323056
0.99410874
0.9293368200000001
0.98914063
0.99302388
0.62157621
0.9938603
0.9956758600000001
0.99303765
0.8104690600000001
0.9922072
0.9932994700000001
0.70875685
1.0211524699999999
0.99277139
0.9932994700000001
0.9958189900000001
1.12540937
0.98479513
0.99306061
0.99255573
0.9936027900000001
0.99279434
0.9929687800000001
1.2631513699999999
0.99286778
0.9916024400000001
0.99277139
0.99233558
0.9933729800000001
0.99347409
0.9927071399999999
0.9938603
0.9905504399999999
0.99286319
0.9946566699999999
0.99219803
0.98859421
0.99427904
0.99339136
0.99299633
0.9917902
0.99221178
0.9924594
0.98960556
0.8053355600000001
0.9923401599999999
0.99250985
0.9925878400000001
0.9938787000000001
0.9945323
0.9937683199999999
0.99267961
0.99236309
0.99275762
0.99304225
0.99569894
0.9726539
0.99354303
0.99402592
0.9923126499999999
0.9934786800000001
0.9936763500000001
0.73574197
0.9933408199999999
0.99190931
0.99338217
0.97048249
0.9938557
0.99346949
0.99362578
0.99382351
0.8302598299999999
0.9937821200000001
0.98946877
0.99282647
0.99338217
0.99294123
0.9949285600000001
0.9961608200000001
0.99206052
0.55102396
0.99321218
0.99491012
0.70501298
0.98958276
0.9160330000000001
0.9928127000000001
0.9935200500000001
0.99242271
0.99576358
0.99406273
0.9934924700000001
0.99318921
0.99258325
0.99262455
0.9929182799999999
0.99441717
0.99311572
0.41327407
0.99288155
0.9887626199999999
0.99340515
0.9937683199999999
0.9924594
0.9946797100000001
0.9893456899999999
0.9920650999999999
0.96566464
0.99240895
0.99381891
0.9942146
0.98414073
0.9938787000000001
0.9925144400000001
0.9907378099999999
0.9931341
0.9927209100000001
0.99438493
0.99454612
0.9929458200000001
0.99351085
0.55178426
0.99425603
0.99413175
0.99240436
0.99369934
0.99403052
0.9936487700000001
0.96062359
0.98894476
0.99280811
0.99492395
0.99265208
0.9881938800000001
0.9811147800000001
0.99271632
0.6215168400000001
0.9938971
0.9929458200000001
0.99474421
0.9935200500000001
0.99432048
0.9940903400000001
0.99234933
0.9935062600000001
0.99339136
0.99279893
0.9923264
0.99321218
0.9946935299999999
0.9938465
0.991035
0.98260969
0.9945599300000001
1.00073332
0.99368555
0.99292746
0.9959205900000001
0.99538511
0.23594547
0.85537693
0.82843738
0.35441059
0.9935016600000001
0.9936717500000001
0.31077371
0.992955
0.82870592
0.9886124100000001
0.81758444
0.99302388
0.98961924
0.8248702299999999
0.9938005099999999
1.0355407300000001
0.99211552
0.99140559
0.99245023
0.99293664
0.9915246000000001
0.9931341
0.99251903
0.99339596
0.99463824
0.99281729
0.9932673099999999
0.99352924
0.99483638
0.99352924
0.70912429
0.9926842
0.9951590899999999
0.99426523
0.9931111300000001
0.99245023
0.99273009
0.88983146
0.9946428500000001
0.99116765
0.99478568
0.99249609
0.99361199
0.99410414
0.9934327199999999
0.99447243
0.9338509500000001
0.99292746
0.70627667
0.9929136900000001
0.9938465
0.9921934400000001
0.99244564
0.98961924
0.9934373200000001
0.9934327199999999
0.99269796
1.3119211000000002
0.8156715099999999
0.99273009
0.9923401599999999
0.9139317200000001
0.99320299
0.99300551
0.96558648
0.99267961
0.99369015
0.96301874
0.99203761
0.9940903400000001
0.99258325
0.99263372
0.9932673099999999
0.9927622100000001
0.9935062600000001
0.9885259399999999
0.9922072
0.9944355899999999
0.99217052
0.9887262
0.99470274
0.9928448299999999
0.9919505399999999
0.99376372
0.99259702
0.99277598
0.9931938100000001
0.54691501
0.99059614
0.99298714
0.99332244
0.9950484199999999
0.8397005
0.9929458200000001
0.9882620900000001
0.99336839
0.9929458200000001
0.9026377999999999
0.9932994700000001
0.9920880200000001
0.99342353
0.9931984
0.99304684
0.9858530299999999
0.99219803
0.9869812400000001
0.99201011
0.99138728
0.99336839
0.9941961899999999
0.99227597
0.9936625600000001
1.12644243
0.99271632
0.9915749599999999
1.00219044
0.99342353
0.7088948899999999
0.9939523
0.9946106
0.99410414
0.98126272
0.9924364699999999
0.9934419099999999
0.99369015
0.99404432
0.99199636
0.9927484400000001
0.99280811
0.70964451
0.98471836
0.9925878400000001
0.99338217
0.9936487700000001
0.99399371
0.9133875100000001
0.96683414
0.9933592
0.99163907
0.99348328
0.99023072
0.99174898
0.99282647
0.99679429
0.9933362200000001
0.9937039400000001
0.99348328
0.99256949
0.9656993799999999
0.9556264
0.99261078
0.99217969
0.99474882
0.99324893
0.9934419099999999
0.99403972
0.9884440499999999
0.98508876
0.99321218
0.99436191
0.99446782
0.98327105
0.99277598
0.99404892
0.99027638
0.9934373200000001
0.9943112700000001
0.9931708399999999
0.9932075899999999
0.9093573
0.99245023
0.9928586
0.99248692
0.9931203200000001
0.99650289
0.99022158
0.99089781
0.9939017
0.99092067
0.99125
0.9927484400000001
0.98430763
0.9950484199999999
0.9926933699999999
0.9929595999999999
0.9935016600000001
0.9889310899999999
0.9941271500000001
0.82660063
0.9944908499999999
0.9851927
0.98488546
0.9847228800000001
0.99190931
0.9933408199999999
0.99647514
0.99284942
0.9931708399999999
0.9920834399999999
0.9933729800000001
0.99368095
0.9931432800000001
0.9936579600000001
0.9629410199999999
0.9907789499999999
0.99201928
0.99286778
0.99307439
0.99371314
0.9917215
0.99288155
0.9856132200000001
0.9939385000000001
0.99304684
0.94370826
0.9922713799999999
0.9933546
0.9931295
0.9851294300000001
0.99285401
0.99451388
0.98564036
0.99273009
0.9918634900000001
0.9843211700000001
0.99288614
0.9927254999999999
0.99022158
0.99309276
0.92078553
0.98906774
0.9934281300000001
0.9945092699999999
0.99335001
0.8877677900000001
0.99363038
0.9939569
0.99361199
0.99256949
0.9940535199999999
0.99306521
0.99305143
0.9945230899999999
0.9936717500000001
0.98848499
0.9934924700000001
0.99252362
0.9929458200000001
0.99363497
0.70661829
0.99279893
0.9939063
0.99304684
0.99323515
0.9931708399999999
1.03799835
0.9922805499999999
0.99316165
0.99344651
0.99289991
0.993589
0.99370854
0.9939155
0.99262913
0.9915062899999999
0.99261078
0.99354303
0.99331784
0.70890191
0.99297796
0.99316165
1.03810874
0.9945645399999999
0.99224846
0.9917215
0.9931249099999999
0.98938215
0.99318003
0.9924685700000001
0.99324434
0.9933546
0.97564111
0.99351545
0.9936717500000001
1.21724945
0.99135525
0.70759851
1.0322455499999998
0.97596923
0.38155171000000004
1.1289414100000001
0.70960934
0.99321677
0.90437119
0.99323974
0.99342353
0.98946421
0.99244105
0.99307898
0.99194138
0.99357061
0.9910212799999999
0.9928769599999999
0.98662301
0.99457375
0.9931295
0.99373613
0.9936763500000001
0.9932719
0.9939109
0.99253738
0.99323974
0.99181768
0.98503454
0.99259243
0.6201098
0.9938603
0.9928127000000001
0.99627173
0.9932259600000001
0.99253738
0.9951452500000001
0.9934327199999999
0.99255573
0.9935844
0.9935062600000001
0.99171234
0.99237685
0.99325812
0.99361199
0.9940581199999999
0.9929458200000001
0.9836719100000001
0.9941961899999999
0.9874169
0.99271173
0.98466418
0.98685424
0.9942192
0.99364417
0.99430666
0.9939247
0.99227597
0.70898383
0.9947534299999999
0.9928035199999999
0.99154749
0.99461982
0.99218886
0.99607765
0.98788022
0.9928953199999999
0.9932994700000001
0.9932994700000001
0.9923126499999999
0.9929182799999999
0.5382947
0.99399371
0.99432048
0.9917306600000001
0.9932075899999999
0.99349707
1.2845799299999998
0.99586517
0.99419158
0.9927346699999999
0.99671564
0.99217511
0.8270463100000001
0.82508574
0.99427444
0.9946428500000001
0.99100298
0.9932627100000001
0.9912591500000001
0.9888036
0.9930698
0.9938787000000001
0.99253738
0.99142847
0.99488247
0.99429746
0.99061442
0.70898851
0.99321218
0.9934786800000001
0.99318003
0.99213844
0.9931432800000001
0.71186045
1.0861236300000001
0.9876257900000001
0.99286778
0.99309276
0.9932075899999999
0.99469814
0.99250985
0.9921476
0.99251903
0.9930698
0.99362578
0.98902674
0.9848402900000001
0.9943112700000001
1.13306336
0.99261537
0.99360739
0.99355682
0.9933546
0.9930101
0.9393203800000001
0.82863876
0.9902626800000001
0.9958282199999999
0.99370854
0.99251903
0.99416397
0.99279434
0.9897788799999999
0.98791657
0.99307898
0.8285652299999999
0.9938879
0.99218886
0.9949377800000001
0.9924685700000001
0.9934786800000001
0.38194327
0.98405505
0.98324404
0.99245481
0.9938925000000001
0.9911951000000001
0.99187724
0.99525133
0.41322158000000003
0.99237685
0.9939155
0.99498388
0.9929458200000001
0.98891288
0.99400751
0.99446322
0.99029465
0.99199636
0.9927484400000001
0.99246399
0.99601297
0.99696088
0.99280811
0.9935200500000001
0.99254655
0.99323056
0.99279893
0.9925144400000001
0.9930009200000001
0.99306061
0.82544094
0.99344651
0.82829998
0.98992032
0.9931019499999999
0.98832122
0.9820030900000001
0.99454612
0.9942698400000001
0.9940903400000001
0.63548744
0.99337758
0.61964101
0.99445401
0.45066538
0.99412255
0.99299633
0.9926016099999999
0.99298714
0.9926842
0.99299633
0.99310654
0.99324434
0.99293664
0.9712242500000001
0.99201928
0.9943112700000001
0.99432968
0.99374533
0.99354303
0.83097626
0.99285401
0.99131406
0.99337758
0.99451388
0.9933362200000001
0.99360739
0.99404432
0.9916940200000001
0.9939477
0.9941455600000001
0.99336839
0.9868088899999999
0.9906326900000001
0.9933867700000001
0.97627093
0.99356601
0.55099993
0.9939661
0.98824845
0.99324893
0.99309276
0.9947810800000001
0.99186807
0.99247316
0.98332058
0.99220261
0.9933592
0.99379591
0.35240006
0.9808951899999999
0.99140101
0.45147450999999994
0.9942468200000001
0.99328109
0.99381891
0.69447733
0.9932765
0.99363038
0.9931249099999999
0.9922438699999999
0.99218428
0.9955050799999999
0.97591157
0.70666015
0.99184059
0.9914650899999999
0.99311572
0.84549263
0.62003818
0.99339136
0.8271450699999999
0.99302847
0.98573085
0.99432508
0.99424222
0.99288614
0.99306061
0.99318003
0.99342353
0.99285401
0.9833701100000001
0.99213385
0.98409112
0.9942468200000001
0.99296419
0.99300551
0.99275762
0.9947949
0.9860295600000001
0.99366716
0.9926016099999999
0.9941271500000001
0.99368555
0.99154749
0.99362118
0.99403972
0.99399371
0.8246295
0.8261713199999999
0.9930009200000001
0.9943895399999999
0.82858121
0.99426063
0.98462355
0.99271173
0.99308817
0.99373613
0.99092525
0.99503459
0.9933592
0.99502537
0.99329487
0.41324384999999997
0.9930101
0.9927254999999999
0.99154749
0.9938005099999999
0.9915383400000001
0.9873397199999999
0.6166022
0.99246399
1.1144817
0.9939293
0.55109749
0.9927668
0.99376372
0.98107444
0.99300551
0.99308817
0.98238494
0.9929458200000001
0.99282188
0.9927668
0.99441717
0.9909663999999999
0.9920788500000001
0.9942238
0.99375452
0.99332703
0.99570356
0.9092726
0.99329487
0.9928769599999999
0.99356601
0.9954866199999999
0.99191389
0.9933546
1.1981719800000001
0.9933408199999999
0.9931019499999999
0.99303306
0.9946751
0.9943342900000001
0.9940581199999999
0.9944309800000001
0.99195512
0.99400751
0.86884969
0.99189098
0.9924685700000001
0.9936165800000001
0.9944448
0.99338217
0.99307898
0.9927851599999999
0.99303306
0.99256949
0.99382351
0.6355702
0.9943481
0.9892864400000001
0.99474882
0.9944908499999999
0.9938143100000001
0.9920650999999999
0.99165738
0.9934143400000001
0.99406733
0.99372693
0.99275762
0.99303765
0.9655777999999999
0.9926658399999999
0.99256949
0.99302388
0.99257408
0.9911127500000001
0.9114491800000001
1.20185339
0.98880815
0.99304684
0.71009974
0.8264956499999999
0.9942698400000001
0.99403512
0.91818322
0.99215677
0.99342353
0.99357521
0.8275913300000001
0.9933546
0.99311572
0.99278975
0.9863058100000001
0.83811108
0.99321218
0.98248381
0.9939338999999999
0.9923218199999999
0.99331325
0.99289073
0.9939293
0.99501154
0.99323974
0.99330866
0.9945875700000001
0.7091079
0.62064028
0.9926658399999999
0.9935200500000001
1.00190522
0.99284024
0.9929045000000001
0.99293205
0.99092525
0.99262913
0.9944448
0.9935844
0.9931984
0.99494239
0.99474421
0.99318003
0.9927530299999999
0.9920788500000001
0.98884913
0.99273009
0.99703494
0.99114935
0.9681548600000001
0.9897606299999999
0.98321253
0.99002985
0.99127745
0.9830055
0.9950899200000001
0.98512491
0.9942053900000001
0.99241812
0.9843347
0.99406273
0.99242271
0.99234475
0.99373153
0.99311572
0.9936165800000001
0.99510375
0.9757342
0.98027729
0.98462806
0.9892044099999999
0.99038599
0.99271173
0.9945092699999999
0.9895782
0.99506686
0.7093632200000001
1.19026918
0.99368095
0.99428365
0.99001616
0.99352924
0.9806264400000001
0.9949009
0.99166654
0.99261078
0.99372693
0.9897378299999999
0.9926842
0.9945230899999999
0.9929917399999999
0.99362118
0.99150171
0.99243188
0.99162991
0.9944586099999999
0.99372233
0.99353384
0.98636471
0.99223929
0.9946658899999999
0.99364417
0.98539161
0.99262455
0.98412269
0.9939293
0.99408113
0.99433889
0.99297796
0.99347409
0.99498388
0.99283106
1.38450863
1.02731735
0.99352924
0.99480412
0.9868361
0.9928035199999999
0.9341312399999999
0.82590125
0.99439414
0.44906426000000005
0.98529667
0.91598612
0.99293205
0.20682809
0.9067769800000001
0.8942483
0.99228972
0.99344651
0.70650903
0.99303765
0.9944770300000001
0.99333163
0.99248233
0.99262455
0.99316625
0.99228972
0.9939523
0.9954174100000001
0.99297796
0.9896830900000001
0.9910258500000001
0.9940581199999999
0.9938603
0.99261078
0.99364417
0.9911447699999999
0.99415937
0.99161159
0.99403052
0.99273009
0.99372693
0.9903905500000001
0.99363497
0.99299633
0.99340974
0.9934556999999999
0.99195512
0.9929917399999999
0.9942146
0.98599787
0.9851068399999999
0.99348328
0.99369934
0.99298255
0.99253279
0.9938005099999999
0.98563131
0.99412255
0.99372693
0.99131406
0.9932075899999999
0.9931295
0.99298714
0.9937821200000001
0.99369474
0.9938603
0.99470274
0.9956758600000001
0.55133519
0.9899613899999999
1.0381438699999999
0.9917535599999999
0.9937821200000001
0.99441717
0.6195087300000001
0.9938603
0.97533536
0.95288715
0.99261078
0.99485481
0.9959852600000001
0.98868068
0.99269796
0.9933592
0.82416111
0.7075658699999999
0.9941685699999999
0.9905778599999999
1.1222804499999999
0.9911951000000001
0.99398451
0.9937499200000001
0.99259702
0.9964612700000001
0.99446782
0.8285971999999999
0.82517451
0.9927346699999999
0.98479061
0.8272470300000001
0.70888085
0.99426063
0.9920238600000001
0.91595095
0.9928035199999999
0.9926429
0.99282188
0.9939109
0.98835761
0.99100756
0.9956389299999999
0.99428825
0.99257408
0.9920971900000001
0.9916024400000001
0.99377292
0.99332703
0.99082009
0.83014108
0.9940167099999999
0.99448624
0.99429746
0.91353516
0.99324893
0.99277598
0.99265666
0.99308817
0.9926016099999999
0.99243188
0.9918451699999999
0.9934281300000001
0.9928448299999999
0.99609613
0.99066011
0.9938373
0.47098381000000006
0.8284853200000001
0.98873075
0.99316165
0.99298255
0.9920834399999999
0.8292082999999999
0.9942284100000001
0.99075609
0.99295041
0.99371314
0.99459218
0.99479029
0.9936763500000001
0.98319002
0.99230806
0.99325812
0.5527287
0.9918451699999999
0.9924685700000001
0.98570822
0.99267043
0.9935016600000001
0.99308358
0.9941961899999999
0.9920880200000001
0.9679323
0.94133381
0.99457836
0.99182684
0.9862831599999999
0.99357981
0.99349707
0.9923218199999999
0.99271632
0.99354763
0.9925878400000001
0.99259702
0.99667863
0.99273926
0.62141433
0.99373153
0.8272215300000001
0.9869268099999999
0.9929917399999999
0.9932673099999999
0.9932856800000001
0.9940903400000001
0.99366716
0.98430312
0.9879393000000001
0.99283565
0.9932673099999999
0.9854911
0.9944309800000001
0.99250985
0.99296419
0.8268075
0.96784942
0.99316625
0.9931938100000001
0.96329953
0.99353384
0.98409112
1.06779952
1.33033728
0.9936625600000001
0.99308358
0.98699031
0.99427444
0.99294123
0.33570378
0.98755313
0.9934924700000001
0.99432048
0.9948455900000001
0.9920788500000001
0.99463824
0.99462903
0.99293205
0.99687758
0.9933362200000001
0.9804070699999999
0.9941731699999999
0.99206969
0.99379591
0.9938419000000001
0.96302306
0.99338217
1.00034641
0.82675657
0.99342353
0.99217052
0.9930560199999999
0.9933040599999999
0.9938465
0.99360739
0.9184699000000001
0.9909069599999999
0.9656038499999999
0.99376372
0.9920880200000001
0.99429746
0.9820749499999999
0.8270017199999999
0.9934556999999999
0.99264749
0.82776679
0.07512927
0.21303999999999998
0.99249151
0.9929458200000001
0.99273009
0.99303765
0.99266125
0.9907423799999999
1.05534194
0.9931938100000001
0.99323515
0.9931111300000001
0.99262455
0.9944908499999999
0.99251903
0.99084752
0.98480416
0.9944908499999999
0.9938005099999999
0.9943158699999999
0.9920421899999999
0.9250573599999999
0.9889083200000001
0.9854051800000001
0.99248692
0.9851113599999999
0.99114935
0.99346949
0.98785749
0.99462442
0.99334541
0.9879438399999999
0.9939661
0.98563584
0.993589
0.8793018100000001
0.9920880200000001
0.99267961
0.9927484400000001
0.99460139
0.99339596
0.9949377800000001
0.99333163
0.9663555599999999
0.9925878400000001
0.9938695
0.9936625600000001
0.9919368
0.99259243
0.99238602
0.9955835399999999
0.99187266
0.9920788500000001
0.99382351
0.9944586099999999
0.9919872
0.9936717500000001
0.99230806
0.99482255
0.9928035199999999
0.99277598
0.9933040599999999
0.9926383099999999
0.86290761
0.9922072
0.9931111300000001
0.99315706
0.9938419000000001
0.9929458200000001
0.99221637
0.99273926
0.9937499200000001
0.99414096
0.99377752
0.99254197
0.9926842
0.9920650999999999
0.99447243
0.9938787000000001
0.9909115300000001
0.9927484400000001
0.9953112900000001
0.98904496
0.98985644
0.9898609999999999
0.99261996
0.9931341
0.98865792
0.9920559400000001
0.9889083200000001
0.99410874
0.9933040599999999
0.98513395
0.90693399
0.99177646
0.98724441
0.99552354
0.82870592
0.99464746
1.40615744
0.82781784
0.99066011
0.99324893
0.9942007900000001
0.9925878400000001
0.9931111300000001
0.9927025500000001
0.9933362200000001
0.9888127
0.99301469
0.9927668
0.9934511100000001
0.99373613
0.9934924700000001
0.98841675
0.99241353
0.99400291
0.9927622100000001
0.9943158699999999
0.9872353300000001
1.0521155899999999
0.9835232399999999
0.9780405600000001
0.99600835
0.70758219
0.8302501999999999
0.9939477
0.99325352
0.99486403
0.9951175800000001
0.97306819
0.95554561
0.9929090899999999
1.13215538
0.9926016099999999
0.9943481
0.99056415
0.99309276
0.9929136900000001
0.99333163
0.99451388
0.9929136900000001
0.99172608
0.99415937
0.9829605100000001
0.90683442
0.99264749
0.99120882
0.9931478699999999
0.98933202
0.99234475
0.9938925000000001
0.98901763
0.62175977
0.82867394
0.9940903400000001
0.9935844
0.99382351
1.18223558
0.9944079600000001
0.9940903400000001
0.9941271500000001
0.66244784
0.98610654
0.99337758
0.9925282
0.9918451699999999
0.98681343
0.91361289
0.99180852
0.9948916800000001
0.99283565
0.9930698
0.99236767
0.99230806
0.82866115
0.9933546
0.9929136900000001
0.9944770300000001
0.9935936
0.82480053
0.70889021
0.9906921
0.99309735
0.71030878
0.9875258800000001
0.99302388
0.9939109
0.99564354
0.98917252
0.99273009
0.99253279
0.98930923
0.99318921
0.90252779
0.99282188
0.99257408
0.9945599300000001
0.9855227499999999
0.99409494
0.99399371
0.99238602
0.9851610700000001
0.9932075899999999
0.99298714
0.9904545
0.99286319
0.99459218
0.9865504900000001
0.9903951200000001
0.99383271
0.99369015
0.99446782
0.99051846
0.99256032
0.9939247
0.96339893
0.9892226399999999
0.9847228800000001
0.9946152100000001
0.99289073
0.99333163
0.99338217
0.99257408
0.99375452
1.0009012400000001
1.1156802399999999
0.99372233
0.81890948
1.11923305
0.98369894
0.62051833
0.99171234
0.9931203200000001
0.99410414
0.99135525
0.99269796
0.9927071399999999
0.82859081
0.9931295
0.8234279600000001
0.99706272
0.9935062600000001
0.9934924700000001
0.9940167099999999
0.95864242
0.9907835199999999
0.9891224
0.9924685700000001
0.55244147
1.19801156
0.9932259600000001
0.98832577
0.98891288
0.9926429
0.6064641900000001
0.99365336
0.98793475
0.99315247
0.99324434
0.99357981
0.99355682
0.9933546
0.99399371
0.30971505
0.9938465
0.9926016099999999
0.99473039
0.96847796
0.9954174100000001
0.99407653
0.98689959
0.9934786800000001
0.99234475
0.98554537
0.98606578
0.9933408199999999
0.99315247
0.9871082699999999
0.98748501
0.99383271
1.12543296
0.8251840199999999
1.1360183499999998
0.98952804
1.03956609
0.9915337599999999
0.99363497
0.9885669
0.85326634
0.99373613
0.99442638
0.9941271500000001
0.99325812
0.99274385
0.98746231
0.99302388
0.99441256
0.99230348
0.86465174
0.99354303
0.99298714
0.9932673099999999
0.9934143400000001
0.99303306
0.9935200500000001
0.98963748
0.9930009200000001
0.9829560100000001
0.9939661
0.98989294
0.99678041
0.99321677
0.99362118
0.9940903400000001
0.99247316
0.99340515
0.99245481
0.9921613600000001
0.9925649
0.99357521
0.99547739
0.99257867
0.99403972
0.99362578
0.9936717500000001
0.9928723700000001
0.99196429
1.0000343
0.99739614
0.8277508299999999
0.99280811
0.55203816
0.9945691499999999
0.99399371
0.9917169199999999
0.9851429899999999
0.99419158
0.98176516
0.99505764
0.99404432
0.99426063
0.99352924
0.99415937
0.9932994700000001
0.99269796
0.9884895400000001
0.9854730100000001
0.99273926
0.98451972
0.99382351
0.99260619
0.9658817999999999
0.29092781
0.99021702
0.99288614
0.9925878400000001
0.98616993
0.9912317
0.9947949
1.29832631
0.99229889
0.99373613
0.9900891900000001
0.99247775
0.99230806
0.99342353
0.99092067
0.99325812
0.99373613
0.99442177
0.99476725
0.99116765
0.98626505
0.9939109
0.9947534299999999
0.9931432800000001
0.9927254999999999
0.9939385000000001
0.99379591
0.9917169199999999
0.99323515
0.99365336
0.99298714
0.99353384
0.99342353
0.45119183999999996
0.9924364699999999
0.99104872
0.99556508
0.98580777
0.99285401
0.9948962899999999
0.99256949
0.9936487700000001
0.45223702000000005
0.8248702299999999
0.9938005099999999
0.99227597
0.9931019499999999
0.9931341
0.9943711199999999
0.9931432800000001
0.99399831
0.99316165
0.99305143
0.9827311000000001
0.82810514
0.9934556999999999
0.99303306
0.82134309
0.495625
0.99398911
0.99055501
0.99310654
0.69202232
0.9930101
0.98673635
0.99374073
0.9931938100000001
0.99333163
0.99180852
0.99271173
0.99569432
0.9946106
0.99347409
0.98463258
0.9340012299999999
0.99317543
0.82216066
0.99234475
0.99357981
0.9931295
0.64088302
0.55012479
0.9944954500000001
0.9922530399999999
0.99214302
0.95365306
0.99403972
0.9947534299999999
0.9784683599999999
0.83061628
0.99200553
0.99172608
0.98686785
0.99352464
0.8287858699999999
0.9814421
0.99215677
0.9932075899999999
0.99302388
0.9931478699999999
0.98619258
0.82698262
0.99372693
1.17876378
0.9928723700000001
0.99363038
0.9928953199999999
0.9936027900000001
0.82786252
0.98277607
0.99306061
0.70633242
0.99259243
0.99260619
0.99466128
0.99430206
0.99360739
0.90710638
0.9923905999999999
0.9904453700000001
0.9940581199999999
0.9911127500000001
0.9939753100000001
0.9912134
0.99148798
0.9914834
0.99203761
0.98733519
0.9950391999999999
0.9920926
0.99436191
0.99255573
0.99201928
0.99309735
0.99338217
0.99025355
0.99031748
0.9927530299999999
0.99368555
0.99306521
0.82089098
0.9927530299999999
0.99161617
1.0467054199999999
0.99523288
0.99292287
0.9904362299999999
0.99274385
0.99432048
0.99284024
0.9934556999999999
0.8302501999999999
0.9858575500000001
0.9939523
0.98634658
0.9925282
0.9935936
0.992955
0.98912696
0.9884122000000001
0.99315247
0.98617446
0.99284942
0.99230348
0.99194596
0.619734
0.9929687800000001
0.98654143
0.99310654
0.57197289
0.99311572
0.99256949
0.82585043
0.99183601
0.5495476
0.9931984
0.9942514199999999
0.97385807
0.98633299
0.99311572
0.99331325
0.9916986
0.99325812
0.9945092699999999
0.9927851599999999
0.9938005099999999
0.8267884
0.82094433
0.99538972
0.9931984
0.9902809499999999
0.99407653
0.9938832999999999
0.8267502
0.99377292
0.9933408199999999
0.98993401
0.9931478699999999
0.99373153
0.98788022
0.98112374
0.99414096
0.99238602
0.99256949
0.9934511100000001
0.9931432800000001
0.99315247
0.99428825
0.79324605
0.99109446
0.99282647
0.99271173
0.99308358
0.99363497
0.99332244
0.99240436
0.9902124499999999
0.98833942
0.99116765
0.99188182
0.90505725
0.9938143100000001
0.98968765
0.99342353
0.8232227799999999
0.9902581100000001
0.99060985
0.99315706
0.9928723700000001
0.9934419099999999
0.99351085
0.9934924700000001
0.98684064
0.99332703
0.88969874
0.99331784
0.9931203200000001
0.98598429
0.9925649
0.9918451699999999
0.70894638
0.99340055
0.99168486
0.9935200500000001
0.62057751
1.02671813
1.12546835
0.9941685699999999
0.9913506700000001
0.60355125
0.99726645
0.9966185
0.99340055
0.96923415
0.99211552
0.99372233
0.9928448299999999
0.99254655
0.99257867
0.99369934
0.9930698
0.99237685
0.99251903
0.9940535199999999
0.9531916699999999
0.9939017
0.91790065
0.992955
0.99450006
0.9956712400000001
0.99304684
0.98865337
0.99305143
0.71072017
0.99626249
0.62057392
0.99332244
0.62070845
0.99135525
1.18267832
0.99256949
0.99408113
0.99126373
0.9840460299999999
0.9937177300000001
0.99525133
0.98871255
0.9934511100000001
0.9936027900000001
0.9933408199999999
0.99410414
0.99294123
0.99480873
0.99295041
0.9880574799999999
0.99302847
0.99249151
0.9934327199999999
0.99460139
0.99018962
0.9945599300000001
0.99266125
0.9864507899999999
0.9924364699999999
0.98500743
0.62071383
0.99310654
0.99433889
0.9929917399999999
0.9924364699999999
0.99328109
0.9939017
0.45165967
0.99604993
0.9937499200000001
0.99435731
0.99544509
1.00175566
0.99351545
0.9927668
0.9901850600000001
0.9933408199999999
0.9927071399999999
0.9766305599999999
0.9933546
0.9962209
0.99587902
0.99187724
0.99329028
0.9929917399999999
0.99336379
0.99281729
0.99501615
0.99297796
0.9940903400000001
0.9945645399999999
0.9892044099999999
0.9930698
1.38862685
0.9842534999999999
0.99293205
0.9920926
0.99105329
0.6227731200000001
0.9937683199999999
0.49609443
0.99304225
0.99363038
0.99106244
0.99234933
0.99351085
0.99331784
0.99293205
0.9938787000000001
0.99370854
0.9929182799999999
0.99911772
0.99323974
0.9937821200000001
0.9923218199999999
0.99316625
0.99250985
0.99266125
0.99323056
0.9946704900000001
0.62108544
0.9965306300000001
0.49214592
0.99264749
0.9836493799999999
0.9935936
0.9914696700000001
0.9204224499999999
0.7103205300000001
0.7021867399999999
0.8174132799999999
0.98530571
0.9938603
0.98829848
0.99352464
0.83213868
0.9933592
1.10285159
0.9944586099999999
0.9940213099999999
0.99324893
0.87919742
0.98813477
0.99274385
0.9929595999999999
0.99329028
0.99401211
0.9889857499999999
0.99190472
0.99273926
0.9929182799999999
0.9958744
0.99200095
0.97524235
0.99363038
1.12236257
0.98624693
0.99262455
0.99311572
1.04397294
0.9939338999999999
0.99165738
0.99353843
0.99356601
0.99363038
0.9941961899999999
1.05846813
0.99446322
0.9940903400000001
0.99299633
0.99415937
0.99059614
0.992955
0.99321677
0.98626505
0.99308358
0.99332244
0.99189098
0.99041339
0.99296419
1.10228551
0.9874804699999999
0.99369934
0.99445401
0.70770811
0.99379131
0.9907103899999999
0.99255573
0.9203277799999999
0.9939569
0.9959483
0.99375912
0.82646702
0.99257408
0.6165030699999999
1.11506039
0.9939109
0.99120882
0.99293664
0.98961924
0.9939338999999999
0.99484099
0.98055032
0.9933867700000001
0.9926658399999999
0.99545432
0.9934327199999999
0.98617899
0.9947810800000001
0.45237609999999995
0.8284981
0.9937177300000001
0.49681174
0.99351545
0.99256949
0.9942468200000001
0.9923126499999999
0.99214302
0.9938787000000001
0.99359819
0.9607396300000001
0.80719116
0.95306053
1.1250615000000002
0.9928448299999999
0.62059365
0.9833701100000001
0.99230806
0.99156123
0.9613546599999999
0.9920834399999999
0.9929687800000001
0.82661018
0.99363497
0.41335997999999996
0.9943895399999999
0.99340974
0.99403512
0.33121217000000003
0.99427444
0.82445854
0.99206969
0.98445203
0.9907423799999999
0.99374533
0.49420496
0.99346949
0.92279158
0.9925511400000001
0.99030835
0.62058827
0.9940903400000001
0.9946428500000001
0.9920742699999999
0.9938373
0.9945369
0.99374533
0.99415476
0.99377292
0.82649247
0.9947073500000001
0.98433019
0.99308358
0.9956389299999999
0.99404892
1.0015687800000002
0.9870810400000001
0.70373075
0.99286778
0.99269796
0.7076987800000001
0.35564197999999997
0.9895326
0.99414096
0.99674802
0.99302847
0.98992032
0.99353843
0.7117943800000001
0.99105329
0.9178928000000001
0.99047735
0.99442638
0.9938097100000001
0.99189556
0.99240436
1.0425437
0.9885577999999999
0.99174898
0.99323974
0.9486986000000001
0.99330866
0.9928953199999999
0.99253279
0.98694949
0.9939201
0.62190022
0.99300551
0.99033575
0.99297796
0.9913094800000001
0.9854097
0.99289991
0.82843418
1.10907129
0.9916894399999999
0.9923264
0.99308817
0.9930560199999999
0.99307439
0.9891224
0.99254655
0.9869767
0.99535281
0.99023072
0.9747863800000001
0.99215677
0.99202844
0.99239978
1.17110772
0.9901348400000001
0.99194596
0.99446782
0.99286778
0.9939523
0.9929045000000001
0.9927346699999999
0.99235392
0.9903996899999999
0.99354303
0.99472578
0.9905504399999999
0.98521982
0.99024898
0.9866683399999999
0.99089324
0.99356142
0.99517292
0.9653607700000001
0.9917398199999999
0.99351085
0.99201011
0.97330193
0.9936579600000001
0.99292287
0.99404892
0.99310654
0.99530207
0.99351545
0.9946751
0.9944816400000001
0.8266070000000001
1.10660238
0.9856629800000001
0.99542202
0.95111462
0.9927805700000001
1.02370809
0.9941501599999999
0.8274382699999999
0.70912898
0.99369934
0.62173817
0.69987539
0.57227164
0.99485481
0.50690042
0.98285254
0.988394
0.9282000600000001
0.99264749
0.99293205
0.99267502
0.9902900800000001
0.9941501599999999
0.9926383099999999
0.99662313
0.99129118
0.99360739
0.99571741
0.99261537
0.99356601
0.99271173
0.9948870700000001
0.99198262
0.99242729
0.62269186
0.99366716
0.99325352
0.62163199
0.99158412
0.9946704900000001
0.9943711199999999
1.19094247
1.11525148
0.99142847
0.9949285600000001
0.9938925000000001
0.99231723
0.98679076
0.99262913
0.98634205
0.9951544800000001
0.98784841
0.9937683199999999
0.9914330499999999
0.99587902
0.99409494
0.99213844
0.9943527
0.9914147400000001
0.9923722600000001
0.9944494
0.99324434
0.99335001
0.9938097100000001
0.9932673099999999
0.9907195299999999
0.9934924700000001
0.82858121
0.9928769599999999
0.9920421899999999
0.9929182799999999
0.99374073
0.9926658399999999
0.98873531
1.0439932399999998
0.9936717500000001
0.99445401
1.10926607
0.9916940200000001
0.99472578
0.83036256
0.99296419
0.70998236
0.9945276900000001
0.99634569
0.49678645000000005
0.7595286299999999
0.99363038
0.62045738
0.99302388
0.9877121
0.54623613
0.9926429
0.99377752
0.99372233
0.9940213099999999
0.97367704
0.99357061
0.99129576
0.9917673
0.9965213799999999
0.9945092699999999
0.99450006
0.9939707099999999
0.9934281300000001
0.99466128
1.16068277
0.98752134
0.94855194
0.99356142
0.99354763
0.98835306
0.98477255
0.99415476
0.98714457
0.99261078
0.9927025500000001
0.99000247
0.99338217
0.99238602
0.99241353
0.9936027900000001
0.99322137
0.99479951
0.98962836
0.9947165699999999
0.98925454
0.9915978599999999
0.99601297
0.69702449
0.98906318
0.99292746
0.8285012999999999
0.9928953199999999
0.99258325
0.99381891
0.99046821
0.99283106
0.9935844
0.9932673099999999
0.82807001
0.99415476
0.9915749599999999
0.99297796
0.99256032
1.12570434
0.9939477
1.13308727
0.9936625600000001
1.10601535
0.91808509
0.9938419000000001
0.99316165
0.99284942
0.99401211
0.99332703
0.99352464
0.9936579600000001
0.99332244
0.8303561399999999
0.9918451699999999
0.9857444200000001
0.99095725
0.99342353
0.99352924
0.99408573
0.99412255
0.9930101
0.994606
0.99003898
0.70888787
1.03540592
0.99298714
0.98626958
0.9853464
0.99234933
1.02386428
1.11215568
0.99302388
0.9947073500000001
0.98467772
0.99348328
0.99356601
0.9933040599999999
0.9940535199999999
0.97062285
0.97349165
0.99284024
0.99087038
0.98450618
0.98881725
0.98877173
0.98933657
0.99403052
0.99438493
0.9944816400000001
0.99162991
0.99306061
0.98954628
0.99486403
0.99213844
0.9925282
0.99438033
0.99447243
0.99074695
0.99299633
0.9936763500000001
0.9920880200000001
0.99298255
0.9947073500000001
0.99180394
0.9939155
0.9853825700000001
0.99125457
0.9932856800000001
0.9917581400000001
0.9023723
0.99174898
0.82554248
0.9933362200000001
0.9916070100000001
0.9936717500000001
0.99414096
0.98875352
0.92744242
0.9946428500000001
0.82988443
0.99409494
0.97198914
0.9930560199999999
0.9881256700000001
0.99403972
1.33438779
1.10217802
1.11238036
0.9918864000000001
0.99086581
0.98762125
0.9931708399999999
0.99248692
0.85733366
0.99171234
0.98738058
0.99325812
0.99398911
0.99407193
0.99374533
0.9933729800000001
0.99672027
0.9938971
0.98806657
0.99342353
0.82703039
0.99332703
0.99339136
0.8018863199999999
0.9858756599999999
0.99302847
0.8284437699999999
0.99304225
0.9922530399999999
0.71069195
0.9939661
0.99259702
0.99357521
0.99292746
0.98655956
0.9934327199999999
0.99195971
0.9933867700000001
0.99119052
0.99296419
0.9926016099999999
0.99356142
0.9944908499999999
0.9932627100000001
0.99244105
0.99372233
0.9939338999999999
0.9927209100000001
0.98617446
0.38198335
0.55269598
0.99315247
0.9885805499999999
0.99286778
0.99321218
0.99149256
0.9615785
0.9923722600000001
0.98917252
0.9933040599999999
0.9929595999999999
0.98860331
1.03797828
0.99308358
0.99200095
0.99398451
0.99261078
0.99406273
0.9926016099999999
0.61854338
0.7549891700000001
0.99370854
0.9929458200000001
0.99279434
0.9920238600000001
0.99412255
0.98957364
0.8555030100000001
0.99285401
1.0987549799999998
0.82581867
0.99257408
0.99340055
0.99197345
0.9930009200000001
0.99200095
0.9936487700000001
0.9931019499999999
0.99140559
0.99145594
0.99273009
0.9932856800000001
0.99254655
0.99256032
0.99318462
0.9938005099999999
0.9929090899999999
0.9024784800000001
0.9927805700000001
0.98800293
0.99466128
0.9159470500000001
0.99469814
0.993589
0.99292287
0.99354763
0.99526978
1.5773851199999998
0.98719448
0.9934511100000001
0.96263886
0.98685878
0.99349707
0.99038142
0.99162075
0.9939338999999999
0.9779782
0.9944494
0.99357981
0.9936579600000001
0.99300551
0.9936763500000001
0.9932673099999999
0.98933202
0.9891224
0.99368555
0.9924685700000001
0.99253279
0.99281729
0.99315706
0.98918163
0.8256757899999999
0.99352924
1.12847275
0.9933362200000001
0.9917535599999999
0.9921476
0.89192697
0.99180394
0.99325812
0.82706861
0.99282188
0.9931341
0.99379131
0.41367849
0.99354303
0.87495259
0.9955004599999999
0.9922347
0.9931111300000001
0.8304043
0.47433149
1.09859197
0.9852650199999999
0.9826996200000001
0.9939431000000001
1.37365106
0.55258221
0.9925511400000001
0.9944954500000001
0.9931019499999999
0.9887262
0.99113105
0.99373613
0.99495161
0.99293205
0.99289073
0.9914376300000001
0.99373613
0.9931111300000001
0.9933040599999999
0.99055958
0.9912683
0.99304684
0.99339136
0.9927254999999999
0.7076661300000001
0.99298255
0.99377752
0.9921476
0.99011658
0.9947165699999999
0.99438493
0.994606
0.99239978
0.61612986
0.9883121199999999
0.99283565
0.99288614
0.71176843
0.71165521
1.2020619399999999
0.99189098
0.99279893
0.99277598
0.9819851300000001
0.62081791
0.99331784
0.9727860800000001
1.19683645
0.9949931
0.99329028
0.99090238
0.82758814
0.99349707
0.9937177300000001
0.9938603
0.99488247
0.9938741
0.41144499
0.9895554
0.9936487700000001
0.9936027900000001
0.99342353
0.98192676
0.99184975
0.99374533
0.9928448299999999
0.98493063
0.82658791
0.98918163
0.8513956
0.5500318
0.99423301
0.98446556
0.99304225
1.10911711
0.99307439
0.9901667999999999
0.9856222699999999
0.9914376300000001
0.99414096
0.9917444000000001
0.45057650000000005
0.99355222
0.99309735
0.99325812
0.9932259600000001
0.99352464
0.99336379
0.99404432
0.99369015
0.99182684
0.99267043
0.99148798
0.9939201
0.99356142
0.9938051099999999
0.98242538
0.9938419000000001
0.9944309800000001
0.9931111300000001
0.9181204099999999
1.00206417
0.9939615
0.9931019499999999
0.8248797299999999
1.10246659
0.99271173
0.9928953199999999
0.98620164
0.99375912
0.99409954
0.99315247
0.98471836
0.99138728
0.98251978
0.99329487
0.99357521
0.99191389
0.9932994700000001
0.99271632
0.99192305
0.99344651
0.9940581199999999
0.99257408
0.99181768
0.99282188
0.62057392
0.9965260100000001
0.9936717500000001
0.95590715
0.96321744
1.15764816
0.99317543
0.9891679600000001
0.99348328
0.99648439
0.9928769599999999
0.96334707
0.99284942
0.99368555
0.9926016099999999
0.71023361
0.99432968
0.99267502
0.49490997
0.99259243
0.9932673099999999
1.01825217
0.9835727900000001
0.99404432
0.9892955600000001
0.98961468
0.99355682
0.9954589300000001
0.99347409
0.99151087
0.9922622099999999
0.9942514199999999
0.8143600200000001
0.99250068
0.99494239
0.99441256
0.9920330199999999
0.9888309099999999
0.9932075899999999
0.9896101199999999
0.98865337
0.9919368
0.9923401599999999
0.99240436
0.9926383099999999
0.99355682
0.99404432
0.99369015
0.35355227999999994
0.99279893
0.9939201
0.9932673099999999
0.22562341
0.9939155
0.99369474
0.99363038
0.6206384899999999
0.9938971
0.9967063899999999
0.99374073
0.9931938100000001
0.8229167900000001
0.9934786800000001
0.99359819
0.99329028
0.99426523
0.9951175800000001
0.99059614
0.9925511400000001
0.9892044099999999
0.99275762
0.99519137
0.99103042
0.9939707099999999
0.98775753
0.9933362200000001
0.99320299
0.9923218199999999
0.99494239
0.9935016600000001
0.99432968
0.9932627100000001
0.99400291
0.9938925000000001
0.99328109
0.99349707
0.6157306100000001
0.9939109
1.0996214100000001
1.0829304899999999
0.98864882
0.9939661
0.9783881200000001
1.16425067
0.99301469
0.99426063
0.9939155
0.9936579600000001
0.9945553300000001
0.99289991
0.8285971999999999
0.99240436
0.37025006
0.98858965
0.9939201
0.49547291
0.9933592
0.9921521900000001
0.99296419
0.99089324
0.7547052700000001
0.99321677
1.16119113
0.99427904
0.9943527
0.99538511
0.99268878
0.9937821200000001
0.91386561
0.92031201
0.99441717
1.10593561
0.9928127000000001
0.99339596
0.9927851599999999
0.99407193
0.70907747
0.9868723799999999
0.95331015
0.9909298200000001
0.9886124100000001
0.99086124
0.9933040599999999
0.98934113
0.9934603
0.98292001
0.99340515
0.98577157
0.99198262
0.99398911
0.9945276900000001
0.99368555
0.99369934
0.99103957
0.99357981
0.99361199
0.9909846899999999
0.9923401599999999
0.99061898
0.9922255400000001
0.91820678
0.9927530299999999
0.99421
0.99217052
0.99337758
0.992955
0.99250985
0.9932627100000001
0.99261537
0.99259702
0.9929687800000001
0.9903585800000001
0.9941685699999999
0.99263372
0.9948594199999999
0.98636018
0.99265208
0.99236309
0.99095268
0.99374073
0.99426063
0.99379131
0.99493317
0.9945645399999999
0.96098469
0.9942928499999999
0.9888354699999999
0.9937177300000001
0.99379591
0.9927530299999999
0.99519598
0.99304684
0.99269796
0.62165178
0.82668018
0.99399831
1.19839263
0.99356601
1.14288037
0.99156123
0.99111733
0.9941685699999999
0.9806085299999999
0.98921353
0.9892864400000001
0.82852367
0.9924364699999999
0.9931478699999999
0.82685207
0.5518892000000001
0.9940213099999999
0.98942318
0.99356601
0.9933408199999999
0.62068872
0.9920513599999999
0.9920834399999999
1.19029557
0.99298714
0.99406273
0.99337758
0.99293664
0.99415937
0.99225763
0.9916894399999999
0.989291
0.9934143400000001
0.9922347
0.9884531400000001
0.99304684
0.91559167
0.99321218
0.99213385
0.99282647
0.98396938
0.9931203200000001
0.99308817
0.8285492499999999
0.9783792
0.98910874
0.9939247
1.08879993
0.9926933699999999
1.17533161
0.99328109
0.9814421
0.99360739
0.9830685
0.99351545
0.984443
0.9933408199999999
0.9937821200000001
0.99189098
0.9851294300000001
0.9759027
0.99239519
0.99462903
0.9633686699999999
0.9861201199999999
0.99407653
0.9947534299999999
1.18995919
0.9936027900000001
0.99252362
1.10212145
0.9873124900000001
0.98642814
0.9938971
0.9929090899999999
0.99286778
0.99055958
0.98287503
0.9935936
0.9913689800000001
0.9939799100000001
0.9939477
0.98978801
0.99227597
0.9937821200000001
0.99325352
0.9951360300000001
0.99496083
0.9160681700000001
0.9936579600000001
0.9913186399999999
0.9912317
0.9941731699999999
0.99302388
0.99172608
0.9938971
0.95110619
0.9927851599999999
0.99125457
0.97604907
0.99476725
0.99415937
0.99448624
0.99236309
0.99283565
0.99178562
0.9935936
0.9934511100000001
0.9914650899999999
0.9932627100000001
0.99321218
0.99332703
0.9947119600000001
0.99424222
0.99325812
0.9924685700000001
0.98444751
0.9949792700000001
0.99512219
0.82693485
0.9939109
0.9879438399999999
0.9934327199999999
0.9911081799999999
0.9914696700000001
0.94160622
0.9965999999999999
0.71164578
0.82860679
0.99294123
0.9926933699999999
0.98724441
0.99223012
0.99308358
0.99520059
0.98670461
0.99323515
0.99952695
0.98635565
0.92043823
0.99400751
0.99315247
0.99277139
0.9866003499999999
0.99336839
0.99240436
0.98065331
0.9942007900000001
0.9949377800000001
0.99037685
0.9907789499999999
0.99315706
0.9939293
0.99163907
0.98776207
0.99400751
0.9931019499999999
0.98907229
0.98498936
0.99241812
0.99234933
0.9920421899999999
0.99409954
0.99352464
0.99517292
0.99125
0.9930101
0.29178599
0.9939707099999999
0.96321312
0.9927484400000001
0.99187724
0.9939523
0.82721198
1.19422079
0.49612996000000004
0.9922668
0.99219803
0.99316625
0.9938465
0.99344651
0.99289073
0.99281729
0.98531475
0.99257867
0.9931203200000001
0.99177188
0.8212425799999999
0.99248692
0.83000953
0.98613823
0.98449716
0.9916528
0.70901426
0.99426523
0.99501154
0.9926658399999999
0.99400751
0.9949377800000001
0.8256377
0.98882181
0.99184059
0.9931708399999999
0.9935844
0.9917673
0.99574049
0.99082009
0.98628769
0.99309276
0.99262455
0.9833070700000001
0.98865337
0.99306521
0.9937039400000001
0.99310654
0.45115013
0.99325352
0.99376372
0.98859421
0.99421
0.99336379
0.82864516
0.83033687
0.98513847
0.99064183
0.99439875
0.9923126499999999
0.99166196
0.99487786
0.99050476
0.99556969
0.99305143
0.99427444
0.9939707099999999
0.99285401
0.9939109
0.99373613
0.99278975
0.99321218
0.9938557
0.9941731699999999
0.9934419099999999
0.99075152
0.98439787
0.9939338999999999
0.9936487700000001
0.9899248799999999
0.99910842
0.99313869
0.9939753100000001
0.99307898
0.99242729
0.9845107
0.99695163
0.99159328
0.99410414
0.98433019
0.99157954
0.9934373200000001
0.98950068
0.96167754
0.99298255
0.87090041
0.9434512100000001
0.99266125
0.82764237
0.9921201000000001
0.99432968
0.99339136
0.9938879
0.99774832
0.9944079600000001
1.2093457600000002
0.98611559
0.99355682
0.9859345
0.8287219100000001
0.9938741
0.99403512
0.99316625
0.99356142
0.99357061
0.9931203200000001
0.99331325
0.9861291799999999
0.99241353
0.99428365
0.99310654
0.98772119
0.82674065
0.9931478699999999
0.9926658399999999
0.99336839
0.99357981
0.9873896600000001
0.9934281300000001
0.9941731699999999
0.98980625
0.99323974
0.99338217
0.99308817
0.99213844
0.9933867700000001
0.99341894
0.9872398699999999
0.99375452
0.9931708399999999
0.99198262
0.9925282
0.9927254999999999
0.9927254999999999
0.99399371
1.0048728599999999
0.99098012
0.99321218
0.98216478
0.99194596
0.9936027900000001
0.9935016600000001
0.99373153
1.26246077
0.99271173
0.98574894
0.9896557300000001
0.8688778100000001
0.82870911
0.99257867
0.99286778
0.99336839
0.99285401
0.9890085200000001
0.99328109
0.99399371
0.99339136
0.99304684
0.49684852
0.99109446
0.99283565
0.99365336
0.99516831
0.98968765
0.9945691499999999
0.99398451
0.99265666
0.99352464
0.9732886999999999
0.96276833
0.99303765
0.99459218
0.9947165699999999
0.9934556999999999
0.9931295
0.99329487
0.9952467199999999
0.99172608
0.99124542
0.9931295
0.99195512
0.9891634100000001
0.99010288
0.99373613
0.62270631
0.99109446
0.9932994700000001
0.99227597
0.99283106
0.9926658399999999
0.99131406
0.6207820199999999
0.99129118
0.99362118
0.98959644
0.9936579600000001
0.9913506700000001
0.99359819
1.1939020999999999
1.0411941
0.99323515
0.99407193
0.98940039
0.99404892
0.99329028
0.99439875
0.8267374700000001
0.92471081
0.99298714
0.81952826
0.62064208
0.99113105
0.99338217
0.99771124
0.99372693
0.99124085
0.99127745
0.9880347500000001
1.1322807400000001
1.13260919
0.9970719699999999
0.99374533
0.9958975
0.99382351
0.99212469
0.99382811
0.99459678
0.9937821200000001
0.99415476
0.9939247
0.9938419000000001
0.9931341
0.99463364
0.99315247
0.99383271
1.1261529799999999
0.9927851599999999
0.91602519
0.62161579
0.9929182799999999
0.91354293
0.70370769
0.98971046
0.99139644
0.98838035
0.9914696700000001
0.99098927
0.99318003
0.99285401
0.98323504
0.8301442900000001
0.9944448
0.99518676
0.9939109
0.9934327199999999
0.8235890100000001
0.9934556999999999
0.99264749
0.99341894
0.9942238
0.99348787
0.8051543999999999
0.82294832
1.1057363
0.9944586099999999
0.99245023
0.99261996
0.91829708
0.9934373200000001
0.9948179399999999
0.99423761
0.99256949
0.8315779999999999
0.9912591500000001
0.82898103
0.62077663
0.83200327
0.6204771
0.99379591
1.0293708
0.98615182
0.9931708399999999
0.83034329
0.99195971
0.99373153
0.99307898
0.99352464
0.9907423799999999
0.99233558
0.99369934
0.99265208
0.99439414
0.9940167099999999
0.99438493
0.82881466
0.99325812
0.99230806
0.99277139
0.99329028
0.9934281300000001
0.99463824
0.99137813
0.9741628900000001
0.99321677
0.99230806
0.9927805700000001
0.99238602
0.9934419099999999
1.12222181
0.29204114000000003
0.99428365
0.99351545
0.99383271
0.98990663
0.99311572
0.99279434
0.99323056
0.99277139
0.99442177
0.48635449000000003
0.99195971
0.9814645299999999
0.71041687
0.9939615
0.99297337
0.70741903
0.99372693
0.9939799100000001
1.12189935
0.62163919
0.45236086
0.99576358
0.62130646
0.9936165800000001
0.99237685
0.9947718600000001
0.9913186399999999
0.7104215700000001
0.9926016099999999
1.28065769
0.7089651
0.99087038
0.55107487
0.9943665199999999
0.71019133
0.9952236499999999
0.82668018
0.99308358
0.9928769599999999
0.99261996
0.9941731699999999
0.99341894
0.89576273
0.99279893
0.9925282
0.98834396
0.99501154
0.99286319
0.99217969
0.9934281300000001
0.9742291799999999
0.99318921
1.20190047
0.9944816400000001
0.99356142
0.9920742699999999
0.9927530299999999
0.99271173
0.99325812
0.90706424
0.9705702100000001
0.99247316
0.98959644
0.99248692
0.99332703
0.99243188
0.9898016900000001
0.99092525
0.9939753100000001
0.9782455
0.99261996
0.99302847
0.9926842
0.99308817
0.9941271500000001
0.99315706
0.99249151
0.99240436
0.96060211
0.99128203
0.62045021
0.99412255
0.9923264
0.9910578700000001
0.99239519
0.99059157
0.99246399
0.71035343
0.9944770300000001
0.98480868
0.98626052
0.98624693
0.9931111300000001
0.9836764100000001
0.9631137599999999
0.99399371
0.99332244
0.9939431000000001
0.9938971
0.9929136900000001
0.98939583
0.9991827999999999
0.98955996
0.9866003499999999
0.99339596
0.9857896700000001
0.99251903
0.99310654
0.99139644
0.99132779
0.99257867
0.98109685
0.99219803
0.99148798
0.7093632200000001
0.9846461200000001
0.99217052
0.9945276900000001
0.99495622
1.2182023499999999
0.9942238
0.9944448
0.99230806
0.9918634900000001
0.99293205
0.9933592
0.99374533
0.99300551
0.9914696700000001
0.99307898
0.9794144199999999
0.99221178
0.99317543
0.99356601
0.99404892
0.71037927
0.99303306
0.99248692
0.99411795
0.99146052
0.8451665300000001
0.99295041
0.9944309800000001
0.9939431000000001
0.99144678
0.98857145
0.83227736
0.99304684
0.70764748
0.99020789
0.9903540200000001
0.99242729
0.99374533
0.9922072
0.99507608
0.99419158
0.99288614
0.9931984
0.9933408199999999
0.9905732899999999
0.99245023
0.9936487700000001
0.9922072
0.99708123
0.9911951000000001
0.99054588
0.99306521
0.45008921
0.99672027
0.826642
0.8284981
0.99299633
0.99254197
0.99369934
0.99283565
0.9953159100000001
0.9914376300000001
0.9921201000000001
0.99253738
0.8282137199999999
0.9943527
0.3102381
0.99271632
0.8286035900000001
0.9679672100000001
0.9939063
0.99261078
0.9935936
0.98456486
0.99496544
0.99332244
0.98432568
0.99400751
0.9928448299999999
0.9927805700000001
0.9934143400000001
0.9864326699999999
0.9929090899999999
0.98879904
0.98128962
0.98729433
0.9941133499999999
0.9917169199999999
0.99307439
0.9938832999999999
0.82840861
0.7090212800000001
0.89966554
0.8249367700000001
0.99255573
0.99309735
0.9928586
0.99255573
0.99301469
0.99429746
0.99321218
0.99075152
0.99274385
0.99372693
0.99045907
0.9934373200000001
0.99427904
0.9926933699999999
0.99322137
0.98796657
0.99195512
0.99347409
0.99709975
1.18267181
0.99331325
0.9928953199999999
0.99330866
0.99374073
0.99242271
0.99247775
0.70977351
0.99235392
0.99408113
0.99282188
0.99259243
0.3537369
0.99368555
0.99321677
0.99178104
0.99374073
0.99349707
0.99368095
0.99455072
0.99301929
0.9931249099999999
0.98616993
0.8834472800000001
0.93446049
0.9920467700000001
0.99235392
0.9929458200000001
0.99362578
0.99309276
0.9935062600000001
0.9925282
0.9901667999999999
0.9933408199999999
0.99288155
0.9933867700000001
0.9938879
0.9931708399999999
0.9860567299999999
0.98617899
0.9889766400000001
0.98685878
0.9937499200000001
0.45337891999999996
0.9836944400000001
0.992955
0.99497466
0.99329028
0.99056872
0.9929595999999999
0.99468892
0.9929595999999999
0.9933362200000001
0.6770210400000001
0.99478568
0.99087495
0.9759781
0.99368555
0.99242271
0.99245481
0.99377292
0.99324434
0.99400751
0.98394233
0.99215677
0.9938787000000001
0.99331325
0.23642525
0.35373165
0.99302847
0.91629879
0.99263372
0.98944142
0.99486864
0.99357981
0.9899111899999999
0.99229431
0.99344651
0.9934419099999999
0.99294123
0.9931478699999999
0.9933408199999999
0.99166654
0.9936717500000001
0.99154292
0.99323056
0.99281729
0.9934373200000001
0.82855884
1.02903045
0.9950391999999999
0.99166196
0.99190014
0.99331784
0.99317543
0.9931984
0.70941243
0.99432968
0.9925511400000001
0.9940213099999999
0.99309735
0.99339596
0.99335001
0.9932765
0.9932765
0.9944355899999999
0.99053674
0.7090212800000001
0.9867680799999999
0.99295041
0.8569641699999999
0.98880815
0.98943686
0.98639189
0.9882439
0.99132779
0.9931111300000001
0.9952467199999999
0.9939799100000001
0.99348787
0.98974239
0.8278944300000001
0.99371314
0.99259702
1.08671173
0.99369934
0.46458698
0.70757053
0.99243188
0.99302388
0.99292746
0.99357521
0.99093896
0.7079204099999999
0.9925052700000001
0.99372693
0.99261996
0.99296419
0.9931938100000001
0.99353843
0.99323974
0.9932259600000001
0.99304684
0.99440335
0.9926842
0.98426252
0.99427904
0.99303765
0.99589288
0.99300551
0.99111733
0.99398451
0.99245023
0.99221178
0.9853644799999999
0.9941685699999999
0.98563131
0.99221178
0.99321677
0.99362578
0.9938419000000001
0.9939293
0.9934327199999999
0.99004354
0.99321677
0.99495161
0.99261078
0.99157039
0.99256949
0.99177188
0.49685772
0.97510507
0.99154292
0.9937683199999999
0.99377292
0.9935936
0.9923905999999999
0.45113591
0.9932627100000001
0.99512681
0.99451848
0.99178562
0.99263372
0.99231723
0.9936579600000001
0.99485481
0.99438033
0.9864507899999999
0.9931938100000001
0.99407653
0.70766147
0.98649158
0.9938648999999999
0.9935936
0.9905001900000001
0.99097555
0.99256032
0.9939247
0.9710485799999999
0.9928953199999999
0.99283565
0.99436191
0.9905504399999999
0.99378671
0.99491012
1.08328011
0.99250985
0.9935200500000001
0.9918864000000001
0.85489339
0.82650837
0.9939017
0.99375452
1.04036686
1.2093525699999998
0.99289073
1.0497395299999999
0.9949884900000001
0.8268297800000001
0.99306061
0.97278168
0.9938925000000001
0.99404432
0.9502644600000001
0.99423761
0.99407653
1.07527947
0.9935844
0.9876257900000001
0.9921934400000001
0.98694949
0.99282647
0.9938511
0.98930923
0.9841677900000001
0.81892197
0.99282188
0.7090400099999999
0.61846322
0.7104544799999999
0.82854285
0.9930101
0.96310512
0.9970164300000001
0.9939201
0.98971046
0.9919368
0.98918163
0.98988382
0.9932765
0.9931203200000001
0.9942053900000001
0.9923218199999999
0.9923309899999999
0.98756675
0.9919872
0.7131227699999999
0.99379131
0.99340974
0.99264749
0.9777644600000001
0.99274385
0.99131406
0.99238602
0.99369934
0.99056872
0.98659128
0.99415476
0.99442177
0.9929687800000001
0.99528362
0.99310654
0.9934327199999999
0.9920421899999999
0.99332244
0.98735788
0.9935016600000001
0.9932673099999999
0.99211552
0.9885805499999999
0.99297796
0.99357521
0.3311565
0.99406733
0.99271632
0.99251903
0.9949977099999999
0.99273009
0.99336379
0.99409494
0.99348328
0.99337758
0.9718923599999999
0.99440335
0.99245023
0.9929090899999999
0.99289991
0.9834421600000001
0.55074839
0.99214302
0.7088223600000001
0.9932627100000001
0.9939201
0.9938097100000001
0.9929182799999999
0.99316625
0.99271173
0.9888582300000001
0.99335001
0.99240436
0.98285254
1.18301711
0.9922347
0.90720985
0.8893781799999999
1.22954342
0.99166654
0.70927653
0.49413673
0.99571741
0.8271769299999999
0.9931341
1.08967284
1.3492609
0.99332703
0.9908155200000001
0.9915383400000001
0.9914788299999999
0.99197345
0.99340515
0.98397389
0.9917215
0.9917902
0.99230348
0.99355682
0.9845964600000001
0.9942053900000001
0.98363136
0.9929458200000001
0.9935016600000001
0.99419158
0.96278991
0.9944309800000001
0.99237685
0.99293205
0.9950299800000001
0.98923631
0.99441717
0.99222095
0.9933546
0.95346676
0.9974239300000001
0.98408661
0.99170776
0.9884122000000001
0.9927530299999999
0.99299633
0.99021702
0.99331325
0.99377752
0.99195971
0.99415937
0.99404432
0.98760762
0.9954635500000001
0.9927209100000001
0.9938787000000001
0.6204179400000001
0.99337758
0.99263372
0.9939109
0.99363497
0.98717633
0.99271173
0.99403972
0.9884395
0.9940903400000001
0.98912696
0.9942698400000001
0.99329028
0.9917673
0.99054131
1.11281268
0.9863964199999999
0.99266125
0.9906966799999999
0.97118472
0.68727174
0.98728072
0.9851565499999999
0.9946797100000001
0.9836133300000001
0.9851429899999999
0.61443399
0.9927851599999999
0.9936487700000001
0.99329028
0.99158412
0.99399371
0.9926016099999999
0.99353384
0.98344667
0.99154749
0.8269125599999999
0.99418238
0.99357521
0.99116765
0.7104873899999999
0.9964982600000001
0.9866094099999999
0.7104380299999999
0.9927254999999999
0.99145594
0.993589
1.04403384
0.98634205
0.8268297800000001
0.9955835399999999
0.99254655
0.99381891
0.99407653
0.9930560199999999
0.99336839
0.99414096
0.81937504
0.82492726
0.99366716
0.99217511
0.82651792
0.9933546
0.99288155
0.83953636
0.9923722600000001
0.99203761
0.9928035199999999
0.99346949
0.99194596
0.99446782
0.9922668
0.9832665500000001
0.99407193
0.9910258500000001
0.9933546
0.99304684
0.9938097100000001
0.99230806
0.99339596
0.8246991699999999
0.99275762
0.9944494
0.8259425400000001
0.82785613
0.9941271500000001
0.9938557
0.99400751
0.99495622
0.84124982
0.9923126499999999
0.99446322
0.9846551499999999
0.99311572
0.99332703
0.99363038
0.99363038
0.7096421700000001
0.99221178
0.9846551499999999
0.99282188
0.31026141
0.9935936
0.99379131
0.99403052
0.99297796
0.91549019
0.98580777
0.9930101
0.99357061
0.99266125
0.9939799100000001
0.9841136699999999
0.98999334
0.99353843
0.99332244
0.62162299
1.21266469
1.0046613100000001
0.98588923
0.99055501
0.99260619
0.98967397
0.98332058
0.8274637800000001
0.9911219
0.9945875700000001
0.99248233
0.9936165800000001
0.97091248
0.98972414
0.99162075
0.9927622100000001
0.9933362200000001
0.99120425
1.12901264
0.9936487700000001
0.99438493
0.9928769599999999
0.99282647
0.99377292
0.9942053900000001
0.99311572
0.77374809
0.9925511400000001
0.82832234
0.6462873600000001
0.89627865
0.9866456800000001
0.62176157
0.9930009200000001
0.90155024
0.99273926
0.9933867700000001
0.99355682
0.99340974
1.00730502
0.99134609
0.99510836
0.99079723
0.99581437
0.27542964999999997
0.99282188
0.99363957
0.98613371
0.98898119
0.9942284100000001
0.99217052
0.99315706
0.9940581199999999
0.9835637800000001
0.99252362
0.99371314
0.9931341
0.99213385
0.82623172
0.82670246
0.98707651
1.01548834
0.9928035199999999
0.9436792300000001
1.15692471
0.99132779
0.99464746
0.9915886999999999
0.99323056
0.83860856
0.99441717
0.98797111
0.9932765
0.99339136
1.27911682
0.99315247
0.9929090899999999
0.99267502
0.82437309
0.99268878
0.99348328
0.9834872
0.9695054500000001
0.99230806
0.99523749
0.9928035199999999
0.99271632
0.9934924700000001
0.9943711199999999
0.9928769599999999
0.9915246000000001
0.99224846
0.99129118
0.99281729
0.9926933699999999
0.99258325
0.99538972
0.99362578
0.99346949
0.9911813700000001
0.82480686
0.99689146
0.9935062600000001
0.99196887
0.9919505399999999
0.9948271599999999
1.01809287
0.8244933600000001
0.99351085
0.9927851599999999
0.99306521
0.97049126
0.9912683
0.9933408199999999
0.82778912
0.99558815
0.99284942
1.19252971
0.98905862
0.99342353
0.99275762
0.9181675199999999
0.99317543
0.8268170499999999
0.9961562
0.99572664
0.99214302
0.9929182799999999
0.9856946499999999
0.99201469
0.9909663999999999
0.9930009200000001
0.99318462
0.99336379
0.99346489
0.9932673099999999
0.95577526
0.9944448
0.9939247
0.9918634900000001
0.99104415
0.99355682
0.7097242500000001
0.99325352
0.9934143400000001
0.99344651
0.99184059
0.99401211
0.99334541
0.99304684
0.99144678
0.99262913
0.98999334
0.99403052
0.9947810800000001
0.9932719
0.99311572
0.99281729
0.99378671
0.98508876
0.9931111300000001
0.9953205199999999
0.9937499200000001
0.99302388
0.99372693
0.99183143
1.09583943
0.99286778
1.22008491
0.71009974
0.62386589
0.7092952699999999
0.9920559400000001
0.99483638
0.99267961
0.9925878400000001
0.99368095
1.04972927
0.99304225
0.99441256
0.99242271
0.828284
0.99083838
0.98556798
0.9934786800000001
0.54935641
0.98443397
0.55195161
0.99308817
0.9936165800000001
0.9942146
0.99323974
0.9937177300000001
0.99373153
0.99316625
0.83046531
0.9925649
0.45104021000000005
0.99302847
0.9902398499999999
0.9924685700000001
0.99241812
0.99258325
0.99134152
0.9856629800000001
0.99365336
0.9927530299999999
0.9936625600000001
0.99377752
0.99304684
0.9931708399999999
0.9927668
0.99239519
1.00697439
0.99315706
0.9845468099999999
0.9923722600000001
0.9918864000000001
0.99189556
0.8549784800000001
0.98338362
1.1944267000000002
0.98565393
0.99324434
0.9939247
0.9928769599999999
0.9931203200000001
0.99418698
0.9934511100000001
1.0210845
0.95281105
0.9883075800000001
0.9925282
0.99279434
0.99191389
0.9932719
0.9859435499999999
0.9892226399999999
0.8895660700000001
0.99512219
0.99308358
0.99410874
0.9934786800000001
0.99183143
0.9942053900000001
0.99377292
0.9944494
0.99483177
0.99442177
0.9938741
0.99382351
0.9915200299999999
0.994735
0.9943434999999999
0.9901394
0.99374073
0.99280811
0.9839107699999999
0.99308358
0.9943112700000001
0.99379591
0.99309276
0.9934511100000001
0.99497466
0.99346949
0.99197345
0.99277598
0.9938511
0.9898245
0.99250068
0.99355222
0.98385217
0.99104415
0.9939799100000001
0.98301
0.9922347
0.9932765
0.9932765
0.9929595999999999
0.82645112
0.97594261
0.90939581
0.9923309899999999
0.99479951
0.99210177
0.98622428
0.9938832999999999
0.99019419
0.9927805700000001
0.99441256
0.99219803
0.9938971
0.99288155
0.99407653
0.99497466
0.9929090899999999
0.9938695
0.9933729800000001
1.01855644
0.99318003
0.9920880200000001
0.98571727
0.99271173
0.99243188
0.99355682
0.98415877
0.9931432800000001
0.99407653
0.9939615
0.9865867500000001
0.9838116100000001
0.9859435499999999
0.99308358
0.99288155
0.99416397
0.99606841
0.99371314
0.99382811
0.9938648999999999
0.99181768
0.97330193
0.99331325
0.9943895399999999
0.9920467700000001
0.99243188
0.99346489
0.91378394
0.90497716
0.9895554
0.99519598
0.9928035199999999
0.99242271
0.99221637
0.96545625
0.99275762
0.98492159
0.99235392
0.99556969
0.9884531400000001
0.9950391999999999
0.99179478
0.99316165
0.9901348400000001
0.98864882
0.95868522
0.99324893
0.99329028
0.99275762
0.99383271
0.98101169
0.9754372600000001
1.1190056
0.9930009200000001
0.83109847
0.9938787000000001
0.9929687800000001
0.99211094
0.99268878
0.99297337
0.99480873
0.99407193
0.97839703
0.99260619
1.0020595
0.9921934400000001
0.99369015
0.99321677
0.70558514
0.9939247
0.98455132
0.99399371
0.82689664
0.9786779400000001
0.9965861300000001
0.9858530299999999
0.67661361
0.99401211
0.9913094800000001
0.99093439
0.9920834399999999
0.70895574
0.9931984
0.99310654
0.98742598
0.9934373200000001
0.98633299
0.33123209000000003
0.9880302000000001
0.9936579600000001
0.9911447699999999
0.94884112
0.9838702
1.08090281
0.99318003
0.99339136
0.9939385000000001
0.98760308
0.7086329
0.9939109
0.9941961899999999
0.9876167100000001
0.99369015
0.99352464
0.99403972
0.82814346
0.9966370000000001
0.99402592
0.99316165
0.99278975
1.4545405400000002
0.9929045000000001
0.99288614
0.99256949
0.99318462
0.99103042
0.99339136
0.99355682
0.99264749
0.9938603
0.99238602
0.99248233
0.99289991
0.99321218
0.9928769599999999
0.99308817
0.9851068399999999
0.99267502
0.9874713900000001
0.99197803
0.99328109
0.9928448299999999
0.99379591
0.99329028
0.95823605
0.99595292
0.35370485
0.99428825
0.99201011
0.71001522
0.99173524
0.99341894
0.9933040599999999
0.99379591
0.99299633
0.99264749
0.99362578
0.98430763
0.9932673099999999
0.9919505399999999
0.9939201
0.9906555400000001
0.8263843300000001
0.9931708399999999
0.7119666499999999
0.99228514
0.8457090599999999
1.07391365
0.99283565
0.9938419000000001
0.62067257
1.1905067200000001
0.99268878
0.99438493
0.99303306
0.99404892
0.99099384
0.66260318
0.99352464
0.96298851
0.8304332
0.8247371800000001
0.99491012
0.9936763500000001
0.99372233
0.99277139
0.9936579600000001
0.99348328
0.99275762
0.9914834
0.55108335
0.9953066800000001
0.55191473
0.8282488600000001
0.99377292
1.08653578
1.06172837
0.99256949
0.99239978
0.99296419
0.99229431
0.99294123
0.99348787
0.99520982
0.9931111300000001
0.9827221
0.9941961899999999
1.12277334
0.9938925000000001
0.9934373200000001
0.99376372
0.96341189
0.8122746700000001
0.9921476
0.9917673
0.9920421899999999
1.02724364
1.0125914299999998
0.9936625600000001
0.99347409
0.98789385
0.99377292
0.9936579600000001
0.99307439
0.99265666
0.98202106
0.99378671
0.9928448299999999
0.9857896700000001
0.99288155
0.99098927
0.9928448299999999
0.98700846
0.99408113
0.99336379
0.99318003
0.9920559400000001
0.9913918599999999
0.99200095
0.99376372
0.99514064
0.99361199
0.99264749
0.99218886
0.99248692
0.992955
0.9904545
0.99252362
0.99436191
0.99230806
0.99236767
0.9909115300000001
0.99543125
0.99104415
0.9940903400000001
0.9909115300000001
0.99024898
0.9934143400000001
0.99310654
0.97843715
0.9936717500000001
0.99329487
0.49669224
0.98894931
0.99445401
0.9948962899999999
0.9949055099999999
0.9881120400000001
0.9916756999999999
0.98715818
0.9927484400000001
0.98442044
0.9932627100000001
0.99374073
0.9846551499999999
0.99123627
0.9907423799999999
0.98955996
0.99304225
0.99650751
1.19337796
0.8276710799999999
0.9940581199999999
0.9910258500000001
0.98861696
0.9917673
0.8278689
0.96549098
0.9926383099999999
0.99277139
0.70241871
0.99368555
0.9938465
0.99190931
0.9855091899999999
0.99303765
0.99126373
0.99317543
0.99089324
0.98546848
0.99333163
0.9941685699999999
0.99293205
0.99161159
0.9927025500000001
0.99377292
1.07747528
0.99303765
0.99303765
0.99376372
0.99308358
0.9926429
0.9946843099999999
0.9938648999999999
0.83038182
0.9935016600000001
0.99382811
0.99328109
0.9934786800000001
1.16463583
0.99285401
0.9914101700000001
0.99288155
0.99360739
1.007773
0.9930560199999999
0.94615725
0.9943527
0.99363038
0.9952144300000001
0.99308358
0.99301929
0.9933729800000001
0.99363957
0.99139644
0.99399371
0.99339596
0.99454612
0.9936165800000001
0.45223987
0.9939201
0.9945323
0.7077291
0.9952421
0.85247036
0.9939523
1.09306725
0.9923814299999999
0.99282188
0.99438493
0.99325352
0.9934327199999999
0.99433889
0.99007549
0.9943158699999999
0.99286319
0.99374533
0.9858937600000001
0.9937821200000001
0.9900800599999999
0.99304225
0.35505222000000003
0.9939338999999999
0.9947718600000001
0.99273009
0.99332244
0.99351545
0.9944770300000001
0.99374533
0.9933040599999999
0.9968729500000001
0.9946843099999999
0.9946843099999999
0.9133680900000001
0.99320299
0.9931111300000001
0.99247775
0.99316625
0.82700491
0.9937683199999999
0.45123071000000003
0.9922438699999999
0.9944770300000001
0.99286778
0.99161159
0.99110361
0.98988382
0.9934373200000001
0.70771044
0.49355867000000003
0.9681243
0.9948916800000001
0.99370854
0.99114935
0.82691574
0.99249151
0.9948271599999999
0.9954866199999999
0.9891634100000001
0.99308817
0.9879302099999999
0.9927025500000001
0.99357521
0.99302847
0.99301929
0.99144221
0.99375912
0.99354303
0.99377292
0.8265592700000001
0.99500693
0.98329807
0.9840640700000001
0.99415937
0.99419158
0.99206052
0.99229889
0.99192763
0.99307439
0.99307439
0.99332703
0.99462903
0.99279434
0.62181738
0.99197345
0.9858213499999999
0.99242729
0.98955084
0.9553670700000001
0.99128203
0.99174898
1.21404953
0.99363497
0.99230348
0.8270495
0.99329028
0.9931984
0.99331325
0.9951498599999999
0.99217052
0.99399371
0.82664836
0.9929595999999999
0.9939293
0.9931111300000001
0.98483577
0.99503459
0.45167772
0.99281729
0.99303306
0.99357981
0.9895873199999999
0.99295041
0.99401211
1.17989717
0.98611559
0.99332703
0.99339136
0.31026634000000003
0.99306061
0.4132685
0.99706272
0.99284024
0.9938832999999999
0.99322137
0.82672474
0.99306521
0.99321677
0.9931938100000001
0.99334541
0.9880393
0.992955
0.9943158699999999
0.6205022
0.7077361000000001
0.99332244
0.8572583699999999
0.99411795
1.29774571
0.9936717500000001
0.99321677
0.99216594
0.9899111899999999
0.99464746
0.99007093
0.9938879
0.9927851599999999
0.9904271
0.98798475
0.9843753100000001
0.9958975
0.9935200500000001
0.9937177300000001
0.99438033
0.99372693
0.99444019
0.9931295
0.99202844
0.99329487
0.92035145
0.99379131
0.9932627100000001
0.9903540200000001
0.99438033
0.9761511199999999
0.96583836
0.99331325
0.99189556
0.9948870700000001
0.99339136
0.97549486
0.99320299
0.99219803
0.9933592
0.9939293
1.29626519
0.99370854
1.24625462
0.99363497
0.8433807899999999
0.99336379
0.99092067
0.9609459800000001
0.9920559400000001
0.99332244
0.9916894399999999
0.99332244
0.9928769599999999
0.9934373200000001
1.2212158499999999
0.99244105
0.9757120399999999
0.99297796
0.98926365
0.9914834
0.62173817
0.9938925000000001
0.99429746
0.99261996
0.99476264
0.99298255
0.9827445899999999
0.99315706
0.99152918
0.8265783600000001
0.9930101
0.99357981
0.99223012
0.99382811
0.71295468
0.98501195
0.9934556999999999
0.99311572
0.99347409
0.99400291
0.9904042599999999
0.7024991300000001
0.9923401599999999
0.99240895
0.99400751
0.99274385
0.9940213099999999
0.99311572
0.9914834
0.9927071399999999
0.55926966
1.50032043
0.99430666
0.99310654
0.99368555
1.1829715
0.99349707
0.9946428500000001
0.99282188
0.9928035199999999
0.9928448299999999
0.9927805700000001
0.9934511100000001
0.9934373200000001
1.37493511
0.99292746
0.9936165800000001
0.98342415
0.99340515
0.99413175
0.9899979000000001
0.98864882
0.9866683399999999
0.82676293
0.9935062600000001
0.99375452
0.9931111300000001
0.9932075899999999
0.9949931
0.99447243
0.99283565
0.99332244
0.99240895
0.83069018
0.9907103899999999
0.99277598
0.99473039
0.99342353
0.9939569
0.99544509
0.9898746900000001
0.98500743
0.9872489400000001
0.99305143
0.9933592
0.9933408199999999
0.9025808999999999
0.99500693
0.9910212799999999
0.9916802800000001
0.99098012
0.99219803
0.98460549
0.99321677
0.99258325
0.99221178
0.9921476
0.9930101
0.99401211
0.9936579600000001
0.99413175
0.9934786800000001
0.9929090899999999
0.99185433
0.99339136
0.9896101199999999
0.8876980600000001
0.99261996
0.9069722899999999
0.9966138800000001
0.99341894
0.99318462
0.8284309799999999
0.9927025500000001
0.98407308
0.9939385000000001
0.9925052700000001
0.82641932
0.14179564
0.9889265399999999
0.98499388
0.99030378
0.99200095
0.82811791
0.99364417
0.9939017
0.55205661
0.61941581
0.98568108
0.99092067
0.99182684
0.99254655
0.93637145
1.1245489499999999
0.99400751
0.99221178
0.9922713799999999
0.99303765
0.9942238
0.99485481
0.98941406
0.99511297
0.9949884900000001
0.99304684
0.70520051
0.49596382
0.99348787
0.9849487
0.99104415
0.96523494
0.96848232
0.9934603
0.9920330199999999
0.93658789
0.9945276900000001
0.9841136699999999
0.81935941
0.99332244
0.9931341
0.99321218
0.9906007099999999
0.99310654
0.84930459
0.99329028
0.9942007900000001
0.99404892
0.99284024
0.98826664
0.99335001
0.99242271
0.99426523
0.9881120400000001
0.98993401
0.9843753100000001
0.99487786
0.99304225
0.71020073
0.9924364699999999
0.9928953199999999
0.9866910099999999
0.9874350599999999
0.9880983999999999
0.99407193
0.99322137
0.99351085
0.98746685
0.99217052
0.98617899
0.99455072
0.9942053900000001
0.9936717500000001
0.99245023
0.9931984
0.98823026
0.98942774
0.54622918
0.9923585
0.9937177300000001
0.9941961899999999
0.9807831899999999
0.99353384
0.99368095
0.9917673
0.9910212799999999
0.98570822
0.99317543
0.9931019499999999
0.9931249099999999
0.90220928
0.45122786
0.99321218
0.9933040599999999
0.98325305
0.95391147
0.99206969
0.9852785900000001
0.9951637
0.9933546
0.9912225499999999
0.9950945299999999
0.99261996
0.9890221800000001
0.99381891
0.99369015
0.98539613
0.9931203200000001
0.99440335
0.9929917399999999
0.9943481
0.9934511100000001
0.99177646
0.99505303
0.9932259600000001
0.70869838
0.9934373200000001
0.99332244
0.9942284100000001
0.9932075899999999
0.9934143400000001
0.99124542
0.9847815799999999
0.9931249099999999
0.9928723700000001
0.9902398499999999
0.99315247
0.9909115300000001
0.99370854
0.49680599000000003
0.9938741
0.9901531
0.99375912
0.99437573
0.9937177300000001
0.99147425
0.9916802800000001
0.99439414
0.82128969
0.6207820199999999
0.99441717
0.98377555
0.9933408199999999
0.99296419
0.993589
0.99383271
0.6185344700000001
0.9931708399999999
0.9921063499999999
0.98443397
0.99352924
0.99284024
1.0500321
0.99271173
0.99505303
0.99273009
0.80531442
0.99322137
0.9929595999999999
0.99267502
0.9946797100000001
0.98926365
0.8306741200000001
0.99369015
0.9938557
0.99297337
0.55105083
0.9931111300000001
1.01886572
0.9903996899999999
0.9934419099999999
0.99229431
0.98834851
0.9927025500000001
0.99265666
0.54982338
0.9921521900000001
0.9932075899999999
0.9931203200000001
0.9942514199999999
0.98799838
0.99318003
0.9911722199999999
1.05327149
0.99304684
0.9945369
0.99173524
0.9902809499999999
0.99196887
0.99315247
0.9952743900000001
0.99116307
0.9939155
0.99151545
0.99258325
0.99283565
0.99182226
0.99428825
0.98809385
0.9937039400000001
0.99271632
0.9941455600000001
0.9927484400000001
0.9948179399999999
0.99199636
0.99406733
0.98650064
0.99604069
0.9836809200000001
0.97416731
0.99378671
0.9940535199999999
0.9929182799999999
0.98588923
0.9946843099999999
0.99323056
0.99424222
0.99575434
0.9934556999999999
0.9898245
0.99135982
0.9887899400000001
0.9939109
0.99311572
0.98702207
0.99265666
0.9876167100000001
0.9880302000000001
0.98821207
0.49687036
0.99404432
0.9845287500000001
0.70899085
0.9929458200000001
0.9920880200000001
0.99310654
0.9907058200000001
0.99357521
0.9924594
0.9915383400000001
1.24665977
0.99549585
0.70772211
0.9941455600000001
0.99474882
0.9941363599999999
1.0464657
0.99307439
0.9929458200000001
0.9938695
0.99410414
0.99285401
1.18565588
0.99429746
0.9931432800000001
0.9934327199999999
0.99459218
0.99404432
1.1462844300000001
0.9926016099999999
0.98837581
0.99200553
0.99412255
0.99336839
0.98762125
0.9923264
0.99047278
0.99280811
0.99381891
1.11869082
0.9906738199999999
0.9804786900000001
0.99347409
0.99372693
0.9943112700000001
0.9928035199999999
0.9731078700000001
0.9966323800000001
0.99376372
0.99285401
0.9914147400000001
0.9936625600000001
0.9941731699999999
0.9944309800000001
0.99404432
0.99404892
0.9860567299999999
0.98753496
0.38107775
0.9934556999999999
0.9914513599999999
0.31023989
0.99166654
0.99256949
0.9884213
0.9927530299999999
0.99425603
0.99257867
0.62068513
0.8172732899999999
0.99293205
0.9929182799999999
0.99308358
0.98403701
0.9938925000000001
0.99316165
0.98659582
0.98352774
0.99246399
0.9929917399999999
0.98488997
0.99586517
0.99425603
1.02656108
0.85325277
0.9843708
0.9933362200000001
0.9941133499999999
1.10936349
0.9939293
0.9900937500000001
0.9929687800000001
0.99363497
0.9892226399999999
0.99352464
0.9945230899999999
0.9927071399999999
0.96092878
0.98875352
0.33953760000000005
0.9929045000000001
0.99441256
0.99286319
0.99196887
0.99340515
0.9934327199999999
0.99329487
0.99474421
0.99361199
0.98787113
0.9915383400000001
0.9916986
0.99462442
0.9931019499999999
0.99159328
0.99215677
1.0474150500000001
0.9939293
0.94825874
1.15661316
0.9933729800000001
0.9911219
0.98830303
0.99364417
0.9873624200000001
0.27565343999999997
0.9923905999999999
0.45062283000000003
0.9926658399999999
0.9939385000000001
0.9925144400000001
0.9941455600000001
0.9704474000000001
0.99206052
0.97059653
0.99331784
0.9885487000000001
0.99410874
0.96848232
1.3349767499999998
0.9941501599999999
0.99323974
0.98753496
0.99460139
0.9933729800000001
0.9928448299999999
0.99359819
0.9943434999999999
0.9932856800000001
0.9938465
0.9925282
0.99354303
0.9927530299999999
0.80695457
0.9936763500000001
0.99474882
0.99058243
0.98692227
0.99144221
0.99382351
0.99321677
0.99306061
0.82811791
0.9914330499999999
0.9926658399999999
0.99342353
0.99115392
0.9938925000000001
0.99231723
0.99217511
0.990587
0.99150171
0.9942514199999999
0.98868068
0.98674541
0.99244564
0.99238602
0.98963748
0.99259243
0.99318003
0.99267043
0.44796824999999996
0.9924594
0.9934786800000001
0.9939201
0.9926383099999999
0.99369934
0.9928953199999999
0.9946106
0.9871536399999999
0.98608842
0.99260619
0.9932765
0.97545498
0.99427444
0.9942192
0.61916221
0.99253738
0.9917306600000001
0.99234933
0.993589
0.9917306600000001
0.99115392
0.99293205
0.98073392
0.98359081
0.8247403400000001
1.13932115
1.11214416
0.99194596
0.96329953
0.99356601
0.9927530299999999
0.9870039199999999
0.86733024
0.99277139
0.99383271
0.99294123
0.9895873199999999
0.76549034
1.02296686
0.9907241
0.99357981
0.9925052700000001
0.98744414
0.99357981
0.9933729800000001
0.99301929
0.86089431
0.9914696700000001
0.96285467
0.98535544
0.99298255
0.9904042599999999
0.9919872
0.99325352
0.97832126
0.9950391999999999
0.99278975
0.8247593500000001
0.99426523
0.9791196999999999
0.7088597900000001
0.99336379
0.9939431000000001
0.98818933
0.9932765
0.99300551
0.99403972
0.9933592
0.9933729800000001
0.99357521
0.99491473
0.9930009200000001
0.99284942
0.99441256
0.9831225100000001
0.99766025
0.99220261
0.8300769
0.81515445
0.99382351
0.9934511100000001
0.9925282
0.82856843
0.99435731
0.99239519
0.9554903400000001
0.99378671
0.9870039199999999
0.99357981
0.98370795
0.98495773
0.9858304
0.98592092
0.9875304199999999
0.99403052
0.99283106
0.99379591
0.9928586
0.9881393199999999
0.99377752
0.9939753100000001
0.99275762
0.9925511400000001
0.9934603
0.99409494
0.7075448900000001
0.99298255
0.99924324
0.9920559400000001
0.83013145
0.9948271599999999
0.9928127000000001
0.9956620100000001
0.99501615
0.99381891
0.99254655
0.99535743
0.9934419099999999
0.99356601
0.38112036000000005
0.99286778
0.99299633
0.9901850600000001
0.9917031799999999
0.99297796
0.99218428
0.99212927
0.9858937600000001
0.9933362200000001
1.13284818
1.0128541
0.9935062600000001
0.99200095
0.99282188
0.98949156
0.99373153
1.04951893
0.9921613600000001
0.98704475
0.99286778
0.99296419
0.99362578
0.9948916800000001
0.9939017
0.9963318200000001
0.99262455
0.99115392
0.99244564
0.9938005099999999
0.9927805700000001
0.9934143400000001
0.9931432800000001
0.9934281300000001
0.99247775
0.99249151
0.97456962
0.9934143400000001
0.9934511100000001
0.99273009
0.9931478699999999
0.9894095
0.9945323
0.9858801800000001
0.98353225
0.9938465
0.99135525
0.99315247
0.99298255
0.9922713799999999
1.12186419
0.9282602400000001
0.99381891
0.99427904
0.9888582300000001
0.99379591
0.99355682
0.99362578
0.99318462
0.98787567
0.9920834399999999
0.62163199
0.9922530399999999
0.9934556999999999
0.99107159
0.9937039400000001
0.99271632
0.99325812
0.99414096
0.99433889
1.10250055
0.9927622100000001
0.99375452
1.10276664
0.9927071399999999
0.9924685700000001
0.9933408199999999
0.99277139
0.91835992
0.9938097100000001
0.99279434
0.99411795
0.8304396199999999
0.99502537
0.61086325
0.95306899
0.99303765
0.9901394
0.9942053900000001
0.70785741
0.9939477
0.99496544
0.9938787000000001
0.99378671
1.05000643
0.9921613600000001
0.9866003499999999
0.99373153
0.9851294300000001
0.99271632
0.9928448299999999
0.99416397
0.98533284
0.98765759
0.99669251
0.9911584999999999
0.99241353
0.99238602
0.99240895
0.9920330199999999
0.99339136
0.9874804699999999
0.9931984
0.9948916800000001
0.99194596
0.99382351
0.9908840999999999
0.99258325
0.9742999
0.99363038
0.82858121
0.9929136900000001
0.94129255
0.9939523
1.42141212
0.9936579600000001
0.99316625
0.99249151
0.99137813
0.99800799
0.98879449
0.994606
0.98981538
0.9947534299999999
0.99119967
0.70911727
0.99307898
0.99262913
0.95835151
0.9934143400000001
0.9702939399999999
0.98948701
0.99253279
0.99256949
0.99377292
0.98814386
0.99237685
0.9920238600000001
0.9933408199999999
0.9932259600000001
0.99317543
0.99294123
0.99321677
0.99235392
0.99201469
0.99329028
0.9946658899999999
0.9884213
0.9966138800000001
0.9933592
0.98938671
0.99239519
0.9912134
0.99080638
0.49688071
0.9946106
0.983046
0.8264892899999999
0.9938832999999999
0.70904937
0.99203761
0.9933362200000001
0.99306061
0.99309735
0.9897651999999999
0.98503454
0.99238602
0.7999656
0.99311572
0.9931708399999999
0.9046073800000001
0.99424222
0.82666427
0.99234933
0.99445401
0.99230806
0.99308358
0.99502537
0.98850319
0.9881529600000001
0.99446782
0.9893137900000001
0.99162533
0.99441256
0.9884076500000001
0.9902124499999999
0.99292287
0.9960314499999999
0.99278975
0.9939109
0.99221178
0.9941685699999999
0.9918451699999999
0.9876167100000001
0.9929687800000001
0.9934281300000001
0.9922255400000001
0.98623787
0.9944079600000001
0.9930009200000001
0.99253279
0.99304684
0.9926842
0.99236309
0.99253279
0.9922072
0.99348787
1.03247384
0.9926842
0.9873124900000001
0.99464746
0.99696551
0.99288614
0.9856222699999999
0.9830955
0.99438033
0.99338217
0.99403972
0.99190472
0.92036723
0.99318921
0.9925052700000001
0.99348787
0.9915337599999999
0.9931019499999999
0.99301929
0.99354763
0.99083838
0.9934603
0.7071884
0.992955
0.9931203200000001
0.99497466
0.99341894
0.70894638
0.9935200500000001
0.99509914
0.45178319
0.9918634900000001
0.98790294
0.70791808
0.99485481
0.99336379
0.9869358800000001
0.9922713799999999
0.99301929
0.99634107
0.9932673099999999
0.9948962899999999
0.99236767
0.99491473
0.9929045000000001
1.11997437
0.99409954
0.62078561
0.9932075899999999
0.99273009
0.9896237999999999
0.9865459599999999
1.2016718
0.9936027900000001
0.99247316
0.99260619
0.99613309
1.21391914
0.99364417
0.98642814
0.99259243
0.9928586
0.97207274
0.98716272
0.9938005099999999
0.99092525
0.6198288000000001
0.9939338999999999
0.993589
0.99242729
0.9934603
0.98489449
0.99286778
0.99292287
0.98554085
0.98175618
0.82791358
0.99419158
0.99424222
0.82457884
0.9817965700000001
0.82612365
0.8303689799999999
0.99328109
0.70917581
0.9938741
0.9931938100000001
1.28509497
0.99120425
0.99357521
0.9919872
0.99494239
0.9939799100000001
0.9854504
0.9939201
0.99348787
0.9934603
0.9927530299999999
0.6227045
0.9936027900000001
0.5518608300000001
0.9908246599999999
0.85129773
1.03305495
0.9933546
0.99231723
0.99083381
0.99334541
1.09606315
0.9943342900000001
0.99267502
0.95840283
0.99374073
0.98766667
0.9934373200000001
0.99002072
0.99253279
0.49680714000000004
0.9838116100000001
0.9927484400000001
0.99110361
0.99316625
0.99349707
0.99432508
0.99120425
0.99238602
0.99121797
0.99346489
0.37693999
0.9929045000000001
0.9268259999999999
0.9907103899999999
0.71109672
0.99300551
0.9933040599999999
0.9884213
0.62269186
0.71184629
0.82678521
0.9939799100000001
0.98797111
0.38276223000000004
1.01016221
0.9803981199999999
1.24181532
0.9927025500000001
0.99196887
0.98860786
0.99271173
0.99931299
0.99329487
0.99496544
0.98998877
0.99133694
0.9929136900000001
0.9939431000000001
0.99360739
0.9938419000000001
0.9751095
0.99161159
0.9833250800000001
0.9481498899999999
0.9934373200000001
0.84901918
0.99379131
0.9933408199999999
0.99198262
0.9889766400000001
0.9919505399999999
0.99428825
0.99401211
0.9938005099999999
0.98460549
0.82679158
0.99284024
0.99304225
0.9949009
0.9939615
0.99157954
0.9834151400000001
0.9841497499999999
0.99001616
0.9923814299999999
0.9932627100000001
0.99317543
0.9915749599999999
0.9829560100000001
0.98877173
1.0529977700000002
0.98859876
0.99197803
0.9954497000000001
0.99162991
0.9938695
0.9943895399999999
0.99340974
0.97047372
0.9933546
0.992955
0.62053447
0.82653382
0.9921476
0.9925649
0.99496083
0.99190472
0.99318462
0.99430666
0.99265666
0.9935200500000001
0.99302388
0.9180772399999999
0.99469814
0.99267043
0.9893548099999999
0.99288614
0.9923264
1.00483525
0.99336839
0.99002529
0.99408113
0.96292806
0.99244564
0.99321677
1.02967681
0.9929136900000001
0.99299633
0.99433889
0.71041452
0.99228972
0.99403052
0.99201011
1.0465115900000002
0.9940581199999999
0.45117478
0.71032523
0.9939799100000001
0.90488945
0.9920330199999999
0.99307439
0.98935936
0.9944079600000001
0.99273009
1.04146677
0.99356142
0.99344651
0.99074695
0.99247775
0.9927346699999999
0.99303765
0.99354303
0.9929045000000001
0.99407193
0.99268878
0.99311572
0.99303765
0.9927209100000001
0.9908018
0.99310654
0.99355682
0.99234933
0.41328201999999997
0.99190931
0.9931708399999999
0.98610654
1.21607763
0.9937821200000001
0.9935062600000001
0.9941271500000001
0.99219803
0.99931299
0.9901257099999999
0.99354763
0.99354763
0.82628258
0.99418698
0.29183913
0.99402592
0.87726872
0.95802658
0.9789367
0.99064183
0.98469578
0.89220489
0.9947211699999999
0.88998634
0.98708558
0.82288841
0.99347409
0.9929687800000001
0.9860476699999999
0.7089955299999999
0.82738727
0.62261784
0.99401211
0.6958590499999999
0.9968266800000001
0.9893274599999999
0.9915749599999999
0.98927277
0.71034638
0.99480873
0.99306521
0.98609748
0.99409494
0.9931203200000001
0.9952421
0.99297337
0.9899294500000001
0.99174898
0.9941501599999999
0.96777963
0.99261996
0.99279434
0.81973159
0.9932673099999999
0.99346949
1.11873162
0.99352464
0.9920513599999999
0.9943158699999999
0.99237685
0.9920650999999999
0.99479029
0.98808476
0.9942468200000001
0.9931249099999999
0.99307898
0.9926383099999999
0.9926842
0.99379591
0.9944770300000001
0.9680632
0.9214888299999999
0.99250068
0.45121459
0.99316625
0.9930101
0.99325352
0.97599584
0.98998877
0.6216463799999999
0.9923722600000001
0.99424222
0.9945645399999999
0.9936165800000001
1.3363142
0.99134152
0.9925649
0.9906372600000001
0.9929458200000001
0.9920330199999999
0.99353843
0.9922347
0.99281729
0.99217969
0.99334541
0.99382351
0.98727164
0.9862831599999999
0.9939799100000001
0.9939293
0.99132779
0.82840861
1.09613029
0.99306521
0.99199636
0.993589
0.99435731
1.1020253
0.9908155200000001
0.82663563
0.98868523
1.45966181
0.9127857500000001
0.9927346699999999
0.47532468
0.9226131700000001
0.8284437699999999
0.82866115
0.99267043
0.70632777
0.82837985
0.55190764
0.9931708399999999
0.9917535599999999
0.99437573
0.99324893
0.9935016600000001
0.99403972
0.99354763
0.99261996
0.99316625
0.71067549
0.83023736
0.99256032
0.99404432
0.9929136900000001
0.9939293
0.8221228899999999
0.9938879
0.99189556
0.99365336
0.99110361
1.0297360500000001
0.99275762
0.9936165800000001
0.99398911
0.98905862
0.99191389
0.99409494
0.99267043
0.9944448
0.98720356
0.9932673099999999
0.99280811
0.99173524
0.9863692399999999
0.99469814
0.99403052
0.99150171
0.9931249099999999
0.90908784
0.99377292
0.9934924700000001
0.99377292
0.99186807
0.98538709
0.99259702
0.9931478699999999
0.9933592
0.99132321
0.9182774499999999
0.9921934400000001
0.55179702
0.9866003499999999
0.9030173600000001
0.98826664
0.99274385
0.9942238
0.98448813
0.95556687
0.96068805
0.97549486
0.96593394
0.99029921
0.9935062600000001
0.9946797100000001
0.99373153
0.99254655
0.9892864400000001
1.0894019799999999
0.99333163
0.82851408
0.99457375
0.99310654
0.99298255
0.8289394299999999
0.99278975
0.99472578
0.99398911
0.9887170999999999
0.9946797100000001
0.99162533
1.0238838
0.99336839
0.99370854
0.97055705
0.9931938100000001
0.99309735
0.9901804900000001
0.62172557
0.99177188
0.99404892
0.35574979999999995
0.9942238
0.9940167099999999
0.9926658399999999
0.99310654
0.99219803
0.9918451699999999
0.99220261
0.92240314
0.99273009
0.99092067
0.99379591
0.98455132
0.9939155
0.99219803
0.99221637
0.99103042
0.99249151
0.99202844
0.99322137
0.9929182799999999
0.8292211
0.98956452
0.82847892
0.99507608
0.6731986999999999
0.4982133
0.62063311
0.99372233
0.99332703
1.04669522
0.98603409
0.99412255
0.9903220500000001
0.98789385
0.9956758600000001
0.9934556999999999
0.99328109
0.99316165
0.99339596
0.9921201000000001
0.9710266300000001
0.9953251299999999
0.9933592
0.98584398
0.99313869
0.9936763500000001
0.99304684
0.9944309800000001
0.99612847
0.99200095
0.99298255
0.9936487700000001
0.99156581
0.99356142
0.82658791
0.99341894
0.99363038
0.99249609
0.99303765
0.9938879
0.9929090899999999
0.9964011700000001
0.9893274599999999
0.99257867
0.99349707
0.99517753
0.96597304
0.99246399
0.99364417
0.99269796
0.8267693
0.9924594
0.99491934
0.99303765
0.99535281
0.99492395
0.9934786800000001
0.99476725
0.99404892
0.9913323599999999
0.99357061
0.9927071399999999
0.9941685699999999
0.98659128
0.9939753100000001
0.9922713799999999
0.9958744
0.51671017
0.9887899400000001
0.99262455
1.08932461
0.99325812
0.9934511100000001
0.9940213099999999
0.9920650999999999
0.99309276
0.9931111300000001
0.55257652
1.11859759
0.9946704900000001
0.9931432800000001
0.99325352
0.99344651
0.96815049
0.98544135
0.96051618
0.99572664
0.99432968
0.89848737
0.99248692
0.70888787
0.99146052
0.9931111300000001
0.9932673099999999
0.99305143
0.9931708399999999
0.9941455600000001
1.19065854
0.9931708399999999
0.99262455
0.99294123
0.99591135
0.99506225
0.9943527
0.99374073
0.9930101
0.99373153
0.9927346699999999
0.9936763500000001
0.9902398499999999
1.26366424
0.99435731
0.99321218
0.9934556999999999
0.9925649
0.9938511
0.99355682
0.99212927
0.99261078
0.99437573
0.99286319
0.99245481
0.9940535199999999
0.99505303
0.69965193
0.9938419000000001
0.62090766
0.70743068
0.99261537
0.98941862
0.9865867500000001
0.9927071399999999
0.8432549500000001
0.99299633
0.99304225
0.99403972
0.9932765
0.9917215
0.7092859
0.9923814299999999
0.9925649
0.99336839
0.9943112700000001
0.99369474
0.9921063499999999
0.99349707
0.9860839
0.8649477600000001
0.9927071399999999
0.99267502
0.98856235
0.99459678
0.99318921
1.22940264
0.99336839
0.9931708399999999
0.7050639099999999
0.9934924700000001
0.99352464
0.9895873199999999
0.9931249099999999
0.98901307
0.99328109
0.9927025500000001
0.9938832999999999
0.9931708399999999
0.99262913
0.82472451
0.8250286800000001
0.97271118
0.9942698400000001
0.70924842
0.99401211
0.82880826
0.99154749
0.99329028
0.9918131
0.99416397
0.99074695
0.98956908
0.99141932
0.9857218
0.99231723
0.9918131
0.9911447699999999
0.9927209100000001
0.9947165699999999
0.9992107
0.9909663999999999
0.9929136900000001
0.9931249099999999
0.9931203200000001
0.99480873
0.9873397199999999
0.99504381
0.9941133499999999
0.99424222
0.9927851599999999
0.99241812
0.99230806
0.98654143
0.8490930299999999
0.99359819
0.99244105
0.9884031
0.8267788500000001
0.99482255
0.99415937
0.99365336
1.3255417299999999
1.02630106
0.9893274599999999
0.9897287
0.9938419000000001
0.54942247
0.71040042
0.97580958
0.82990368
0.9926429
0.99347409
0.9926842
0.98984275
0.99346489
0.99260619
0.9922622099999999
0.99309735
0.99087038
0.99450466
0.99177188
0.98426703
0.9945323
0.70496207
0.82343427
0.9929045000000001
0.99301929
0.99334541
0.9935016600000001
0.99192305
0.99482255
0.98829848
0.9927622100000001
0.9931111300000001
0.99250985
0.9906509699999999
0.99356142
0.99346489
0.99366716
0.99300551
0.99046821
0.98837581
0.99332703
0.62043945
0.9924364699999999
0.9936579600000001
0.99526055
0.9885396
0.9931938100000001
0.99371314
0.98997052
0.99381891
0.99379591
0.9927484400000001
0.9530859100000001
0.93433445
0.99362118
0.9637231900000001
0.9942928499999999
0.99320299
0.9938557
0.9935200500000001
0.9915886999999999
0.98396938
1.01852262
0.99313869
0.9852424200000001
0.55267891
0.99426063
0.9930560199999999
0.99274385
0.9301902200000001
0.9939615
0.99432508
1.11834127
0.98829848
0.99115392
0.82679476
0.9943711199999999
0.9921476
0.99245023
0.9827311000000001
0.9927622100000001
0.9923905999999999
0.9915383400000001
0.9921201000000001
0.9917581400000001
0.9934786800000001
0.9927851599999999
0.99369015
1.2289594
0.99106701
0.99351085
0.7104051200000001
0.98956452
0.99359819
0.7130280600000001
0.99214302
0.99321218
0.9921201000000001
0.82675657
0.99344651
0.9930698
0.9946520700000001
0.99382811
0.99248233
0.99429746
0.99235392
0.8283638799999999
0.8269475900000001
0.99379131
0.99155207
