1.00546097
0.9859163919999999
1.003963828
1.004621362
1.00486581
1.0068303939999999
1.004743572
1.002209146
1.005371532
0.901257006
1.003115004
0.956692846
0.698899374
1.005512756
0.985751206
0.8712130939999999
0.920213418
1.003487654
0.96420998
0.932786174
1.039322076
1.006379792
1.0034056
1.003466552
1.003783156
0.698244912
1.001489374
0.890469786
1.00311969
1.029432476
0.983784564
1.003818348
1.004489786
1.004078834
1.00408353
1.006655768
1.003747968
0.924573454
0.600557816
0.814142356
1.004821142
0.6694850139999999
0.588815478
1.004391128
0.651861774
1.00451328
0.47827983799999996
0.892484846
1.005216234
0.580482568
1.001073872
1.003893428
1.0044240119999999
1.0010598720000001
0.678526992
1.0023027
1.003989644
0.85874099
1.00356503
0.845060108
1.0028316019999999
0.670175526
0.357252428
1.002340126
0.357261344
1.005795322
0.755383542
0.46806378
0.626340524
1.001083204
1.1511324600000001
1.004691864
1.0008149419999999
0.8264463500000001
0.54061535
0.383913868
0.65249954
1.001774354
0.8930229940000001
0.362383642
0.94142666
1.003457174
0.565974748
1.00345483
1.01486686
0.98551597
1.1393392839999998
0.728169136
1.004983374
0.75102728
0.7296771559999999
0.875884006
0.69828805
0.679226624
0.944212406
1.003820694
0.8627186779999999
1.004139868
0.9742446539999999
0.862772402
1.006368002
1.003316528
0.912374676
0.860961618
0.555048758
1.003316528
0.75330876
1.0047224179999998
1.00585892
1.001664548
1.003492342
0.59378933
1.029161136
0.911306074
1.011463488
0.91815378
0.8043612440000001
0.74194945
0.512412196
0.877998618
0.343297754
0.566874144
1.00265836
1.004391128
0.96777309
0.7983774499999999
0.846467434
0.651379326
0.984585174
0.891491906
1.052626144
1.0097418599999999
1.005124488
0.7530551639999999
0.999866674
1.001592134
1.001753326
1.000908234
0.803709498
1.001982352
1.000339418
0.998576476
0.661193466
0.998908588
0.8300865260000001
0.753946144
0.471633918
1.002349482
0.574244926
1.0526158239999999
0.8228631820000001
0.996253246
0.789806418
1.0032157560000001
0.97309685
1.003391536
0.167591998
0.710172542
1.082613844
1.000880244
1.002583462
1.0190929640000002
0.34444388800000003
0.517320716
1.02017741
0.7395183540000001
0.9362040819999999
0.7281728399999999
0.7759077099999999
1.027735256
0.7421096979999999
1.004656612
1.040780312
0.997236344
0.5938073920000001
0.7396533500000001
0.9830099999999999
0.98565167
0.925685388
1.00046991
0.733970408
0.933976858
0.54247399
0.8579142040000001
1.004125784
1.00141465
0.697373066
0.627214038
0.8168116700000001
0.777413266
1.003325904
0.738878426
1.00032777
1.0039051620000001
0.954189088
0.8809249680000001
0.872797626
0.644032242
0.587367642
1.102084686
0.779846806
1.003150148
1.001017876
1.00309392
1.00359317
1.001769682
1.015605998
0.659956008
1.001863152
0.997917554
0.99726413
1.0010598720000001
0.971428542
1.00546097
0.999922542
0.719039592
1.00087558
0.71556074
1.002918244
0.74356921
1.000446604
0.998353644
0.617498458
1.00510567
0.843107626
1.002019754
1.0039192399999999
1.006707676
1.001122874
1.0187497140000001
1.000521182
0.482016256
0.29429900400000003
1.06619053
0.356764564
0.823857582
0.814826598
0.999182804
1.003536892
1.0016388520000001
1.014850074
0.947058538
1.002429024
0.681044662
1.001353948
1.002307378
1.00448274
1.00061209
1.00408353
1.003145462
1.003621312
1.002244226
1.003213414
1.0018304359999999
0.777525856
1.016981542
0.849128286
0.497529974
0.39843327799999995
1.003281374
1.003117348
0.999001524
0.698239236
1.00131426
0.57906054
0.5650083260000001
1.003457174
0.633706866
0.825740874
0.997115956
1.003783156
1.00287375
1.002838626
0.541463196
0.9938925000000001
1.002595164
1.004238478
0.99979685
1.002370536
1.003729202
0.99842791
1.020960708
0.98222318
0.99919675
0.982160288
0.8358423
1.00137496
1.003257938
0.53364967
1.0029112199999999
0.987149104
1.001704262
1.004287792
1.003794886
0.90780236
0.9999434939999999
1.09555431
0.691885196
1.002789456
1.002405628
1.005458616
0.879941342
1.016459262
1.001973002
1.11701208
0.998741342
0.9996502460000001
0.96312888
1.006974388
1.002246566
1.003007246
1.0004559259999999
0.6005729320000001
0.496037708
1.0002625379999999
0.5851127239999999
0.720945394
0.8210416300000001
0.982427632
1.020917024
0.50784683
0.819345338
0.642509996
0.705412468
1.001045872
0.84706676
0.830401088
1.004121088
0.998495224
0.939758154
0.688607238
0.5371179859999999
1.003009588
1.0063161280000001
0.602436316
1.0020057279999999
0.999361822
1.002529638
0.679301824
0.99984107
0.763927292
0.348953966
0.5600017860000001
1.00120222
0.997442462
1.004271354
0.650267876
1.00199404
0.49148644
0.183850456
0.501378924
0.56467999
1.002178746
0.625676274
0.481063892
1.019434024
1.0023471419999999
0.70739689
0.8167215840000001
0.697633598
0.6975678799999999
1.002953374
0.909430474
0.617414128
1.051278628
1.003206384
1.000665708
0.998878386
1.0011952179999999
1.00169258
0.616884716
1.00359786
1.0060733320000002
0.814653498
1.000959552
1.00314312
0.669416146
1.003675254
0.999003848
0.994221502
1.00145201
1.0020805400000001
0.659956008
0.8598843
0.99917583
0.500399892
0.513068386
0.753930262
0.999036382
0.9327780699999999
1.000274186
1.00519506
0.815600262
0.16953740199999998
1.003363406
0.998407022
0.923412566
1.0022910040000002
0.404625988
0.99966188
0.777492074
1.001134542
1.001687908
0.401595106
1.003461864
0.9985114740000001
0.9986298779999999
1.0034032560000001
1.005284466
0.467539482
0.927014042
0.81823863
0.73106324
1.000863918
0.578743746
0.831983932
1.000880244
0.9293629640000001
0.394396614
0.983199026
1.005223292
0.9557625000000001
1.000232254
1.003161864
0.61042221
0.667666848
1.0408837260000001
1.000379028
0.765554474
1.037722476
1.004529726
1.002136654
1.005216234
0.9136537060000001
0.5359296859999999
1.00072866
1.003930974
0.670000936
0.71893488
1.01983585
0.9590684119999999
0.424471412
0.996149268
0.9089685500000001
1.029008262
0.8639994719999999
0.7135635079999999
1.002695812
1.0031571780000001
0.8597999519999999
0.618463218
0.679199772
0.998098438
0.677470624
0.59296708
0.848013382
0.5427818059999999
0.5116656239999999
0.518057024
0.6352505820000001
0.566392716
0.999752632
1.002216162
0.39156361399999995
0.659441258
0.996183924
1.00145668
0.713375062
1.1004807559999998
0.999852708
0.434549234
0.8050170640000001
0.325186864
0.42735312599999997
0.254777472
0.765559932
0.997058086
0.9826996179999999
0.846118914
0.643631714
1.013482678
0.509248026
1.001697254
0.998330438
0.84602058
0.68551334
0.872249914
0.874217076
1.0020805400000001
0.49083994200000003
1.003525168
0.7980169819999999
0.983318328
0.7775652700000001
0.996974766
0.5493859240000001
0.765542192
0.997379924
1.002038458
0.633134222
1.00313609
0.926924012
0.9997363420000001
1.002473478
1.002641974
0.644576406
1.004995132
0.902417804
1.003813656
0.6423130159999999
0.9976393960000001
1.00085692
0.626280246
0.790606036
1.0008872420000001
0.816564754
0.80424376
1.004694214
0.98485384
1.00032544
0.96283524
1.00425022
1.00277775
0.863744052
1.000441944
0.9755746279999999
0.65937444
1.003497032
0.472283228
0.64406701
0.476433004
0.67008456
1.012832604
0.53665759
0.999385076
0.8472171399999999
1.0014473400000001
1.001603814
1.0170634219999999
1.003410288
0.528779268
1.004001378
0.909170584
0.398453238
0.249501128
0.700095568
0.700280488
1.002686448
1.001592134
0.438428392
0.6336891020000001
0.766790026
0.7029026740000001
1.005642246
1.011594514
0.5938049280000001
1.045083034
0.996771156
0.8883847819999999
1.0032110699999999
1.003433732
0.9960707200000001
0.497766962
0.441478002
0.84233213
1.004588466
0.573833692
0.917794732
0.9187606779999999
0.9818728879999999
0.951867136
0.7885274879999999
0.9629777199999999
0.803345702
0.7734387580000001
0.6429331899999999
1.001907556
0.789794798
1.003051752
1.0041774319999999
0.522451258
0.7782359179999999
1.003372782
0.893749594
0.6148271519999999
0.9857398940000001
1.003014272
1.0034032560000001
0.80183243
1.000360388
0.759955994
0.69882546
1.003731548
0.050431434000000004
0.679151442
1.002527298
0.998216746
0.5977735780000001
1.004529726
0.83368123
0.8462206059999999
0.567727618
0.876958838
0.759284252
0.922415026
0.762381434
0.891595542
0.7088574519999999
0.41873156
0.87402494
0.929461514
0.908949314
0.923644908
1.003658836
1.003023642
1.001262906
0.395459164
0.5571280900000001
0.923787946
1.002480498
0.9833633559999999
0.770917658
1.00313609
1.003801924
1.007201084
1.019855224
1.003255594
1.004720068
0.603950144
0.985565722
0.439987798
0.966853728
1.003710438
0.467804288
1.003557996
1.00646705
1.00631377
1.000493214
1.0029369799999999
1.005623408
0.955398946
0.788940294
1.000034296
0.5778490799999999
0.91487396
0.6427715399999999
1.0008685819999998
0.46276838800000003
0.7530102759999999
1.00481409
0.708269468
0.618164132
0.778839926
0.8529189699999999
0.872937768
0.876808454
0.584541754
1.000041282
1.004649562
0.690063222
0.6479878720000001
0.661130364
0.9985509379999999
0.9996851480000001
1.0035181340000001
0.832467708
0.89199551
0.7525366179999999
0.6785709440000001
0.999061944
1.002473478
0.925823072
1.003004904
1.003743278
0.999952806
1.001757998
0.864770124
0.9068382460000001
1.002576442
0.99715994
1.00500689
0.709582376
1.002663042
1.00343842
0.815629692
1.003527512
1.001603814
1.00245242
1.001996378
1.00177669
0.994576056
0.970684274
0.8121349
0.8472054419999999
0.530598574
1.003257938
0.719076912
1.001690244
0.593904282
1.00157345
0.8750203320000001
1.0015664420000001
1.003541582
0.81725463
0.9976625699999999
0.86175625
1.002712198
0.7207203719999999
0.5550638219999999
1.00398495
0.6629007800000001
1.005750572
0.96043241
0.661227058
1.003696364
0.962723012
0.781377654
0.617996022
0.69765853
0.76879807
1.002515598
0.99901082
1.025017612
1.0038066159999999
0.911114686
1.004997484
0.996630064
0.741973802
1.005265642
0.58232502
0.662185352
0.351699124
0.473068204
0.502390002
1.004879916
1.000020326
0.708853942
0.50575497
1.001498714
1.0910901579999999
1.002747314
1.004847002
1.000008684
0.976790484
0.874950812
0.5813696740000001
0.671233374
0.788941744
1.003670564
1.001522068
0.968174498
1.001545422
0.992730086
0.80505177
1.001524404
1.002330768
0.997236344
1.003122032
1.00239393
0.876940932
1.0449914960000002
0.64240909
1.001818752
1.005380946
0.616599546
0.698938044
1.004529726
0.788872188
0.554975604
0.334842458
0.982447856
0.933566774
1.0063868660000002
0.339537868
0.548640626
1.00278009
0.668203878
0.74858992
0.991781038
0.9830639999999999
1.002585804
1.000933892
0.668716786
0.790584208
0.9844317180000001
1.002571762
0.859681204
0.678002144
1.0037080919999999
0.441956364
1.002436042
0.983685424
0.730067856
0.9270980839999999
1.000796284
0.317670162
0.8579142040000001
1.003865272
1.0031524920000001
1.000104156
0.330540504
1.003009588
1.003851194
1.00324622
0.635219578
0.60687209
1.004804686
0.24010568599999998
0.18475576200000002
1.005284466
0.661194484
1.004595514
0.580020838
1.002538998
1.002805846
0.6688542479999999
1.0010365399999999
1.002897168
0.92691401
0.8749169480000001
0.893719838
1.0003068
1.005705824
0.707869074
1.0476603199999999
0.23596815599999998
0.9928126979999999
0.8245535079999999
0.9819941139999999
0.981009452
1.005263288
1.003884044
1.005133898
0.9398260159999999
0.616392476
1.0053738859999999
1.00271688
1.004522678
0.678518416
0.959158368
0.8461505859999999
1.00350641
1.015843806
1.003328248
0.92555772
1.001199886
1.005359766
0.940900752
0.75157531
0.764810148
0.931925986
0.8914160440000001
0.43862271399999997
1.0030845480000001
0.8174848480000001
0.90750505
0.437997382
0.7984575979999999
1.0043817320000001
0.96833821
0.806036838
1.002979138
1.118813214
0.8588388680000001
0.9334490919999999
0.96580144
1.003712784
0.987130954
1.003436076
1.0158390000000002
0.999792194
0.924766556
1.151246624
0.995322826
0.787339286
1.0032181
1.002723904
0.987044748
0.9486085040000001
0.938753732
0.913478816
1.004729468
1.290244922
0.463462006
1.0035111
1.0054986320000001
0.858964254
1.004569668
0.8979088279999999
0.668809462
0.9999434939999999
1.002876092
1.00397791
0.6996416719999999
0.9554584559999999
0.52014122
0.47193190199999996
0.906740606
0.995094528
0.436345166
1.0006307399999999
0.66877093
1.0049692639999999
0.642380264
1.004684814
1.005110374
0.486293362
0.657215238
0.5617515919999999
0.494104898
0.5650558999999999
1.004710666
1.020638028
0.9966231259999999
0.93396264
0.998592728
1.004503882
1.000290494
1.001008544
0.6918350440000001
0.9503759039999999
0.518783524
0.6898382279999999
0.735359018
0.232129652
0.268995808
0.7972733399999999
0.668966762
0.6494036320000001
1.006459974
0.821109126
1.000584116
0.855896824
0.7508762840000001
0.838862438
1.015875042
1.00451563
1.00412813
1.004879916
0.45890472
0.663289802
0.586312442
1.004546172
0.730246602
1.003928628
1.002805846
1.002433702
1.001134542
0.285022898
0.6879553700000001
0.890525174
0.948298524
0.8599634979999999
1.003710438
0.61849528
0.764103972
1.003527512
1.001874838
1.013755384
0.535912968
0.8176638239999999
1.001926254
0.90562595
0.840594526
0.595314416
1.003586136
0.76646435
0.602701766
0.389928714
1.00087558
1.000626076
1.004456898
0.777541338
1.005380946
0.75940105
0.92022919
1.000782292
0.99828403
0.5606867839999999
0.579253438
0.68792011
1.005159772
0.649707182
0.46347551
0.8212535719999999
0.677421472
0.742726978
0.8175019640000001
0.909305322
0.81665636
0.98214232
1.005545714
1.0048705119999999
1.003966174
1.005216234
0.759341974
1.0062619
1.0021506839999998
0.97485276
1.001687908
0.909195604
1.00379254
1.003426698
0.5810275540000001
0.9262323720000001
0.502445836
0.846027246
0.929157888
0.776873292
0.577576326
1.013260316
1.004802336
0.945711412
0.813832278
0.7434379280000001
1.002656018
1.0039192399999999
0.677485586
1.004750622
0.507519174
1.004590816
1.004280746
0.72908013
0.912454148
1.002773068
0.78735805
0.721077326
1.0029369799999999
0.804221172
0.5795762640000001
0.34713173999999997
0.512423812
0.9780405560000001
1.00455557
1.00179071
0.687500568
0.610950144
0.778653544
1.002181084
0.995009232
0.912510368
0.24583014600000003
0.987453224
0.99466819
1.00492694
0.97217395
0.8033096420000001
0.39600609800000003
0.860764914
1.003082206
0.93639799
0.528846982
0.80278262
0.44558872000000005
0.877270514
0.7540440939999999
0.39072579
0.908949314
0.802985238
0.88547811
0.965462762
1.003126718
0.678828344
0.54733179
0.9386244840000001
0.438019718
0.56863636
1.005350352
1.003260282
0.506553078
1.004189172
0.83126254
0.962211848
0.73909458
0.8423123060000001
0.603001312
1.003844156
1.004160998
1.002468798
1.003844156
0.364760496
1.0061016120000001
1.1531816240000001
0.326178908
1.004264308
1.00422439
1.043516372
0.999652574
1.00245476
0.925872968
1.005486862
0.26869424199999997
0.7525010200000001
0.658824216
1.0036025499999999
0.8759108
0.407973284
1.00430423
0.9861835200000001
1.002351822
0.421099996
0.893801672
0.9362081640000001
0.90993142
0.833826896
0.87519507
0.9189808540000001
0.81576137
1.0801878440000001
1.004743572
0.698177944
0.912465778
1.001860816
0.846979896
0.8930229940000001
1.00508215
0.7190420000000001
0.699544812
1.005131544
0.85006943
1.003468898
0.198200232
0.801657324
0.856478838
1.0042971840000001
0.553717062
0.39863038
0.713602632
0.36284040599999995
0.5184140740000001
0.845159882
0.6189123919999999
1.005110374
1.006240684
1.004283094
0.632100856
0.626273854
0.836009876
1.002106258
0.398882498
0.41222373
0.283709114
1.005209176
0.5231487220000001
1.004543822
0.677457802
1.003274342
1.003332936
1.006146394
0.876942722
1.00314312
1.00539036
1.003635384
1.005486862
1.0006727039999999
0.930794984
1.004041278
1.005500986
1.0019215799999999
1.00507039
0.609935896
0.803320158
1.004503882
1.00640809
1.001816414
0.816609778
0.720572854
1.019961788
0.69954823
0.426348148
0.806948508
0.502487572
0.5948288
1.002581122
0.937536518
1.004412268
0.813175878
0.9847906120000001
1.001942616
0.779899202
1.005418602
0.542195954
0.789880496
1.003696364
0.6738091439999999
0.694276386
0.921293144
1.0037080919999999
1.00398495
1.00356972
0.29007721
1.004673062
0.41408131
1.004546172
1.018061496
1.007754086
1.005366826
1.002810528
1.002106258
0.981906558
1.004602564
0.63407641
0.588771082
1.20926745
1.0044240119999999
0.594858458
0.39155576000000003
0.985961658
0.84350999
0.867547478
0.846791198
0.619486392
1.005343294
1.0023027
0.979883666
0.548187558
1.004182128
1.002010404
0.6440419000000001
0.845940596
0.6252991560000001
1.002773068
1.024284258
0.47705533
0.96041308
0.9023950519999999
1.004231434
1.003105634
1.0043676400000001
0.982277092
1.002817552
0.347288364
1.002026768
1.004332412
1.3062671780000001
1.0029650860000001
1.0045391240000001
0.9596019680000001
0.927504508
0.99976194
0.723935966
0.804307016
0.9603980480000001
1.005317408
0.909929492
0.651390194
0.56685095
1.000236914
1.006724194
1.001209222
1.00210392
0.55424368
1.006934254
0.753897178
1.003766736
1.002810528
1.003445452
1.005630472
0.830177982
0.9282803000000001
0.9997456499999999
1.004393476
0.890565798
0.8627221439999999
0.7081480179999999
1.0053832999999999
0.490808532
0.26909709800000003
0.535065734
0.57727512
0.721338912
0.8087034280000001
0.6418474740000001
1.00281287
1.004055362
0.710398074
0.7374765059999999
0.775816608
1.002770726
1.006337348
0.602980994
1.003778464
1.00305878
1.00442636
0.63316129
0.771904146
0.8156265939999999
0.595330094
1.006012062
1.064562632
1.002482838
1.0030962620000001
0.933899686
0.909430474
0.37641571399999996
1.004041278
0.7538363100000001
0.6886624440000001
1.004788232
0.587371658
0.568085056
0.584627686
0.7889344979999999
1.004034238
1.005814164
1.004988078
1.002644316
1.003689328
1.00491048
0.98461226
0.878161978
0.581349214
1.004104656
0.7649109439999999
0.754723834
0.730307444
1.004795284
0.8320613
0.7183468860000001
0.5413451300000001
1.006934254
1.0036025499999999
1.004964562
0.817438172
0.982250136
0.763207824
0.86175452
1.004123436
0.442558854
1.0033704380000001
0.764616806
0.8042738819999999
1.004997484
0.529848434
0.740515434
0.87703405
0.852120258
0.8948706120000001
1.0039192399999999
1.005011594
0.860892588
1.005564548
1.00420091
0.9729778099999999
1.007260136
0.9989759659999999
0.9834489200000001
1.005437432
1.005310348
0.7075763620000001
1.00533388
0.660682884
0.874658594
1.000705344
1.0045579199999999
0.53519575
0.8049642579999999
1.0041750839999999
1.005270348
0.37057846
0.806197216
0.61846678
0.45889050200000003
0.6665291640000001
1.006761952
1.004684814
0.977815662
1.003133748
1.004898724
0.99715531
1.0027192219999999
0.687981818
0.464315268
1.004550872
0.9993036919999999
1.004088224
0.535463312
0.626241892
0.6599631060000001
0.845193146
1.004680114
0.6879641860000001
0.907992358
0.580043554
0.574227266
0.913071002
0.601939014
0.77891055
0.789056248
0.728821556
1.0038113100000001
0.753919674
1.00394036
0.985800982
0.8772687220000001
0.910365378
0.8915511239999999
1.007458604
1.0043511999999999
0.84432915
1.005682276
1.005972004
1.005597508
0.747011894
0.774211146
1.00364711
1.0049998359999999
1.009191418
1.006476484
0.868823326
1.005623408
0.87087039
1.043541726
1.0052562299999999
1.003970868
1.00306815
1.004067098
0.938720902
0.970353124
0.116152274
0.8045315040000001
0.874968636
1.003100948
0.6589384340000001
1.0032181
0.942769876
1.022039406
0.458372844
0.566821774
0.696442408
0.805247988
0.7241105
0.877993232
1.006214752
1.005748216
0.9994501920000001
0.85885089
0.831064698
0.6793673680000001
1.00315952
1.0024875180000001
0.310300636
1.00481644
1.003630692
0.89645637
0.69954595
0.68718927
0.639178644
0.848489164
0.477588986
0.349070814
0.86159375
0.610306846
1.004003726
0.92668602
0.5733664
1.00245008
1.0043511999999999
0.634726732
0.23155035399999999
1.002059498
1.0018725
0.619423852
1.00503276
1.0011952179999999
0.99990392
0.856446388
0.845238056
0.47822605199999996
1.00384181
1.007451514
1.0040506679999999
0.453038418
0.92732828
0.858880088
0.463431002
0.9493108979999999
1.003363406
0.75637194
1.001244232
0.983244042
1.0065236579999999
1.003065808
1.003070492
0.724726314
1.0048423
0.7783473360000001
0.67016716
1.00343842
0.41502722
0.388024304
0.70825662
1.002295682
1.0032110699999999
1.00301193
1.0556350440000002
0.78313151
1.038801728
0.472818748
1.003396224
0.893809112
0.9354149939999999
1.001970666
1.0049998359999999
1.004360594
0.9078695219999999
1.005465678
1.00309392
0.35759419200000003
1.003248564
1.003257938
0.62632591
0.886302202
0.922817352
0.982967256
0.66059143
0.9226290279999999
0.718961356
0.89173623
1.00515742
1.003961482
0.309072056
0.278938176
0.85994628
0.426904566
1.017868478
1.00313609
0.804299486
0.999990058
1.00367291
0.642336072
0.627334966
1.003715128
1.00097355
0.51918739
0.528347348
1.002901852
0.670638056
1.003888736
1.006417524
0.73922815
1.00406475
0.846325656
0.906269936
1.002164714
1.00419152
0.764868716
1.030610764
1.002386912
1.001484702
1.002536658
1.005305642
1.001839782
0.9839197860000001
1.004689514
0.429351608
0.914577842
0.998890002
1.004750622
1.00323216
0.7873796999999999
0.7421943360000001
0.8737973339999999
1.00304004
1.004449852
1.004933994
1.037812746
0.8949563859999999
1.315622266
1.00451328
0.391539696
1.006212394
1.004799986
0.7905260019999999
1.005835364
1.00364711
0.70876387
1.001837446
0.83926404
0.817912962
0.39503687400000004
1.0062949079999999
0.7540255600000001
0.518167026
0.5882541800000001
0.8617804579999999
0.948147796
0.848851382
1.004724768
1.0034853080000001
1.00278009
0.587756682
0.983854424
0.925886938
0.56139474
0.450393172
0.670720792
0.48486490800000004
0.833225138
0.45997859
0.70022797
0.487660484
1.006012062
0.916552986
1.00071467
0.843727062
0.887311106
0.9717472340000001
0.9566694059999999
0.8760590899999999
0.698892552
0.890608272
0.818064078
0.37050813
1.00451563
1.005665792
0.745632038
1.00273795
0.688680112
0.594827976
0.67791011
0.278726202
0.7554486460000001
1.002136654
0.59495322
1.149327336
0.889234548
0.616351786
1.00568934
1.004847002
0.725263562
1.0062194660000001
0.468334288
1.00201508
1.001300254
1.003816002
0.9859684479999999
0.415970614
1.003888736
1.003368094
0.804412464
1.003717474
0.97262527
0.917939886
1.002174068
1.00061442
1.002913562
0.943436704
1.003243876
1.006615658
1.003787848
0.942513336
0.944471948
1.002698154
0.988380354
0.878109912
1.065907404
0.910195602
1.002248904
0.789179486
1.005701116
1.00121389
0.986958558
0.8917936280000001
0.817253076
1.0056799220000001
1.005976718
1.003229816
1.004548522
0.980548082
0.991874946
0.982620928
0.9590577039999999
0.89324958
0.98368993
0.8338900340000001
1.002382232
1.004160998
1.003154834
0.74800194
1.0030845480000001
1.004323018
1.00239393
1.00137496
1.003656492
0.80092929
0.814872976
0.882169824
1.004013114
1.003628348
0.895886046
1.00157345
1.006233612
0.686744264
0.7404924519999999
0.778168238
1.003813656
1.003715128
0.5490263559999999
1.007264862
1.004663662
1.012624852
0.46225637599999997
0.765588588
0.939758154
0.753078932
0.9691007479999999
0.8627342760000001
0.922260532
0.44919623000000003
0.9386655100000001
0.454412148
1.004839948
0.892657354
1.237650002
0.9833070719999999
0.9225220160000001
0.873696016
0.962828764
0.8722410559999999
0.697720864
0.99732434
0.983356602
0.790643878
1.002637294
1.0042173460000001
0.9667188019999999
1.003858234
0.47457835
1.005223292
1.001372624
1.001685572
0.901143548
0.8483517359999999
0.93875168
1.00369871
0.8498877619999999
1.0248781939999998
0.90330984
0.6260082220000001
0.609305102
0.9989689939999999
0.603502914
1.003536892
1.004062404
1.0033235600000001
1.000288164
1.0022582599999998
1.00535506
1.001991704
1.003586136
1.003431386
0.753950114
0.0
1.003959134
1.005910748
1.184210942
0.9704583659999999
0.965814472
0.7380797579999999
0.743480396
1.003330592
0.5493648419999999
0.8043717880000001
0.8884215339999999
1.0063609279999999
0.698888002
0.7087416480000001
0.659962092
0.83079945
0.6257154699999999
0.714285028
1.005409188
1.0061016120000001
0.818413256
1.004252568
0.858981434
0.687298136
0.891517812
1.004189172
1.004384082
1.00554336
0.579655268
1.00668644
0.661757854
1.000171694
0.7782330980000001
0.679680222
1.00554336
0.880017066
0.610892792
1.003171236
1.043582296
0.97026544
1.00319701
0.362468662
1.00512684
0.97295136
0.830397878
1.0045391240000001
0.492736504
1.006445824
0.535379212
0.438408254
1.004872862
1.00292527
0.364577198
0.892737138
0.5741988619999999
0.75310006
0.70949329
0.33482131600000004
0.507171578
0.5924934580000001
1.006146394
1.0002555499999999
0.98045407
0.38510319
0.87816557
1.004137522
1.005696406
1.003567376
1.005371532
0.48194053400000003
0.541822492
1.005691696
0.753915704
1.00159447
0.9034922599999999
0.517376178
1.001295586
1.001837446
1.004670712
1.003973216
0.687942148
1.003581446
0.5822784400000001
1.004809388
0.8770233040000001
0.56043145
1.001977678
0.069991336
1.004252568
1.00486581
0.944640208
0.8120980459999999
0.8452097780000001
1.001104206
0.8317325919999999
1.0047647259999999
1.006139322
0.523429248
0.803392286
0.8699337460000001
1.00397791
1.003497032
1.003773774
1.004327714
1.005512756
1.003288404
1.00025322
0.927220174
1.004339456
0.7434314940000001
0.602061364
0.560874226
0.687915704
0.740450324
0.719913392
0.64288892
1.001311926
1.003762044
1.003115004
1.003994338
0.677369122
0.8795989439999999
0.610456914
1.00212964
0.5051815080000001
1.005242114
0.742208444
0.6170070120000001
0.7411582
0.6424283080000001
0.592465668
0.884340424
0.99713679
0.9983002719999999
0.875061336
1.003881696
0.8768943819999999
1.003970868
0.905685152
0.815668416
1.001881848
0.860745938
1.003255594
1.0041633460000001
0.502724012
0.5660515779999999
0.6509429720000001
0.770476496
0.524667154
1.005315054
0.391489732
1.005755282
0.849334824
1.005512756
0.503406936
0.99805437
0.6430101939999999
1.003384502
1.00394036
0.894743844
1.004013114
1.003431386
1.017174222
1.0061605359999999
0.763251226
1.003271998
1.005103318
0.845316242
0.769606718
0.376508438
0.581423978
1.006184108
1.00539036
0.708157358
0.46429268
0.577827312
0.56085445
0.879970188
1.004440454
0.999392052
1.00054216
0.481999488
0.61092668
1.005616344
0.5958421540000001
1.004421662
0.792210144
1.003363406
0.719862714
0.778275404
1.002728586
1.005319762
0.234096946
0.447857078
0.597185116
0.653032296
1.002417326
1.004330062
0.987008456
1.04367866
1.0029510320000001
1.002241888
1.00315952
0.28575298
0.926946018
1.003140776
1.005199766
0.535140402
1.007378262
0.9281840079999999
0.518047026
0.592069556
1.00324622
0.6174469699999999
0.6507407879999999
0.699907324
0.6988732179999999
1.003407944
1.0044686440000001
0.729595346
0.739538726
0.94201927
0.7420045679999999
0.6772313400000001
1.03900528
0.99097326
0.971435132
0.5391217460000001
1.004184476
0.6605985419999999
0.541431798
1.006184108
0.71843941
0.945451188
1.041926596
0.924499818
1.000206632
1.002466458
0.862777602
0.767325666
0.99833972
1.004886968
0.876924818
1.0049998359999999
1.004419314
1.003297778
1.0042149980000001
1.004534424
1.00047457
1.0063232020000001
1.005235056
1.006202966
1.0047341699999999
1.004116394
0.633156622
1.0036025499999999
1.005854208
1.002862042
1.00256708
1.004823492
1.075357548
1.002590484
1.001954304
1.00492929
1.003492342
1.005117432
1.00497867
0.39590972799999996
0.6871397960000001
0.632060858
1.004442804
0.5924787460000001
1.0029440059999999
1.0071467619999999
1.004529726
0.925904902
0.69961774
1.0057859
0.83864295
1.000933892
0.8293395920000001
1.00245476
1.003848848
0.972761848
0.828229696
0.8174023899999999
0.873880894
1.004503882
0.5864293199999999
0.670537542
0.541711784
0.441209066
0.459149524
0.258120788
0.789001166
1.004884618
1.00347593
1.001940278
1.003206384
0.634678896
1.002677086
0.468311308
1.004717716
0.40932401399999996
0.898068416
1.0049363439999999
1.002915902
0.8617908320000001
1.00478118
1.0039239340000001
0.408450112
0.9999947140000001
0.27502487999999997
1.00516683
1.005307996
1.005541006
0.976666098
0.8645281680000001
1.004541474
0.936377574
0.869798092
0.9996153480000001
0.98385217
1.006066262
1.0033188720000001
0.67029999
0.5953499000000001
1.00299085
0.989484726
0.45442512799999996
1.003478276
0.794824128
1.005263288
0.7507817800000001
1.163909926
0.56690557
1.006448182
0.983196774
0.988507744
0.339371262
0.379572674
0.529057396
1.005804742
0.9590534199999999
1.007399528
0.650674736
0.910116524
1.003295436
1.003124376
0.464039356
1.004027196
0.877073452
1.016986358
0.39233621199999996
1.002017418
0.6074024899999999
0.708805978
0.8917936280000001
0.619031032
0.89342796
1.003494688
1.0046072639999999
0.777531486
1.00197534
0.870797996
0.742017386
1.001671556
1.0027192219999999
1.004095266
0.434073162
0.5738007260000001
1.004013114
0.7526764100000001
1.0036048960000001
0.617991576
0.510298398
1.005873054
0.491877636
0.39777460200000003
0.46343050199999997
1.003028326
1.004640162
0.8312030180000001
1.002136654
0.7303968660000001
0.309057156
1.0024454
1.0051127279999998
0.982407408
0.541737066
1.003316528
0.9281258400000001
0.580967822
0.5521850739999999
0.787389806
0.5064825900000001
1.006695878
0.731012224
0.48729255
0.415192116
1.002517938
1.001627172
1.0042948360000001
0.37315288399999996
1.00180473
0.9270680680000001
0.46086950000000004
0.728846292
1.00401546
0.6792223279999999
0.963277928
1.001839782
1.003433732
1.005404482
0.985445874
0.9008071240000001
1.002974454
1.004153954
1.002475818
1.001545422
1.004013114
0.9057844740000001
0.86060451
1.01882463
1.003054094
1.002920586
0.957887702
1.002761362
0.967742562
1.002571762
0.5738198919999999
0.572631766
1.004121088
0.582754844
0.831983932
0.6701974860000001
1.001356282
1.0202210280000001
0.849012468
1.086975754
0.611277088
1.001708934
0.626209936
1.0027192219999999
0.45468154
0.45526037
0.5686762639999999
0.985063908
1.002663042
0.8220048839999999
1.003293092
0.7515042959999999
0.9852740659999999
1.003529858
0.7303049620000001
1.003701056
0.97170986
1.004440454
1.0046143140000001
1.001143876
0.842259448
0.9110006660000001
0.829419672
1.003790194
0.910099168
1.003769082
1.005621054
0.36780262199999997
1.00305878
0.734600602
0.422544604
1.003914548
1.005505694
0.9843414699999999
1.00410935
0.473077062
0.394581404
0.922432856
0.925862988
0.730338492
0.596249954
1.03916114
0.33468329399999996
0.5486006800000001
1.00304941
1.00486581
0.6256379940000001
0.885275518
0.76718038
1.0051127279999998
0.911234536
1.00356972
0.5962027759999999
0.643079512
1.00378081
1.00186549
0.611451136
0.547793224
1.002337786
1.005439786
1.006153464
1.003407944
1.003757352
0.7295259479999999
1.002819894
1.00500689
0.907792768
1.003757352
0.875951888
1.002798822
0.8265147359999999
0.745436626
1.00564931
0.855988938
0.5876473120000001
1.00306815
1.007118422
0.829632756
0.192126266
1.002574102
0.689202828
0.876307544
1.0556635859999999
0.679200846
1.004576718
1.0045579199999999
1.00408353
1.002368196
0.651385254
0.927136108
1.003487654
1.004203258
1.002986164
1.004593164
1.002064174
0.46227826800000005
1.004203258
0.38844894199999996
1.003414976
0.959164794
1.001853804
1.001659876
1.005752926
1.004301882
1.004346502
1.003082206
1.006490636
1.0162379959999999
1.00473182
0.992342454
1.00572231
0.838590552
0.641820618
1.000723998
1.0046378120000001
1.00194729
1.004125784
1.103662104
1.0028222359999999
0.985265024
1.004125784
1.006047408
1.004034238
1.002611548
1.004440454
1.002316734
1.0408358
0.761651368
1.0062949079999999
1.005380946
1.004400522
0.8183711520000001
0.5355093799999999
1.002230194
1.001246566
1.004494486
0.541754832
1.002768384
1.003975562
0.892605408
0.875066684
1.003527512
1.0033751260000001
1.001968328
1.007165656
1.0032181
0.660599558
0.7412311079999999
1.004095266
0.853933052
1.004287792
0.956584176
1.006806792
1.0249711339999998
1.005267994
0.860742488
0.599612908
0.679934158
0.80425882
1.004222042
1.00330481
0.64239852
0.45910535199999997
0.7000316679999999
1.003553306
0.778337462
1.004092918
0.5542322359999999
0.927006038
0.86147969
0.754046742
1.003827732
0.9992571920000001
1.005675212
0.668825086
1.003656492
1.00583772
0.403375352
1.0116064280000001
0.975432826
0.7733983680000001
0.687912398
0.51673504
0.878054262
0.648481952
0.998890002
0.98577157
0.679198696
0.93778626
0.933051634
1.081847566
1.00380427
1.005246818
1.00050953
0.94589678
0.7001126860000001
0.966623072
1.004130478
1.004752972
0.8376354300000001
1.003771428
0.5962524379999999
0.782325554
0.9844068979999999
1.006702958
0.6606818680000001
1.002167054
0.535106398
1.0039028140000001
0.6341054319999999
0.859536686
1.0042924880000001
1.003743278
0.491197524
0.914453218
0.6617323639999999
0.89275755
1.003717474
0.69949696
1.0037596979999999
0.6429100919999999
1.001977678
0.773437364
1.004475692
0.412256572
0.309317796
0.816629964
1.005188002
1.005552776
1.002064174
0.8779035000000001
0.64012652
0.62519539
1.0063538539999999
1.0044921359999999
1.00305878
0.795651632
0.8760858960000001
0.988346238
0.961914458
1.0051127279999998
0.743176788
0.847133588
1.00596258
0.877100318
0.625663514
1.0067171160000001
1.003980256
0.928535172
0.7312150860000001
0.860909844
0.8917380819999999
0.5512891919999999
0.750666306
0.844090202
0.670014522
1.0039450540000001
1.004811738
1.016731166
0.7790603119999999
0.426688268
0.817436616
0.99879244
0.91201626
1.003054094
0.9600931920000001
0.547704508
0.732579534
0.5681977859999999
0.9770815860000001
0.984634834
1.003654146
1.0406592659999998
1.005840076
1.004184476
0.986317138
0.8948240019999999
1.003028326
1.006012062
0.633148222
1.004095266
0.831061482
0.7434237739999999
0.911101156
1.004038932
1.001706598
0.8628243999999999
0.753078932
0.957992394
1.0350640679999998
0.662825076
1.004362942
1.003884044
0.293161624
0.26071978
1.00417039
0.329528368
1.104990968
0.651204518
0.447031542
0.9728103220000001
0.487909776
1.002265276
1.004393476
1.0034056
1.004818792
0.980783192
1.005823586
1.0033751260000001
1.00668408
0.6184498599999999
0.78963217
1.004010766
0.5250057819999999
1.0030611219999999
0.902842724
1.002602186
1.002073526
0.700860996
0.983111256
0.541021902
0.910224538
0.6767404800000001
0.6179364500000001
0.354889982
0.60151666
0.6517925259999999
0.450825274
1.070717048
1.04082571
0.753236098
1.002700494
0.872753288
1.0031642060000001
0.8677858660000001
0.591597366
0.9614127600000001
1.003987296
0.832713036
1.005192708
0.712817418
0.6507555780000001
0.7308691700000001
1.007851042
0.637501288
0.8927723959999999
0.892659208
0.6525372119999999
0.49707450599999997
1.003973216
0.6174593979999999
0.633676012
0.415025616
0.34955691
0.401966826
1.005218586
0.496101306
0.9724843240000001
0.426636558
1.001881848
1.002503898
0.877318896
0.405330518
0.60345543
0.80254711
0.832801842
0.861894596
0.689103308
0.926018692
1.003621312
1.003942708
0.200969964
1.004689514
0.983665148
1.004210302
1.006238326
1.003539236
1.000446604
1.042348882
1.00447804
0.943525824
1.004917534
1.001010876
0.9602241279999999
1.0029721120000001
1.00303067
1.0048423
0.987169524
1.00541625
1.005275054
1.004590816
0.93637145
1.0043371079999999
1.005851854
0.90707573
1.005552776
1.003262624
1.002522618
1.004116394
1.005216234
0.920079368
1.004586116
1.0028784339999999
1.003928628
1.005552776
1.003302466
1.00417039
1.0032157560000001
1.00998643
1.002536658
0.96412124
0.681034942
1.0711817000000001
0.998822636
1.00347593
0.49183708000000004
1.004431058
0.6103337320000001
1.00256942
1.003419666
0.6577496820000001
1.003194668
0.877916062
1.00371982
0.985538584
1.004647212
1.00345952
0.767468264
1.001659876
0.5542443960000001
0.458827752
0.395640214
1.006212394
1.003004904
1.00473182
1.00442871
1.005039814
0.9830549999999999
1.00451328
1.00282926
1.00415865
0.30932292
1.005710534
0.80330814
1.005477446
0.730463946
1.004952804
0.749271622
0.87598226
1.003180608
0.5079609500000001
1.004997484
0.988394002
0.9855250160000001
1.002747314
1.005244466
0.6599803460000001
0.48666750799999997
0.6989312200000001
0.691812756
0.297844016
1.004529726
1.006962582
0.482263602
1.003790194
0.728875978
1.000264868
1.0046871640000001
1.005404482
0.778454552
0.617496682
1.001980016
1.002627932
1.000090182
0.8568940679999999
0.5741712280000001
0.720512414
0.815727284
0.904350242
0.658871718
0.817575104
1.004142216
1.004402872
1.002901852
0.586845982
1.003056436
1.003844156
0.9835885560000001
1.004541474
1.004283094
0.580815406
1.00478353
0.529098456
0.617484254
0.24095837
0.618306518
0.974724442
0.910380814
1.00314312
0.7798014980000001
0.29870864399999997
1.003830078
0.8422924839999999
0.93517262
0.607891654
1.004588466
1.004116394
0.891549272
0.767094056
1.003665872
1.000488554
0.385417668
0.9124948580000001
0.975297712
1.04515933
0.24720218
0.87705196
1.003429042
1.003410288
1.007189274
1.0043183199999999
0.729630052
0.675376224
1.059596214
0.928278294
0.598690162
0.84614225
1.002920586
1.003044724
0.467493172
1.002908878
0.502809938
1.002429024
1.003600206
1.003614276
0.998128592
1.004107004
1.0035040659999999
0.661795582
1.0033235600000001
1.003539236
0.898175466
1.003959134
1.004107004
1.00256474
1.0040483199999999
1.0034431080000001
1.013834352
0.729793702
1.005889544
1.004839948
0.433798274
1.003192324
0.9213069779999999
1.001937942
0.779669848
1.0045837659999999
1.0055551299999999
1.219042554
0.9204836040000001
0.638547652
0.893686364
0.670502998
0.323935534
0.261919712
0.332599516
0.28887829
0.999782886
0.642986128
0.270557812
0.77761595
0.680399482
0.249316612
0.609927234
0.9590234400000001
0.68979391
0.94575931
0.673700282
0.669419276
0.527979734
0.89209741
1.003970868
0.989794848
1.0025998459999999
1.003307154
0.880054934
0.522846852
0.841553112
0.999215348
1.003063464
0.77584744
0.61044043
0.989500684
0.6983368719999999
0.8310309300000001
0.853912678
0.891606648
0.68924707
0.936171432
0.9111552759999999
0.8192328139999999
0.8809520700000001
1.003581446
1.003487654
1.002001054
1.000978216
1.002663042
0.7190901559999999
1.003600206
1.005854208
1.001342274
1.002225516
1.005298584
1.005364472
1.004485088
0.876084108
0.8749258599999999
1.004847002
1.003635384
1.002412646
1.003790194
1.002496878
1.004677762
0.9837372440000001
0.423458632
1.002913562
1.004658962
1.0037080919999999
0.873466804
0.87290051
0.7764407280000001
0.668879248
0.344086812
0.398227508
0.799212374
0.844282678
0.863900414
0.982468082
0.48255999200000005
1.003316528
0.6098570839999999
1.004055362
1.000642396
1.0041633460000001
1.004891672
1.002176406
1.00284565
1.005028056
1.003738586
1.003783156
1.0021553619999999
0.866020348
1.00426196
1.0262740819999998
1.004358246
0.40206014599999995
0.7176255340000001
0.946801746
1.00300256
1.00422439
0.587625604
1.003818348
0.47825480800000003
1.002637294
1.003004904
1.00401546
1.006589708
0.5127859939999999
0.792432314
0.55380131
1.002789456
1.00474122
0.541720666
1.0035791
0.617490468
1.004710666
1.003963828
1.004431058
0.5484101480000001
1.1224006999999998
1.005380946
0.446049168
0.68727724
1.0059531560000001
1.005500986
1.004948102
1.0072979340000001
1.006167608
1.001821088
0.9258569999999999
0.72116571
1.00591546
1.004811738
0.988362158
0.926158472
0.88219338
1.0001414180000001
1.003877004
0.463739234
0.913704242
1.005178592
0.689364334
0.560846394
0.87830744
0.43485149
1.004146912
1.003696364
1.00287375
1.002665382
0.679823308
1.003431386
1.0046143140000001
0.98687465
0.93611226
0.708180712
1.003633038
1.001821088
1.005536296
1.055489768
1.003513444
1.003522824
0.97177142
0.928212092
0.846095578
1.004395826
0.802653598
1.003844156
1.005051574
0.99994815
0.790542008
1.004957508
1.003213414
0.543676382
0.950378006
1.004090572
0.680394092
1.0042971840000001
0.507472402
0.5818272480000001
0.293068604
1.004811738
0.801570548
1.0051433060000001
0.8781565920000001
1.004123436
1.005512756
1.004020154
1.004995132
1.00395444
1.03055636
1.001416986
1.000905902
1.003262624
0.719002278
1.003344654
0.922551738
1.004485088
0.9999318540000001
1.014028236
0.6605497739999999
0.469200474
0.890877982
0.923456246
1.003356374
0.872088744
0.764540586
1.00717038
0.517999542
0.71844662
1.00572231
1.016707098
0.965560434
1.0036869819999998
1.002372876
1.003384502
0.64347839
0.909991186
0.788110776
1.003611932
0.34395096599999997
0.328079988
0.610895398
0.731119242
0.601056202
1.0047224179999998
0.5604563140000001
1.003717474
1.0046613119999999
0.680496504
1.003536892
0.777414674
1.007541322
0.678735014
0.47659002
0.860909844
0.587828276
0.910070242
0.94219079
0.523861468
1.00364711
0.573338846
1.002400948
0.977953704
0.3130559
0.9792134539999999
0.612362152
0.78978318
1.003726858
0.8979801660000001
1.003787848
0.580981182
0.9768371379999999
1.005677566
1.004388778
0.8292082980000001
0.341310602
0.634807412
0.5616891460000001
0.790715202
0.6892404320000001
0.982695122
0.496390858
0.65197161
0.709372592
0.517958312
1.15497093
0.5952814120000001
0.610951014
1.002503898
1.001655204
1.006566118
1.006707676
0.6191613220000001
1.004029542
0.98274234
1.002508578
1.0008079460000001
0.9665621619999999
0.985592862
0.820166764
0.50132801
1.00328606
1.004574368
0.906746348
0.380918904
0.907656558
1.03941514
1.004797634
0.982366962
1.003705746
0.925755222
0.332438358
1.003668218
1.002110934
0.935048428
0.889501584
1.004647212
0.643087216
0.8032931139999999
0.949550158
0.9716988679999999
1.000358058
1.011125358
1.0021389920000001
1.004485088
0.5362120419999999
0.496741064
0.8699037919999999
0.5421124620000001
1.004029542
0.85195292
1.0031642060000001
0.431349376
0.6779069
1.004628412
0.927048058
0.70888085
0.365455108
0.8629856300000001
0.988421298
0.455597936
1.004325366
0.5293579979999999
0.718457436
0.61799958
1.0045579199999999
0.43010575999999995
1.001694918
0.482261978
1.004355896
1.00406475
1.0012372299999999
0.54820645
0.610395316
0.62569177
1.00202443
0.974021502
0.984702558
1.005477446
1.003100948
0.423242058
0.97739955
1.00517624
0.517759752
1.00516683
1.005847142
0.5720422119999999
0.64965608
1.003797232
0.76623326
1.003206384
1.003818348
0.68858847
0.64243119
1.002162376
0.7647597620000001
1.0043511999999999
1.00533388
1.003464208
1.003717474
1.003773774
0.99913864
1.006802072
1.002475818
0.790483808
0.984212898
1.004616662
1.00442871
1.008764764
1.003738586
1.011287252
0.858768462
1.002805846
0.637477632
0.332997152
0.8292803440000001
0.94086365
0.903516968
1.007127868
1.00360724
0.617920448
0.6761279060000001
1.002862042
1.009452328
0.360213
1.002192776
0.688007166
1.003621312
1.005350352
1.00430423
0.9848877159999999
1.188089498
0.404668686
0.828307962
0.9655539219999999
0.518452248
1.004062404
0.982825546
1.0382994719999998
0.967034412
0.997201614
0.882260432
0.984569376
1.001027208
1.004877564
1.003260282
0.786348968
0.981749446
0.653110746
1.022599088
0.710304084
0.573980164
1.002379894
0.8648519659999999
0.681115944
0.9992781159999999
0.660916718
1.0015711139999999
1.004400522
0.89732728
0.816493348
0.704134554
0.679851286
0.858658582
1.00473887
1.003630692
1.002001054
1.003956788
0.980751838
0.955611518
0.579634146
1.004362942
0.981179776
0.921060008
0.891582586
0.926948018
0.8064242739999999
0.926104552
1.003949748
1.003567376
1.0031642060000001
1.001069206
0.573429172
1.002883118
0.959124096
0.980646592
0.754048066
1.002386912
0.676593362
0.574261048
1.186586168
1.003750314
1.002429024
0.7426743219999999
1.002763702
1.003433732
0.496825532
0.7197553480000001
0.999127018
0.741310428
0.9003803420000001
0.752304626
1.003691672
1.002803504
1.00336575
1.008239054
1.00415865
0.6854225380000001
1.000360388
0.90167894
1.004720068
1.0043371079999999
1.001090206
0.917833958
1.009692012
1.006304338
1.001540752
0.98447459
0.704156488
1.024839066
1.007860502
0.8347230520000001
1.0019215799999999
1.005089206
1.003595516
1.004988078
0.859806836
0.921573854
1.005475092
1.006375076
0.7760016359999999
0.8156374359999999
1.005524526
0.6113336420000001
0.78904755
0.907971244
1.0038981219999998
0.641916542
1.001755662
1.004160998
0.347285556
0.9237720500000001
0.55431235
0.709689072
0.643079512
0.966507786
1.004391128
0.679219104
1.004240826
0.825724998
0.6342280960000001
1.003452486
1.002606866
0.971239622
1.003769082
1.015699666
1.00079162
1.00315952
1.0031478059999999
1.004485088
1.003747968
1.00303067
1.0039966839999999
1.00474122
1.002272292
0.874972202
1.001772018
0.9518502600000001
1.0047341699999999
1.004933994
0.566846462
0.916899318
0.777320404
0.912301034
0.86094781
0.661822096
0.659524294
1.003297778
1.005465678
1.004114046
1.004635462
1.004398174
0.721057956
0.833841466
0.5538420159999999
0.89283364
1.0062194660000001
0.626744508
0.509955462
0.60697844
1.013865464
0.407092014
0.8915899899999999
1.005602218
0.38679774
1.005993212
1.003921588
0.6503358140000001
1.003098604
1.00510567
0.451144918
0.549144286
0.351736856
0.913003068
1.0045391240000001
0.777480816
1.004825844
0.412079766
1.003670564
0.879970188
0.660111198
0.750768656
1.00015772
1.003665872
1.003548616
0.7989373399999999
1.005500986
0.730358362
1.003726858
1.000164708
1.001512726
1.003785502
0.829118656
0.719789122
1.001307258
0.8622043079999999
1.000644726
1.002876092
0.8580787480000001
1.004941048
0.353892834
0.6695340660000001
1.003909854
1.002272292
0.524944822
1.003199354
1.004670712
1.003150148
0.512297292
0.7881382539999999
1.00301193
0.9992083740000001
1.002548358
1.00359317
1.00473652
1.000663378
0.398813606
1.002693472
0.45409554
0.8770036059999999
0.997778456
0.5234930480000001
0.6268012159999999
0.981924518
0.802511122
1.003396224
0.379557916
0.442549278
0.9100104659999999
1.005037464
0.659535434
1.005840076
1.004372338
0.743378738
1.005260936
1.00345483
1.002169392
0.392757056
0.560850056
1.002312056
1.003694018
0.48665041400000003
1.002705176
0.9825737219999999
0.945703084
1.005990854
1.00473652
1.004409918
1.002819894
1.005324468
0.8929524400000001
1.019465482
1.004252568
1.11865003
0.8284277879999999
1.003300122
1.003701056
1.108750624
0.742911976
1.137296814
0.75247597
0.942511268
1.004160998
0.633663858
0.890442094
0.997560614
0.924868116
0.9400502300000001
0.88105327
0.697572412
1.00574115
0.924647102
0.888495048
1.006068618
0.542081672
1.003452486
1.005242114
1.005463324
1.004172736
1.004160998
0.74272441
1.01578134
0.800086304
0.66700428
0.530657576
0.75165949
0.906845904
0.7093023020000001
1.004374686
1.000560806
1.002962744
1.003414976
0.764526976
1.00426196
1.00114621
0.54156356
0.89262025
0.492466444
0.651957754
1.004593164
0.719886844
1.003755006
1.0066274560000001
0.619444398
1.0053291739999999
0.68991247
0.68676293
0.6423504820000001
0.914597318
1.005797676
0.890635974
0.999820124
0.441273436
0.76403193
1.003145462
0.860789066
1.0190639479999999
0.911321542
0.728141978
0.742682026
0.616945858
1.000730992
0.529416072
1.003818348
0.7354333080000001
0.441810428
0.553462328
0.45498788
1.005108022
0.982906518
1.005089206
1.003881696
0.566203062
0.573796894
1.005246818
1.069309536
0.8044109580000001
1.004414616
0.963418378
0.996456646
1.005310348
1.004898724
1.004572018
0.791682988
1.00342201
1.004160998
0.719789122
1.005357412
0.40449261400000003
1.0024454
0.6887154520000001
1.002684108
0.41526959399999996
0.828539656
1.00304004
0.721382528
0.398610032
0.76277544
0.539827818
0.6029098940000001
1.006202966
0.634437952
1.003414976
0.689970104
0.554210066
0.687568804
1.004034238
0.518484168
1.004532076
0.802493128
1.00504687
0.984046028
1.003630692
1.00711606
1.00570818
0.9046473939999999
0.700910178
1.004315972
0.763845774
0.6894119160000001
1.0044522
0.124851814
0.6600036720000001
0.81479259
0.4266391
0.547310866
0.080497528
1.00217173
0.864860674
0.8329488159999999
0.908910842
0.69888914
0.678658868
0.429824256
0.998778504
0.789004064
0.998249226
1.002546018
0.96268633
0.6961353739999999
1.003891082
1.004416966
0.541791052
0.619013188
1.00375266
0.712227572
0.891741784
0.8959308979999999
1.004470994
0.42304779000000003
0.728916798
1.001912232
0.396750528
0.99250068
0.678006424
0.752362612
0.918882548
1.002627932
0.9090974559999999
0.6196374339999999
0.90999697
1.006858716
0.6252090419999999
0.594341506
0.7075600439999999
1.004339456
0.776675208
1.0061275379999999
0.991028138
1.004623712
0.875409132
0.8608321959999999
0.843408948
0.6691585360000001
0.588308972
0.529112796
0.765081264
0.6605375840000001
0.415952484
1.003417322
0.789825298
1.003935668
0.7089779740000001
0.713627532
1.003344654
0.6600341
0.75246806
0.9885782759999999
1.00211561
0.834921016
0.751125788
0.957033928
1.003086892
0.8295606480000001
0.99772051
0.95105354
0.831921084
0.763295988
1.0026747440000001
0.943409764
0.566461442
1.001713608
0.778622488
0.618438284
1.0039450540000001
1.002239548
1.002705176
0.998588084
1.057147254
1.004856406
0.994396446
0.75235734
1.006233612
1.028050136
0.876912284
1.001585128
0.934226738
0.974337478
0.709628098
0.816979472
1.003206384
1.002613888
0.893818412
1.003994338
0.679168624
0.626264722
1.002386912
1.003626002
0.79494476
0.9685696840000001
0.617398154
0.481070898
1.002646656
0.972156346
0.484500086
0.6588727280000001
0.88339095
0.997970884
0.81576137
1.004729468
1.0038089639999999
1.002803504
1.005663438
0.9665752139999999
0.92917799
0.878061442
0.625865916
1.009549612
0.669986304
0.36006654
1.018894722
0.579653702
1.006021488
1.00414926
1.003150148
1.0026185699999999
0.9718527779999999
1.003865272
0.9578108
0.887373436
0.623158954
0.88436956
0.815708694
1.00610397
0.9158728260000001
1.002529638
1.00255772
1.003722166
1.005122136
1.001608484
1.00417039
1.00246178
0.8770447960000001
0.85293252
1.003332936
1.005548068
1.005086854
1.004299532
0.855930938
0.820196524
0.6000443299999999
1.00358379
0.0
1.00400842
1.116573586
1.003595516
1.003973216
1.0686922540000001
0.6884151900000001
0.595733062
0.833322138
0.935121718
1.021978608
0.468402218
0.572450118
1.027678696
1.00598143
1.002344804
0.81921875
0.5418491520000001
0.54139699
1.002805846
1.004238478
0.966546936
0.689456184
0.682562082
0.7081935559999999
1.087625362
0.971802202
0.9836133340000001
0.296429724
0.9667188019999999
0.226563062
0.422719272
1.003900468
0.985558938
0.753686828
0.663549064
1.00114621
0.850806994
0.92580511
0.64457544
0.998418626
0.743468814
0.925944826
1.003361062
1.005833008
0.9835795460000001
0.750865782
1.003227472
1.0048281940000001
0.81564518
1.005562194
0.7304875500000001
0.995733568
1.004341806
1.008795566
0.986154084
0.766297514
0.787385474
1.00484465
0.7880095579999999
0.8749258599999999
1.003717474
1.004151608
1.00376439
1.002181084
1.003492342
1.003175922
0.985767044
0.45140855199999996
1.004029542
0.754418926
0.786686002
1.00569405
0.987012992
0.89498436
1.00715857
0.849061142
1.005606926
0.63426275
0.65079798
0.557154108
1.0069720260000001
1.001328268
0.422763794
1.0057175999999999
0.595258312
1.0038066159999999
1.006174678
0.864032496
1.004229086
1.003816002
0.861892866
0.720228478
1.000717002
0.680361758
0.729773862
1.0039239340000001
0.47731299
0.805831166
0.49600219199999995
0.965473614
0.987067432
1.007522414
0.48961174999999996
0.775942754
1.005901324
0.7718597559999999
1.003609586
1.006063906
1.003234504
1.004823492
0.963826994
0.764125722
0.70218444
1.020148332
1.003750314
0.39196920599999996
1.000819606
0.688645882
0.30366409800000005
1.001767344
1.00356972
0.831286674
0.873936018
1.00230036
0.803371248
1.0029299539999998
0.388270902
0.74334014
0.7553954979999999
0.8768191940000001
0.462825736
1.005873054
0.7512597980000001
1.002770726
0.687174976
1.00133994
0.677301826
1.087366526
0.602980148
1.004948102
0.9425464299999999
0.899976594
0.998223706
1.002269954
1.0055551299999999
0.883180234
1.003316528
0.6942674080000001
0.926964024
0.658745398
1.00549157
0.807617668
1.003534548
1.002431362
0.7289650480000001
0.816609778
1.0021881
0.669410928
0.970396972
1.0319702480000001
1.002241888
1.0050304079999999
0.9012853740000001
0.596558864
0.815673062
0.409276818
1.002634954
0.580024754
1.0052727
1.00173697
0.602020856
0.970204072
0.816234214
1.001655204
1.00519506
1.0045391240000001
0.804356724
0.404449952
0.815764468
1.004377036
1.003846502
0.7647801879999999
1.003086892
0.679026888
0.43076706200000003
0.49208220399999997
0.8914400960000001
1.000945556
0.982985254
1.001643524
1.007316834
1.004635462
0.950506306
1.0045391240000001
0.6357677660000001
1.003628348
0.968654878
1.00415865
1.0037409320000001
1.00486816
1.005762346
0.58656387
1.005388006
0.463470008
0.910099168
1.013819994
1.005715244
1.006426956
0.985665242
1.003445452
1.003248564
0.392351624
0.828371864
0.688584054
0.5542379580000001
1.0045391240000001
0.79276434
0.6341822079999999
1.004088224
0.388864652
0.6429572520000001
1.004435756
0.39947089799999996
0.78971638
0.957915474
1.00377612
1.051649302
1.0019215799999999
0.459379848
0.5517020420000001
0.8793810280000001
1.0062878339999999
0.50170866
1.003257938
1.0015571
1.006426956
0.603015704
0.763172564
1.002773068
0.872863256
0.9281559260000001
0.96416669
0.907865684
1.003562686
0.6024853299999999
0.45447898400000003
1.002309716
1.003600206
1.003222786
0.37374679
0.43836753599999995
1.005371532
1.021363738
0.525018616
0.908918536
0.53291138
1.00563989
1.002059498
0.698307352
0.602590992
0.730429162
0.641265774
1.005218586
0.85795362
1.001363286
0.485788436
1.002871408
0.427165686
0.65076248
1.003891082
1.002482838
0.96551051
0.5231296059999999
0.721281976
0.5804966899999999
1.002974454
0.79222914
1.0030611219999999
0.8007993699999999
0.70748312
0.7899327939999999
0.927148118
0.707442332
0.9880756639999999
0.507540766
0.902438662
1.004369988
0.535855466
0.801693236
0.44232914
0.791392696
0.98450167
0.580949748
1.006068618
1.00488932
1.0040506679999999
0.831314028
1.005545714
1.007321558
0.602379704
0.982328764
0.9144726879999999
0.789004064
1.005117432
0.944145986
0.765473972
0.9833791159999999
1.003888736
0.593724484
0.719879606
1.004941048
0.9635653519999999
0.52497883
1.002995534
0.5863876880000001
0.866235186
0.862812266
0.947018862
1.004548522
0.503418146
1.002199792
1.004546172
0.8182542180000001
0.790028694
0.327800294
0.402088
0.38251508
1.001655204
1.003773774
0.896785806
0.578650178
1.003689328
0.803365236
0.5413308019999999
0.908126748
0.821077732
1.004449852
1.0052727
1.005056278
0.830105778
1.003548616
1.005538652
1.0050962620000001
0.61791778
1.003966174
0.809566204
1.002794138
0.593513626
0.894324648
1.00409996
0.635249642
0.891565928
1.007746992
0.541733648
0.87469244
0.7303049620000001
0.819348464
0.944567496
0.434308872
1.004720068
0.707473796
1.00284331
0.8112666420000001
0.97286541
0.891701054
0.670642244
1.002384572
0.512377964
0.87499181
1.00239861
0.983163016
0.477578896
0.6766082840000001
0.463956646
1.006459974
1.005138602
1.0035181340000001
0.924619234
0.941094548
0.766951598
1.001788374
0.468078574
0.83113707
1.00335403
0.541735698
1.002464118
1.0036048960000001
0.529022858
0.602464202
0.41922570000000003
1.0027028340000002
1.000332428
0.482528004
0.9474742939999999
1.0043347599999999
0.253732454
1.004006072
0.876869318
0.738245952
0.877962722
0.912225464
0.5659762399999999
0.52985693
1.004330062
0.579137058
1.004804686
1.004379384
1.001713608
0.893773772
0.609886528
1.002199792
1.003414976
0.989833628
0.603384216
1.01374342
0.43006743000000003
0.932940162
0.9387927180000001
1.00505863
0.947039744
1.004694214
0.932826692
1.00342201
0.763944956
1.006351496
0.87565543
1.003900468
0.779099882
1.004572018
0.9996013880000001
0.755452632
0.763803664
1.004837598
0.6256525759999999
1.0012372299999999
1.002789456
0.6236339900000001
0.91823426
0.899034666
0.7516752760000001
1.004630762
0.985504664
0.900053918
0.779061726
0.7532215680000001
0.985909602
0.930794984
0.341576616
0.671248062
0.28194799
0.862775868
0.643555524
0.8292275079999999
0.908910842
0.535490018
1.0004722400000001
0.5882557900000001
0.322051374
1.005371532
0.9133836280000001
1.004196216
1.002181084
1.004285442
0.48196379
1.002379894
1.005016298
1.008492368
1.0382216659999999
0.91333507
0.817489516
1.0064505400000001
0.529858238
0.698795898
1.00488932
1.005011594
1.00358848
1.005880122
0.463457506
0.874487632
0.46296043600000003
1.00571289
1.005159772
0.832141904
0.36531616
0.389488474
0.38277689600000003
1.004832896
0.512733348
0.472516004
1.003783156
1.0028316019999999
0.749387974
1.002754338
0.800948706
1.003989644
1.004184476
1.00246178
0.6791449979999999
0.776727176
1.004440454
1.006516582
0.17387609399999998
1.004266656
0.731152846
1.003818348
0.63422435
0.9176457020000001
0.9825669779999999
0.813900136
0.548984952
0.878990492
0.689184028
1.004485088
1.003715128
0.819228126
0.46316263199999996
0.37707037400000004
1.005830652
1.00300256
0.817643588
1.006445824
1.003820694
0.9269800279999999
1.006743072
1.003316528
0.802476634
1.003051752
0.8441399719999999
1.004165694
1.0042126500000002
0.37705349
0.64300538
1.004579066
1.004022502
1.005084502
1.00610397
1.011875742
0.861789104
1.002480498
0.8111578580000001
1.001379628
1.005588092
1.006221824
1.005138602
0.815618848
1.0042173460000001
0.859719062
0.98455132
0.47711044399999997
0.678714636
1.002571762
0.7857921999999999
0.708766208
1.004395826
0.6272754119999999
1.005049222
1.004696564
1.001295586
1.004315972
0.496657774
0.386046432
1.0498370339999998
1.004419314
0.334871698
0.547269024
0.985118134
0.573044336
0.5821797820000001
0.541190286
0.762626456
0.38686568
0.478271316
0.535172408
0.405069424
0.413168318
0.424220278
1.045439172
1.001094872
0.816524392
0.753991144
1.003844156
0.48253884799999996
0.57433861
0.844146608
0.488311396
0.446808318
0.476107142
1.004677762
1.1390763979999998
0.983318328
1.005936664
1.002606866
0.422086992
1.003766736
0.752362612
0.719756554
0.740985578
1.00387935
1.009946056
1.00507039
0.634800844
0.912326226
0.8490661780000001
1.002164714
1.004640162
0.602013262
0.7538985
1.002754338
0.729787502
1.005359766
1.0048752140000001
0.86264417
1.0050304079999999
1.00328606
1.018488806
0.548171466
1.0046613119999999
0.668848
1.002864384
0.743293828
1.0029369799999999
1.005531588
1.043458062
1.003522824
1.004226738
1.005117432
1.00310329
0.928472946
0.725261112
0.290446392
0.998274748
0.8902316899999999
0.954305694
0.5742771739999999
1.011432524
0.925001572
0.94098527
0.432781106
0.82927394
0.872902284
0.83386413
0.627343214
0.6798211559999999
1.0048611079999998
0.618016476
0.688570808
0.6180102500000001
0.6336339440000001
0.687547892
0.9011359840000001
1.003339966
0.502350044
0.884959954
1.003368094
0.835840672
0.22935813400000002
0.5729197380000001
0.591499596
1.004950454
1.0044921359999999
1.00478588
0.46750589400000003
0.7524179679999999
0.678495908
1.00112054
0.74111216
0.5471128639999999
1.003654146
0.6436278559999999
0.608370404
0.46365463
1.07009814
1.004102308
0.642391794
1.15511071
0.8034268520000001
0.835239254
1.003105634
0.9852740659999999
0.669450578
1.006667564
1.0044522
1.005021
1.00419152
1.00494575
1.005920172
1.004196216
0.395048864
0.773441544
0.898186736
0.96550834
1.002333108
1.002262936
1.0054256639999999
1.0051433060000001
1.008400024
0.8461639219999999
1.00336575
0.633637682
1.003928628
1.003949748
1.001426326
1.0038113100000001
0.9145603139999999
1.00427605
0.426696746
0.730951264
1.0059295959999999
0.738969958
1.004135174
0.875807206
0.981780864
0.595174998
0.913626496
1.006066262
0.981691104
1.00277775
1.001729962
1.002864384
0.7095647900000001
0.804216654
0.86288507
1.005223292
1.004137522
1.002384572
1.003187638
0.765422134
0.76639323
1.005270348
1.003628348
1.002850334
0.971386798
1.004325366
1.002508578
0.34221429000000003
1.005972004
0.778403762
1.002639634
0.953958078
0.993566014
0.619085462
0.843286406
0.48696216
0.779070206
0.857897066
1.002946348
0.560450464
0.893082414
0.791507912
1.002419664
1.004053014
1.005531588
0.500402806
0.85097051
0.337107392
0.602026764
1.003865272
1.006615658
1.00186549
1.0054468460000001
1.006950778
0.8175626539999999
0.67246825
1.001494044
0.840268906
0.945615634
0.8607373119999999
0.980969122
1.003309498
1.0059295959999999
1.004694214
0.454640148
1.004856406
1.00356503
0.80183692
0.730506186
1.004689514
1.000304472
0.753913058
0.524208012
1.163799542
0.5247011260000001
0.8340001419999999
1.003227472
0.6336769480000001
1.004379384
1.00507039
1.004604914
0.72750556
0.703731904
0.642389872
0.561368324
0.764727082
1.004825844
1.00473887
1.005265642
0.9869767020000001
0.927993486
0.615842736
0.9846054900000001
0.698310758
0.637942542
0.98457389
0.679839448
0.3828936
1.005237408
0.877327856
1.005211528
0.878045286
1.006530734
0.961576348
1.002410306
1.0049057780000001
1.003773774
0.950788262
1.002892484
0.732368424
0.535941054
0.882561378
1.001071538
1.0036517999999999
1.004470994
0.587734966
0.47255967600000004
0.820190258
0.6505525259999999
1.004717716
0.927154122
0.983091002
1.021089352
1.0923111120000002
1.002857358
1.005145658
0.567682594
1.005536296
0.9373421399999999
0.507711756
0.996900716
0.567184814
0.659443284
0.830248592
1.004315972
0.548087524
0.891519662
0.791254188
1.0036517999999999
1.00325325
0.846973216
1.003787848
0.475523084
1.004193868
1.0034431080000001
1.004724768
1.003213414
0.793169878
1.002153022
1.002148346
0.33999103
0.83838266
0.5673556399999999
0.486969338
0.6180066940000001
1.003302466
0.62586774
0.601504866
0.775934344
0.56056677
0.660539616
0.7088013
0.893900264
0.7539143800000001
0.6693347740000001
1.004522678
0.826457482
0.973321782
0.47337322
1.000863918
0.641112618
1.05114741
1.002712198
0.7109060439999999
0.8202482139999999
1.005098614
0.62617433
1.000218278
1.004459248
1.004727118
0.450619046
1.0046143140000001
0.982967256
0.9259068979999999
1.005042166
0.945857202
1.00536918
1.001484702
0.5130518399999999
0.6599844020000001
0.387894992
0.18968734599999998
1.003930974
1.006299624
1.004339456
0.37125466799999995
1.00447804
1.00287375
0.700901028
0.6423014899999999
0.560147856
1.00384181
1.004156302
1.004527376
1.003407944
0.382912718
1.001807068
1.004666012
1.003689328
0.644260234
0.7775174100000001
1.005800032
1.0043817320000001
1.002468798
0.923458232
1.004670712
0.6982256139999999
1.003161864
1.003973216
0.8138029800000001
1.002061836
0.679198696
0.987312488
1.003595516
1.00747042
0.588337984
0.78987759
0.814803412
0.741987902
1.004884618
0.999983072
0.947025126
0.860913296
0.5966433919999999
1.002826918
1.006870518
1.005053926
0.608936232
0.5736995540000001
0.9221278660000001
1.002113272
0.949319292
1.00064939
0.96784942
0.812053518
0.739762912
1.1603378359999998
0.4055751
1.0044475019999999
1.003206384
0.70684506
0.708141012
0.88115811
0.634869344
0.617992466
0.6108971360000001
1.00768552
1.005263288
1.004809388
0.486660892
1.022516314
1.125312062
1.00245242
1.0027028340000002
0.660614798
1.00351579
1.049611262
0.6886933639999999
0.62677286
0.660580254
1.002361178
0.88138595
0.805287242
0.7773907520000001
0.779157832
1.039201368
1.007316834
0.71008683
0.763875662
0.720429022
0.334677558
0.49735886
0.837540692
1.004027196
0.983935566
0.7419225340000001
0.206008752
1.002113272
0.327933946
0.393399206
1.003783156
0.9871014619999999
1.002590484
0.9993804260000001
0.351897376
0.828089172
0.507156606
1.00478353
0.832934278
0.7095038379999999
0.77814145
0.442568886
0.863646788
1.00427605
0.858789068
0.961634476
0.9281258400000001
1.004832896
1.00481409
0.89463761
1.005759992
1.004470994
0.8767493879999999
0.8408660680000001
1.0052138800000001
0.5672005440000001
0.518176402
0.927100086
1.00358379
0.9100104659999999
1.003288404
1.0043511999999999
1.002934638
1.00440757
0.44415059
1.003961482
0.753930262
1.005670502
1.004055362
1.002019754
0.791434986
1.0036517999999999
1.00401546
1.00296977
0.821258284
0.983728232
1.004027196
0.7923007519999999
0.59582893
0.643461038
0.662342612
0.984851582
0.660600574
0.650139912
1.005444494
0.99969911
0.659405824
1.05100851
0.5737723640000001
0.978907694
1.004985726
1.001286248
0.94349059
0.827353796
0.906909094
0.751731848
0.983978394
1.004600214
0.963267126
0.437642124
0.842214854
0.549362734
1.0017860379999999
0.774931942
0.645707298
0.46394562
0.652399434
1.004684814
0.922205084
1.004619012
0.649710132
1.002798822
0.64410468
1.00256006
1.004807038
1.004807038
0.769592928
0.9247008520000001
0.357620692
0.711006076
0.430835334
1.003417322
0.580586146
0.225413464
0.8442694000000001
0.6104352239999999
0.719654044
0.554623008
1.003492342
0.491474066
0.946853928
1.003644764
0.5600426780000001
1.00358848
0.693715694
1.00133527
0.491176178
0.9753885219999999
1.00212964
1.0422527620000002
0.766255132
0.74644974
0.789696052
0.753946144
1.00359317
1.004419314
1.00550334
1.00514801
1.00383477
0.426628506
1.003450142
0.6786052539999999
0.530142738
0.762224488
1.006012062
1.0030213
0.535564136
0.985558938
0.912136348
0.6252135919999999
0.68670693
0.5947909079999999
0.911178472
0.57019829
1.005437432
1.000873248
0.746217594
1.002667722
0.739691566
1.003827732
0.5741789039999999
0.985724058
1.006681722
1.0050045380000001
0.344422896
1.002223178
0.66000063
0.627307478
0.314929248
0.610330262
1.005428018
1.002915902
1.004269004
0.698244912
1.004104656
0.99748416
1.0059531560000001
0.930490488
1.004024848
0.985911866
0.876854996
0.674893352
1.003325904
1.004825844
1.002520278
0.741238784
1.00478353
0.40538063599999996
1.004402872
1.003895776
0.7191106220000001
0.45834202599999996
0.8321999499999999
1.0035462720000001
0.49222714
1.0031478059999999
0.39589367
0.981922272
0.761593292
1.0042948360000001
0.568939168
0.878167366
1.0034032560000001
0.6518597939999999
1.002232532
0.982508538
0.64412883
1.003621312
1.00410935
0.907881038
1.0054798
1.002667722
1.003414976
1.004020154
0.581742138
0.600144104
1.004365292
0.48449790000000004
0.896797042
0.894790446
0.6418474740000001
1.005286818
0.43455890599999997
0.75314496
1.003705746
0.587293752
1.004034238
1.00578119
1.004658962
1.00523976
1.004095266
1.002665382
0.47733367800000004
0.303084662
1.00420091
1.00347593
0.7539448200000001
1.003722166
1.00104354
0.727514186
1.002262936
0.9990154680000001
0.9601854879999999
0.963018744
0.949642538
1.0036517999999999
1.005606926
0.825594846
0.831444382
0.687975206
0.634716414
1.00245944
0.401831438
1.005190354
0.708722936
1.0046143140000001
0.5742472279999999
1.006389226
1.006764312
0.465175202
1.006547246
0.50755816
0.506493938
1.005420956
1.005251524
1.00550334
0.890763428
0.9281840079999999
0.482916466
0.217182986
0.844188088
1.0029510320000001
0.537585902
0.8184226139999999
0.524763952
1.00256708
0.850183854
0.643566132
0.542068672
1.003893428
0.42345779800000005
0.7749752879999999
1.0061817499999999
0.502699298
0.9472298100000001
0.535109732
0.581433424
0.31923917799999996
0.943380754
0.7906307779999999
0.923313312
1.001715944
0.815519734
0.925853008
0.6694933620000001
0.9766971919999999
1.00486581
0.490871358
1.002443062
0.45884980999999997
0.42300904
0.7524430139999999
0.5882356479999999
0.5213699319999999
0.430894552
1.003745622
0.944492718
1.003391536
1.003654146
0.686671798
0.679131038
1.003321216
1.0050045380000001
0.9882620940000001
0.322990342
0.926798
1.003966174
1.003623658
1.004160998
0.7083453940000001
0.661199574
1.003576756
0.845289624
1.005091558
0.408886402
1.002983822
0.8187939519999999
0.47264184
1.005108022
0.679636126
1.005642246
0.43970672
1.004116394
0.6600838059999999
0.739055154
0.9487489
0.831174064
0.45440061
1.0052585840000001
0.910116524
0.9420523279999999
0.7904358
1.004912832
1.003684636
1.000789288
1.004182128
1.0059743620000001
1.000747314
1.00500689
1.002389252
0.6873586340000001
1.0047341699999999
1.00296977
1.0048423
0.880067556
0.762527616
0.72037948
0.7784277439999999
0.84626896
1.00393332
0.720681674
0.6688427920000001
1.002546018
0.918026218
1.003738586
1.003881696
0.804282918
1.004590816
1.001069206
0.777601872
0.831972652
0.9457218239999999
1.00246178
1.003112662
0.970587758
1.004125784
1.005880122
0.6763110299999999
1.002824576
1.00179071
0.913350608
1.007595686
1.004548522
0.586874048
1.005550422
0.60354447
1.003567376
0.8202403819999999
0.842277618
1.00190522
1.00484465
0.8835290619999999
0.596173812
0.79059876
0.928262244
0.876957048
0.67977166
0.999385076
1.003300122
0.445988492
0.852881708
1.0039239340000001
1.004621362
1.0039051620000001
1.00245944
1.005053926
1.003300122
0.706274346
0.617981796
1.020007812
0.6024236399999999
1.0035181340000001
0.9270260459999999
0.848169124
0.696268538
0.896256208
1.004071792
0.588757362
0.643008268
0.394471596
1.003975562
0.653086912
0.719226226
0.337058978
0.793385258
1.004022502
0.609851022
1.0521697140000001
1.003028326
0.7219354560000001
0.644472916
1.006570836
1.0062288959999999
0.777397788
1.003562686
1.002244226
0.966559988
0.344563264
1.004529726
0.404487662
1.003248564
0.928222122
1.003987296
1.000376698
0.18825809799999998
1.0021389920000001
0.708227422
0.423235802
0.9973058140000001
1.002754338
0.982546748
0.669947636
0.5756225399999999
1.0050962620000001
1.002906536
1.004581416
0.46401479
1.003813656
0.644144286
1.00633499
0.610831106
1.005517464
1.003813656
0.43331073
0.611453748
0.48581756000000004
0.67061083
0.98365163
0.989553118
1.004586116
0.9835795460000001
1.004569668
1.002798822
1.000663378
1.0033704380000001
0.5944402179999999
1.001748652
1.0036025499999999
0.8452497
1.004313624
1.0042149980000001
1.003346998
0.298579896
1.002801162
0.47311823
0.524171546
0.777825784
1.03351733
0.9781073760000001
0.70888085
0.741208082
1.002663042
0.425919432
0.653159414
0.50858651
0.463454004
0.617025626
1.0042924880000001
1.0043676400000001
0.42297946200000003
0.720503954
1.0096943840000001
0.25115167
1.004576718
0.9973915040000001
1.004701264
1.002541338
0.626219066
0.652564972
0.8509654520000001
1.00278009
0.719039592
1.005508048
1.005475092
1.003171236
0.7100739180000001
1.00425022
0.678019268
0.60298946
0.6363829019999999
1.00338919
0.5956710940000001
0.744183764
0.442607654
0.95416789
0.513843652
0.57331512
0.659970204
1.0029369799999999
0.589122386
1.0052021180000001
1.004931642
1.00377612
1.004440454
1.00417039
0.49027907800000003
0.389082708
1.00289951
1.006078046
0.478248416
1.0034032560000001
1.004299532
0.299417286
1.004243176
0.51308984
1.00635857
1.00145201
0.912202214
0.6605193
0.874708472
0.860906394
1.003161864
0.661778248
0.618943608
1.003295436
1.00359786
0.708063962
1.005388006
1.003989644
1.0601219080000002
1.004269004
1.0034056
1.001970666
0.983316078
1.0039474
1.00572231
0.958003078
1.00256942
1.000087854
0.860123662
1.002892484
0.9971529960000001
1.000635402
1.004092918
0.878843008
0.894891122
0.98939355
0.8874046059999999
0.9409543459999999
1.003548616
0.884111054
0.5667671719999999
1.002431362
1.0054021279999998
1.005348
0.9471337240000001
1.002805846
0.548487184
1.005284466
0.988498644
0.5021198259999999
0.9246550640000001
1.043635548
1.09724761
0.9459363620000001
0.660655446
0.6624090119999999
1.005578674
1.004445152
1.0033751260000001
1.005068038
1.004536774
0.7783614400000001
1.0036048960000001
1.000439614
1.001769682
1.004207954
1.004872862
1.003980256
0.6519597340000001
0.679412504
0.21345345000000002
1.00356034
0.6114293740000001
0.7115031300000001
0.970427668
0.617993354
1.0040506679999999
1.004757674
1.068854486
1.003710438
0.5128013
1.00448274
1.004569668
1.0071444
0.6866202039999999
0.7434212
0.997810908
1.002932296
1.004767076
0.803440378
0.711056692
1.00591546
1.00262559
0.524264322
0.9122932819999999
1.005637536
1.005701116
1.004600214
0.698875492
0.584919888
0.541397674
1.004323018
0.602089216
0.847247224
0.7951051680000001
0.8760412219999999
0.45413491
0.921192368
0.660088878
0.26611691200000004
1.0276811540000002
0.765566754
0.48196000400000005
0.751521392
0.6681477459999999
1.00119055
0.463443002
0.32114162
0.382487146
0.85871867
0.616744754
1.011158686
0.679158958
0.9457926320000001
0.983109004
1.003623658
1.004689514
0.987044748
1.003161864
0.678646
1.006066262
0.9864462620000001
0.8597947880000001
0.9839693780000001
0.836651518
1.004097614
1.004222042
1.001942616
0.8480150559999999
1.00456262
1.0379306220000002
1.000619082
1.005621054
0.936177554
0.625764698
0.880271378
0.925755222
0.777458298
1.004416966
1.00339388
0.5558417920000001
1.003722166
0.98165969
0.831114552
1.002974454
0.988318946
1.00399199
0.740447772
1.001746316
0.752581452
1.2056590040000001
1.0054468460000001
1.004957508
1.005510402
1.002686448
0.5421220419999999
1.005035112
0.907842656
1.004069446
0.580487274
0.64292934
1.004990428
0.38972951
0.815778414
1.004635462
1.003968522
0.81848188
1.004313624
1.005124488
1.001477698
0.687222256
0.908864682
1.005724664
0.639082586
0.8913549940000001
0.9287339480000001
0.830237358
1.002627932
1.00153608
0.777397788
1.00550334
1.003356374
1.004379384
0.984336958
1.0003627179999999
0.634219668
1.005009242
1.00303067
1.003138434
1.0036799459999999
1.002590484
1.004193868
1.005018648
1.001643524
0.9065817479999999
0.860080602
0.943965454
0.9963272
0.983559274
1.001517396
0.513145624
0.98484255
0.56550676
0.573784628
0.750869722
0.40229288
1.003912202
1.005807098
1.003553306
1.0036025499999999
0.890078562
0.697570146
1.00334231
0.687877142
0.491508938
0.527257038
0.926764004
1.006210038
1.004459248
0.988025658
0.97442369
0.26784586
0.695798172
1.003171236
0.679204068
0.5416598619999999
1.002693472
0.536661614
0.815606458
1.0043183199999999
1.005583382
1.004666012
0.742516398
0.594886472
1.002700494
1.004670712
1.002890142
0.987051554
0.858964254
1.00564931
0.73182185
0.603348616
0.982540004
0.776905612
1.00620768
0.877953748
1.004532076
0.87274442
1.0009548879999999
1.003621312
0.876202068
1.001038874
1.004095266
0.846449084
1.004832896
1.002810528
1.002705176
1.004283094
0.32605881
0.62516263
0.79072248
1.002546018
0.89244961
0.927006038
0.9820053400000001
1.004346502
0.43159211
0.642405246
0.983190022
1.003844156
1.006113396
0.801507722
1.00473652
0.573403142
1.003787848
1.004576718
0.463934094
1.004809388
1.102076204
1.001608484
1.001729962
1.00330481
0.529454578
0.679773812
0.7783388720000001
1.00654017
0.844541662
0.580025536
1.00069835
1.002730926
0.8153138360000001
1.075099136
0.574350898
0.6103771
0.709490946
0.547658414
1.006085116
1.002609208
1.00324622
1.003082206
1.002066512
0.764752952
0.6422669120000001
1.002305038
1.002309716
1.003325904
0.847080124
0.767966402
0.53551472
0.8471803760000001
0.7600474420000001
0.900219932
1.001851468
0.860725238
0.893872358
0.915685372
1.003785502
0.5420447279999999
0.77731759
1.003126718
0.957902656
1.001022542
0.966507786
1.006471768
1.00440522
1.004717716
1.005013946
0.742994228
1.001690244
0.714653468
1.00318998
0.902484172
0.32352096599999997
1.0042149980000001
1.006745432
0.201884298
0.92225063
0.643544918
0.922523996
1.004654262
0.609948888
1.003234504
1.002826918
1.004374686
0.238493228
0.8301651440000001
0.792454246
1.003023642
0.8301651440000001
1.0516081019999999
1.000225266
0.850091304
0.763890606
1.00277775
0.73091519
0.7090259600000001
0.894810952
0.985244684
0.873710234
0.686648744
0.94608222
1.005529234
1.00343842
1.005887188
1.0067053160000001
1.001533744
1.003921588
1.00481644
1.004339456
1.000360388
1.004332412
0.755021024
0.77967834
1.008812152
1.00345952
1.0058494980000001
1.002700494
0.996489014
1.005738796
1.00448274
0.956733336
0.869836846
0.94600095
1.002862042
0.486368806
0.53212766
1.00021129
0.707499436
1.003952094
0.767158454
1.004330062
0.84640905
1.0049057780000001
0.64172472
0.616420784
0.775900702
1.0038981219999998
1.004266656
0.845412748
1.002412646
0.555077452
0.8341054219999999
1.005218586
0.832942354
0.649574528
0.676246072
0.99376142
0.743293828
0.905530482
0.988148408
1.003696364
1.015077932
0.988412198
1.00546097
1.004931642
0.848219376
0.828122702
0.594831272
1.060103592
1.002705176
0.6283233800000001
0.089178252
1.002810528
0.864484666
0.5863492619999999
0.587481728
1.00203612
1.003419666
1.0027215619999998
1.004673062
0.581338984
0.22616863799999998
0.444711188
1.0026185699999999
0.529098456
0.474398552
1.0708932480000002
1.007335734
0.871955956
0.67791118
1.002766044
0.862762004
0.84555422
0.8884215339999999
0.803371248
0.760255974
1.005289172
0.984582918
0.73594746
0.911327344
0.926076596
1.002050146
1.001402976
0.921326742
1.003295436
0.880628746
0.98279856
1.003236846
1.092675152
0.983230536
0.985170106
1.01343724
0.5882638480000001
0.66949545
0.434606398
0.776693466
0.891604796
1.00184212
1.000626076
1.0362152880000002
0.650812772
0.42660138599999997
1.006431674
1.0028316019999999
0.999401354
0.54730459
0.773476366
0.8279582719999999
1.0005584760000001
0.996475142
1.005774124
0.9755701960000001
0.764537864
0.981552006
1.018812546
1.001589798
0.9176084520000001
0.997732098
0.885184292
1.011863822
0.829791438
0.641510974
1.00342201
0.729499928
0.40910567600000003
0.912297158
1.000080868
1.00488932
1.005371532
0.845000254
0.9827963099999999
0.40865958599999996
1.013343988
0.849941582
1.005468032
1.004137522
1.005352706
0.783215768
1.002508578
0.506797546
1.00687996
0.421446676
1.004832896
1.004623712
1.004095266
0.580044338
1.008217752
0.830235754
1.002922928
0.555077452
1.004240826
0.630456692
1.001585128
0.9411790999999999
0.8636276860000001
0.8452796419999999
0.7212323159999999
0.67863742
0.720484614
0.547352018
1.005336234
0.9994060060000001
0.815838848
0.862864268
1.002141332
1.00307752
0.729746582
0.9992130220000001
0.32808750600000003
0.9926429000000001
0.873809778
0.987105998
1.004501534
1.004095266
0.5747144200000001
0.86574279
1.0042149980000001
1.00527976
1.002756678
1.004527376
0.764023776
1.00430423
1.001844456
0.9728279479999999
0.668768848
0.94660768
1.002960402
0.83678355
1.0013259319999999
0.625610656
0.6898205000000001
1.002548358
1.005028056
1.0023027
0.6267463360000001
1.00337747
0.6963170780000001
0.9863216680000001
1.00098288
0.558456658
0.764022416
0.873852446
1.005437432
0.98428733
1.0046613119999999
0.92340264
0.9992967159999999
1.002160038
1.005227996
0.699470758
0.632581246
0.59377127
0.6342187300000001
0.763902834
0.58044099
0.492141974
0.856858168
1.002730926
1.000302142
0.7414064039999999
0.984309888
1.004142216
1.004156302
1.004668362
0.617503784
0.459652214
1.007106614
0.5613257700000001
0.59432588
0.8302806920000001
1.004020154
0.6094512200000001
1.004412268
1.004489786
0.87274442
0.932909766
1.061355802
0.7318467900000001
0.566809058
1.004677762
1.003787848
1.039188796
0.7107778060000001
1.002653678
1.0002019739999999
0.8774336039999999
0.696950966
1.005654018
0.9549040179999999
1.002382232
0.99966188
0.984422692
1.000663378
1.00383477
0.720622424
1.0013702899999999
1.00425022
0.5952426380000001
1.001867826
1.004055362
0.625342856
1.00299085
0.649675734
0.834886934
0.841266296
0.924780494
0.70818655
0.513522336
1.003635384
0.894682338
1.003468898
1.0522547819999999
1.0022044700000001
0.912545266
0.908816604
1.004402872
0.580740798
1.002681768
1.003999032
0.8336165059999999
0.928099768
0.827624824
0.834854476
1.002742632
1.000598102
0.6612056820000001
1.00491048
0.7190733
0.98451521
1.004278398
1.004193868
1.002761362
0.617503784
0.98480416
1.000344078
0.740574168
1.0052562299999999
1.00368229
0.8832655979999999
0.9034618520000001
0.875937596
1.003691672
0.670020794
1.004339456
0.67792723
0.9999737599999999
1.000393008
1.004024848
0.804221172
0.7795594680000001
0.67002602
0.876899752
1.003112662
0.44258484800000003
0.731039598
1.00104354
0.67910956
0.66007366
0.7185403720000001
0.6611608959999999
1.004673062
1.004894022
1.004384082
1.00523035
1.00611811
0.515938636
0.462754428
0.510632082
0.608391948
0.567248486
0.953033042
0.687892566
0.60885854
0.634328322
0.828533262
0.660079748
0.7318467900000001
0.93867782
0.742507412
1.00392628
0.894911632
1.002988508
1.004588466
1.00378081
1.004247872
0.624647104
1.002223178
1.005399774
1.015831794
1.115280444
1.004748272
1.005437432
0.33245457
0.891652922
1.00356034
0.778307842
0.88005313
0.36980661400000003
1.003766736
0.815651376
1.004440454
1.00445455
1.004647212
1.004285442
1.001169546
0.893792372
1.004774128
0.76624283
0.8310888200000001
1.002335446
0.610453444
1.006106326
0.595719014
0.719208162
0.924549572
1.006212394
0.446543064
0.40534429
0.988728478
0.697557684
0.908957008
1.006063906
0.349569144
1.002789456
0.754665484
1.003492342
0.7427847799999999
0.7662373619999999
1.00517624
0.788271332
0.9200872520000001
0.598090732
0.40492659400000003
0.76614715
0.7196347500000001
0.608856814
1.00409996
0.68857412
0.986802092
1.0048705119999999
1.0036025499999999
0.983604324
0.65831224
1.002482838
0.776687848
0.680348826
1.002344804
1.004656612
0.36942555
0.609988736
0.568540012
0.587341938
1.0016995899999999
1.00015772
0.573842892
0.6712784860000001
1.004776478
0.9996502460000001
0.985785144
0.8470517240000001
0.984713846
1.00574115
0.766218224
1.003658836
0.574284852
0.418972966
0.6024270199999999
1.005232702
1.003344654
1.003344654
0.651284502
0.6261232099999999
0.964177512
0.99828867
1.003970868
0.699103008
0.741238784
1.0023471419999999
0.731738312
0.6798835719999999
1.004724768
0.87198251
0.7538177859999999
1.00255538
0.764724358
0.910205248
1.003234504
0.943349674
0.27532847600000004
1.00478588
0.595119744
1.00422439
0.983255298
0.672751598
1.004142216
1.005807098
0.894650656
0.858826846
0.74338517
0.9821670259999999
1.005493924
0.939895942
1.002541338
0.415194524
0.911350548
1.001069206
1.005312702
1.004186824
1.00376439
1.003321216
0.6854662960000001
0.7523902880000001
0.6015006540000001
1.004311274
0.983791324
1.003063464
0.985742158
1.005042166
1.004346502
0.778307842
1.003994338
1.087658414
0.398176928
1.004590816
0.634214984
1.00536918
0.5134879539999999
0.927200158
0.459189286
0.77339419
0.750191662
0.7631766320000001
0.908182436
0.678628842
1.004369988
1.003562686
1.002705176
0.863707576
1.00133527
0.65994688
1.003337622
0.125815346
1.003042382
0.6241251720000001
1.00456262
0.774202772
1.035575682
0.8470082919999999
1.000148404
0.310864586
1.019322732
1.003813656
0.69378405
0.688298248
0.6342618139999999
1.0735056520000001
1.005110374
0.892371732
0.988487268
0.764697128
0.381157904
1.006639252
0.35758913200000003
0.6792352180000001
0.340353138
0.362262908
0.516346774
0.496366764
1.004959858
1.00646705
1.001290916
1.0043817320000001
0.96384646
1.005538652
0.928182002
1.003433732
0.9235952519999999
1.003921588
1.003363406
0.9983443620000001
0.739097124
1.00583772
0.876937352
0.988052934
0.861778728
1.004792932
0.5081310219999999
0.548030176
0.911215202
0.98317877
1.002101582
0.43818238000000004
0.377010132
0.477433964
1.004851704
0.764551474
0.596705562
1.002609208
1.002922928
1.139067336
0.845121632
1.004092918
0.927482476
0.731003516
1.122148506
1.003891082
0.5481784639999999
1.001846794
0.665284036
1.004574368
1.093849512
0.28511561
0.67923844
0.671894914
1.004222042
0.569872212
0.965339072
0.5693917199999999
1.004536774
0.354327848
1.005686986
1.002410306
0.593917422
0.7087264440000001
0.354360006
0.492157764
0.871888692
0.477342698
0.884276698
0.506088104
0.46321758
0.43893649799999995
0.554617278
1.004041278
0.621058496
0.4634205
0.729744102
0.677517648
1.02400586
0.7226217319999999
0.548031576
0.627346878
1.0022044700000001
1.004525028
1.006632174
1.0055928
1.0012348960000002
1.00328606
0.892664774
1.003743278
0.8718232100000001
1.00546097
1.003731548
0.496723254
1.00629255
1.0044475019999999
0.8810586939999999
1.005564548
0.660623944
0.678665302
0.442303176
0.40579697
0.964350702
0.892796522
0.587883794
0.42903551599999995
0.6179124460000001
0.6566645919999999
0.530570388
0.44633099600000004
0.42544268599999996
1.007160932
1.00425022
1.001363286
0.522771758
1.0038066159999999
0.492116598
1.007524776
0.641736226
0.658837354
0.5302762639999999
1.003433732
1.003557996
0.999545558
0.422521326
1.004517978
0.96782979
0.989188466
1.00399199
1.0032649679999999
1.003745622
1.0032157560000001
1.003590826
1.0021389920000001
1.004656612
1.005089206
1.004027196
1.00440522
0.790719568
1.0024898580000001
1.00255304
0.6981756739999999
0.270255628
1.00212964
0.309672848
0.96002452
0.5593315700000001
0.9682552560000001
0.633636748
0.989359364
0.6154306319999999
0.804153414
0.6413203519999999
0.830850878
1.000299812
0.450841836
0.639738456
1.005108022
0.40843651799999997
0.829206696
0.985366744
0.471215822
1.001246566
0.952836412
0.892724148
0.9269380159999999
1.00177669
0.824363594
0.6911614819999999
1.002787114
1.00383477
0.9852966679999999
0.49285071799999997
1.005131544
0.829133062
0.778271174
1.006035626
0.9880915760000001
0.518126394
0.5231595539999999
0.529127788
1.002609208
0.6258257899999999
0.679224476
0.68041565
0.74104311
0.975705386
1.0737122959999998
0.89501793
0.48228688799999997
0.651356606
0.977088254
0.9248004059999999
1.0602213520000001
1.004369988
1.002826918
0.891586288
1.00239861
1.002751996
1.002066512
0.811930708
0.729149442
0.92982371
1.00474122
0.624542648
0.411603896
0.935101358
0.890471632
1.0036048960000001
1.002197454
1.006368002
1.053767658
0.988300754
0.925853008
1.006509506
1.003982602
0.915714656
1.003339966
0.710294688
0.7648469219999999
1.024807276
0.601064612
0.74126181
1.002008066
0.981455558
0.631998542
1.003086892
1.00210392
0.6518825500000001
0.9997898679999999
0.7410891420000001
0.724756888
0.936240816
0.923625046
0.8873862699999999
1.0407046539999998
0.658156886
1.003260282
1.003133748
0.872669942
1.0023027
0.676048086
0.817337058
1.003567376
0.825650394
0.892597988
0.816547678
1.001816414
1.003178264
0.98302575
1.003175922
0.9780695100000001
1.003600206
1.00587541
0.831932364
1.002866726
1.005651664
0.67869104
1.0052068219999999
0.739804962
0.669370242
0.5362917159999999
1.004988078
0.74052054
0.448691764
1.004698914
0.661164968
0.9840888680000001
0.401636416
0.33678146600000003
0.967919216
0.8192703179999999
1.0037080919999999
0.506853166
1.003082206
0.319502308
1.005548068
0.787373926
0.5465315399999999
1.0046143140000001
1.003173578
1.003618966
0.69109253
0.572908274
0.581888734
1.002571762
0.5242688000000001
0.600538502
0.902139168
1.005439786
0.609279172
0.5933922679999999
0.554651658
0.491520188
0.7202405559999999
0.73979859
0.804206114
0.85585248
0.52982621
1.003862926
1.022161024
1.0376623059999999
1.005710534
0.593900176
1.002927612
0.689293528
1.002754338
0.777252882
0.832222526
0.96279423
0.818335288
0.983412892
0.910091454
1.0042126500000002
0.6326809520000001
1.00323919
1.133667488
0.497077382
1.003154834
1.004745922
1.00478353
0.516972636
0.999422284
0.257599532
0.866740384
1.002749656
1.002529638
1.0037034
1.004341806
1.014929214
0.901224856
0.999803832
1.001807068
1.003705746
0.8989387000000001
0.719258746
1.005371532
1.002012742
0.698862984
0.388235102
1.0046519120000001
1.005324468
0.779989848
0.524330244
0.677933652
1.005774124
0.730420466
0.862019146
0.804031476
0.8747405380000001
0.395468268
0.7648019779999999
0.959996624
0.908874298
1.001935604
0.634768946
1.004757674
1.004619012
0.506159674
1.005430372
0.6100441879999999
0.567331658
1.004473342
1.002382232
0.501777826
1.004358246
0.35745490999999996
1.003633038
0.7475306580000001
1.004588466
0.625201762
1.004388778
1.00330481
1.00339388
1.004247872
0.8698192299999999
0.513387908
0.944343198
0.662282354
1.003140776
1.004466294
1.00417978
1.001330602
1.003133748
0.285213496
0.860846
0.979019262
0.984140732
1.004203258
0.999664208
0.576978878
1.00201508
0.9470105099999999
1.002003392
1.080185128
0.580060788
0.71013027
0.803314148
0.66064325
1.0039051620000001
0.892687038
1.002627932
0.6335946840000001
0.446524958
1.005917816
1.005896612
1.0029041939999999
0.496121364
1.001346944
0.618004914
0.9998317600000001
0.924698862
1.0011298739999999
0.908830064
0.728845056
0.617375966
0.437819236
0.529468284
0.98538483
0.813983432
1.13915495
1.004832896
0.554182892
0.857154006
0.60888012
1.0036025499999999
1.005701116
1.006844554
1.00262091
0.6407874060000001
0.61900159
1.005251524
1.002920586
1.000556144
0.999971432
0.99707429
1.0041633460000001
1.0004559259999999
0.983989666
1.00505863
0.9830145
0.373523812
0.513105164
0.58057202
0.98484029
0.670145202
0.6799169359999999
0.877939392
0.813052728
1.0029721120000001
1.004640162
0.9091320940000001
0.996579188
0.610892792
1.00455322
1.004078834
1.004132826
1.0034431080000001
0.8841820380000001
0.86062693
0.817344836
1.004802336
1.00287375
0.753799264
0.917257666
1.004029542
1.004456898
1.0016481959999999
1.00563989
0.6256407279999999
1.005124488
1.0051009659999999
0.740479686
0.999536252
1.0025624
0.575026046
0.936314294
0.854055312
1.002267614
0.7523547039999999
0.700719208
1.0320868
0.6986140319999999
0.731899168
0.544660924
1.003743278
0.5417951520000001
1.00718219
0.660575174
0.7531027
1.003173578
1.00417978
1.001659876
1.000665708
0.548504696
0.84611558
1.0026747440000001
0.624634386
0.560052172
1.004006072
0.975492644
0.9301579860000001
1.00509391
0.974582888
1.0047224179999998
1.004431058
1.005868342
0.862621646
1.003900468
0.876926608
0.497067602
0.9468560159999999
1.00220213
0.971553796
1.005743506
1.005630472
1.004626062
1.0008126099999999
0.996613876
0.803129386
0.788857698
1.0004069899999999
0.5886952240000001
0.48192431199999997
1.004673062
1.00520447
1.002269954
1.004593164
1.00351579
1.004153954
1.0035791
1.003790194
0.921291168
1.00315952
0.80335622
1.002922928
1.003715128
1.003982602
1.006188822
0.999882968
0.85167755
0.59521294
1.003412632
0.679195474
1.027946794
0.974229184
1.001596806
1.03495183
1.006063906
0.706784574
1.002787114
0.6045945739999999
0.996112302
0.817450618
0.937501728
0.7990889560000001
0.763900118
1.003968522
0.983192274
1.0059508
0.868893634
1.003930974
1.002384572
1.004369988
1.0037409320000001
0.5943390399999999
0.7211051700000001
0.5873178440000001
1.00364711
0.9762043640000001
1.00824142
1.0347723
0.859901516
1.004640162
1.004517978
0.661164968
1.00422439
1.0067053160000001
1.003816002
0.41430659200000003
0.685964422
0.863686732
0.8598240500000001
0.6390892420000001
0.9836133340000001
0.965326054
0.977906944
0.359834558
0.634789586
0.596547264
1.003400912
0.22404897399999998
0.730458976
0.8442594440000001
0.7509248599999999
1.001015542
1.003785502
0.49737325800000004
0.49019570199999996
0.696879722
0.9480347819999999
0.670128472
1.00255304
0.7288116619999999
0.926036662
0.99747026
0.969028594
0.596686496
1.00316655
0.5672567279999999
1.02809197
1.0662964099999999
1.0055928
0.463786808
0.77506899
1.0067005980000001
1.006096898
0.730338492
0.624492702
1.004720068
0.502772856
0.535561464
1.007111338
0.988252998
1.00318998
0.98045407
1.003872312
1.003257938
0.8607304139999999
1.003733894
1.00195664
1.003893428
0.9857127480000001
1.004299532
0.36263178
1.005541006
0.9984418359999999
1.00323216
0.710171368
0.8780883679999999
1.00360724
0.8141084059999999
0.660432966
0.91004903
1.00371982
0.316267564
0.332575564
0.475834966
1.004266656
0.602999618
0.9896352020000001
0.92823817
0.6190435240000001
1.00513625
0.766261968
1.004604914
1.005359766
0.8451898200000001
1.004139868
1.004240826
0.7888707399999999
0.661077448
1.002361178
1.003431386
1.003419666
1.005277406
1.006247756
0.728318546
1.003980256
0.741936632
1.004854054
0.610865856
0.86210047
1.003916894
1.004971616
0.441016976
1.003844156
0.592881134
0.983804844
1.00128158
1.004743572
0.668273538
1.0043817320000001
1.003848848
0.37390752400000005
1.005242114
0.729454084
1.0058565640000001
0.6701336999999999
0.944378496
1.0045109300000001
0.815656024
0.872820684
0.783150074
1.001484702
0.6262893780000001
0.865648566
0.876955256
0.731647318
1.005800032
0.910070242
0.484210044
0.405308334
0.6514059999999999
1.003065808
0.712274818
0.7663535739999999
0.777532894
0.68663667
1.004503882
1.015507544
0.643470678
0.98485384
0.7102958620000001
1.005312702
0.7655039880000001
0.609297324
0.643003454
1.003705746
1.005767058
0.77668223
0.9731982779999999
0.683044046
1.003241534
0.680470628
0.742635798
0.38587232
0.915714656
0.6982471819999999
0.977900264
0.49312289800000003
0.536293056
1.004668362
0.8771415180000001
1.00478118
0.765584494
0.934305998
0.72961146
1.002496878
1.003916894
1.0041750839999999
1.0055951539999999
1.004431058
1.00508215
0.7525049760000001
0.40886849599999997
1.0122191440000001
0.618454312
0.670645386
0.477642628
0.778321946
0.7640129040000001
0.769552938
0.37391110400000005
0.72949745
0.861761436
0.596711366
1.0042173460000001
1.003726858
1.004677762
1.00503276
1.005778834
0.652485662
1.005468032
0.39423515400000003
1.002735608
0.659948908
0.764782912
0.861713026
0.753866742
0.7912250340000001
1.003553306
1.004604914
0.373122086
0.674292584
1.004323018
1.004597864
1.004348852
1.004668362
1.005249172
0.861799478
1.0053291739999999
0.985407438
0.649194554
1.00715857
0.5864213140000001
0.650857152
1.0036635280000001
0.7775483759999999
0.207155694
1.00574115
1.00292527
0.7456449820000001
0.999022438
1.0015664420000001
1.002473478
1.003797232
1.003328248
1.003731548
0.60201495
0.998943436
1.137573942
1.005084502
0.859844706
0.813898594
0.560894734
1.395172018
1.0043817320000001
1.00499278
1.001230228
1.004569668
0.961733528
1.002627932
0.634991366
0.904597856
1.005696406
0.9704561740000001
0.945800964
0.777420302
1.003877004
1.00275902
0.742187924
0.6175091119999999
1.002941664
0.986095216
1.004586116
0.688622696
1.107164348
1.00481409
0.697549754
0.704767728
0.79077489
0.7198856379999999
0.518487922
0.689311228
0.753201754
1.003762044
1.003766736
1.00355565
1.00779192
0.98199636
0.327950222
1.004323018
0.719069688
1.004332412
1.02931159
0.97044521
0.9824928039999999
1.00256006
0.942252802
1.000041282
0.8605889919999999
0.723312966
0.56852797
0.98323954
1.195444
1.002890142
1.00557632
1.004043626
0.497962026
1.002410306
0.455263748
1.001323598
1.0039966839999999
0.595264912
0.37312565200000003
0.659930656
0.975625596
0.641276306
0.263384402
0.8916381139999999
1.002541338
0.567559568
1.003797232
1.00359317
0.96164309
0.510652724
1.0039051620000001
1.003668218
1.001017876
0.676686102
0.430821074
0.625694504
1.004727118
0.566408402
0.685415976
0.533683488
0.553051826
0.790528912
1.003839462
0.670003026
0.5874752999999999
0.541765082
0.5485516340000001
0.385322232
0.40927525800000003
1.005249172
1.006172322
0.764030572
0.642380264
0.821187624
0.80254711
1.005084502
0.998994554
0.8688971480000001
0.9858552899999999
0.8708880480000001
1.004485088
1.00426196
1.006941336
0.91484473
0.639661282
0.635283468
0.968831866
0.930240586
0.492880694
0.69048368
0.6429562879999999
0.88646135
0.640796966
1.001774354
0.726793992
0.877919652
0.9616323240000001
1.006481202
1.004995132
0.997623176
1.002574102
1.005811808
1.003529858
0.983439912
1.01863857
1.002534318
0.6352665540000001
0.858085604
0.426423496
1.00380427
1.006061548
1.1072128700000001
0.6331519560000001
1.0029440059999999
1.002866726
1.00356503
1.004981022
1.006471768
1.004924588
0.9858145580000001
0.573826026
1.004431058
1.002267614
1.056939134
1.004802336
1.004090572
1.004487438
1.00304941
0.872028542
1.005068038
1.0064953540000001
1.005908392
1.0054468460000001
0.8747209420000001
1.007543686
1.003825386
0.9643875120000001
1.001937942
1.003070492
1.004647212
0.753283658
0.697629066
1.002751996
1.003494688
1.0081704200000001
0.668242346
1.004506232
1.004600214
0.321396592
0.8185271159999999
1.0030611219999999
0.753107984
1.002920586
0.381342344
0.98336786
1.003830078
1.004182128
1.004663662
0.690644676
0.40506789400000004
0.940023484
1.003747968
1.004933994
1.00411874
1.0039051620000001
0.5685031380000001
1.005868342
0.774361898
1.0720346079999998
0.674342342
1.00412813
0.587369248
1.005705824
1.003248564
1.0025975059999999
1.002094568
1.005475092
0.6331752900000001
1.002153022
0.556378228
0.633566646
1.0036025499999999
1.00307752
0.642447526
1.00568934
1.000563138
1.0043183199999999
0.7198904639999999
1.004325366
1.00324622
0.520245176
0.487275412
0.33057485000000003
0.91284783
0.803354718
0.845168198
0.688552042
1.002012742
1.002541338
0.874924076
1.00478118
1.001132208
1.0043676400000001
0.633663858
1.003171236
1.00386058
0.957844976
0.5189339599999999
0.92600272
0.982962756
0.335449188
0.249662404
0.998794762
0.50200773
0.518440358
0.512351682
0.227465386
1.017015256
0.857862796
0.741078912
0.5191296559999999
1.006019132
1.00494575
0.966836316
1.003623658
0.574206538
0.41072299199999995
0.791418944
0.5971726599999999
1.003396224
0.8720604120000001
1.002656018
1.00323216
1.189946
1.004698914
0.9752202019999999
1.0051009659999999
0.778328998
1.003747968
0.594803262
0.560817834
1.002370536
1.003267312
1.00298148
1.003489998
0.401208708
0.974989966
1.004757674
0.9731012600000001
1.00275902
1.002934638
0.370546808
1.003122032
1.003790194
1.004034238
0.9511040860000001
1.002206808
0.304898886
0.540944904
0.371263334
1.00415865
0.913426364
0.356541258
0.6619138920000001
1.004449852
0.860785614
0.708844582
0.803974284
1.00355565
0.788873638
1.001617828
1.005225644
0.791645048
1.001484702
1.005729376
1.0012489
1.0061369660000001
0.667768578
0.999887624
0.764694404
0.626236414
0.742010976
1.003004904
1.02003446
0.37092923
1.005588092
1.005795322
1.002244226
0.699478734
1.0046613119999999
0.8312609320000001
0.69748745
1.00398495
0.739895448
0.860613134
0.708124666
0.54831353
0.6373868119999999
0.908835834
0.75316345
1.003356374
0.8312400179999999
0.8950291220000001
1.004755324
0.824746678
1.004529726
1.005623408
1.004475692
1.003417322
0.922458612
0.87075033
0.566737258
1.003548616
1.002272292
1.002644316
0.661155808
1.002735608
1.002241888
1.004654262
0.949195508
1.006797352
0.846971546
1.006188822
1.00481644
1.004156302
0.6090251680000001
1.0030611219999999
1.004355896
1.00448274
1.00591546
1.005218586
0.9116039459999999
1.003414976
0.8624657459999999
0.9780940100000001
1.004966914
1.00300256
0.5854884060000001
1.00451328
1.004266656
0.8620779740000001
1.005920172
1.002269954
1.004548522
0.757717004
1.000150734
1.006224182
1.005531588
1.00523976
0.624687988
0.878041696
0.42932457
1.001328268
1.002679426
0.5351384020000001
0.7419968760000001
0.984458794
1.003283716
0.6170557659999999
1.003199354
0.377466054
0.5654673
0.8628278659999999
1.005420956
0.38269401599999997
1.005129192
1.000563138
1.002321412
0.566406162
1.004647212
0.58129807
0.54813089
0.997447096
0.739752718
1.000267198
1.0028409679999999
1.004959858
0.660063516
1.002728586
1.002232532
1.005359766
0.803419336
0.9601189480000001
0.984628062
0.921437432
0.250748444
1.001916906
0.379578712
0.5601142539999999
1.003227472
1.003407944
1.005291524
1.004233782
0.492417888
0.8757125640000001
0.884140174
1.006974388
1.004135174
0.81759378
0.9820030940000001
1.0027192219999999
1.00364711
0.92469488
0.961823986
0.840380708
1.0027192219999999
0.984661922
0.777409044
0.666501236
0.859679484
0.699347752
1.011127738
0.813021946
1.0060450520000002
0.185394486
0.545725998
0.601336432
0.481945942
0.9144220679999999
0.909268746
1.0025998459999999
0.5600127380000001
1.00574586
0.768700376
1.003712784
0.717746658
0.981890844
1.004024848
1.00351579
1.00131893
1.1204301479999998
1.004757674
0.907879118
1.009452328
0.930641702
1.00867
1.00255304
0.937471034
0.862540224
0.8017201740000001
1.004532076
1.01351616
0.632106438
0.601107516
0.888349868
0.683595228
1.113915174
0.587385314
1.003314184
0.927218172
0.845342862
0.49477314
0.999103776
0.6529975480000001
1.004884618
1.005289172
0.602547878
0.7103863239999999
0.5239228140000001
1.00440522
0.415077358
1.002983822
1.003785502
1.004210302
0.382716864
1.002770726
1.002335446
1.007475146
1.002162376
0.803920108
1.003724512
1.00255304
1.002766044
0.865941776
0.697050504
1.00345483
1.003654146
0.50209165
1.004139868
1.004668362
0.8781152980000001
0.512421978
1.006769032
0.910232254
1.0042455240000001
0.965517022
0.9667405619999999
0.946073884
0.7094803980000001
1.001307258
1.001543086
0.98302125
0.6869145059999999
1.0015804560000001
1.0030845480000001
1.0006074280000001
0.471731824
0.512416476
1.005755282
0.7540652760000001
0.845341198
0.6694923199999999
1.0017393060000002
0.720561974
1.003527512
1.004670712
0.750147114
0.9262563420000001
1.00145668
1.00218576
1.00102954
0.7702940939999999
1.000367378
0.6278118060000001
0.640348892
0.918089012
0.871064674
0.59952084
0.404688896
0.6983482259999999
0.85312905
0.792427928
1.1090311959999999
1.0017977200000001
0.936704324
1.003982602
0.454753754
0.794030636
1.003047066
0.41161888599999996
0.720617588
0.940149002
0.7907006440000001
0.831921084
0.497015258
0.6262428059999999
0.634807412
0.71906367
0.9835660319999999
1.0056728560000001
1.001968328
1.00339388
1.001881848
1.002794138
1.000504868
0.999682822
0.913649818
0.8321806
1.002651338
0.830263038
0.5952888380000001
1.0034853080000001
1.004931642
1.005934308
1.00310329
0.790745774
0.6912093119999999
1.004196216
0.666560196
0.699604064
1.004983374
0.586897304
1.002197454
1.0072058080000001
0.63590049
0.816659466
1.0052727
0.724853518
0.923565462
1.001601478
0.99981314
0.790267092
1.001132208
1.005159772
1.151391678
0.9838183659999999
1.004006072
1.0062949079999999
0.6111761840000001
0.964396174
1.004247872
0.652755392
0.982261368
0.872911154
1.001970666
0.9136401
1.002766044
1.001839782
1.005108022
1.002190438
0.965632072
1.004355896
1.003407944
0.729762702
1.00539742
0.714307598
0.890789292
0.741342418
0.7413027520000001
0.7203673979999999
0.77925396
1.00232843
0.765524454
0.7101384900000001
1.003611932
0.93976638
1.0064859179999999
0.573393956
1.003766736
1.0039192399999999
0.932782122
0.598679312
1.001867826
1.001991704
0.5738835299999999
0.95933833
0.6425224920000001
1.023744692
0.7197227820000001
0.889451848
1.001015542
1.193394544
1.003858234
1.001174214
0.7296337700000001
0.717818634
0.947071068
0.983266552
0.603041952
0.751677908
0.7783346400000001
0.502383538
1.001874838
1.001279246
0.810452234
1.006096898
0.8055198299999999
1.007699704
0.0
0.588290438
0.5955240780000001
1.004374686
0.529010478
0.7211826640000001
0.999482754
1.0036799459999999
0.939791056
1.001916906
0.408905866
1.003100948
1.004269004
1.003260282
1.005223292
0.678701764
0.59965058
0.697633598
0.529799414
0.5676353279999999
1.004266656
0.98323729
0.803467432
1.005632826
0.6662189959999999
0.66064325
0.843607742
0.688765152
0.98371246
0.49706817799999997
0.560095992
0.72958791
0.633371374
0.6695862560000001
0.808762818
0.573038984
0.339107866
0.6787682660000001
0.430418686
1.004283094
0.845632466
0.523288948
0.617436318
1.002349482
0.49171489
1.0054798
1.231397668
0.894028654
0.8896563559999999
1.004496834
0.878052466
1.005465678
1.000241572
1.07091194
1.003042382
0.5829755320000001
0.689981188
0.54773524
0.487327382
0.47737453
0.6347830179999999
1.004948102
1.001083204
1.00324622
0.765319842
0.728846292
0.395827266
1.0032181
1.001475362
1.002908878
0.95085562
1.002941664
0.72033357
0.515369688
1.004393476
0.7211269640000001
1.008869024
0.804135346
0.560841268
0.73172834
0.42372349600000003
0.459111732
0.219124054
0.6720704919999999
0.846876352
1.002794138
1.003543926
0.99978754
0.433089204
0.33882403
0.586884474
0.30616361599999997
0.993699342
1.0038066159999999
1.194403446
1.006556682
0.695820718
0.999268818
0.34828361
1.002862042
0.232785392
0.7419174080000001
0.8679857919999999
1.006910648
0.7958639399999999
0.582274494
1.006620378
0.698206318
0.699524302
0.7088913800000001
0.651955776
0.5269930859999999
0.678544144
0.26328542800000004
0.6484995760000001
0.909205228
1.0021881
1.002106258
1.00768552
1.004633112
1.00313609
1.003330592
0.634207492
1.00364711
1.00210392
0.676149194
0.689134266
1.000905902
1.00050953
1.001613156
1.003778464
0.953189558
1.001538416
0.879001286
0.6098484240000001
0.859758644
0.875926878
1.0050727419999999
0.789749778
0.669494406
1.005764702
0.9257831599999999
0.8727213659999999
0.891669582
1.00962318
0.9642229680000001
0.804282918
1.00289951
1.003250908
0.844614738
1.005759992
1.00369871
0.430044176
1.0056728560000001
0.911097292
1.005065686
1.076584006
1.002253582
1.00232609
0.894967576
0.982531014
0.55335109
1.00347593
1.0025998459999999
0.69949696
0.7766134140000001
0.535521398
0.791645048
1.004393476
1.0050962620000001
0.989115568
0.664048686
1.07191956
0.814766314
0.88956238
0.66122604
1.00614168
0.9804048320000001
1.00334231
1.00653781
1.001409982
1.004830546
1.003025984
1.005223292
1.0039028140000001
1.00232609
1.004020154
1.00358848
1.034395986
0.7890287060000001
0.654745576
1.00486816
0.5877912700000001
1.004299532
1.000663378
1.006698238
1.007576776
1.003816002
1.006210038
1.003794886
0.916568634
0.862942284
1.006368002
0.9316086259999999
1.00255538
0.805847796
1.006106326
0.907909824
1.004271354
1.004628412
0.6480162239999999
1.003309498
0.8771791379999999
1.003877004
1.003999032
0.775868464
1.005430372
0.669400496
0.6021449280000001
1.00375266
1.004825844
1.003079864
1.004362942
0.5195007540000001
0.677974316
0.50660267
0.580583792
0.67812632
0.43587886800000003
0.698787938
1.0043676400000001
0.46000223799999995
0.804206114
0.57421959
0.97545498
0.950615702
0.6995721579999999
0.362449698
0.8771200219999999
1.004252568
1.006665204
1.001725288
0.799983478
1.004116394
1.006035626
0.394008032
0.635905198
1.004102308
1.0053032899999998
0.497646998
0.542254824
0.960269212
0.689134266
1.004647212
1.004774128
1.004835246
0.80540503
1.00406475
0.87827511
0.9991851279999999
0.984433974
1.00385354
0.77416928
0.8853028900000001
1.00232375
0.6598566419999999
0.8034749480000001
0.741400004
0.505138134
0.453871442
1.00442636
1.0023471419999999
0.5187465560000001
1.00513625
1.003124376
0.39483024
1.002705176
0.709437038
0.816527498
1.0057270200000001
1.003999032
0.979340724
1.003722166
0.668857374
0.606874662
1.002744974
1.002763702
0.913325358
0.915988068
1.005371532
0.659978318
1.057628848
1.004172736
1.002850334
1.003227472
0.560831016
1.001550094
1.003436076
0.670624442
1.002251242
0.0
0.6359607519999999
0.594823034
0.978550844
0.64185227
0.8778514639999999
0.531321918
1.006464692
1.1494288400000001
0.472468184
1.00281287
0.548125994
0.48224627400000003
0.5127027460000001
0.518745302
1.00171127
0.48077202799999996
0.488595814
0.411646502
0.825617064
1.005028056
0.533992028
0.523842938
0.906698494
1.005428018
0.9531197539999999
0.518503572
1.005282112
0.608894794
0.7075390619999999
0.9269300140000001
1.00133527
0.30352375
0.996542192
1.002337786
1.0046871640000001
1.086480812
0.38568936000000004
0.70890074
1.002412646
1.00401546
1.00129792
1.006596786
0.610478606
0.6891375839999999
1.014910028
1.003379814
0.677944352
0.32322952800000004
1.005388006
1.004353548
0.943314452
0.894963846
1.004797634
1.003091576
1.0001600499999999
0.7516187139999999
0.56134558
1.0067761100000001
1.003724512
0.981195468
1.002124964
0.677939002
0.510946144
0.359512272
0.8330037419999999
1.004809388
0.55958007
0.966797142
1.0032649679999999
0.458322462
0.962861142
1.002176406
0.920254822
0.550512614
1.004257264
1.004043626
1.003410288
1.002117948
1.003705746
0.56088155
1.000174024
0.957872748
1.004496834
1.003994338
0.7431150679999999
1.001963652
0.5667499699999999
0.922292218
0.502165032
0.5863884880000001
1.0036799459999999
0.8301314479999999
0.965382468
1.004344154
0.831148328
1.00255772
1.005623408
1.002920586
1.0013259319999999
1.001907556
0.473117188
1.003499376
0.602841348
1.0028409679999999
0.6267920699999999
0.523874886
0.8357528439999999
1.00277775
0.6566174079999999
0.518092644
0.89508508
1.006681722
1.0041774319999999
1.002609208
1.0034431080000001
1.000162378
1.005531588
0.989694494
0.7067136319999999
0.6428225280000001
0.94094404
1.00355096
0.6892382199999999
0.9993548459999999
0.846138916
1.0018725
1.00451563
1.0060450520000002
0.983931056
0.94708151
1.003100948
1.004675412
0.8138106900000001
0.5007400160000001
0.57377773
1.004369988
0.641420918
1.0052138800000001
1.0030353539999999
1.00409996
1.018370476
1.0029369799999999
0.985905076
1.004877564
1.0039051620000001
1.005851854
0.9089820160000001
1.01818941
0.728171604
1.005997924
1.072015878
0.761026516
1.0027332679999998
1.001564106
0.624640744
1.0030213
0.6023543600000001
0.874867046
0.748717808
0.518794804
1.00385354
1.004807038
1.001239564
0.986246928
1.004750622
1.00422439
0.730326072
0.958092834
0.9765439619999999
0.845173188
0.8321564140000001
0.405163806
0.149094156
0.610729482
1.006259544
0.213059126
1.001342274
0.177215386
0.43763097599999995
0.492136898
0.5202993760000001
1.0061369660000001
0.687262944
0.560465092
0.64239852
0.511308674
1.001666884
1.004604914
1.004156302
1.0042173460000001
0.491774006
0.706769454
0.7653334780000001
0.491140792
0.69817
0.956516006
0.65019503
1.001620164
0.6797985599999999
0.9666339500000001
1.002436042
1.005901324
1.004271354
1.004802336
1.002281648
0.25739498
0.634266496
0.27075242
1.005802388
0.85283429
0.5127976280000001
0.77912815
1.0033587179999999
0.58771325
0.7095940980000001
0.655841354
0.346764032
0.52979876
0.6700469259999999
0.77413579
1.07202123
0.984068576
1.003089234
1.199718238
0.9993804260000001
1.003065808
1.013207728
0.787437444
0.8165337060000001
0.984097888
0.55513126
0.803377258
0.678539856
0.728124696
0.8023881820000001
0.790753052
1.0016224999999999
0.7547861699999999
0.721678288
1.002375214
0.8452679980000001
1.003733894
0.9352642600000001
1.00571289
1.0079835000000001
0.915650234
0.86360511
0.916752536
0.964140718
0.698953968
0.450274182
0.661151736
0.47195264600000003
0.797260022
1.00497867
0.32764975199999996
0.688576326
0.708831714
1.003262624
1.001937942
0.517827794
0.719088952
1.05553127
0.471877978
0.861673264
1.004010766
1.005606926
1.000992212
1.005642246
1.003424354
0.6104048599999999
0.634200938
0.859701854
0.708330208
0.913121474
1.00356972
1.001494044
1.00356972
1.004252568
1.006398658
0.8610323839999999
1.004182128
0.859858476
0.450579336
1.004548522
0.401698022
0.962766174
0.567701354
0.397974004
0.425900004
0.553784172
0.565965054
1.013630974
1.003715128
0.529048924
0.9352601859999999
0.778509582
0.532099312
1.042093446
0.7978628059999999
0.860811494
0.7324333679999999
1.005028056
1.003025984
0.843355954
0.814760132
1.002613888
0.832125782
0.644208052
1.002794138
0.452214636
0.6608241819999999
0.706112946
0.634272116
1.00414926
1.0016832359999999
0.867608814
1.006210038
0.944563342
1.004581416
0.700888446
0.8617476040000001
0.875891152
0.8992078320000001
0.9808347079999999
1.001879512
1.004184476
0.572964068
1.006481202
0.502051742
1.005486862
1.002960402
1.004226738
0.8441416319999999
1.005510402
0.9579646159999999
0.789008412
1.092969896
0.786481444
0.344269122
1.004522678
1.003328248
1.00532682
1.006120468
0.879970188
1.00573173
0.594838686
1.00083593
1.00324622
1.0024921980000001
0.98276033
0.961668928
0.75390247
0.591446652
1.0032204420000002
0.579515268
0.924836252
0.9581419919999999
0.854694346
1.00277775
0.405284238
1.002209146
0.641802394
0.999475776
0.894919092
0.805968774
0.970359702
1.005251524
1.004715366
0.9282321520000001
1.003848848
0.296079062
1.003056436
1.003705746
0.7649272899999999
1.003839462
0.982593952
1.052458482
1.005084502
1.001395972
0.889558696
0.926968024
0.729047952
0.999889952
0.972991034
1.00320404
0.884354992
1.001879512
0.710890746
1.004611964
0.83213868
0.876955256
0.912213838
1.000751978
1.002113272
0.8628781360000001
0.957770218
0.736097556
0.719667308
1.002246566
1.005286818
1.006478842
0.9869653620000001
0.451093272
1.0013842979999998
1.004395826
1.004344154
1.00448274
0.9078464940000001
1.004720068
1.002986164
1.0044686440000001
1.004574368
0.497005482
0.6347877099999999
0.890722786
0.819225
0.84538446
1.001055206
0.875853642
1.001863152
1.0043206679999999
0.775759156
1.002029106
1.00294869
0.565518674
1.003600206
1.1220077940000002
0.5297778479999999
0.524378256
1.002983822
1.0050045380000001
1.003586136
1.004395826
1.005084502
0.9152775360000001
0.853912678
0.888528134
1.005625762
0.96279423
1.100531512
0.8195048
0.999027086
0.83317988
0.894723342
1.00077996
1.003661182
1.004694214
1.003743278
1.004414616
1.004203258
1.004635462
0.434570778
0.728922984
1.004717716
1.004107004
1.00541625
0.742738538
0.719792742
0.650154676
0.679759826
0.6904548180000001
1.004517978
0.932798328
0.6418983140000001
1.00343842
1.002309716
0.741982776
0.940865712
0.822897868
1.00188886
1.005597508
0.984176814
1.006438748
0.7410955340000001
0.6015335079999999
0.501552816
1.005833008
1.004501534
1.003661182
1.009215132
0.8926944600000001
1.004017808
1.006066262
1.003654146
1.004243176
0.609491004
0.57377773
1.0065614
0.719772234
0.9833385899999999
0.803375756
0.6025444959999999
0.865477618
1.004271354
0.985111356
1.005976718
1.00417978
0.5134511220000001
0.9482482760000001
0.866784114
0.9102882
0.5298118319999999
1.003171236
0.943447066
1.003314184
1.003075178
1.002838626
1.006342064
1.004029542
1.0393069860000002
0.972801508
1.00310329
1.00395444
1.006844554
1.003548616
1.007071194
0.633756426
0.89370124
0.843367546
0.6006451620000001
1.004412268
0.739896724
0.925220762
0.320630014
0.714301658
0.409774684
0.995666626
0.5963045899999999
0.482913208
1.003818348
0.644172302
0.687930026
1.003656492
0.891923266
1.00350641
0.592923694
0.773015574
0.496379958
0.401182474
0.6088870239999999
0.5742756379999999
0.679139628
0.446579744
1.004085876
0.49609615
0.641834044
0.708824694
1.001729962
0.946893592
0.560824424
1.002946348
0.7184934940000001
1.004858756
1.001652868
1.004680114
0.911279004
1.006035626
1.004623712
0.9557646280000001
0.741327062
0.709662102
0.264615076
1.004933994
0.689758462
1.005548068
0.8461105800000001
0.777420302
0.688538796
0.284988856
0.872834874
1.002209146
1.00301193
0.815717988
0.730342216
0.752238746
1.00232375
0.894684202
0.651270676
1.000507198
1.003900468
1.00256942
0.8156173
1.005289172
1.002337786
0.9815250879999999
0.729730464
0.932624134
0.69826194
0.9280215580000001
0.818396102
1.00448274
1.021443896
1.0043206679999999
0.783821812
1.003999032
0.8165895940000001
0.764799254
0.860085768
0.709526108
0.9842444739999999
0.975508152
0.7397004819999999
0.87197366
0.71832526
1.006738352
0.730925142
1.142460844
0.776673802
0.756933136
1.003208726
0.8301154040000001
0.846200598
1.00111354
0.5604490019999999
1.002199792
0.744214712
1.00542331
0.753743704
0.600011636
0.998838896
0.9989759659999999
1.005270348
1.005960224
1.003909854
0.573430704
0.415507024
0.9846212900000001
0.98294476
1.00481644
1.005654018
1.000730992
1.005800032
0.513470152
0.697557684
1.00473182
0.412067906
1.0029650860000001
1.004630762
0.6974444099999999
1.004503882
0.73760569
0.890449478
0.739668636
0.624656188
0.553295488
1.0248268379999999
0.858792502
0.812925
0.548905668
0.9781251959999999
1.001958978
0.429342596
0.37979420199999997
1.0044522
0.699577856
1.003131404
1.003173578
0.626094004
0.9531091780000001
0.565672108
1.003966174
0.719880812
0.552952854
1.001459016
0.832819604
0.876468488
0.739678826
0.625134422
0.8228174659999999
0.587849194
0.6108354500000001
0.924645112
1.001708934
0.8568496219999999
1.006434032
0.707443498
1.004355896
0.775655482
1.006905926
0.56338523
1.00563989
1.046496294
0.999992386
1.004081182
0.652618516
0.573870494
1.005305642
1.1215360840000002
1.003063464
1.002534318
1.00455322
1.003694018
0.959130522
0.982960506
0.9980636479999999
0.5036542820000001
0.37091897799999995
0.5489063700000001
0.50037599
0.32591085399999997
1.002574102
0.460029336
1.005028056
0.686174838
0.602513222
0.86156091
0.984634834
0.999971432
1.005300936
0.44382564
0.914353932
0.60166665
0.755453962
0.5844645940000001
1.0008919059999999
0.8789617120000001
0.944814764
0.690976898
0.717103132
0.9821849939999999
0.558308566
0.9642424519999999
0.69742629
0.560421944
0.689224948
0.741266928
0.984264774
1.006677002
0.818349322
1.004837598
0.650854194
0.790872452
0.5457655260000001
0.875792918
1.001996378
0.989703616
1.002595164
1.003206384
0.786580828
1.007101892
0.717004966
1.006266616
1.0068374740000001
1.004839948
0.279991402
1.001734634
1.0038089639999999
0.741208082
1.005854208
1.004609614
1.019151
1.0035040659999999
0.93650212
1.005880122
1.00375266
0.488317502
0.9056412279999999
0.5938812880000001
0.786392162
0.560011278
1.002864384
0.8311242019999999
0.9270200439999999
1.005833008
0.97800715
0.640788362
1.004837598
0.7360849399999999
1.037792686
1.002754338
0.5206494279999999
1.0042971840000001
1.003091576
0.568140664
0.892668486
0.8778066099999999
1.00171828
0.921073836
1.00573644
0.90247469
0.651977548
1.00371982
0.518551148
1.003893428
1.00386058
1.002213824
1.005894256
0.98318102
1.0044686440000001
1.001311926
1.002927612
1.004642512
1.0043817320000001
1.004701264
1.39436125
1.004503882
0.831386442
0.652017138
1.00368229
0.819454766
0.9256813979999999
0.8617908320000001
1.004306578
1.000504868
1.004189172
0.880885218
0.988760344
0.919138186
0.966396876
1.015157108
0.76717764
0.78809776
1.003600206
0.9134302480000001
1.004144564
0.787369596
1.004919886
1.003724512
0.740519264
0.927252202
1.003855886
0.6798771140000001
1.000432622
0.687892566
0.5407603299999999
1.002546018
0.7080966479999999
0.9315459859999999
1.003705746
1.124166304
0.801778542
1.000194986
0.8698720799999999
0.9138364400000001
0.86498434
0.787466318
1.001468356
0.73399424
0.659531384
1.004541474
0.926004716
0.777676494
1.00007621
1.003452486
0.351708052
0.9318006339999999
0.872106452
0.632152026
0.672561972
0.8580290340000001
0.9568399080000001
0.816657912
0.624104312
0.59773531
1.00411874
1.001643524
0.75171606
0.983994176
0.955841202
0.859024384
0.9999854
1.001907556
1.004313624
1.002880776
0.673791174
1.003609586
0.855203198
1.0043817320000001
1.00030913
0.8965181219999999
0.88116715
0.884376844
0.788200448
0.659468598
0.634914392
0.615890424
1.0024875180000001
1.003025984
1.0053221140000002
0.95214568
1.004877564
0.742870858
0.7775019280000001
1.002852676
1.003865272
1.043906962
0.98843722
0.97435074
1.00481644
0.905834142
0.592510622
0.546146528
0.83259681
0.708242604
1.00104354
1.004901076
1.00591546
1.0045837659999999
0.5869574599999999
1.02556097
1.001685572
1.013788884
1.005371532
0.875912586
1.003271998
0.593343902
1.00417039
0.7916786100000001
0.696460478
1.003065808
0.99786191
0.709323388
0.803488476
1.003654146
0.975286638
0.7931596240000001
0.6043538140000001
0.971472486
0.860649348
0.37862037400000004
1.1005117720000002
1.003325904
0.9832800580000001
0.709485086
0.869750534
0.788112222
1.00300256
0.6874059379999999
1.0031571780000001
0.720473738
0.9058513380000001
1.004673062
0.6888192780000001
0.9481750080000001
0.8938556160000001
1.003633038
1.003731548
1.0036776
0.984336958
0.861674992
0.846055578
0.876093044
0.5298549699999999
1.000733324
0.98321028
1.0028784339999999
1.00512684
0.938667562
1.005635182
0.846155586
0.7782063060000001
1.00500689
1.004795284
0.87080859
1.003000218
0.611311018
1.0037596979999999
1.00509391
1.004851704
0.70432046
0.6412839659999999
1.0846698719999999
1.053951254
1.002641974
0.6743624600000001
1.003675254
1.008134924
0.934011386
0.892837352
0.306662684
0.816609778
0.678783284
1.005489216
0.649680648
0.555070996
1.003497032
1.0053032899999998
1.004341806
1.002571762
1.002962744
1.00473182
1.003079864
0.65152359
0.84346195
1.0052962300000001
0.8709816499999999
0.924796424
1.002531978
0.689395318
0.889416852
1.005901324
0.84555422
1.001748652
0.651958744
1.006599144
1.003820694
0.627479776
0.861585108
0.9841926
0.367203266
1.00007621
1.001108872
1.0023564999999999
0.294687104
0.9984905820000001
1.00201508
1.0022910040000002
1.002670064
0.6149909
1.001818752
0.911675542
0.87301229
1.001125208
0.678706054
0.339408808
0.5769013780000001
0.43773133200000003
0.874943682
1.004666012
0.926902008
0.9857579940000001
1.004402872
1.003248564
1.003171236
0.845419406
0.728906902
0.481126942
1.004611964
1.001989366
0.9869018620000001
1.003349342
0.7304304039999999
1.00481409
0.82856523
0.394331798
0.9861088
0.6695570279999999
0.9834421640000001
1.018868134
0.966764498
0.96558214
1.002248904
1.002864384
1.002864384
1.00230036
0.443606522
1.004727118
1.04056598
0.5344518500000001
1.003750314
1.001459016
0.9568825440000001
1.0027145400000002
0.6971749660000001
0.529809218
0.657688242
1.003482964
1.005183298
1.001860816
1.0053291739999999
1.004564968
1.004821142
0.659472648
1.0042126500000002
1.0039028140000001
0.9354190680000001
1.003494688
1.00163418
1.0033235600000001
0.50727461
0.541897006
1.0038089639999999
0.778458784
0.790878276
1.0033751260000001
0.7317794559999999
0.512849062
0.48190592600000004
1.097915172
1.004487438
0.893842594
0.8550516699999999
0.572004882
0.6768524619999999
0.789957494
1.002363518
1.001087872
0.99995979
0.742644786
0.8657934
0.790677354
0.777476594
0.873898676
1.00246178
1.006464692
0.9828660300000001
0.85982577
0.941321432
1.003115004
0.689367654
0.24591318999999998
1.005990854
0.426410372
0.838559442
1.000574792
1.001255902
0.764935464
0.29204213399999995
0.5291245280000001
0.686779404
0.877263346
0.43843107800000003
0.299667768
0.879375628
1.001879512
0.69901881
0.72050637
0.678584882
0.659317758
0.43161119200000003
0.552961398
0.52950288
1.0045579199999999
1.00616525
1.002681768
1.00438643
1.005035112
0.564989746
0.9168680020000001
0.9988992940000001
0.9806376360000001
0.858104462
0.502452302
0.728914324
1.0019145680000001
1.006988552
0.914819398
0.981843708
0.5892355380000001
1.018677226
0.634126964
0.983268804
0.81571644
1.209519454
1.0052138800000001
0.80692122
1.004696564
1.00255538
1.001753326
0.984309888
0.677413994
0.669399452
0.58015011
0.77210952
1.0044240119999999
0.34174838799999996
0.44659785399999996
0.6684024980000001
0.60198626
1.00544214
1.00222084
1.00255772
1.003726858
0.730442826
0.698991508
0.594371116
1.003968522
1.004003726
0.9004313079999999
0.776219016
1.005762346
1.005606926
0.72969947
1.004071792
0.634191572
1.00245242
0.907083392
1.003675254
0.624814306
1.038322062
1.1038039240000002
1.002768384
0.924868116
0.91357597
0.47729283400000005
1.004863458
1.003952094
0.998325798
1.003309498
0.988346238
1.001066872
0.885443426
0.993085872
0.5881776479999999
0.8916418159999999
0.830478162
0.9679955680000001
1.005350352
0.984479104
0.641311734
1.002372876
1.000961886
0.9373810079999999
1.001884186
0.876130574
0.734743864
0.9809489579999999
0.80346142
0.540996688
0.7662838420000001
1.005298584
1.005218586
1.002136654
1.003339966
1.004107004
0.961890762
1.00760987
1.000796284
1.00412813
0.998263148
1.0016809
1.0001274439999999
1.003086892
0.6278833939999999
0.9965098219999999
0.362505068
0.6945739200000001
1.002407968
0.0
1.003182952
0.939684136
1.00318998
0.634783956
0.640755858
1.0039028140000001
1.00451328
1.004132826
1.0046072639999999
0.651448486
1.0054468460000001
0.689120998
0.784811506
0.540720164
0.94371241
0.63219762
0.752392924
0.43030786
1.003009588
0.752427196
0.560411706
1.005590446
0.980639874
0.902203598
0.379802598
0.536281672
0.499401446
0.981661934
0.76459639
1.005084502
0.7303397340000001
0.789812226
0.578657194
0.7083535719999999
0.660470544
0.454163244
0.7204568179999999
0.824767268
0.955492466
0.9024690000000001
0.98872165
1.00415865
0.89366033
1.003133748
1.001802394
1.004306578
1.003307154
1.004677762
0.8321741500000001
0.752644756
0.8442162980000001
1.005882478
0.816141152
1.004894022
0.7914816560000001
0.832725952
0.421340422
0.626653978
0.5746598239999999
0.6099480220000001
1.00655904
0.789706216
0.731012224
0.821002394
1.121899354
1.004088224
0.899166416
1.009568596
0.548060946
0.777437188
1.004769426
1.0156300139999999
0.583751244
1.004682464
1.006549606
1.005253878
0.9830662499999999
0.581307512
0.742186642
1.003884044
1.004943398
1.003433732
0.925691374
1.005444494
1.002897168
0.655956542
1.00573644
1.0053856540000001
0.50790088
0.909020494
1.005420956
1.002405628
0.5363171640000001
1.0049998359999999
1.002499218
1.034752356
1.005628118
0.660561966
1.005056278
1.000381358
1.004623712
1.00239393
0.6749028960000001
1.00364711
0.45829507599999997
0.790421254
1.005300936
1.0000436099999999
0.842327174
0.587898278
0.925924864
0.728161728
0.925938838
0.7890127619999999
0.91012231
0.90883968
0.844159882
0.77667942
1.002178746
1.0016388520000001
0.54973963
0.8772973919999999
0.911178472
0.9258410340000001
1.005119784
0.9279894759999999
0.84514824
1.004379384
0.626606436
0.967757826
1.0012348960000002
0.603024172
1.0042149980000001
0.513386066
0.541328754
0.546947044
0.7533180079999999
1.007009802
1.004388778
0.966340342
1.0379657400000002
0.243234948
0.6153706720000001
1.004522678
1.0009758819999999
1.001643524
1.005216234
0.7426473539999999
1.007276672
0.6898459840000001
1.005524526
0.719641986
0.368307266
1.003715128
1.005724664
0.8182479819999999
0.577664108
0.5747105739999999
0.689283572
0.947112838
1.00384181
0.91008374
1.0043676400000001
1.0036635280000001
0.94579055
1.0063467799999999
1.00121389
0.9844317180000001
0.985728584
1.004755324
1.0028409679999999
1.006021488
1.002754338
0.8166051200000001
0.865981934
0.822986168
0.981762912
0.534869164
1.000619082
0.501088788
0.47316931
1.0009385579999999
1.020390696
0.9137470080000001
0.472326856
0.7404733019999999
0.803923118
0.876953466
1.002581122
0.602007356
1.004696564
0.8874321079999999
0.999545558
0.862978694
0.775641476
0.9647254380000001
1.004811738
0.858893828
1.004001378
0.53593771
0.398378582
0.731147868
0.40819817399999997
1.002801162
0.9295983099999999
0.7781569580000001
1.002494538
0.678611686
0.78058807
1.004943398
0.573757034
0.44624010399999997
1.003464208
0.61643494
1.004604914
0.450056668
0.740486068
0.82091295
1.003527512
0.642958214
0.7075344
0.579144086
0.67791225
1.003337622
1.004757674
0.931626812
1.118996854
0.97664833
0.895127986
0.816595806
1.0555442419999999
0.96284819
1.005199766
1.004673062
0.999964448
1.005044518
1.004038932
0.914895398
0.961830446
0.80428593
0.512746204
0.744061288
0.80406158
0.76631939
0.92817799
1.002468798
1.001438
0.875068466
1.00367291
1.001199886
0.893749594
1.028020608
0.6336666639999999
0.77669487
1.004266656
1.003938014
0.698711774
0.629980448
1.002979138
1.004379384
0.29890925399999996
0.6793759659999999
0.905404494
1.00507039
1.002379894
1.00355096
1.003412632
1.0045837659999999
1.003916894
1.018911642
1.00196599
0.625236346
0.45028503799999997
1.004285442
0.981738226
1.00300256
1.003473586
1.003182952
1.004323018
1.17460517
0.963984912
0.481026178
0.9818122859999999
0.48264079
0.951422226
1.001935604
0.50619666
0.789748326
1.00314312
1.00245008
0.43035485799999995
1.00171127
0.650147786
0.602449836
0.999210698
0.518763472
0.5655127179999999
0.698390242
0.625699062
0.730963704
0.660632072
1.004388778
0.986958558
0.8746016
0.816577174
0.775909112
0.887373436
0.549646764
1.003942708
1.003799578
0.502429378
0.610479474
1.003701056
0.45027040599999996
1.00492929
0.5677718979999999
0.596684008
0.440732318
0.472872366
1.0059295959999999
0.525069322
1.00316655
1.001779028
1.00520447
0.610354548
1.00245242
0.5470090400000001
1.005039814
1.004898724
0.618968584
0.54176645
1.004985726
0.56684272
0.703480626
1.003300122
0.617898224
0.513059194
1.00373624
0.956648096
1.004698914
0.6375079100000001
0.8301041739999999
0.668622052
0.61038057
1.003426698
1.003098604
0.631484684
1.003909854
1.002819894
0.615409468
0.49734043
0.351861916
0.911248068
0.9842061320000001
0.496072656
1.0022933440000001
0.858732404
0.305104648
0.398024162
1.005597508
0.75396732
1.002574102
1.066068794
0.925639504
0.587321056
1.006592068
0.792362142
0.584479706
0.450590682
1.00356503
1.00323919
1.00227697
0.999934182
0.985805508
0.660092936
1.00429014
1.00646705
1.0067005980000001
0.770193258
0.665235606
0.77013111
0.986693276
1.0040506679999999
1.005049222
0.395051044
1.003790194
0.9258470200000001
0.7082402680000001
0.30317879799999997
0.997303498
0.15972673599999998
0.957968888
0.26157675
1.003311842
1.003715128
0.89166403
0.41877933
1.004849352
1.001982352
1.002244226
1.002644316
0.554133558
0.940013196
1.002768384
1.0032157560000001
1.005152716
0.625112586
0.9804652620000001
0.733188566
0.829272338
1.002531978
0.438902856
0.997604638
1.005056278
1.0023471419999999
0.8479213019999999
1.005590446
0.764815596
1.001987028
0.82014014
1.0035040659999999
0.659273228
1.005585736
0.765610424
1.006750152
0.927102086
1.046781954
1.002698154
1.005451554
1.003769082
0.6594493579999999
0.915630712
0.788933048
0.698894826
1.0047647259999999
1.0046871640000001
1.00383477
1.002695812
0.6094347880000001
0.43481099
0.5957644639999999
1.00478118
1.3542213859999999
1.003302466
0.6695862560000001
1.002901852
1.000663378
1.002801162
0.8588611939999999
0.47244063799999997
0.998611302
1.002712198
1.002876092
0.512775588
0.634692028
1.0015314100000001
0.66052641
1.00183511
1.0046871640000001
0.442295432
1.003712784
0.731020934
1.003199354
0.9033744380000001
1.0042455240000001
0.961638782
1.003656492
0.982582712
0.98832577
0.352035824
1.004941048
0.707771088
1.005049222
0.9142858079999999
0.31535008800000003
1.0069555000000001
1.005192708
1.006549606
1.057347648
0.687938842
0.6949178060000001
0.751751586
0.905648866
0.818430412
0.872902284
0.6664681419999999
0.776699084
1.0009548879999999
0.572815056
1.00590368
1.002534318
0.5877703559999999
1.004442804
1.003499376
0.639910024
1.000840596
1.003288404
1.003110318
0.566813546
0.853941542
1.001666884
0.6969351319999999
0.580070972
1.014104852
0.83100038
0.6587443879999999
0.8595298060000001
1.005305642
0.893656612
1.02931899
0.0
0.9909092439999999
1.0069555000000001
1.00604034
0.994868638
0.436820462
0.8166113319999999
1.004529726
0.99881799
1.003949748
0.6879707979999999
0.9859684479999999
1.00324622
0.481030488
1.00481644
1.001641188
1.003243876
0.777594832
0.698886866
1.00371982
0.698260804
0.816577174
1.004259612
0.8419457419999999
0.63426556
0.426153554
0.662218022
0.5257139479999999
0.503422868
0.452464268
1.00206885
1.00388639
1.002922928
1.004903426
1.004053014
1.003790194
1.004160998
0.847237196
0.941953158
0.816629964
0.639049304
0.454382342
0.805956674
0.9044435559999999
0.443062414
1.005661082
1.003194668
1.003769082
0.790646788
0.750280776
0.508875748
0.784076516
1.002197454
1.050962218
1.0052585840000001
1.005348
0.35167292
0.49096618799999997
1.00574586
0.481993538
0.49643274200000004
1.003182952
1.00429014
1.0010762039999999
0.658317284
0.635841182
0.566841224
0.778196436
0.45891452800000004
1.0023143939999999
1.004029542
0.8587495740000001
1.016399126
1.003757352
0.468119898
1.004160998
0.531230572
1.002033782
0.565152558
0.707237306
0.8759572480000001
1.000971216
0.9718901640000001
1.003014272
0.426387936
0.776701894
0.8778155799999999
0.871842676
0.6525342359999999
1.005691696
1.0052021180000001
1.003412632
1.00320404
1.003236846
1.001722952
0.8481842
0.7769716680000001
0.98695629
0.44623917799999996
0.817690288
0.983750764
0.5747405680000001
1.002986164
0.35692229200000003
0.981801064
0.926792002
0.650763466
0.9283786199999999
1.00350641
0.389079536
0.47673443800000004
1.003293092
0.882151706
0.6352759499999999
0.497395722
1.004626062
0.930583226
1.005665792
0.928123834
0.560132516
0.45026002
0.210060548
1.004705966
0.747167838
0.235187576
0.833115234
0.560385384
0.202436578
1.004346502
0.507836622
1.006226538
1.024968688
0.812199402
1.01276812
1.005456262
1.003419666
0.91087315
0.7531423180000001
1.004362942
1.00309392
0.987126416
1.004649562
0.825623412
0.6989221219999999
0.667469702
1.0028316019999999
0.26090968
0.6423591280000001
0.566907066
0.815854344
0.74133474
0.927128104
0.360191552
1.006677002
1.00315952
0.8936659100000001
0.376470816
0.879694428
0.67015775
1.004830546
0.911184272
0.941342062
1.00131426
0.909212926
1.003140776
0.994527694
0.7782330980000001
0.9091320940000001
0.986892792
0.972695758
0.6880336180000001
0.754016294
1.0034431080000001
1.0032110699999999
0.6030216319999999
0.708072132
0.95065568
0.877964516
0.954566574
0.477689378
0.982229918
0.945907196
1.002946348
0.767194084
0.788959134
0.9467495699999999
1.002651338
1.006462334
1.000863918
0.988116582
0.913404994
0.944627742
1.00306815
0.889295308
0.928202062
0.625237256
0.553802024
0.893850036
1.0015804560000001
0.547352716
0.789922624
1.004959858
1.005941376
1.0042126500000002
0.86361032
0.63477176
1.003644764
0.752473334
0.866878586
1.003855886
0.699544812
1.004633112
0.5681045920000001
0.985509186
1.002590484
0.9843211679999999
0.83126415
0.780981242
0.5082139960000001
0.9642272980000001
0.77920872
0.9135779119999999
0.959158368
1.004123436
0.910081812
0.560774632
0.719744492
1.003581446
0.559194662
0.924659046
0.950457926
1.0035791
0.561325038
0.8617372299999999
0.602590146
1.004463946
0.6600077280000001
1.003832424
0.442326862
1.00661094
1.003989644
0.8597930659999999
0.524668436
0.11430428000000001
0.832746942
0.6353680500000001
1.004943398
0.7310284
0.7303906560000001
0.806842394
0.966892906
1.00678083
1.003869964
1.006139322
1.007097168
1.004494486
1.0044522
0.684874958
0.618968584
1.0032649679999999
0.9079194199999999
1.0021577
0.450360584
0.595316066
1.00448274
0.728657106
0.651863752
0.830210076
1.0052727
0.595325144
1.009786966
1.005343294
1.003297778
0.935048428
1.002515598
0.7042627159999999
0.9067693219999999
0.80420762
1.005244466
0.738991574
0.7275499240000001
1.000873248
1.00232609
0.6773936939999999
0.698798172
0.74260498
0.767277688
0.8779609279999999
1.00598143
0.6103632219999999
1.006599144
0.841472322
0.877483798
1.004384082
0.507821612
0.9654345499999999
0.501683462
1.003783156
0.895848674
1.0043817320000001
1.003016614
0.328091266
0.929246342
1.002915902
0.595340822
1.00364711
0.587880574
1.004590816
1.008852436
1.002412646
0.800113134
0.497821772
0.728840108
0.6357941180000001
0.563907454
0.634187826
0.513115584
0.685974282
0.928294346
1.00262559
0.752427196
1.001620164
1.00179071
1.003668218
0.55665946
1.001585128
1.008007158
1.008456848
0.553420966
1.0053950680000001
0.58371713
1.0032649679999999
1.003635384
1.001582792
1.0039474
0.92803359
0.669525716
1.016649338
1.004330062
1.00364711
1.004137522
0.9727794740000001
0.959036288
1.00425022
1.023732492
1.004339456
0.8558831800000001
1.003881696
1.0040365839999998
1.0046143140000001
1.001884186
1.005253878
1.0004838919999999
1.003079864
0.909166734
0.762371962
0.9490277180000001
0.764714828
0.817285734
0.42760117400000003
0.9627920719999999
0.83312493
0.472505608
1.005430372
0.332328266
0.9616258639999999
1.069269604
0.920024184
0.7304391
1.003844156
1.002475818
0.997641714
1.00210392
1.005065686
0.6767287519999999
0.291574834
0.747455204
0.24824721600000002
0.8156467300000001
1.002616228
1.005084502
0.12684262200000002
0.26192003199999997
1.00407414
1.05972955
1.004142216
0.66920754
0.878956316
1.002517938
1.001391302
1.08913401
0.6583576480000001
0.778441854
1.004222042
1.00426196
0.8453328800000001
0.985945814
1.0024571
0.9842512400000001
0.6518815600000001
0.6689240439999999
1.0035111
1.002639634
1.004581416
0.968078478
0.6535231619999999
1.004438106
0.893935614
0.9225675919999999
1.004240826
1.0033751260000001
1.002677086
0.8035065140000001
1.0053856540000001
0.547340858
0.689176288
1.00256006
0.5689406760000001
0.560023692
1.003581446
1.005541006
0.7924074600000001
0.885270044
0.943190158
1.00351579
0.524669718
0.74863559
0.647980052
0.8165833840000001
0.830097756
1.005286818
1.004459248
1.0038089639999999
0.9996432660000001
1.0054492
1.003799578
0.6021086299999999
1.0030611219999999
1.002749656
0.975437258
0.7288351599999999
1.000332428
0.6799158599999999
1.0173284200000001
0.644079566
0.6898482
1.00275902
0.652540186
0.7647475060000001
1.00440522
1.004642512
0.58718616
0.7316348540000001
0.778199256
1.002728586
1.0570561920000001
0.741128784
0.847240538
0.698211994
1.004038932
0.350047498
1.003297778
0.467081874
1.009151108
0.8056119979999999
0.491503876
1.004041278
0.792175076
0.560421212
0.507586352
0.61794623
0.6352740720000001
1.00342201
1.004809388
0.983946836
1.0052962300000001
1.003884044
1.0027215619999998
1.004229086
1.005581028
0.985405176
0.56723575
0.654088472
0.403841488
0.573853626
1.0032110699999999
0.907694922
0.863843074
0.7532479879999999
1.0040506679999999
0.9543714320000001
1.004839948
1.002522618
1.005348
1.002892484
1.0056728560000001
1.006462334
1.004821142
1.001160212
0.92229618
1.004743572
0.450017058
0.741796958
0.963262804
0.686668504
1.001884186
0.766513594
0.6701012879999999
0.82761685
0.956588438
0.6262382400000001
0.34633788600000004
1.004330062
1.006332632
0.272109616
0.9100104659999999
1.0039239340000001
1.0020898919999999
0.7545143480000001
0.868623014
0.6985935799999999
1.003966174
1.002176406
1.006566118
0.58742709
0.971538412
1.0048281940000001
0.635133156
1.004412268
1.004811738
0.99984107
0.93396061
0.852857998
1.005053926
0.731117998
0.75244565
0.902199808
0.511343982
0.687115612
1.00518565
1.006896484
1.007860502
1.005444494
0.7282679120000001
1.002501558
0.872872126
0.777715924
1.005286818
0.913601232
0.84041195
0.669425536
0.741165874
1.00222084
0.960647228
1.003595516
1.004168042
0.391763268
0.35984119
1.018030126
0.574405436
1.005493924
1.001508056
1.006672284
1.003436076
0.66644539
0.6767874020000001
0.861674992
0.7317507799999999
1.00339388
0.717310324
1.00564931
0.766302982
1.004941048
0.7741399760000001
0.518494808
0.893857476
0.8748563540000001
0.5075341680000001
0.975222418
0.944983146
0.6165198860000001
0.48228688799999997
0.741936632
1.005016298
1.004461596
1.0023027
1.003248564
0.9269900320000001
1.00745624
1.005531588
1.002735608
0.640561864
1.0013259319999999
0.733465278
0.63703891
0.6768652620000001
0.45089105999999995
0.560386114
0.673847202
0.948288056
0.8433824499999999
0.815561544
0.84334933
0.955409572
0.728591594
0.731101818
1.004029542
0.7412132
0.68611674
0.989669408
0.6352120619999999
1.000139088
1.0038230399999999
1.004569668
1.002974454
0.803312646
0.607879608
1.410484394
0.984136222
1.004010766
0.388626442
0.57738687
0.921297096
1.005282112
1.004489786
1.00625247
0.49185623
0.805056298
1.004402872
0.610367558
0.520236354
1.004839948
1.00333528
1.005002186
0.7122004080000001
1.004891672
0.874760136
1.003429042
0.8452097780000001
1.000677366
0.59242726
0.430297082
1.0039051620000001
1.003138434
0.936363284
1.003107976
0.70155246
0.67012638
0.6892017220000001
1.004748272
1.002192776
1.00478588
0.483584168
0.42736801
1.00492694
0.238118506
0.6231607619999999
0.649793682
1.003942708
1.003949748
0.6640168599999999
0.299160346
1.003543926
0.42301154
1.00407414
1.002209146
0.9833858719999999
0.6670695459999999
0.9987204420000001
1.0043206679999999
0.58136023
0.5676488319999999
0.9856539320000001
0.603971378
0.5738198919999999
0.588246928
0.6439569239999999
1.000493214
1.004952804
0.212162948
0.954413846
0.8307673099999999
0.95670137
0.6981892940000001
0.5127125379999999
1.002407968
0.66881467
1.006129896
1.005199766
1.003056436
0.6605985419999999
1.004327714
1.004680114
0.753241382
1.0023541599999999
0.728967522
0.972781678
0.913620666
0.633823764
0.49342598800000004
1.005065686
1.00364242
0.6299573460000001
1.003893428
0.9445488000000001
1.005548068
0.999910902
1.003300122
1.00320404
1.003661182
1.004379384
1.003658836
1.000381358
1.0643383940000002
1.003414976
1.004257264
0.49235918
0.48602756799999997
1.000187998
0.981825752
0.842401518
1.003023642
1.002920586
0.7647298039999999
0.507487992
0.6508482760000001
0.708225086
0.792226218
0.790642422
0.984409154
0.575154642
0.954259048
1.004917534
0.899198418
1.003386846
1.0039028140000001
1.004668362
0.89151226
1.002801162
1.004172736
1.002440722
1.002534318
0.982236658
0.580425302
1.0318933879999999
0.57338477
1.000623746
1.003576756
0.804194068
0.619002482
1.00620768
1.004151608
1.00478118
0.55875526
1.00484465
0.878081188
0.98455132
1.005002186
0.9831022540000001
1.003785502
0.8618081240000001
1.004832896
0.8852718700000001
0.9799015520000001
1.004529726
0.62491249
1.00153608
1.000425632
1.002897168
1.0039966839999999
0.8605389880000001
0.857768566
0.634300218
0.7425215319999999
0.670649574
0.456356504
1.003855886
0.984483616
0.983091002
1.002248904
0.778314894
0.7531211879999999
1.00202443
0.398874348
1.002426684
1.003872312
1.0045579199999999
0.877041214
0.753846894
1.00345483
0.934289738
0.512774974
0.765738734
0.281791308
1.00311969
1.004666012
1.0021506839999998
0.547853316
0.580864892
0.677308234
1.002206808
0.893043418
0.994753428
0.8032810960000001
0.670358578
0.401547422
0.642345678
1.005216234
0.679244886
0.5741850439999999
1.002901852
0.642606128
0.700202856
1.003935668
1.001650532
0.8606976399999999
1.005887188
0.8290866459999999
0.92490994
1.004938696
0.9258031160000001
1.0014473400000001
0.891521514
1.00110654
0.8470701
0.36747062799999997
0.92265083
0.28862417599999995
0.780515726
0.740338006
1.00358848
0.7631644280000001
0.991037284
0.512420756
1.001954304
0.847252238
0.8432582599999999
1.002153022
0.658148818
0.85904672
0.55792563
0.573312826
0.803613256
0.6342000000000001
1.004588466
0.330081726
1.003637728
1.0034056
0.9820030940000001
0.5605177539999999
0.425660254
1.003447798
1.0035462720000001
0.7299264120000001
1.014016266
0.925934844
0.8685685580000001
0.857809682
0.688480298
0.57468443
1.00492929
1.004971616
0.57379766
1.00287375
0.554192904
1.00513625
1.001973002
0.5535122579999999
0.42349496
0.362081194
1.003536892
1.004055362
1.003534548
1.002265276
0.372785278
1.003337622
0.595098306
1.00367291
1.004673062
1.004621362
0.912248714
1.0030353539999999
0.557129534
1.00481409
0.542152836
0.7397310579999999
1.134541926
0.9351054299999999
1.003640074
1.004633112
1.002550698
1.003450142
0.8730051919999999
1.0035791
0.5809434619999999
0.599077636
1.00146135
0.8758982959999999
0.73609251
0.930141872
1.003888736
0.9099796179999999
1.0042455240000001
0.9792849
1.004630762
1.006526016
0.5191302839999999
0.496716362
0.50207463
0.98664341
0.77988504
1.003705746
0.831252888
0.651403036
0.7190492239999999
1.005324468
0.800715764
0.984560348
0.426840502
0.9701558579999999
1.005150364
1.003098604
0.909083986
1.003529858
0.639161524
0.651572022
1.002508578
1.005098614
1.00552688
0.8718338280000001
0.9270120399999999
0.603007238
0.9555902559999999
1.002988508
0.8539721039999999
0.99357291
1.004431058
0.8422974400000001
1.2049047419999999
0.815687004
1.00456027
0.983163016
0.73323613
0.920290316
0.830238962
0.816421952
0.9023021579999999
1.00303067
0.81578616
0.973787414
1.003065808
0.632603606
0.82928675
1.0025998459999999
0.804703344
1.000647058
0.743380024
0.581898194
1.0064741259999999
0.468087756
0.6104439
0.5868379640000001
0.517318846
0.408422536
0.491230108
0.641882006
0.594275718
0.7630803620000001
1.005352706
1.005545714
0.974211506
1.003016614
1.006004992
0.8729661559999999
0.753991144
1.001982352
1.003562686
1.004360594
1.003180608
1.004588466
0.49673532
1.0028597
0.595212116
0.617447858
1.000588778
1.001185884
1.003684636
0.501395314
0.419383302
1.003684636
1.003154834
0.43358806600000005
0.412212654
0.502006556
0.679849134
0.66112324
0.541340354
0.46605198200000003
0.7531779780000001
0.6098501559999999
1.0050045380000001
0.581403514
0.501042608
1.005025704
1.00386058
1.0022185
1.00299085
1.00255304
1.0035462720000001
0.542575414
1.005091558
1.05995185
0.776355116
1.004825844
0.840490892
0.777411858
0.8952399339999999
0.73109933
1.004981022
1.00394036
0.9856856
0.846260622
1.10187546
1.00478588
1.00265836
1.005018648
1.003935668
0.862741208
0.388547338
0.518805458
0.82474351
1.004619012
0.616787268
0.929445422
1.002148346
1.003054094
0.73967373
0.944368114
0.698271022
1.004252568
1.003529858
1.005013946
1.012149968
1.00333528
1.004123436
0.87596618
1.005997924
1.005465678
0.999859692
1.004132826
0.8915677799999999
0.7095354859999999
0.501342054
1.004922236
0.5473896899999999
1.001316594
1.004306578
1.00407414
0.83166817
0.77723319
0.998690252
0.561661234
1.003436076
0.8489973639999999
0.5537856000000001
1.040248426
1.070370158
0.634025866
0.984104652
0.564280114
1.004229086
1.003004904
0.431051966
0.49736001199999996
0.468889548
1.0062784040000001
1.005051574
0.931343986
1.00351579
0.860961618
0.860740762
0.984440744
0.7404082
0.651960724
0.7524179679999999
1.00423613
0.679098822
0.354717932
0.766208656
0.925831054
1.019949678
1.005778834
0.903416242
0.764762484
0.542180212
1.013894184
1.0021273019999999
0.776356518
0.890665526
1.002274632
0.685380976
1.003379814
1.014296446
0.626273854
1.002531978
1.00473182
0.753959378
0.6657099120000001
0.73595881
0.424650196
0.58042138
0.909078214
1.005976718
1.003520478
0.512438486
0.34630996
1.0004722400000001
1.00315952
1.00232375
0.8460572439999999
1.005317408
0.458875794
0.924856166
1.003827732
0.45978654799999996
1.002017418
0.839549492
0.930434046
0.45003403200000003
0.95426965
1.0390681199999998
0.643016932
0.458859126
0.260194448
0.580123468
1.004536774
1.003450142
1.003482964
1.002588144
1.0046613119999999
1.003846502
0.8444852039999999
1.005604572
1.003968522
0.553388166
1.002976796
1.00377612
0.984122692
0.98587792
0.394799754
1.002698154
0.92238135
1.005119784
1.005686986
1.005769412
0.717875022
0.8452679980000001
0.910000826
0.984373056
1.0050727419999999
1.004240826
0.752352068
1.000833598
1.00417039
1.001863152
1.003743278
1.00356034
0.6923781880000001
0.6786803159999999
1.006221824
0.893625002
0.730359604
0.709603478
0.788877984
0.775815208
0.8341491600000001
0.958466998
1.001949628
0.870790934
0.89366219
0.724004304
0.5177048320000001
0.467483504
1.00347593
0.438945918
0.434765654
0.5024205620000001
0.581058996
0.37670855999999997
0.936428614
1.004894022
0.999410656
0.44201185400000004
0.32211393
0.764836026
0.32397805
1.004459248
0.982400666
1.003621312
1.04377758
1.003661182
0.730409286
0.37958105999999997
0.36494428799999995
0.547346438
0.909028188
0.602981842
1.0059531560000001
1.000751978
1.004680114
0.806848458
0.763934086
1.003715128
1.001937942
0.667772732
0.9109774780000001
0.856923132
0.802556108
0.776596564
1.000870914
1.005493924
0.803342698
1.000696018
1.005399774
0.832130618
0.482671706
1.003994338
0.40821873599999997
0.4099773
1.00386058
1.005117432
0.597153564
1.005211528
0.35002211
0.697588274
1.00771389
0.62542299
1.002581122
1.003424354
1.011287252
0.764736612
0.89286705
0.624305706
1.00359786
0.970331202
0.495716526
0.7183937459999999
1.003047066
0.472477538
1.0407979660000002
1.003640074
0.9713428599999999
0.592609544
1.002784774
0.54643767
0.5672200199999999
1.004189172
0.670688322
0.974147426
0.6818598960000001
0.14954293400000002
1.00356503
0.9001614419999999
0.999962118
0.48708697
0.7281098819999999
0.35301439599999995
1.004146912
1.005338586
0.669308698
0.860921924
0.46838944800000004
0.964439486
1.004931642
0.40077031399999996
0.8991720639999999
0.7536233499999999
1.000295152
1.004459248
1.001290916
1.00388639
0.497429134
0.611384986
0.6866904620000001
0.47286247400000003
1.000376698
0.21257962800000002
1.002244226
0.8192375019999999
0.823808594
0.438461514
0.74054097
0.603036024
0.5805586779999999
0.687245348
0.981771888
1.0042737019999999
1.003452486
0.7397438
0.765508082
1.004301882
0.983115756
1.029624968
1.0032016959999999
0.29249698999999996
1.001884186
1.003701056
0.740290792
0.9284709400000001
0.6559425179999999
0.26101480600000004
1.0042924880000001
0.8767135939999999
0.716301836
1.00410935
0.633628334
1.003464208
0.831884022
1.003112662
0.7773330660000001
0.5956231820000001
1.005388006
1.003098604
0.71090369
0.92460132
1.004823492
0.680565514
1.00358379
1.0041774319999999
1.0043511999999999
0.5874037919999999
1.004353548
0.713590776
1.004341806
1.003994338
0.463424
1.004254916
0.982348986
1.00378081
0.720512414
0.823276434
0.41644856399999997
1.004384082
1.003115004
0.51639085
1.004959858
1.003785502
0.648424188
0.95151286
0.93751196
0.9352337119999999
1.002375214
1.002749656
0.72831484
0.8175828860000001
0.8510210939999999
0.35984601400000005
1.002122626
1.0031524920000001
1.001494044
1.003581446
1.001300254
0.972891854
0.914468794
1.003701056
1.003098604
1.004981022
0.36282906600000003
0.731730832
1.0029440059999999
0.35224052
0.702166072
0.990767522
0.7325145639999999
0.635351132
0.823712218
0.442307276
0.861856546
0.791346034
1.003576756
1.0724816579999998
1.1185626279999998
0.895889784
1.005606926
0.641253328
1.003888736
0.858766744
0.759316468
1.003867618
1.003684636
0.51029476
1.00426196
0.906882286
0.9854345680000001
0.694136128
0.661225022
1.004485088
1.001676228
0.31911489
0.30883203800000003
1.00478118
1.003079864
1.003982602
0.39813780400000004
1.004715366
1.00619118
0.94331238
0.984312144
0.7767342
0.908901226
1.004950454
1.0029580580000002
1.001666884
0.948099658
1.005663438
1.003482964
0.579147992
0.752415332
0.9077793359999999
1.004797634
0.592470572
1.003921588
1.00355096
0.937653184
0.983408388
0.969063576
0.44546116599999996
1.008049742
1.003658836
1.001902882
0.8274637800000001
0.704065298
0.537071642
0.943702042
1.21894568
0.691788242
0.49206642
1.005538652
1.004703616
0.458862556
1.003846502
1.003581446
1.004419314
0.892657354
1.005562194
1.002433702
0.554627306
1.002475818
1.001470692
1.004315972
1.004696564
1.004393476
1.0022910040000002
0.62516536
1.00445455
1.006099256
1.0156900580000001
1.007813204
0.8443092339999999
0.970346548
1.00406475
0.698206318
0.8972241820000001
1.0022933440000001
0.7830058719999999
0.6599935299999999
0.707741932
0.99967584
0.686789286
0.477358084
0.67856344
1.003907508
0.634838376
0.935150224
0.668191404
1.002880776
0.64299094
1.0044803900000001
1.00536918
1.00579061
1.002707516
0.982050248
1.001608484
0.7766190319999999
1.002234872
1.005776478
0.9067291199999999
0.833006974
1.005171534
0.880856312
1.00445455
0.827486098
1.006030914
0.76379008
0.7523560220000001
1.004123436
1.0042173460000001
1.003110318
0.651353642
1.0035040659999999
1.002478158
1.004567318
0.5543195040000001
1.070314142
1.00150105
0.766623048
0.908978168
0.63426837
0.84252711
0.590129348
0.985733108
0.924366508
0.943567282
0.873809778
1.005098614
0.941018256
1.001533744
0.497004906
1.001547758
1.003419666
0.978323488
0.755569584
0.860745938
0.985023244
1.004325366
1.004619012
0.90787528
0.749336984
0.543219106
0.862817466
0.48262235
1.00386058
1.005089206
0.541039622
1.003452486
0.7915327099999999
1.00371982
0.845274652
0.6791804379999999
0.625264564
0.857010338
1.003762044
1.002932296
1.003466552
0.862881604
0.789896476
1.003492342
0.5410273539999999
0.742616536
1.004609614
0.502427614
1.004943398
0.775836228
1.004144564
0.52764115
0.911248068
1.003799578
0.7203214880000001
1.004623712
1.001982352
0.78977737
1.00232609
1.00520447
1.004499184
1.003311842
0.75930036
0.927134108
0.54730459
0.739000474
1.001715944
1.233427518
0.90562595
1.00587541
1.005946088
1.005023352
0.60107723
0.8093968579999999
1.006766672
0.426541226
0.226294952
0.975618948
0.512735798
1.001554764
1.003330592
1.004917534
0.828402222
0.884974542
1.003928628
1.004369988
0.984810934
0.973266642
1.0027332679999998
1.00284331
0.999920214
1.003797232
1.001795384
1.005251524
0.728856188
0.9858394500000001
1.004912832
1.005851854
0.93747308
1.00491048
0.903632926
0.559175734
0.568543776
1.002983822
1.062781886
0.874865264
1.105198538
0.6682517020000001
0.945880114
1.005260936
1.005418602
0.5124757839999999
1.003745622
1.00442871
1.072208566
1.001197552
0.9827468380000001
0.641397928
0.890678454
1.00611104
1.0060733320000002
1.00407414
1.007049942
1.00455557
1.005439786
0.778182336
1.005108022
0.6785312800000001
1.00327903
0.598729388
1.00557632
0.987124148
0.689150854
0.419213424
1.005065686
0.5949004800000001
0.376122996
0.5301846219999999
0.811242126
1.004799986
1.004057708
1.001078538
0.59388211
1.00337747
1.120362926
1.03919634
1.00804501
0.818424172
0.814322958
0.89164922
0.86173896
0.6886790079999999
1.00456262
0.41594483200000004
0.998611302
0.9318147840000001
0.7109413459999999
0.074205738
0.719834964
0.844392228
1.0040506679999999
1.00338919
0.875835782
0.467797154
1.003813656
0.9787537700000001
0.8771038999999999
0.719138316
1.137077014
0.6885211339999999
1.003862926
1.005750572
0.42296988199999996
0.9235813500000001
1.004461596
1.0032016959999999
0.7806732
1.004102308
0.82561865
0.595311942
1.004421662
0.867955972
1.005065686
0.857821674
0.878061442
1.002342464
1.000495546
0.467394476
1.004668362
1.004473342
1.005840076
1.00262325
0.80251712
0.734660916
1.003813656
1.003457174
1.003654146
1.005310348
1.125471298
0.299368658
0.268901664
0.698907336
0.963414054
0.210597902
0.915478482
0.7654767020000001
0.46633231999999997
0.817614014
0.6995368359999999
0.530177422
0.60785552
0.5461222219999999
1.003004904
0.459212852
0.602464202
0.300332242
1.002995534
0.98726256
0.498349724
0.729301732
1.00492694
0.470387002
1.001148544
0.877894528
0.46807908400000003
1.00205716
0.229657622
0.98330257
1.1338530439999999
0.574818258
1.04229576
1.0026747440000001
0.48769924600000003
0.99606379
0.6874521499999999
1.0049998359999999
1.0038089639999999
1.005350352
0.7296548420000001
0.547336674
1.0044240119999999
0.929439388
1.004433408
0.251347148
1.1402134160000001
0.949527066
0.709431178
0.81929376
0.602597756
1.004132826
1.004203258
0.33482914599999997
0.6501871539999999
0.878981498
0.515221312
1.003295436
0.882409066
1.002003392
1.005764702
1.004572018
1.00591546
1.002410306
1.0052962300000001
1.00334231
1.005124488
1.004038932
0.983701194
1.006766672
0.961455804
1.001617828
0.903650036
0.911093426
1.001155544
1.00328606
0.976857134
0.955390444
1.005188002
0.982893022
0.9098755180000001
1.004856406
1.00411874
0.962539622
1.073551268
0.744187634
0.938757834
1.0070027179999999
1.005960224
0.8449237879999999
1.003501722
0.998611302
1.003921588
0.37109107599999996
0.624650738
0.7205861539999999
0.9915955679999999
0.61745052
0.858847456
0.5538863
1.005025704
0.8366156640000001
0.47373349000000003
0.8182246
0.16565469200000002
0.548177064
0.46632421799999996
0.626356052
0.41219406
0.775989018
1.005265642
1.003250908
0.531502734
0.651912234
0.53557482
0.847245552
1.002531978
0.641260028
1.007309746
1.002609208
1.00373624
0.08470711
0.8822133139999999
0.926856002
0.867773592
1.0070995299999999
1.007586232
1.003271998
0.942194924
1.003675254
1.004628412
0.37693171799999997
0.512335792
0.996766528
1.004071792
0.8094975419999999
1.0041633460000001
1.005312702
1.00274029
0.909929492
1.118481066
1.003874658
0.75454351
0.9145525259999999
1.005209176
0.815744326
1.005623408
0.9623994279999999
0.901961082
0.8594747660000001
0.860894314
1.004675412
0.872650438
0.724688406
0.8906064239999999
0.924710806
1.005140954
1.003351686
0.99964094
0.9997014359999999
1.005453908
0.7002359619999999
1.00217173
0.8322467139999999
0.829219504
1.003846502
1.029506504
0.8729093800000001
0.42190663
1.004494486
0.867621084
0.751634498
0.38077774
1.004917534
0.5592019420000001
0.519857282
0.9349283380000001
1.001895872
0.8821172820000001
0.670003026
1.005232702
1.0031524920000001
1.00371982
0.7494768980000001
1.00342201
0.73041674
0.999952806
0.789881948
0.756124266
0.144755718
0.586560666
0.728994742
0.61947567
1.00658735
0.7191684199999999
0.708922972
1.00584243
0.9481750080000001
0.903691866
1.10496254
0.541716566
1.003271998
0.698251724
0.680484644
1.006061548
0.930615488
0.741160758
0.5882340380000001
1.004919886
1.005049222
0.617856446
1.004057708
0.414816778
0.961761526
0.70803478
0.8618548180000001
0.368010934
0.94475865
1.004466294
1.004623712
1.0033188720000001
0.9767505
1.003733894
1.003827732
0.659383552
0.943780842
1.004461596
0.9641515399999999
0.839641404
1.00345483
0.35984510999999997
0.964545614
1.005865988
0.404711394
1.003241534
0.778367084
1.0042924880000001
0.576808404
0.5731330400000001
1.003154834
0.998186586
0.7915020779999999
0.6899944880000001
1.003206384
0.58686202
0.7676671679999999
1.003618966
1.007073554
1.013767348
1.005682276
0.789841276
0.805065352
0.97400825
0.69050255
1.03625779
0.891821406
0.984822226
0.9832080280000001
0.327647254
0.972891854
1.00426196
1.01511152
0.8209804239999999
0.7540215899999999
1.0058565640000001
1.003783156
1.002953374
0.70923671
0.61888207
1.0031478059999999
1.0030611219999999
0.9703509319999999
0.7532863
1.001825762
0.912239026
1.001454346
0.66929931
0.626084876
1.004060056
0.7880659480000001
0.6164243239999999
0.924884048
1.002576442
1.004419314
1.00265836
0.57424339
1.002522618
0.999073564
0.687857312
0.895859886
0.587799314
1.015956744
0.7776398840000001
0.8441947259999999
0.788196108
1.004409918
1.004924588
1.006913008
1.0027192219999999
0.43431721599999995
1.00514801
1.002146008
0.778196436
0.91009724
1.004431058
0.6251917499999999
0.544091688
1.0024898580000001
0.502669882
0.876858576
1.004362942
0.660518284
0.999454844
1.004456898
0.32649505
0.193370224
1.005246818
0.7585386660000001
0.595733062
0.944582038
1.093952598
1.006497712
1.006563758
1.0060262
0.9034922599999999
1.003283716
1.004981022
0.730262742
0.764673982
0.731869236
0.846300642
0.603963734
1.003499376
0.830177982
0.731047064
1.00451328
1.0050045380000001
1.0063963
1.003398568
1.005778834
1.00473887
1.004459248
0.814678222
0.6897185859999999
1.004362942
0.719244294
0.6503141520000001
1.0406138820000002
1.0030962620000001
0.97317843
0.964153704
0.660047286
1.004715366
0.47189560599999997
1.001475362
1.003539236
0.569427956
0.924764564
0.945811378
1.13623774
0.928430798
0.729560646
0.728285202
1.002602186
1.005211528
1.002656018
0.777620174
0.8790606559999999
0.91447853
0.75377942
0.668881332
0.626787496
0.82736814
0.9445612640000001
1.0037034
0.684166918
0.43814885600000003
1.0042126500000002
0.497360586
1.002993192
1.007645328
1.004506232
0.6692106680000001
1.00478353
1.004308926
0.41572581200000003
0.9295017440000001
0.6314494039999999
0.9906189839999999
0.831421848
0.87802554
1.033084772
0.8442859979999999
0.6622731639999999
0.827336264
0.530202292
1.000721666
0.98452198
0.965545238
1.004931642
1.130590754
0.313073244
0.677876942
1.003536892
1.005042166
1.04236153
0.9603121539999999
1.134110528
0.804213642
0.815659122
0.875072032
1.00227931
1.003689328
1.003520478
1.004229086
0.678614904
1.004689514
0.489911656
0.729793702
1.004459248
0.982158042
1.005420956
0.40535844400000004
1.005037464
1.003213414
0.891545572
1.000143746
1.0029041939999999
0.996974766
1.00473652
0.36052292599999997
0.26312429200000004
1.003351686
0.876906914
1.00574115
0.5745399019999999
1.006037982
0.7238652
0.38851640800000004
1.000381358
1.0051009659999999
0.927006038
1.00288546
0.8442179559999999
0.86175452
1.002632612
0.8916418159999999
0.518148272
0.585504368
0.776477224
0.54824074
0.818410138
0.502016532
0.98374851
1.003440764
1.00717038
0.643542988
1.003832424
1.0058919
0.512629924
1.003194668
1.00422439
0.301451774
0.560427794
0.849995408
0.709360876
0.565970274
0.383465186
0.37670525600000004
0.529820328
0.74200713
0.502394116
1.001372624
1.003267312
1.0053927139999999
0.619007836
1.002375214
0.708823524
0.481387404
0.926932014
0.728817846
1.00183511
0.501099312
0.575114594
1.019436444
0.511747926
0.803365236
0.679147146
1.008061572
1.004153954
0.9277729819999999
0.843297996
0.984228686
1.004856406
0.6712921260000001
0.506178166
0.95682925
1.005331526
1.001769682
1.003117348
1.0037080919999999
0.764653562
0.547317842
0.992321818
0.61843116
1.004240826
0.752473334
0.892915312
1.000143746
1.004666012
0.892675906
1.003274342
0.541346494
1.004095266
0.80172167
0.788946092
0.49183201000000004
0.874867046
1.0048611079999998
1.004287792
0.731619898
0.76619772
0.8628781360000001
1.007607506
1.00282926
0.697024486
0.9732048919999999
0.9215679219999999
0.697472726
1.00532682
0.87608947
1.00478353
0.634715476
1.003307154
1.005990854
0.5295113659999999
0.503160422
0.982043512
0.48371760399999997
0.507130258
0.535870174
1.078465502
0.89369938
1.004534424
0.40493842799999996
0.625792964
0.7767342
0.454669026
0.65138229
0.796427692
1.00598143
1.004299532
1.004872862
1.003816002
1.002641974
0.849970176
0.542168576
0.511731464
0.9271261019999999
0.988205248
0.891993656
1.002815212
0.664636474
1.002695812
0.930343352
1.004619012
0.43434005600000003
1.005882478
0.87688901
1.00289951
0.754029532
1.004203258
0.646267912
0.9843685440000001
0.5746175379999999
1.0052727
0.996754962
0.54901232
1.0041750839999999
0.471451686
1.002017418
0.5305461380000001
0.6261706779999999
0.438388118
1.0040365839999998
0.6719548320000001
1.002543678
0.7647052959999999
1.005873054
0.5930112900000001
1.000260208
0.6251353319999999
1.002501558
1.0040506679999999
1.0063538539999999
0.463449504
0.679857742
0.690125316
1.005075094
0.462408168
0.502377074
0.46088483
0.830120218
1.000961886
1.005037464
0.50748919
0.981518358
1.00356972
0.78032854
0.776998374
1.003396224
1.00342201
0.911006462
1.003869964
1.001793048
1.0025975059999999
0.75091173
1.0524507459999999
1.0184622399999999
0.5663845
0.837581526
0.643024634
1.004461596
0.546949134
0.6423591280000001
0.573717948
0.9294474340000001
1.00160615
1.006566118
1.0052727
0.754800762
0.89173623
1.004210302
1.003072836
1.0041774319999999
0.602563094
0.6363451880000001
0.927028048
0.6996234379999999
1.002288666
0.820143272
0.830094548
0.6610062299999999
1.004649562
1.004966914
0.89694687
1.001211556
0.846095578
1.004243176
0.989728704
1.0028409679999999
0.875475154
1.1058729619999998
1.002709858
1.002082878
0.547757594
1.004466294
0.754030856
0.6707061280000001
0.98266814
0.56724474
1.00557632
0.764581416
1.004182128
1.002997876
0.9631828779999999
1.003295436
1.010226366
1.003372782
0.679749068
0.9037108819999999
0.8182838379999999
0.319083596
1.00145668
0.70617796
0.8782661319999999
0.61036409
0.502361796
0.988141588
1.00281287
0.5521034459999999
0.8191796880000001
0.42276421
0.983955852
0.626911006
0.98260744
0.477594828
0.625512254
0.594331638
1.005465678
0.61338099
0.467021434
0.524370574
0.35269290999999997
0.8620762439999999
0.6892736159999999
0.987008456
1.002503898
0.0
0.63363114
1.005456262
0.386037064
0.9292604139999999
0.672715772
0.790643878
0.329827228
0.803502004
0.659432146
1.002312056
0.871840906
1.004139868
0.9781875720000001
0.5595385159999999
1.004858756
1.003499376
1.00505863
0.7108872159999999
0.850251176
0.592980178
0.594402374
1.004997484
0.5800310200000001
1.00591546
1.004419314
0.73027516
1.005286818
0.553777746
0.983228286
1.001010876
1.004090572
0.774268368
1.0043817320000001
1.003726858
0.718363706
1.003328248
0.938407098
1.00517624
1.003724512
1.0062171100000001
0.875155838
0.429076234
0.832143516
0.6694391000000001
0.880193808
0.983518734
0.567360136
1.004271354
1.00508215
0.6024734979999999
1.003180608
0.99711364
0.5529314980000001
0.468648056
0.669549722
0.650841372
1.0099175599999999
0.7646522
0.626234588
0.859576252
0.594805734
0.9716417119999999
0.911279004
1.003150148
0.8204237000000001
0.9304783919999999
0.8895200059999999
1.005002186
0.435077028
0.6418139039999999
1.001968328
1.003611932
0.602487866
0.430578774
1.00619825
1.0058565640000001
0.9965468160000001
1.005150364
1.00262325
0.9803735020000001
0.767118718
0.660541648
1.0006307399999999
1.0044803900000001
1.002316734
1.006186464
0.998845864
0.6024616660000001
0.961561278
0.0
0.813980346
0.6336507699999999
0.08060252
0.767114608
0.535243104
1.003881696
0.067158928
0.985280846
0.7177586539999999
1.0027028340000002
0.580448834
0.652643308
0.719656456
0.0
1.004034238
0.15404610999999999
0.1932179
1.005489216
1.003339966
0.160566428
0.62738445
1.005552776
0.491498814
0.75157794
0.6025504140000001
0.522503376
0.870603832
0.6103181200000001
0.15449367
0.927134108
0.982949258
1.0046143140000001
0.832816374
1.0044522
1.004078834
1.005249172
0.9666143700000001
0.842413084
1.00513625
0.662922266
0.7914320699999999
1.00196599
0.89163071
1.0043817320000001
1.003771428
0.627227778
0.680479254
0.323359234
1.004372338
0.80151221
1.001599142
0.913269038
1.001821088
1.002801162
1.004360594
0.66961131
1.000139088
1.003283716
1.00426196
0.7432873959999999
1.00505863
1.0019309299999999
0.789803512
0.819142192
0.595320192
0.730247844
0.77656848
1.004985726
0.699500378
0.30498613799999996
0.47740477600000003
0.37406416200000003
1.005275054
0.6348327460000001
1.1359161979999999
1.0044475019999999
1.005475092
1.01916793
1.0263697299999999
1.0051127279999998
0.982663644
1.004231434
0.5417268159999999
0.935170584
0.861901514
0.535870174
0.895942112
0.5689776080000001
0.671475788
1.0062171100000001
1.006934254
0.837615828
1.006021488
1.0037596979999999
0.109010926
0.450318086
0.5804653080000001
0.5677193620000001
0.846123914
1.00499278
0.909178282
0.421124356
0.346795112
0.38288301999999996
1.004205606
1.002995534
0.530942934
0.720522084
1.00585892
1.00232609
0.45887334199999996
1.003124376
1.0071467619999999
1.003600206
0.996107682
1.005439786
0.37648632600000004
0.9678276100000001
0.634217794
1.002857358
0.49738305000000005
0.98304375
0.678624554
0.324079256
0.449199988
0.669464144
0.373912732
1.004024848
1.00164586
0.893673348
0.786603878
0.6530253460000001
0.8033066360000001
1.003133748
0.400995194
1.00199404
0.719434648
0.732358434
1.004788232
0.6897152620000001
0.8616058480000001
0.560462898
0.710252402
0.910255402
0.721145126
1.004022502
1.005920172
0.486692876
0.964510958
0.803423846
1.0043183199999999
1.00393332
1.004792932
1.00640809
1.00442636
0.477628818
1.003731548
0.77491097
0.6253401239999999
1.00239159
0.69752823
0.9104599379999999
1.00511508
1.00417978
1.017909488
0.9664925600000001
1.00161082
1.003206384
0.731103062
0.742619104
0.651400072
0.50271342
1.001942616
1.004901076
1.003051752
0.913204958
1.004915184
1.006134608
0.641770748
0.9248800660000001
1.002609208
1.005976718
1.004644862
0.972878632
0.9096173
1.005345646
0.9981587479999999
0.832035508
0.886519902
1.004160998
1.136087464
0.95568594
0.546201398
1.02206616
0.922399178
0.982041266
1.003884044
1.003581446
0.42664291600000004
1.004060056
1.004691864
1.004534424
1.004062404
1.003386846
0.6148878879999999
1.004595514
0.59378851
0.660573142
1.002993192
1.004071792
0.633630204
0.690458148
0.313191956
0.9363612440000001
1.004520328
1.00195664
0.730255294
1.060009402
1.00202443
1.004095266
1.003630692
0.395459528
1.005439786
0.6793576960000001
1.003963828
1.003346998
1.00385354
0.875692924
1.00407414
0.789476864
1.005091558
1.00397791
0.801563068
1.0027145400000002
0.764678066
1.0011952179999999
0.33926564000000003
0.35541566599999996
0.149784556
0.9812627199999999
1.003492342
1.002494538
1.029467022
0.896469468
1.005986142
0.99155894
0.54695401
0.6519132240000001
0.65886262
1.061476464
0.731109286
1.001996378
0.741991748
0.719793948
0.7295718000000001
0.966779732
0.7662346280000001
0.922563628
0.779766104
0.66763675
1.004802336
1.003961482
0.989475608
1.135300664
0.515573226
1.043635548
1.001143876
1.000087854
0.573330428
1.00284331
1.001508056
1.00497867
1.005300936
1.0084189639999999
0.777689168
1.004330062
0.8569966560000001
0.718721936
1.002527298
1.001435666
1.002871408
1.0030962620000001
1.00324622
0.6513111699999999
1.004696564
1.006202966
1.003938014
0.49209855599999996
1.00313609
1.006132252
1.0030611219999999
1.004377036
1.002370536
1.000104156
0.602498008
0.401136012
0.459535656
1.004658962
1.004247872
0.70887734
0.930490488
1.002934638
1.003497032
0.56091671
1.003199354
1.00163418
1.0051433060000001
1.004196216
1.002550698
1.08158058
0.927046056
1.003494688
0.9647254380000001
0.907529978
0.670109652
0.55922597
1.006618018
1.0039239340000001
0.987065164
0.526175732
0.473489594
0.45445205600000005
1.001377294
0.76397621
1.004807038
0.5191215
1.002206808
0.5123211240000001
0.959036288
0.764693042
0.831901746
1.004694214
0.789812226
1.006115754
0.49214141
0.949711832
0.71017489
0.8617372299999999
1.00438643
1.002510918
1.004243176
0.548024582
0.617066404
0.775039618
1.004628412
0.765415314
1.004285442
0.43892034999999996
1.002001054
1.004917534
1.013016548
1.002099244
0.659379502
0.924708816
0.8618496280000001
0.7432192280000001
0.989662566
0.281485106
1.003115004
1.003785502
0.892646222
0.780605096
1.003818348
0.7847383760000001
0.6183439039999999
1.003832424
1.003079864
1.006910648
0.555448584
0.71915999
0.75314496
0.5957082739999999
1.004532076
1.004863458
0.8790606559999999
0.8034824620000001
0.575210874
0.852915582
1.003705746
1.00064939
0.8175735479999999
0.560865436
0.946140576
0.6189810720000001
1.004727118
1.003054094
0.6886834260000001
0.789611846
1.00581652
0.601555414
0.541728866
1.003649456
0.8329262
1.0043511999999999
1.003576756
0.741029046
1.033388022
1.002169392
0.987391932
0.987033406
0.86667917
0.47339409
0.886335126
0.362807612
1.004229086
1.002412646
1.005263288
0.81641885
0.998964348
1.005348
0.84691977
1.00177669
1.0053291739999999
0.9654150180000001
0.983466936
1.046460596
1.005044518
1.005955512
1.000999212
1.002611548
1.00194729
1.058076994
1.004205606
0.8727994
0.434389256
0.759356742
0.42989094
1.003236846
1.004421662
1.006061548
0.903530274
1.027592638
0.5120651940000001
0.618534472
0.541581316
1.004818792
0.952048592
0.903572092
0.914872012
0.846312316
1.001540752
0.5214389260000001
0.69764153
0.997465628
0.914499948
0.586386086
0.637442626
0.5954250080000001
1.005755282
0.698961932
1.003075178
0.445689984
0.6981314139999999
0.939741704
0.523538354
1.005475092
1.027629518
0.593931384
0.492449504
1.002482838
1.005833008
1.005715244
1.0029510320000001
0.718985428
1.0065614
0.9099796179999999
0.864656962
0.46369768
0.936332664
1.002337786
0.740447772
0.8586946339999999
0.353497578
0.696373528
0.76624283
1.002136654
0.9268820040000001
1.0010598720000001
0.978087328
1.077902528
1.00515742
0.960348656
1.00542331
1.0064953540000001
0.670017658
0.7646848740000001
1.003656492
0.8174770680000001
1.004503882
0.877078824
1.005512756
1.004767076
1.015125916
1.006092186
1.00508215
1.0001670360000001
1.002890142
0.890584264
0.726698074
1.00552688
0.755297196
1.0029510320000001
1.003330592
0.988241628
1.004285442
1.005293878
1.003705746
0.955526478
1.003351686
0.987155912
1.005366826
0.7888127859999999
1.003670564
1.0060450520000002
1.144680538
1.0026185699999999
1.003773774
1.00511508
0.819331272
1.0054798
1.00573173
1.003290748
0.40161839
0.9847409380000001
1.004564968
0.555092518
1.003150148
0.8469297920000001
1.001132208
0.7773485419999999
1.004459248
1.00351579
1.004656612
0.9843211679999999
0.994711958
1.005124488
1.003398568
0.9990154680000001
0.9269340140000001
1.00497632
0.7377095779999999
1.007642964
0.6971670440000001
0.804495336
1.004710666
1.004369988
0.9911081799999999
1.003344654
0.679768434
0.893870498
0.7647584000000001
0.804210632
1.0045837659999999
1.004229086
0.926902008
0.940979084
1.0027145400000002
0.9833408419999999
1.00438643
1.00550334
0.777562454
0.946991718
0.9997898679999999
0.882028516
0.89151226
0.688748584
0.611871872
1.005352706
0.891902892
0.68930459
1.005364472
0.906893774
1.004647212
0.9541594099999999
0.6695403280000001
1.005253878
1.004123436
1.159852148
1.006042696
0.814849786
1.00373624
0.8471285759999999
1.002382232
1.004788232
1.005437432
1.00523035
0.754056008
0.9863647059999999
1.00269113
1.003869964
0.7815625
1.002494538
1.006162894
1.00239861
1.005955512
0.24703284
0.46890644
1.005267994
1.004362942
1.00455322
1.004668362
0.768000732
0.707497104
1.002590484
0.956805802
1.00473652
1.005065686
0.904660734
1.045222916
0.908891608
0.9420833239999999
1.005359766
1.0015524279999999
0.542565134
0.80411728
1.0028316019999999
1.004203258
1.004353548
1.005477446
0.060063576
1.00289951
1.0036869819999998
0.7191443359999999
1.002260598
1.0036048960000001
1.004001378
1.00564931
0.958101382
1.00343842
1.003980256
0.812075014
1.003628348
1.003745622
0.7638824540000001
0.49241619400000003
1.00384181
0.9994129820000001
1.003956788
1.0046378120000001
1.004445152
0.789040302
1.002634954
0.687963084
1.007165656
0.847907912
0.633238772
0.5953292699999999
0.48833138200000004
0.53547533
0.492769858
0.933836738
1.00204547
0.59403982
0.80255311
1.004574368
1.005913104
0.553353942
0.6896853599999999
0.981796574
0.790635144
1.039367348
1.002251242
0.7751823000000001
0.766174486
0.6599762899999999
0.631507896
1.00373624
1.0042948360000001
0.999006172
1.003654146
1.007019246
0.5184290939999999
1.006344422
1.003382158
0.881123764
0.292149406
0.909413142
0.368918788
1.189880068
1.001765008
1.005788256
0.864770124
1.003731548
0.8700976460000001
0.98576252
0.861645604
0.753931584
0.828092364
0.961688306
0.876075172
0.4175774
0.7524047880000001
0.67790904
1.00318998
0.567347396
0.454396282
0.986215222
0.8885097540000001
0.72671406
1.004997484
1.003994338
0.9999434939999999
0.39735728
0.500373074
1.001372624
0.541748682
1.003858234
0.48104665
0.730362088
1.004078834
0.904643584
1.006592068
0.924669
0.902541066
1.003766736
1.002880776
0.74122727
0.998042774
1.0039966839999999
1.002319072
0.8627221439999999
1.004142216
1.00306815
1.003881696
0.839618424
1.005800032
1.001832772
0.7897120240000001
0.983507472
0.33724053400000004
0.753294226
0.9832845600000001
1.005291524
1.003452486
0.697539558
1.004790582
0.290340758
1.005583382
1.005804742
1.0409467959999998
0.738901308
1.00629255
0.6230821099999999
1.001757998
0.7888852279999999
0.6507693819999999
0.973246794
1.003869964
0.540573842
1.003037696
0.8954881840000001
0.86784373
1.0031524920000001
1.004541474
1.004097614
0.921142976
0.879010282
1.00323919
1.00503276
0.984048284
0.573807626
0.9435817919999999
0.964045498
0.861716484
0.699522024
0.6267435920000001
0.7773401
0.941051246
0.286868362
1.145727908
1.00105054
0.688624904
0.9693216499999999
0.610396184
1.002464118
1.0002625379999999
1.003975562
1.002384572
0.9087858360000001
0.933897654
1.0407904000000001
0.586527824
0.732468342
1.004400522
1.002513258
1.003079864
0.9667470899999999
1.00369871
0.965412848
0.8051619419999999
0.438162712
0.30168596200000003
1.005091558
0.432073616
0.91112435
0.9400152540000001
1.003180608
1.003431386
1.00564931
1.00384181
1.004762376
0.426879956
1.00227697
0.295499112
0.502738134
1.006019132
1.002641974
0.39194059
1.002192776
1.005409188
0.40206391
1.005298584
0.595207166
0.696253866
0.394842944
1.0072790360000001
0.698793624
0.6113623579999999
0.791593982
1.00375266
0.659977304
0.9100220339999999
0.671124294
1.005724664
1.005275054
0.5934972239999999
1.005635182
0.998560224
0.76310341
0.464008272
1.003635384
1.002377554
0.789726544
0.907930936
0.71994356
1.002419664
0.659829272
0.913016654
0.960610702
1.006662846
1.007319196
0.45418629600000004
0.961707688
0.8035065140000001
1.108601808
0.986582218
1.004348852
1.0029580580000002
1.000936226
1.003269656
1.0088334780000001
0.720439898
1.0041750839999999
1.004499184
0.5947917300000001
0.961772294
1.002321412
0.659440246
1.0057175999999999
0.981976152
1.007354636
0.587731748
0.679166476
1.00288546
1.019770472
0.467734492
0.708180712
0.5249756200000001
0.814786408
1.00384181
0.891778816
0.643623998
0.731078174
1.003494688
0.6885178240000001
0.834299852
1.004003726
0.790405252
0.777551192
0.9112055360000001
0.9078273060000001
1.003621312
0.956697108
0.47282239
1.020684112
1.001807068
0.9865278319999999
0.93625102
0.45941277
1.006566118
0.710100918
0.933946394
1.0056469540000001
0.9112674019999999
1.00334231
0.6892127819999999
1.004414616
1.0042971840000001
1.0052562299999999
1.00157812
0.487003572
1.00327903
1.002370536
0.989664846
1.002939322
0.663472186
0.9271180960000001
1.00409996
1.0583559740000001
0.842300744
1.005960224
0.7756386740000001
0.7570945840000001
0.5725355839999999
0.32532899
1.0049998359999999
0.354381642
0.9293689980000001
0.6424407999999999
0.47674237599999997
0.871078806
0.88948132
0.37127938
0.731674738
0.567267966
0.92141964
1.024814612
0.574680584
1.005197412
0.9733703100000001
0.77516551
0.719069688
1.004616662
0.832895512
0.652437094
0.730920166
0.793137654
1.006280762
0.80422569
0.6097254860000001
1.004487438
1.004703616
1.1694177360000002
1.003168892
0.740469472
0.860875332
0.594715136
1.006306696
0.536281672
1.003715128
0.928157932
1.00232609
1.004600214
0.988328044
1.00411874
1.003541582
0.860811494
0.67970066
0.6502147159999999
0.66892717
0.791650886
0.945686426
0.558845412
1.00520447
0.74715224
0.792419156
1.004691864
0.817515968
0.857763426
1.004762376
1.003949748
0.61849439
1.004470994
0.933810344
1.002422004
1.005986142
0.833097458
0.748518166
0.571335284
1.005475092
0.36036442
0.383473744
0.999292066
0.9775819739999999
1.007829758
0.45527919000000006
0.332614712
1.0062194660000001
1.00328606
1.058116094
1.004189172
1.004884618
0.753969966
0.75323742
0.860563126
0.84506676
1.025081218
0.690033288
0.719896498
1.003980256
0.8041248080000001
0.688454916
1.006070976
0.688032516
1.00570818
1.003912202
0.6581730219999999
0.980512266
1.0018491299999999
0.660653412
0.7906627979999999
0.847943066
0.625714558
0.984309888
1.006514222
1.00072633
0.976854912
1.003412632
0.814945646
0.7295371
1.003051752
0.5242950399999999
0.5883009140000001
1.004240826
0.925860992
0.41250285000000003
0.588816284
0.38727311600000003
0.874183268
0.52983144
1.002824576
0.523777778
0.542169946
1.001342274
0.27842211
1.003295436
1.00477883
0.99890394
1.00379254
0.8480887340000001
1.001260572
0.651514696
0.88128829
1.003115004
0.998458084
0.96652301
1.004572018
1.003980256
0.778271174
0.828520476
0.6074359920000001
0.608356616
0.654819446
1.0031642060000001
1.002581122
0.741953294
0.186151252
1.003921588
1.003417322
0.983836394
0.820359452
1.004045972
1.004503882
0.708994358
0.295696452
0.69810645
0.985111356
1.1085016639999998
0.600517512
1.00355565
0.961350354
0.9059029239999999
0.97955068
1.0049057780000001
1.004419314
0.706954426
1.003750314
1.004299532
0.98466418
0.56771486
1.003344654
1.004948102
1.0051009659999999
1.004705966
1.0773185220000001
1.004788232
1.003891082
0.741210642
1.040502958
0.753176658
0.910116524
0.877214968
0.467808364
1.003112662
0.13102070000000002
0.944696308
1.00356503
0.75933392
1.0070995299999999
0.729596586
1.00209223
0.984519724
0.7625587540000001
1.004081182
0.603105462
0.346782232
0.9282482
1.005444494
0.7897701100000001
1.03075422
1.002927612
1.000001698
1.006078046
0.928175984
0.9316167080000001
1.003009588
0.6524717839999999
0.8706744280000001
0.91002782
0.57252719
0.9858462379999999
0.938628586
1.004095266
1.00549157
0.458530906
1.004710666
1.005844786
1.004748272
0.894865018
1.003710438
0.899944536
1.005053926
1.004804686
0.878002206
0.803368242
0.8451415879999999
1.000626076
1.003862926
1.0042455240000001
0.616851934
1.005317408
0.64176787
0.729726744
1.003000218
0.616371246
0.6342861679999999
0.491853414
0.8404399079999999
0.592902414
0.66765543
1.0024898580000001
0.8618461700000001
1.008385818
1.006070976
1.004588466
1.005028056
1.002384572
1.00481409
0.925793138
1.00141465
0.573386302
1.004943398
1.001038874
0.96536294
1.002190438
0.43861062
1.003825386
1.000572462
0.56722751
0.47951653800000005
0.925222754
0.566911556
1.003949748
0.401228572
1.002744974
1.000099498
0.740469472
0.9829897519999999
1.003534548
0.876066238
0.672682056
1.003100948
0.891699202
0.290202258
0.415915024
0.899162652
0.720377064
0.29239006
1.004269004
0.59479832
0.264884186
0.237437278
0.832098376
0.22364775599999998
0.990751522
1.007198722
0.985857552
0.753939526
0.896989954
0.49155675200000004
0.91252006
0.910780434
0.390927082
0.40443471799999997
1.002639634
0.71976741
1.00401546
1.003541582
0.85906562
0.985199484
0.5665503599999999
0.751758164
1.005428018
1.00232843
0.9987227639999999
1.0050962620000001
1.040606318
1.005336234
1.002637294
1.0053832999999999
0.98587792
0.47287861400000003
1.001753326
0.463960154
1.003379814
0.617373304
0.586486978
1.003089234
1.002344804
1.002728586
1.005021
0.996905344
0.96380104
0.634778328
0.580924604
0.89187511
1.005868342
1.002316734
0.217471764
0.76317799
1.000099498
0.37769475999999996
0.803524552
0.72108701
0.841599286
1.003379814
0.48756858599999997
0.984955476
0.982513032
1.006950778
1.003065808
1.003684636
1.005244466
0.522840488
0.9984348740000001
1.000234584
1.003747968
0.999803832
1.054077998
1.00117188
1.003635384
0.610871938
0.281791862
0.9972965500000001
1.0066133
0.901296722
0.6097661719999999
1.004313624
1.000397668
0.982501794
0.341576616
1.005075094
0.56468593
1.00306815
0.6179586779999999
0.5355240680000001
0.833082914
0.804242254
0.530214728
0.5126868339999999
1.003715128
0.975461626
1.006082758
1.005171534
1.0036048960000001
0.991240848
1.002031444
0.83100842
1.003762044
1.006342064
1.004501534
0.580904174
0.802508122
0.74045543
0.8472756379999999
1.004116394
0.98303025
1.003907508
0.903418142
0.810427764
0.789861612
0.929246342
0.690570274
1.004205606
0.501081188
0.8770555419999999
1.001346944
0.981886356
1.0038066159999999
0.9023211139999999
0.8821046
0.946966662
0.831996826
0.827492476
1.004006072
0.893532046
0.80408115
0.661357386
0.492208526
1.055316006
0.62463166
0.929423298
1.002522618
1.006962582
1.003243876
0.603073282
0.8184163760000001
0.61701233
1.002417326
0.946007202
0.5512566440000001
1.0048281940000001
1.00007854
0.89045317
0.889431586
0.769544666
1.00299085
1.002801162
0.50860036
1.004633112
1.000297482
0.742666616
1.003640074
1.002871408
1.0053762400000001
1.002438382
0.740546076
0.47155158599999997
1.003243876
1.005378594
1.0009129
1.001519732
1.005522172
1.002480498
1.004879916
0.65942911
0.27749049200000003
0.507562958
0.753969966
0.46463975799999996
0.352047942
0.681098662
1.002955716
0.689796126
1.0029299539999998
1.002527298
0.779024986
0.925799124
0.743430208
0.53548334
0.720418146
1.00497867
0.6699779419999999
0.36780419599999997
0.520247068
1.001772018
0.9467182679999999
0.5877784
1.013757776
1.002482838
1.0049998359999999
1.0016832359999999
1.004933994
1.004038932
1.004226738
0.9897902860000001
1.006865798
0.7767299860000001
0.541371742
0.4227588
1.002043132
1.002417326
0.860808042
0.55995798
0.634814918
0.5729182100000001
0.783979194
1.027772146
0.8771200219999999
0.790715202
0.9448209980000001
1.034485678
1.00678319
0.850106446
1.0070593860000001
0.687819858
1.034700006
0.58092146
0.65596556
0.25758362
1.0030353539999999
0.9845106960000001
0.9258091020000001
1.004682464
0.63315569
0.7923007519999999
0.6418407580000001
1.005880122
0.911139812
1.0044522
0.742044308
1.001748652
0.5672424939999999
0.6664908940000001
0.824567756
0.602451526
1.005585736
1.005943732
0.604101352
0.720355316
1.002510918
0.861630048
0.73814445
1.003766736
0.962766174
1.007912536
0.800762044
1.052138784
0.984472334
1.001491708
1.0035040659999999
0.877899912
0.879193816
0.7757717679999999
0.831834076
1.0035791
0.87699107
1.004823492
1.0054798
1.006356212
0.8201542359999999
0.909257198
1.0014963780000001
0.860745938
0.816465408
0.8598481480000001
1.0049057780000001
1.0039192399999999
0.876874688
1.003379814
0.974109866
1.00481644
0.98828256
1.005244466
0.903433346
0.776593756
0.660590414
0.868828598
1.005701116
1.0044921359999999
0.498067702
0.679752296
1.0000063559999999
1.002134316
1.0038371160000001
0.729626332
0.8311869319999999
1.002993192
1.005755282
1.004499184
1.005263288
1.003747968
0.62579114
0.576909126
1.00646705
0.954649322
1.0043206679999999
1.002433702
1.005456262
0.982692872
1.003581446
0.846185594
1.003548616
0.487925296
0.9870719699999999
1.004811738
1.000285834
1.0031642060000001
1.004414616
0.960260624
0.98618805
1.00356034
0.130879562
1.00269113
0.548084726
1.00512684
0.7185139279999999
1.004760024
1.054171136
1.005865988
0.848102132
0.706846224
0.924810364
0.8329682
1.004501534
1.003755006
1.0048423
0.75172527
0.890665526
0.9497811380000001
1.004595514
0.9249916100000001
0.974200456
0.666428844
0.933993106
1.003675254
0.5429073640000001
0.832737254
0.354219432
0.7677947940000001
0.98074288
0.984546806
1.0067336340000002
1.003743278
0.8308605219999999
0.860473474
1.001844456
1.0019215799999999
0.822755994
1.004379384
0.904784608
0.966875492
0.7121744280000001
0.846794538
1.000146076
1.004027196
0.669505886
1.0059790739999999
0.65135463
0.501781342
0.415285654
1.003098604
0.818241748
0.670687276
1.0042924880000001
1.002503898
1.003185294
1.003633038
0.89230499
0.984899008
0.426576812
1.003241534
0.6015495160000001
1.003150148
1.003766736
0.802511122
1.0035462720000001
1.00336575
0.858589922
0.964445982
0.760826996
0.687207962
0.98946421
1.002019754
1.003309498
1.005039814
0.8299421640000001
0.99469353
0.9822568740000001
0.603038564
1.00447804
1.0008919059999999
0.717599156
1.0055951539999999
0.922005134
0.669457882
0.8928577679999999
1.004353548
0.708832884
0.579599728
0.880045918
1.0012372299999999
1.000901236
1.00084526
0.9837575239999999
1.0043206679999999
1.006665204
1.002515598
0.80514081
1.00273795
0.448406948
0.8462372779999999
0.901381842
1.005209176
1.004344154
0.753259876
0.802455644
0.987353344
1.004010766
0.908094108
0.5417808
0.8860571899999999
1.005997924
1.003750314
0.720439898
1.00379254
1.004837598
1.00598143
1.004055362
1.004264308
1.0042149980000001
1.003726858
0.99080409
1.0046378120000001
0.760181966
0.846123914
0.689271404
0.98590055
1.003075178
1.15713978
0.988257546
1.001982352
0.983376866
1.001807068
1.0008895740000001
1.0060733320000002
0.729723026
1.003417322
1.00481644
1.000586448
0.746497742
1.003419666
0.927198156
0.642408128
1.002798822
0.602451526
1.0185491899999999
0.979414422
0.858607086
0.997836408
1.005380946
0.94574265
0.9996153480000001
0.641770748
1.005133898
1.003961482
0.8292339120000001
1.005312702
1.0016738920000001
1.004278398
0.764739336
1.003105634
1.000985214
1.000980548
0.71772507
1.0042971840000001
0.831394488
0.738466814
1.0042149980000001
1.000446604
1.006528376
1.0026185699999999
0.6507121979999999
0.6103432719999999
1.001694918
1.005293878
1.003161864
1.002422004
0.80952348
1.004379384
1.002379894
1.0029299539999998
0.626367014
1.002368196
0.913303994
0.581846954
0.49603828
0.502075804
0.7184814740000001
0.6891552759999999
1.004198564
0.98695629
1.00515742
1.0020548219999998
0.7087404780000001
1.003107976
0.534816548
1.00368229
0.8302229139999999
1.005573964
1.003316528
1.003649456
1.006195894
0.567769646
0.529058048
0.834817154
0.8749739839999999
0.8597930659999999
0.874818934
0.9506388459999999
1.00569405
1.005668148
0.6104482379999999
0.853073132
0.24182720800000002
0.78909539
0.729692032
0.12556067199999998
0.7061547399999999
0.661659986
0.35456068399999996
0.31841815
0.67128688
0.71008683
0.89051225
0.589284854
0.385920168
0.800706808
1.004966914
1.003473586
1.004743572
0.721876
0.75085922
1.005312702
0.66059651
0.792964862
0.616449982
1.004769426
0.999454844
0.690580268
0.6536454979999999
0.80421816
0.845090038
0.95175956
1.00473652
0.634165354
0.801649842
1.0538271259999998
1.0061275379999999
0.6792953780000001
1.003710438
1.005670502
1.00227931
1.006266616
0.83016675
1.003572066
1.005197412
1.0033751260000001
1.00392628
1.006509506
0.925671424
1.003637728
0.319102086
0.949428414
0.9531091780000001
1.004060056
0.845166534
1.001734634
0.614979452
0.48163788399999996
1.002880776
0.789912456
0.7522018580000001
0.5418655579999999
1.004271354
0.56760157
0.42704931
1.00554336
0.828263236
0.926922012
0.53867615
1.004252568
1.003562686
1.0048281940000001
0.930645736
0.9055858520000001
0.889765096
0.86573232
1.004755324
1.005696406
0.8916751359999999
1.002824576
0.7902816319999999
0.6268167680000001
0.602031826
1.047990088
0.938614226
0.8747013459999999
1.00555984
0.8124928680000001
0.586320446
1.004142216
1.002880776
0.984668694
0.423077376
1.002606866
1.001321264
0.946899854
0.79138103
1.002974454
0.644565766
1.004952804
1.004102308
1.0036517999999999
1.004635462
0.8764613339999999
1.001781364
1.001564106
1.0037034
1.002838626
1.00719636
0.753939526
1.004891672
0.790801098
1.002700494
1.004649562
0.776780558
0.70888904
1.002405628
1.0057175999999999
0.7735724900000001
1.00376439
1.00165754
1.004658962
0.31257085
0.601035174
1.006146394
0.801732146
1.002808186
1.005277406
0.09185306
0.975162634
1.006915368
1.00350641
1.003710438
0.979246942
1.002939322
1.004139868
1.0064505400000001
0.8760179920000001
0.446034808
0.913465218
1.000747314
1.001870164
0.5538220199999999
0.966555636
0.573841358
0.617929338
1.0063161280000001
0.698180214
1.00426196
1.007212894
1.002071188
0.85772574
0.46404386799999997
0.696969062
0.833877082
1.002471138
1.003912202
0.8938798
0.6911303400000001
0.512355348
1.0032649679999999
0.62567354
0.800800862
1.002234872
0.740442664
1.004658962
0.5359390479999999
1.00442636
0.892330944
1.0034056
0.98458066
0.502718716
1.002705176
0.69821086
1.004971616
0.908985864
0.59960956
1.004459248
1.229561018
0.863789216
1.002375214
1.00325325
0.99768111
0.789804964
0.666990816
0.816544574
1.006891762
0.7999387779999999
1.00497632
0.985405176
1.003633038
1.0029580580000002
0.446284618
0.84480579
1.003963828
0.708850432
1.003412632
0.9576378160000001
1.002976796
1.1035656859999998
1.005173888
0.9642229680000001
1.003935668
1.004774128
1.004107004
1.000663378
0.915695134
0.804177504
1.004776478
1.004139868
0.653608692
0.541409276
0.641754446
1.00717038
0.625276396
0.644007134
1.002001054
1.003715128
0.89263509
1.004102308
1.005566902
0.987314758
1.068780012
0.633115556
0.932751736
0.90210127
1.049472766
1.1441804320000002
0.53628435
0.53565698
0.535109732
0.87363026
0.581391708
0.965391148
0.65940886
1.007227066
1.001713608
0.999694456
1.005263288
0.950678826
0.62741103
0.911367952
1.00356972
0.8720037559999999
0.5948798799999999
0.942205258
1.000737988
0.9994804279999999
1.005828298
1.00304004
0.999168856
1.002611548
1.00904679
0.5123828539999999
1.0041774319999999
1.0037596979999999
1.003654146
0.948126866
1.003525168
0.687303636
0.62109532
0.742859294
1.00296977
0.698843652
0.5819273660000001
0.58819537
0.6786277700000001
1.0049057780000001
0.617494906
1.0032251300000001
1.007104254
0.669501712
0.983300318
0.741886652
0.6326138560000001
0.626343264
1.1167710119999998
0.8923420660000001
1.005628118
1.002052484
0.913455504
1.005140954
1.004494486
0.965731948
0.78901421
0.9994199579999999
0.463167128
0.45429727200000003
0.7663098199999999
0.9461760100000001
0.8051136440000001
0.99083152
0.8605614020000001
0.816636174
0.60204533
1.005569256
0.8191921879999999
0.909159036
1.004020154
0.960544102
0.481056888
1.002915902
0.77424464
0.802557608
0.8130142520000001
0.9089262300000001
0.78724981
0.962798548
0.541304876
0.860782164
1.006592068
0.9844949000000001
1.006528376
1.003952094
1.003715128
0.774997662
0.81551199
0.56045924
0.7210736940000001
0.7773302519999999
0.600530946
0.6266978679999999
1.003778464
0.72032028
1.003731548
0.5608852120000001
1.0645547160000002
0.931588418
0.763317692
0.994405654
1.002817552
0.81923594
1.004315972
0.273616382
0.6524093440000001
0.999431586
0.46312317799999997
1.00711606
1.005759992
0.47668576
0.502372374
0.474547938
1.003912202
0.922417008
1.003884044
0.98407083
1.00304004
1.00245476
1.00232843
0.9666818140000001
1.001519732
1.005336234
0.8490057560000001
1.004499184
1.004532076
1.003192324
1.00380427
1.003743278
0.8566855480000001
1.004384082
0.892698172
0.8185083959999999
0.975685438
1.003023642
0.860775264
0.624664366
0.39421850999999997
0.6610998339999999
0.716226582
1.0043511999999999
0.9640498239999999
0.7309438
1.0036799459999999
0.909095532
1.00427605
0.727448878
0.931521742
0.71622897
0.8051121339999999
1.00319701
1.00358848
1.004355896
1.005468032
0.5282901600000001
1.004611964
1.003705746
0.972878632
0.9228986539999999
0.942287944
1.048059134
0.492759682
1.004677762
1.0006004339999999
0.5802269179999999
0.49976173
0.815043076
0.9258889339999999
0.9258589960000001
1.002008066
1.004771778
0.970313664
0.793008784
1.1427283339999998
0.790601672
0.7783699040000001
0.44227266
0.898179222
1.004567318
0.816570964
1.243335956
0.8182510999999999
1.002344804
0.987076506
1.0055951539999999
0.8597638080000001
1.003543926
0.9593554719999999
0.654184114
0.47362535
0.8637787939999999
0.904491174
1.005159772
1.004013114
1.0062878339999999
1.002253582
0.7915181219999999
0.633693776
1.0028784339999999
1.004668362
0.894784854
1.000924562
1.00287375
0.83108078
0.9602992699999999
0.742697438
1.004104656
0.911178472
1.005013946
1.004151608
0.496069792
0.5024899239999999
1.004517978
0.343624048
0.778269762
0.50805709
1.0055151100000002
1.02220238
0.7246700660000001
1.001951966
0.755402142
0.800785932
0.750811966
1.002349482
1.0044921359999999
0.7456553380000001
0.81462723
1.00186549
0.7774400020000001
0.817408614
0.833800996
0.595333396
0.8310904299999999
1.0033751260000001
0.780827902
1.0032649679999999
1.0023143939999999
1.00425022
0.9268720039999999
0.81645144
0.642881222
0.9281017739999999
0.468418054
0.84515323
0.879042664
0.415269994
0.992124686
0.741057174
0.85975004
1.0038066159999999
1.005110374
0.93033529
1.004362942
0.43410563
0.47799559599999997
0.7412311079999999
0.5320769000000001
0.574433092
1.0045579199999999
1.002485178
1.004536774
1.00279648
1.004034238
1.002836284
0.35776338199999996
0.35723549200000004
0.765543558
0.718806136
0.367258214
0.9284669259999999
1.001017876
0.512041996
0.718314448
1.004644862
1.004694214
1.004621362
0.909028188
1.00301193
0.650371266
0.729643686
1.00271688
0.722060468
1.004755324
1.002475818
0.903634826
0.99788973
0.926046644
0.860683842
1.000644726
1.004395826
1.004029542
0.641880088
0.650200934
0.862746406
0.790646788
0.27272144400000004
1.003710438
0.9754018139999999
1.004330062
0.75007506
0.392201146
1.004092918
0.8805745819999999
0.64226019
0.679104192
0.923950904
0.741911
0.80352305
1.003407944
0.9423148200000001
1.00186549
0.40510954
0.80361927
0.9397232
0.8550414580000001
0.336983872
1.004628412
1.120988696
1.0051127279999998
1.003691672
1.003492342
0.571690432
1.0037409320000001
1.037890492
1.003307154
0.69037824
0.833018284
0.945855118
0.486554488
1.00131893
1.002499218
0.937659326
0.699560764
0.650776286
0.64290143
1.005380946
0.48320333
1.0017977200000001
0.576459252
0.685338322
0.511341546
0.96443299
1.00375266
1.004160998
0.5873347099999999
1.00440522
1.002927612
1.002110934
1.003914548
1.004877564
0.94570933
0.512732736
1.006606222
1.00400842
1.004635462
1.102127108
1.003065808
1.004748272
0.9835998180000001
0.6506964239999999
1.005658728
1.005310348
1.0057270200000001
1.006712396
0.7204918659999999
0.991179084
0.997806272
0.547271812
1.003407944
0.92142557
0.874713816
0.803483966
0.854276146
1.001346944
1.003391536
0.5409149280000001
1.00385354
0.942143254
0.860351094
0.669553896
0.646299032
0.923625046
1.003138434
0.797413964
1.0029369799999999
0.960503288
1.005665792
0.750009568
1.004013114
1.005298584
1.0037034
0.547849124
1.000479232
1.005524526
1.004299532
1.003260282
0.57898404
0.857804542
0.42988233400000003
0.74109042
0.30530482999999997
1.002805846
0.6805353199999999
1.005573964
0.394638326
0.28489717000000003
1.00345483
0.535185746
0.6519864559999999
0.910458008
1.00262559
0.993950002
0.65265025
0.6779839480000001
0.5608566479999999
0.955483962
1.004278398
0.9038573219999999
1.002766044
0.385646072
0.9822568740000001
0.64403031
0.594818914
0.442565694
1.001643524
0.689862604
0.985588338
0.8155321219999999
0.6029395160000001
0.767199566
0.690519204
0.99728034
0.893638018
0.9870810440000001
0.9456926720000001
0.667560998
0.858449202
0.752377108
0.6816640180000001
0.964160196
1.002400948
1.171270598
1.0407248279999999
0.840528724
1.0988365020000002
0.903431446
0.999526948
1.005715244
0.98302125
1.003872312
1.00587541
1.002160038
1.004717716
1.003928628
1.0021389920000001
0.594303676
1.005305642
0.634272116
1.00279648
0.7791295619999999
0.710837802
0.710331104
1.004081182
1.004811738
0.944737868
0.700755794
0.63257845
0.93054492
0.5608405360000001
1.003274342
0.554700368
1.004365292
0.822992476
0.423173252
0.803294618
0.476460486
0.792186764
0.541751416
0.997569882
1.006146394
0.603005546
0.669467274
0.768074898
1.006004992
1.002606866
0.619506944
0.791474364
0.5962781
0.45449725999999996
0.666648138
1.0038113100000001
1.003766736
1.001926254
0.728224694
1.001968328
0.87789094
0.473128132
0.710170194
0.650622496
1.004748272
1.002864384
1.000733324
0.681045742
1.0048705119999999
0.9842963539999999
1.00310329
1.004532076
1.004703616
1.001143876
1.005696406
1.005324468
0.37370516400000003
0.507161996
0.918022292
1.003858234
0.708969782
1.003339966
0.8906950779999999
1.004809388
1.004517978
1.00412813
1.0036048960000001
1.003349342
0.619446186
0.868754788
0.91239212
1.002955716
0.6427359500000001
1.001115872
0.981762912
0.334849768
0.351712084
1.002700494
1.002766044
0.927937348
1.002693472
1.00356972
0.458344472
1.003982602
1.0028222359999999
0.8385676280000001
1.00315952
1.0045579199999999
0.610351946
1.003881696
1.004006072
1.004675412
0.9989713179999999
1.003644764
1.004252568
1.00066804
1.005310348
1.003586136
1.00473652
0.924953762
0.778242968
1.0022863260000001
0.9821445660000001
1.00492929
1.002066512
0.336511528
1.004203258
1.004774128
0.338161904
0.6083816080000001
0.699389888
0.24112124199999999
0.253476688
0.826295302
0.9855250160000001
0.574634452
0.83102289
0.295257374
0.395532002
0.680483566
1.0021436700000002
1.0407197860000001
1.00653781
0.984109162
1.00269113
0.840474446
0.6611456299999999
1.00334231
0.8147014020000001
0.997727462
0.692500986
0.87894912
0.58981734
0.9114027640000001
1.005023352
0.786498726
0.961595722
1.005277406
0.75235734
0.662898734
1.002010404
0.661104922
0.903524572
0.982522024
0.831067916
1.003379814
1.004649562
1.004193868
0.57724486
0.7914656139999999
1.004198564
0.5739057679999999
1.003499376
1.003881696
0.72398966
0.981668666
0.7516687
0.29784794
1.004456898
0.94702095
1.00905153
0.687209062
1.0041633460000001
0.446798556
0.8093968579999999
0.767148864
0.58140981
0.776592352
0.554650224
0.617108076
1.00159447
1.003801924
1.00411874
0.741960986
1.003379814
0.623711876
1.00273795
0.5413492240000001
0.468102552
1.100311598
1.001781364
1.004755324
1.006832754
0.5287102680000001
1.003457174
1.001246566
0.473155236
1.005352706
1.004837598
0.49221868
0.833969374
0.732297248
0.911321542
0.877987848
1.0069720260000001
0.64289277
0.860797692
1.002864384
1.005682276
1.004621362
0.8938537559999999
0.7107778060000001
0.6246652739999999
1.023717852
1.005625762
1.004541474
0.708181878
0.861041014
1.003290748
1.005583382
0.99752586
1.00307752
1.0583742299999999
1.0048822659999999
0.8799972340000001
0.829373224
0.910079884
0.595686792
1.004771778
0.948223154
1.00587541
1.010773182
1.004663662
1.007009802
0.6700584260000001
1.0055151100000002
1.00511508
1.00126524
0.842667616
1.001949628
1.004680114
1.006195894
1.002986164
1.004240826
0.958030858
0.9292383
1.003525168
0.482291762
1.004682464
1.003745622
1.005242114
0.7289254580000001
0.859557328
1.002634954
1.00136562
0.86276547
1.001760336
1.2050196800000001
0.926958022
1.00549157
1.007031052
0.6174522960000001
1.003769082
1.003794886
0.835684546
1.00407414
1.003520478
1.006986192
0.454808168
0.7646481159999999
0.777554008
0.610769432
0.911093426
1.004811738
1.004501534
0.5676540840000001
0.945661438
0.446516602
1.002993192
1.001781364
1.00328606
1.002195114
1.002997876
0.8737653360000001
0.459178486
0.529439566
0.916817114
0.5177466460000001
1.0036048960000001
1.001697254
0.567270962
1.006115754
1.002241888
1.0025624
1.0029510320000001
0.91458758
0.6315023240000001
0.800888964
1.0023027
0.529314942
0.698858436
0.8301378660000001
0.689176288
0.706886942
1.004541474
1.00412813
1.002038458
0.8645246879999999
0.48202924
1.00419152
1.001435666
1.001545422
0.8319903799999999
1.004950454
0.688450502
0.7413181059999999
1.003661182
0.807822736
1.0053856540000001
0.985776094
0.71553213
1.00455557
0.661108994
0.26028133000000003
0.9822186860000001
0.89592716
0.876856786
1.006122824
1.0029112199999999
0.669516322
1.000908234
0.529438914
1.0038230399999999
0.634834624
0.43406745999999996
0.6519676520000001
0.52467741
1.00281287
0.6385751860000001
0.71566328
0.473142206
0.776640096
0.568169224
1.0049057780000001
0.753878652
1.00325325
0.5398088219999999
1.047913378
0.53016695
0.913471046
0.8357967559999999
1.00488932
0.553762752
1.004872862
0.297601934
1.002749656
0.7525432120000001
0.426868924
0.6514880120000001
0.365131992
0.69696793
0.6020774
0.893751454
1.003790194
1.004283094
0.814023542
0.6406765259999999
1.004548522
0.76387702
0.876865736
1.006356212
0.848306494
0.6786266980000001
0.8450684220000001
0.950647264
0.616882056
0.885277344
0.6854094119999999
0.5892129039999999
0.87394313
0.8471352600000001
0.9459655299999999
0.757794544
0.7740702159999999
0.922434838
0.720437482
1.0038230399999999
0.73977183
0.9832575480000001
1.002665382
1.0030845480000001
1.00088491
0.8061215580000001
1.0050727419999999
0.7203855220000001
0.895566608
0.932751736
1.00336575
1.002920586
1.00327903
1.0046143140000001
0.929356932
0.973057166
1.026337844
1.004327714
0.8121302920000001
0.942219728
0.7905536479999999
1.005432724
1.005724664
1.070663666
1.000304472
0.54976848
1.00117188
1.0049057780000001
0.074308588
0.996620814
1.004060056
1.002862042
1.001844456
1.0042126500000002
0.9924525200000001
1.004567318
0.9459759480000001
0.337559126
0.52428096
1.003384502
1.0046072639999999
0.969190408
1.0043817320000001
1.00655904
0.988146136
1.004863458
1.003846502
0.6015149740000001
0.943372466
1.003987296
0.941038874
0.388652114
1.004807038
1.002609208
0.981626036
0.9176594260000001
0.981186502
1.004374686
0.547091958
1.001982352
1.00571289
1.00324622
0.679202994
1.005011594
1.004966914
0.699663328
1.005319762
1.006129896
0.7663234919999999
1.00549157
0.553423106
1.004898724
0.6531097539999999
0.689284678
0.8371130000000001
0.778207716
0.511992554
0.815733482
1.002693472
0.753081572
1.0024454
1.001902882
0.927006038
1.004369988
0.975180346
1.00300256
0.975594572
0.790623502
0.97907952
0.6995083519999999
0.932978668
1.003300122
0.928145898
1.00427605
0.790406708
0.472322702
1.003590826
0.962994992
0.861341476
1.0033188720000001
0.87584114
1.003980256
0.971608742
0.869813944
0.764773378
0.754596538
1.0462209820000001
0.985599648
0.603007238
0.44978660400000003
0.423403112
0.8480887340000001
0.844965344
0.678513058
0.893820272
0.636921768
0.679857742
1.002995534
1.004315972
1.000675034
0.47253004
1.006004992
1.00442636
0.7075705339999999
0.7773302519999999
1.005023352
0.689116576
0.833650484
1.005677566
0.624181408
0.79149916
0.77638599
0.513137654
0.9871014619999999
0.6879553700000001
0.507522774
1.003426698
1.004198564
0.635273132
0.60248702
1.00509391
0.42687741
1.00364242
0.89058611
0.911464656
1.00713023
0.54816447
1.002773068
0.45027323799999996
1.001741644
0.926766004
0.696946442
0.70820173
0.559997404
0.834115142
0.870762688
1.004123436
1.0050727419999999
0.5888009479999999
1.004872862
1.004981022
1.004995132
0.84611558
1.00284331
0.5542029159999999
0.922349658
0.408191578
1.005804742
1.004595514
0.7913577
0.881485442
0.491794842
0.9022850979999999
0.626848786
0.5202659740000001
0.7391772600000001
0.869799852
0.6237236500000001
1.00239627
0.924672982
1.002883118
1.002852676
1.003654146
0.95659483
0.80240767
1.002071188
1.0052068219999999
0.875120174
1.004398174
0.984643862
0.892703738
0.926010706
1.006771392
0.679182586
0.999820124
0.304920964
0.9856086940000001
0.26213488
0.370903284
1.094560362
0.9188727179999999
1.005642246
1.004139868
1.004748272
1.004280746
1.002838626
1.009336088
1.001078538
0.9306437200000001
0.984528752
0.87182498
0.742066104
0.889413168
1.00245476
0.625682654
1.001800058
0.48252583600000004
0.64360085
0.529423904
0.602274962
1.006299624
0.9974193
0.894865018
1.004520328
1.0042173460000001
0.875753632
0.8284517560000001
1.003867618
1.002337786
1.15471941
0.883278314
0.778240148
1.0021389920000001
1.00205716
1.000125114
0.998239946
1.003773774
1.003539236
1.004611964
0.939737592
1.001582792
0.915560446
0.921170634
0.981931252
0.752319122
1.005830652
1.002372876
0.909072442
1.338980464
0.7176255340000001
1.003600206
1.0026185699999999
1.007092446
0.877948364
1.004433408
1.000826602
1.004369988
1.003848848
0.642388912
0.753778098
0.9842196639999999
1.005183298
1.004752972
0.385652652
1.004445152
0.471591454
0.7397348819999999
0.7745574080000001
1.003056436
1.002426684
1.003825386
0.9819267620000001
1.00323919
0.6379918179999999
0.688734226
1.002417326
0.740608648
1.004301882
1.004283094
0.72038673
1.004240826
0.668268338
1.00442871
1.00419152
0.9033649380000001
0.617325386
0.60822825
1.00277775
0.99808916
0.7318592599999999
0.391520066
1.002429024
1.005967292
1.006054478
1.0571680719999998
1.005310348
1.005606926
1.003640074
0.874826062
0.588225176
0.7539937919999999
1.0035111
0.74942851
1.000397668
0.9191283499999999
0.624118822
0.8044908159999999
0.699698662
0.815570836
0.8864064660000001
0.441931806
0.790544918
0.430562804
0.41943613399999996
1.002723904
1.014641494
0.562130234
1.004616662
0.603374046
1.00555984
0.88326923
0.936353078
0.31468696599999996
0.541743216
0.354735804
0.845133274
0.6995721579999999
1.0024454
1.003122032
1.004144564
0.7523467960000001
1.001503384
0.817590668
0.6717877200000001
1.022161024
0.633170624
1.016721538
0.617992466
0.984440744
1.003271998
1.004520328
1.00287375
1.002538998
1.001825762
1.005931952
1.004231434
0.999571146
0.930260734
1.004369988
0.999375774
1.003874658
0.499323646
0.7102676699999999
1.00456027
0.560058014
1.002698154
1.00497867
1.000710008
1.003701056
0.425206398
0.84045142
1.0421162019999999
0.61694497
1.001080872
1.003473586
0.766293412
1.005432724
0.9817674
1.005917816
1.00230036
0.74198662
1.003656492
1.00306815
1.004280746
0.8347960600000001
1.003497032
0.8318953020000001
0.816791478
1.001982352
1.004790582
0.763868868
1.005792966
0.75398982
1.001377294
1.002803504
0.42347992599999995
0.517739156
1.00611811
1.000719334
1.003494688
1.21375104
0.460103752
1.000015668
1.007153848
0.982951508
1.004365292
1.004395826
0.42713510000000005
0.540148262
0.816654808
0.788154164
1.0538167840000001
1.001262906
1.006835114
0.790480898
0.998973642
1.007345184
0.66805629
1.0051621259999999
1.003618966
0.379234506
0.6267984719999999
0.67853664
1.004656612
1.023703212
1.005218586
0.803455408
1.000945556
0.507811404
0.44050765999999997
0.910162812
0.873792
0.814091432
0.996133094
0.804266352
0.698808404
1.064185438
1.003956788
0.9870719699999999
0.5746413720000001
1.004114046
0.602594374
1.001379628
0.7412157580000001
0.795796108
0.69687633
0.929650626
0.643982028
1.00409996
0.6696937940000001
0.907902148
1.005825942
0.7094136019999999
1.003618966
1.005348
1.0040506679999999
0.919969004
1.007825028
0.6885619759999999
0.32622945
0.382692994
1.006693518
1.00451563
1.004792932
0.6262181520000001
0.523896612
0.35135300999999997
0.659278288
0.557177236
1.00378081
0.430566688
1.0052138800000001
1.02933379
1.004750622
0.501771964
0.8321338439999999
0.529335816
1.004532076
0.9997642680000001
0.48406979
1.00337747
1.006139322
0.688580742
0.7296498840000001
0.9112461359999999
0.877032258
0.972902874
1.002110934
1.001540752
0.83207097
0.7775526
0.5347166720000001
0.68874748
1.00478353
1.005767058
1.0022933440000001
1.004623712
1.002901852
0.513103324
0.678554864
1.0036799459999999
1.004186824
1.003086892
0.996773468
0.680501896
0.755464592
1.004858756
0.595676878
1.003956788
0.487945806
1.002550698
0.481947566
0.689740738
0.46368366200000005
0.5883049419999999
1.018583008
0.64410951
1.0032649679999999
1.00235884
1.005286818
1.004377036
1.005406834
0.409788758
0.602482794
0.594728312
0.6891221040000001
0.609919438
1.006858716
0.542141202
1.00423613
1.0053832999999999
1.005251524
0.5195196059999999
1.002630272
1.003082206
1.00328606
0.45048954199999997
0.971729646
1.002864384
0.962876252
1.03208184
0.990116578
0.687231054
1.006853996
1.001970666
1.005444494
0.81656786
1.004076488
0.677957194
0.926674024
0.7191359079999999
0.69758261
1.005411542
0.885593134
1.004165694
1.005656374
0.73609251
1.003325904
1.004060056
1.004088224
1.00348062
0.658201264
1.004774128
1.00388639
1.002417326
1.0043511999999999
1.003999032
1.005265642
1.002230194
0.999592084
0.708107154
1.0058565640000001
1.0054798
1.004116394
1.0004838919999999
0.844154904
0.6105055079999999
1.006417524
0.9504957879999999
1.003243876
0.5413669640000001
0.6994502539999999
0.985228862
0.51874029
0.802470638
1.004198564
0.928039606
0.41206751
0.975512584
1.00223721
0.640526518
0.642406206
0.6016523220000001
1.006052122
0.955666802
1.003712784
0.7485703499999999
1.0044686440000001
1.003314184
0.45030345
0.473128654
0.6982369660000001
0.617961344
0.617986242
0.960217688
0.6630051560000001
1.00328606
0.6702978980000001
0.75323874
0.925922868
0.899396132
0.651995364
1.004496834
0.981518358
0.634229968
0.63514161
0.8936640499999999
0.625958956
1.003339966
0.547693332
1.00429014
0.36529130400000004
1.055380836
0.57342611
0.466014562
1.001262906
0.827443056
1.0050304079999999
1.005145658
0.84614225
0.66009598
1.003175922
0.9855906
1.004348852
1.004243176
0.876096618
1.001069206
1.043912038
1.001636516
0.7311740059999999
1.00277775
1.00364242
0.778234508
0.6424129319999999
0.72051604
0.567258976
1.00369871
1.00579061
1.0040506679999999
1.004114046
0.8317261499999999
0.937538566
1.012507878
1.004797634
1.003295436
0.547352018
0.999927198
0.329496768
0.915548736
1.003487654
1.001230228
0.39885768
1.005585736
1.0046871640000001
1.004203258
1.039098288
1.00357441
1.001073872
1.0038113100000001
1.004168042
1.003464208
0.79144082
1.0036776
1.004160998
0.790646788
1.0050633340000001
0.661094746
0.71505086
0.560910118
1.0031478059999999
1.00205716
1.004727118
0.6611863419999999
0.22009164
0.981421918
0.814071372
1.002022092
0.5242316859999999
0.364979022
1.003426698
0.887366102
0.932814536
1.001982352
0.97056363
1.015694862
1.00311969
1.003790194
1.004013114
0.6700092959999999
0.490488482
0.5957644639999999
0.47728647
1.004231434
0.895794488
1.00536212
1.002548358
0.997474894
1.00299085
0.907777418
0.719070892
0.730301236
1.00658499
1.001879512
1.00473652
1.004327714
0.529132352
0.9839423279999999
0.560865436
0.688630424
0.719072096
1.003227472
1.0028409679999999
0.8423304779999999
1.003963828
1.00284331
0.987110536
0.73049252
0.123110294
0.69085575
0.567727618
0.960228422
0.633727436
0.679849134
0.830271062
0.901506712
0.9068324999999999
0.900031286
1.00320404
0.633628334
1.003014272
1.003830078
0.688667966
1.006993274
0.7546018400000001
0.860795966
1.004130478
0.984239962
1.004872862
1.004527376
0.881172572
0.82565833
1.004445152
1.002670064
1.0040365839999998
1.003037696
1.004666012
1.00398495
0.507898478
1.004642512
1.002181084
0.99763708
0.788937396
1.0044475019999999
1.0040483199999999
1.0051009659999999
0.546934506
0.58052886
1.00600028
0.7630898519999999
0.502033548
0.497446418
1.001846794
0.560079924
1.004611964
1.00519506
0.430342352
1.00678555
0.708185382
0.398606704
0.266494212
0.587850804
0.983005502
1.0051127279999998
1.006634532
1.005051574
0.48417183399999997
0.44280935
0.560910118
0.68985374
0.382689584
0.9959182799999999
0.74260498
0.6180227
0.677980738
0.66017309
0.242199908
0.997252554
0.230841602
0.7095132160000001
1.004727118
1.005686986
0.741114716
1.073036302
0.157457004
0.7546641580000001
0.5676278260000001
0.6593997500000001
1.0034056
0.574064554
0.5733266
1.006384508
0.965313038
0.7302664680000001
1.0037409320000001
1.005068038
0.790753052
1.005865988
1.004369988
0.987199022
0.641755404
1.006146394
1.003489998
0.209950574
0.639657472
0.19312624
1.00486816
1.00411874
0.830155516
0.972761848
0.971472486
0.9832575480000001
0.975164848
0.62569268
1.000628408
0.50072659
0.8938798
0.913482702
0.956767438
0.956307288
0.697506706
0.580931674
0.804310028
0.5297954939999999
0.891506708
0.384612112
1.003307154
0.994513876
0.9354781520000001
0.252728238
1.072323676
0.829251524
0.178567174
0.8442859979999999
0.696850326
0.60099228
0.607387028
0.8470082919999999
0.8246801659999999
0.89360455
0.725367676
0.945661438
0.626251936
0.529002658
0.832064522
0.6968751999999999
0.61903014
0.7087872620000001
1.003288404
1.006575554
1.002986164
1.003731548
0.67745139
0.861759708
0.909012798
0.996826678
0.889461058
1.00473887
0.878665012
0.778241558
1.003243876
0.802554608
0.77825707
0.555503184
0.5664711539999999
1.005482154
0.680979872
0.9268900059999999
0.5372093539999999
1.002230194
0.7638199640000001
0.803300626
0.82844856
1.003975562
0.675504752
0.86082702
0.775934344
0.9639113539999999
0.719772234
1.004341806
0.92924433
0.7069870100000001
0.70684157
0.24081489199999997
1.005018648
0.670132654
0.872944864
1.0043183199999999
1.003307154
0.63151811
0.6577265139999999
0.580562602
0.2998793
1.002791798
1.004132826
0.594374406
0.69825967
0.99693774
0.708236764
1.00569876
1.005197412
1.003112662
0.986185784
1.004797634
1.003722166
0.950706184
0.889595546
0.802242804
1.003018958
1.006375076
0.8638604480000001
1.004576718
1.0022863260000001
0.52980399
1.005315054
0.754929454
0.909969978
0.476426662
0.487910884
1.0021553619999999
1.005388006
1.002059498
0.642984202
1.005164478
0.523901086
1.005359766
0.9315540680000001
0.708793112
0.907096802
0.667115136
0.618518438
1.003654146
1.21099271
0.642463864
1.003222786
1.000204304
0.6898603879999999
1.0042737019999999
0.87877288
1.0035791
1.002855018
1.001867826
1.0059955680000001
0.982214194
1.001185884
0.762420682
0.40531866
1.003281374
1.1284964720000001
1.005411542
0.6712323259999999
1.002087554
0.946878978
0.803387778
0.841378362
0.6804523020000001
1.003234504
1.005573964
0.9091051539999999
0.591568846
0.344749122
0.7400650120000001
0.9729183
0.669588344
0.355063668
1.00492694
0.878348752
0.312823326
0.766225058
1.002108596
1.001564106
0.386259602
0.626823172
0.6190060519999999
1.004306578
1.164329576
1.00196599
0.717931422
1.00571289
0.962477068
1.002389252
1.003464208
0.555046606
1.005049222
1.002836284
1.002550698
1.004475692
0.980574946
0.9417858539999999
1.0033587179999999
0.610772906
0.985346398
1.004574368
1.004574368
0.376912862
1.004435756
0.878061442
0.507158404
0.8971398460000001
0.875708992
1.005522172
0.969253838
1.002988508
1.00552688
1.058384662
1.0032016959999999
1.004647212
1.005035112
1.00355096
1.005505694
1.0032649679999999
1.00144267
1.004165694
1.00118355
1.003464208
0.9828008079999999
0.552987028
0.893744014
0.7631712079999999
1.004372338
1.00314312
0.775893692
0.481678396
0.893429818
0.5538234479999999
1.003912202
0.796758642
0.8164374719999999
0.837508028
0.956961428
0.699551648
1.004186824
0.33741698400000003
1.002251242
1.003297778
0.93984658
1.0061275379999999
1.00204547
1.002988508
1.005411542
0.567338402
1.003600206
0.65946151
1.0045085820000001
0.613246992
1.000206632
0.9244003279999999
1.003553306
1.02309845
0.548539022
0.9616323240000001
1.0052562299999999
1.002008066
1.004572018
1.004233782
0.48261801200000004
0.87495616
1.001491708
0.787320522
0.48192971999999995
1.00409996
0.926946018
0.92581908
1.00429014
1.0029650860000001
0.687032078
1.004879916
0.9469374319999999
0.7915122880000001
0.642485006
1.004325366
1.0054468460000001
0.753811172
0.554318788
1.001795384
1.0046519120000001
0.903488458
0.5235894120000001
0.426681062
1.0050304079999999
0.7780385479999999
1.0036517999999999
1.006813872
1.00320404
1.00343842
1.005581028
1.003023642
1.003529858
0.845399436
1.002595164
1.0042948360000001
1.024817058
0.6368962659999999
1.001998716
1.002637294
1.002927612
1.003417322
0.716964272
1.000842928
1.0038371160000001
0.63826013
1.005291524
1.002136654
1.003110318
1.004915184
1.002375214
1.003614276
1.00629255
1.004579066
0.991751268
0.830248592
1.0035040659999999
0.950636742
1.004421662
0.999962118
1.00355096
1.00481644
0.815649828
1.00369871
0.748749134
0.847088478
0.90114922
1.0749081
0.776804442
0.729528426
0.764639948
1.002581122
0.9997712480000001
0.669400496
1.004182128
1.005444494
0.698934632
0.74195714
0.32059914
1.002414986
1.00069835
0.941154352
1.002693472
1.003016614
1.00678555
1.005291524
1.00790071
0.961839062
1.002225516
1.003595516
0.66826522
0.40469270799999996
1.0037409320000001
0.87797349
0.718255586
0.8310486180000001
1.0013842979999998
0.705369602
1.005969648
1.0032649679999999
1.005336234
1.003738586
1.004818792
1.003916894
1.003269656
1.0005794540000001
0.70633939
0.6257154699999999
0.492134078
1.041646104
1.004896374
0.6786728080000001
0.590218554
0.974030338
1.00407414
0.975370802
0.997551346
1.0029510320000001
1.00262091
0.41068254200000004
1.00383477
0.818299428
1.002941664
1.004020154
0.904744584
0.64358349
1.00377612
1.0045837659999999
0.932867214
0.795827072
0.984711588
1.004222042
0.864747488
1.006735994
0.668170614
1.003178264
0.719187688
1.003731548
0.860846
0.679096676
1.003229816
0.893887242
0.741388486
1.004546172
1.007227066
0.9830549999999999
1.000334758
0.908878146
0.92385352
0.937526286
0.7095882360000001
1.001069206
0.601053678
1.00218576
0.39883286399999995
0.732478336
1.0037409320000001
0.800932276
0.501739724
1.000999212
0.7905856619999999
0.8481306019999999
1.00358848
1.004675412
0.80348096
1.0034032560000001
1.002344804
1.001942616
1.004226738
1.002855018
0.66820076
0.9364755760000001
1.004020154
0.861759708
1.0042924880000001
1.000959552
0.858883522
0.763913704
1.004757674
0.990264964
0.9780093759999999
0.935357954
1.005941376
1.004461596
1.004755324
1.0049363439999999
0.921682624
0.9883962759999999
0.9628784100000001
1.003255594
1.006457616
0.859505724
1.00275902
0.5180513999999999
1.0035181340000001
1.0042455240000001
1.00211561
0.476777304
1.002410306
0.541757566
0.6330017179999999
0.480739202
0.5668322480000001
0.608925008
1.00383477
0.626314036
0.524658182
0.9846574060000001
0.373899386
0.879990022
0.707522744
1.006629814
0.7693158499999999
0.835668286
1.005960224
1.00401546
1.004240826
0.679763054
1.00658735
0.7295903899999999
0.814638046
1.0033587179999999
1.0041774319999999
1.001031874
0.55347802
0.44187451800000005
0.8017890200000001
0.65887677
1.001961316
0.669536154
0.7774878519999999
0.6089034259999999
1.004851704
0.6418695360000001
0.946013452
0.91896119
1.002983822
1.004233782
1.001613156
0.497404938
0.6035554959999999
0.5135082139999999
0.7569998419999999
0.8174739560000001
0.9272582079999999
0.9997642680000001
1.00456262
0.7915633440000001
1.00564931
1.001757998
0.400982092
1.00484465
0.6246998
1.003112662
1.005451554
1.1054943860000002
1.00320404
1.00336575
0.689282466
1.0044522
1.006769032
0.700141218
1.003891082
1.0055551299999999
0.6885961979999999
0.777413266
1.0051621259999999
0.5305887420000001
1.006377434
0.391533628
1.0038113100000001
1.006224182
1.003938014
0.6791718459999999
1.0056187
1.006120468
0.430831878
0.32750309600000005
0.634739864
0.587849998
0.41639325000000005
0.71008096
0.9247127980000001
1.00339388
0.80167977
1.004748272
1.00186549
1.00223721
1.003508756
0.9272882379999999
0.5351217319999999
0.980666744
0.66880009
1.006601504
1.003907508
1.039377408
0.747854762
0.6523806059999999
0.7631630720000001
0.841396492
1.002464118
0.8938035320000001
0.7382573720000001
0.801884826
0.8925571800000001
0.591877816
0.975231274
1.002604526
0.7189661700000001
0.60835834
0.679810394
0.478299012
1.004790582
0.731738312
1.001949628
0.554528486
1.004691864
0.603388456
0.58814221
1.005428018
0.52496792
0.8609460840000001
0.451050636
0.871993132
0.561643608
1.006002636
0.9199453580000001
0.878505056
0.618462328
1.004081182
0.574168926
0.668312012
1.003089234
1.0055551299999999
0.7089147819999999
0.338770046
0.395654428
0.627193888
0.314915624
1.006188822
0.37387465
0.729511078
1.00403189
1.002319072
0.572407394
1.006563758
1.00422439
0.650245232
0.984176814
0.680412416
0.437613586
0.774006048
0.742606264
1.005635182
1.003314184
0.70889606
1.007083
1.00650007
1.00351579
0.5497304820000001
0.311114312
0.925853008
1.003482964
0.985658456
0.9110199880000001
0.8675176880000001
1.00442871
0.81555535
1.002644316
0.347451314
0.9867431480000001
1.006509506
1.103832292
0.996606938
1.002073526
0.9840798479999999
0.772608142
1.002817552
1.003145462
1.002335446
1.003107976
0.907790848
0.88612483
0.7654944379999999
0.806154846
0.6957463239999999
0.998915556
0.7784192799999999
0.337402406
1.0047224179999998
0.738990302
0.535161072
0.863712786
0.74128356
1.004670712
0.6796791480000001
0.424154922
0.8855675700000001
0.965167696
0.708816506
0.971824192
1.005378594
0.831954924
0.982068212
1.003194668
1.005378594
0.925870972
1.0018725
0.854915512
0.874836752
0.930482424
0.926860002
0.904536892
0.635281588
0.966607844
0.8924255040000001
1.005701116
1.002749656
1.004247872
0.383119364
0.781559654
0.555071714
0.70683459
0.999971432
1.0046378120000001
1.0049363439999999
1.00403189
1.004522678
1.00384181
1.002522618
1.004520328
1.006766672
1.003293092
0.791913624
0.998804052
0.8112314
0.6587989519999999
0.391546836
1.004609614
0.471926716
0.668325532
0.505779984
0.5538155920000001
0.687322334
0.8671866380000001
0.925950814
0.9831382599999999
1.003295436
0.8597775759999999
1.0008872420000001
1.002295682
0.459435868
1.003970868
1.003276686
1.005197412
0.65251441
0.473190684
0.730219288
0.574735184
0.313973368
1.075306394
0.756383928
0.896819512
0.39863075
1.005887188
0.982339998
1.004421662
0.660008744
1.004950454
0.8471035140000001
1.004616662
1.007825028
0.8578251020000001
1.0030611219999999
0.8320516280000001
0.686770618
1.00318998
0.658932368
0.698325518
0.8606372760000001
0.643011156
0.731936588
1.0038066159999999
0.999194426
1.00518565
0.813838446
1.002653678
1.0026724040000001
0.602451526
0.894762484
0.749199736
0.824760932
1.005042166
0.50823745
0.922557684
0.944490642
0.941181164
1.00534094
0.9833228319999999
0.9191244159999999
1.003178264
0.939869204
1.005531588
1.003070492
0.99532052
0.927024046
0.96050114
0.873354908
1.00484465
1.1553406460000002
0.802542612
0.70888202
0.826385924
1.00544214
1.0751206660000001
0.7054796720000001
1.0040483199999999
1.00177669
0.937937808
0.391726106
0.752586728
1.0021881
1.00204547
1.003501722
0.70888553
1.003161864
1.002983822
1.005300936
1.004107004
0.43437388
0.9979430579999999
0.772515036
0.7655162679999999
1.004499184
0.75322553
0.2818971
0.542133674
1.004670712
0.47796049
1.003382158
0.860837372
0.832617792
1.02200779
0.966577388
1.002524958
0.41590495600000005
1.004503882
0.989484726
0.959064128
0.7871632399999999
1.00420091
0.649012088
1.000274186
0.660614798
0.643125734
0.910025892
0.530152554
1.003192324
0.580070972
1.00209223
0.459444222
0.774876018
0.5887468699999999
0.9269800279999999
0.7982038499999999
1.0032204420000002
0.945998866
1.002639634
1.005277406
1.003959134
0.944904144
1.001115872
0.6983277880000001
1.004184476
1.004588466
0.573788462
0.6429514759999999
0.806853004
0.488264764
1.00520447
0.633636748
0.6760959759999999
0.5553832240000001
0.652004272
1.00358848
0.508551582
0.7655230900000001
1.004574368
0.751036472
0.874954376
0.708180712
0.700253086
0.659314722
1.003227472
0.633047434
1.0035040659999999
1.004642512
0.9384768139999999
1.003384502
1.004760024
0.741187616
0.860954714
1.000229926
0.23511586399999998
1.003000218
0.862833066
0.670047972
0.981323254
1.0046378120000001
0.49443879199999996
0.755568254
1.0029041939999999
0.875926878
1.003912202
0.964103926
1.003797232
1.002918244
0.458900308
0.953166288
1.004915184
1.008544466
1.003400912
0.981758422
1.002976796
1.003827732
1.1139036180000002
1.0154547219999999
0.777380902
0.891645518
0.865809108
0.884132894
1.017979454
1.00392628
1.00282926
0.994449402
1.0025975059999999
1.002274632
0.972799304
0.741360332
0.655445012
0.925922868
0.7646603679999999
0.5174428719999999
1.0042971840000001
1.002805846
0.661696682
1.004419314
1.00307752
1.002707516
1.002344804
0.9703421640000001
1.001631844
0.77011316
0.567690098
0.844367328
0.369996484
0.80255311
1.004017808
1.00492694
1.003738586
0.8801108379999999
0.77666678
0.43842168
1.003869964
0.764761124
1.002211484
0.929218196
0.883114858
1.006492994
0.49639487400000004
0.818330612
1.036510372
0.674306346
1.00336575
0.77181953
0.983570536
0.8453245620000001
0.43757881
0.752398198
0.66886154
1.004950454
1.005413896
1.0031571780000001
1.005621054
1.005743506
1.003712784
0.596182914
0.709016596
0.76717764
0.7508579059999999
1.006184108
0.5622082319999999
0.741137736
1.003865272
0.573397018
1.005764702
0.6413088619999999
1.005456262
1.00262325
0.737671568
0.73096246
1.022024814
0.995112972
1.374182858
1.004182128
0.909162886
0.723118118
1.004198564
1.004090572
0.49214592199999996
1.1167942419999999
1.003468898
1.004358246
0.84324336
0.9822838319999999
1.0028784339999999
0.89814917
1.003307154
1.123581072
1.024521262
0.351220842
0.987273908
0.8606527979999999
0.874968636
0.944839706
0.981695592
0.46391254600000004
0.799023546
0.922575518
1.004830546
0.46345800600000003
0.7516187139999999
0.933175296
0.667578636
0.50786845
0.481003552
1.002003392
0.679792104
0.627290072
0.9729315239999999
0.7522242539999999
0.846147252
1.0061581800000001
0.764814234
1.004034238
0.383079384
1.002508578
0.816389364
0.63530884
1.00368229
1.00220213
0.8312094520000001
0.6595323959999999
1.005366826
0.93269907
0.951831274
1.043516372
0.87409965
0.8006948660000001
1.0053221140000002
1.004647212
1.00592724
1.033360672
0.90573099
0.5873539879999999
1.004057708
0.764761124
1.00210392
1.003471242
0.8668261
0.843218526
0.861192946
0.9351929840000001
1.002646656
0.752788546
0.75307233
0.762579064
1.006809152
1.003168892
0.49672784999999997
1.0043347599999999
0.75470394
0.933989044
1.059763542
1.004090572
0.861910164
0.949113704
1.004922236
0.666452628
1.005934308
1.123510532
0.741882806
1.001185884
1.006356212
0.5681196220000001
1.004952804
0.9654150180000001
1.004616662
0.8769319799999999
0.983172018
1.00427605
0.6976188680000001
0.542484954
1.004003726
1.004745922
1.002106258
1.004919886
1.00239159
1.0071137
0.868761818
1.005378594
1.004745922
0.879876446
0.5674973240000001
0.697638132
1.005016298
1.002466458
0.450608646
0.30904670399999995
0.847177034
1.00579061
0.89462643
1.004788232
0.847043372
1.00223721
1.001316594
0.634824302
0.65896674
0.997878138
1.005701116
0.346959
1.00569876
1.003098604
0.42276462600000003
0.37720250600000005
0.861674992
0.933806284
1.004705966
0.9617055339999999
0.902376092
1.005293878
1.003590826
1.00277775
1.002784774
0.909910216
1.0030353539999999
0.752421922
1.002141332
1.0037080919999999
1.003110318
0.893621284
1.003959134
0.926700016
0.8937477340000001
0.594886472
0.609301646
0.9729601760000001
0.999859692
1.005413896
0.579074592
1.070506218
0.719390062
0.972894058
1.0044803900000001
1.0053950680000001
0.875696494
1.004715366
1.003283716
0.928482982
0.842274314
0.7253162280000001
0.740584384
1.001218558
0.820281112
1.00323216
1.003122032
0.742066104
1.008748178
1.002485178
1.006106326
1.00360724
1.018655482
0.98439336
0.659446322
0.680460926
0.742644786
0.831557066
0.984345982
1.006075688
1.004006072
1.001435666
0.7782993800000001
0.687308036
0.876820984
1.002033782
0.492126748
0.98185942
0.48637431400000003
0.399022948
0.699609762
1.0039239340000001
0.933041498
0.9984604060000001
0.989924884
0.8759304499999999
0.919138186
1.004010766
1.0075720479999999
0.626838724
0.856077658
1.001302588
0.945673932
1.002613888
1.00161082
0.741864866
0.738391908
0.998251546
0.777834236
0.983156264
1.0026607
1.005218586
1.003086892
1.003600206
1.005581028
0.9882006999999999
1.002810528
1.0149484
0.97269796
1.002485178
0.9469562220000001
0.941290486
0.98218724
0.497044018
1.004198564
1.00415865
0.884504334
1.003794886
1.004153954
0.997423932
1.004569668
0.763958544
0.915865014
0.669474578
1.005418602
0.788904066
1.005882478
1.003888736
0.9988760640000001
1.0021881
0.9110238540000001
0.6331211560000001
1.002946348
1.098828068
0.359338118
1.00643639
0.804153414
0.846439074
0.59484198
0.6617833460000001
0.46849060800000003
0.323423274
1.003025984
0.88072626
1.00422439
0.536283682
0.837677908
1.0022044700000001
0.802508122
1.000176352
1.002440722
0.6780942
1.006816232
0.741206804
0.902374196
0.481971902
1.0035111
0.943142522
1.0046871640000001
1.001942616
1.05077452
0.985963922
1.02384231
0.501685806
1.0747978120000001
1.00534094
1.003689328
1.0067761100000001
0.8322467139999999
1.004602564
1.003567376
0.9936763519999999
1.003609586
1.004682464
0.917914384
1.0048611079999998
1.005802388
1.039163654
0.412265278
0.999613022
0.368335376
0.670736504
0.44589079600000003
0.5298549699999999
0.6486092619999999
0.765630896
1.002225516
1.0041774319999999
0.706983518
1.0001158
1.00519506
1.004038932
1.003082206
0.6262208920000001
1.003051752
0.671112758
0.822052082
0.845163208
1.00271688
1.003539236
1.0040365839999998
0.8027451099999999
0.6005343040000001
1.003229816
1.002466458
0.850963766
0.80510157
0.972651702
0.673670694
0.9966555039999999
1.00738535
0.927502504
1.005138602
1.005701116
0.9670365900000001
1.00539742
0.984677724
1.005084502
1.003009588
0.9835637779999999
0.618460546
0.889494216
0.752238746
0.6694088420000001
1.0052209380000001
1.004604914
1.003916894
1.004527376
1.005508048
1.004832896
0.88992549
1.0061605359999999
0.945586488
1.002588144
1.001725288
0.954127616
1.003051752
1.005477446
1.0028877999999999
0.61843294
0.642918754
1.003178264
1.003283716
1.004938696
0.9092148499999999
1.003250908
0.816570964
0.801690244
0.618522892
1.004854054
0.717733466
1.001085538
1.002546018
1.001734634
1.0023471419999999
0.162412914
1.004567318
1.00294869
1.0063538539999999
1.0027028340000002
0.647916514
0.5812776159999999
1.006271332
0.7647597620000001
0.74263066
1.001367956
0.48729642
0.58871217
0.618033372
0.691040268
0.84335761
0.751029906
0.944710854
0.6670477899999999
0.6029606780000001
1.086299446
0.76548898
1.002531978
1.004499184
0.661128328
1.005086854
0.349218688
1.007054664
0.616428748
1.002440722
0.899970936
0.965217584
1.003436076
0.766461614
0.741325782
1.003138434
0.8916769880000001
0.706173316
0.763953108
0.43187289399999995
0.2068015
0.470141908
0.426135796
0.608391948
1.004933994
0.650372252
1.09850487
0.408452832
0.517362466
0.468453306
0.376466856
1.004069446
1.00420091
1.00523976
0.891334646
1.004713016
1.00371982
1.004395826
0.7074504899999999
1.004487438
1.00477883
0.298946288
1.019847958
0.9114975399999999
1.008558676
1.0038113100000001
1.000861586
1.005324468
0.565504526
1.002918244
0.618415132
0.751510872
0.984343726
0.17486776
0.943349674
0.689184028
0.731171516
1.005091558
0.777480816
0.877017932
0.98183024
0.75323874
1.004572018
0.710863684
0.944700464
0.744009732
1.00313609
1.002440722
1.0060450520000002
0.862758538
0.8157427780000001
1.018392208
0.69821767
0.9468205319999999
0.6099289659999999
0.9767327299999999
1.005931952
0.91213441
0.66011424
0.603583486
1.004160998
1.001989366
1.00518565
1.056793498
0.87320398
0.8596674379999999
0.872634482
0.893766332
1.004207954
1.004341806
1.003755006
0.815797008
1.005150364
1.003548616
1.001851468
1.00268879
1.1024637620000002
1.004743572
1.005661082
1.004487438
0.765531276
1.00473652
1.004193868
0.813968006
0.75303404
0.698256264
1.00305878
1.003916894
1.002707516
1.004788232
0.766445202
1.004804686
1.002883118
1.00279648
0.911203604
1.006349138
1.00811126
0.6262090220000001
0.847220484
1.003044724
0.984312144
0.710351076
1.000959552
0.561341178
0.98301225
0.803413326
0.9133680879999999
0.610025992
0.602035202
1.00491048
0.96424678
1.001629508
0.211910042
0.6418273299999999
1.005628118
0.188148
0.7717404800000001
0.15153661
0.6114415599999999
0.88741744
1.005122136
1.002108596
1.005437432
1.0051009659999999
0.7637995879999999
0.961744296
1.00534094
0.38194564200000003
1.005508048
0.381908284
0.8751397879999999
0.6593126979999999
0.619459588
1.004682464
0.5882042300000001
0.65819723
0.8452197579999999
0.8110628860000001
1.001725288
1.005218586
0.530227166
1.003236846
0.497693708
0.775816608
0.7897236400000001
0.984569376
1.00492929
0.92405626
0.29737712800000005
0.9728808360000001
1.003283716
1.00311969
1.0066888
1.0050727419999999
1.00318998
1.00620768
1.003222786
1.00515742
1.002209146
1.003410288
1.001998716
1.002946348
1.003520478
0.895869228
0.770274754
1.002281648
1.00271688
1.0011298739999999
1.003025984
0.5668823740000001
1.002113272
0.699599506
1.003187638
0.610947538
1.003440764
0.7824167660000001
0.587340332
0.702152296
0.8698879359999999
0.6503102119999999
0.965326054
1.0012489
1.006823312
0.64351792
0.699535696
1.008302962
0.36780293599999997
0.894002602
0.709574168
0.6030631200000001
0.982106388
0.535879534
0.48182105000000003
0.382083934
0.405547144
1.016502564
1.002246566
1.004586116
0.595264912
1.00542331
1.003869964
0.39823747800000003
0.9144648999999999
0.6598708360000001
0.751702904
0.708028944
1.00417039
1.00164586
0.482278764
1.0029112199999999
0.999078212
0.6703638099999999
1.00255538
0.688589574
0.385904218
0.566908562
0.45890422999999997
1.0027215619999998
1.003372782
0.492788516
0.6030258639999999
1.003590826
1.0037034
0.54859157
1.00427605
0.533550228
0.683517988
0.910041316
1.00478588
1.020264652
1.003832424
0.602001448
0.859084522
0.391898748
0.9268720039999999
1.0016809
0.9141593179999999
1.004393476
0.845995584
0.601011624
0.661090676
1.132173288
0.742534368
1.002656018
1.004069446
1.004414616
1.001547758
1.003635384
0.562011072
0.35931978
1.004360594
0.40708236799999997
1.006415166
0.548973022
0.587329892
1.00275902
1.006132252
0.602451526
1.006231254
0.9883780799999999
0.50437172
0.560446808
1.00304004
0.7155345139999999
0.62834728
0.6273707040000001
0.22731478000000002
0.698886866
1.007057026
1.003628348
1.004604914
1.005972004
1.0031642060000001
1.004973968
1.0147637539999999
0.6256261479999999
0.7670735059999999
0.984578404
1.005663438
1.001690244
1.004485088
1.002400948
1.003339966
0.997544396
1.001715944
0.861084172
1.0041774319999999
0.891499306
0.6424888519999999
0.531333092
0.741237504
0.980722726
1.019683314
0.699167878
0.595256662
1.0050633340000001
1.002010404
1.006014418
0.5359744940000001
0.93903697
1.003717474
0.626678664
0.689858172
0.492394176
0.8355577359999999
1.004207954
1.00083593
1.03788046
0.826465432
1.004485088
0.542565134
1.004461596
0.497086588
0.28853769799999995
0.6174993459999999
1.005404482
0.392717912
0.849192084
0.908806988
0.804548082
1.002918244
0.610368426
0.678518416
0.587884598
0.69700865
1.00573173
0.786327374
0.548125994
0.817550204
0.966570864
0.9608127019999999
0.688704408
0.997769184
1.023825226
1.001809404
0.48260608
1.004438106
1.005964936
1.004438106
0.6621506399999999
1.003513444
0.68858847
1.006570836
1.004092918
1.00533388
1.00281287
1.017639366
1.004901076
0.844156564
1.003138434
1.004543822
0.479214784
1.0026724040000001
0.642309174
1.005437432
0.6108441360000001
0.670565808
0.70959996
0.659998602
1.00579061
0.830072088
1.003914548
1.005458616
0.862008766
1.0052962300000001
1.004111698
0.6983346
1.00385354
0.7190877480000001
1.002677086
1.00356972
0.87703584
1.004254916
0.908989712
0.84477422
0.847272294
0.5317692500000001
0.817505076
1.003028326
0.491784142
0.616890032
0.426136642
0.469002704
1.001300254
0.651422796
1.00223721
0.99033803
1.0062171100000001
1.00516683
1.006384508
0.839564264
0.482494396
1.004165694
1.0045391240000001
0.679270668
0.496657774
0.93746285
0.940921364
0.890381176
1.003541582
1.003611932
0.731689696
0.70886681
1.003586136
0.48156606
0.49347361
0.6878892600000001
0.869931984
1.004238478
0.634838376
1.002478158
0.7781273519999999
0.924674972
0.644085362
0.846232276
0.90795397
0.567159348
0.752561672
0.75198192
0.711494878
0.803551612
0.909035884
1.004240826
1.0062784040000001
0.985391612
0.611864898
0.60788133
0.858742706
0.803303632
1.0082745579999999
1.001949628
0.6779379320000001
0.602555486
0.963083526
0.801748608
1.08908706
0.965250124
1.004168042
0.450309116
0.755428714
0.7663234919999999
0.8749258599999999
1.004402872
0.602453216
0.599596166
1.004675412
0.754792804
0.7774568900000001
0.287200028
0.9643009039999999
0.860852902
0.542529494
1.005260936
0.78984999
1.00420091
1.003175922
1.005936664
0.6790118599999999
1.00222084
1.12056754
1.004933994
1.123343036
0.971775816
1.003586136
0.99352924
1.005531588
1.00327903
0.6988595719999999
1.0031571780000001
0.697599604
0.792347524
0.586854802
0.798479864
0.368425426
0.9468205319999999
1.00255538
0.994638244
1.002269954
1.0054962779999999
0.668404578
1.004095266
0.7289044280000001
0.999799176
0.9111514100000001
1.00442636
1.0042737019999999
1.005068038
1.058295994
1.0046871640000001
0.47284581600000003
0.982911016
1.004877564
0.6435102060000001
1.002375214
0.370527628
1.006929532
1.007678426
1.0022933440000001
0.371662352
0.446517068
0.463078736
1.005430372
1.003025984
1.002857358
0.813177418
1.065698464
1.003508756
0.7750983619999999
0.986255986
0.925853008
1.000968884
1.00165754
0.359500838
0.856770996
0.5294532719999999
0.54791552
0.7906627979999999
0.54915833
1.004269004
1.0033235600000001
0.50817972
0.830186004
0.580483352
0.5343428020000001
0.6364253360000001
0.546508592
0.966792788
1.004278398
0.708076802
0.584240392
1.004017808
1.004760024
0.650252124
1.003832424
0.67791118
1.072436134
0.47166551399999995
0.502401756
0.982027794
1.001636516
1.003307154
0.9077006780000001
1.0022044700000001
0.8608874120000001
0.983131508
1.005336234
0.70018345
0.507963352
1.003665872
1.001024874
1.003356374
0.486992528
0.663488586
0.845276316
1.004590816
1.004013114
0.755220166
0.6016093419999999
0.6098215800000001
0.961662468
0.633687232
1.0044921359999999
0.998170348
1.00357441
1.00373624
1.002995534
1.002997876
0.46316113400000003
1.002064174
1.0032016959999999
1.004959858
0.588245316
0.721009538
0.7294330240000001
1.0058706979999998
0.7431960780000001
1.0034853080000001
1.004043626
0.8164592
1.004891672
0.892703738
0.817447508
0.68049327
0.61803604
0.532128318
1.003497032
1.004400522
0.660613782
1.005039814
1.005583382
1.0021506839999998
1.002410306
0.7411748260000001
0.84624228
0.698347092
0.748003242
1.020967988
0.580004388
1.2094717700000002
0.6099757419999999
1.003532202
0.330479464
1.003743278
0.43431502
0.660570094
0.86160412
0.696380302
0.194988078
0.928310396
1.003750314
0.590002074
1.00417039
0.6173777420000001
0.693739226
0.9635610299999999
1.003311842
1.003865272
0.865536918
0.92781507
1.00419152
0.529097804
1.00574586
0.741907156
1.00533388
0.50751078
0.911079896
1.0060591920000002
0.77913239
0.661523424
1.005767058
0.698251724
1.002632612
0.599508288
0.766166284
0.71373189
0.858840586
1.003616622
0.442068266
1.001779028
1.005884834
1.00218576
0.778203486
0.7087264440000001
1.004527376
1.0038981219999998
0.861695738
0.9989597
0.859813722
1.003192324
0.98560191
0.718545182
0.834073026
0.679925548
1.001332936
1.003661182
1.002414986
0.594795026
1.0072743100000001
1.101988546
1.002953374
1.0056139899999998
0.6688219599999999
1.003107976
0.804069106
0.999727034
0.913214666
0.924483898
1.004912832
1.003640074
0.896924392
0.899286908
0.765630896
0.755228134
1.004760024
1.00288546
1.003628348
0.818360236
0.560422674
0.635283468
1.005077446
1.0044803900000001
1.00369871
1.005150364
1.004196216
0.791591064
1.005524526
0.933976858
0.892681472
1.0030962620000001
0.790753052
0.7906002160000001
1.006573194
0.766249664
1.00364242
0.45024822
0.7205269200000001
0.8165787259999999
1.002536658
0.77979725
0.999001524
1.004600214
0.753397294
0.8460505779999999
1.005750572
0.574224964
0.481981098
1.00375266
0.905813128
0.48605012
1.001867826
1.003715128
1.003086892
1.006063906
1.002527298
1.003274342
0.5485593400000001
0.595318542
1.003872312
0.6867673240000001
0.650793048
0.668765724
0.595318542
0.708818846
0.464273608
0.61694497
1.004715366
1.00445455
1.004952804
0.602000604
0.625812112
0.5940973380000001
1.004238478
1.002017418
0.829932542
0.9256075859999999
0.96273596
0.438642872
0.28658659799999997
0.404659918
1.004933994
0.8980327379999999
1.00573173
0.385671698
0.9188491299999999
0.587723706
1.003243876
1.003400912
1.004247872
1.042174362
0.908835834
0.92569337
0.706993992
1.0027192219999999
0.34710396600000004
1.005658728
0.9835637779999999
0.22311646
0.634220604
1.0000505960000001
0.832816374
1.0039474
0.276865134
1.003914548
1.0017393060000002
1.002986164
0.845178176
0.547703808
0.753191186
0.983111256
0.930430014
0.6705239340000001
1.011582602
1.004724768
0.9156404720000001
1.004416966
1.004755324
0.783202914
0.738303058
1.00356503
0.70756354
0.8936640499999999
0.843425512
0.518799818
1.00535506
0.943418054
0.5808240459999999
1.004081182
0.9830099999999999
0.64133376
1.004369988
0.6336152479999999
0.45495800000000003
0.802496126
0.8027871219999999
0.34454115
1.004053014
0.46847629999999996
0.40492163
0.90443213
0.803470438
1.004576718
0.5737761960000001
1.004569668
1.005399774
1.00591546
1.006052122
1.005307996
1.004762376
0.986722746
1.00337747
0.776505302
1.0059248840000001
0.48167191200000004
0.6496413400000001
1.004388778
1.0038089639999999
0.651411928
1.004569668
1.002499218
1.003290748
0.699609762
1.00337747
0.507790992
1.005086854
0.750428908
1.000744984
1.005783544
0.627166412
1.003222786
0.988214344
0.651870678
0.7082811480000001
1.0072058080000001
0.713895606
0.627980708
0.985905076
0.792256906
1.005171534
0.924619234
0.7375309600000001
0.389088348
0.965642926
0.9950276720000001
0.558785792
0.984415924
1.067767664
0.33469451
0.687458752
1.0736774040000001
0.96174645
0.5485313159999999
0.450304868
0.983633608
1.002613888
1.004107004
1.0060262
0.692550118
1.003572066
0.553784886
0.909055124
1.004414616
0.6699915280000001
0.790015616
0.844247826
1.004499184
1.003581446
1.001928592
0.49177118999999997
0.80255011
1.004647212
0.75463366
1.005976718
1.00729321
1.061321706
1.00119055
0.755955248
0.862562744
1.003942708
0.5300969360000001
1.002494538
0.777369646
1.004311274
1.00309392
1.004529726
1.005411542
1.003281374
0.86177527
1.003208726
1.003525168
1.005541006
0.8873386040000001
0.9057806540000001
0.90804803
0.866789362
1.00517624
0.6114859579999999
0.74282075
0.92810779
0.668325532
1.004691864
1.004433408
1.004071792
0.698870944
0.910191744
1.002871408
0.481651386
0.288634456
0.7830801079999999
1.002412646
0.7197867099999999
0.357264018
1.0493804560000002
1.006861076
1.003297778
0.441532464
1.006514222
0.8616404179999999
0.0
0.401626652
0.43793798399999995
0.428864154
0.346955356
1.004877564
0.687371834
0.7404605360000001
1.0131001800000001
0.877955544
1.004153954
0.9374321579999999
1.003801924
1.004062404
0.9993548459999999
1.002852676
0.999613022
0.8768621560000001
0.820958454
0.913346722
1.001209222
1.0051009659999999
0.989516642
0.963924334
1.003618966
0.708198228
0.7899139079999999
1.174711188
0.9470146859999999
0.82013231
1.111640426
1.004193868
0.9232597220000001
0.987033406
0.9268620019999999
1.003000218
0.908614726
0.824702336
0.945605224
0.70886798
0.963239042
1.038043508
1.005310348
0.7536855060000001
1.00324622
0.47707705600000005
0.65076248
1.002199792
1.00584243
0.872797626
1.002918244
0.70941243
1.006023844
0.430536906
1.004306578
0.8811346099999999
0.497345036
1.0062006079999999
0.996995596
0.916732968
0.568535496
0.8571026900000001
0.671840262
1.003881696
0.823822816
1.000793952
0.7054912600000001
1.0041633460000001
0.847021656
1.00051186
0.71021012
1.0021577
0.527945986
1.004675412
1.005538652
0.559617254
1.004957508
1.003307154
1.0025998459999999
1.0026185699999999
1.000994546
0.981316526
0.886532712
1.001533744
1.002351822
0.892794666
0.62560701
0.9818661540000001
1.004186824
0.868877814
1.002001054
0.824608916
1.003769082
0.677966826
1.003586136
0.8310888200000001
0.56683524
0.8432946859999999
1.003644764
1.003600206
0.388874158
0.5550953879999999
1.002934638
0.660010772
0.664020966
0.733188566
1.005155068
0.650773328
1.005630472
1.00394036
0.662935568
1.00517624
0.90903396
0.557126644
0.6892382199999999
0.70879896
1.005406834
1.002684108
0.76697625
0.565168176
0.940064634
0.754738422
0.709401884
0.7915925220000001
1.003433732
0.86175625
0.669456838
1.002871408
0.7898717799999999
0.6695278039999999
0.8926313800000001
0.890680302
0.688015984
0.598775296
0.609867474
0.948275494
0.5484773780000001
0.29939370000000004
0.27842391400000005
0.625783846
0.987001652
0.880031492
0.6034257559999999
1.00409996
1.06715216
0.762309718
0.967705494
1.006099256
1.005628118
0.617506448
1.0407550920000002
1.0279886200000001
0.60985795
0.9975119600000001
1.001954304
1.004271354
1.003332936
1.0055951539999999
1.00348062
0.7759399499999999
1.00367291
1.00564931
1.002440722
1.003670564
1.006941336
0.643998442
1.0042971840000001
0.689168546
1.002478158
1.00499278
0.742018668
0.67736378
1.003447798
1.004409918
0.945905112
1.00314312
1.0047224179999998
1.0060262
1.004459248
0.686063038
0.8936528939999999
0.464100028
1.004886968
0.423232048
1.00360724
1.005244466
1.000011012
0.9350565719999999
1.073728402
1.0055151100000002
0.981395008
0.9855612
1.004116394
1.005508048
1.006695878
0.973248998
0.74346624
1.00401546
1.002953374
0.44626097
0.90339534
1.001323598
1.0042173460000001
0.48666806
0.51807952
0.9640952700000001
1.004854054
0.862744674
1.00345483
1.00306815
0.896894424
0.972671526
0.821827148
0.36227482400000005
0.907842656
0.99498157
0.8772454279999999
1.005623408
0.732507068
0.739835546
0.513087388
0.5873740679999999
1.003839462
1.0046378120000001
0.689905822
1.00420091
0.689051348
0.635899548
0.998804052
0.586923772
0.5878041399999999
0.588764626
1.003311842
1.006108684
0.50205761
0.512757834
0.393826666
0.803263068
1.005037464
0.9375917779999999
1.00021362
0.373876928
0.391973856
1.033574534
0.67073336
1.00455557
1.003396224
0.580826402
0.5799111960000001
1.0044803900000001
0.553340398
1.003874658
0.5485103
0.755532368
0.567685596
0.975461626
0.98541196
0.740350768
0.9996665339999999
0.742656344
1.004752972
0.753174016
0.65192213
1.003635384
0.9120801740000001
1.00658499
0.741249018
0.995036894
1.004459248
0.916842558
0.907915582
1.002216162
0.625779286
1.005976718
1.003412632
1.001767344
1.0036776
1.002700494
1.003250908
1.002574102
1.005018648
1.0021389920000001
1.003300122
0.75390644
0.41136459999999997
1.004506232
0.6512371020000001
1.004400522
0.765390762
0.7531053419999999
0.741928942
0.43918156199999997
1.001891196
0.9755369580000001
1.004459248
1.004196216
0.975282208
1.0026724040000001
0.826002904
0.706108302
1.004325366
0.423013622
1.00582123
0.5492882600000001
0.469575466
1.006528376
1.0069555000000001
1.004395826
1.003633038
1.00377612
1.0046613119999999
1.0014963780000001
0.8727391
1.002819894
0.6594949259999999
1.0044522
0.8174786239999999
1.003009588
0.64405542
1.003895776
0.866698408
0.204034028
1.003914548
0.71912748
1.004727118
0.669630102
0.455237206
1.004854054
0.929622454
0.33662784
0.42643281
1.00279648
1.003801924
1.00245476
1.005444494
1.0057340860000001
1.00393332
0.9247267339999999
0.9268139999999999
0.92254183
0.58788138
1.003893428
1.004344154
1.00409996
1.004069446
0.660580254
0.975517016
0.541360824
1.002571762
0.87477617
1.002913562
0.6263030780000001
1.000744984
0.843319522
1.004384082
1.005218586
1.03933968
1.002819894
0.8607010900000001
0.688611654
1.004341806
0.617829782
0.973103464
1.013353552
0.51919806
1.004391128
0.6885961979999999
0.763333972
1.00327903
1.00571289
1.00334231
0.86093573
1.003478276
0.6793544739999999
0.668294334
0.91106057
1.0046871640000001
0.625485836
0.901153002
0.753299512
0.828363876
1.127160792
0.426117194
1.002787114
1.0032157560000001
1.002206808
0.27687263
0.9373257740000001
0.626735362
0.985825872
0.689468358
0.925972774
1.000828934
0.59621933
1.003970868
1.00427605
1.08619505
0.6108736760000001
1.00486581
1.00504687
0.818319696
0.895992576
0.765468516
0.7282259299999999
0.997718192
1.004353548
0.518000166
0.669441188
1.0062288959999999
0.383069816
0.472827596
1.132086744
0.892668486
0.944434566
0.880081984
0.649521482
1.005218586
1.084409704
1.005724664
0.963012266
1.002361178
1.006910648
1.005145658
1.00520447
1.007057026
0.9247187699999999
0.857977614
1.003966174
0.43810148
1.001821088
1.00455322
0.736190924
1.004395826
0.76302478
0.5953020400000001
0.596200294
1.05710042
1.00631377
0.6687355260000001
1.002855018
0.99153605
1.004125784
0.784176726
0.621055802
0.6976857280000001
1.00328606
1.00222084
1.003935668
0.978310118
0.76464267
1.003848848
0.6891497480000001
1.0029721120000001
1.00334231
0.921344528
1.0039450540000001
0.873694238
1.001643524
1.006144036
1.005550422
1.0029369799999999
1.0050962620000001
0.98566298
0.923488016
1.0015711139999999
0.614132636
0.8771701799999999
1.002197454
1.003028326
0.9143948120000001
0.980362314
1.004569668
0.943374538
0.675513252
0.7899560400000001
1.0013889679999999
1.007217618
1.002274632
0.979150946
0.415553256
1.001697254
1.001991704
0.967967208
1.00658263
0.6347924
1.00496221
1.003429042
1.003297778
0.773565524
0.889578964
0.793970454
1.00488932
0.8887248600000001
1.005573964
1.003250908
0.679897562
0.8639681880000001
1.003290748
1.004135174
1.00430423
0.493827658
0.984262518
1.00408353
1.0033751260000001
0.751604244
1.004856406
1.071815236
0.600577132
1.002412646
1.004795284
1.005079798
0.8628452
0.864709186
0.652118116
0.36804183999999995
0.7905536479999999
0.972935932
0.401846478
0.477657502
1.002681768
0.876867526
0.427647582
0.5663150480000001
1.1529215959999999
1.005637536
0.6408638959999999
1.005623408
0.306647358
0.603519874
0.802421162
0.687325634
1.00284565
0.9089685500000001
0.843339394
1.0054468460000001
1.0035040659999999
1.004266656
0.10044865
1.0043817320000001
0.803768156
1.002946348
1.003586136
0.678006424
0.906050076
1.005854208
1.001482368
1.004886968
0.778972708
0.8529020319999999
0.660553838
1.004919886
0.9885282200000001
1.002906536
0.938345592
0.81654923
1.004398174
0.98503228
1.00336575
1.006070976
1.002876092
0.677397968
1.00508215
1.003649456
1.004231434
1.002791798
1.003412632
1.005359766
0.60250477
0.765139872
1.04215666
0.54447933
1.003787848
1.005658728
0.77569751
1.002946348
0.874801116
0.502404106
1.009699132
0.845342862
0.75314364
1.003600206
1.002955716
0.959246198
1.00532682
1.004121088
0.790030148
0.9909183880000001
0.445733926
0.633173424
1.0016738920000001
0.7311989019999999
0.730277642
1.008636838
0.984679982
1.00301193
0.998499866
0.567238748
0.981417432
0.966642652
0.765632262
1.026512006
0.879042664
0.740396714
0.999543232
0.635292864
1.005778834
0.71919973
0.933956548
0.753140998
1.005508048
1.002047808
1.0042924880000001
1.00557632
0.8318083000000001
1.002876092
0.7411825
1.0057340860000001
0.669344162
0.588184092
1.0017206159999998
1.000670372
1.004330062
1.00399199
1.006042696
1.00584243
1.004095266
0.651270676
0.981462286
0.5424712500000001
0.698200644
0.958084284
0.730478854
0.815700948
1.231309412
0.6195283899999999
1.0057199540000001
0.8423767360000001
1.005251524
0.28018008
0.5183565139999999
1.005138602
1.005606926
1.003290748
0.619984482
0.491128438
1.00499278
0.616908638
1.004997484
1.005769412
0.729577996
0.50278404
0.52421249
0.929037298
0.98693361
1.0045391240000001
0.570844736
1.00304004
0.651347716
1.006356212
0.43056453
1.003414976
0.50792731
0.699635974
0.94317773
1.0035181340000001
0.535931022
1.00375266
0.547298314
1.001727626
1.00484465
1.004085876
0.512787832
1.0053832999999999
0.844320852
1.004283094
0.65247674
0.92469488
0.639123478
1.00265836
0.567677342
1.001748652
1.116805858
1.058475954
0.841371768
0.423041538
1.0041750839999999
0.979296064
1.004611964
1.003426698
0.7914029020000001
0.625663514
0.8958524099999999
0.893719838
0.9667209779999999
0.7920406759999999
0.269293662
1.005896612
1.003009588
0.565986682
1.005917816
1.003302466
1.006271332
0.50719314
1.002932296
1.003513444
0.893797952
0.6779892999999999
0.999752632
0.602551258
1.006679362
1.003400912
1.0054986320000001
0.867486148
0.923692582
1.001174214
0.7882091259999999
1.004283094
1.006960222
0.8478275700000001
1.003773774
1.002578782
0.764830578
0.753858802
1.00611811
0.651903328
0.626749996
0.6514395940000001
1.001227894
0.992083436
1.004038932
1.002040794
0.976786042
0.984215154
1.004311274
0.853140912
0.750215248
0.59429052
0.652048814
1.003712784
1.004623712
0.908805064
0.892733426
0.8287618840000001
1.003213414
0.8226441059999999
1.00455322
1.005630472
1.004830546
1.00661094
1.004854054
1.007867598
1.12031909
1.001115872
1.00456262
0.9842963539999999
0.689257024
0.918969056
0.818439768
0.801631888
0.944727478
1.003553306
1.002784774
0.54177875
1.000020326
1.004038932
0.762282658
1.0019145680000001
0.9270220440000001
0.697091232
0.617924892
1.003332936
0.6408285180000001
1.002405628
0.603014858
1.003126718
0.7455945
0.6745976020000001
0.9968567540000001
1.005536296
0.354741664
1.0040506679999999
0.99603376
0.775689104
0.669338946
1.0037034
0.896218804
0.743444362
1.00195664
1.003180608
1.004837598
1.00388639
0.763276998
1.003797232
1.00395444
0.32141439000000005
0.517749142
1.0072625
0.73699942
0.60947976
1.005710534
1.000181012
0.6890657179999999
0.550494268
0.862535028
1.0035462720000001
1.004879916
0.508259702
0.7546522240000001
1.0025998459999999
1.003618966
0.689780616
0.660617848
0.790693366
0.5537856000000001
1.003098604
0.800588898
1.00161082
1.004635462
0.50206876
0.6429793899999999
0.815412902
0.92705406
0.395446784
1.00345483
1.00451563
1.003630692
0.7616108500000001
0.742606264
0.679746916
0.668231948
1.003520478
1.004802336
1.00171127
0.618498844
0.38251950799999995
1.003611932
1.003501722
0.831948478
0.984230942
0.487024558
1.002808186
0.963664802
1.003891082
0.87894912
1.002117948
1.005677566
1.00303067
1.001629508
0.547731748
0.685389724
0.995412792
0.487042782
1.004240826
0.668702208
1.003600206
0.642875448
0.729592868
0.43006183
0.700790096
0.8769785339999999
1.004496834
0.8606631459999999
1.004597864
0.993561418
1.005016298
0.69630466
0.945794714
0.728751068
1.005604572
1.1052411979999999
1.0031642060000001
0.982809804
0.6210207799999999
1.003175922
0.48541783600000005
0.698966482
1.004259612
1.00648356
0.802481132
0.90896278
0.717895422
0.7418520519999999
1.001954304
0.35187287
1.006268974
1.006082758
0.715527362
1.004760024
1.004001378
1.086046734
1.014066544
1.001239564
1.004240826
0.9615332919999999
0.65079798
0.33011242399999996
1.005307996
0.87762186
1.003731548
1.0062194660000001
0.980716008
0.983156264
0.581998336
0.975443904
1.004809388
0.698257398
1.0066133
1.001503384
1.003494688
0.740627804
0.486444274
0.936565428
0.874900908
0.9034504480000001
0.446517532
1.003431386
1.003307154
0.441783162
0.741932788
0.449757872
1.001867826
0.706881124
0.779064552
0.75244565
0.554231522
1.0049057780000001
0.985183664
1.003654146
1.003194668
1.003250908
0.825767864
1.005037464
1.004809388
0.970432054
1.0052209380000001
0.708783754
1.007165656
1.004995132
0.659991502
0.944482334
0.974441376
1.00376439
0.98428733
1.004821142
1.003794886
1.003129062
0.985552154
1.005260936
0.89388166
0.634773636
0.661839434
0.379570998
1.000563138
1.003832424
0.729639968
1.0054986320000001
0.764893234
0.610249614
0.651890466
0.753984526
0.699476454
0.678435888
0.446810178
0.633664794
0.586861218
0.98394909
0.7455906179999999
0.984373056
0.687389436
1.005463324
1.004517978
1.004788232
1.004095266
1.034906942
0.19476976
1.003614276
0.9134302480000001
1.005021
0.65078023
0.857734306
0.867970004
0.906866966
0.574606776
0.670064698
0.6600807620000001
1.002908878
0.7389191039999999
0.51064119
0.69956532
1.0032181
0.5608866779999999
0.776673802
0.395487568
1.00334231
1.003654146
1.003912202
0.6525382019999999
0.933930146
0.776582522
1.003762044
0.8338090899999999
1.0033235600000001
1.002665382
1.00351579
0.9091224720000001
0.71772267
0.789937154
0.68676293
1.003893428
1.006566118
1.003553306
1.006698238
1.007165656
0.6418282900000001
0.6989357700000001
0.412039838
0.307386074
0.971257194
0.74366062
0.9832733060000001
0.56050605
0.731784442
1.005444494
0.974240234
0.7783021999999999
0.464280634
0.50853713
0.801612438
1.004168042
0.81477868
0.803512526
1.0048822659999999
0.569858602
0.653006482
0.8328842059999999
0.983361104
1.00387935
0.777554008
1.020873346
0.921429524
0.947041832
1.00282926
1.004395826
1.0035040659999999
0.9142858079999999
0.8033186560000001
0.7509419279999999
0.942205258
0.582301334
0.44601767000000003
0.5796161540000001
0.331141432
1.003884044
0.830189214
0.985769306
1.004372338
1.005183298
0.725132542
0.523839744
1.003600206
0.830894276
0.563396314
0.562970948
0.9518333840000001
1.0047647259999999
0.426564526
0.670085606
0.588724274
1.003635384
0.18530913599999999
0.9984604060000001
0.19351711800000002
1.005343294
1.003042382
1.00578119
0.891839924
0.741869992
1.004795284
1.0012535679999999
1.004943398
0.43559461800000004
0.45470464600000005
0.698807268
0.924669
0.8729040579999999
1.001216224
1.001774354
0.36188563599999996
0.67064748
1.004264308
0.625128964
0.973319576
1.004621362
1.005894256
1.1763939620000001
1.041706738
1.003757352
0.972024338
0.8616058480000001
0.804057064
0.973114488
0.639509844
0.86082357
0.929107638
1.004346502
0.609342274
0.487679864
0.914544736
0.688598406
1.003557996
1.0045109300000001
0.9654345499999999
0.96286546
0.6879707979999999
1.003844156
0.37614308999999996
1.0567856979999999
1.0043676400000001
0.930371566
1.002471138
0.502461118
1.005084502
0.814976574
0.877128978
0.907940534
1.0434301780000002
0.892636946
0.46960062199999997
0.9726340800000001
1.0751314319999998
0.365044166
1.004283094
0.6411930159999999
0.530605784
1.005235056
1.00335403
1.004835246
0.7773077439999999
1.004038932
1.007314472
1.001132208
1.002052484
1.06936012
0.755439344
0.60395524
1.003100948
0.6618027200000001
0.788136808
1.0059578679999999
0.753963348
1.005465678
0.7654248619999999
0.47828782799999997
0.719906152
0.9844294619999999
1.006476484
0.8469297920000001
0.8301394719999999
1.0030845480000001
0.9235972379999999
0.81593339
0.172269816
1.00223721
1.00323216
0.6885752220000001
0.491206512
0.587315434
0.51241342
1.0038113100000001
0.9445758059999999
0.91016667
0.625700884
0.971894564
0.996267112
0.9566054820000001
0.777451262
0.74778966
1.004067098
0.608793814
1.00401546
0.5795926899999999
0.63752873
1.001360952
1.002866726
1.001863152
0.207602882
1.00532682
0.688681216
1.0056187
0.763984364
0.957605788
0.617349344
1.093791014
1.004198564
1.00330481
1.004691864
1.004546172
0.6114659339999999
0.908115228
1.002101582
1.005291524
1.005762346
1.002164714
0.450834738
1.004576718
1.005477446
1.006434032
1.003262624
0.975716468
0.573349562
0.76563499
1.003124376
0.8264543
1.005145658
0.401833318
0.8809412280000001
0.553902014
1.005291524
0.843071216
0.7914889500000001
0.818360236
0.764808786
1.004456898
0.5497100779999999
0.634264624
1.00256942
0.62619898
1.00364242
0.49221191
1.004461596
0.542504824
0.522100048
0.964177512
0.671889658
1.005216234
0.8032976220000001
1.002656018
0.5224525280000001
1.004301882
0.422498466
0.8156467300000001
0.999799176
0.429852218
0.877005396
0.5230843700000001
0.879022874
0.8318228000000001
1.005235056
0.502722836
0.983469188
1.003150148
1.003938014
1.005364472
0.281894694
1.0037596979999999
0.212454284
0.477346942
0.643442722
1.0720774240000002
1.000358058
0.974032548
1.00427605
1.002581122
0.71847907
0.978579828
0.84624895
1.004257264
1.005171534
1.004748272
1.005573964
1.002124964
0.31402042799999996
0.678550576
1.0037596979999999
1.092280556
1.00510567
0.893035992
1.001942616
1.001487038
1.003473586
0.847392654
1.0052585840000001
1.003726858
1.005180944
1.003051752
0.659954994
1.00417039
1.00075431
0.5617009000000001
0.718185926
0.46836697400000005
1.003952094
1.003267312
0.47855908599999997
0.64246002
1.003914548
0.362611574
0.34470180800000005
0.6570523580000001
0.832095152
1.004130478
1.003900468
1.004069446
0.7532770520000001
1.001958978
1.005091558
0.7516476519999999
0.67859882
0.99922697
1.0055551299999999
1.00369871
1.007033414
1.005604572
1.00504687
1.005298584
1.005129192
0.984752228
0.650779244
1.001916906
1.005967292
1.003199354
1.004362942
1.005129192
1.006327916
0.6427349880000001
0.617940006
0.91132541
0.718618518
1.0042149980000001
0.846374022
1.004024848
0.0
0.7317333260000001
0.27415239
0.411553018
1.002627932
0.43408808
0.9818414639999999
0.368336008
0.719052834
1.00578119
1.004254916
1.008402392
1.002522618
1.0062548279999999
0.873756448
1.0434124340000002
0.8648571899999999
1.023456832
1.002433702
1.003054094
0.962837398
1.002574102
1.003295436
0.391532558
0.8160326059999999
0.7411582
1.005169182
1.003489998
0.7308268859999999
1.003138434
1.0062548279999999
0.388726334
0.872923574
1.004487438
1.0039474
0.76446302
1.005651664
0.926968024
1.005590446
0.491736846
1.00749169
0.8462056
1.00877424
1.073132822
1.0060591920000002
0.554316642
0.7532123199999999
1.005293878
1.005854208
1.004034238
1.0049692639999999
1.00316655
0.8587839159999999
1.004097614
1.003961482
0.896819512
1.004257264
0.553677088
1.003670564
0.642507112
1.003654146
1.005011594
0.5484934899999999
0.408611376
0.250752982
1.005084502
0.59470196
0.983631356
1.004222042
1.005053926
0.9820771939999999
0.777670862
0.816556992
1.004196216
0.899816326
1.003816002
0.7750340240000001
0.940871894
0.560342248
0.661184306
1.022097778
0.8802804
1.004130478
0.58013287
0.75171606
0.817436616
1.002901852
0.740608648
0.93266869
0.27085401400000003
1.00305878
0.749325218
0.453898302
0.814702948
0.619126512
0.791554592
0.751742374
1.002534318
1.003520478
1.003145462
1.005404482
0.991078448
0.875055986
1.003400912
0.588721046
1.00447804
1.0052209380000001
0.556699866
0.9023495500000001
0.61995674
0.765467152
1.005183298
0.9482294339999999
1.006832754
1.0037080919999999
0.847063418
0.443111326
1.0029721120000001
1.00473887
1.00420091
0.8016872519999999
0.9989689939999999
0.775841834
1.0034056
0.9274644500000001
1.00262325
0.81741017
0.6352252140000001
0.956697108
1.002983822
1.0059531560000001
1.003206384
1.070204798
0.8833764159999999
0.857008628
1.132143444
1.00400842
1.005267994
1.0033751260000001
0.7899139079999999
1.003665872
0.815682358
1.002693472
1.0055551299999999
1.00587541
1.002003392
0.8500273700000001
0.876915866
1.003867618
0.76323088
1.05689752
0.518512334
0.35172072600000004
0.634154118
1.004280746
1.06891567
1.004257264
0.40843690600000004
0.5472550780000001
0.678639566
1.00320404
0.708330208
1.209424088
0.482644586
0.626069362
1.005663438
1.0060450520000002
0.9232756000000001
0.5800419859999999
0.696939656
1.00274029
1.003175922
1.002838626
0.5537513300000001
1.003747968
0.97570317
0.889534746
1.004600214
0.594363714
1.004684814
0.679095602
0.830336874
1.004576718
0.5671953
1.099573556
0.721800784
1.002611548
1.00643639
0.9078042799999999
1.004189172
1.1321344899999999
1.002022092
0.875998338
0.7735293000000001
0.8139263560000001
1.00508215
1.004095266
1.004132826
0.6035309
1.00380427
1.0039028140000001
1.004804686
0.753109304
0.775777372
1.00473887
1.00204547
0.90364053
0.892807656
0.625782022
0.566052324
1.0830014860000001
0.9407791539999999
1.00197534
0.75160556
0.508278348
0.777478
1.004053014
0.8165197359999999
1.0018234240000001
1.0406466579999998
0.82832873
0.937956244
0.916911064
1.004941048
1.002744974
0.874833188
1.006556682
0.576927726
0.78973816
0.984427204
1.003508756
1.003783156
0.7086364039999999
0.983160764
0.51809077
1.0036869819999998
1.005581028
1.00328606
0.619469416
1.007193998
1.004459248
1.0054727380000001
1.00614875
1.002756678
0.985190444
0.731034622
0.6786663740000001
0.572401292
1.003675254
0.719086544
0.923120816
1.003851194
0.892803944
0.5967063920000001
0.8913790420000001
0.8760233540000001
1.001349278
0.8157737660000001
1.004823492
0.936242858
1.005651664
0.945898864
0.894747572
0.9629518100000001
0.5304773340000001
0.999345544
0.297852072
0.71035225
1.005439786
0.67782773
1.0048611079999998
1.00572231
0.741179942
1.006115754
1.002988508
0.89346513
1.002730926
0.969341338
0.838814928
0.834014718
0.818240188
1.006264258
1.002761362
0.7905856619999999
0.731055774
1.003489998
1.003930974
1.004254916
1.003440764
1.003623658
0.5413703759999999
0.627279994
0.602028452
0.94818966
0.670567902
0.30754675400000003
0.231694876
1.0060262
0.64993331
0.640927972
1.004146912
0.98700392
0.62563435
0.596227606
1.004308926
1.006063906
0.602897198
0.99485942
0.27233219000000003
0.617951564
0.3950267
1.0070593860000001
1.006332632
0.756186834
1.004666012
1.004729468
1.005934308
0.689220524
0.603589424
1.00643639
1.020698666
0.476716976
0.367809236
0.76563772
0.376698316
1.0036635280000001
1.004433408
1.003009588
1.003466552
0.523899808
1.00031845
0.757027862
0.450235004
0.9260486419999999
0.678629914
1.004903426
0.872638028
0.677994652
0.37959816999999996
1.0032204420000002
1.1488446719999998
0.8059218899999999
1.004496834
1.005755282
1.005227996
1.004355896
1.004534424
0.553858442
0.9001727620000001
1.003192324
1.004534424
1.00423613
0.97679937
0.87481537
1.004339456
0.627210374
0.507913494
1.069008788
0.963165598
0.5133829980000001
0.567360136
0.814716856
0.7531462800000001
0.823724856
0.617904446
1.04503472
0.901204054
1.13740825
0.72047132
1.006174678
0.779865216
0.819332834
1.003384502
0.769427484
1.0068421939999999
1.003745622
1.004222042
1.006861076
0.825740874
0.999433912
1.00486581
1.003117348
0.650962704
1.004912832
1.004067098
1.006012062
0.962917268
1.002094568
1.0055998640000001
1.003300122
0.618405336
1.002372876
1.004581416
0.729092506
0.8917084599999999
1.005908392
1.003534548
0.69049367
1.004755324
0.467828746
0.840129198
0.996442776
0.993400554
0.922395216
0.58048649
1.005119784
1.006681722
0.633145422
0.70900021
1.004330062
0.5816562639999999
0.875696494
0.546631704
1.002627932
0.804284424
1.004901076
0.983388124
0.89499928
1.0038113100000001
1.00232609
1.005830652
1.0058706979999998
0.893675206
0.68658947
0.774262786
0.559609964
0.9279594019999999
1.003987296
1.00658499
0.354170068
1.003267312
0.776919666
0.477425472
0.9766438879999999
0.46807500399999996
1.037862904
1.0030845480000001
1.002094568
0.9517258160000001
0.94727995
1.002726244
1.00347593
0.433810542
1.004160998
1.00343842
0.8726894479999999
1.004745922
0.844282678
0.48265218
0.8617769980000001
0.553772748
0.846986578
0.9853305739999999
1.004123436
0.98304375
0.554549248
1.00426196
1.00275902
1.004901076
0.9937269320000001
1.005098614
0.8758875779999999
0.69908594
1.004409918
1.004470994
0.9989597
1.004346502
0.9054923
0.923625046
0.496770366
0.9823894299999999
1.005366826
0.791591064
1.003989644
1.005444494
0.575050684
0.84427604
0.755609462
0.779793004
1.001617828
1.00377612
1.00555984
0.999927198
1.00400842
0.9814151900000001
0.8539704060000001
1.005458616
0.981780864
0.92673001
0.861553998
0.63590049
1.0056445999999999
0.50244995
1.00447804
0.46404236400000004
0.823060292
0.76530484
0.642961102
1.004043626
1.0041750839999999
1.00407414
0.721116068
1.003557996
0.674270354
0.777614542
1.003489998
1.00655904
0.687382836
1.003710438
0.310876286
0.40888134200000004
0.472781274
0.932966508
0.529147346
1.004022502
0.802460142
0.929682822
1.004581416
1.004013114
1.002794138
1.002922928
1.000882576
1.006096898
1.004029542
0.911681348
0.915620952
1.005505694
0.969076696
0.788249632
1.00375266
0.649611862
0.7310769279999999
0.73535776
1.004341806
0.930470328
1.00544214
1.047821344
0.993609686
0.63319396
1.004104656
0.775200488
1.004609614
0.9485163280000001
0.793250448
0.7782359179999999
0.6337882220000001
0.627824654
0.84910982
0.5286979039999999
0.328067458
1.00512684
1.0047083159999999
1.005696406
1.003229816
1.003611932
0.5895420739999999
0.6423812259999999
0.9243466140000001
0.876817404
1.0054468460000001
0.415246306
1.003000218
1.004388778
0.841696594
1.006379792
0.765426226
0.7516581760000001
1.001968328
0.8068757419999999
0.5741727640000001
1.004957508
0.831474964
1.05229861
1.004649562
1.002475818
1.00289951
0.5445359359999999
0.650796008
1.0038066159999999
1.0029112199999999
0.6784273160000001
0.238732374
0.286967072
1.0025975059999999
0.908783912
0.7532057160000001
1.002946348
0.620074886
1.004821142
1.00395444
0.690029962
0.496676728
1.004445152
1.004391128
0.8423916060000001
1.0021506839999998
1.00520447
1.005988498
1.004788232
1.004259612
1.004743572
1.002501558
1.00406475
1.005500986
0.8617804579999999
0.993487874
0.7530762919999999
0.9101319539999999
1.004919886
0.8948519680000001
0.7324933260000001
1.003989644
1.003494688
0.603000466
1.004022502
0.620487856
1.005898968
0.708844582
0.967500584
1.0050962620000001
1.00563989
0.349247084
0.9605226219999999
1.005573964
1.002298022
0.815690104
0.9529357740000001
0.927150118
0.801699222
0.6689344620000001
1.003963828
0.80157354
0.800899418
0.477964212
1.002897168
0.486692876
0.776817086
1.004010766
0.799965598
0.892865194
0.9409502240000001
0.573846726
0.687979614
1.002953374
0.348646058
0.506481396
0.893930032
0.776402832
0.678590244
1.0476603199999999
0.931729884
0.832956892
1.003747968
1.004156302
0.766892712
0.890648902
1.005788256
0.8033051339999999
0.985660718
0.541759616
1.00351579
0.821101278
1.00380427
0.775136132
0.609359564
1.003731548
1.004720068
1.102033786
0.874817152
0.5187196159999999
0.791255646
0.532838656
1.003623658
1.004395826
1.005486862
1.00314312
1.00345483
1.0048752140000001
1.004125784
1.0052962300000001
0.762420682
1.004365292
1.0048705119999999
0.988052934
1.003738586
1.004069446
1.0022933440000001
1.0736800880000001
0.634746432
0.969431044
1.004807038
0.6710100059999999
0.45495462600000003
0.52500899
0.997284972
0.506117922
0.5684978700000001
1.002876092
1.005651664
1.00448274
0.6186217799999999
0.31978348999999995
1.003431386
0.847133588
0.7777623979999999
1.003145462
0.871840906
0.728154322
1.00527976
0.650793048
1.002953374
0.9830685
0.554615846
1.004222042
1.00557632
0.7191503579999999
1.00518565
1.047882698
0.943152876
0.573822192
0.660218758
1.002754338
0.890885374
1.00511508
1.00150105
0.261558272
1.002641974
1.004995132
1.00570818
1.004760024
0.685501304
1.00505863
0.659938768
0.875951888
1.00650007
1.0029112199999999
0.491847218
1.002955716
1.003267312
0.530314894
1.003382158
0.210487364
0.29641213
1.002791798
0.574606006
0.573309764
1.015176304
1.006674642
1.004522678
0.117464886
1.006731274
1.004804686
0.800911366
0.718511524
0.458908644
1.003813656
1.006669924
0.925663444
0.9837304840000001
1.003729202
1.005404482
0.94115229
1.0038066159999999
1.00570347
1.00619118
0.92918402
0.7538932079999999
1.006089828
0.7210543239999999
0.454682022
0.425696958
0.376326664
1.0040483199999999
0.50256636
0.73108564
0.229771762
0.66948084
1.0053927139999999
0.936632828
0.74266148
0.709644514
0.659455434
1.004369988
0.510282636
1.004377036
0.23557056399999998
1.003827732
0.650204872
0.40492850199999997
1.005013946
0.471045794
1.003975562
0.561243618
0.74130531
1.004196216
1.004485088
0.6783705240000001
0.864815396
0.845149904
1.004771778
0.687309136
1.1459724679999999
1.003848848
0.851068312
0.996912286
0.776597968
0.859822328
0.989637482
0.299656686
0.985613218
0.861802936
0.6605518060000001
0.96671445
1.001627172
0.5681121060000001
0.66304098
0.431062348
0.871646276
1.001559436
1.0022044700000001
1.002695812
0.5756109699999999
0.777475186
0.893827712
0.688545418
1.001526738
1.003562686
1.003311842
0.9829807540000001
1.004941048
1.00590368
0.843183764
0.797550192
0.965310868
1.003478276
1.1054090300000001
0.9580778719999999
0.962798548
1.00499278
0.573801494
0.35962606199999997
1.006575554
1.002864384
1.005635182
1.002403288
1.004165694
1.004045972
1.054088346
1.004548522
0.971690074
0.947008422
1.0038066159999999
1.0064741259999999
1.005293878
1.005169182
0.98667061
1.0050045380000001
0.710890746
1.007427884
1.006094542
0.9073900119999999
1.00604034
1.005188002
1.005011594
1.002101582
0.73339514
1.000908234
1.002953374
0.602981842
0.566783626
1.0043347599999999
0.492188784
1.00481644
1.004339456
1.005348
1.004536774
1.0041774319999999
1.001097206
0.818612922
1.004327714
0.966592616
1.004219694
0.998962024
0.972861002
1.00447804
1.001564106
0.525021184
0.922619118
0.5421282
0.829192288
0.8066878199999999
1.00448274
0.56046948
1.002239548
0.928458896
0.708932334
1.004877564
1.004384082
0.84614225
1.030593452
1.006195894
1.004673062
0.658233544
0.6435285260000001
1.004398174
1.029111818
1.006526016
1.0078841539999999
0.927146116
0.611329292
1.004414616
0.208462794
1.004752972
0.89063782
0.739607496
0.791647966
0.388645782
0.9850548720000001
1.00477883
1.005458616
0.711378212
0.8320500160000001
0.342052402
1.059954466
0.988507744
0.44254699799999997
0.541873762
0.7381761659999999
0.660025986
0.789804964
0.7632200299999999
0.803583184
0.6190283560000001
0.8016229100000001
0.741109602
0.762381434
0.6773648480000001
0.80358168
0.961783062
0.87795016
0.643562274
0.753106662
0.791391236
1.00456027
0.984675466
0.944015248
0.6701838920000001
0.38866477400000005
1.0039028140000001
1.005300936
0.985923182
0.23299160800000002
1.004168042
1.00687996
1.006868158
0.970004674
0.502250766
0.30726117
1.003271998
0.6439569239999999
0.68914643
1.004111698
0.483191914
0.75011043
1.0059248840000001
0.844191408
0.686664114
0.9653781300000001
0.9989178799999999
1.00114621
0.817452174
0.8309891260000001
0.862583532
0.907929018
0.650749662
0.8747779520000001
0.765509446
0.07534310000000001
0.698253994
0.697025616
0.595780992
1.1551821660000001
0.8166501479999999
0.985647146
0.7774540759999999
0.843245016
0.8329698160000001
0.841393196
0.7231996980000001
0.446250768
0.497993782
0.962742434
0.7102582740000001
1.00407414
0.553025478
1.003618966
0.804245266
1.002178746
0.891040626
0.9753641559999999
1.0876556599999998
0.615862162
1.006721834
0.731899168
0.860908118
0.6829549819999999
0.6551900439999999
1.002679426
1.005053926
0.947296666
0.529077598
0.946833056
0.948254558
0.7889026179999999
0.8698456539999999
0.450009042
0.9763064419999999
0.499776268
0.97176922
1.003884044
0.7914656139999999
1.006012062
0.475164294
0.894786718
0.98575347
0.468075514
0.64070233
0.482916466
1.004459248
0.982456846
1.003023642
0.942234198
0.686064134
0.77577597
0.876037648
1.0409770699999998
1.003122032
1.003914548
1.003614276
1.006264258
1.003468898
0.961645242
1.0045085820000001
0.541741166
0.7401848999999999
1.0032649679999999
1.004847002
1.004125784
0.12918818999999998
1.0048705119999999
0.67067785
0.741201688
1.003928628
1.005122136
0.729989682
1.004384082
0.931598522
0.7501196
1.093916376
0.686048792
0.303780938
1.00369871
1.060027716
0.228292746
0.8404728
0.65201516
0.535009746
0.285567926
0.46844462
0.66585853
1.006078046
0.972383046
0.634175654
0.764740698
1.006113396
1.00401546
0.859786182
1.00309392
0.983077502
0.659433158
0.497029638
0.9376020119999999
1.003616622
0.566000854
1.105949848
0.45920647000000003
1.0053032899999998
1.003478276
0.563371188
0.983185522
0.963963276
0.741178664
0.359854758
1.001652868
1.002871408
0.50777118
1.004254916
1.003891082
0.77489559
0.46869817599999997
1.001935604
0.8296199360000001
1.0235324399999999
0.946611852
1.005060982
1.002019754
0.976470696
0.687408138
1.003799578
0.5299288440000001
1.00517624
0.617541074
1.0042924880000001
1.00858473
1.004132826
0.909082062
1.00507039
0.8173183940000001
0.7095354859999999
1.0059295959999999
1.003260282
0.595817358
1.0066274560000001
0.971432936
1.004839948
1.013889398
1.007536594
0.5886831220000001
0.594288874
0.49582296800000003
1.00520447
1.002913562
0.659832314
0.789430428
1.004532076
0.720335986
0.755566926
1.0067949919999999
0.8658457620000001
1.0047224179999998
0.719824106
1.001526738
1.006426956
1.0058706979999998
1.004186824
1.000397668
0.78641664
0.985687862
0.9837575239999999
0.680428586
1.005581028
1.003311842
0.8926851840000001
1.004114046
0.7798553020000001
0.6440467280000001
0.530202948
0.519081972
0.9566864540000001
1.003344654
0.707456316
1.0034853080000001
0.86188076
1.0054492
1.002747314
0.651379326
0.3027819
1.005840076
0.70119053
1.002349482
0.8191390679999999
1.00420091
1.00230036
0.7641243640000001
1.002639634
1.004762376
0.983773296
0.618513094
1.003543926
0.892636946
1.004586116
0.473448884
0.64241101
1.00379254
0.999810814
1.006894124
1.114562682
1.0016388520000001
1.004981022
1.0042455240000001
1.00445455
0.454417918
0.988257546
1.00307752
1.003056436
1.003989644
0.601536878
1.005056278
0.792427928
1.008011888
0.687321234
0.908764684
0.729354986
1.006188822
0.9482734
0.8608874120000001
1.243303564
0.64511374
1.004536774
0.6174744879999999
0.8300993600000001
1.061153886
0.8618184999999999
0.377108778
1.002108596
0.71974208
0.652486654
0.755360958
0.850057654
0.717720272
0.907871442
1.003356374
0.7170133439999999
1.005484508
0.54770311
1.005621054
1.0066133
1.0027145400000002
0.446481326
0.67791225
0.541405862
0.376723428
1.004593164
0.245077292
0.476475816
1.005854208
0.594814796
1.005159772
1.006372718
1.0034853080000001
0.999099128
0.80006544
1.004414616
0.704804736
1.00369871
1.001676228
0.9854617019999999
1.005444494
1.0021436700000002
0.359325792
0.926000724
0.77825707
0.588246928
1.006085116
0.764765208
1.027592638
0.671142122
0.832048404
1.00492929
0.5667424919999999
0.481977312
0.860770088
0.927164128
0.9652718159999999
1.00678319
0.983894992
0.60305804
0.938673716
0.7102136440000001
0.8618323339999999
0.8925163740000001
0.701503188
0.831942032
1.005086854
1.003450142
0.323558988
0.922413046
1.055546836
1.002833942
0.560915978
1.002723904
0.93137226
0.842249538
1.003661182
0.6706736600000001
0.6607123579999999
1.006070976
1.003112662
1.005960224
1.0061699640000001
0.9468205319999999
0.794024764
1.004461596
1.002705176
0.679209438
0.652455926
1.132113602
1.004395826
0.846303978
0.832195112
0.455205846
1.005451554
0.914468794
1.004085876
0.884192958
0.803236028
1.002946348
1.0030611219999999
0.888496886
1.00492929
0.764586862
1.0047341699999999
0.818184074
0.292013144
0.804028466
1.0043371079999999
0.8024436500000001
0.373692808
0.64347357
1.005606926
0.510614478
0.871842676
0.799200476
0.882099164
1.0043347599999999
0.416146338
0.876983908
0.8155476079999999
0.574234176
0.602591838
1.002003392
0.350047214
0.719693838
1.00325325
1.00445455
0.329925026
0.6658647240000001
0.468354716
1.002712198
1.004107004
1.004060056
1.00245008
0.594838686
1.002932296
0.6707344080000001
1.00386058
0.6508009379999999
1.007758816
1.0060874720000001
1.004102308
1.001923918
0.733842492
1.002862042
1.0036048960000001
0.8892861000000001
1.00478588
0.710093874
1.006092186
0.7413219440000001
1.00093156
0.823705898
1.024892868
0.790552194
0.948076636
1.002974454
0.709434694
0.9603508040000001
1.004053014
1.003783156
0.767746758
0.992870074
1.004654262
0.699493542
0.519204336
1.002810528
0.524576798
1.001949628
1.00256708
1.005077446
1.004360594
1.005277406
0.864295046
0.5668554400000001
1.0046871640000001
0.6010848019999999
0.6617129939999999
0.35985928
0.9527856819999999
0.9643875120000001
1.004837598
0.829289952
1.004339456
0.642948588
1.006349138
0.7631820579999999
0.659442272
0.971545004
0.688013778
0.850168708
0.6897784020000001
0.84406532
1.004647212
0.679124594
0.809601302
1.001767344
1.004259612
1.00408353
0.8429950979999999
0.642937038
0.61750112
1.000369708
1.002803504
0.454680578
0.821951398
1.001729962
0.7906278680000001
1.00509391
1.00456262
0.895027256
0.947373978
0.8937031
0.997532812
0.6179977999999999
1.004642512
0.9847319059999999
0.912271966
1.002815212
0.876026926
1.0584107440000001
0.95691239
0.709556586
0.153794136
0.875959034
1.00232375
0.964145046
0.58194077
0.473121878
0.516625644
1.00351579
0.38268515200000003
1.002819894
0.548160972
1.00417978
0.859801672
0.7806065139999999
1.004485088
0.5809937559999999
0.69823583
1.0041633460000001
0.6094131700000001
0.542106304
0.776784774
1.002148346
0.927861172
0.98844632
1.005053926
0.7523692
0.530590708
0.467556788
1.002216162
1.004013114
0.720426606
1.004988078
0.507840226
1.005216234
1.004595514
0.721829898
1.004668362
0.8396594599999999
1.005910748
0.943391116
1.002686448
1.00383477
0.690522534
0.98185493
1.008239054
1.0054986320000001
1.003468898
1.003989644
0.844224594
0.659426072
0.83663685
0.860766638
1.003799578
0.835809768
0.942583664
0.496618722
0.5873572
0.754694658
1.0046072639999999
1.002974454
1.002616228
1.0040365839999998
0.93870449
1.005138602
0.710291164
0.8728047219999999
1.001982352
0.601905272
1.0028784339999999
1.003051752
1.10586442
1.00376439
0.926948018
1.004506232
1.003611932
1.004682464
1.004825844
0.952916746
1.004691864
1.003482964
1.00304004
0.93863679
1.000877912
0.891704756
0.7524126959999999
1.006108684
0.481370678
0.8707944660000001
0.878954516
0.601991324
0.446051484
1.004698914
0.450571302
0.7639897999999999
0.9123223500000001
0.766194988
0.541405862
0.986111064
0.47280625600000004
1.002946348
1.004459248
0.49672784999999997
0.569243808
1.005519818
0.991275164
1.068899708
0.301860678
1.005946088
1.005863632
0.913471046
0.721118488
0.928095756
0.5617471839999999
0.48196974
0.764057756
0.947131634
0.518137646
0.9514496259999999
1.003848848
0.49677094
0.699705502
0.482283638
0.547270418
0.698803856
1.004186824
1.005023352
1.002768384
1.0036048960000001
0.618084068
1.003907508
1.0024898580000001
1.005484508
0.617932004
0.431052398
0.98053689
0.993515452
1.0676349520000001
0.858859478
1.003710438
1.00849
0.9458072120000001
0.385692478
1.005307996
0.502176774
1.0032157560000001
1.004193868
1.005404482
0.6496531320000001
1.004981022
0.969249462
0.50241351
1.005493924
0.964103926
0.678574162
1.005444494
1.006915368
1.002665382
1.003187638
0.39482407
0.5291440860000001
0.641870494
1.005976718
1.004579066
1.00330481
0.668320332
1.002751996
1.00173697
0.901205946
1.002431362
1.0032251300000001
0.651815278
0.803470438
1.0024898580000001
1.0022910040000002
0.941098672
0.845144914
0.923509858
0.776516532
1.002677086
1.004006072
0.753159488
0.651413904
0.8061215580000001
0.34699516
1.005199766
1.0153683
1.001701926
0.35825219199999997
0.9985114740000001
1.004463946
1.004344154
1.003257938
1.00484465
0.641815822
1.004588466
0.6893831460000001
0.486027018
1.0860384939999999
0.679108486
0.835471592
1.0029440059999999
1.004325366
0.84718706
0.65879693
0.72053659
0.984560348
1.005430372
1.002148346
1.004715366
0.650196014
1.0031524920000001
1.004271354
1.004306578
1.0065071460000001
0.734652118
1.003869964
0.825650394
0.964279254
0.719953214
0.5790706880000001
0.9225022
0.46777779399999997
0.587788052
1.0060262
1.0082082860000001
0.678591316
1.002494538
0.634740802
1.002808186
0.9869948460000001
0.69080908
0.77267069
1.002915902
1.004760024
1.003830078
0.730268952
0.912200276
0.999238594
1.0057340860000001
1.0190131740000001
0.9997153980000001
1.0043347599999999
1.006122824
0.7303049620000001
0.9741651020000001
1.0049998359999999
0.641350998
0.669370242
1.091420102
1.003269656
1.00478118
0.875950102
1.055036036
1.004139868
1.0042455240000001
1.003300122
0.708134006
0.634240272
0.877763556
0.49776465400000003
0.679299674
0.862673624
0.555020068
0.985991082
0.723294694
1.005828298
0.56634641
0.530199674
1.140861562
1.005882478
1.005934308
1.0029112199999999
0.831434724
0.98538483
1.0052209380000001
1.005056278
1.003532202
1.003433732
1.0062006079999999
1.003916894
1.005508048
1.0033587179999999
1.002099244
1.005750572
1.0057859
1.003419666
0.98726483
1.017475432
0.518695184
1.000386018
1.003851194
1.00600735
0.916480622
0.964060644
0.82906104
1.003257938
1.004264308
1.002494538
0.790576932
0.688569704
0.79061768
0.634678896
1.005835364
0.928081718
0.7423598220000001
0.9295460000000001
0.8936584719999999
1.072369192
1.003536892
1.028535134
0.810427764
0.601559626
0.760009784
0.282103364
1.005508048
0.964158032
1.003407944
0.877272304
1.00360724
0.818221482
0.76634537
1.002609208
1.001879512
0.616908638
0.901226748
0.449490518
0.691054722
0.805962724
1.00440522
0.753335186
1.00386058
1.004811738
0.820133876
1.004355896
0.9492122900000001
1.0052962300000001
0.568627326
0.859922176
0.689827148
1.002110934
0.938653202
0.6175428500000001
0.5298602
0.8042919540000001
0.6336610540000001
0.635944744
1.003522824
0.819310952
0.7920713500000001
0.573362572
1.003243876
1.0038981219999998
1.007326284
0.58579585
0.677972176
0.97026544
0.983156264
1.044122674
0.58984326
0.36297717
1.00377612
1.002922928
0.90712554
0.517369322
0.8152983580000001
1.004271354
1.005286818
1.005908392
0.908972398
1.00514801
1.005098614
1.002754338
0.983361104
0.8165725159999999
1.002934638
1.003497032
1.005428018
0.5468864539999999
1.001543086
1.003513444
0.752636842
1.004858756
1.002094568
1.004433408
1.00596258
1.002686448
0.633930412
1.003426698
0.634198128
1.002927612
1.003175922
1.003281374
1.003938014
0.9192463820000001
1.002866726
0.728894532
0.788096314
0.54151235
0.895938374
0.943246086
0.34471979199999997
0.8783541420000001
0.625243628
0.5068681199999999
1.003110318
0.6358957820000001
1.004654262
1.005227996
0.73042792
1.003618966
1.0029510320000001
0.67733387
0.5141598300000001
0.7767004879999999
1.001769682
1.0025975059999999
0.6439800960000001
1.00159447
1.004198564
0.8112314
1.003630692
1.005291524
0.98578967
0.599621278
0.643589276
0.49120707399999997
1.005762346
0.54738062
0.8173323920000001
0.719054038
0.6496934240000001
0.6346338819999999
1.001517396
1.03964158
0.954195448
0.8842930840000001
0.996317956
0.46933070400000004
0.947497286
0.580044338
1.003794886
0.728866082
1.004981022
0.7632024000000001
0.562119198
0.79063951
0.588771082
0.642337992
0.698980132
1.001379628
0.988289382
0.48510368
0.668875082
0.535564804
1.003733894
1.001160212
0.530588086
0.603016552
1.006478842
0.430778296
0.720588572
1.004581416
0.975085146
0.507208712
1.003145462
1.034792244
0.923519786
0.76555038
0.618939148
0.9829807540000001
1.001143876
0.97402813
1.00211561
0.6892183119999999
0.641340464
0.946964574
0.866161814
0.5351324
0.725867844
0.689209464
0.7441541079999999
0.573786928
1.005934308
1.002440722
0.789773014
0.741911
1.002988508
0.916707532
0.6342365240000001
0.967707674
0.688002758
1.002417326
0.912231276
1.027897592
0.742824604
1.003649456
1.004022502
1.004393476
1.005661082
0.642827338
1.005310348
0.890759732
0.7775497840000001
0.9754571959999999
0.589591442
1.004891672
0.7203637740000001
0.8329972800000001
1.0048752140000001
0.86187903
1.004384082
0.99995979
0.889392908
1.003999032
0.6385618940000001
0.68179387
1.031605882
1.0052138800000001
1.0044686440000001
0.888175348
0.128277096
1.004957508
1.004590816
1.00401546
0.91680733
0.405326694
0.992310356
0.563476142
0.609465056
0.58773979
1.004196216
1.001846794
1.002113272
1.003267312
1.002611548
1.00572231
1.001816414
1.003895776
1.002962744
0.893645456
1.003124376
1.003959134
1.001515062
0.991032712
1.005380946
1.003952094
1.005300936
1.002524958
0.911424038
0.699537976
0.297858682
1.003600206
0.642976502
0.604471192
1.002176406
0.944623588
1.00408353
0.68979945
0.643991684
0.80970509
0.462862148
1.004593164
0.698256264
1.003787848
1.003433732
1.004501534
1.003705746
0.6110866180000001
0.976608356
0.90265867
0.80510308
1.003966174
1.004745922
0.975718686
1.00668644
0.707419028
1.00422439
0.877826346
1.012832604
1.003440764
0.98828256
1.002976796
1.002744974
0.642328386
0.580398632
1.002583462
0.617862668
1.002288666
0.995036894
0.450582172
0.815728834
1.004278398
0.382650716
0.58839924
0.9805637540000001
0.573351092
1.005475092
1.002679426
1.005359766
1.003966174
1.002960402
0.928501048
1.006120468
1.004412268
0.477037314
0.86086843
1.00426196
1.0057175999999999
0.41828624000000003
1.0046871640000001
1.004365292
1.004067098
0.88207199
1.0644491820000002
1.00289951
0.434442422
0.602605364
1.00490813
0.607954468
1.004762376
0.97128355
0.5953069900000001
0.688564184
1.004388778
0.5138356599999999
0.688598406
0.660472576
1.004891672
0.987006188
0.709455788
0.468404262
1.013523336
0.878334382
1.002529638
0.648006448
1.003234504
0.5477561980000001
0.555846828
1.1748075839999998
1.003466552
1.00300256
0.816564754
0.6601000380000001
1.003117348
1.004067098
0.882178884
1.002422004
0.998908588
1.003307154
0.7899284360000001
0.6809107780000001
0.770973012
0.73017708
0.8810605
0.8032165
0.678590244
1.00268879
1.004569668
0.9003425939999999
0.53588689
0.832183826
0.987026602
1.004475692
1.003921588
1.002862042
1.001216224
1.003086892
1.004254916
1.005802388
1.004135174
0.985197224
0.471284074
1.003630692
1.004344154
0.751670014
1.003489998
0.617956898
1.004609614
1.003783156
0.9248800660000001
0.617787126
0.33260440799999996
0.46630194199999997
1.001697254
1.001697254
1.140873684
0.892701882
1.002349482
1.00384181
1.00315952
1.004071792
0.7540613039999999
0.68779893
0.8605665739999999
1.003009588
0.6385144279999999
1.00310329
0.739820254
1.006309054
0.84605891
1.005797676
1.006002636
1.00403189
0.5425377180000001
0.830974656
0.547418294
0.996882206
0.6353859079999999
1.003539236
0.924501808
0.7426743219999999
1.010989694
0.491785268
1.00600735
1.003747968
1.002850334
0.9884576939999999
1.005847142
0.5675603180000001
1.005002186
1.004395826
0.79069191
0.909118624
1.0029510320000001
0.401645054
0.853829498
0.579046486
1.004330062
1.004285442
0.7448458339999999
0.982744588
1.001671556
1.003595516
1.004125784
1.002595164
0.966662232
1.016480912
1.100413086
0.920278484
1.006129896
0.845173188
0.8903479519999999
0.9100316759999999
1.0056187
1.0053032899999998
0.642887958
1.004489786
0.9715494
1.0022933440000001
1.0033235600000001
0.915400434
0.73900556
0.9854820519999999
1.003909854
1.004602564
1.003689328
1.0020805400000001
1.005119784
0.609918572
0.9823422460000001
1.003712784
1.002482838
0.8050925160000001
1.006078046
0.698325518
0.844322512
0.874833188
0.056762476
0.66063309
0.6103857739999999
1.003959134
0.997460994
1.00473652
0.625148072
1.006419882
0.459113204
1.004339456
0.49798627599999995
1.005764702
0.660615814
0.626164288
1.003091576
1.005251524
0.5948526900000001
0.523929844
0.52430464
0.83393375
1.002679426
1.0045085820000001
1.003581446
0.923827686
0.928075702
0.370576542
1.00334231
0.729573038
1.002862042
0.8530002799999999
0.9731277159999999
0.987269368
1.001655204
0.52503723
1.003257938
0.719078116
1.00359786
0.829985468
1.0047341699999999
0.815629692
0.61866188
0.9047293359999999
0.934930374
0.609797338
1.00536212
1.004060056
0.921579786
0.6180351500000001
1.005896612
1.0061817499999999
0.9363489960000001
0.92618044
1.005531588
1.002064174
1.002735608
0.68792011
0.77845173
1.004388778
0.701175648
1.004344154
0.299153886
0.678003214
0.94611348
0.386210628
0.698147302
0.939840412
0.41988185600000005
0.492429744
0.552989164
1.0026724040000001
0.631004104
0.999992386
0.6441230339999999
0.752408742
0.594293808
0.58088139
1.003056436
1.002634954
0.7538773280000001
0.6874257420000001
0.62569268
0.56047021
0.45544913200000003
0.627274496
1.0034032560000001
1.003297778
0.950352772
0.745863818
0.626771032
1.003539236
0.9059258539999999
0.871883384
0.860551056
0.603043644
0.9678167059999999
1.003473586
0.968886504
0.624118822
0.301420674
0.869794568
0.818350882
0.8862912300000001
0.982857034
1.005084502
1.00232609
0.983962616
0.574772872
1.002908878
1.006448182
0.8750827299999999
1.00356972
0.698815226
0.7419584220000001
1.0421541319999998
1.001561772
1.004602564
1.004041278
1.00383477
0.764814234
1.001358616
1.00425022
0.31722296
0.37405406199999996
0.651388218
1.004475692
0.742701292
1.004186824
0.603410496
1.004184476
1.004839948
0.60298438
0.362615248
0.491562378
1.003970868
0.634700468
1.004205606
0.7560257739999999
1.003689328
0.7304875500000001
0.602811734
0.698911886
0.788956236
0.818453806
1.004346502
1.003089234
0.832143516
0.609393284
1.005378594
0.06612999600000001
0.073525566
0.617011444
1.004901076
0.9482294339999999
0.495949498
0.470739642
0.652481698
1.004788232
0.5814279139999999
0.547306682
1.002709858
0.7782274579999999
0.730309928
0.7309686799999999
0.793927892
0.349562884
1.002953374
1.002665382
0.831112944
1.053845226
1.00342201
0.8570154680000001
1.000635402
0.85197658
0.50657578
1.038322062
0.762308364
0.9505105119999999
0.77833323
0.932956374
0.946935344
0.91013581
1.089073252
0.924758592
0.77923558
0.9269340140000001
1.004564968
0.944615278
0.997521228
0.7655640260000001
0.673063662
0.843198662
0.541674208
1.0043511999999999
1.003400912
0.43768716999999996
1.005056278
0.6424869280000001
0.7317333260000001
1.004182128
1.003082206
0.5375085319999999
1.004489786
0.860916748
1.0030213
1.003600206
1.003778464
1.003051752
1.004325366
0.984736422
0.547727556
0.801525672
0.6700500620000001
0.846088912
0.751559528
0.963007948
0.878294868
0.688494646
1.00423613
0.47311510399999995
0.5537920279999999
0.9340621680000001
0.641835004
1.0019309299999999
1.0049998359999999
1.004520328
1.004445152
1.004626062
1.004186824
0.98385217
0.709592926
1.00284331
0.859720782
0.8691679400000001
0.54409996
0.967104092
0.913267096
0.48322616399999996
0.9689477080000001
1.003033012
1.003963828
1.006761952
0.964305234
0.76626607
0.926006714
1.004184476
1.004804686
0.872920026
0.346795392
1.000644726
0.98570596
1.002679426
1.0046378120000001
0.463244558
0.66176805
1.0038066159999999
0.668250662
0.58726404
1.072248718
1.004534424
0.660806898
0.6682485840000001
1.004799986
1.005804742
0.502398818
0.669381716
1.00195664
0.9363061279999999
0.5953012139999999
1.003614276
0.99562508
0.3742493
0.893823992
1.003949748
0.509947592
0.68984266
1.0060262
0.8619170820000001
0.931614688
0.7303111699999999
0.74784695
1.002595164
0.739644434
0.587774378
0.50669949
1.005868342
0.6257774620000001
0.572411972
0.6898127439999999
1.003935668
0.5184334740000001
0.63535677
1.002939322
0.9839693780000001
0.709590582
1.007101892
0.789707668
0.40864481
1.004003726
0.781526946
1.0067761100000001
0.39883915999999997
1.0052562299999999
0.8993151540000001
1.004240826
0.814817324
1.0062949079999999
0.847963154
1.004604914
1.00398495
0.482267934
0.53596513
0.8580016100000001
1.000658714
1.003722166
1.002550698
0.8959495879999999
0.990954968
1.004654262
0.937372826
0.923378818
1.006533094
0.595768596
0.574307122
1.00410935
1.004205606
1.004790582
1.003384502
1.004355896
0.670127426
1.0749054100000002
1.00009484
1.004774128
0.8033937879999999
1.005934308
0.554262276
1.005665792
0.68850789
0.743374878
0.9363122519999999
0.529408894
0.882113658
0.617951564
0.5737984279999999
1.008760026
1.006330274
0.961516072
0.5575576959999999
1.002742632
0.741151804
1.003110318
1.0060167740000001
1.004088224
1.00195664
0.62525364
0.415051284
0.506459894
0.487310242
0.36033539600000003
0.853683548
0.8491652199999999
1.005286818
0.455258438
0.883087622
1.003014272
1.004355896
0.379146794
0.5237937460000001
1.0024921980000001
0.626228196
0.6179675680000001
0.669971672
1.0049692639999999
1.003778464
1.003328248
0.988255272
1.00356034
0.210588298
1.0049692639999999
1.005896612
1.00514801
0.895858016
1.004353548
0.765528548
0.9459947
1.0036025499999999
1.003745622
1.002927612
0.617016762
0.34420869800000004
1.00395444
1.003229816
0.982809804
0.610352814
0.677876942
1.000588778
1.001909894
0.97455414
1.003513444
1.003033012
1.003187638
0.574654442
0.741805926
0.83391594
0.612552544
0.48735669000000004
1.004522678
1.003987296
1.006594426
1.000372038
1.003234504
0.6330828940000001
0.665924602
1.004626062
1.005910748
0.430568846
0.5571280900000001
0.84808371
0.983172018
0.950754588
0.8677122319999999
0.962811498
0.891751042
0.966507786
0.8852481480000001
1.00518565
1.0153923059999999
0.594380164
0.633699386
0.617396378
0.84656921
1.0048752140000001
0.482882804
1.00582123
1.004701264
1.0037080919999999
1.005345646
0.595290488
0.875821494
0.7190829320000001
0.47767344
0.580986684
0.566400932
1.002976796
0.671156804
0.677933652
1.001942616
0.651351666
0.8758500699999999
0.847998314
1.003644764
1.00256006
0.559652256
0.9091397920000001
1.003961482
0.227319592
0.81848188
1.0034032560000001
1.004114046
0.996697136
0.659938768
0.35284560800000003
1.00473887
0.642427346
1.003595516
0.47830007799999996
0.55752947
0.979296064
1.003762044
0.669585212
1.00536918
1.0029510320000001
0.29751184599999997
1.002913562
0.325643486
0.601531824
1.005844786
1.01757909
0.438153324
0.6104439
1.005293878
1.003414976
0.687790118
0.75310006
1.006488278
1.005993212
0.5355320819999999
0.815797008
0.496737618
0.6173298220000001
0.936142864
0.587817816
1.004470994
0.710918988
0.873856002
0.860740762
0.908939696
0.764791082
1.00335403
0.977733302
0.57287618
0.7924147699999999
0.322119728
1.003044724
1.002379894
1.0451822199999998
0.46400125400000003
0.983933312
0.56799265
1.00319701
0.33190093000000004
1.005124488
0.9828660300000001
1.007338096
1.0014963780000001
0.753152884
0.5878379300000001
0.465152532
0.609500518
1.004034238
0.7081737060000001
1.005545714
1.007444426
0.986736346
1.0033188720000001
1.004795284
1.003949748
0.753170054
1.003773774
1.003586136
0.9122564660000001
0.68855756
0.619668724
0.906709978
0.753954084
1.005825942
0.668812588
0.481972444
1.002316734
1.00397791
0.459085232
0.984348238
1.05529267
0.984009956
0.997433198
0.5413772
1.002174068
1.002742632
0.9566672740000001
0.974317586
0.402095904
1.0037596979999999
1.0047224179999998
1.00376439
1.00201508
0.518770992
1.0055151100000002
0.6267984719999999
1.005830652
1.004189172
0.401390184
1.0030962620000001
1.005197412
0.730379476
1.0061369660000001
1.004809388
0.949375948
1.003302466
1.005936664
0.697553152
0.529589062
0.791734066
0.5813279680000001
0.926974026
0.8519901
1.003832424
0.778213356
0.731763246
1.005044518
0.889695056
0.983095504
1.004111698
0.45550999400000003
1.0035791
1.0067171160000001
1.007472784
0.339851406
1.003450142
1.004724768
0.7734248300000001
1.00417039
1.005861276
1.004527376
1.069112566
1.0035462720000001
1.002784774
1.004020154
1.003827732
0.982665892
1.005366826
1.001762672
1.0043347599999999
0.74403422
0.626233674
0.914357826
0.826587906
1.003243876
0.86078389
0.383102962
0.896136526
0.50238824
0.6363951600000001
1.0060262
1.00497867
1.00490813
0.8719276340000001
1.0048705119999999
0.486933452
0.938589612
0.34440163
1.0039966839999999
0.928368586
0.610833712
0.301959998
0.679909402
1.002791798
1.005792966
0.90340104
1.0038371160000001
0.8210227959999999
0.7177802440000001
1.004499184
0.93396264
1.002588144
1.0040365839999998
0.610371896
1.004365292
1.003396224
0.6159407680000001
1.001038874
0.55380131
0.84405205
0.780856294
1.005665792
0.48200111
1.00397791
0.9484262619999999
1.004750622
0.753016876
0.982557986
1.006096898
0.732574536
0.719025148
0.992851712
1.00718219
1.001788374
1.0008126099999999
0.679791028
1.001360952
1.002578782
1.001545422
0.574674432
0.602872656
1.001659876
0.542139834
0.679219104
0.7260469940000001
0.819239064
1.002808186
1.004755324
0.5229270619999999
0.8164902439999999
1.00061442
1.000269526
1.0036635280000001
0.8780632359999999
1.003536892
0.753094778
1.003881696
1.005164478
0.940956408
0.8310389699999999
0.699780744
0.40533357799999997
0.733862554
0.6605030460000001
0.730533522
0.108883582
1.0051621259999999
0.987126416
0.6606778040000001
1.00593902
0.89366033
0.09196412200000001
0.992780568
0.66349166
0.9742468639999999
0.827439868
0.910033604
1.003356374
1.004496834
1.002321412
0.5924264419999999
0.6990893539999999
0.861939568
1.004959858
1.002443062
1.003820694
1.003295436
0.87598226
0.891552974
1.007177466
1.00425022
0.81843665
0.43891362199999995
0.999294392
0.843230116
0.530233712
0.9822546280000001
1.004485088
1.003844156
1.008606046
0.961724914
1.005037464
1.004090572
1.103738682
0.464298202
0.886338784
0.5901058339999999
0.842373432
0.597158546
1.002646656
1.003112662
0.96806975
1.005804742
1.0051433060000001
1.003914548
1.004301882
1.0047647259999999
1.002862042
1.00319701
0.96667311
1.005277406
0.983904008
0.72958915
0.719768616
0.59476455
1.004306578
1.005190354
1.006304338
1.003928628
0.7304564920000001
1.00401546
1.004146912
0.633678816
1.0057175999999999
1.0046143140000001
0.803326168
0.652441058
0.446523102
0.732414632
1.002029106
0.8470333480000001
0.367991386
1.003243876
0.777385124
0.78971638
0.41207779
0.61078333
0.765295296
1.00300256
1.0028784339999999
1.004496834
0.776710322
1.003051752
0.8583033840000001
0.8917714099999999
1.00275902
1.004257264
1.004830546
1.004069446
0.9848019020000001
1.003963828
0.507853436
0.846328992
0.48572415799999996
0.7897221879999999
0.5641170600000001
0.546599704
0.658645388
1.006122824
0.472189768
0.75330876
0.921374176
1.005366826
1.002648996
1.0042971840000001
0.8166812059999999
0.7478052820000001
1.004879916
1.004433408
1.0003953380000001
0.619683922
1.002134316
0.764694404
1.003733894
0.454760494
0.9998573639999999
1.005802388
1.0024875180000001
0.478522828
1.0060167740000001
1.002803504
0.61087802
0.36495204200000003
1.0436431560000001
0.6764122159999999
1.138952552
0.98562679
0.635819532
0.770397722
0.820052448
0.789954588
1.003755006
1.00542331
1.001867826
0.974156264
0.49177963799999996
1.0036517999999999
1.000330098
1.004095266
0.73101969
1.003635384
0.7663481040000001
1.005710534
1.00388639
1.00570347
1.004222042
0.763792798
1.005778834
1.004398174
1.004922236
1.0029580580000002
0.433801778
1.003112662
0.9690351540000001
1.005336234
1.004703616
0.9281559260000001
0.7204543999999999
0.5417158839999999
0.634676084
1.0066274560000001
1.00161082
0.686001674
1.004139868
0.6854520740000001
0.653121672
1.001608484
1.003724512
0.8311209860000001
0.892616538
1.000609758
0.910348012
1.004473342
0.802493128
0.788165734
0.860628654
0.5293286399999999
1.003447798
0.978053918
1.004933994
0.911228736
1.0413935380000001
0.9634054099999999
0.625788404
1.004060056
0.796876904
0.6981507060000001
0.882211502
0.943534116
0.502790514
0.573794594
1.004348852
0.803285602
0.40502816799999997
1.004060056
0.765959962
0.708807148
1.009965056
1.004193868
1.00306815
0.753078932
1.005500986
0.830094548
0.985642622
0.816664124
0.6025537940000001
1.002824576
0.9602756520000001
1.004973968
0.922644884
1.002641974
1.002726244
0.908949314
0.959310474
0.47584603600000003
0.846133916
0.49772658200000003
1.005169182
1.003281374
0.999917886
0.767265352
0.959134806
0.876906914
1.0049057780000001
1.0054727380000001
0.285344622
0.6786449280000001
0.385664426
1.002986164
1.005108022
0.492624036
0.688011574
1.003075178
1.00573173
1.0044686440000001
1.026266726
1.003867618
0.84800501
1.005103318
1.003867618
1.002026768
0.5316731419999999
1.005232702
0.8767851839999999
1.004254916
1.006823312
0.8864778179999999
0.33201305000000003
1.0046613119999999
0.9445758059999999
0.095580738
1.00532682
1.004948102
1.00395444
1.0087221180000001
0.8017575880000001
1.003797232
1.0029440059999999
0.9777021419999999
0.915378974
1.004219694
1.00554336
1.002167054
1.003386846
0.83113707
0.8905417919999999
1.004374686
1.003501722
1.00373624
1.003661182
1.005602218
1.004442804
0.965024568
1.001795384
1.00335403
0.846125582
1.005129192
0.7310831520000001
0.89492655
1.003328248
1.001178882
0.731287296
1.006526016
1.00376439
1.004205606
0.6981768100000001
0.68922163
0.731780702
1.003042382
0.5604585080000001
0.723178998
0.45831268199999997
0.549314254
1.006318486
1.002309716
1.005887188
0.785557932
0.870843904
1.0000179980000001
1.00273795
0.718500706
1.004950454
0.9691007479999999
0.7913416600000001
1.003724512
1.003848848
1.003431386
0.98562905
1.005623408
1.01930096
1.005913104
0.719785504
0.895301516
1.003618966
1.0039239340000001
0.767987
0.40916335600000003
1.003851194
0.699142838
0.9767505
1.002590484
1.0033751260000001
0.987296602
1.0060733320000002
1.003255594
1.002321412
0.56093356
0.502399404
0.8273506079999999
0.670539636
0.89073387
0.88314028
0.5953020400000001
0.391925568
1.1036224
0.61899267
0.873928904
0.4634165
0.9285090760000001
0.918034066
0.708070966
0.554539224
1.005150364
0.763890606
0.699416084
1.007411342
0.65936533
0.587844366
0.936516416
1.0075129600000001
0.889689528
1.0804541460000001
0.8184740819999999
1.002524958
0.609871804
0.6257464639999999
1.003912202
0.925641498
0.875975112
0.507636746
1.002433702
0.602022544
0.83277762
0.7082122399999999
1.002227856
0.87701256
0.67981147
0.997421616
0.74191869
0.883225638
1.001363286
0.5134634
0.780575304
0.61841068
0.719758966
1.007097168
1.002471138
0.78991972
1.001353948
0.6418474740000001
1.0055551299999999
1.136923506
1.003738586
0.934003262
0.913789776
0.8435182720000001
0.803324666
1.00328606
0.861695738
0.507102714
1.015185902
0.861704382
0.45497920399999997
0.929407208
1.003553306
0.8155027
0.999782886
0.660692032
1.002726244
0.199950246
1.0040483199999999
1.003914548
1.004635462
1.003063464
0.53706224
1.007522414
1.004365292
1.004642512
0.632893516
1.0052138800000001
0.8619707059999999
0.7781231239999999
0.523877442
0.9172263239999999
0.775164112
0.878941926
1.00355565
1.004990428
0.698376616
0.472587234
0.787232494
1.00278009
1.00500689
0.9330212299999999
0.877017932
1.00549157
0.459018014
1.0056187
1.004344154
0.222266186
1.002890142
0.38587128000000004
0.395681036
1.00532682
0.82271029
1.00305878
1.004107004
1.006667564
0.481643824
0.70283711
0.505490682
0.6605406319999999
0.831093646
0.729669718
0.9403239600000001
0.9065970579999999
1.005774124
1.002876092
0.710165496
0.789006964
1.003187638
1.00378081
1.004433408
0.996264802
1.006601504
0.5242803199999999
1.003715128
0.765682764
0.29237772
1.00625247
0.9079693240000001
1.056853308
1.001498714
0.84510334
0.845228074
0.875787562
0.712221666
0.815707144
0.77853075
0.601699522
0.750162836
1.002527298
1.001045872
1.004769426
1.002574102
1.002983822
1.00373624
0.8926944600000001
1.007040496
1.0048281940000001
0.601849604
1.00473652
1.003117348
1.2310270760000002
1.002906536
0.891627008
0.729030628
0.5882541800000001
0.635337034
0.6878980739999999
1.006872878
1.002976796
0.9090474279999999
0.846107246
1.00133994
0.893809112
1.003874658
0.7758390319999999
0.730378234
1.006865798
1.002609208
0.984659664
0.918969056
1.002482838
1.004400522
0.7647352519999999
1.046460596
1.006238326
1.002960402
1.002698154
1.00455557
1.003644764
1.005654018
1.006339706
1.001101872
1.001757998
1.00491048
0.729780062
0.985850764
0.766436994
0.924866124
0.187725554
1.003122032
1.0048611079999998
0.5649771100000001
0.70887734
0.51272478
1.0024921980000001
0.811260514
1.003079864
0.6792352180000001
1.011568306
0.9302828980000001
1.0031642060000001
1.004121088
0.8801126420000001
1.004116394
0.370918338
1.003267312
1.004470994
0.947037656
1.003750314
0.8471352600000001
1.005018648
1.004821142
1.004254916
0.718875916
0.458812068
1.002728586
0.845565874
1.004595514
0.979115232
1.004045972
0.94462982
1.000821938
1.0039239340000001
0.6593764660000001
0.547391084
1.0038113100000001
1.00440522
1.005489216
1.004372338
1.005477446
0.609437382
0.8588903920000001
0.321572498
1.0057199540000001
0.547699618
0.8759626060000001
0.32340014
1.002403288
1.003107976
0.992255336
1.002213824
1.005129192
0.385456062
0.9826996179999999
1.001694918
1.004743572
1.005138602
0.6610509939999999
0.443855454
0.9871400300000001
1.003914548
0.82672633
1.003696364
0.983203528
0.5656534820000001
1.00245944
1.001757998
0.44311818199999997
0.32103864
0.802437654
0.661710956
0.753999086
0.39567447600000005
1.004517978
0.983511976
1.005861276
0.743552476
0.64020858
0.5489372379999999
1.005315054
0.9362959240000001
0.709038836
1.004847002
0.858840586
0.96522843
1.00420091
1.005117432
0.7404299
1.005468032
0.534680726
0.9911402
1.0042948360000001
0.678594532
1.002857358
1.00211561
0.595775206
0.677391556
1.0643172939999999
0.47310832799999997
0.79056238
1.002920586
0.316909544
0.569453624
0.709393682
1.005743506
0.676799132
1.001585128
0.805849308
1.003877004
1.01075653
0.766315288
1.005444494
0.804249784
0.611391948
1.004663662
1.005199766
1.0571628679999998
0.496348408
0.998878386
0.5882058419999999
1.004339456
0.893691942
1.0767972360000002
0.68930791
1.016644526
1.005079798
1.005432724
1.003968522
0.845234728
0.76380638
1.006193536
0.450294952
1.005399774
0.668907374
1.0063868660000002
1.004365292
0.548467574
1.002515598
1.00384181
1.00115321
1.0055551299999999
0.450584064
1.0047224179999998
1.003178264
1.004416966
0.611511206
0.98301225
0.687347634
0.5681339000000001
1.00177669
0.437669328
0.8647945
0.72042298
0.988507744
0.6606849180000001
0.894917226
1.00196599
0.691775984
0.45141899
0.584087048
0.71030056
0.534758616
1.003614276
0.670045882
0.937481266
0.945771806
0.977492978
0.9582232239999999
1.004362942
0.5294558819999999
1.00409996
1.007368812
0.9848606160000001
1.003126718
1.001631844
0.7517529
0.6097211579999999
1.004233782
0.7303049620000001
1.003733894
0.9518987799999999
0.572890698
1.1478805600000002
1.003330592
1.003154834
0.935085072
0.900046374
1.092338894
1.0042173460000001
1.001963652
1.004219694
0.777414674
0.705868084
1.002113272
1.005767058
1.004745922
0.358631504
1.0043817320000001
0.245963042
1.005035112
1.003429042
0.446070942
0.314931788
1.006047408
1.003743278
1.006490636
1.002541338
1.0037034
1.0043817320000001
0.932796302
0.927308258
0.717801838
1.002022092
0.867659644
0.98321028
0.800829232
0.831109728
0.7777187400000001
1.002768384
0.617010556
0.718961356
0.3466865
1.003949748
0.60298438
1.001853804
0.423220788
1.004771778
0.954312056
0.710205424
1.004811738
1.0056799220000001
0.85194954
0.841360232
1.004168042
0.90015201
0.9327882
0.98645759
1.001973002
1.001482368
1.003762044
0.9588992540000001
1.005642246
0.8928577679999999
0.59143525
1.004210302
0.8781889119999999
0.971435132
1.0040483199999999
1.005809454
1.0076547839999999
0.842489098
0.491743038
1.0049692639999999
0.54940279
0.395208444
0.534661424
0.602495472
0.669414058
0.442530582
0.47286091199999997
0.69899492
1.002066512
1.00357441
0.988221164
0.5869229699999999
1.002335446
1.005489216
1.030855652
0.9456427
1.004346502
1.005976718
0.908912766
0.854747076
1.002632612
1.000243902
0.8443822679999999
0.446488288
0.542040624
0.860818394
1.002962744
1.00299085
0.910359588
0.525346774
0.859920454
0.5127235560000001
1.0034431080000001
0.939982338
0.36774404600000005
0.876729702
0.792252522
1.001617828
0.70226366
1.003975562
1.0055574840000001
0.764506564
1.00409996
1.004527376
0.75398188
0.89583933
0.97926927
1.008622626
0.687235452
0.9293971520000001
0.5024205620000001
1.004243176
1.003745622
0.468915656
0.73099605
0.847344172
1.003689328
0.708793112
1.00282926
1.004767076
0.5191491079999999
1.001722952
0.8608045919999999
1.0052962300000001
1.003696364
1.00330481
0.943306164
0.706715958
1.004151608
1.0054492
0.567265718
0.9836133340000001
0.454935832
0.6978024820000001
1.004611964
0.6792717420000001
0.573343438
0.999436238
0.775994626
1.0061016120000001
1.0038981219999998
1.014850074
0.547742924
1.004879916
1.003175922
1.00385354
1.000563138
1.002976796
1.00664161
0.7539262919999999
1.002847992
0.587411022
0.561289092
1.00542331
1.0059508
0.541367648
0.965217584
0.792246676
0.76609932
1.005317408
0.7401389820000001
0.46864396599999997
1.005578674
1.003661182
0.8489923300000001
0.930488472
1.003844156
1.0053950680000001
1.14847296
0.9258011199999999
0.860795966
1.003675254
1.005164478
1.003168892
0.9832778080000001
1.003412632
0.8956693259999999
0.814842058
0.939125262
0.645740306
0.8881863680000001
0.610454312
0.860866706
0.5958694339999999
0.719002278
0.8906064239999999
0.5417726
1.001991704
0.689795018
0.89271116
0.487001916
1.07070904
0.6610509939999999
1.00478353
1.003091576
0.38268515200000003
1.004757674
1.000761306
1.00513625
1.004125784
0.529474158
1.00603327
1.005522172
1.004494486
1.005988498
1.005917816
1.003330592
1.004675412
1.00539036
1.002960402
0.879022874
0.845204788
1.006259544
1.00383477
0.802436154
0.627779688
1.00232375
1.005277406
0.408474586
1.001057538
1.0021506839999998
0.35435035800000003
0.541973594
1.004830546
0.981940232
0.660636138
1.003346998
0.573774664
0.553504412
0.40135117600000003
1.0049057780000001
1.00357441
1.004851704
1.003173578
1.00473887
1.00051419
0.458862066
0.721296512
1.0052021180000001
0.926826
0.7774400020000001
1.005536296
1.002630272
0.689160806
0.507544364
1.00395444
0.54060106
0.986464388
1.0040365839999998
0.546106946
1.00643639
1.003436076
1.002644316
1.00536212
0.574626764
0.935099322
1.008608414
1.004922236
1.003921588
0.468074494
0.47732466
0.641925176
0.703741128
1.00497867
1.003269656
0.8821408340000001
0.492139154
0.802238308
1.002403288
0.6241233580000001
1.002850334
0.6892271600000001
0.471893532
1.00356034
1.008845326
0.944904144
0.631919504
0.680411338
1.004348852
0.9441999520000001
0.8093800800000001
1.005724664
0.741273326
0.754706592
0.9863941559999999
0.7751221420000001
1.052319236
0.560909384
1.003138434
0.972953564
1.018348744
0.54849629
1.004588466
1.005002186
0.5878218399999999
0.845223084
0.45030109
0.9822411499999999
1.00339388
1.003874658
1.004995132
0.925091228
1.003440764
1.00544214
0.7295371
0.689973428
0.829504572
1.001629508
1.0036048960000001
1.003881696
1.004001378
0.969015476
0.996149268
1.005246818
1.002190438
1.002578782
0.6457771999999999
1.00678555
0.5947760799999999
0.598650106
0.548958288
0.538580232
1.00292527
0.6440206540000001
0.561318434
0.47767715800000005
1.012450596
1.00367291
1.004534424
0.23394520600000002
0.892488554
1.005807098
0.996426594
0.7095085259999999
1.0029721120000001
0.892247524
1.004104656
0.234161016
0.847999988
0.580466092
1.007215256
0.9226647060000001
0.43790895999999996
0.672515634
0.877966312
0.644527074
0.560038296
0.52427072
0.753158168
0.62731206
0.750453822
0.408457104
1.005103318
1.0019309299999999
0.211661806
0.667702138
1.00541625
0.7585668
0.40552187199999995
0.5888776400000001
0.6693963220000001
1.0056799220000001
1.005056278
0.735463534
1.00552688
0.89387608
0.805967262
1.004769426
0.5772774460000001
0.5751253759999999
1.002836284
0.430373832
0.553784172
1.003260282
0.9855318
0.7889866719999999
1.0042149980000001
1.003473586
1.001762672
0.7807313840000001
1.005489216
0.978332402
0.981724762
0.770296858
0.9397026399999999
0.79138103
0.580931674
1.004903426
0.468651126
1.006535452
0.502417036
0.618482812
0.926120528
0.634761442
0.679152514
0.89279281
1.001477698
0.765684128
0.8472756379999999
0.517441626
1.00455322
0.9654649319999999
1.006342064
1.004532076
0.8321338439999999
0.382949248
0.728060512
0.627743904
1.005500986
0.896890678
0.84231561
0.567705856
0.45080066799999996
1.004092918
0.38306913400000003
0.9840212279999999
0.566846462
0.5882702940000001
1.00410935
0.5520849940000001
0.928420764
0.362455202
1.003471242
1.002857358
0.829048236
0.633129556
1.003633038
0.7663234919999999
1.004344154
0.9616129459999999
1.006144036
1.00668644
0.914856422
0.6272387700000001
0.8000922659999999
0.7440948039999999
0.986006928
1.003649456
0.5249390479999999
0.721185086
0.524972412
0.719241884
0.986131442
1.003044724
0.60153098
1.002515598
0.72048824
0.924676962
1.004696564
0.548084726
0.997604638
0.87907325
0.730951264
1.003982602
1.002531978
1.003089234
0.63422716
1.004071792
1.1185538899999998
1.003970868
0.542404796
0.864035974
1.003576756
0.5485936739999999
1.004595514
1.003855886
0.5809748939999999
0.535924336
0.463688668
1.005267994
0.69831984
1.004952804
0.9834646840000001
0.698293728
1.003865272
0.962841716
1.003921588
0.689750708
0.8772042179999999
0.47372565200000005
1.002321412
0.28347748
0.480478368
1.00519506
0.472217282
0.74192638
0.36194175
0.7204253979999999
0.337091782
0.468401706
1.001342274
0.5592077679999999
0.9850661679999999
0.166225998
0.412555944
0.496660072
1.004522678
1.004205606
0.539826462
1.00702869
1.0043817320000001
1.00544214
0.7190877480000001
1.002754338
0.832806686
1.004379384
1.005098614
1.0051433060000001
1.002754338
0.689886982
0.83093125
1.005437432
0.9640390059999999
1.0022863260000001
1.005305642
0.6010091
1.003848848
1.003478276
0.35981767600000003
1.005705824
0.9818683979999999
1.003966174
1.003227472
1.005818876
1.0040483199999999
1.118690822
0.892677762
0.86071144
0.679859894
1.002595164
1.0048822659999999
1.002836284
0.7191106220000001
0.8471436139999999
0.916682096
0.67064329
0.8883811060000001
0.887413772
0.777555416
1.0044475019999999
0.84503018
1.00654017
0.523507722
0.835569114
0.719219
0.877059124
0.49277833800000004
1.006125182
1.003086892
1.004243176
0.938761938
1.002379894
0.8094075340000001
0.960475366
0.713665476
0.8505155200000001
0.753109304
0.9212516460000001
0.92690801
1.005665792
0.753955408
0.870829778
0.945771806
0.627324888
0.75323742
0.74661583
0.5947406660000001
1.005140954
0.554210066
1.004034238
1.001851468
0.8739377960000001
1.003532202
1.005566902
0.962994992
0.878038106
0.700140078
1.0053291739999999
0.7881397
0.894777396
0.689361016
0.587859654
0.7191913
1.005686986
0.6015613120000001
1.005164478
0.765513538
1.005077446
0.684737382
0.8930025699999999
0.718398552
0.44279885
0.99984107
1.013997114
1.00512684
0.7441399259999999
1.003110318
1.004022502
1.001687908
0.87705196
1.004416966
0.38527557
0.982133336
0.834029294
1.00307752
1.00255538
1.002836284
0.961808908
0.659438222
0.882048442
1.002471138
0.547640956
1.00563989
1.004640162
0.816852062
1.025563418
0.6268039599999999
1.003595516
0.626716156
0.9896124
0.7791224959999999
0.890558412
0.716921188
1.004898724
0.541315792
1.00442636
1.003328248
1.003508756
1.001725288
1.004409918
0.999564168
0.297629362
0.81679303
0.830105778
0.975778538
0.880303854
0.80505328
0.708204066
0.764748868
1.00335403
0.983883724
0.799273352
1.1444548259999998
0.339711088
0.77752867
0.789852896
0.677313576
1.037752566
1.00256942
1.005409188
0.901245658
1.004590816
0.9470543619999999
0.901128422
1.0071137
0.85976897
1.00518565
1.004680114
0.7639354439999999
1.005211528
0.8726681700000001
1.003105634
1.003091576
1.004377036
0.6611324
0.419233474
0.776008646
0.5481406839999999
1.0044475019999999
0.688180242
0.9470105099999999
1.005946088
0.96794103
0.997831772
1.0036799459999999
0.618424926
0.96170338
0.871878074
1.002749656
0.777407638
0.7191660120000001
1.003539236
1.000430292
1.003867618
0.5421432559999999
1.002616228
1.00386058
0.948013856
0.593270958
1.019530822
1.0720720719999999
0.98534866
0.9897766
0.644512568
1.003884044
0.983958106
0.46811224399999996
1.004252568
1.00692009
0.699490124
1.000148404
0.709701972
0.753969966
1.00486816
1.00445455
1.006391584
1.004353548
1.003150148
0.6342327780000001
0.42317658799999996
0.991048718
0.7823027560000001
1.005533942
0.911016124
0.985658456
0.495748568
0.562112578
0.8183462039999999
0.816524392
0.426864682
1.001491708
1.005307996
1.00481644
0.518447868
0.64345429
1.002707516
1.0021881
1.007212894
1.004983374
0.5742771739999999
1.003161864
1.006250114
1.005011594
1.017972216
1.00378081
0.6164968780000001
0.9248541739999999
1.005140954
0.984892234
0.783180062
0.753307438
0.9124483320000001
0.868902422
0.7546429419999999
1.00245476
0.547333884
0.561007562
0.855746756
0.547308078
1.003178264
0.78340577
0.696428856
1.0042173460000001
0.670113834
1.006146394
0.803169936
0.730277642
1.00394036
1.004839948
0.472276478
1.0054021279999998
0.237443578
0.809454824
0.377288988
1.0041750839999999
1.003171236
1.004384082
1.004795284
1.003339966
0.660637154
0.57378233
1.007248326
1.004609614
1.00376439
1.00440757
1.0056469540000001
1.0012348960000002
0.38581894
1.004475692
0.927268218
1.001856142
0.914856422
1.004231434
0.892707448
1.005411542
1.002656018
1.003297778
1.004038932
1.005098614
0.8033832700000001
0.867691196
0.209769076
0.984752228
0.65192213
1.004727118
1.005305642
0.668374414
1.002866726
0.566868158
1.005060982
1.002915902
1.002855018
0.708824694
0.295613822
0.541746632
1.002871408
1.004172736
0.778337462
0.5421733679999999
0.608895658
0.561319168
0.48204547000000003
0.5199271360000001
0.082409012
0.92720416
0.9271120939999999
0.635247762
1.003963828
0.602514912
0.937428066
1.004252568
0.881112918
0.581838284
1.006504788
0.719632338
0.6760938479999999
0.805213266
1.004348852
0.505812744
0.689810528
1.034929384
1.006214752
0.46287811
0.424267632
0.81741328
1.004238478
0.842236326
1.00395444
0.974105448
1.000162378
0.9579988039999999
1.004959858
1.004254916
0.985963922
1.00653781
1.002169392
1.005743506
0.7081713700000001
1.006547246
0.5473262099999999
1.00150105
0.909985402
0.92691601
0.382766662
0.509997244
1.003813656
1.003787848
1.002234872
1.0039192399999999
1.003851194
0.9868247659999999
1.002730926
1.003349342
0.9271241
1.0035111
0.924903966
0.978194254
0.622601596
0.8443341299999999
1.0004769
1.00255772
0.86070454
0.43917123199999997
1.004872862
1.0042173460000001
0.395219718
0.349540126
0.764695766
0.423487026
0.8481976
1.0044803900000001
0.874704908
1.0734224799999998
0.990952682
1.003187638
1.004818792
0.875619726
1.004677762
0.924770538
1.005044518
1.004473342
0.94091518
1.005169182
0.547290642
1.006299624
0.717030104
1.008381084
0.706067674
0.938021796
0.9235793640000001
1.00451563
0.6892127819999999
0.8176046760000001
0.72123474
0.523174212
1.002646656
0.45803555
0.9293770419999999
0.496945676
1.002742632
1.003309498
0.967692412
1.003349342
0.954182728
0.431772168
0.434066144
0.45029873
0.8781565920000001
0.720384314
0.765577672
1.029114284
1.000880244
1.002850334
0.604421004
0.385241704
0.77813863
0.40862926
1.003691672
0.439211202
0.908966626
0.87905166
0.647900876
1.004877564
0.618471234
0.7198554739999999
0.377283686
1.0042924880000001
0.6874070379999999
1.000847592
1.005211528
0.601490544
1.004104656
1.005632826
1.005529234
1.001066872
0.89480536
1.003494688
0.9704649439999999
0.805151376
0.982641162
1.00399199
0.894775532
0.529816406
0.707221004
1.003614276
0.775136132
0.61685725
0.8585401500000001
0.6676108040000001
0.463609086
0.740784926
1.00385354
0.687891464
0.805146848
0.472278036
1.003356374
0.24627671
1.004062404
0.48234701
0.43895354400000003
0.766497178
0.7655381
1.002787114
0.513088614
0.847086808
0.50795254
1.003832424
0.513090452
0.71979636
1.004022502
1.002176406
1.0036869819999998
0.476729676
0.908739688
1.0048822659999999
0.704935454
0.5729197380000001
0.816687418
0.513103938
0.752478608
1.003412632
0.8540145539999999
0.960380868
0.944565418
1.004280746
1.004222042
0.715657318
0.803273584
0.734623218
1.00320404
0.40206391
0.83127702
0.909372708
0.6418695360000001
0.42689523
0.9615655839999999
0.85484745
0.874754792
1.00342201
0.740479686
0.9834421640000001
0.852805502
0.583626706
0.771035294
0.646619156
0.910253474
0.893827712
0.789887758
0.660557902
0.752924472
1.005291524
0.611391078
0.652436104
0.68788265
0.5612934940000001
0.97451876
0.8863625620000001
0.99254426
0.999922542
0.580020838
1.0044686440000001
0.729493732
1.00557632
0.9552969440000001
0.849837312
0.9544499019999999
0.529804642
0.7404082
0.689178498
0.68919951
0.678596676
0.860606236
0.9717472340000001
0.8759626060000001
0.89126251
1.002866726
0.9999947140000001
0.733246144
1.003436076
1.00150105
0.668878206
0.472536278
0.686700344
0.914544736
0.43086472600000003
1.0030962620000001
0.7302403940000001
0.802481132
0.8907800539999999
0.790619136
1.0041633460000001
0.462529674
1.00679027
1.0063538539999999
0.6785152000000001
0.678540928
1.00426196
0.679750144
0.659410886
0.602079932
0.805110626
0.6357037780000001
0.937458758
0.939974108
1.001262906
0.7780399579999999
1.003464208
0.8598533119999999
0.9236826499999999
1.0020805400000001
1.003314184
0.984052792
1.003513444
1.00745624
0.861718212
0.7464458479999999
1.0032110699999999
1.005630472
0.6835887
0.860949536
0.97178681
1.00564931
0.821923084
1.003729202
1.005399774
1.0042737019999999
0.491809482
1.000083196
1.0020805400000001
1.125421164
0.859639908
0.770336924
1.004344154
1.004884618
1.006526016
0.389300658
1.0009385579999999
0.803354718
0.273727114
0.59471349
0.78878671
0.766832466
1.033397968
0.596201948
1.002029106
0.999906246
1.003110318
1.003522824
1.002817552
0.888311284
1.005458616
0.699645092
1.002386912
0.5604643600000001
1.0028222359999999
1.0026747440000001
0.875662572
0.932690968
1.002377554
1.068790652
0.6299083799999999
1.004151608
1.002267614
0.944771118
1.003975562
0.888631084
0.58144523
1.0633133780000001
1.012214374
0.45525313
1.0021273019999999
1.004644862
0.804216654
1.004600214
0.8748064600000001
1.003733894
1.2838196519999998
1.004473342
1.0044475019999999
0.985337356
0.829906882
1.0046072639999999
0.8750363760000001
1.005986142
1.005178592
1.005270348
1.004125784
1.005972004
0.740371188
0.7398215279999999
1.00569405
0.71153967
0.32593731800000003
1.002307378
1.002073526
0.6772366799999999
1.005108022
1.00392628
1.008838218
0.45524348
1.098586354
1.002515598
1.0071137
0.627309312
0.4816206
0.5948469239999999
1.00348062
1.00262559
1.003014272
1.0039239340000001
1.004525028
0.642650358
1.00407414
0.33693338
0.6099255020000001
0.529176032
1.004325366
0.459101426
0.710167844
1.005475092
1.0081656860000001
0.5808861040000001
0.416132226
0.8121917240000001
0.634773636
0.76561179
0.39486508800000003
1.005762346
1.005251524
0.855956526
0.581443656
0.8607321379999999
0.669565378
0.79066862
0.70038098
1.005477446
0.5676953499999999
0.930772796
1.002679426
1.00356034
1.004231434
0.8770716599999999
1.070434182
0.972913892
1.00386058
1.004243176
1.003848848
1.0040506679999999
0.567685596
0.238507002
1.00157812
0.790857888
1.004078834
0.765502624
0.31734366799999997
1.054002984
1.0035791
0.991975744
1.004670712
0.914562262
1.001316594
0.5074460199999999
0.800762044
0.950796682
0.659950936
0.7523955600000001
0.556263654
1.009098946
0.5227679399999999
0.565081178
0.938530134
0.8780596460000001
1.123804506
1.00397791
0.6342477639999999
0.843197006
0.804313042
0.5243084800000001
0.689081196
0.959244056
0.930675984
0.9147258779999999
1.005759992
0.8509958000000001
0.39864
0.9103769559999999
0.900418094
0.815559996
1.005225644
1.004489786
1.0407298719999998
0.9590598459999999
0.242285028
1.0001530619999999
1.057009366
0.7909176
0.81573813
1.004362942
1.001290916
0.943513388
1.0038230399999999
1.004156302
0.587806554
0.928079714
0.627239686
1.0037080919999999
1.101751092
1.004825844
0.90909938
1.001279246
1.007123146
0.542579526
1.005682276
1.0039239340000001
0.415788596
0.9848019020000001
0.6799050959999999
1.002995534
0.529539438
1.004673062
1.004931642
0.7673448580000001
0.710913104
0.603521572
1.005524526
0.6109988160000001
1.002592824
0.6099255020000001
0.7197999780000001
0.669434926
0.561232616
1.002646656
1.0047647259999999
1.002953374
0.8024436500000001
1.004299532
1.00486581
1.003874658
1.0048611079999998
1.013767348
0.951934646
1.0024875180000001
0.874014268
1.003816002
1.004264308
0.911228736
0.7434417879999999
0.975599004
0.8936659100000001
0.991449072
1.003595516
0.661736442
1.0053762400000001
1.003987296
1.003670564
0.79086517
0.732617022
0.939735536
1.003644764
1.003229816
1.00419152
0.57421959
1.006264258
0.976637226
0.913511846
0.8559411720000001
0.78221727
1.005336234
0.507535968
1.004466294
1.005637536
0.8322402640000001
1.001295586
1.00447804
1.004823492
0.923696556
0.721668588
1.002681768
0.964283584
0.86070454
0.965343412
0.77735417
1.005244466
0.878932932
0.933909838
0.861828876
0.8528529180000001
0.7647747399999999
0.8797611000000001
0.524965996
1.0054962779999999
0.926540084
0.581377544
0.92924232
0.756144232
0.9412739840000001
1.002791798
1.003722166
0.566818034
0.67738301
1.006528376
0.84525968
1.004847002
0.764714828
1.0043183199999999
1.002700494
1.001886522
0.93998028
1.003450142
0.634709848
0.5943423299999999
0.779080098
1.004849352
0.7317981579999999
0.892653642
0.62722961
0.8164203999999999
0.892547906
0.502397642
0.882061122
0.719845822
1.003586136
1.005830652
0.718553596
1.001856142
0.7310458200000001
0.937661374
0.17666678
0.896071088
0.728978658
0.830171562
0.688065584
1.006021488
1.001678564
1.004327714
1.00486816
1.0028409679999999
1.00296977
0.650812772
1.00371982
1.0614922039999999
1.003635384
1.005623408
1.004567318
1.00557161
0.430105328
1.002817552
1.004854054
0.4014262
0.626231848
1.004694214
1.003769082
0.730499974
1.001748652
1.00451563
1.004222042
1.006134608
0.896943122
0.869894984
0.6215402299999999
0.626761884
0.776617628
1.002908878
1.00486816
1.005282112
1.002244226
0.548505398
0.72051725
0.959158368
0.708839902
1.003966174
0.973103464
1.001589798
1.000530506
0.910886672
1.005343294
1.004579066
0.768030946
0.7096796900000001
0.972924912
1.0031478059999999
0.5192087299999999
0.90693782
0.6873762339999999
1.004520328
0.6517608739999999
1.000852256
1.0028316019999999
0.91379561
0.9867295460000001
1.00533388
0.98464612
0.635262796
0.634726732
0.72690962
1.001274576
0.6518360519999999
0.25339369
0.9988156659999999
0.830768916
1.005564548
0.501395898
0.8736835740000001
1.000052924
0.7103816239999999
0.6019491379999999
0.871807282
1.0048423
1.004377036
1.005936664
1.002305038
1.0038230399999999
1.003881696
0.200634716
0.065424042
0.497026762
1.0044803900000001
0.619526602
0.160223804
1.00377612
1.003637728
1.004231434
0.6258631800000001
0.962861142
0.823713798
1.160177984
1.048105172
0.903705176
0.8558422480000001
0.784103714
0.8349307539999999
0.608868898
1.00335403
0.541789002
0.52393304
1.000950222
0.477366042
0.985075204
1.002871408
1.2334841939999999
0.399078192
0.6594949259999999
0.5026881200000001
0.688621592
1.003033012
1.058799516
0.984440744
1.003827732
1.004461596
0.32518711
0.69694305
0.911952356
0.60988826
1.0048611079999998
1.00569876
0.225318152
1.0038113100000001
0.982146812
0.8708368400000001
0.61846589
0.59435549
1.000735656
0.883074912
1.05925388
1.0030611219999999
0.406483272
0.303182652
0.45218369
0.385620104
0.894700976
0.494450746
1.00377612
1.004593164
0.733130996
1.003921588
1.004572018
0.7624585779999999
0.718128286
0.719197322
0.594322592
1.004097614
1.00438643
1.001085538
1.0027215619999998
1.00440522
1.006976748
0.910153168
1.002588144
1.0034032560000001
1.006250114
1.000805612
1.004107004
1.002248904
1.003949748
1.001802394
1.002735608
1.00456262
0.912328164
0.89050671
1.004369988
0.541825226
1.00319701
1.003290748
1.00415865
1.0017977200000001
1.003949748
0.618416022
0.911302206
1.0031478059999999
0.990221584
0.961699074
1.0063161280000001
1.00021129
1.00546097
0.999747976
1.004088224
0.660092936
1.001697254
1.004024848
0.73833225
1.004088224
1.003743278
0.96040449
1.002478158
1.00368229
0.990861236
1.004541474
0.680485722
0.98844177
1.134293232
1.00304941
0.9831450119999999
0.8319903799999999
0.805992974
0.8811617260000001
1.002174068
0.969004546
1.004611964
0.98450167
0.609605194
1.005997924
0.8201291780000001
1.00097355
0.568460248
0.7974494959999999
1.005517464
1.004668362
1.004821142
0.788841762
0.894501594
1.003440764
1.0877410520000002
1.082916836
0.7636895819999999
0.379585422
0.496374794
0.535578828
1.003351686
0.5485726519999999
1.005002186
1.005804742
0.677958264
0.679944922
0.47705268
1.00126524
0.693051888
1.004097614
0.802658098
0.779887872
0.7081433479999999
1.000565468
1.0336690579999999
0.870850966
1.003255594
0.856914584
0.9781073760000001
0.9264861200000001
0.429582646
0.40148136
0.98466418
0.98451521
1.00244774
0.818475642
0.95208447
0.9077006780000001
1.038226684
0.863956022
1.1090311959999999
1.00637036
0.49638110599999996
1.005583382
1.003715128
0.58057202
0.462011232
0.999180478
0.265178074
0.595269862
1.004616662
0.47224012800000004
0.5873347099999999
1.0013259319999999
0.77909847
0.8026086
0.491830884
0.893809112
1.004125784
1.00497632
0.9517679960000001
1.002798822
0.999233944
1.00206885
0.5938566540000001
1.0569755500000002
1.002534318
0.925968782
0.752391606
1.003818348
1.006577912
0.893809112
0.67868246
1.002918244
1.005293878
0.679682374
1.006802072
1.0028597
0.779214374
1.003527512
1.005263288
1.004499184
1.0033235600000001
1.003661182
1.004311274
1.002351822
0.5478288579999999
1.003424354
0.753045922
1.004705966
0.632006912
0.6605193
0.6762109380000001
1.00385354
1.00367291
0.984720618
0.972980014
0.929656662
1.004078834
1.110933086
0.860690742
1.003966174
1.00527976
0.831946866
1.0055928
0.790622046
1.004027196
0.5748321059999999
0.7204386899999999
1.001311926
0.757018522
0.762140628
0.983268804
0.998465048
1.0037596979999999
1.004395826
1.00407414
1.004182128
1.001954304
0.89001954
1.005060982
0.741035438
0.743468814
0.731147868
0.815459346
0.52021367
1.005244466
0.795233248
0.586710502
1.004121088
0.73042792
0.848058592
1.001269908
0.7418764
1.003970868
1.002316734
1.000220608
1.005406834
0.92233183
0.999164208
1.0041750839999999
0.5534395080000001
0.633156622
1.001211556
1.0035111
1.003241534
0.50105839
0.75329819
0.79056238
1.004278398
1.005868342
0.9616258639999999
1.0029112199999999
1.003609586
0.574231874
1.005035112
0.8895568540000001
0.513040194
0.914704448
0.926888006
1.006417524
0.764814234
1.006490636
0.938571152
0.940917242
0.952999206
0.942112256
0.8164840339999999
0.529446746
0.989452812
1.005818876
1.003075178
0.581820156
1.006497712
1.00572231
1.0046072639999999
0.861714754
0.7081456819999999
0.999326944
1.003633038
0.837410052
0.274118796
0.78901421
1.0029369799999999
1.001494044
0.7632702140000001
0.6988231859999999
1.005188002
1.00355096
0.69886867
0.9068152700000001
1.00488932
1.0037080919999999
1.004957508
0.670049018
0.862836534
1.008726856
0.750877598
0.719680572
0.651370436
1.005946088
0.7110590459999999
0.7053649679999999
0.8769856979999999
1.004210302
0.67056162
0.588201814
0.5953045140000001
0.9829132660000001
0.65134574
0.528392848
0.679185808
1.139429962
1.002468798
0.999852708
1.115242796
1.004604914
0.949350766
0.831093646
0.6956618059999999
0.729873074
0.8052313799999999
0.656539118
0.987124148
0.8717506580000001
0.929284542
1.0055551299999999
1.002646656
0.719816868
0.7397820239999999
0.930486456
0.48637101
0.634207492
1.004233782
1.0038230399999999
1.005343294
1.0045837659999999
1.002527298
0.982286078
0.547310866
0.595758678
1.0001414180000001
0.912301034
1.00406475
0.93986509
1.051005938
0.636880212
0.973158586
1.003722166
1.0081988179999999
1.003914548
0.689901388
1.002613888
1.003536892
1.003567376
0.416406976
1.0049057780000001
1.002693472
0.87251748
0.860675218
0.82369958
0.660617848
0.6773563020000001
1.004760024
0.91451942
1.0064741259999999
0.66949545
1.004489786
1.004315972
0.48599897
0.6967497140000001
1.00131426
0.942240398
0.84051063
1.006221824
0.609852754
0.68793223
0.816594252
0.450828112
0.49682898
0.904590234
1.005458616
0.984307632
1.005051574
1.004503882
0.985253724
1.005677566
0.650304304
0.79072248
1.002960402
0.988232534
0.994808726
0.880446416
1.004299532
0.502911794
0.30715657399999996
1.003529858
1.004642512
0.5809693939999999
0.481789702
0.554993532
0.617854668
1.004647212
0.573406206
0.411979366
1.00412813
0.492474914
0.598741906
0.9307385060000001
1.005658728
0.9175829660000001
1.00564931
0.633672272
1.00385354
0.753874682
1.00749169
1.006910648
1.002475818
1.004395826
1.0054468460000001
0.738310674
1.003407944
0.799999868
1.004092918
1.001386632
0.7121519919999999
0.767818128
0.962671224
0.6430024919999999
1.002153022
0.892555324
0.810360486
0.9938580020000001
1.058400312
1.003150148
0.8043416600000001
1.002522618
1.00638215
0.8759233040000001
0.615898372
0.910110738
0.82011665
1.00422439
1.004684814
0.97547492
1.008606046
0.9222862780000001
0.9703421640000001
0.862805334
0.92454161
1.003689328
1.002372876
1.003930974
1.006986192
1.003091576
1.004670712
1.003386846
0.64245041
1.0044803900000001
0.5332421980000001
1.003122032
0.482212164
0.9483948480000001
0.362458874
0.972444692
0.7399171179999999
0.9640498239999999
0.534743302
0.861500426
0.660851636
0.717711876
0.6247070680000001
1.003844156
1.003417322
1.00678555
0.949327684
0.884065558
0.38585776
0.708745156
0.998574154
0.57423264
0.9166136239999999
0.38550968799999996
0.8668226
1.003098604
0.6958319900000001
0.984684496
0.9991293419999999
1.0030213
0.161855762
1.002855018
1.0030962620000001
1.003482964
0.0
0.720416938
0.876760126
0.704959754
0.5366549079999999
1.002506238
0.330096694
1.003426698
0.983926548
1.004139868
0.9754483340000001
0.554156436
0.596156434
0.234241854
1.002585804
0.85388212
1.160874134
1.0031571780000001
0.602426176
0.609419224
0.953210712
1.003129062
0.909908288
1.00223721
1.004818792
1.003248564
0.718440612
0.5448011739999999
1.005028056
0.803326168
0.879251412
0.6108371859999999
0.44627163400000003
0.53597115
0.9435817919999999
1.003816002
0.587358806
1.002337786
0.790643878
1.0033235600000001
0.998982936
0.5363593600000001
1.003311842
1.004550872
1.00245242
0.619024786
0.311124454
1.005809454
1.004259612
0.20755542800000001
1.0037596979999999
0.690283926
0.18669038599999999
0.686664114
1.0063609279999999
1.0032251300000001
0.336762452
0.327826066
0.5928876820000001
1.005830652
0.639071174
0.626362446
0.7412004080000001
1.003508756
1.004362942
1.003033012
1.0140713319999999
0.450784108
1.005477446
0.44689758
1.006021488
0.422576614
0.542358906
0.513114358
1.00570818
1.003813656
1.0292030620000001
0.779111188
1.00282926
0.889155388
1.004377036
0.9883894520000001
1.011444432
0.775836228
1.003872312
0.652497558
0.8050774239999999
0.957896246
1.0030353539999999
0.7606962859999999
0.937710506
0.481627082
0.96895208
0.9212694300000001
1.003372782
1.020145908
0.969116054
1.0043183199999999
1.00239393
1.0044921359999999
0.82202691
0.65008087
1.0972055660000002
1.00040466
0.594372762
1.001685572
0.985570246
1.00119055
1.0076547839999999
0.610479474
0.99859505
1.00438643
1.002915902
0.6278475979999999
1.005249172
0.719711928
0.7791451100000001
0.594402374
0.084552926
0.497721968
1.0611722380000002
1.00400842
1.0034032560000001
0.791436444
0.9887557920000001
0.59485022
1.00300256
1.005289172
0.6174460820000001
1.0051127279999998
0.7297106280000001
0.56813841
1.00183511
1.0060733320000002
1.004137522
0.650825592
1.005724664
1.005486862
0.718937286
0.697629066
0.886304032
0.819260942
0.6035342920000001
0.907884876
0.6804134940000001
0.574702884
1.003874658
0.826330276
1.0059743620000001
1.0034032560000001
0.747288738
0.6883412680000001
0.716570728
0.687322334
0.8320032740000001
1.002438382
1.00112054
0.838559442
1.000241572
0.847130248
1.00568463
0.777465334
1.005865988
1.00357441
1.00098288
1.00239159
1.00122556
0.831013244
0.833860892
0.402073696
1.002913562
0.8193500279999999
0.8705632440000001
1.0000505960000001
1.001708934
0.96530219
0.875967966
0.6235380199999999
1.002894826
0.8842148019999999
1.003999032
1.003848848
0.965291342
0.943382826
1.003018958
1.098965838
1.0243086860000001
1.003379814
1.070898588
1.000139088
0.6329774619999999
1.00364242
0.774345146
1.001209222
0.72934384
1.005804742
0.681658608
1.00245476
1.003848848
0.901330768
0.975437258
0.843211906
0.625121684
0.729481342
0.5813846260000001
1.0673935019999998
0.99970609
1.004567318
0.890301812
0.698214264
0.861968976
0.28531808399999997
1.004938696
0.830121822
0.5746629000000001
0.450335084
1.003075178
1.00429014
1.003858234
1.006276046
0.92637821
0.857941622
1.00638215
0.947275772
1.002419664
1.003047066
0.965332564
1.003115004
1.0000505960000001
1.004353548
0.71014436
1.00378081
0.528706364
0.86078389
0.75241665
1.0039028140000001
0.5030502179999999
1.004546172
0.778242968
1.0036025499999999
0.832145128
0.47253368
0.503781888
0.453865206
1.006434032
0.7080814719999999
0.512732124
0.9216351580000001
0.689863712
1.004135174
1.004045972
0.764079504
0.789662658
1.004748272
1.0053762400000001
0.634204682
1.001438
0.643484174
0.392348398
0.530136194
0.789816584
1.004503882
1.006962582
0.99768111
0.7203516919999999
0.678001072
0.5127235560000001
0.618024478
0.876897962
0.708954568
0.670017658
0.372026454
0.802539612
0.5614072139999999
0.394237688
0.843153968
1.00539742
1.0047647259999999
0.831877578
0.7186654140000001
1.0009548879999999
1.004393476
1.005451554
0.765396218
1.0036869819999998
1.0036517999999999
1.003640074
1.004567318
0.97664833
1.006599144
0.36832211000000004
0.937182604
0.9640844479999999
1.004863458
0.80108017
1.003129062
1.00041398
0.588741222
1.0039028140000001
1.003771428
1.003457174
0.9078599279999999
0.9362693900000001
1.000108812
0.984395616
0.61749313
0.895047774
1.005117432
1.005406834
0.987219444
1.00318998
1.00581652
0.907861846
1.00532682
1.006306696
0.708752174
1.004534424
1.003410288
0.94834459
1.006144036
0.988662474
0.974644812
0.773498654
0.588776732
0.84610558
0.501707488
1.00347593
1.00355565
0.96520457
0.392002118
0.446004238
1.0038230399999999
1.0061369660000001
0.408637034
1.00300256
0.972728802
0.5872126520000001
1.002955716
0.846108912
0.728275322
0.75241006
1.004184476
1.001435666
0.894784854
0.779126736
0.573844426
0.669955996
0.397654542
0.56892485
0.4519805
0.39839336200000003
0.4914392
1.002826918
0.492200628
0.98363586
1.098887108
1.003419666
0.8755715300000001
0.709476882
0.29042518
0.44124578200000003
0.381508324
0.6975520199999999
1.004306578
0.9024159079999999
0.4565918
0.523200978
1.002008066
0.68800386
0.962841716
1.00419152
1.005267994
1.036345304
0.67620242
1.004543822
1.00180473
0.567238748
0.698908474
0.99962698
1.002061836
1.005552776
0.678535568
0.63474268
0.618538036
1.0035462720000001
0.309063384
1.00095722
0.80327058
0.738888596
0.8209757160000001
0.8470918199999999
0.815337052
1.003949748
0.790432892
0.939649186
0.900365242
0.862489994
0.8598756919999999
0.828285598
0.968113392
0.416168516
1.004238478
1.002817552
0.901351576
0.8316359619999999
0.75695048
1.003729202
1.0041750839999999
1.0026607
0.362454286
0.790364526
0.7196962499999999
1.0042149980000001
1.002667722
0.626244632
0.62519357
0.634712662
0.8607718139999999
0.9963503140000001
1.005091558
0.91554093
1.005776478
0.438627642
0.458315616
1.004619012
0.9259627920000001
0.29871924
1.0029650860000001
1.003712784
0.5355400939999999
1.005409188
0.740406924
1.004210302
1.0075649580000001
0.924581416
1.004332412
1.137206474
1.002906536
1.00165754
1.00355565
1.004017808
0.719296088
0.932895582
1.003973216
0.8926851840000001
0.9272842339999999
1.004602564
1.01940499
1.00473887
1.004743572
1.006898844
1.000563138
0.840162066
1.005016298
0.9249139239999999
0.608307504
0.8183883059999999
0.451451256
0.670069924
0.74122855
0.5533610720000001
0.998752956
1.006210038
0.997196984
1.002932296
0.948168728
0.679721098
0.6431132159999999
1.004466294
0.647922378
1.004374686
1.002644316
1.003696364
0.0
1.005284466
1.004654262
1.004470994
1.00356034
1.00569876
0.44735142
0.862777602
0.64097771
0.913278748
0.931628832
1.0031524920000001
1.0058706979999998
0.642811946
0.68034667
0.922601282
1.003961482
0.78891566
0.984535522
1.002798822
0.8760858960000001
0.74229952
0.804288942
0.49285637400000004
0.39255136599999996
0.7891026379999999
0.48635724199999997
0.38249941
1.003621312
1.001550094
1.00678319
0.9831022540000001
0.9352276020000001
1.003893428
1.005028056
1.004894022
1.003520478
0.983158514
0.801697726
0.5290085219999999
0.9846483779999999
0.763096632
0.89154002
1.002094568
0.6200534
0.784216818
0.999120046
0.962843874
1.005946088
1.0052068219999999
0.616333212
0.6513210460000001
0.687342134
1.0046871640000001
0.529834708
0.487303608
0.446360682
0.382523938
1.002864384
1.0010622059999998
1.001482368
1.0046143140000001
0.567609822
1.005536296
1.00552688
0.755331732
1.002417326
1.002988508
0.864521208
1.0038981219999998
0.70867499
1.0036025499999999
1.005771768
1.003391536
0.64191846
0.998541652
1.003414976
1.003872312
0.24405844200000001
0.348939792
0.9519262079999999
1.006172322
1.004863458
0.844133336
0.739075502
0.792370912
0.892651788
0.523892778
1.006679362
0.767896376
0.770966092
0.508173708
0.844123382
0.984422692
1.00473652
1.004567318
0.95184815
1.070580934
0.558766892
0.54728855
0.386837804
0.784135208
1.006042696
1.004710666
0.733581784
0.878002206
1.005244466
0.875047072
1.020584672
0.6873245339999999
1.002216162
0.9856064320000001
1.0044475019999999
0.356927038
0.22955513
0.255202414
0.726778004
0.546115278
0.6887231819999999
1.00282926
1.004776478
0.9831225060000001
1.004804686
1.0030962620000001
1.004550872
0.987251214
1.00244774
1.004271354
1.002723904
1.003572066
0.477728166
0.8017201740000001
0.817481736
1.0938745859999999
1.002496878
1.003133748
0.75246806
0.440504948
0.927456438
1.00211561
0.35355170199999997
1.0059295959999999
0.502045286
0.9169071480000001
0.901226748
1.001155544
1.00425022
1.0023027
1.004673062
0.864862416
0.98183473
0.98284354
0.985317012
1.0051127279999998
0.90795397
0.710901336
1.005173888
1.004365292
0.8453345440000001
1.006464692
0.959331902
0.9554329500000001
1.0021881
1.003372782
0.698880042
1.0046143140000001
0.6900066819999999
0.6189855320000001
1.007503506
1.007813204
0.56519272
1.002008066
1.002370536
0.672413504
0.801441916
0.84619393
0.815530572
1.004995132
0.999659554
1.005013946
0.7537027000000001
1.004835246
1.004802336
0.751393858
0.8770555419999999
0.708856282
0.7653866699999999
0.7421238019999999
0.359831242
1.003461864
1.004440454
1.0166589639999999
0.7081643639999999
1.00523035
0.412213048
1.004085876
1.00422439
1.006577912
0.70090789
0.66131869
0.594272428
0.67995461
1.0054727380000001
1.006636892
1.005621054
0.694356078
1.001554764
1.09393588
1.00194729
1.003436076
0.57285173
1.008158588
1.004137522
1.0059248840000001
1.002022092
1.006257186
0.902334384
0.8519647499999999
0.491250336
0.497053796
0.627346878
1.003635384
0.566325502
1.004823492
1.002906536
1.003726858
0.688485816
0.974200456
1.006273688
0.9047007499999999
1.023595862
1.0034032560000001
0.29952252399999996
1.0014123160000001
1.003858234
1.003722166
1.003241534
1.00415865
0.999433912
1.004311274
1.003000218
1.005533942
1.00355565
1.02054102
0.96297556
0.876865736
0.830206866
0.5864053
0.63519891
0.71905163
1.0042971840000001
1.001262906
1.00274029
0.709598788
1.004017808
0.6112979679999999
0.5253570559999999
1.00239159
0.9992641680000001
0.44468494399999997
0.78166349
0.928202062
0.642999604
0.945794714
0.98576252
0.32380609600000004
0.501377754
0.430816752
0.18973645200000003
1.0027028340000002
1.00451563
0.729653602
0.6892017220000001
0.9808347079999999
0.5299085760000001
1.004694214
1.020543446
1.004153954
1.004663662
0.791464154
1.100351064
0.8301041739999999
0.688467054
0.519168562
1.005300936
1.002932296
0.891517812
1.002826918
1.003661182
1.00246178
0.942308618
0.91008374
1.005757636
1.017866066
1.052324392
1.00519506
0.555592288
0.98153406
1.005265642
1.132438966
0.893792372
0.828176994
0.5355013679999999
0.388123536
0.967914854
0.877998618
1.003717474
0.698017954
1.005967292
0.6600188859999999
0.998941114
0.434322048
0.669266978
0.595768596
0.79061477
0.47789720199999997
0.260379478
0.643622068
1.005811808
0.989227198
0.5023171439999999
1.004172736
0.6530124399999999
0.8750595520000001
1.004769426
0.412770446
1.00585892
1.005293878
1.002365858
0.847150298
0.660599558
0.45411906599999996
1.00222084
0.832090316
1.003051752
1.0005794540000001
0.6103562819999999
1.003722166
1.002538998
1.004647212
1.00661094
1.006139322
1.003436076
1.00359786
0.971551598
0.983185522
0.66961131
1.002227856
1.002686448
1.003140776
1.000784624
1.003891082
0.765323932
0.910371166
0.600522548
0.41596175
1.002641974
1.00393332
0.950556792
0.546169446
0.62571638
0.385704948
1.005573964
1.00478588
1.004301882
0.47580491999999996
1.00179071
0.7922963660000001
0.6892603420000001
0.951776432
0.8537039099999999
0.678594532
0.64509533
0.831357474
0.7169558939999999
1.003436076
1.003543926
0.844370648
1.002803504
1.0032649679999999
0.85716085
1.004182128
0.30132022799999997
0.956778094
0.57291286
0.6174593979999999
0.553006252
1.004494486
0.984404642
0.389079184
0.66116802
1.00486581
1.005512756
0.944552954
0.659442272
0.446609
0.38975426599999996
0.5227781199999999
0.741199128
1.00456027
0.99981314
0.44975033600000003
1.00376439
0.982971754
1.008279292
1.006049766
1.003738586
1.00442871
1.00256708
0.983106754
0.914610952
0.594557068
0.907758232
0.926964024
0.4761689
0.40936224800000004
1.002794138
0.913399168
1.002440722
1.00516683
0.965525704
1.0065614
1.00590368
1.0016224999999999
1.004466294
0.780765446
0.548135088
1.00440757
0.94715461
1.004372338
1.006707676
1.003386846
0.6024202599999999
0.834956726
0.6864204859999999
1.00303067
0.773622652
1.0039239340000001
1.061264012
0.925904902
0.7190973780000001
1.056731096
0.964201322
1.001760336
1.002047808
0.46313816
1.0031524920000001
0.41926703400000004
1.002632612
0.8451415879999999
0.8595624900000001
0.595393642
0.95927405
0.22877965
0.53592768
0.720378272
1.004600214
1.0013516120000001
1.068495512
1.004393476
1.005880122
1.002494538
0.9620415819999999
1.00403189
0.90813059
1.003321216
1.006238326
0.89908736
0.9248880319999999
0.588733152
0.814755494
0.934954796
0.592001822
0.536677708
1.003208726
0.235279178
0.553777032
1.0066463300000001
0.416251604
0.633103424
1.003970868
0.502037656
0.9870719699999999
0.876790554
0.59666743
1.006030914
1.001954304
1.002768384
0.6029606780000001
1.004395826
1.0027145400000002
1.004078834
1.00417978
0.878958114
1.082996026
1.001484702
1.00377612
1.0043676400000001
1.004847002
1.004024848
1.00417039
0.9740701
1.006813872
0.8906045779999999
1.004755324
0.777518818
0.9703224340000001
0.8915788840000001
1.003572066
1.003855886
1.040722308
0.642820604
0.66886779
0.661156824
0.953079568
0.846524158
0.99970609
0.87497755
1.003830078
0.685051924
0.7879951
1.004621362
0.986138234
0.945911362
1.004755324
1.001545422
1.003145462
0.085161524
0.6273862840000001
0.438916762
1.003623658
0.587307404
0.698517456
0.8771146479999999
0.74104311
0.345042422
0.596221812
1.003180608
0.925902906
1.0009548879999999
1.004057708
0.660612766
0.422290344
0.99966188
1.004574368
1.00150105
1.004184476
1.006946058
0.92453166
0.6512983299999999
0.804252796
0.477646348
0.91128287
0.904603572
1.003330592
1.00552688
0.512728452
0.9690220359999999
0.693039586
0.754709246
0.6805536520000001
1.003112662
1.00499278
0.40915634
1.042376708
1.004299532
1.002742632
1.001678564
0.8049718020000001
1.003529858
0.618019144
0.5663150480000001
1.002061836
1.00239627
0.669410928
1.00497867
1.003827732
1.00351579
1.002124964
0.926962022
0.915533122
0.471767058
0.752043806
1.000379028
0.725390954
1.002754338
1.006514222
1.0071467619999999
0.472224552
0.9057061599999999
1.002269954
1.00199404
0.98200085
0.74422116
1.005305642
1.004271354
0.730877876
1.0012348960000002
0.89896316
0.944349426
0.80425882
0.938425552
1.002730926
1.002805846
0.96337948
0.974419268
0.9663425160000001
0.945867616
0.747896436
1.115112498
1.002096906
1.0044240119999999
1.0407651800000002
0.6684129000000001
1.004142216
1.004633112
0.586864426
0.717526028
1.005748216
1.0035791
1.004027196
1.000218278
0.497063
0.82645112
0.58831703
0.568112858
1.00279648
0.856733396
0.581406662
0.793989536
1.039083204
0.89796327
1.004353548
1.0057859
1.00334231
0.58139958
0.788993918
1.003445452
0.5078498339999999
1.004487438
0.47278335600000004
1.0047647259999999
1.0037034
0.6108024400000001
0.6886547160000001
0.7317158739999999
1.003042382
0.7540123240000001
0.829350802
1.00268879
1.005300936
1.0026747440000001
0.794478618
0.391976002
0.736819882
0.467209914
0.6519013499999999
0.3944466
1.002784774
0.555038
0.219133668
0.233943296
0.847030008
1.006615658
1.001886522
0.999120046
0.699786444
0.730292544
1.003283716
0.728804242
1.0057859
0.86264417
1.015125916
0.576921526
0.752423242
0.507158404
0.6593491340000001
0.975594572
1.004440454
1.005889544
0.5617332239999999
0.37883912
0.37594784600000003
1.0042126500000002
1.001204554
0.529883732
0.535560128
1.00706411
1.0054492
0.554576458
0.679231994
1.0055574840000001
0.743538316
0.8905602579999999
0.5986768100000001
0.669258636
0.291332556
0.906671698
1.004132826
0.890576878
1.005164478
0.554650942
0.535872848
0.35952461199999997
0.8280684159999999
1.003536892
0.689865928
1.055061952
0.670066788
0.892870762
1.005783544
0.559974772
0.998119314
0.723915222
1.004045972
1.0024921980000001
1.003433732
0.534021906
0.610871938
1.005517464
0.5188386739999999
0.87005358
1.004922236
0.87703584
0.6019811979999999
0.607901978
1.0054256639999999
0.802442152
0.8770483779999999
1.001209222
0.874838534
0.5287512759999999
1.004966914
1.006092186
0.572415022
0.678572018
1.00323919
0.484524682
0.890552872
0.7648264920000001
0.463455504
1.00383477
1.005696406
1.003656492
0.679802862
1.001015542
0.5545385079999999
0.913624552
0.964171018
0.625269114
1.002022092
1.006023844
0.924139768
1.003877004
0.442258998
0.998035818
0.37070800200000004
0.493430522
1.005420956
1.004475692
1.00373624
0.6611425759999999
0.59483539
0.932810484
0.984397874
0.907811954
0.9002350259999999
0.669975852
1.0523115
0.688601718
0.976857134
0.9727133800000001
1.002195114
0.6699978
0.985631312
0.935166512
0.716448804
1.004252568
1.002148346
0.511629054
1.00430423
1.00486581
0.698855024
0.845251362
0.9852017439999999
0.78901566
1.005536296
0.921348482
0.342514216
0.986156348
1.003961482
1.003260282
0.741944322
0.9033801379999999
1.00336575
1.00392628
0.39609447799999997
0.8156482780000001
0.9850255019999999
1.005068038
0.778202076
1.003644764
1.001494044
0.828264834
1.002613888
0.651510742
0.481727558
1.002766044
0.720435064
1.003616622
1.107229996
1.0059578679999999
1.003745622
1.0038230399999999
1.00386058
1.003522824
1.0008242699999998
1.000870914
1.002627932
1.002319072
0.804294968
0.828362278
0.847223826
0.8156854560000001
0.6513398140000001
1.001687908
1.00339388
1.0059955680000001
0.816538364
1.001150876
1.003227472
0.985246944
0.450579336
0.473692736
1.00328606
1.0055574840000001
0.843425512
0.983793578
1.004475692
1.006766672
1.003051752
1.005750572
1.004755324
0.65020881
0.937671608
0.792264214
0.914686916
0.755872762
0.609318068
0.41048825
0.722567024
1.004121088
1.000490884
0.797325144
1.003956788
1.005606926
1.004950454
0.940917242
1.00273795
0.92980358
0.962876252
0.7734262220000001
0.445408964
0.877864024
0.641255242
0.991208822
0.971804402
0.8937161180000001
1.003471242
1.004642512
0.7212056720000001
0.741982776
0.893797952
1.004414616
0.540656182
0.6179160020000001
0.7896060380000001
0.903475154
0.8042377380000001
1.113285734
0.752381062
1.002414986
0.891617752
0.9198823079999999
0.721249274
1.004045972
0.7539924680000001
1.00350641
0.48988371599999997
1.004114046
0.640178998
1.004854054
0.61591427
1.0044686440000001
0.984673208
1.00385354
0.429843614
1.004485088
1.003471242
0.939856864
1.002894826
1.002862042
1.090641312
1.002712198
1.002529638
0.9744148460000001
1.004435756
1.003839462
1.00511508
1.006330274
0.5673151719999999
1.00330481
1.004489786
0.593872256
1.003855886
0.4263782
0.8024541460000001
0.9652935119999999
0.808634912
0.961841216
0.5079982
0.469335832
0.894848238
0.529802028
0.822795398
1.002639634
0.5557554840000001
0.7108813340000001
0.719815662
0.6605223459999999
1.00205716
0.492364824
0.983219282
0.976959346
0.6179480079999999
0.602971682
0.48231721800000005
0.9290915599999999
0.588279962
0.379533096
1.00273795
1.131475354
1.001330602
1.002419664
1.005079798
1.0028409679999999
1.004339456
0.98064883
0.567267216
1.006068618
0.99947345
1.005529234
0.6099341620000001
0.633300396
0.778244378
0.932873292
0.822751266
1.00204547
0.621979474
0.8464223940000001
1.003633038
0.273278984
1.00427605
1.003729202
1.004790582
0.68283663
1.004839948
1.0052562299999999
0.477034136
0.414769108
1.003855886
0.531389628
1.001302588
1.000595772
1.005145658
1.002770726
0.83014589
1.004254916
0.974501072
1.006351496
1.00536212
0.718290422
0.5680527479999999
1.003461864
1.00345952
0.57385056
1.002700494
0.92502747
0.776710322
0.910305564
1.004226738
1.004635462
0.332052322
1.003855886
0.496697406
0.751646336
0.971690074
0.709415944
1.005861276
0.5242380839999999
1.0037409320000001
1.002817552
1.003771428
1.003396224
1.0045579199999999
0.91901035
1.00239393
1.0049057780000001
1.0054962779999999
0.790623502
0.6982426420000001
0.842406476
0.507514976
0.8780399
1.00394036
0.688062276
0.984300866
1.005807098
0.17990250800000002
1.137375118
1.06897952
1.004802336
1.003482964
1.005145658
1.004799986
0.447040382
0.633690036
0.52382505
1.006266616
0.832046792
0.9035663899999999
1.013841532
1.005338586
0.74182002
0.79072248
1.00523976
0.5350824
1.004877564
1.004682464
0.45148922199999997
0.760067618
1.005792966
0.874788642
0.814786408
0.837576624
1.00409996
1.004395826
1.004621362
0.652038916
0.926992032
1.00698383
0.76814633
0.595325144
1.0178226479999999
0.87270186
0.970543892
0.988232534
0.8607597379999999
0.506474826
0.624388298
1.002627932
0.588267876
0.8697293979999999
0.6257592280000001
0.6526839720000001
1.00356034
1.003086892
0.953377868
1.003037696
0.939597796
0.862772402
0.776692062
1.004696564
1.013757776
0.8969637279999999
0.987035676
0.99898526
0.926746006
1.006186464
0.679155736
0.86188076
0.66646297
1.003572066
1.004727118
1.003014272
0.83014589
0.840382352
0.8301266359999999
1.00314312
1.001973002
0.602551258
1.00581652
1.005378594
1.00422439
0.531062416
1.06736167
1.004391128
1.002677086
0.975428396
0.8015884999999999
0.893489294
1.003628348
0.668321372
0.29315402
1.003921588
0.5130861619999999
1.007120784
0.846479112
1.002153022
0.575080712
0.599561848
1.005661082
1.006009706
0.312954164
0.31721148
1.004938696
0.7905245479999999
0.983199026
0.776572694
0.68852886
0.7310296439999999
0.5891926959999999
0.5254001140000001
0.951835494
1.003391536
0.890558412
0.519089502
1.003816002
0.39819428
0.90918983
1.004705966
0.886218078
0.6129161900000001
1.016906898
0.814900806
1.003248564
0.617876
1.002939322
0.586434926
1.004207954
1.0022863260000001
0.9445238739999999
0.87383289
0.7170013740000001
1.004611964
0.805806976
0.64403031
0.788262652
0.689488282
1.1604381579999998
1.08407304
0.373494904
0.752352068
1.002866726
0.985696912
1.00440522
1.004421662
1.00492929
0.741159478
0.87938463
0.9258011199999999
0.49771677799999997
0.679210512
0.6996713059999999
0.8148621540000001
0.5663800179999999
1.001643524
1.003527512
0.325200898
0.49186468
0.558830142
0.533968792
1.002653678
0.43381667599999996
0.678542
1.0039966839999999
0.529071734
1.005053926
0.877941186
0.617884
0.634772698
0.36963666
0.9995618399999999
0.634199064
0.513433936
0.6899335280000001
0.804180516
0.202333962
0.38622591
1.00473652
0.73905261
1.008376348
0.67008247
0.487012408
0.529463062
0.61032766
1.002550698
1.004254916
1.004172736
0.40037169
0.596333568
0.7420789240000001
0.755228134
0.266484622
0.670185984
0.303033554
0.497025036
1.002407968
0.468294968
0.832782464
1.004957508
0.633731178
0.44341645999999996
1.003769082
1.005635182
1.002417326
0.710055134
1.0063232020000001
1.004473342
1.00256942
0.801863866
0.496656626
0.626870744
0.730348426
1.004715366
0.741179942
0.998495224
1.155098284
0.8452679980000001
1.00486581
1.004233782
0.727504328
0.9614967
0.633709672
0.972819134
0.508570852
0.904613098
0.493079306
1.003872312
0.412691122
0.579941734
1.00445455
0.984149752
1.007853408
0.9279894759999999
0.7486408099999999
1.14084338
0.77349726
0.7102230399999999
0.862980428
0.961645242
0.9846212900000001
1.0051621259999999
1.005152716
0.697652862
0.957956068
0.814872976
0.828248862
0.881105688
0.686764028
0.627332218
0.91117654
0.68061081
1.002684108
0.7554247279999999
0.939791056
0.6969385260000001
0.89163256
1.005774124
0.999922542
0.699479872
0.708247276
0.19749936199999998
1.0378027159999998
0.595866128
0.672523006
0.650923242
1.001466022
1.004475692
0.621520442
1.004995132
1.00692481
1.00442871
0.682960412
0.609889126
0.554617994
0.9996735139999999
0.610679116
1.003007246
1.00508215
1.005298584
1.005604572
1.002953374
0.891702906
1.00406475
1.003482964
1.005237408
0.9984209479999999
0.9992734679999999
0.6772932819999999
1.0029510320000001
0.765531276
1.0049057780000001
1.004799986
0.8615436280000001
1.005246818
1.005964936
0.92573527
0.980908632
1.006004992
1.003874658
0.8450251919999999
1.005232702
1.005399774
1.003691672
1.004854054
0.825591672
1.005948444
1.003168892
1.004346502
1.0074846
0.75178843
1.00184212
0.8146859500000001
1.03037588
0.716948712
0.718895168
0.388071284
1.0044803900000001
1.004630762
1.006257186
1.003581446
0.954437176
1.004609614
0.899106182
0.951723706
1.004983374
0.832942354
1.002983822
0.8191125100000001
1.038066088
1.004315972
1.006769032
0.753355006
0.61797646
0.870111748
0.574704422
1.00631377
0.995952922
0.652447996
0.728934118
0.5122581860000001
0.845251362
1.004043626
1.00570347
0.6797748880000001
0.346804072
1.003553306
0.767007754
1.154800132
1.005159772
1.00417978
1.004658962
0.535899594
0.548903564
0.986022774
1.004795284
0.29387230799999997
0.30292134800000003
1.003260282
0.999487406
0.689849308
1.006405732
1.003963828
0.9469374319999999
1.002274632
0.752466742
0.910299776
0.924557532
0.802800626
1.003813656
0.699658768
1.119942242
1.002894826
1.00169258
0.962876252
0.84617059
0.361231552
0.6885730160000001
1.005016298
1.005077446
1.00552688
1.001398306
1.00368229
1.004135174
1.003222786
0.741893058
0.617951564
0.776614818
0.851287604
0.9705088019999999
0.617415016
1.00496221
1.001891196
0.985111356
0.670000936
1.005077446
1.0036025499999999
1.002019754
1.004668362
0.925946822
1.004095266
0.8587718959999999
1.003961482
0.466971674
0.75250893
0.8930174240000001
1.002602186
1.0024571
1.005098614
0.884289444
1.004377036
0.698933496
0.892607264
0.6618118980000001
0.912246778
0.9122351519999999
0.909178282
0.720645398
0.991037284
0.752462788
0.41945456799999997
0.984935146
1.002585804
0.925753228
0.9046245300000001
1.00456027
1.044135366
0.956848434
0.928230146
1.02350561
0.983586304
0.660567046
0.689231584
1.004886968
0.610836318
0.45889295399999996
1.006318486
1.004666012
1.004414616
1.006068618
1.005079798
1.004463946
1.003994338
0.5489505699999999
1.00398495
0.74183027
1.0043347599999999
1.002857358
0.806023224
1.003072836
0.788859148
1.003635384
1.003900468
1.003724512
0.658936412
0.98427154
1.0064741259999999
1.005108022
0.9022471900000001
0.904445462
0.69637127
0.3569042
0.91239212
0.7296449260000001
0.804099214
1.0060167740000001
0.541760298
1.0022933440000001
0.669490232
1.005284466
0.58052572
0.63374801
0.41921056
1.0060262
0.689248176
0.64893462
1.005223292
1.004901076
0.226438716
0.795709122
0.999471124
1.00277775
0.614965364
1.001725288
0.212399544
1.00702869
0.581398792
1.005625762
0.984788354
0.944436642
0.658817142
1.0054256639999999
0.677946492
0.75462438
1.005538652
0.929992832
0.8657113799999999
0.798148968
0.998388456
0.761631108
0.76639323
0.8618582760000001
1.06737228
1.00520447
1.005489216
0.64355456
1.00227931
0.2105947
0.719725194
0.6699737619999999
0.643575776
0.624752504
1.004271354
0.936242858
0.8034073140000001
0.622477974
0.482279848
0.9423603060000001
0.586662418
0.8182277179999999
1.003658836
0.987026602
1.006950778
1.006816232
0.617939118
1.002681768
0.404682414
1.00379254
0.741149246
0.650745718
0.5289922340000001
1.0032251300000001
0.83476361
0.33923107199999997
0.351340076
0.579568444
1.005778834
0.6525907519999999
0.5538163060000001
1.0042455240000001
1.004240826
0.90813827
0.817456842
1.012405252
1.006714756
1.005510402
1.0055574840000001
1.0026724040000001
1.00256942
1.002871408
1.154561102
0.718294026
0.984413666
0.67790583
1.000870914
1.004186824
0.742638366
0.901372384
0.580495904
0.8329052020000001
0.844528378
0.659503026
1.003321216
0.77903629
0.288812048
1.004111698
1.005625762
0.7404669199999999
1.003271998
1.006273688
0.6696290579999999
1.000297482
1.005411542
0.154425068
0.670079334
0.6341925079999999
0.365129198
1.00619825
0.307026368
0.7653798500000001
0.554118544
0.642357206
0.541716566
0.595321018
0.547329698
1.003970868
1.006754872
0.939916512
1.005246818
1.003921588
1.003773774
1.004060056
0.44837652
0.6508472900000001
1.0038089639999999
0.66949545
1.002167054
1.005651664
0.98294476
0.9079194199999999
1.004003726
0.7191395199999999
0.990856664
1.004830546
1.0024875180000001
1.005021
0.923710462
0.889260324
1.004057708
0.946843492
0.9447420240000001
1.0028409679999999
0.8882102479999999
1.004400522
0.6417199259999999
0.542070042
0.30132255199999997
0.709576514
1.0014636860000001
0.805324992
1.002541338
0.943420126
0.5604767940000001
0.568324098
0.57919407
1.003717474
1.005178592
0.72893288
0.788892474
1.003473586
1.00323919
1.0058706979999998
1.003900468
0.6688729980000001
0.626785666
0.905769192
1.102110138
1.000789288
0.98967625
1.0038066159999999
1.003724512
0.328499294
1.006212394
1.003307154
1.002962744
1.00350641
1.005190354
1.004043626
0.8139093900000001
1.00415865
0.88405828
1.002644316
0.848155726
1.002894826
0.6682974540000001
1.004590816
1.005468032
0.609402794
0.518075146
0.547689142
0.477008704
1.0053927139999999
1.001802394
1.004475692
1.0049363439999999
0.642978426
1.004529726
0.395047774
0.559976232
0.745393934
1.005232702
0.408888738
1.00497632
1.002265276
0.9833228319999999
0.25972022
1.004060056
1.0046871640000001
1.003494688
0.753963348
0.76499405
1.004193868
1.004715366
0.617884
0.74282332
0.830208472
0.948267118
1.006080402
0.774983678
0.39822197
1.003938014
0.831230366
0.817505076
0.502030028
1.002330768
0.6169848520000001
1.005418602
1.000288164
1.00357441
0.625089842
1.002223178
0.738341134
0.936489868
1.003773774
1.002826918
1.003391536
1.002927612
1.004168042
0.430133758
0.740339282
0.129979346
0.148973972
1.000628408
0.619079214
0.719877192
0.818385186
0.6246698159999999
1.001585128
1.00423613
0.696850326
0.54605626
0.609382044
1.005609282
0.813884712
0.7190793200000001
0.502014772
0.44119048400000005
1.003290748
1.003895776
0.987092386
1.0050045380000001
1.002927612
1.00557161
1.001589798
1.00517624
1.006629814
1.023666612
0.501423996
1.00563989
1.00407414
0.783144362
0.708777906
0.932846952
0.824791024
0.36546723600000003
1.003110318
1.00456262
0.45493293999999995
1.00687524
1.015178702
0.985124912
0.49840755400000003
1.004757674
0.983392626
0.5675880680000001
1.004283094
1.00386058
0.9606859040000001
0.739103484
0.708812996
1.003328248
1.003356374
1.004222042
0.596398158
0.9995153179999999
0.5952352120000001
0.541461148
1.002747314
0.9922759680000001
1.0029369799999999
1.006721834
0.9992223219999999
1.005830652
1.002531978
0.5417268159999999
1.004062404
0.9329340819999999
0.987183138
0.72969575
1.004983374
1.003192324
0.664225324
1.0070593860000001
0.650125152
0.909307248
1.0044686440000001
0.846117246
1.005002186
1.00678319
1.002693472
0.632054346
0.670054244
1.007165656
0.7095601020000001
1.004579066
1.003288404
1.00245944
0.698194968
0.554650224
0.18000173
1.005343294
0.7296238540000001
0.264721088
0.913274864
0.603083444
0.699429752
1.00456027
1.00546097
1.005350352
0.718398552
1.003471242
0.8025186179999999
0.803557626
0.69883683
1.006320844
0.501766688
0.468404262
1.0026724040000001
1.006247756
0.44656442199999996
0.818464724
0.80254711
0.823724856
0.944611122
0.98509554
1.00419152
0.984910302
1.002908878
0.7899851
1.003982602
0.976979348
0.70015834
0.603936556
0.422792092
0.5629930879999999
1.002876092
1.00262091
1.002475818
0.6320078419999999
1.006070976
1.001816414
0.688569704
1.0053762400000001
0.7304440680000001
0.482883346
0.32420671
0.595366406
1.00494575
1.001589798
1.00442636
0.729424352
1.005237408
1.003033012
1.003801924
0.6262838980000001
0.670778404
1.00284331
0.535890902
1.0027215619999998
1.00486816
0.9728147279999999
1.00478353
1.005044518
1.004139868
0.833741108
0.846128916
0.548127394
0.610700824
0.947075246
0.597110394
1.004412268
1.0036776
1.154918132
1.005103318
1.003382158
1.315312032
1.005317408
1.004877564
0.707460978
0.680402716
0.986881452
0.955384068
0.454727272
0.5113482420000001
1.005988498
1.01079697
0.791471448
1.004581416
0.982915516
0.22023011199999998
1.004609614
1.00514801
1.004839948
1.003586136
0.738894952
0.7404196879999999
1.001902882
1.003267312
1.006950778
0.952961146
0.574205772
0.687967492
0.579125344
1.003994338
1.00539742
0.64127056
0.529839936
0.5592106800000001
0.573835992
0.970206262
0.929552036
0.789038852
0.634190636
1.003656492
0.445029136
1.0050633340000001
0.790572566
0.861718212
0.70896042
1.002148346
0.744301122
1.07975878
0.817519082
1.0521439399999999
1.004055362
1.003529858
0.961595722
1.00401546
1.004325366
0.49708486199999996
1.0044686440000001
0.55290445
0.943888696
1.005920172
0.667831916
1.114244616
0.828491708
0.8761091280000001
1.006962582
1.002616228
0.617846668
1.002592824
0.720449566
0.7782274579999999
0.78377604
1.002225516
1.002241888
0.912471594
0.6341822079999999
0.910043246
1.005823586
1.004640162
1.002543678
0.706904392
1.000793952
0.739186166
0.6252600119999999
1.0049363439999999
0.708968612
1.00119055
0.687973002
0.7830958140000001
0.765557202
0.876983908
0.990379136
0.98332058
0.419222836
0.45248953199999997
1.002047808
1.005152716
1.002681768
1.02360562
0.47217938600000003
0.53552073
0.60541954
0.56263392
0.765364846
0.385674122
0.930468314
0.779975682
0.37111320000000003
1.003468898
0.92698403
0.384137402
0.969183848
0.395055042
0.620000592
0.814774042
0.7513886
1.002955716
0.7773907520000001
0.513095968
1.00423613
1.003855886
0.83106309
0.984199366
1.002274632
1.00051186
1.005129192
1.0053291739999999
1.004849352
1.004358246
1.003297778
1.0039028140000001
1.00313609
0.989509802
0.931166296
1.006823312
0.402089504
0.893829572
0.75399644
1.007943286
0.76556539
0.50204822
0.815632788
0.84711521
0.62617433
0.8472188119999999
1.003600206
1.004062404
1.004588466
1.00076597
1.003717474
0.679084864
0.997560614
0.9409193020000001
1.00129792
1.0055928
0.721160868
1.004271354
1.004456898
0.886615064
0.751666068
0.953253024
1.003473586
0.580064706
1.001870164
1.00570347
1.004330062
0.8165585439999999
0.9445155660000001
0.730401834
0.8778155799999999
1.019538082
0.581820156
1.005042166
1.004517978
1.005430372
1.004522678
0.9279814559999999
0.80254711
1.004388778
0.583124334
0.634184082
1.00175099
1.0028222359999999
0.8481004560000001
1.0815370020000001
0.911178472
0.903513166
0.80421816
0.998752956
1.0736559319999999
0.687956472
0.99761159
0.686063038
0.719141928
0.815657572
1.00532682
0.996523694
1.0582568799999998
0.7171055260000001
0.861749334
0.87385778
1.0042149980000001
0.7426499219999999
1.005300936
0.9013686
0.719771028
0.232002382
0.63356571
1.003731548
1.004626062
0.5545642860000001
1.004445152
1.004142216
1.004259612
0.571250936
0.368150678
0.48671052600000003
0.8051936399999999
0.527238268
0.8947829900000001
0.507866048
0.602448146
0.584463004
0.871727656
0.924794432
0.95685483
0.501433362
0.5546466440000001
0.9767927059999999
0.6804598479999999
0.7095472079999999
0.985314752
0.616948516
1.022124534
1.004745922
0.65190036
0.9104831
0.7176567119999999
1.001844456
1.005934308
1.004499184
1.0045837659999999
0.988719374
1.001879512
0.6428773720000001
1.116547462
1.004252568
0.976808256
0.879903486
0.830134658
1.004379384
1.002017418
1.00455557
0.6612087360000001
0.6030427979999999
0.9325876839999999
0.985271806
1.001746316
1.004078834
0.937231686
0.486368256
0.5298209819999999
0.518461636
1.005211528
0.9168503859999999
0.678204488
0.69886071
0.961556972
0.443821972
0.568118118
0.801672288
1.00335403
0.6262208920000001
0.68800937
1.030680014
0.836747686
0.7640210580000001
1.004388778
0.789784632
0.507088346
0.5238793580000001
0.710308784
0.7101948539999999
1.005192708
0.8132282279999999
0.44766848800000003
0.327544306
1.003513444
0.9655647740000001
0.858938488
0.949271032
0.9387927180000001
0.845105004
1.004027196
0.85795362
1.0029440059999999
0.891619604
0.99876689
0.689717478
0.64924951
1.0010202080000001
0.788365382
1.004534424
0.7204386899999999
1.00403189
1.005988498
0.728957624
0.86062348
1.00638215
1.0054468460000001
1.002641974
1.0049057780000001
0.984050538
1.0045085820000001
1.00427605
1.003382158
0.962766174
1.00451328
0.730214322
0.6305372159999999
0.923642922
1.0048611079999998
0.48192917799999996
1.003105634
1.006042696
1.00557161
0.828200948
0.926186432
1.004644862
0.6098925900000001
0.891499306
0.541753466
0.5352330980000001
0.763919138
0.39056874199999997
1.000703012
0.523166564
0.51207313
0.49257714399999997
1.004879916
1.004745922
0.9398260159999999
1.00646705
0.743776526
0.8580976060000001
0.639176742
0.581898194
1.003471242
0.553827732
1.000022654
0.581850108
0.708907762
0.666999102
0.73517902
0.445759832
0.730849272
0.66042992
0.5613199019999999
0.9643550320000001
0.5769161
1.00296977
1.005021
1.00394036
1.006573194
0.446577888
1.000705344
0.587817012
1.002181084
1.004470994
1.0050962620000001
1.005089206
1.0038230399999999
0.827570604
1.001246566
1.004090572
0.86865288
0.785494718
1.0063467799999999
0.79236068
0.999054972
0.37074
1.03493936
0.39007143
0.886225394
1.003731548
1.003478276
0.541422242
1.004602564
0.942215594
0.927983462
1.002805846
0.717863024
1.004071792
0.587273676
1.007347548
1.0039450540000001
0.961830446
0.9830099999999999
1.003712784
0.753052524
1.005343294
1.00380427
0.747779244
0.560467286
0.61034067
1.004489786
0.68041026
1.005468032
1.065402386
0.8610807180000001
0.6347370499999999
1.002644316
1.003363406
0.976632784
0.984185834
0.503044326
1.005108022
1.004898724
0.791433528
0.859770692
0.59242154
1.003014272
1.003705746
0.6179328940000001
0.7176842920000001
1.0054703839999999
1.005889544
1.005399774
0.488359146
1.005348
0.679856666
0.750874972
1.0020898919999999
1.0057199540000001
0.7624396299999999
0.323231716
0.9996804939999999
1.004088224
1.00059111
0.6606208960000001
0.7301783199999999
1.006224182
0.7053811879999999
0.610858906
0.943471936
0.430122128
0.997769184
0.742666616
1.005324468
0.332455342
1.006235968
1.005880122
0.756894452
1.003281374
0.546240994
1.004168042
0.686668504
0.5677126100000001
0.675530252
0.730885338
0.534495746
1.00403189
0.376316442
1.005411542
0.872937768
0.767841464
0.548127394
1.002852676
0.959049138
0.981906558
1.004696564
0.87699286
1.108375796
0.57469058
0.601535194
0.889466584
1.0567830980000001
1.004807038
1.006082758
0.44553279199999996
0.93865115
0.497068752
0.5481015119999999
0.731788182
0.84518483
1.00552688
0.35227576800000004
0.8471920740000001
1.004433408
0.642392754
1.003968522
0.753878652
1.001832772
1.005002186
1.005075094
1.001288582
1.000367378
0.6594159479999999
0.797411002
1.001937942
0.951856588
0.6873652339999999
0.966873316
0.426414182
1.00255772
0.883965484
0.73995791
0.88639183
0.9100895259999999
1.00239159
0.323098952
0.9846212900000001
1.0042126500000002
1.004579066
0.890370102
1.002195114
1.003539236
0.589334986
0.512729064
0.91472393
0.634204682
0.8231155
0.5142312379999999
0.9971414200000001
0.581140762
0.61053675
1.0033235600000001
1.003150148
1.0042737019999999
1.00304941
1.006858716
0.972971198
1.001533744
0.981969418
0.8906045779999999
1.0016738920000001
1.003541582
1.00330481
0.875860786
1.008461584
1.003447798
1.0048281940000001
1.002590484
1.004774128
1.003349342
0.7048868639999999
1.00429014
0.145573262
1.006233612
0.5469595819999999
1.006660486
0.863990782
1.0040506679999999
0.86874776
0.346659076
0.7881845359999999
0.319236806
1.01247685
0.438140362
0.501779584
0.618556742
0.455816486
0.659928628
0.997502694
0.9777644639999999
0.6872794400000001
0.98469127
0.9530499600000001
0.651413904
1.004858756
0.7591607800000001
1.003900468
0.980642114
1.043452992
1.00780138
1.004067098
1.0056139899999998
1.002571762
0.7537661920000001
0.718360102
1.00661094
1.004877564
1.0054727380000001
1.01382478
0.910454148
0.9639070279999999
0.949428414
0.816521288
1.002110934
1.003750314
0.718961356
1.006068618
0.907977002
0.632426622
0.71285646
0.891428994
0.985445874
0.5529101439999999
0.698974444
0.43419822799999996
1.004485088
1.003536892
0.708809488
1.004525028
0.487306372
0.960589218
0.419683686
1.003424354
0.608803306
0.9387168
0.36513789
0.437883512
1.00504687
1.004043626
1.001092538
1.003888736
1.00518565
0.602400826
0.708178376
1.004092918
0.7656813979999999
1.003562686
1.00417039
1.002038458
0.6701023340000001
1.0044803900000001
1.005023352
0.5250288860000001
0.5958347159999999
0.632208788
0.7434006120000001
1.006247756
0.719001074
1.00523976
0.862690952
0.948392754
1.0057270200000001
1.00407414
1.003086892
1.004203258
1.004564968
1.00614168
1.004473342
0.780782478
1.004550872
0.953989862
1.004517978
0.510682476
0.7872353799999999
1.00514801
0.986049938
0.7433864579999999
0.541848468
0.66015787
0.7081760399999999
0.906782722
0.7815667660000001
1.00393332
1.003766736
1.003274342
1.0719757440000002
0.6347370499999999
0.9825961999999999
1.002742632
0.951932536
1.00310329
0.984336958
0.642612858
1.000992212
0.907735208
0.512371852
1.002700494
1.002894826
0.993458
0.6321083
0.7068299379999999
1.005588092
0.57381146
0.57414897
0.716147762
0.75240347
0.446480398
1.0072719479999999
0.736207328
0.60978868
0.56427863
0.776575502
1.004912832
0.8405731399999999
0.68862932
0.40873697800000003
1.003199354
0.7412259920000001
1.002131978
1.004156302
0.689255918
1.003440764
1.004640162
0.893721696
1.002616228
1.00516683
1.002700494
1.004809388
0.464007772
0.94448441
1.005828298
1.006056836
0.5246428
0.70012524
1.001886522
1.005190354
0.9258470200000001
0.83087338
0.998195866
1.004184476
1.020875772
0.803492984
1.002283988
1.007645328
1.005051574
0.816727796
0.6496767160000001
0.486700046
0.8017396280000001
1.00430423
0.9628266059999999
0.588233232
1.000199644
1.002199792
1.000257878
0.9835637779999999
1.004168042
1.00394036
0.95061991
0.553401712
1.0016388520000001
1.002850334
0.5761653919999999
0.679165402
1.004682464
0.6337816759999999
0.876831724
1.005037464
0.717757454
1.00284565
1.004057708
0.426615794
0.59477361
1.00619825
0.819346902
1.00384181
1.003274342
0.862794934
1.00227931
1.004076488
1.003447798
1.019840694
0.799075576
0.609904714
1.001968328
0.80001328
0.5655238859999999
0.5542951819999999
0.7546973100000001
1.005705824
0.403509128
0.815572386
0.6989676180000001
0.54700695
1.005482154
1.004233782
1.004034238
1.003848848
0.48663111600000003
0.49248677199999996
1.004165694
0.8980421260000001
0.608912058
1.003567376
0.6028515019999999
0.6180965220000001
1.003150148
0.6964469259999999
1.00422439
1.000749646
1.004649562
1.001246566
0.454158442
0.852123638
1.004988078
1.005844786
0.9409729
0.6816640180000001
0.5943406840000001
0.876271786
1.004642512
0.844453656
0.553356082
1.005051574
1.0176755339999999
0.51771981
1.002251242
0.553657818
0.7095647900000001
0.788319078
0.670149384
1.004240826
0.625107128
0.617441644
0.945859284
0.999820124
0.8617908320000001
1.004203258
1.004165694
1.004160998
1.14264625
1.020885478
0.5491021620000001
0.446546314
1.00481644
1.002410306
0.9868678479999999
0.742816896
0.8032976220000001
0.712245288
1.002883118
0.831996826
1.073868004
1.003072836
0.6005343040000001
0.660699146
1.003872312
1.003447798
1.0059531560000001
1.0055951539999999
0.6034435600000001
1.004698914
0.845474324
0.87964218
1.004252568
0.659430122
0.755407456
0.74106101
0.642389872
1.003513444
0.650259014
0.472773468
1.00484465
0.6262208920000001
1.00430423
0.524227208
1.133951832
1.001678564
1.003844156
1.003194668
0.524254082
1.00384181
0.775869866
1.004259612
1.004323018
0.777493482
0.643575776
0.790017068
0.771879176
0.8708350739999999
0.8264606619999999
1.003738586
0.929230258
1.00478588
0.854639924
0.523888304
0.696958882
1.00336575
1.004414616
0.662563314
1.003888736
0.687969696
0.708717088
0.846165588
1.002550698
0.401010918
0.622020008
0.8737777800000001
0.9079136640000001
0.846145584
0.5777899999999999
0.741977648
0.7295643639999999
0.596198638
0.94825037
0.953348242
0.58134528
0.816670336
1.004750622
0.833745964
0.861813312
0.547652828
0.931772332
1.193606804
0.67920192
1.0309026639999999
1.004353548
1.003461864
0.928414744
0.77731337
0.8894536900000001
0.718510322
1.0022933440000001
0.944208254
0.254508588
0.6891718640000001
1.0052068219999999
0.468105612
0.821003964
1.0032110699999999
0.6199468960000001
0.502389414
1.005943732
1.00338919
1.000495546
0.7076264919999999
0.688483608
1.004013114
0.813792186
0.5299020379999999
0.894794174
0.5672941899999999
0.668857374
0.98323729
1.003921588
1.005183298
1.007839218
0.548112704
1.001863152
1.003173578
1.004877564
1.002520278
0.913406938
1.011058712
1.005246818
1.006240684
0.624767044
1.01929854
0.344724218
0.894822138
0.581395644
0.6019685419999999
0.6266448339999999
1.000295152
0.766969402
0.789717832
0.847056736
1.005133898
0.762371962
0.6359390939999999
0.9994408899999999
0.588246928
0.9293428539999999
0.9388214460000001
0.37072847999999997
1.006599144
1.007699704
0.998583442
1.005075094
1.005588092
1.00507039
0.7533232940000001
0.791497702
1.00533388
0.9045006980000001
1.003297778
1.002613888
1.006891762
0.945449108
0.74113262
1.004823492
1.003063464
1.004210302
1.004440454
0.61841424
1.003755006
1.0058706979999998
1.003501722
1.002146008
1.004379384
0.988291656
1.0053032899999998
0.535467986
0.671392864
1.00102954
0.513437006
0.963666964
0.5309947899999999
0.49243539
0.52759513
0.45947273
0.7514477580000001
0.67805138
0.52949374
0.998267788
0.742702576
0.741884088
0.51842659
0.892844776
0.55464736
0.594765374
0.64353624
0.892581294
0.560131054
0.8451582200000001
0.997474894
0.46899246
1.00422439
0.699682704
1.070418176
0.947135812
1.00371982
0.8452164320000001
0.675523876
1.0043183199999999
0.9945507219999999
1.005637536
1.1442200580000002
0.699520884
1.003499376
1.005880122
0.799944738
0.818157578
0.944623588
1.00345952
0.31283722599999997
1.0067336340000002
0.8041699760000001
1.003138434
0.580950534
0.895772068
0.525386618
0.46808214600000003
1.004837598
0.643556488
0.687857312
1.13730886
1.006401016
0.468588234
0.773558558
0.888450938
0.764010184
1.0044522
0.752321758
0.9996851480000001
1.00278009
1.0738465240000001
1.004243176
0.6982426420000001
0.40508012000000004
1.0057175999999999
0.966568688
1.00356034
0.6429389640000001
1.0018982079999998
0.815747426
0.983169768
0.832106436
0.573424578
0.876980326
0.983462432
0.370902002
0.831948478
1.003182952
0.501677602
0.668901124
0.6809571999999999
0.9692429
0.42279459
0.63316129
1.003975562
1.053845226
1.005948444
0.986895058
0.8892934659999999
1.006438748
1.00385354
1.00206885
0.7806377280000001
0.9893844340000001
0.882030328
1.00303067
1.003701056
1.001181216
1.002726244
1.08452471
1.003260282
0.8139325260000001
0.690571386
1.003290748
1.003234504
1.0070995299999999
1.002386912
0.804242254
1.005428018
0.6235298739999999
0.894900444
0.998743666
0.50242115
1.006325558
0.501443314
0.9605226219999999
1.005305642
1.004379384
0.7068892680000001
0.873928904
1.004755324
0.61790089
0.6930798459999999
1.205114352
1.004835246
0.988707994
1.005409188
1.005350352
1.00481644
0.998186586
1.004964562
1.003290748
1.0020057279999999
1.0036635280000001
1.000768302
0.777455484
0.31907672000000004
0.972768458
0.731775714
0.659961078
1.005668148
0.6995231639999999
1.003830078
1.003351686
1.002983822
1.004703616
1.06311598
1.004541474
0.64869253
1.004619012
1.004137522
0.999596736
0.966636124
1.0037080919999999
1.002464118
0.776652736
0.520573702
0.9851678460000001
1.005310348
1.00347593
1.006625096
0.997199298
1.004943398
0.58822437
1.005406834
1.005795322
0.894958252
1.00273795
0.7274217740000001
0.501995408
1.01637748
1.004160998
1.0038113100000001
0.984546806
1.004825844
0.997878138
1.005357412
0.6804954259999999
0.539802038
1.005319762
0.385693864
1.067435946
1.00128158
1.0031524920000001
1.002913562
0.671290028
1.005983786
1.002368196
1.002700494
1.050951932
1.00355565
0.534851846
1.005972004
1.005223292
0.77835862
0.6988732179999999
1.00347593
0.634170036
0.422823726
0.731771974
1.002468798
0.69828805
1.003178264
1.004445152
0.8461022460000001
0.933193544
0.7141757559999999
0.892520084
0.983994176
0.7001788840000001
0.830083318
1.00357441
0.696816408
0.37371752199999997
0.196117318
0.755499142
1.004332412
0.6593106719999999
0.822858454
1.003051752
1.004917534
0.974207086
1.005500986
1.003877004
0.474900022
1.003297778
1.019204206
0.844294296
0.814760132
0.6976369979999999
0.557397782
0.5962532660000001
0.595265736
0.8176046760000001
0.984569376
1.006476484
0.98199636
0.913484646
1.00245476
0.938608074
0.54813229
1.00420091
0.698241506
1.001176548
1.00451328
1.006311412
0.491842712
1.00289951
0.65075755
0.92362306
0.45916081400000003
0.985635836
0.9530478440000001
0.960297124
0.719810836
0.979418888
0.976957124
0.7088434119999999
0.889319246
0.7191298880000001
0.788877984
0.66935668
0.873994704
0.23475590600000001
0.8320516280000001
0.913325358
1.1171253879999998
1.004579066
0.35454136599999997
0.452533394
0.554106392
1.001568778
0.76570324
0.90338584
1.000789288
1.013465938
0.98144883
0.718616114
1.003769082
0.944274682
1.072232656
0.929171958
0.534422588
1.004877564
0.659991502
0.76325665
0.935274442
1.055642828
0.41547085
0.94512663
1.001732298
0.7512703119999999
0.749474282
0.860939182
1.000994546
1.004388778
0.8422611000000001
1.003914548
0.974160684
1.004146912
0.5477261600000001
0.430777862
1.004395826
0.5864173100000001
1.002983822
0.5272557440000001
0.706648518
0.861809854
0.737423324
1.003553306
1.0036048960000001
1.006459974
0.341258534
0.438194898
0.32929315200000003
1.004313624
0.6994320300000001
0.586430922
0.698843652
1.002700494
1.004271354
0.6165791860000001
0.5603729540000001
0.468413456
0.549017934
0.69886867
0.7530485619999999
1.002892484
1.0043817320000001
0.56595163
0.8771325600000001
1.003489998
0.419416884
0.66530877
0.567153356
0.397343312
1.004123436
1.00517624
0.7648210440000001
0.698842516
1.003269656
1.005797676
1.001832772
1.000080868
0.7189745940000001
1.00442636
1.003963828
0.9792782
0.659861712
1.00473182
1.004315972
0.914796016
0.899997338
1.00512684
0.68855756
1.003658836
0.9012588960000001
0.670268608
0.551728264
1.002113272
1.01927435
1.004948102
1.00173697
0.846190596
0.844232892
1.003356374
0.7095214200000001
0.83166656
0.937585638
1.002684108
1.001973002
0.8158450460000001
0.643041962
0.8739769199999999
1.0076547839999999
1.000861586
0.989758354
0.6298566499999999
0.9446900739999999
0.48702511
1.00417978
0.984682238
0.776505302
1.0061817499999999
1.005378594
0.8596932500000001
0.377883178
1.005039814
1.004604914
1.0029041939999999
1.0053950680000001
1.003949748
1.0041633460000001
1.005305642
1.003930974
1.003429042
0.692375956
0.7990116540000001
1.003867618
1.003801924
1.002817552
1.0018771739999999
1.003112662
0.603519874
1.001902882
0.766442466
1.00650007
0.767052958
0.454129628
0.449792256
0.580970966
1.006210038
1.001958978
0.72955445
0.5409462660000001
0.8190594
0.48745072
0.511736952
0.651314132
1.00417039
0.859014076
1.002883118
1.005037464
0.651876614
1.004851704
0.984795128
0.634637632
1.0021577
0.455255544
1.004717716
1.003595516
0.997736734
1.0001158
0.491222804
1.003349342
1.00359786
1.0053032899999998
1.006625096
1.0013259319999999
1.00306815
1.004135174
1.00494575
0.909082062
1.003628348
0.831114552
0.83022131
1.004769426
1.005079798
1.003874658
0.0
0.64125237
0.877112856
0.931784462
0.49669223599999995
0.907848414
1.002419664
1.0029041939999999
0.789918266
0.43061072
0.84439721
1.0042924880000001
1.00619118
0.9730174859999999
1.003079864
0.9678428760000001
0.988373532
1.002913562
1.001828098
1.005140954
1.00512684
1.007406616
1.00013676
1.006504788
1.004193868
0.99743088
0.698148438
1.003590826
0.708721766
1.003757352
0.833031208
1.000826602
1.0034032560000001
1.005788256
0.7783614400000001
1.0033751260000001
0.985158806
1.003858234
1.00406475
0.937419882
1.005936664
0.974123122
0.595204692
1.061641762
1.0060167740000001
0.816251278
0.468394044
1.003037696
0.997998712
0.42298862600000003
1.0023541599999999
0.77572553
0.728046938
0.915732228
1.004438106
0.5293005900000001
1.0569131239999998
1.005632826
1.002113272
1.0012372299999999
0.860999588
0.700273638
1.00409996
0.5742050040000001
1.003290748
0.6513091940000001
0.729684594
0.57789262
0.9103152099999999
1.005512756
0.775925932
1.005536296
0.819076582
1.006455258
0.79249665
1.0040365839999998
0.48702511
0.659755282
1.004729468
0.596296312
0.471055094
0.8914734019999999
0.46372822
1.005844786
0.437184176
0.846317318
0.943474008
0.365127026
1.004626062
1.002606866
1.014356332
1.004442804
1.004658962
1.00356034
1.00653781
1.004757674
1.003710438
1.004903426
1.004374686
1.00376439
1.004567318
0.917557484
1.000626076
1.003384502
1.00440757
1.004264308
1.002770726
0.58819537
1.006259544
0.660806898
0.352067278
0.632065508
0.44657045799999995
1.0044522
1.003935668
0.77418742
0.370883106
0.45116103199999996
1.00303067
0.8024136660000001
0.524172186
0.642351442
0.826385924
0.917877112
0.789896476
0.790646788
1.003799578
1.00345952
0.642963988
1.0199521
1.00500689
0.6034901939999999
1.003129062
0.777490668
1.003959134
1.00175099
0.9054560300000001
0.983701194
0.719186484
1.006009706
0.6943100560000001
0.9373339559999999
0.610798964
1.000031968
0.301435482
1.002798822
1.0044522
0.542593922
1.189761408
1.0011952179999999
0.41873972400000004
1.00419152
1.004717716
0.804376308
0.844246168
1.003548616
0.7768564280000001
1.003956788
0.87272846
0.965497486
0.928999116
0.937278728
1.06431202
1.0029580580000002
0.7760016359999999
0.8938946839999999
0.651427736
1.0031571780000001
1.00232375
1.003311842
0.9992571920000001
1.002803504
1.002260598
0.913426364
1.008336102
1.00262559
1.006113396
1.004107004
1.004137522
1.005150364
1.004327714
0.9616947659999999
1.008085232
1.00409996
0.561278824
1.0035791
1.0013702899999999
1.0043676400000001
0.906503296
0.8608649799999999
0.347075918
0.9816103319999999
1.003581446
1.003626002
0.802346212
0.928262244
1.00171127
1.00518565
0.39214456799999997
0.98708558
1.00319701
0.6425167239999999
1.004205606
1.001884186
0.936406156
1.004595514
0.9290815099999999
0.86859842
0.753214962
1.00358848
1.00513625
0.9259588
1.005263288
0.9997084180000001
1.003300122
0.81017858
1.003935668
1.00246178
1.001360952
0.8452197579999999
1.056840306
1.00111354
1.002181084
0.96930196
0.633635814
0.5534273839999999
1.00442871
1.001596806
1.002641974
1.00304004
1.003497032
0.16624987
1.153045404
1.004931642
0.752399516
1.004988078
0.534753954
0.415727422
1.004715366
0.730313654
1.007758816
1.002803504
1.005552776
0.9832575480000001
1.003288404
1.0042149980000001
0.54611389
1.00157812
1.0152578939999999
1.134083576
0.9457322380000001
0.803413326
0.88857593
0.45409794
1.007134954
0.450428596
1.0033751260000001
1.139037128
0.472262976
0.609851888
1.002602186
1.006061548
0.5075071800000001
1.005861276
1.003963828
0.588291244
0.669479796
0.496449382
0.580948962
1.1934277039999999
0.954178488
1.005286818
1.00338919
0.9920330239999999
1.007711526
0.700271354
0.6179337819999999
1.0061275379999999
1.000563138
0.661175146
0.379195332
1.004123436
0.698839104
1.005242114
0.68919177
1.0055998640000001
0.6694850139999999
0.816591148
0.553812736
1.006023844
1.005475092
0.9846416060000001
1.003337622
1.004419314
1.004501534
1.00121389
1.00378081
0.678567728
0.5168892660000001
0.623556126
1.003213414
1.004776478
1.004020154
1.001143876
1.005209176
1.0043206679999999
0.9815049
1.00568463
1.00535506
0.987827958
1.001643524
1.004755324
0.900489832
1.004393476
0.5370763439999999
0.529452618
1.006339706
1.004997484
0.9567503860000001
0.983381368
1.005428018
1.001232562
0.5537084959999999
1.003302466
0.497379594
1.002852676
1.107124392
0.855912176
0.5537570399999999
1.00658263
0.27514169
0.595687618
1.001923918
1.00544214
0.749374898
0.480757498
1.003016614
0.5177516379999999
0.98722852
1.00239861
1.0029580580000002
1.005691696
0.728081494
0.698088296
1.004567318
0.7176519140000001
0.688650298
1.003726858
0.816021754
1.00334231
1.004832896
1.004388778
1.002110934
1.004543822
0.47162149
0.513413682
0.513114972
0.571639452
0.815586324
0.595264086
1.005056278
1.005792966
0.922478424
0.729630052
1.0032251300000001
0.625134422
1.005804742
1.00318998
0.327326382
1.005910748
1.004186824
1.002651338
0.984470078
1.1185626279999998
0.228579116
0.76645204
0.49447465599999996
0.816914208
0.626738106
1.002712198
1.006438748
0.9256794039999999
1.0048423
0.81045835
0.642419658
1.0035181340000001
0.943360034
1.164376924
0.9728808360000001
1.004369988
1.008108894
0.7426730380000001
1.001795384
0.7880529340000001
1.0019215799999999
1.0048611079999998
1.037872936
0.9704583659999999
0.402087246
0.817685618
1.0045579199999999
1.006212394
0.29584941800000003
1.005545714
0.7905129080000001
0.678040676
0.463719708
0.552639086
1.0056445999999999
0.225146532
0.984673208
0.412493342
0.6326651080000001
0.354718812
0.72407876
0.581981774
0.999050324
1.00323216
1.001982352
1.00384181
0.45028079000000004
0.6029158179999999
1.00300256
0.7864310400000001
1.005378594
0.5473617839999999
1.004581416
1.005056278
0.8854123939999999
0.529803336
0.927070068
0.5608756899999999
0.9843753120000001
0.379774724
1.00491048
0.955445702
1.006042696
0.72894649
0.741286118
0.650288552
0.6357508279999999
0.9410574319999999
0.669850464
1.003661182
0.9125607760000001
0.966792788
0.712910888
0.529918382
0.669924646
0.6886326319999999
1.001440336
1.004456898
1.004807038
0.982119862
1.003877004
1.00492929
1.015238694
0.342036874
0.975656624
0.98215355
0.71016902
1.0042948360000001
1.039085718
0.984395616
1.003628348
1.004588466
1.005581028
0.8936361580000001
1.0052585840000001
0.753265162
0.698908474
0.779227098
1.00239393
0.911014192
0.998302592
1.005738796
1.003724512
1.00364242
1.003070492
1.001522068
1.00256006
0.984316656
1.0055951539999999
1.00478353
0.878958114
0.740827092
1.004332412
0.8749419
0.981081162
1.004990428
0.814772496
0.573428406
1.0044475019999999
0.858840586
0.970206262
0.83558212
0.9457218239999999
1.00505863
1.1168784619999998
1.003417322
1.0063538539999999
1.00330481
0.961649548
1.005253878
0.943478154
1.004287792
0.729667238
0.262898324
0.712325616
0.696963406
0.44945853199999997
1.003473586
0.27283492000000004
0.27104100799999997
0.36292410799999997
0.389303128
1.003961482
1.0033751260000001
0.9862039
0.706893922
1.272865762
0.5246184479999999
1.004107004
0.92593684
1.004433408
0.659315734
1.0017860379999999
0.969188222
0.7184502260000001
0.40494644599999996
0.67779243
0.9744060040000001
1.002915902
0.738969958
1.003649456
1.12383391
0.518430344
1.001627172
1.003649456
0.779879376
0.588153484
0.645075952
0.34874769
0.567737374
0.70885862
1.004644862
1.004724768
0.8068924160000001
0.66875531
0.402435742
0.803395292
0.959184072
0.923692582
0.999494384
0.450795462
1.11356283
1.0036048960000001
0.7516739619999999
1.003468898
1.003640074
0.52421761
0.685415976
0.792799462
0.58005452
0.71705165
0.876974954
1.00358848
0.651935984
0.5298353600000001
0.7200630539999999
1.0046143140000001
0.668329692
0.87270718
0.626726216
0.962917268
0.809450248
1.0022910040000002
0.7302577760000001
0.662907942
1.003862926
1.001251234
1.0303907099999998
1.0039192399999999
1.006273688
1.07031681
1.006816232
0.8718338280000001
0.774268368
0.999955134
0.7317794559999999
1.001601478
1.002316734
1.227073912
1.004684814
1.00165754
1.005023352
0.98153406
0.986897326
0.9076757400000001
0.857881644
0.577278222
0.9868701139999999
0.983291314
1.001309592
0.8471352600000001
1.003260282
0.72122384
1.006504788
0.45466998799999997
1.006731274
1.005621054
0.65087392
1.00505863
0.699629136
0.7516858
0.779277996
0.998732054
1.003091576
0.676120456
1.003818348
0.738358904
0.7773823099999999
1.007595686
0.33276521000000003
1.0050045380000001
0.913410822
1.0015314100000001
1.00426196
0.817449062
1.0017206159999998
0.971628524
0.9123087839999999
1.02350561
0.8623722340000001
1.003255594
0.698345956
1.002260598
1.004952804
1.002908878
1.005260936
0.27222448000000005
0.85300875
0.454417918
1.0055998640000001
0.592386404
1.006823312
0.7211439159999999
1.003436076
1.004088224
0.929071462
0.91225259
0.555826686
0.878147614
0.634760502
0.957902656
0.91015124
0.49904864
1.004398174
0.786485764
1.005552776
1.002178746
0.840532014
0.753808526
1.004527376
0.8024646400000001
0.5536899359999999
1.0061817499999999
0.51203528
0.7190564460000001
1.002653678
1.005249172
1.004097614
0.726055586
0.6878628200000001
0.9792938299999999
1.00333528
0.999475776
0.899134416
0.877966312
1.00355096
0.696946442
0.75473179
0.6892127819999999
1.003452486
0.5676443299999999
1.003644764
1.0033587179999999
0.678579522
1.118714132
0.486961056
0.834781458
0.7204894500000001
0.960121094
0.45826817999999997
1.004257264
1.00245008
1.004205606
1.00367291
0.966607844
0.916758406
1.004698914
1.001940278
0.731936588
0.8172950640000001
0.799892594
0.8780399
0.708286988
0.709769996
0.65079009
0.847090148
0.696521468
1.00345483
0.860690742
0.617408804
0.5734345319999999
1.131621432
0.9988760640000001
0.5630831359999999
0.523915146
0.779180448
0.984260262
0.829032234
0.46002096
0.987040212
1.0052727
0.8842584920000001
1.00323919
0.6262574160000001
1.003750314
0.902313532
0.5801305200000001
1.003900468
1.005357412
0.5676931
0.864829328
0.40491666800000004
0.49605775999999996
1.00509391
1.0018935340000001
0.566368816
0.666576748
0.982715358
1.00448274
1.0041750839999999
0.35694988
0.998650776
1.00536212
1.004085876
0.588280768
1.004807038
1.004757674
0.78401354
1.004461596
0.437304362
1.002471138
1.004912832
0.651440582
1.003482964
0.492117162
0.7800663459999999
0.898068416
0.712816234
0.890645208
1.003630692
0.8771451
1.0337959479999999
0.69102359
0.778556152
1.0035111
0.752379744
0.831164412
1.002468798
0.5126580719999999
0.833281718
1.00256006
0.765543558
0.9871513740000001
1.004938696
1.004499184
1.0041633460000001
0.9101685979999999
0.966472988
1.0063467799999999
1.004362942
1.004832896
1.006372718
0.958003078
0.9997037639999999
0.66114054
0.830360952
1.001666884
0.626207196
0.5359069500000001
0.454428494
0.6034011699999999
0.477659628
0.44920797599999995
0.847075112
0.7661403179999999
0.5934980440000001
0.594312722
0.525318502
0.430332004
0.84612058
1.005552776
1.003478276
1.004346502
0.939856864
1.003907508
0.8300993600000001
1.005908392
0.935040286
0.542130938
0.941012072
0.719081728
0.944417952
1.0046519120000001
0.814820414
0.5537513300000001
0.8592031040000001
1.003351686
1.003928628
0.937419882
0.634736112
1.006828032
1.0031571780000001
1.002223178
0.740523094
1.003194668
1.001099538
1.0014636860000001
1.00371982
0.705472718
0.64239948
0.8328793600000001
0.9968613820000001
1.004299532
0.7539262919999999
0.7662236920000001
1.004045972
0.41409448600000004
1.0043347599999999
0.875921518
0.753174016
1.004640162
0.7087860920000001
0.763862076
0.947787918
1.002979138
1.005604572
0.73045525
0.683733436
0.425932104
0.411594036
1.005778834
0.431321218
1.003269656
1.005110374
0.889719016
0.548098714
1.006946058
1.002110934
0.48162330200000003
1.004445152
0.07556322
0.998922526
0.720499118
1.003346998
1.001475362
0.642927414
0.7191684199999999
0.9514896740000001
0.642475396
1.003419666
0.924750626
1.003314184
1.120029858
0.5607739
0.749419356
0.55959611
0.512483122
0.567249236
1.153286906
1.004623712
1.00616525
0.9494577980000001
1.004776478
0.140015096
1.012710808
1.0071845499999998
0.7061675119999999
1.00527976
0.909336126
0.792337292
1.0046871640000001
0.649714062
0.929445422
0.6768652620000001
0.9258470200000001
0.732528308
0.722812662
1.004252568
0.612938058
0.998014946
0.566818034
0.6603994559999999
1.00518565
0.678595604
0.31936071600000004
1.0067005980000001
0.9459509460000001
0.621027964
1.005588092
1.004132826
0.699147392
0.43532794799999996
1.0015664420000001
0.7515424319999999
0.548873402
0.777400602
0.81493637
0.829201894
0.52204928
1.003229816
1.003644764
1.003271998
0.7758390319999999
0.668137352
1.004973968
1.001923918
0.6988334180000001
1.0046871640000001
0.462248416
0.8668068560000001
1.004142216
1.003858234
0.937810832
1.005906036
0.954214526
1.004543822
0.757646162
0.832766316
0.81589154
0.9921384379999999
0.6508719479999999
1.002134316
1.004254916
0.862637238
1.00397791
1.0035791
1.00519506
1.00246178
1.0048705119999999
0.889580806
1.003072836
1.005531588
1.004886968
0.741817458
1.00310329
0.487357796
0.566813546
1.001407646
1.004696564
0.6434677860000001
0.415277222
0.9469562220000001
0.751462222
1.002920586
0.418473714
0.48108921800000004
1.003023642
0.48574997799999997
1.004348852
0.508585906
0.92917598
0.9088262180000001
1.004360594
1.003959134
0.7089885060000001
0.788860596
1.001942616
1.004604914
0.699520884
0.9604302619999999
1.004670712
0.7539104099999999
0.790560924
0.644072804
0.908864682
0.7095108699999999
0.89050671
0.859724224
0.999054972
0.893805392
0.91013581
0.642459058
0.820981992
1.0024898580000001
0.726839502
1.00180473
1.005486862
0.9738845700000001
0.910295916
1.0044475019999999
1.001701926
0.860766638
1.003346998
0.9436419140000001
1.003436076
0.9530415000000001
0.604437164
1.005199766
1.002349482
0.566770164
1.003529858
0.601629566
0.6425244139999999
1.0042971840000001
0.8459622560000001
1.005352706
0.69687633
0.957123504
0.602024232
1.005251524
0.63416629
1.005807098
1.002153022
1.002627932
1.005908392
1.0024875180000001
0.6424359940000001
1.0070593860000001
1.00358379
1.002192776
0.766200454
0.925922868
0.5817405619999999
1.00335403
1.003391536
0.991016704
0.923629018
0.426368888
1.005267994
0.985326054
0.586885276
0.7532123199999999
0.608842142
1.00420091
1.00345952
1.001416986
1.000847592
0.561723674
0.892716726
1.003914548
1.005209176
0.998962024
1.0046143140000001
0.6268423820000001
0.906830586
1.003424354
0.778930326
1.00393332
0.464269092
1.003762044
0.84503018
0.529868698
1.005861276
0.718932472
0.893638018
0.266032022
0.562799802
1.005227996
0.652652234
0.942054396
0.739783298
1.003450142
0.8167945839999999
1.003117348
0.892586858
1.1252825800000001
1.003208726
0.766372718
0.688479194
0.6725598639999999
1.004792932
0.59574463
0.679147146
0.916797544
1.00451563
0.701484856
1.0048281940000001
1.002223178
0.5468669559999999
1.00790071
0.732432118
0.9056278600000001
1.003194668
0.7957135439999999
0.642962064
0.529811178
0.6420115359999999
0.699067734
1.003623658
1.0048705119999999
0.642366814
1.002850334
1.003715128
0.753131754
0.467757416
0.5184779079999999
0.8638257
1.005002186
0.373672326
0.766958446
0.775091368
0.574132852
0.523642396
1.005409188
1.002372876
0.802908682
1.00486581
1.005475092
1.002195114
0.699645092
0.573342672
1.10659953
1.116515534
1.002312056
0.487289786
1.0057199540000001
1.020143486
1.004933994
1.002651338
0.707497104
1.003912202
1.006153464
1.005637536
0.982117616
0.90909938
0.9935775059999999
0.704849846
1.0059743620000001
0.507157804
0.8607942399999999
0.844302594
0.93856705
1.007179828
0.5733166519999999
1.0004838919999999
0.690645786
1.003715128
0.88956975
1.000961886
1.004755324
0.729485058
0.983275556
0.742349558
0.9981726660000001
0.6904636980000001
0.791467072
0.969039526
1.004745922
1.007541322
0.999319968
0.559232524
1.005289172
1.004713016
1.003529858
0.632544912
0.765509446
1.004045972
0.913519618
0.7095800299999999
1.004485088
1.00481409
0.422406218
0.997801636
0.77657831
1.004003726
0.754800762
0.9743264279999999
0.9617270680000001
0.741931506
0.62515171
1.00587541
0.546907346
0.696921562
1.00342201
0.633617118
1.005609282
1.0049057780000001
0.7432796779999999
1.005701116
1.00440522
1.005133898
1.0054350779999999
1.00315952
1.004847002
0.741848208
0.7797689360000001
0.5293155940000001
0.742693586
0.5481931560000001
1.00411874
0.7907035560000001
1.010093318
1.00180473
1.005792966
1.00600735
0.6665043399999999
0.542075514
1.005275054
0.719055242
0.850950278
1.004017808
1.004586116
1.005164478
1.0072790360000001
1.004285442
0.662406968
1.005053926
0.683251586
1.005244466
1.004203258
1.006014418
1.004344154
1.01121106
1.019187278
1.00426196
0.86094781
0.946686966
0.59815237
1.002920586
0.587858044
0.969291024
1.003773774
0.891634412
0.841244874
1.00348062
0.74286058
1.004022502
1.004680114
1.005013946
0.749250708
1.004111698
0.416698664
1.003816002
1.0170248880000001
1.002667722
0.920045862
0.6702246780000001
1.137146256
1.00570818
0.999887624
1.00309392
0.41543548399999997
1.03385816
1.003161864
1.0059295959999999
1.001923918
1.004139868
0.999152586
1.003028326
0.676059792
1.020337366
0.643603744
1.003054094
0.855792794
1.00700508
0.985825872
1.005908392
0.535127066
1.003440764
0.367776796
0.789890664
1.158681898
1.004306578
1.00378081
1.005967292
1.002436042
0.811327942
0.9111591419999999
1.007888884
0.691260486
1.003611932
0.73912129
0.609364752
0.794098168
1.0062548279999999
0.77846725
0.690371582
1.00392628
0.472834884
1.0049692639999999
1.1007063780000002
0.568085806
0.548015492
0.979106304
1.0035462720000001
0.8770161399999999
1.00143333
0.636508336
0.574806718
1.005724664
1.00539742
0.660541648
1.003595516
0.434306236
1.004330062
0.68610578
0.82906744
0.633199562
0.817595336
0.618445408
0.834750632
1.00414926
0.9739331539999999
0.227529132
0.574652134
0.9101319539999999
0.787356606
0.65890103
0.492446682
0.71219096
0.6114920519999999
0.7531370359999999
1.003482964
1.00348062
0.98050779
0.6792062160000001
0.32339429599999997
1.003952094
0.459386726
1.005797676
1.006797352
0.566705102
0.51674996
1.00364242
0.430611152
0.985699174
0.999401354
1.00336575
1.003865272
0.69749538
1.005138602
1.005289172
0.861771812
0.986006928
0.764693042
0.955630654
1.004182128
0.659948908
0.459136762
1.0046519120000001
0.651934994
0.620088314
0.51167111
1.004024848
0.651307218
1.005788256
0.9101647420000001
0.442577096
1.0029112199999999
0.565913598
1.004186824
1.004346502
1.002192776
0.892687038
1.002337786
0.660524378
1.004503882
0.844312552
0.463731724
1.002960402
1.00650243
0.9375958719999999
0.954305694
1.0704875420000002
1.00223721
1.00488932
1.005218586
1.0728433179999999
0.764550112
1.00539036
0.857890212
0.995872096
1.001963652
1.004837598
1.00061442
1.00364242
1.004670712
0.9833048219999999
1.040016684
0.998263148
0.711711816
0.878832218
1.005251524
0.8319887680000001
1.001900546
1.000635402
0.859665718
1.004013114
1.003447798
0.877842494
0.717714276
1.003865272
1.007879424
0.8617769980000001
0.947114926
1.006212394
0.770151826
0.651827148
1.005917816
1.00527976
1.001685572
0.507157206
1.004496834
0.609364752
1.000985214
0.767750874
0.670604548
1.004414616
0.56726347
1.0013819640000001
1.005983786
0.6016093419999999
0.6564528199999999
1.004701264
1.004323018
0.803351712
1.005251524
1.00584243
1.004950454
0.995011536
0.548879012
0.634164416
1.004435756
1.003450142
0.64237354
0.999773576
0.63426556
1.0063868660000002
0.64455319
0.45494113199999997
0.960310006
0.46814847200000004
0.998557904
0.765674574
0.729803622
0.48732074799999997
1.0055928
0.922258552
1.006049766
0.426330374
0.505205872
0.446437702
0.923547588
1.002019754
0.8031203739999999
0.928458896
0.668214274
0.430097146
0.811114966
0.540965344
0.376755152
0.405266264
1.003658836
1.0059578679999999
0.70886915
0.467729398
0.478866954
1.002728586
0.6241868500000001
1.002316734
0.8209772860000001
0.61934614
0.729680874
0.57774803
1.003255594
0.9530541899999999
0.89275755
0.7074656380000001
0.518067022
0.349239416
0.38347614199999996
0.659778592
0.967845058
0.5865254200000001
1.00239393
0.831896912
0.7302664680000001
0.791712176
0.442585304
0.804965766
1.003973216
1.05972432
1.0054798
0.8609184719999999
0.547197904
0.46317412
1.0039028140000001
1.004649562
1.003527512
0.6524143
1.0067053160000001
1.005964936
0.59583141
1.004666012
1.001963652
0.450506554
0.8748777400000001
1.00455322
0.942130854
0.634209366
1.005013946
1.002995534
0.7631874820000001
0.7421020039999999
1.002833942
0.295861034
0.567190056
0.199666924
1.005131544
0.38867321600000004
0.98286828
0.845322898
1.003339966
1.00348062
1.003771428
1.004459248
1.003007246
1.001503384
0.91010881
1.003473586
0.941014134
1.00397791
0.928454882
0.998794762
0.998012626
0.910983274
0.9858326620000001
0.818205896
1.045169502
0.688553146
0.642475396
0.916541252
0.830219704
0.7089253139999999
0.8629630899999999
0.974156264
1.0020057279999999
0.841332214
0.380113522
0.47707016599999996
0.60735353
1.00358379
0.7678977499999999
0.510918184
1.000929228
1.006910648
1.00512684
1.001132208
0.911257736
1.0045391240000001
1.005218586
0.99912237
1.007981134
0.808907524
1.002892484
1.004877564
0.874779734
0.44657695799999997
0.651947858
1.004569668
0.911101156
0.8320500160000001
0.7418264259999999
0.5298758880000001
0.923569434
0.644009066
0.7983774499999999
0.5818508960000001
0.5883267
0.790560924
1.02087092
0.878976102
1.1135253
1.002038458
0.817536198
0.58659351
1.003489998
0.747215934
0.966546936
0.8202247180000001
0.480430534
1.006342064
1.005573964
0.985185924
1.0038066159999999
1.002922928
1.004590816
1.003396224
0.5542379580000001
1.005140954
0.660055402
1.00500689
1.005873054
1.003785502
1.0050727419999999
1.0059225280000001
0.949489282
0.779203066
0.901277808
1.005049222
0.594795026
1.004006072
0.861809854
1.0042126500000002
0.845021868
1.0043347599999999
0.9246053000000001
0.6078245520000001
1.005056278
0.452748058
1.005606926
0.845377804
1.002609208
0.8264256759999999
1.005675212
0.50992519
1.006096898
1.00630198
1.004449852
0.903556884
0.6623855160000001
0.766372718
1.004590816
0.643080476
1.0042924880000001
0.8696818500000001
0.964082284
1.00481409
0.860846
0.7295903899999999
0.66180476
0.7433452859999999
1.004116394
0.969048272
0.719668514
1.005906036
0.9483194620000001
0.875903656
0.6811559119999999
0.51766053
0.548856568
0.961150278
1.0056728560000001
0.98070929
1.002707516
0.5734613279999999
0.7906133139999999
1.003482964
0.699625718
0.925948818
0.7648755260000001
0.8339871879999999
0.802479634
1.003691672
1.003300122
0.844073614
0.518048276
0.443883894
1.003562686
0.96022198
0.9995129920000001
0.609385502
1.003309498
0.75243115
0.651805386
0.739803688
0.6810738199999999
0.337392334
0.55450987
1.0176900020000001
1.006106326
1.0053032899999998
0.392978784
1.003281374
1.05840292
1.002368196
0.822878948
0.66885529
0.6995596239999999
1.003276686
1.0069271720000001
1.005851854
1.0023541599999999
1.0039192399999999
0.73005917
1.004264308
0.92817799
0.38807514200000004
0.830152308
0.65655618
0.529103018
0.385802996
0.43841631000000003
1.003346998
0.909211002
1.003586136
0.790473624
1.005776478
0.9820727020000001
0.859467886
0.8793018140000001
1.00412813
0.700732928
0.554969866
0.752398198
0.974485594
0.9087050799999999
0.697555418
0.986817964
0.981661934
1.000828934
1.004656612
1.002890142
0.6882431
0.458872852
1.005060982
0.850022324
0.43086602199999996
0.609380314
0.612173624
1.006337348
1.003115004
0.708006768
0.80514081
1.00186549
0.803360728
1.00492929
0.47339826399999996
0.6774631440000001
0.552327096
0.88646867
0.859737992
0.7204858239999999
0.689196194
0.89266663
0.7310433319999999
1.0035181340000001
0.7623733140000001
0.6145051939999999
1.003590826
1.056946938
0.7169415320000001
1.004696564
0.800055006
0.729575518
0.6524886360000001
0.546892722
1.00532682
1.0050304079999999
0.644105646
0.5813854119999999
0.741931506
0.709494462
0.7062151179999999
0.912229338
1.003961482
0.81395258
1.003513444
0.92719215
1.004362942
0.429333154
1.00202443
1.003916894
0.651996354
1.004485088
1.003260282
1.002031444
0.446030176
0.8887027940000001
0.44679390799999996
0.75365112
1.0043817320000001
1.00494575
1.003963828
1.003710438
1.002979138
1.004839948
1.002913562
1.0031524920000001
1.00334231
1.003783156
0.373900688
1.004546172
0.5033780259999999
1.005743506
1.008378716
1.004666012
1.00255538
0.99994815
1.004069446
1.004532076
1.0030611219999999
1.003213414
0.708769718
1.003115004
1.002766044
0.52421313
1.001407646
0.803046796
1.003846502
1.003290748
0.7897367080000001
1.005237408
0.8906193520000001
0.47248949399999995
1.0037080919999999
1.003609586
1.002169392
1.003712784
0.65886161
0.944532182
0.902588482
0.8936305800000001
0.741320664
0.7550502259999999
0.983753016
1.0053950680000001
1.003140776
0.800830726
0.687303636
0.500759282
1.002876092
0.5800310200000001
1.003816002
0.709526108
0.5477191739999999
1.00831243
0.8618323339999999
1.003891082
0.84904268
1.003630692
0.50789127
0.512059088
0.352672058
1.034896966
0.9622528079999999
0.893719838
1.003961482
1.0032110699999999
0.93063162
1.003938014
1.00571289
0.815239552
1.003726858
1.00658499
0.979110768
1.003637728
0.529450008
0.507822812
0.789698956
0.6854258200000001
0.553029038
0.790658432
0.752295402
0.89591221
0.7081258340000001
0.64290143
0.7405575679999999
0.49080292200000003
1.005413896
0.999510666
1.000243902
1.003473586
0.678592388
0.764691682
0.789643784
0.751358368
0.847110198
0.8728703520000001
0.71008096
0.96530002
0.6028828119999999
0.614288984
0.532851876
0.831954924
1.005755282
0.874756572
0.317082676
1.00375266
1.004254916
0.698798172
1.014531244
1.004839948
0.5940200999999999
1.002915902
0.42685746999999996
0.659525306
0.844222934
0.9970441980000001
0.46630903
1.006516582
0.971821992
0.840393862
1.005253878
0.28179445
0.306531804
1.003248564
1.001587464
0.933928116
1.0023143939999999
1.003138434
0.405048794
0.628763982
1.013800848
0.325673858
1.003508756
0.6152093660000001
1.00369871
1.001475362
0.9293086700000001
0.7326182720000001
0.719666102
0.5797538560000001
0.8771038999999999
1.005463324
0.89892553
0.635828944
0.57956688
0.9640757919999999
0.741247738
0.459697966
0.9225041820000001
0.33896762799999997
0.8302806920000001
0.83112581
0.9640844479999999
1.1357479860000002
0.6605782219999999
0.9224705
1.01151113
0.687953166
1.00491048
0.670049018
0.983430906
1.00511508
0.8607614640000001
0.729451608
0.623961962
0.8300865260000001
1.075155654
1.0044522
1.004461596
0.56002077
1.004821142
0.9840212279999999
1.006085116
0.677945422
0.7547609700000001
1.003520478
0.817355724
0.790440164
0.8254012780000001
1.0033235600000001
0.535144402
0.858607086
0.617405254
1.004527376
1.004938696
0.754558092
1.003145462
0.829133062
0.091964772
0.72396037
0.07464520799999999
0.9717626239999999
1.004067098
0.46369017
0.6347501839999999
0.601913708
0.9844114100000001
0.541754832
0.5804990440000001
1.00309392
1.0048705119999999
0.650679666
0.472527442
1.000539828
0.830136262
0.819171876
1.0082698239999999
0.213439766
0.15218162799999999
1.004799986
1.004633112
0.8059355020000001
0.8166889700000001
1.0047647259999999
1.0039028140000001
0.916650794
0.6891597
0.816364536
0.76647119
1.0053856540000001
1.000621414
1.005814164
0.911193938
1.004579066
0.742730832
0.9743529519999999
0.941047122
0.985875656
0.910020106
0.5051506099999999
0.70010698
1.004912832
1.00376439
0.430252252
1.002695812
1.004729468
1.002960402
0.765659558
1.008089966
1.003872312
0.31072942
0.7318393059999999
0.97046933
0.710157276
1.1004553780000002
1.00535506
0.9843753120000001
0.721823832
0.84944905
1.005265642
1.006330274
1.004372338
0.820183994
1.006889402
1.00499278
0.830229334
0.609342274
0.6015520440000001
1.001575784
0.764673982
0.7864296000000001
0.742671754
0.5355160560000001
1.0010598720000001
0.981697834
0.6502580299999999
0.7178450279999999
1.0055151100000002
0.557121586
0.574281012
0.875014984
0.980682418
0.801612438
0.844154904
0.9189946179999999
1.0035111
0.58963596
0.76540713
1.004830546
1.003935668
0.816504212
0.8185739160000001
0.7940893600000001
0.763043758
0.688578534
0.77646038
0.9847409380000001
0.513302008
1.004546172
1.004520328
0.71023361
1.001821088
1.0023471419999999
0.7281012419999999
0.6989312200000001
1.0044686440000001
0.63528065
0.540593574
0.848038498
0.5371643380000001
0.496677302
1.006504788
0.667638826
1.005564548
1.006681722
0.29679249399999996
0.7095472079999999
0.6423178199999999
1.005941376
0.777476594
1.002585804
0.677956124
0.398905468
0.919992652
0.700785522
1.005260936
1.004076488
0.969015476
0.8043281040000001
0.716363962
1.137384154
1.06760576
1.004586116
1.003271998
0.76384034
0.554155006
1.004644862
0.569420406
0.8840855759999999
0.87795016
0.986477982
0.831014852
1.003557996
1.004257264
0.83018119
1.0041750839999999
0.87634688
1.0039028140000001
0.369812026
1.00473182
0.48728646800000003
0.511308674
0.9115942720000001
1.003400912
0.594785142
1.005661082
0.984000938
0.7081935559999999
0.618123208
0.791000628
0.534710016
0.678658868
1.002962744
1.004750622
0.9994804279999999
0.552972788
0.93024663
1.005183298
0.558730546
1.004097614
1.004933994
1.002922928
1.00695314
1.000842928
0.7621568580000001
0.987298872
1.002578782
1.003337622
0.907850332
1.002468798
0.973992788
0.709344474
1.003872312
1.001851468
0.983994176
1.005948444
1.0027192219999999
0.753977908
1.005227996
0.46778594399999995
1.005345646
1.003553306
0.651938952
1.001346944
1.003283716
1.001071538
0.960574178
0.904504508
1.005705824
0.789146134
0.974291064
0.427135524
1.0055151100000002
0.943196372
0.753188546
0.8301394719999999
1.003419666
0.6054186859999999
0.535521398
1.005155068
1.0056187
0.619023894
0.815612654
1.003987296
1.002248904
0.950607286
1.00255538
1.006172322
1.00239159
1.004238478
0.678742522
0.7295247100000001
1.002316734
1.0027028340000002
0.8129634680000001
0.902313532
0.700199432
0.804039002
0.652049804
1.005190354
0.540632362
1.003293092
0.6948660879999999
1.004470994
1.0030611219999999
0.853892306
1.005519818
0.9605075839999999
1.004341806
1.006037982
1.0023471419999999
0.87688722
1.00393332
0.616493338
0.708155022
0.99967584
0.626078488
0.964283584
0.587358004
0.6892526
0.81566222
0.67000407
1.061468594
0.986768084
1.00220213
0.40141681999999995
0.9856086940000001
1.004997484
0.778278224
1.0054021279999998
1.00426196
0.8200039140000001
0.997685746
1.003386846
1.0060167740000001
0.270963374
0.684866222
1.00364711
0.610830238
0.93173797
0.731060752
0.92828632
0.894825866
0.686768422
1.003839462
0.803599724
1.0038230399999999
1.007212894
1.00395444
0.689981188
1.004788232
0.9982213860000001
1.003044724
1.003290748
0.8969112800000001
1.00492929
0.74130787
0.759879356
0.368550304
1.001550094
0.841658658
0.969063576
0.7075891860000001
0.89388166
0.9654345499999999
1.0059225280000001
0.873916456
0.935078964
0.719781884
0.732482084
1.003288404
0.6139017720000001
0.5664031740000001
0.776724368
0.863891726
0.753883944
1.005804742
1.003621312
1.05527452
0.9087742980000001
1.003656492
1.00057013
0.567711858
1.004809388
1.004609614
0.970390394
1.00494575
0.926792002
1.0021553619999999
0.573409268
1.00333528
1.004755324
0.84605891
1.003630692
0.803387778
0.963870254
1.004254916
1.002983822
0.996963196
1.005898968
0.982875028
0.944525952
0.56766984
1.002988508
0.9822726
0.741099372
0.75470394
1.0006074280000001
0.9112113359999999
0.851907294
0.804254302
0.741821302
1.0038089639999999
0.804242254
0.671515682
0.689228266
0.984492644
1.004301882
1.0038230399999999
0.8759894060000001
0.567710358
0.6418177399999999
1.004821142
0.587353184
0.560959202
1.007040496
1.005086854
0.764710742
1.004788232
0.860892588
0.861915352
0.626818598
1.002085216
0.8948351880000001
1.002417326
1.00442636
1.1377788619999998
1.005562194
0.724635832
0.9848696499999999
1.003994338
1.007075916
0.660662558
1.004283094
1.0321165639999998
0.778337462
1.002410306
0.982893022
0.996424282
0.87993954
0.471325966
1.004130478
0.9190909799999999
1.0013819640000001
1.005512756
1.001762672
0.7782091259999999
1.1519382740000002
0.8282185160000001
0.992124686
0.9731652000000001
1.004760024
1.0551630399999998
0.97190116
1.0021577
1.0583664060000002
0.753156846
0.8609875060000001
0.89356179
0.874893778
1.000283504
0.852934214
0.6241351479999999
1.003975562
0.8451914819999999
0.729563124
1.0035791
0.472509766
1.0055998640000001
0.6880755040000001
1.002805846
1.0049363439999999
1.003269656
0.9044568900000001
0.8597792980000001
0.974319796
1.00557161
1.002340126
1.115126974
1.004060056
1.003731548
0.660055402
1.004703616
0.870612656
1.000700682
0.8887984259999999
0.984285074
1.0013702899999999
0.9961769920000001
1.00388639
0.9823377520000001
0.580471584
1.005868342
0.559897392
0.7302813680000001
0.43039022
0.402887236
1.00523976
0.891745488
0.8927649719999999
1.003623658
1.004062404
0.69885275
1.005776478
1.001211556
0.943434632
1.002838626
0.529015038
0.642416776
0.717055242
0.804416984
0.778196436
0.48286651799999997
1.004724768
1.00425022
0.985884708
0.857123216
0.729622614
1.003600206
0.802385184
0.938589612
0.467777284
1.00393332
1.002773068
1.00496221
1.007172742
0.399065214
0.752454878
0.536206686
0.37980091800000004
1.00209223
1.001734634
0.404705292
1.005432724
1.003185294
0.567511572
0.983331836
0.903427644
0.688578534
0.633681622
1.002295682
1.0010062100000001
0.8578456619999999
0.47856815
0.34439803999999996
0.542767402
0.7197058980000001
0.6772537660000001
1.0047224179999998
1.003337622
0.708791942
1.0019145680000001
1.00202443
0.5805084580000001
1.002232532
1.004581416
1.00137496
0.8939263120000001
1.000924562
1.002681768
0.5962615419999999
1.0033235600000001
1.003630692
0.547343648
0.5668322480000001
0.776522148
0.805219304
0.984276052
0.7440496879999999
0.679689904
0.678614904
0.861828876
0.639137744
0.728748596
0.615427986
1.003122032
0.6887463760000001
1.00507039
1.00658735
0.580919102
0.55303331
1.004416966
0.177936874
0.6885487299999999
1.0038371160000001
0.626122298
0.9641472099999999
0.670113834
0.849872626
0.716880502
0.50171921
0.625842204
1.0042173460000001
1.0056445999999999
1.003072836
1.004630762
1.002883118
1.004600214
1.003112662
0.59474643
1.002029106
1.007021608
1.003548616
0.34966676
0.415702072
1.004590816
1.004776478
1.0485888
1.00692245
1.001793048
0.612796384
0.61082155
0.79146853
0.376945612
1.003133748
0.6700437899999999
0.957926156
0.925737264
1.002894826
1.002248904
1.003548616
1.002211484
1.003250908
0.88430765
0.7890229080000001
1.004891672
1.006391584
1.002934638
1.005573964
0.5534280979999999
0.438441372
0.754544836
1.1006443220000002
1.004713016
0.636398932
0.56767434
1.004323018
1.00422439
0.423001124
0.542167892
0.777499112
0.71999425
1.003562686
0.408196622
0.9832575480000001
0.779075858
0.990927532
0.87617883
0.502392352
1.005068038
0.9838341420000001
0.8510396419999999
1.004445152
1.002524958
0.981552006
1.002473478
1.005988498
1.005110374
0.457494964
0.7419250980000001
1.0048281940000001
1.00218576
1.002295682
0.873815112
0.969326024
1.00423613
0.961707688
1.0015524279999999
1.001942616
0.777458298
1.005413896
1.00478353
0.8311965840000001
0.5617662880000001
1.001220892
0.82014797
1.005755282
0.96159357
0.687367434
0.551348638
0.620060562
0.523906198
0.984312144
1.005399774
1.00268879
0.457658762
0.92819805
0.660261384
1.004456898
0.67728901
1.005548068
0.222122728
1.00209223
1.004189172
1.0026185699999999
1.002667722
1.0042173460000001
1.002148346
1.004043626
0.98675675
1.001923918
0.9362632660000001
1.003628348
0.988343964
0.81643592
1.003037696
1.001118206
0.8809683340000001
0.858734122
1.069919536
0.876840674
1.002426684
0.32505839400000003
1.00262325
1.004588466
1.003274342
0.661304434
0.566494316
0.64223906
0.45446696200000003
0.458338114
0.6605406319999999
1.003100948
0.908889686
0.729512318
0.580934032
0.689164122
1.00420091
0.6576822
1.005430372
0.9045502259999999
1.004503882
0.5044155539999999
0.99091153
1.004095266
0.765389398
0.7524575139999999
0.910149312
0.848071988
1.004055362
1.004649562
0.550932076
0.9993525200000001
0.9124134420000001
0.8822241860000001
1.0018304359999999
0.62636062
0.8598171640000001
0.6424869280000001
0.4743053
0.7389661439999999
1.092263888
0.6797060380000001
1.0049057780000001
0.98215355
0.597483358
0.39504159600000005
1.003973216
1.004830546
1.005270348
1.003637728
0.610374498
0.6116749340000001
0.96839061
0.59346278
1.004543822
0.9101898159999999
0.507179364
0.560836142
0.952942116
0.311782364
0.413860262
0.402263114
0.7274821459999999
1.003877004
0.687877142
0.39504414000000004
0.47609711600000004
0.806051966
0.6347933379999999
1.005357412
0.8538125240000001
0.42954011400000003
0.515233056
1.004886968
0.801536142
1.006273688
0.926030672
0.940995578
0.9305630640000001
0.911101156
1.00542331
0.9793250920000001
1.003208726
0.9097752960000001
1.0026185699999999
1.0042149980000001
1.003337622
0.873896896
0.98234674
1.001307258
1.005969648
1.005573964
0.9433289539999999
0.555073866
1.00284331
0.998188906
1.004517978
1.004142216
0.961610794
1.00204547
1.002665382
1.004231434
0.689867036
1.005701116
0.789806418
1.00239627
0.43229454
1.004792932
1.00474122
0.910265048
1.0009898799999999
0.513836888
1.001538416
0.33200689
0.98165969
0.773437364
0.560315932
1.002174068
1.004912832
1.006401016
0.9972896040000001
0.983271054
1.043602582
0.610792016
0.909080138
1.005331526
1.00509391
1.004231434
1.006820952
0.939797224
0.9628460320000001
1.005039814
0.704857944
0.923488016
1.005246818
0.46201073600000003
0.42234889600000003
1.0026747440000001
1.002826918
0.935040286
1.0044803900000001
1.004313624
1.001393638
0.5804723679999999
1.0030845480000001
0.542578156
1.0041633460000001
1.006549606
0.651910256
1.002370536
1.003658836
1.0002788440000001
0.573809926
1.002087554
0.7932651
0.651957754
1.00505863
1.0012675739999999
0.709576514
1.0720132020000002
1.001426326
0.651950828
0.40849206800000004
1.005465678
0.530618894
0.91031328
1.004609614
0.804174492
1.0032110699999999
0.9730637799999999
0.9446609859999999
0.459416702
1.00412813
1.058488998
0.7297961820000001
1.004095266
1.00411874
1.0041750839999999
1.006844554
0.502689884
1.005035112
1.005833008
1.004884618
1.000038954
0.742167404
1.004609614
1.0034431080000001
1.0043817320000001
0.925829058
1.0013819640000001
0.644103714
0.69049034
1.0041750839999999
0.412047348
0.817659154
0.48195027
1.00210392
1.006549606
1.003107976
1.003464208
1.0593975800000002
1.0029041939999999
0.70823443
0.985681076
0.926998036
0.771046368
0.706884614
0.9860024
0.825529784
0.6712438660000001
0.47959525000000003
0.965191556
1.004774128
0.999920214
0.817481736
1.0037080919999999
1.0032157560000001
0.984673208
0.98816887
1.004330062
1.005227996
0.868847932
0.884380486
1.002634954
0.0
0.7410955340000001
1.00079162
1.004095266
1.35823845
1.00343842
1.004020154
0.927002036
1.00277775
1.002108596
0.741987902
1.0034032560000001
1.00299085
1.003609586
1.00539742
0.6512104419999999
0.230827212
0.8752325240000001
0.9825624820000001
0.823841778
1.006337348
1.00061442
0.73046146
0.501696354
0.548466872
1.003893428
0.588178454
0.861597206
0.728905666
0.560487764
0.9279894759999999
1.003916894
0.845080062
0.634207492
1.004313624
1.012844546
0.923714434
0.873841778
1.005623408
0.65757043
0.803423846
0.845312914
1.005244466
1.003079864
0.573794594
1.00313609
1.002410306
1.004097614
1.000810278
0.481658408
0.477703192
0.8709834160000001
1.00669116
1.003813656
0.468674138
1.005898968
1.002679426
0.5473841079999999
1.002681768
0.908895456
1.003614276
1.002646656
1.005275054
0.552128996
0.8905787239999999
0.884162016
0.800654564
0.6693608520000001
0.8948277299999999
0.894954522
0.965380298
1.00129325
0.84622394
1.2516151039999999
0.7856340900000001
1.0151811020000001
1.00505863
0.5804041240000001
0.830383428
0.8780722120000001
1.004898724
1.0616994979999999
0.115662188
1.0031478059999999
1.006061548
0.988471344
1.00557632
1.004727118
0.357773218
1.00414926
0.284994906
0.9616796940000001
0.549779036
1.0054256639999999
0.96952952
1.005317408
1.082739388
0.670790976
0.6154262220000001
1.005585736
0.7538455719999999
0.970199688
0.34002063800000004
1.003105634
1.005068038
0.983446668
1.004713016
1.003260282
1.005661082
1.0015664420000001
0.7094136019999999
1.004602564
1.002363518
1.004421662
1.00284331
1.003227472
0.8318888560000001
1.006028556
1.005468032
0.816031056
0.91914212
0.721780164
0.642338954
1.004532076
0.642927414
1.003539236
0.716463146
1.006478842
1.010504456
1.003553306
0.790623502
0.709568308
0.708848092
0.891521514
1.113456016
1.006144036
0.623608638
1.003300122
0.835816274
0.979995458
0.984632576
1.040359296
1.0068421939999999
0.998750632
0.994463216
1.0048822659999999
0.93396264
1.0013259319999999
1.016149036
0.928486996
0.8931047
1.005463324
1.003349342
1.005705824
0.741265648
1.004604914
0.765483522
1.004879916
1.003384502
0.8303770060000001
0.993653362
0.94340562
1.09941312
0.763800948
0.719593756
1.002693472
1.004278398
0.7081398440000001
1.003640074
1.0063868660000002
1.004271354
0.6513605579999999
0.914772636
0.76703652
0.741036716
0.651341788
0.566844218
1.002501558
1.008937752
0.728777036
0.9077025959999999
1.002517938
0.59388211
0.994479334
1.005654018
1.00279648
1.113759192
1.048248422
1.01959617
0.6174993459999999
0.311115214
0.729756502
1.005439786
0.50208813
0.397530874
0.983836394
0.52466459
1.004586116
1.004412268
1.002209146
1.004095266
0.367463082
0.594331638
0.6570885479999999
1.002609208
1.006938976
1.08758405
1.002833942
0.6743476359999999
0.974001622
0.661296288
0.960258478
0.61901408
1.004985726
0.753362936
1.004675412
0.49836822799999997
0.315186244
0.9036291240000001
1.004287792
0.48568296400000005
0.983149512
0.877100318
0.860675218
0.728866082
1.00508215
0.485695596
1.002908878
0.89510933
0.6440679760000001
1.00590368
0.908997406
0.6521072259999999
1.00411874
0.892614684
0.767973268
1.005404482
0.86181677
0.609915974
0.7532479879999999
1.003466552
1.004339456
1.00169258
1.003952094
1.005068038
0.802400174
0.86992846
0.860809768
1.0046871640000001
0.518792924
0.800877018
0.9705153820000001
0.89074126
0.78732341
0.548158174
0.6263377840000001
1.00356503
0.983897246
1.004835246
0.778107616
0.987475928
1.0029510320000001
1.004804686
1.0053856540000001
0.38289326
1.008210652
1.004602564
1.004473342
1.004379384
1.004146912
1.005197412
0.828212128
1.003825386
1.004323018
1.002693472
1.00186549
1.002239548
1.00005991
1.004431058
0.925747242
1.006681722
1.002274632
1.003419666
1.003816002
0.816591148
1.00218576
1.0046143140000001
1.005298584
1.002248904
1.003532202
1.1154107819999999
0.983124758
1.004851704
1.003316528
0.8759108
0.729602784
0.847075112
1.003133748
1.0051621259999999
1.004053014
1.003799578
1.00256006
0.5480630439999999
1.004095266
1.0015524279999999
1.097376572
0.934123112
0.707586854
1.004755324
0.617110736
0.651284502
0.53553275
1.002651338
0.953297456
0.830401088
0.67791332
0.688633736
1.0122907159999999
0.966853728
0.764736612
0.9360408539999999
1.29735371
1.001344608
0.9433103079999999
0.963997894
0.95458779
0.787226722
0.709550724
0.908966626
1.00319701
0.9080441899999999
0.927044056
0.6575694240000001
0.883138464
0.762493772
1.00455557
1.002773068
1.0055574840000001
1.000908234
0.5672619720000001
1.005077446
1.001851468
1.003724512
0.8034043080000001
1.002019754
1.001048206
1.0028316019999999
0.926944018
1.015286692
1.00614168
0.98578062
1.002876092
1.007848678
0.999336244
1.00345483
0.7767651059999999
0.669791964
1.00536918
0.497010658
0.5529962839999999
0.611331032
1.005585736
1.004774128
1.00598143
0.477359674
0.863820488
0.83382042
1.00245242
0.6456645879999999
1.003351686
0.8051136440000001
0.7196781600000001
0.950449514
0.5085347219999999
0.9803175599999999
1.0027332679999998
1.00288546
1.001454346
0.928200056
1.003640074
1.002609208
0.996274044
1.002382232
1.003063464
0.753907764
0.984373056
0.5609115819999999
0.354556
1.0055574840000001
1.004198564
1.001526738
0.9837057
1.003729202
1.00342201
0.626212674
1.004611964
0.997794682
0.9446651399999999
0.5943020320000001
0.979217918
0.66231912
1.004459248
1.00542331
0.9223635219999999
1.005406834
1.00359786
1.004121088
1.002099244
1.00640809
0.950781948
1.0030845480000001
0.840471156
1.001818752
1.040747526
0.834089224
0.5860588299999999
1.001951966
0.755435358
0.76396398
0.6108875779999999
0.7552746180000001
0.580451188
1.0032016959999999
0.935983738
1.002283988
0.93622449
1.00305878
0.8026265979999999
0.626231848
0.6440544539999999
1.001526738
0.6885663919999999
1.00300256
1.001807068
0.56891656
0.65946556
1.000784624
0.920110906
1.00328606
1.002967428
0.586491782
1.055357496
0.84395917
1.005444494
0.787239708
0.902480378
0.980695854
1.003145462
1.00706411
0.965590824
0.7088984
1.004125784
0.6605223459999999
1.003701056
1.005489216
1.003396224
1.003288404
1.006516582
0.857938196
1.003091576
0.892718582
1.0048611079999998
0.953979266
1.003314184
0.943285446
0.587832298
1.004409918
1.003424354
1.002609208
0.518404688
1.00455322
0.859789624
0.586418912
0.829189086
0.49703424
0.81361182
0.56046948
0.915548736
1.0043206679999999
0.47194590399999997
0.983496212
0.6184231459999999
0.382342778
1.003762044
0.5956686160000001
1.003705746
0.98821889
0.6098631440000001
1.006608582
0.67912889
1.003961482
0.816603568
0.7435228700000001
0.720692558
0.679196548
1.004463946
1.005823586
0.741123668
0.651381302
0.660529458
0.30143104
1.003750314
1.005533942
0.752323076
0.8925071
0.8607304139999999
0.5352304299999999
1.004858756
0.6149169379999999
0.980322036
1.003722166
0.979336258
0.249486634
0.9123514199999999
0.214519152
1.0037596979999999
1.002960402
0.7593352619999999
0.89243292
1.002078202
0.911116618
0.718391342
0.866736886
0.579150334
0.610957096
1.002438382
0.5737961279999999
0.50211924
0.43434488800000004
0.5355000320000001
0.741348816
0.7766190319999999
0.981641742
0.8030708200000001
0.783128654
1.004207954
1.12202245
0.626732618
0.5805594620000001
0.983998684
1.002976796
1.003098604
1.014315608
0.9715889600000001
1.002913562
1.0031478059999999
1.003426698
1.00455322
1.058726436
0.985034538
1.006702958
0.9435050979999999
0.790575476
0.696980372
0.831215886
1.002482838
1.004529726
0.845100014
1.003952094
0.6969159079999999
0.923712448
0.9090974559999999
1.2173357
0.81756888
1.0054350779999999
0.319206436
0.398854346
0.928220116
0.767189972
0.556782138
0.9122351519999999
0.651869688
0.553854872
0.617862668
0.633739594
0.573815292
0.7405282
1.00098288
0.660515236
0.7880659480000001
1.004964562
0.292366374
0.587340332
0.979193362
0.540538466
0.905622132
0.9605419540000001
1.0035111
1.006327916
1.003532202
1.000234584
1.004729468
1.003236846
0.958989178
0.53517441
1.00600735
1.001358616
1.007468056
0.7657087
1.0029440059999999
1.0043206679999999
0.861944758
1.004543822
0.7661676519999999
0.943347602
0.873546748
1.005691696
1.003180608
1.003089234
0.502214942
1.00307752
0.573752436
0.844106792
0.556000096
0.679455498
0.5731536899999999
0.33245354
0.516975746
0.418026094
0.720482198
0.551284946
0.5351204
0.71652291
0.212133292
1.005338586
0.805015556
0.690420412
0.9857579940000001
0.89049748
1.001933266
0.8227827879999999
0.626416346
0.610732088
1.00393332
1.003250908
1.005468032
0.925994734
1.0030353539999999
0.616542012
0.961649548
0.86093573
0.574348594
0.651896402
0.880274988
0.988021112
0.927364322
1.002120288
1.002370536
1.000507198
1.006403374
0.8980702939999999
0.981852686
1.002805846
1.004520328
1.0033587179999999
0.487353926
0.982780568
0.37994102199999996
1.0034431080000001
0.859041566
0.39482588399999996
0.42301529
0.6848509340000001
0.987008456
0.562577172
0.471640652
1.004144564
1.004821142
0.716240914
1.004254916
0.679302898
0.691221548
1.003288404
0.943494734
0.826365254
0.8015466139999999
0.7839892119999999
1.0068634379999999
0.651417856
0.92015033
1.0028597
1.003478276
1.001713608
1.0536590819999998
1.00533388
0.753920998
0.594862578
1.006122824
1.003952094
0.367997376
0.567681844
0.624621668
1.002466458
0.579980108
0.5245819239999999
1.006913008
1.002370536
0.861077266
0.9674264899999999
0.476763014
0.618905256
1.00563989
1.004144564
1.000637732
1.00245476
0.859948002
1.005522172
0.924923884
0.6773968979999999
1.003471242
0.587901496
1.0014963780000001
0.911087628
0.947413684
0.972854392
0.82385284
1.0028597
0.945913446
1.00515742
1.000751978
1.004034238
0.860801142
0.113708694
1.005122136
0.415280032
1.001928592
0.956582046
0.929439388
0.997708922
0.987341994
0.9445342600000001
0.71918528
1.0041750839999999
1.003168892
0.8970442839999999
1.0000738820000001
1.002974454
1.005011594
1.003168892
0.54816377
0.711622196
0.86780866
0.87394313
0.909085912
1.002604526
1.002440722
1.004586116
0.712301988
0.64516413
0.856016234
0.349376916
0.651313144
0.548606986
0.9078273060000001
1.003935668
1.004724768
1.00284331
0.9857104839999999
0.73166726
1.006677002
0.669450578
0.588281574
0.602931052
0.560848592
1.005884834
0.892798376
0.925691374
0.897953882
0.6799169359999999
0.999610694
0.160846824
1.004398174
0.347125848
1.004280746
0.890659984
0.9978595920000001
1.004210302
0.64301597
0.89481468
0.367637966
0.607358684
1.023159382
0.860890862
1.006106326
0.784764184
1.003433732
0.861657704
1.004771778
1.001162546
1.002087554
1.003656492
0.56686292
0.660770298
0.993625778
0.6108875779999999
1.005778834
0.763910986
0.450592572
0.64237546
0.9443411220000001
0.5663912219999999
1.005133898
1.001162546
0.969015476
0.672391398
0.803384772
1.00637036
0.653612672
1.0050962620000001
0.476783656
1.003884044
0.600857756
1.003440764
0.753899824
0.558620086
1.0032204420000002
0.937667514
0.6450885479999999
0.6885862620000001
0.380392272
1.07055158
1.000880244
0.523524314
0.306901096
0.845327888
0.6899290939999999
0.504076928
0.94565311
1.001087872
0.998936466
0.5729243239999999
0.7204471499999999
1.00410935
1.006002636
0.558359372
1.004981022
0.493085534
1.005242114
0.983007752
0.741953294
0.986360176
0.719697456
0.984361774
1.003447798
1.00486581
0.845244708
1.00512684
1.00126524
1.005519818
1.00451563
0.580959178
0.9411770380000001
0.729667238
0.314041782
1.002747314
0.8769856979999999
1.003508756
1.00573173
0.161641588
0.368152256
1.003086892
1.005946088
0.602954752
1.007624052
1.003717474
0.985441352
0.983093252
0.670675756
0.961638782
0.867892832
0.29830657000000005
0.247513168
0.42275588599999997
0.295844324
0.65881411
0.323852242
0.9459176119999999
1.0038371160000001
0.8937347160000001
1.005192708
0.650679666
1.004226738
1.006445824
1.004640162
1.003731548
1.001807068
1.001321264
1.001540752
1.003330592
1.007255412
1.005519818
1.003037696
1.004647212
1.005183298
1.003325904
0.6892260539999999
1.1338530439999999
1.00278009
0.966749266
1.0048281940000001
1.005138602
0.635872246
1.00655904
0.62619624
0.63531072
0.41272483
0.642918754
0.984463308
1.002815212
1.00314312
0.831106512
0.644074736
1.00357441
1.002897168
0.518737784
1.003079864
1.004802336
0.887362436
0.580131304
1.001659876
1.0029369799999999
0.677338142
1.003839462
0.9831337579999999
1.004922236
1.004886968
0.775977802
1.0363278
0.482594152
1.003344654
0.362630556
1.004877564
0.3550804
0.38805796
1.003199354
1.001155544
0.302674358
1.003884044
0.983235038
0.6435005640000001
0.711649316
0.596159744
1.00282926
1.003562686
0.691139238
1.003382158
1.004501534
0.812093438
0.846233944
0.999168856
0.846143918
0.609455544
0.729625094
0.610248746
1.0030353539999999
0.5298151
0.996283288
0.6599357260000001
1.0032204420000002
0.817408614
0.998697218
0.802586102
0.99566201
0.983951344
1.00348062
0.650876878
1.002709858
0.712876574
0.524633828
0.5176979679999999
0.491834826
1.005802388
1.00456262
1.000241572
1.152188584
0.8470817939999999
1.002852676
1.002766044
1.00315952
0.9767327299999999
1.004630762
1.001935604
1.0030213
0.25512419199999997
0.980601812
1.003567376
0.740608648
0.5546401980000001
1.002384572
1.061909498
1.003450142
1.005802388
0.260471538
0.510286272
0.984170048
0.845294614
1.00456262
1.006019132
0.689075668
1.003654146
1.003557996
1.006412808
0.625644374
1.005908392
0.840418528
1.000852256
0.9987738580000001
0.804407944
1.004461596
0.263216852
0.706721772
1.003241534
0.873914678
1.004184476
0.686755244
0.997403086
1.00697911
0.540987148
0.994221502
0.36582957800000004
0.688569704
0.9893775960000001
1.007482236
1.00455322
0.8617510620000001
1.006816232
0.832966586
1.002534318
0.6180146959999999
1.003590826
1.0032016959999999
0.996373428
1.00448274
1.0375570219999999
0.9941110439999999
1.00218576
1.02952131
1.003145462
1.003497032
1.00507039
1.000390678
0.422790844
0.700258796
0.830067274
0.5726477999999999
0.842353606
0.498306938
0.96560602
0.8443357899999999
0.8598722480000001
0.467775246
1.0056469540000001
0.635764944
0.789775918
1.005844786
0.52428352
1.003562686
0.48634787799999996
0.981368098
1.004308926
1.000344078
1.004809388
1.0039474
1.004959858
1.004774128
0.891678838
0.9826186800000001
1.351217772
1.002473478
1.002178746
1.002120288
1.001636516
1.00090357
1.0019309299999999
0.998613624
0.93644699
0.839232882
1.00305878
0.999990058
0.588671826
0.988032476
0.860801142
0.753883944
1.004898724
1.003508756
0.542091934
1.00376439
1.00698383
0.497031364
0.352035824
0.307037562
1.007860502
1.002913562
0.45861512
0.60199048
1.003684636
0.537168368
0.6341410080000001
0.9043997540000001
1.00335403
1.001367956
0.950704078
1.023864276
0.581830402
1.00358848
1.006884682
1.004724768
0.910938836
0.966882022
1.004247872
0.53516374
1.003309498
1.001853804
1.066050272
0.973015282
1.001809404
1.0038981219999998
1.003614276
0.8778514639999999
0.928256226
0.67366224
0.648037736
0.7656500039999999
1.001636516
0.999694456
1.002386912
1.002581122
0.6599063220000001
1.004593164
1.006750152
0.618563868
1.00511508
1.00550334
1.012660664
1.0021834219999999
1.005625762
1.004313624
1.000840596
1.001069206
1.00394036
1.004024848
0.87314185
0.999536252
0.98945965
1.003328248
0.8377056820000001
0.845053458
0.40161914000000004
1.0053221140000002
1.004339456
0.5805131659999999
0.7189770019999999
0.89710799
1.003738586
1.04677175
0.999766594
1.00047457
1.004013114
1.0053832999999999
0.45903077000000003
1.00301193
1.006037982
0.609348326
0.944685918
0.64351792
0.906731034
0.643375252
0.846107246
0.752348114
0.430336316
0.36245856800000004
0.777310556
0.981439858
0.908980092
0.919089014
0.8026131000000001
0.680472786
1.003942708
1.004092918
0.98371246
1.003471242
0.523895974
0.634152244
0.983924294
1.003271998
0.943198444
1.05692873
1.003956788
1.004854054
0.972935932
1.0048611079999998
0.634161608
0.817609344
0.6001147560000001
1.003100948
1.00519506
1.0054256639999999
0.395249542
1.004156302
1.002997876
1.004186824
0.767173528
0.7915925220000001
1.00143333
0.9078273060000001
1.003689328
1.002915902
0.752486518
0.529853008
1.005307996
1.002819894
1.002726244
0.833002126
1.00393332
0.874500094
1.0039192399999999
1.003314184
1.003747968
1.004137522
1.003628348
0.8748723939999999
1.0054703839999999
0.8936101280000001
0.927000036
1.003182952
0.789661206
0.9492878180000001
0.7775849779999999
0.874582008
0.472824474
1.003124376
1.00614875
0.971501054
0.47675084199999995
1.002906536
1.001386632
1.0046519120000001
0.844149926
1.0028316019999999
0.909187906
0.642417738
1.004060056
1.004532076
0.993591298
0.7361101720000001
0.6508670160000001
0.513069612
0.6255095199999999
1.005378594
0.92247248
0.8935841
0.567285948
0.560087958
0.987117342
0.93743625
0.508625056
1.002880776
1.003949748
1.008253254
0.803345702
1.005531588
1.001122874
1.004372338
1.004745922
0.668611642
0.409132956
1.007399528
0.65079009
0.9998643479999999
1.058940484
1.0046378120000001
0.64304774
0.870856264
0.554182892
1.004153954
1.003321216
0.74853643
0.7442508219999999
1.00481644
1.003968522
1.003959134
1.0036776
1.003009588
1.004656612
0.99859505
0.8710346419999999
1.004339456
0.552173716
0.624185942
1.001973002
0.7775441540000001
0.642245784
1.00320404
0.9704013579999999
1.002967428
1.005180944
0.754017618
0.698941458
0.876921236
0.844146608
1.00503276
1.00262091
1.002368196
1.004767076
0.9979523339999999
0.778237328
1.0573658700000002
0.989518922
0.967755646
0.93007943
0.731183964
0.804160942
0.608981992
0.686037834
0.63319116
0.6773146440000001
0.804269364
1.002791798
0.87482428
0.626153334
1.0043183199999999
1.003018958
0.688598406
1.049577916
0.536330558
0.8451898200000001
0.730175838
1.00232375
0.949260542
0.609254972
1.003445452
1.004205606
1.0056728560000001
1.004757674
1.0051127279999998
1.014588762
1.001814078
0.41897133200000003
1.006915368
1.004616662
1.005757636
1.003056436
0.891414194
0.7516134520000001
1.0017860379999999
0.957872748
0.744069022
0.911321542
0.8759179460000001
0.997718192
1.005887188
0.559569134
0.979356356
1.003117348
1.005463324
0.6989880940000001
0.752371836
0.843354298
0.844388908
0.76615945
1.002939322
0.805982386
1.004579066
1.0186434020000001
0.908622416
1.002794138
0.9399432520000001
1.0021834219999999
0.5127204940000001
0.9079731639999999
1.004698914
0.916736882
0.535604876
0.547267628
0.688153778
1.00265836
1.004466294
1.005802388
1.0081869860000001
0.86271348
0.4902774
0.617436318
1.003801924
0.753133074
0.618999806
1.004955156
1.002939322
0.70826246
1.004776478
0.899253016
1.005724664
1.003654146
1.0538478119999999
0.602000604
1.004543822
1.003576756
0.9603593939999999
0.7871315019999999
0.805172508
0.608462624
0.8024736360000001
1.007345184
0.708766208
0.6660030819999999
0.861116974
1.005588092
1.007706798
1.00509391
0.9844881299999999
0.83022131
0.947167142
0.9294474340000001
1.003626002
0.6267783480000001
1.00410935
1.003192324
0.50783302
0.6023822400000001
0.74055246
1.00417978
0.541381978
1.001666884
0.981244784
0.729503644
0.946981278
0.850508784
1.003208726
0.9173242760000001
1.003478276
1.005150364
1.008324266
1.00358848
0.913340896
1.003952094
0.827087724
1.005632826
0.9844542820000001
0.506915382
0.512477618
1.001980016
1.00399199
1.004839948
0.6880248
1.0022044700000001
1.00456027
0.618405336
1.004701264
1.0029369799999999
1.003665872
0.548433256
0.995542
1.007234152
1.003290748
1.0062784040000001
0.944442872
1.001928592
1.004877564
0.876794134
1.0032251300000001
0.99084752
0.9616129459999999
0.526452418
1.005833008
0.860952988
0.682959326
0.7081643639999999
0.09155062
0.891615902
0.9111572099999999
1.00300256
1.005439786
0.608799854
0.529252976
1.003346998
0.935117646
1.004854054
0.7302664680000001
1.00400842
1.002307378
1.001741644
0.9897880059999999
0.9178790739999999
0.973107874
0.80242416
1.001178882
1.000663378
1.118699562
1.0058706979999998
0.877853258
0.485433746
0.937487404
0.687390536
0.560415362
0.523929844
0.429843184
0.5421617320000001
0.886474158
0.742701292
1.005865988
0.670018704
0.7421096979999999
1.004985726
1.002047808
0.415474868
0.445458394
1.005569256
0.41923552000000003
1.005366826
1.005305642
0.7783684940000001
1.004647212
1.005409188
1.001363286
1.002876092
1.003539236
1.005011594
0.965495316
1.004776478
0.7511862180000001
0.9834061359999999
1.00358379
0.6064462119999999
0.327205438
0.921109392
1.005489216
0.706807836
1.002178746
1.004745922
1.002808186
1.00218576
1.005769412
1.005508048
1.004332412
0.87701435
0.5453594319999999
1.002407968
1.004713016
1.073779406
0.689271404
0.642897582
0.729516036
0.900053918
1.004151608
0.695605472
1.00348062
1.001487038
1.00368229
1.000146076
1.004095266
1.0028409679999999
0.572902162
1.00379254
0.924798416
0.6983493620000001
1.002548358
1.001753326
0.5878556300000001
1.003621312
0.711533776
1.004438106
0.9990572959999999
1.0036635280000001
1.00301193
1.006290192
0.585422168
0.882376434
0.949365456
0.878941926
1.006012062
0.9644763040000001
0.659436196
0.708219248
1.000721666
1.003586136
0.985624528
1.001104206
0.520223752
1.0036869819999998
0.9896032800000001
1.003424354
1.003255594
1.005428018
0.741185058
0.6179364500000001
0.62672713
0.523954132
1.003222786
0.9375099139999999
0.6432201240000001
1.003000218
0.846157254
1.003989644
0.9070355019999999
0.8907153980000001
0.52913887
0.594865874
0.6267426779999999
1.00313609
0.927014042
0.62518629
0.680397326
1.00824142
1.0046143140000001
1.005140954
0.625357424
1.00288546
0.989883816
1.002939322
0.9386593560000001
0.641739104
0.794834424
1.002641974
0.927935344
0.5985841940000001
0.978809534
0.592408466
1.068865126
0.46283122200000004
0.731081906
0.876702856
0.944623588
1.003424354
1.001685572
0.573819126
0.8228553000000001
0.334843504
0.45416660600000003
0.8635790640000001
0.964428658
0.9236171000000001
0.985045834
0.7775821620000001
0.766883126
1.002464118
1.00403189
0.806097352
1.004081182
0.576927726
0.7198035979999999
1.003464208
1.005307996
0.741137736
0.7782274579999999
0.597146922
1.002606866
0.931671272
1.0044475019999999
1.003970868
1.004107004
1.004369988
0.7282086440000001
0.972823542
0.79983301
0.8809972460000001
0.925759214
0.89164737
0.888371918
0.860768364
0.626232762
0.60342406
0.985796458
0.6809453240000001
0.618905256
0.816597358
1.004409918
0.981827996
0.971986942
1.003715128
0.482638078
1.004473342
0.659861712
1.006976748
0.405529146
1.002405628
0.39569233800000003
0.46781651599999996
0.94570933
0.73172834
1.00136562
0.83111616
0.764744782
0.790518728
0.924758592
0.641387392
0.43763989600000003
0.61899267
0.573341908
1.004203258
0.57167141
0.419943846
0.777399194
1.003452486
0.764895958
1.00367291
1.001421656
0.5020646520000001
0.9036424319999999
0.634249638
0.997194668
0.752352068
1.005804742
1.00345483
0.992709434
1.003473586
0.9999504779999999
1.003839462
0.602530126
0.910203318
0.725410556
1.005237408
0.367791598
1.0010062100000001
0.985649408
1.005906036
1.0036799459999999
1.002578782
0.962798548
1.0059248840000001
0.5241434
0.791526874
0.591086064
0.19267546400000002
1.004950454
0.7304490379999999
1.0021834219999999
0.625321004
1.001629508
0.610351946
1.004572018
0.752374472
1.002106258
0.669501712
0.566798586
0.518556782
1.002162376
1.005482154
1.003325904
1.003161864
0.902491756
1.003916894
0.9328206139999999
0.910378884
0.800524734
1.004851704
1.00330481
1.003820694
1.11246103
1.00294869
1.001087872
0.567365382
1.003513444
0.6606463
0.99945717
0.602053768
1.0062878339999999
0.9322476120000001
1.006368002
0.6093950119999999
0.977987106
0.956388208
1.001641188
1.002181084
0.9049275840000001
0.731070706
0.73164607
1.006415166
1.00268879
1.039188796
1.005169182
1.000227596
1.003426698
1.0049998359999999
0.5180707720000001
0.946893592
1.003471242
1.005275054
0.580027886
1.00342201
1.004463946
1.00508215
0.688702198
0.77578718
0.8915899899999999
0.957921884
1.052288296
1.004666012
1.002749656
0.530440646
1.005602218
1.003424354
1.004102308
1.00442871
1.006012062
1.002541338
0.85987397
0.742775788
1.03041296
0.92349
0.49160514
1.004668362
0.67675541
0.961675386
1.000430292
1.004153954
1.00427605
1.0032016959999999
0.829934146
0.6594959380000001
0.6262181520000001
0.98305725
1.000453596
1.01884638
0.8237469740000001
1.0048752140000001
0.478080728
1.003956788
1.000206632
1.007371174
0.826638816
0.594792554
1.006082758
0.68995791
1.001550094
1.003884044
1.06103854
0.984603232
1.004590816
1.001085538
1.003586136
1.0025975059999999
1.002993192
1.004729468
0.9998387440000001
0.9279112860000001
0.871672812
0.9818683979999999
0.71902876
1.00377612
1.002190438
0.97846613
0.842384996
0.874982896
1.00445455
1.00455557
0.7623733140000001
0.985920918
0.892138176
0.6127579160000001
1.003874658
0.5542014860000001
0.67916755
1.005418602
1.007546048
1.004323018
1.004896374
0.98365163
1.0055151100000002
1.00590368
1.0028877999999999
0.789755586
1.002773068
0.984285074
1.005246818
0.8322193
1.00473182
1.004811738
0.6485191600000001
0.8844005180000001
1.000877912
0.771031142
1.002033782
0.839413304
0.688584054
1.003431386
1.0031642060000001
0.56774638
1.004308926
0.394023214
1.001870164
0.40802172999999997
1.00275902
1.00539742
0.943391116
1.00427605
0.36565361
1.0036048960000001
0.441562422
0.9048132000000001
1.005463324
1.065862436
0.86294575
0.535536756
1.00046991
0.914716136
0.589035126
1.001239564
0.856902616
0.6892592359999999
0.435083638
0.338634358
0.627939392
1.004146912
1.005305642
1.00392628
1.002295682
0.6531296160000001
0.720508788
0.906702322
0.49226889
0.5874246799999999
0.6982154
0.609876134
0.829317174
0.795666372
0.936273472
0.80424376
0.78804715
1.003914548
0.705601366
1.0083668780000001
1.008880872
1.005920172
1.005475092
0.912153782
0.9352540760000001
1.003079864
0.7433928919999999
0.94589053
1.001627172
1.004933994
0.22704669000000002
0.998987584
1.00314312
0.997871184
0.63422716
1.004067098
0.964281418
0.998165708
0.916797544
1.001010876
0.913471046
1.0024454
1.0039450540000001
1.006035626
0.434363336
1.006872878
0.6109232040000001
0.426668346
0.60397987
0.845274652
0.778288096
1.00400842
0.580139922
1.0039450540000001
1.006240684
0.46191632800000004
1.003729202
0.58679547
1.003499376
0.833512968
1.003973216
0.731768234
1.00451328
0.753920998
0.6515295200000001
0.8589659719999999
0.5741819739999999
0.668914668
0.5067993399999999
0.9283144099999999
0.874149462
0.852012072
1.0047647259999999
1.00474122
1.004022502
0.92580511
1.003813656
1.006139322
1.00307752
1.00478588
0.5244858339999999
0.518095144
1.004856406
0.923764104
0.66000063
1.003865272
0.31072987
1.008662894
1.004649562
1.0464121540000002
1.003290748
1.00406475
0.446556528
0.9099256360000001
0.9442829880000001
0.927434408
1.006929532
1.006363286
0.9112635360000001
0.995782048
0.707028908
1.00420091
1.0035791
1.004360594
1.00440522
0.985785144
0.9839197860000001
0.750192972
1.003942708
1.0017837
1.0028597
1.002789456
1.00268879
1.004344154
1.023498292
1.003199354
0.8862107640000001
1.001169546
0.802541112
0.904677882
0.282103364
1.0033235600000001
1.004799986
1.004196216
0.7048984319999999
0.861835794
0.98183473
0.765463058
1.0037409320000001
1.00137496
1.004748272
0.68724315
1.005451554
1.00255772
0.493391978
0.9282361640000001
1.003595516
0.763984364
1.006375076
1.005171534
0.45888805000000005
1.004837598
0.744127034
0.554252978
0.351893052
0.689239326
0.849067856
1.005051574
1.003018958
1.014107248
1.00358379
0.989815378
1.004027196
0.988343964
0.994949302
1.001818752
0.988202974
1.004755324
0.8925608899999999
1.007054664
1.022231574
0.593393906
0.790640966
1.004501534
1.003262624
0.983419646
1.003654146
0.5947596079999999
0.6267756040000001
0.939057502
0.981215642
1.0021389920000001
1.0151907
0.887212128
1.003712784
0.618865126
0.497381322
0.438910482
0.617349344
0.59576281
0.587718076
1.003447798
0.8618323339999999
0.953001322
1.003816002
1.00157812
1.005282112
0.642354324
1.004203258
1.001816414
0.752506294
1.005343294
1.001197552
1.003175922
1.002920586
1.005049222
1.004414616
1.004095266
0.677189696
1.002368196
0.992243874
0.857700048
1.007449152
1.005315054
0.37089687800000004
0.34710256399999995
0.6737066220000001
1.01358074
1.004348852
1.00387935
0.5702641559999999
1.00542331
1.005823586
0.394879972
0.878111708
1.004020154
0.9922759680000001
0.423261244
0.9269660239999999
0.8747636999999999
0.877934008
1.002653678
0.9078042799999999
1.005253878
0.793136188
0.846405714
0.5604058559999999
0.72966228
1.002883118
0.82915227
0.8193297079999999
0.42688674400000004
0.574181206
0.764053678
1.005133898
0.502091064
0.939922682
1.005705824
0.988546422
1.004355896
0.476673592
1.00451563
0.39840334
1.0055998640000001
1.00212964
1.003553306
0.661153772
1.0049692639999999
1.00385354
0.999340894
1.002667722
1.0037596979999999
0.938727058
0.917926154
0.616858136
1.004062404
1.004623712
1.00534094
1.005002186
0.411697798
1.003047066
0.467778302
0.790534732
1.105360666
0.80437932
0.790697734
0.642476356
0.964140718
1.0050045380000001
0.643003454
0.743387744
0.7316061899999999
0.829181082
1.001550094
0.8035666459999999
0.906776978
1.002548358
1.004973968
1.001690244
1.0030962620000001
1.002862042
0.829091448
0.942362374
1.102367554
1.004001378
1.0040483199999999
1.00127691
0.446254478
0.750157594
0.983739498
1.004673062
1.0013259319999999
0.908799296
1.003497032
0.79313326
1.007874694
1.004644862
0.819967906
1.000581786
1.001989366
1.003750314
1.003628348
0.791496242
1.048069364
0.982733346
0.700890732
0.701569648
1.002475818
1.0011952179999999
1.003893428
1.003724512
0.290441874
1.004165694
0.753939526
0.76008376
0.754759642
0.606427374
1.005428018
1.007049942
0.42108884799999996
1.0435746879999999
1.004362942
1.004419314
0.877008978
0.987382852
0.931384378
1.004713016
0.729639968
0.146984478
1.004027196
0.75397129
0.680374692
1.006042696
0.46743364400000004
1.00679027
0.945607306
1.002029106
0.709565964
1.00157345
0.688136138
0.898222426
0.8607787140000001
0.9466514939999999
0.8158853420000001
0.9805727080000001
1.00592724
0.847053394
0.9568868079999999
0.48609357599999997
0.472509766
1.002195114
0.5938541900000001
0.8948090879999999
1.005399774
1.005913104
1.003288404
1.002775408
0.888368244
0.9678864979999999
0.662927382
1.004675412
0.984073084
0.98974695
1.003825386
0.8032270140000001
0.946864366
1.007033414
1.002164714
0.871107074
0.7658602560000001
0.437349782
1.006297266
1.0044240119999999
1.002747314
0.999173506
1.0036025499999999
1.005021
0.45553270199999996
0.6791707720000001
0.720947814
0.302666892
1.005825942
1.003818348
0.984384336
1.001617828
0.677966826
1.004506232
0.61697599
0.482551858
0.7426691839999999
0.6514455219999999
0.9955281539999999
0.6029462879999999
1.002283988
1.002871408
0.852835984
0.6519250980000001
0.7204060640000001
0.5340318660000001
0.477377714
1.006865798
1.0031478059999999
1.003450142
0.75467344
0.869766386
0.610463856
0.659404812
1.00364711
0.6418724140000001
0.816920424
0.803300626
0.321712686
1.00171828
0.438154666
1.000654052
0.905776832
0.382711068
0.40709973000000005
0.362506904
0.73181312
0.708069798
0.461098086
0.832788922
0.56076072
0.618913284
0.763969416
0.497441808
0.765491708
0.92705206
0.7028198579999999
1.004010766
1.00442871
0.93101491
0.998212106
0.497054372
1.003208726
0.475468864
0.634179398
0.447355614
1.005260936
0.588225176
1.005298584
1.005307996
0.779092816
1.001980016
0.574727494
1.006771392
1.003785502
1.003033012
1.00395444
0.981722518
0.928266256
0.753284978
0.7260077199999999
1.002234872
1.00292527
0.580894746
1.002665382
0.33878233799999996
0.765428954
0.983421898
1.00616525
0.662338528
0.905815038
0.9663946999999999
0.48166381
1.002464118
0.9446900739999999
0.818272926
0.5600543619999999
0.74436046
0.5481176000000001
0.7540202659999999
0.845238056
1.0015664420000001
0.8460972440000001
0.57418965
0.65255109
0.567303182
0.5137649740000001
0.91449216
0.8042407500000001
0.625306438
1.2094888000000001
1.007333372
0.9996013880000001
0.5957181880000001
1.001045872
1.004656612
1.004156302
1.00406475
1.00417039
0.503417556
1.003328248
1.00387935
0.931404576
0.492188784
1.049939692
0.450058084
1.005380946
1.003717474
0.464273106
0.524662026
1.001097206
0.39483169199999996
1.006299624
0.961851986
1.00369871
0.58736202
1.004449852
1.005550422
0.679749068
1.0035181340000001
0.900284088
0.477285408
1.00342201
1.0048281940000001
0.443138756
1.001608484
1.004576718
1.003668218
0.581884004
1.002541338
0.73311723
0.804281412
1.002646656
1.0035181340000001
1.0022044700000001
1.003595516
1.006410448
1.005451554
1.00527976
0.98660488
0.9851542879999999
0.719821694
1.0035462720000001
1.004630762
1.004287792
1.00330481
0.825682138
1.002468798
1.003684636
1.001846794
0.729864392
0.992782864
1.0040506679999999
1.00442871
1.002248904
1.005788256
0.535205086
0.960262772
1.003248564
1.003909854
0.802635598
0.9352337119999999
0.394030804
0.847899542
0.957891974
1.003330592
0.965486636
1.005468032
0.562130234
0.478004108
0.7529614299999999
0.831024498
0.6760172280000001
0.6108736760000001
1.055417144
0.613894752
1.001286248
0.218934948
0.14448083399999997
0.488247558
0.699571018
0.8025771039999999
0.8472672800000001
0.69830054
0.415509034
0.9815295740000001
1.004379384
0.41252464
1.023576348
1.005437432
0.5948049099999999
0.595795042
0.602393222
1.0044475019999999
0.869643108
1.069056684
0.492783426
0.524661386
1.003724512
0.580350794
0.74272441
0.741191454
0.574666744
0.778273994
1.0034853080000001
1.003154834
0.495678196
1.00369871
1.002939322
1.004104656
1.003473586
1.005018648
1.004456898
1.001772018
1.005510402
1.004595514
0.857826814
0.831243236
1.00077763
1.004717716
1.003970868
0.9731277159999999
0.775914718
1.003271998
0.816498004
1.002443062
1.00552688
1.00552688
1.039261718
0.5016869780000001
1.00079162
0.98376879
1.004027196
1.004896374
0.553667096
1.004142216
1.003799578
1.0081538540000001
1.00534094
0.276966544
0.7412259920000001
1.000616752
1.062952852
1.006226538
1.003916894
0.771014532
0.906851648
0.599508288
0.729548254
1.002503898
0.659212514
1.004588466
1.00422439
1.004917534
1.058345542
1.002438382
0.957904792
1.004579066
0.9880711179999999
0.8165135259999999
0.7390742299999999
1.003973216
1.003738586
0.651912234
0.76548898
1.003461864
0.779934608
0.391717174
0.94342427
0.777371054
0.677786014
1.0049057780000001
0.6903704719999999
1.004097614
0.846128916
0.921528374
1.004226738
0.942157722
0.9202844
1.00018567
1.00181174
1.0737391399999998
1.004160998
0.9211568059999999
0.9387003859999999
0.939710864
1.004360594
0.754783518
1.004121088
0.6507250139999999
0.385046224
1.00422439
0.631005032
0.876899752
0.801703712
1.002508578
0.9843708
1.001515062
1.00698383
0.846168924
0.641762116
0.7073491239999999
0.984420436
0.651893434
0.8873037739999999
0.633807864
0.5188530899999999
0.668136312
0.730424192
0.9700002919999999
1.0050962620000001
1.004327714
0.339679924
0.5805994879999999
0.989471048
0.548086824
1.004269004
0.79046635
0.7862194180000001
0.339074938
0.935290736
1.00542331
0.886379026
1.005868342
0.419213834
0.888533648
1.003398568
1.0042924880000001
0.747958952
0.6923380079999999
0.41231831199999996
0.8175735479999999
1.002728586
0.626761884
0.7080826379999999
0.49748099
1.0042971840000001
0.6676761880000001
1.002506238
1.005169182
1.0025998459999999
0.846285634
0.476418206
0.247084428
0.464006268
0.7180238379999999
1.005552776
0.233951834
0.6172739279999999
1.0028784339999999
0.28170166799999996
0.468446664
0.48291538
0.741054616
0.984616776
1.0057859
0.384309262
1.0060450520000002
0.810502704
0.43080638
0.9385650000000001
0.862826132
0.667249868
0.77764974
0.833700648
0.34362487399999997
0.8443689879999999
0.8283191440000001
1.004527376
1.00407414
1.00294869
0.905599218
0.8310759560000001
1.004365292
1.004344154
0.847021656
0.346788672
1.1205090720000002
0.5733013459999999
0.5877872479999999
1.000873248
0.9860205099999999
0.9995688199999999
0.7080978139999999
0.917924192
1.037704926
1.003487654
0.874142346
0.741187616
0.9616473959999999
1.003410288
0.778827216
0.679302898
0.706073478
0.41590857999999997
1.004348852
1.0022863260000001
1.003532202
0.687320134
0.482313968
0.8761377220000001
1.004013114
0.993982206
1.0051009659999999
0.718476666
0.943409764
1.005044518
0.835120698
0.48291483799999996
0.718272404
0.535123066
1.0043183199999999
1.00394036
0.7898892120000001
0.555452894
0.454697424
0.706821794
1.00473182
0.889387384
0.689056874
0.501691666
0.698892552
0.574668282
1.001223226
0.65027969
0.43674406
0.79059876
1.00451328
0.472547716
1.002726244
0.967779632
1.004769426
0.876048368
1.00306815
0.8629977679999999
0.602870118
1.005260936
1.004374686
0.561797884
1.002712198
1.0034431080000001
0.997787728
0.9833408419999999
1.00223721
1.002337786
1.006849276
0.6205264039999999
1.036225288
1.004894022
1.005164478
0.848133952
0.970736928
0.7411965699999999
1.0055574840000001
0.524145958
0.698942594
0.560030994
1.004959858
0.716359182
1.002906536
1.003004904
0.67856344
0.754684048
0.842342042
1.0000063559999999
1.003729202
0.984050538
0.26967393399999995
1.0031571780000001
0.408220288
0.908997406
0.961475176
0.92586698
0.848360114
0.730342216
1.002761362
0.8597225039999999
0.7768255159999999
1.004017808
0.98450167
0.766356308
1.006177036
0.423493288
0.535512718
0.535537424
1.0051127279999998
0.512164116
0.650736846
1.005611636
0.519168562
1.00486581
1.001685572
0.414327776
1.006556682
1.00310329
1.002321412
1.0047224179999998
1.005428018
0.536236812
1.007687884
1.003492342
0.572427992
0.47668205599999997
0.231416234
1.0061699640000001
1.00745624
1.004548522
1.003213414
0.5145164579999999
0.507139838
0.550176942
0.934060136
0.7190492239999999
0.634811166
0.5246126799999999
0.9980010300000001
0.8939132879999999
0.876908704
1.003199354
0.71703968
1.006792632
0.908036512
0.984034756
1.003054094
0.706886942
1.005216234
0.615909854
0.47249261200000003
0.491133492
1.0015571
0.574266424
0.983804844
0.709690244
1.004341806
0.5261132119999999
0.6326166520000001
0.670720792
1.003527512
0.495969544
0.6434012739999999
0.97439495
0.596972624
0.32353022800000003
0.79080401
0.43787815599999996
1.003618966
0.846208934
1.003661182
0.8472171399999999
0.593437362
1.002375214
1.019441284
1.0034431080000001
1.003618966
0.7347463780000001
0.574240318
0.6777689
1.00359786
0.966596966
0.749453356
0.5810684300000001
1.003576756
0.8835345139999999
0.6514307
0.6860389280000001
0.929445422
1.00303067
0.650883784
0.634731422
0.6599854159999999
0.949497678
1.003733894
0.9025543420000001
1.026737768
1.004233782
0.49747580399999997
0.9470689800000001
0.652050794
0.76871551
1.003110318
0.731823096
0.512678266
1.004720068
0.792354834
1.004872862
0.910170528
0.388841064
0.49716541799999997
1.004717716
1.00520447
0.777490668
0.546848156
0.817313728
0.710164322
1.004597864
0.765502624
0.780762608
0.9494577980000001
0.359826418
0.9968313040000001
0.535933698
1.004985726
1.0053221140000002
1.005310348
1.003178264
0.871770122
0.559982802
1.004933994
1.003872312
0.846167256
1.006735994
0.882253182
0.454668544
1.004196216
0.7530828940000001
1.0029369799999999
1.004701264
0.925968782
1.005289172
0.965289172
0.626206284
0.892154856
0.971964944
0.670053198
1.003637728
0.91668601
1.003351686
0.96544106
0.6429572520000001
1.005242114
1.004445152
0.911259668
1.004727118
1.005825942
0.6962854700000001
0.574781334
1.004644862
1.003961482
0.700117252
1.004409918
0.9832958159999999
0.8183212559999999
1.00724124
0.6676959100000001
0.618447188
0.697049372
1.003818348
1.004139868
1.004146912
0.843172176
1.005536296
1.003229816
1.004196216
0.92248635
1.0022185
1.004701264
0.6266777499999999
1.003461864
0.969928004
1.004788232
0.45444003400000005
1.00406475
0.7208594819999999
0.554210066
0.93769208
1.000896572
1.002641974
0.778192206
0.708774396
0.861804666
1.004172736
0.719780678
0.451670594
0.9267480060000001
0.68861607
0.6617201300000001
0.618979288
0.819045342
0.7546933320000001
0.943196372
0.535526072
0.779263856
0.513167696
0.8940044619999999
0.927094082
1.004332412
0.880271378
1.00292527
0.723917662
1.098589164
0.927905272
0.8339062239999999
0.5233201900000001
1.003014272
0.8020046160000001
0.964162362
0.896099132
0.98303925
0.5085473660000001
0.736727618
0.8237754119999999
1.003783156
0.906863136
1.005124488
1.0032016959999999
0.806095838
0.6148931679999999
0.6029361320000001
1.004254916
0.676909
0.59428723
0.548908474
1.004487438
1.006816232
1.006266616
1.004168042
1.004807038
1.000227596
0.916394584
0.864719632
0.844912154
0.970315856
1.00342201
1.002866726
1.00516683
1.004315972
0.720332362
0.873836446
0.845203126
0.9091455660000001
1.00357441
1.001907556
0.778262712
1.006832754
0.987348804
0.70886096
1.004597864
0.654260846
0.634038034
1.0038066159999999
1.00571289
1.003072836
0.79078217
1.002384572
0.92945749
0.700239386
1.004365292
1.004644862
1.004680114
1.005277406
1.005178592
0.6097722320000001
1.01897691
0.698241506
0.730210598
1.004045972
0.9823422460000001
1.00491048
1.005246818
1.002894826
0.364572864
0.704163416
0.790597306
0.7880370299999999
0.454395802
0.221524466
0.800769508
1.006530734
0.842282572
0.925886938
0.9281840079999999
0.626780178
1.00484465
0.617478926
0.791401444
0.7782472
1.00301193
0.959196926
0.949510274
1.00358379
0.893690082
0.64401003
1.003382158
0.9977483220000001
0.45441166600000005
1.003534548
0.984181324
0.507930312
0.778237328
0.7418751180000001
1.0813137240000001
0.872920026
0.641250454
1.00367291
1.004379384
0.573396254
0.518146396
0.903471354
0.858847456
1.005882478
0.906708064
1.195400746
1.001793048
0.5942674960000001
0.7191479500000001
1.0008149419999999
0.74487167
0.737449914
1.00504687
0.5962118799999999
1.004043626
0.836521154
1.00255772
0.893868638
1.00296977
0.689157488
0.41990976999999996
0.976597254
1.0035111
0.9843708
0.79156918
1.00488932
0.937552892
1.002113272
1.002419664
0.52427904
0.6633912279999999
0.60190021
1.00227697
0.969129176
1.003227472
0.926580062
1.00426196
1.003063464
1.002808186
1.003942708
0.401550802
0.5957909100000001
0.790659888
1.036522878
0.79909193
0.481674074
1.0571186339999998
1.001860816
0.30146975800000003
0.925725292
0.964450314
0.497042292
0.62573826
1.17615557
0.778317714
0.9844475119999999
1.0054492
0.9832575480000001
0.8458439680000001
0.62162749
0.641172914
0.41565620999999997
1.003368094
1.001708934
0.53591163
0.561416754
0.786350408
0.892525648
0.29033075
1.005877766
0.800741142
1.002686448
1.00473887
1.004541474
0.8068045039999999
0.661739502
0.8330651400000001
1.004165694
0.91319525
1.003478276
0.547199298
0.908874298
0.508186936
1.0137003519999999
0.718995056
0.5872792960000001
1.002295682
0.473127612
1.003912202
0.863843074
1.005009242
0.81664549
1.00724124
0.938538338
1.002433702
0.63584024
0.882182508
1.004365292
0.6430217460000001
0.8412349880000001
1.0033587179999999
1.00700744
0.584017158
0.464551306
1.0029721120000001
0.846238946
0.594387568
1.003033012
0.977911396
0.9853305739999999
0.6030343319999999
1.019230812
0.7088574519999999
1.006162894
1.004219694
0.601931422
1.004391128
1.003014272
0.9999318540000001
1.003042382
1.005265642
1.055217482
1.004952804
1.002609208
1.004586116
0.861839252
1.003325904
1.001753326
1.00568463
0.89267034
0.7095132160000001
0.9603529519999999
0.93949092
0.54054799
1.003297778
0.539404088
1.006551964
0.911035448
1.007309746
0.678057802
0.721157234
0.518839928
0.8737795559999999
1.003701056
1.003248564
0.983703448
1.002305038
0.924734698
0.7767454380000001
1.005519818
1.0065071460000001
0.472556556
0.643414768
1.006608582
1.0051621259999999
0.45886991
0.66875531
0.472466104
0.588274322
1.007080638
0.61790889
0.342851066
0.972867614
0.43435411199999996
1.006429316
0.500370742
0.567260474
1.003351686
0.832048404
0.708803638
1.001713608
0.87483497
0.573828326
0.7531726959999999
1.005242114
0.660592446
0.87802554
0.75466018
0.572668414
1.002857358
1.0053927139999999
0.729573038
1.003541582
1.005051574
0.5345436419999999
1.006757232
1.007078278
0.79983599
1.0048423
0.9895326
0.950596766
0.670017658
1.002838626
0.646143464
0.966855904
0.984316656
1.228783594
1.002850334
0.718405762
1.006672284
0.7189745940000001
0.472873928
0.778210536
1.002052484
0.8927278599999999
1.00364711
0.8916122000000001
0.765557202
0.87748559
0.9283043780000001
1.005964936
1.004085876
1.01851779
0.6701504300000001
0.403613406
1.0046519120000001
1.006221824
1.0079527480000001
1.004922236
0.925948818
1.004344154
1.004414616
0.688463744
1.004912832
1.0049363439999999
0.817438172
1.00593902
1.003963828
1.00455557
0.8769946519999999
0.8032180019999999
0.89050671
0.627208542
1.000530506
0.56591136
0.635396248
0.661102888
0.8460989120000001
0.609825044
0.7669981659999999
1.003419666
1.002134316
0.588291244
1.001080872
1.0067171160000001
1.007331008
1.003982602
1.00411874
1.0050633340000001
1.005319762
1.003311842
0.963829156
0.712241746
0.91795362
1.006738352
0.5294943940000001
1.00473887
1.002206808
0.62677286
1.0165579
0.709489774
0.7639503919999999
0.7678387179999999
0.985457178
1.0018234240000001
0.97149446
0.419216698
1.002375214
1.002522618
0.61899713
1.004395826
0.468929478
0.412046558
1.002405628
0.84621227
1.000831266
1.00292527
0.999429262
0.753155526
1.0057199540000001
1.0033587179999999
1.002122626
1.006266616
1.003497032
0.272134616
0.972471114
1.004856406
0.92918402
0.6262428059999999
0.791386862
1.003018958
0.970326818
1.002424344
0.761540628
1.002503898
0.934922234
1.003168892
0.719743286
0.8319887680000001
1.0052021180000001
1.007593322
1.0054468460000001
0.574735184
1.004022502
0.626814024
1.004207954
0.454117144
1.004160998
0.944552954
1.00304941
0.7619526879999999
0.944663064
0.63445201
1.007198722
0.742682026
0.9458217919999999
1.004602564
1.004576718
1.003497032
0.458341538
0.964296574
1.00304004
0.779909116
0.670660046
0.6688177940000001
1.004919886
0.792676554
0.637520212
1.001652868
0.487127298
1.001045872
0.371467876
0.50176786
0.541270766
0.46319459999999996
0.6519399419999999
1.006167608
0.593809034
0.28697340000000005
1.004081182
0.5882493459999999
1.002609208
0.618444516
1.003075178
0.87696421
1.005197412
0.598837076
0.627248846
0.619027464
0.847118552
0.5242656
1.00368229
1.00478118
0.49129529
0.61786
1.00355096
1.005778834
1.003431386
0.508186334
0.731674738
1.006129896
1.00534094
1.005581028
1.003769082
1.00448274
1.002609208
1.003339966
0.6694735359999999
0.804555618
0.700160622
0.876937352
0.765852064
1.004821142
1.003396224
1.0030962620000001
1.00518565
0.650925214
1.007234152
0.8301314479999999
1.004506232
1.002407968
1.013360726
0.930510646
1.0035462720000001
1.0042149980000001
0.6970708680000001
0.908772374
1.00544214
0.858782198
0.6418426779999999
0.92446201
0.573831392
1.006061548
1.00292527
0.609305966
0.949611042
1.00364242
0.7442031060000001
0.863804852
1.02757297
1.004988078
0.997514276
0.892531212
0.9463136
0.44308664
0.790587118
0.729264582
1.00570818
0.61016552
0.720334778
0.502663998
0.928460904
0.44123082199999997
1.001746316
1.003787848
0.919157856
0.617510886
1.0008149419999999
0.621092624
0.566390476
0.688456018
0.671270092
1.005315054
1.001856142
0.287091946
0.8230776439999999
0.990934392
0.859459286
1.1441042339999998
1.006132252
0.861674992
0.924901974
0.7889316
0.61809919
1.004809388
1.00171127
0.519154128
0.942124654
0.746396554
0.561190818
1.008142022
0.846008914
1.004835246
1.00574115
0.893831434
0.936332664
0.679933082
0.67009397
0.587330694
0.57866889
0.72885866
1.006014418
0.29002628199999997
0.601493914
1.002730926
1.00041398
1.004682464
0.65819017
0.838674064
0.62517355
0.9482775880000001
1.005282112
1.0042948360000001
1.007264862
1.00451328
1.004849352
1.230931818
0.388677084
1.00406475
1.004755324
1.003881696
0.717101934
1.00314312
0.6892017220000001
0.5795559299999999
0.8165927000000001
1.004078834
1.006009706
1.004715366
0.783830394
0.80421816
0.7318642479999999
1.003813656
0.946997982
1.001800058
0.45458866
0.74195714
1.002164714
0.7296796339999999
0.4915095
1.007087724
1.002857358
0.42574422
0.6595465739999999
1.0067005980000001
0.642948588
1.004060056
0.987366962
1.006551964
0.990842948
1.00492929
0.807707278
0.892049236
0.26063165600000004
1.003855886
0.7204531919999999
1.004682464
0.6792556280000001
1.002988508
1.005282112
1.002480498
0.670180754
0.34188386200000004
0.6899135780000001
0.49737441
1.004635462
0.449794612
0.444951682
0.303495654
1.00500689
0.6429216400000001
0.566405414
1.003750314
0.61180563
0.450264268
0.502807584
1.006162894
0.7204531919999999
0.64311803
0.8784834939999999
0.395239358
1.003654146
0.777355576
0.928408722
1.003907508
1.002791798
0.9869313439999999
0.924667008
0.879156024
1.002136654
0.8739484660000001
1.003138434
0.966557812
0.660558918
1.0082887600000001
0.618954312
1.0541582
0.9883530620000001
0.935117646
1.0040365839999998
0.744858752
1.006030914
1.005522172
1.00417978
0.7531925079999999
1.005089206
0.603456278
1.000800948
1.0022582599999998
0.68990693
1.1583569
0.680457692
1.00210392
1.002934638
0.5542794440000001
1.002784774
0.8748296259999999
1.004955156
0.7421943360000001
1.00268879
0.971619732
1.00198469
1.004395826
0.86109971
0.983190022
0.573836758
0.7204725280000001
0.472209496
1.013745812
0.875880434
1.004193868
1.003548616
0.870951626
0.49314497999999996
0.765632262
1.006941336
1.001928592
0.6175570579999999
1.003079864
1.004543822
1.006589708
1.003790194
1.005548068
1.003283716
0.765587224
0.608893068
0.876951676
1.00570347
0.849049392
1.002663042
0.9939523020000001
1.0044686440000001
1.003872312
0.38229819400000004
0.96797157
1.003361062
1.00350641
1.003966174
0.5882541800000001
0.419249844
1.005180944
1.001884186
1.002637294
1.004729468
0.92192597
0.876105552
0.633673208
1.0051127279999998
0.935998016
0.84434741
0.802314736
0.97286541
1.00417978
1.007541322
0.742540788
0.844103474
0.764731166
0.6347201659999999
1.004029542
0.752986512
1.004755324
0.716985814
1.050753954
0.878889766
1.003356374
0.659379502
0.908905072
1.002361178
1.010402234
1.002798822
0.670605594
1.002513258
1.005380946
0.742629376
1.006511864
1.0062288959999999
1.004997484
0.687437846
0.308698632
0.8006262080000001
0.428092586
1.0334079139999999
1.00440522
1.002611548
0.38761353600000004
0.906750178
0.9728433740000001
1.001802394
1.1022289299999999
1.19007459
0.7547423999999999
0.433816238
0.534632806
0.65537
0.802530616
0.44685527
0.56894972
0.634701406
1.0046519120000001
1.00204547
0.5950570820000001
0.486951118
1.023456832
1.003557996
1.000108812
1.007052302
1.00539036
1.00239861
1.007061748
0.97053512
1.005235056
0.6600188859999999
1.002473478
0.71909497
0.982101896
0.37071408
1.003173578
1.002742632
1.001980016
0.625623414
0.8218004160000001
0.910170528
0.9373441840000001
0.6891298440000001
0.857801116
0.99747721
0.984154262
0.9328226399999999
1.004475692
0.9056927899999999
0.679177216
0.735861718
0.7899269839999999
0.67064015
0.721251696
0.999645594
1.0048752140000001
1.004983374
0.94694996
0.742752666
0.650796008
0.5948115
0.914431802
1.003297778
1.003100948
0.49212731200000004
0.697025616
1.005199766
1.028096892
1.00399199
0.529594286
1.004496834
0.7434212
1.005686986
1.00205716
0.6025614020000001
0.5976338379999999
0.5943530220000001
1.006250114
0.747740188
0.42615567
0.804319066
1.005075094
1.004071792
0.6589293340000001
0.6593957
0.611256208
0.9859277080000001
0.709568308
0.680252922
1.002050146
1.00320404
0.929405196
1.006853996
0.709294102
1.003520478
0.815463992
0.8607304139999999
1.00481644
1.024912434
0.984476848
1.0029440059999999
0.618874044
0.66820076
0.719804804
0.98805748
0.925759214
0.67993093
0.93039575
0.524997438
1.004348852
1.003138434
0.392202578
0.996935426
0.8328874359999999
0.995034588
0.604747806
1.003623658
0.5298432040000001
0.778107616
1.043655836
1.001858478
1.002571762
1.0057859
1.005800032
1.005359766
1.0015524279999999
1.00486816
0.731929104
0.78243387
0.661039802
1.00232375
1.0033587179999999
0.988312124
1.001150876
1.000749646
0.64241005
0.877150474
1.051917172
1.005359766
1.00492929
1.0045579199999999
1.004985726
0.753862772
1.004257264
1.004985726
1.005771768
0.9121925280000001
1.023832546
1.003325904
0.9804630240000001
0.892759406
1.00387935
1.00358379
0.554170022
0.778220406
1.002473478
1.00145201
1.004809388
0.9502434359999999
0.99562508
0.729560646
0.883260148
0.63581859
0.66061175
0.935170584
0.68853438
0.856748778
0.74130787
0.816629964
1.005091558
1.00085692
1.005270348
0.753913058
0.7775160019999999
1.018568514
0.524312322
1.00494575
1.005675212
0.831148328
0.523943906
1.005282112
0.9145369459999999
0.96134605
1.00303067
0.697673262
0.999482754
1.002639634
0.991149348
1.004369988
1.00503276
1.004013114
1.004252568
0.98577157
1.004567318
1.005946088
1.002789456
0.9124444559999999
0.7538429240000001
0.7524812439999999
1.001522068
0.984616776
0.662304822
0.7081935559999999
0.911178472
0.45717258600000005
1.0026607
0.571497974
1.005042166
0.924686916
0.468132144
0.8357691079999999
1.00573644
0.9843143999999999
0.535597528
0.405160366
1.001853804
0.234254758
1.0042173460000001
1.003999032
0.610921466
0.785687266
1.0053738859999999
1.004757674
0.705473878
0.965590824
1.00169258
0.9821670259999999
0.766400068
0.924509768
0.947035568
0.969542652
0.57378003
0.550973774
1.014979582
1.000239244
1.00653781
1.004619012
0.968054476
1.00429014
0.567108424
1.005668148
0.5873572
1.003075178
0.602400826
0.861901514
0.960367982
0.6445996239999999
0.893732856
1.0055574840000001
0.94502681
1.002546018
1.00569405
0.37112955599999997
1.003042382
0.463429502
1.003668218
1.00846632
1.004898724
1.005317408
1.004379384
1.0006820300000001
1.008305328
1.003241534
0.47763413000000005
1.002763702
1.0053221140000002
0.590552098
0.48127089
0.66049492
0.999859692
0.7760114499999999
0.51888067
0.729652362
0.680492192
0.860494162
0.926010706
0.950607286
1.03901282
0.8676280940000001
1.003797232
1.005336234
0.769569486
0.815318478
0.48632475
0.708112992
0.9840888680000001
1.006184108
0.47765431599999997
0.5359290160000001
1.002543678
1.003297778
1.003426698
0.530278228
0.36007106800000005
0.7782063060000001
0.313046318
0.5425274379999999
0.364984916
1.003473586
0.87782814
0.906725292
0.9281840079999999
1.004278398
0.369994892
1.005317408
0.535605544
0.89266292
0.816462304
1.154703888
0.708990848
1.004438106
0.84709349
1.003213414
1.004823492
1.003797232
1.001337606
1.00517624
0.39483387
0.919075246
0.37091737799999996
1.00600735
0.5457100500000001
1.0046072639999999
1.000162378
0.660199474
1.0075176860000001
1.004156302
1.005065686
1.004644862
0.744199238
1.007302658
0.891615902
1.00018334
0.7316398380000001
0.764686236
1.004983374
0.28552483
0.9781719759999999
1.006030914
0.952536338
0.765497166
0.561537866
0.922165484
0.602898892
1.003436076
0.9740899839999999
0.507049434
1.000374368
0.789797702
0.646937648
1.003633038
1.003891082
0.519221282
1.02250901
0.914494106
0.830020754
1.003457174
0.8979989420000001
0.61790978
0.699422918
1.004630762
0.248493538
1.003182952
0.812888074
1.00357441
1.003747968
0.472817186
1.003316528
1.00206885
0.457967664
0.6039594859999999
1.001150876
0.936126542
1.0052727
0.89251452
1.005654018
0.6395803160000001
0.5672747100000001
0.779218616
1.002260598
0.634223414
0.617934672
0.661844534
0.65019503
1.0538529840000002
0.437910746
0.842413084
0.395291376
0.6810414220000001
1.004626062
1.002117948
0.710255924
0.610752062
1.0052209380000001
0.595733062
0.8906193520000001
1.1219638299999999
0.601978668
0.352101624
0.6693608520000001
0.554260846
1.006599144
0.77725007
0.778176696
0.830190818
0.650872934
0.686661918
0.58074551
1.004107004
0.410709638
0.74321537
1.006030914
0.554236528
0.311137526
1.004821142
0.709539002
1.0039051620000001
0.541024628
1.000171694
0.442058712
0.614903732
1.005086854
1.002473478
0.8319903799999999
1.001540752
1.00478588
1.00394036
1.004466294
0.746159256
1.002482838
0.547354112
0.12624507599999998
0.6252181440000001
1.0029440059999999
0.670111742
0.998107716
0.835645524
1.002131978
1.00619118
1.001073872
0.926970026
0.920126676
1.00394036
1.002262936
1.001970666
0.84599225
0.8937365740000001
1.004496834
0.741973802
1.0046871640000001
0.9994501920000001
1.005310348
1.006299624
1.001970666
0.521337024
0.8472305099999999
1.005792966
1.0048281940000001
1.004703616
1.0031478059999999
1.004069446
0.542171998
0.981807796
1.0053032899999998
1.00166922
0.697661928
0.984276052
0.831925918
1.006273688
1.003349342
0.817472402
0.858957382
0.928480976
0.5433806120000001
0.741204246
0.593857476
0.6989130219999999
1.0035181340000001
0.6495981080000001
0.7539183500000001
1.001274576
1.0042173460000001
0.716946318
1.004189172
0.5486336159999999
1.003307154
0.523833994
0.44465593999999997
0.645171884
1.00245008
0.477948256
0.935032144
0.320185426
0.531384368
0.707445828
0.963042496
1.0014800320000001
0.5604204819999999
1.004226738
0.857886786
0.743494554
0.24907775599999998
1.004017808
0.454921376
1.0056445999999999
1.001445006
1.0049363439999999
1.005251524
1.003766736
0.644074736
1.00383477
1.002340126
1.0674386
0.780683134
1.003635384
0.860752838
0.955362818
0.7115479219999999
0.557904614
1.00400842
1.001765008
1.068386536
1.003489998
1.003757352
1.006144036
0.766278374
0.9375958719999999
0.607860682
1.004092918
1.0028316019999999
0.764551474
1.004184476
1.0056187
1.0035791
1.004529726
1.004752972
1.004901076
1.004388778
1.001832772
0.966557812
0.446563494
0.92698403
0.87078917
1.000383688
1.003618966
1.005505694
0.08297683600000001
0.985432308
1.004609614
1.0004163099999999
0.59530864
0.63972607
1.0045085820000001
1.004264308
1.110565396
1.002052484
1.002768384
1.005267994
1.004092918
0.9859028120000001
0.8182713659999999
0.9145369459999999
1.006946058
1.001879512
0.984104652
1.004419314
1.00348062
1.005089206
1.0043371079999999
0.43429394000000004
1.0050962620000001
1.005686986
1.005188002
1.001482368
0.730668988
1.004107004
1.006012062
1.006441108
0.38866618199999997
0.98618805
0.6694443179999999
1.0009758819999999
1.002494538
0.7412873980000001
0.496672132
0.813941782
0.46776251
0.73322862
0.892668486
1.00364242
0.828450158
0.450010928
1.00256708
1.003527512
1.002850334
1.00429014
1.003407944
1.002363518
0.741939196
1.002342464
0.626157898
1.001863152
1.002637294
0.974520972
0.974154054
0.893643596
1.002253582
1.005016298
1.001290916
1.0062854780000001
0.5358367479999999
0.8026250979999999
1.000497876
1.00398495
1.004588466
0.960357246
0.832937508
1.003187638
1.004130478
1.0015571
1.006667564
0.709526108
0.729604022
0.6897894800000001
1.084609612
0.600646842
0.98255349
1.002974454
0.467953116
0.697570146
0.957977436
0.385690746
0.46896173599999996
1.046445298
1.005762346
1.003482964
0.84530626
1.0058919
0.681193724
1.003075178
0.998783148
0.872700086
0.590126916
0.735907108
0.601964324
0.7889200059999999
1.0053762400000001
0.7303161380000001
0.7191094180000001
0.823633238
0.708144514
0.423617762
0.6904082039999999
0.913088472
0.73123376
1.002206808
0.6485612700000001
0.48767709400000003
0.998745988
0.512646446
0.969393846
0.46898989999999996
1.0046613119999999
0.491144162
1.0015524279999999
1.002805846
1.00269113
0.994873248
0.705451862
0.675501566
0.889532902
1.004804686
1.004701264
1.006042696
1.004463946
1.003987296
1.0044522
1.0062006079999999
1.004619012
1.009343204
0.595746284
0.779065966
1.002988508
1.003117348
0.730972412
0.382702542
0.677298622
0.661108994
0.487059352
0.8445200740000001
0.804221172
1.003956788
0.9100471019999999
1.002932296
0.676856728
0.979139786
1.00232843
0.75323874
1.0909598980000002
1.016257234
1.006162894
0.875848284
0.983298068
1.001874838
1.003956788
1.004153954
0.817237526
0.7339641360000001
1.004835246
1.00403189
0.697102546
1.006122824
0.8191593779999999
0.556214668
1.004130478
0.892707448
0.84626229
0.5874319100000001
1.008104162
1.006950778
0.280616676
1.006802072
1.00504687
1.002342464
0.739857212
0.7915925220000001
0.5953556760000001
0.9962856
0.47254147799999996
0.24702673
0.594275718
0.8586826160000001
0.481583338
1.005253878
0.5612795559999999
0.42613918
1.006325558
0.7419084380000001
0.775760558
1.004449852
0.5417903679999999
0.6434677860000001
1.004863458
1.0005002060000001
1.003715128
1.002342464
0.7081935559999999
0.6600401859999999
1.004809388
0.871856834
1.0598132279999999
0.634743618
1.001272242
0.603547014
1.004525028
1.006434032
0.9133078779999999
0.89356179
1.003419666
0.7539355560000001
0.70733864
1.005312702
0.988112036
0.46399273399999996
0.564171154
