5.1
5.04
10.1
10.06
10.06
15.04
5.12
10.06
20.1
20.1
5.04
5.06
15.14
10.16
15.06
5.0
20.16
10.22
15.12
10.08
25.08
30.16
5.06
20.06
5.06
15.08
25.08
10.08
5.06
10.04
10.06
15.16
10.06
20.04
5.02
10.08
15.08
5.02
15.12
5.06
25.08
15.04
20.06
5.08
10.08
20.1
15.02
5.06
25.16
5.04
15.14
15.06
20.18
25.06
5.08
5.06
5.06
15.06
10.1
30.12
15.04
5.04
20.06
10.04
15.08
5.06
20.16
5.04
5.06
10.04
5.06
20.16
15.04
20.1
15.06
20.12
5.02
20.08
5.02
20.06
5.04
15.12
5.06
25.12
20.1
15.08
20.1
15.04
25.1
15.14
5.04
30.08
10.08
5.0
20.08
5.08
5.08
10.06
20.1
5.1
20.12
25.16
15.08
25.14
20.1
15.06
15.06
5.04
10.06
15.08
15.04
10.06
5.04
15.12
10.08
5.08
5.06
20.1
5.04
10.06
15.04
20.06
5.06
15.08
5.06
10.02
15.08
10.0
10.04
20.08
10.12
5.08
20.08
5.0
5.04
5.06
5.1
5.06
5.04
10.18
5.1
5.02
15.06
10.08
15.08
5.04
10.08
10.08
5.04
20.12
30.18
10.06
25.08
5.04
5.06
20.08
20.06
10.08
10.02
5.04
15.1
15.1
15.08
5.06
15.1
15.06
15.06
15.06
20.08
10.14
5.04
5.0
10.06
5.04
5.02
5.04
5.06
15.04
5.08
10.04
5.06
5.0
20.08
15.04
5.08
25.18
10.12
5.06
10.08
20.1
25.14
15.12
15.06
10.08
5.06
20.06
5.14
25.1
5.04
20.16
5.06
5.14
15.06
5.04
15.06
20.14
20.08
20.0
15.06
25.06
15.14
15.04
10.04
5.04
15.14
15.08
15.06
5.04
5.06
15.08
5.02
10.02
5.04
15.06
10.04
20.12
10.08
10.08
10.08
10.12
15.02
10.06
5.02
10.1
5.04
5.04
25.08
5.06
10.04
20.16
20.04
5.06
5.06
5.02
20.12
5.06
30.02
5.04
5.02
5.12
25.12
15.1
10.1
20.04
5.12
5.06
5.04
5.04
5.06
10.02
15.06
20.08
10.02
15.04
15.02
10.08
15.02
15.1
15.1
15.14
15.1
20.08
20.12
15.02
10.02
15.18
10.04
25.12
15.06
15.08
5.02
5.04
30.06
15.12
10.1
15.08
15.16
5.06
5.08
20.12
25.08
10.06
25.12
5.08
10.14
25.14
20.04
5.08
5.02
20.12
20.08
5.06
10.08
15.12
20.08
5.06
5.1
20.08
5.1
5.04
5.14
20.12
20.02
30.06
5.04
5.1
10.08
15.06
15.1
25.08
10.12
5.04
5.08
15.12
5.12
5.12
5.0
25.06
15.06
20.12
10.08
10.14
5.0
20.1
15.08
15.16
15.12
10.06
5.04
20.08
20.06
5.06
20.12
10.08
5.02
20.1
10.08
5.04
10.0
10.1
10.06
5.0
5.04
20.16
15.16
15.08
15.08
10.04
20.12
5.04
25.06
5.06
5.04
5.1
10.04
5.06
15.04
25.18
25.1
20.1
15.12
5.04
5.08
20.1
10.04
5.04
5.02
10.02
20.12
25.08
5.04
5.1
5.1
5.04
15.12
5.08
10.06
15.08
5.04
20.1
10.16
15.14
5.1
10.06
5.04
10.1
20.1
5.14
30.14
5.08
20.06
10.08
15.06
15.12
5.04
5.04
15.08
5.14
15.04
20.18
5.16
5.12
15.08
25.06
25.16
25.08
15.02
10.1
5.04
10.06
10.04
10.1
15.02
10.08
5.04
20.04
25.16
15.06
5.08
15.02
10.12
10.12
5.02
25.1
5.06
5.02
20.08
5.04
20.06
5.04
15.08
5.02
20.08
5.08
10.02
15.08
10.02
5.04
15.1
5.08
20.1
5.04
15.08
20.12
10.0
10.08
10.06
5.04
25.08
5.04
10.16
5.08
10.06
20.12
10.02
21.42
10.08
20.12
15.08
5.06
25.04
20.12
15.08
20.08
10.08
20.04
10.06
25.1
5.04
5.02
15.14
10.1
15.06
20.1
15.1
25.08
15.06
5.02
5.06
15.1
10.02
15.02
20.06
25.02
15.1
20.08
25.06
30.08
20.1
15.04
15.04
10.04
5.02
10.1
20.12
5.04
20.14
5.08
15.08
5.0
5.04
25.12
5.08
5.04
10.04
5.02
10.14
10.06
10.06
10.06
5.04
5.02
15.08
5.04
5.08
10.04
5.04
10.04
15.08
5.08
5.04
5.1
15.06
15.06
15.14
10.1
25.06
10.02
20.12
5.04
20.06
20.1
15.06
15.14
5.04
5.06
30.14
5.06
5.04
10.02
20.04
5.04
5.08
5.1
5.06
15.12
20.12
20.06
20.08
15.1
15.02
10.08
25.08
20.08
10.08
15.08
25.1
10.06
15.08
5.1
20.1
5.1
5.04
25.08
15.04
5.08
5.02
10.02
15.08
15.16
15.06
5.1
15.14
20.04
15.08
5.0
5.02
15.08
5.02
5.08
25.08
5.08
15.02
5.04
20.1
20.16
10.14
10.04
5.04
10.0
10.04
10.02
25.12
5.02
5.02
20.08
15.06
10.04
15.02
15.08
5.04
20.08
20.1
15.1
10.08
15.02
25.1
15.1
5.06
5.14
15.04
10.02
10.04
15.04
5.06
5.06
30.08
35.06
5.08
5.06
5.02
5.08
25.12
15.08
20.08
10.04
15.12
20.1
20.08
10.08
15.08
5.06
5.04
15.14
15.02
25.16
25.1
20.1
20.12
35.1
40.16
10.04
45.18
10.12
5.02
15.02
10.12
15.1
25.14
5.04
10.06
10.06
5.04
20.14
5.02
5.06
15.02
15.04
25.06
25.1
20.04
25.14
5.06
10.04
10.04
10.1
15.1
15.06
20.06
5.12
15.06
5.06
20.08
5.04
15.18
25.12
5.08
10.12
10.12
20.16
10.04
5.04
15.14
10.1
5.04
25.1
5.06
5.04
20.06
20.1
5.1
20.08
20.02
5.06
5.12
5.02
15.0
10.04
10.1
5.02
5.08
15.1
5.06
20.06
5.06
5.04
5.04
20.1
5.06
5.06
15.08
25.14
20.16
5.1
5.0
5.04
5.02
5.06
25.08
15.12
15.08
5.14
10.08
15.06
5.04
10.08
25.08
5.06
5.08
20.08
10.06
5.08
20.08
5.06
5.02
15.12
5.06
20.12
25.14
5.0
15.06
10.02
20.12
15.08
10.08
10.04
15.04
5.02
20.18
25.04
15.08
15.12
15.16
20.06
20.12
15.0
25.12
15.22
30.14
15.12
5.02
10.04
20.04
15.02
15.12
5.06
15.08
10.06
5.0
5.06
20.02
5.04
10.08
25.1
5.0
5.04
5.1
15.06
15.06
5.04
15.12
15.1
10.08
5.14
15.08
10.04
20.16
15.06
10.04
15.12
20.12
15.04
10.04
15.1
10.08
20.1
15.1
15.08
5.06
5.04
20.16
20.18
5.02
25.1
10.1
5.06
5.08
5.02
25.12
5.08
5.02
20.06
5.02
10.06
5.12
5.04
15.08
25.06
15.1
10.1
20.12
10.06
10.04
25.1
5.04
5.06
15.12
25.12
25.14
5.02
35.16
5.08
15.08
15.06
15.1
25.22
5.08
10.12
25.12
20.16
5.04
20.06
15.08
5.04
15.14
5.02
10.08
5.08
10.06
5.02
25.06
5.04
15.1
10.06
25.12
5.06
15.06
15.04
5.12
5.08
10.04
10.04
5.04
10.04
15.02
5.06
15.08
10.14
5.04
10.06
10.02
10.08
20.18
5.02
5.04
30.12
5.08
20.1
15.04
5.06
10.04
5.02
20.06
15.06
5.0
5.08
10.04
15.04
5.02
30.18
20.14
5.06
10.06
5.06
10.08
10.06
5.06
15.06
25.1
20.06
5.02
15.06
5.06
5.1
20.08
5.06
5.0
5.12
5.08
15.06
25.1
20.08
5.06
20.06
15.06
5.0
10.1
5.08
20.08
5.04
15.04
15.02
5.04
5.02
5.04
20.06
20.12
25.04
10.04
5.14
5.04
10.06
15.06
5.08
15.06
15.02
20.08
5.04
10.06
5.02
20.08
5.02
5.04
5.06
10.1
15.1
10.04
10.06
5.08
15.12
20.12
10.04
15.1
5.1
10.06
15.06
5.02
5.06
5.04
30.12
5.06
5.06
5.08
5.06
20.06
5.04
15.02
10.08
15.14
15.1
15.06
15.08
10.04
15.14
5.08
5.04
5.04
15.18
5.04
15.08
5.02
20.1
5.1
20.06
15.08
5.06
10.1
15.12
5.04
15.08
15.04
15.1
15.08
15.14
10.14
10.06
10.06
25.12
10.1
5.02
15.0
10.1
5.02
5.06
15.12
15.1
15.08
5.06
10.06
20.1
20.12
25.06
15.1
5.02
20.14
10.06
10.06
25.08
5.06
15.02
20.06
10.1
5.06
10.06
25.1
5.2
20.06
25.04
5.04
5.08
5.02
5.08
15.04
15.14
5.04
5.06
15.08
15.1
5.04
10.1
10.08
5.02
10.06
5.06
20.14
25.08
5.04
5.1
10.06
15.08
15.04
10.04
5.0
5.1
5.08
25.08
10.0
5.12
15.08
20.06
5.02
15.08
10.04
5.06
5.08
15.08
5.04
20.14
40.2
5.1
5.06
20.06
10.04
5.04
5.04
15.06
5.04
20.02
10.08
20.12
5.08
15.04
5.1
5.1
20.1
10.06
5.04
10.06
20.08
5.02
20.08
10.04
10.08
15.06
20.16
15.12
15.16
10.1
15.14
10.04
5.06
10.06
25.08
20.2
10.08
20.06
20.1
10.1
15.1
5.1
5.06
5.06
10.1
5.02
10.0
10.14
10.08
10.08
15.14
15.12
10.08
15.12
15.1
20.08
5.08
10.02
25.12
15.04
5.06
5.06
15.06
20.08
10.02
15.12
5.06
5.06
5.06
25.14
5.06
5.02
25.18
5.04
5.02
5.06
20.06
5.04
5.04
5.04
10.1
5.12
10.04
5.02
20.06
5.08
20.12
15.1
10.02
10.08
10.06
10.04
15.14
10.1
10.06
20.06
5.06
5.02
10.04
5.06
5.06
10.04
10.04
10.06
15.06
5.04
15.16
20.12
5.06
20.08
25.16
20.1
5.06
15.06
10.02
15.04
10.08
15.06
15.1
20.06
10.18
15.12
5.02
15.08
10.06
20.16
25.08
5.08
25.02
15.12
15.08
5.04
10.02
15.08
20.06
35.1
5.0
5.06
15.1
20.08
15.14
25.16
10.08
20.1
5.1
25.06
10.1
5.06
5.06
5.02
10.08
20.16
25.04
10.06
20.12
10.02
5.14
5.04
15.12
15.06
10.06
15.08
10.06
15.06
5.04
15.06
20.1
10.08
15.04
10.14
10.14
15.1
5.02
5.02
5.1
15.08
5.04
15.06
5.1
10.1
15.06
10.02
10.06
15.08
20.06
15.12
5.06
10.08
15.16
10.08
5.04
15.1
25.1
25.08
20.06
10.04
15.06
5.02
10.1
5.08
20.08
15.12
10.06
15.08
15.04
15.16
5.02
5.04
20.06
5.1
10.04
15.04
5.06
5.02
35.14
5.06
15.04
30.08
10.1
15.1
15.08
20.12
5.04
10.08
10.02
5.02
25.14
20.06
15.08
15.06
20.04
10.06
20.16
5.06
5.12
5.08
5.02
10.06
15.08
5.12
25.08
5.04
5.02
15.04
5.06
5.06
15.06
15.08
5.02
15.04
30.16
10.06
15.02
20.08
10.02
15.18
20.12
20.08
15.16
10.08
5.18
10.08
15.08
5.16
5.04
30.1
15.06
10.04
15.12
15.12
10.04
5.06
5.02
5.02
15.08
15.06
10.08
5.08
15.08
10.02
10.1
5.04
5.12
15.04
10.02
15.1
15.1
10.04
15.1
15.08
10.12
15.08
10.08
15.16
20.1
5.08
10.08
5.08
5.08
15.12
15.06
10.06
20.06
5.02
25.12
10.06
10.06
25.12
5.06
10.08
5.0
5.04
20.08
30.22
20.06
20.06
10.12
10.1
5.08
5.02
5.04
5.04
20.12
15.1
15.1
10.18
15.08
5.06
5.04
20.08
10.1
15.06
10.04
20.08
15.06
5.06
15.1
15.04
10.08
10.02
15.06
5.04
15.06
20.14
15.04
20.24
10.02
10.08
15.08
15.02
10.04
5.1
20.1
5.04
20.06
10.06
10.06
5.02
5.04
5.08
20.06
10.1
25.14
15.1
10.04
5.14
16.2
5.06
5.02
10.06
5.06
5.12
15.04
20.1
20.08
5.02
10.08
10.06
20.06
5.06
10.1
15.08
10.08
20.16
10.04
15.04
25.1
5.02
5.06
5.08
10.04
25.14
25.16
15.1
5.08
15.06
15.14
15.06
15.14
5.02
15.08
20.1
5.06
20.12
20.08
20.02
5.02
10.08
20.02
15.06
5.02
25.14
15.08
10.06
15.06
15.12
438.92
15.1
25.1
30.06
15.1
5.06
5.06
15.04
15.06
20.1
5.04
5.04
10.0
15.14
5.04
20.08
5.06
10.1
5.02
20.08
15.1
10.1
15.06
5.06
5.02
15.1
15.06
5.06
5.08
10.04
10.02
5.04
10.08
15.06
15.14
10.12
10.06
5.06
20.1
15.08
5.14
10.08
20.1
30.08
5.0
10.06
15.08
25.1
15.08
35.08
15.08
25.08
15.08
5.02
30.1
20.08
30.16
15.08
20.06
5.06
5.02
5.02
20.14
5.06
5.0
25.1
10.08
25.04
5.04
5.1
5.08
20.12
10.06
20.1
15.06
10.08
5.12
30.16
5.08
5.08
25.18
10.12
5.06
20.06
25.08
5.02
5.1
5.02
20.08
10.08
10.04
5.22
20.18
5.08
5.04
5.04
15.1
5.0
10.06
5.02
5.08
10.02
5.02
10.08
25.08
10.06
5.0
10.08
5.04
10.06
5.06
5.04
15.1
10.08
15.02
20.08
5.06
10.08
25.08
15.02
25.16
25.08
15.14
15.06
5.04
15.06
10.08
5.04
5.08
20.06
15.06
5.04
15.08
15.08
5.06
20.1
25.06
20.0
10.02
20.1
5.04
10.08
10.1
20.08
15.1
15.14
10.14
20.06
45.16
15.08
5.04
5.08
5.08
15.1
15.02
15.1
5.08
10.16
15.04
15.06
15.1
25.02
20.02
15.12
10.08
5.02
20.12
25.06
20.16
10.1
10.04
20.12
15.12
5.06
5.06
15.04
30.1
20.08
58.0
5.04
20.08
15.1
5.04
10.08
20.06
5.12
5.14
10.04
5.02
20.12
5.08
5.02
10.08
10.06
10.04
15.08
20.08
15.12
5.02
10.08
10.06
15.06
10.08
5.04
15.06
15.08
5.06
10.02
5.1
15.12
20.08
10.12
10.06
25.1
20.06
25.16
5.08
5.1
10.06
15.1
25.1
25.18
15.04
25.1
5.02
20.08
5.06
15.08
20.1
5.06
10.08
10.08
10.1
5.12
10.08
5.0
15.12
10.08
10.02
30.16
20.04
5.04
10.04
5.02
5.04
10.08
25.08
15.06
10.0
5.04
15.04
30.12
15.12
25.12
15.1
5.02
5.08
5.02
15.08
10.14
5.04
5.08
10.04
15.06
15.02
15.06
10.02
15.16
5.08
10.04
10.04
15.1
15.14
5.04
25.1
15.04
25.1
10.04
20.1
15.08
20.08
10.06
5.06
5.08
10.02
5.04
10.08
10.08
5.02
20.08
25.14
20.1
15.08
10.06
20.06
15.08
5.02
5.08
5.04
10.08
10.04
15.08
20.1
5.04
10.02
10.06
20.1
10.06
10.06
20.1
20.1
5.02
20.1
5.02
5.08
15.1
15.1
5.02
5.04
25.1
10.0
15.04
5.1
15.06
15.04
20.08
25.08
5.06
10.06
20.08
5.06
15.06
10.04
25.12
15.1
5.04
10.06
20.1
15.08
5.02
15.02
5.16
5.14
25.14
10.08
15.04
10.02
5.04
20.14
20.14
10.12
10.04
25.08
15.06
5.04
5.02
10.08
10.02
15.08
5.02
5.04
10.12
20.14
25.16
15.08
25.08
5.06
5.02
10.08
25.08
10.08
20.06
15.08
5.1
10.08
5.06
5.0
10.06
5.06
25.12
5.02
10.06
5.02
5.06
5.02
20.1
20.06
20.1
15.08
10.1
10.12
20.1
5.08
5.02
5.06
10.1
20.06
10.18
5.04
10.04
10.16
25.06
10.08
15.04
5.02
5.02
5.08
15.04
15.12
15.08
25.08
5.02
25.06
15.06
25.08
25.1
15.06
5.04
10.1
15.1
5.06
20.08
15.04
5.08
5.0
5.02
15.08
30.1
15.1
10.06
5.06
25.1
15.06
5.06
15.12
15.02
20.1
5.04
15.06
5.06
10.02
5.04
5.02
5.08
10.1
15.1
15.06
10.12
20.06
10.2
10.02
10.02
10.04
10.1
20.2
5.06
15.06
5.08
15.04
10.02
5.04
5.06
15.06
5.04
10.04
15.08
15.08
5.06
5.06
25.08
118.14
10.06
5.06
15.06
5.12
10.08
15.08
15.08
20.04
15.1
10.1
20.04
5.06
5.04
20.1
5.08
15.1
172.48
10.1
5.02
10.04
20.08
15.06
25.14
147.04
10.08
20.08
5.06
5.08
15.1
52.64
15.08
20.04
5.04
5.04
20.08
15.06
10.08
30.16
69.76
15.1
10.06
5.0
5.04
10.1
5.12
15.02
5.08
25.02
15.04
5.02
5.04
5.08
10.02
20.08
15.06
15.06
5.1
142.0
35.06
147.08
5.04
5.04
5.02
45.18
20.1
5.02
10.06
5.06
147.04
5.02
15.04
10.06
15.04
15.1
10.06
15.1
20.08
10.04
5.02
15.12
20.06
15.08
25.1
5.04
15.12
15.02
25.08
10.0
15.08
15.04
15.06
20.12
10.0
15.06
5.02
15.04
10.08
25.14
10.06
30.1
5.06
5.04
10.06
15.1
15.08
15.1
243.64
5.06
20.2
156.2
5.04
10.08
5.06
5.04
20.04
20.1
5.04
5.04
5.06
40.08
20.0
24.56
5.04
10.06
147.06
11.5
15.08
10.06
10.12
15.02
5.02
5.1
20.08
20.12
5.04
15.0
5.02
15.08
15.06
15.06
5.08
25.14
5.0
15.1
10.06
10.1
30.14
10.1
5.06
25.12
5.1
157.08
15.06
15.06
5.06
25.1
50.44
5.04
15.04
5.02
5.04
15.08
10.08
10.08
5.02
79.14
10.04
94.18
15.08
10.08
5.04
5.0
142.06
15.04
5.04
5.12
21.78
5.08
35.72
24.94
15.1
15.04
5.02
151.94
15.02
20.08
10.04
20.06
10.06
10.02
10.08
18.1
20.1
5.04
10.08
5.06
10.08
20.04
10.06
15.1
25.08
20.12
15.08
5.04
15.1
20.12
10.08
5.06
5.04
5.04
15.1
20.08
20.08
10.06
20.08
5.02
5.02
5.12
10.16
52.48
15.8
25.12
5.02
10.02
137.06
142.06
15.08
5.06
20.04
15.06
10.04
5.06
55.44
147.08
10.04
169.06
162.16
5.04
10.08
5.04
141.92
15.04
25.12
136.96
10.12
30.1
5.04
10.08
10.02
25.06
5.04
5.06
15.12
15.06
5.04
5.04
15.08
5.06
5.06
32.7
15.12
20.1
5.06
5.06
142.04
5.04
141.94
15.04
5.02
5.1
25.12
142.04
5.04
10.12
10.02
15.08
25.1
10.08
15.12
15.02
5.04
9.2
5.04
15.1
10.18
25.12
5.08
20.1
5.08
15.1
15.06
141.96
10.04
5.02
15.06
20.02
5.06
20.08
10.06
15.06
15.1
10.04
15.06
5.06
15.12
15.08
25.14
20.1
5.06
5.06
15.08
5.08
15.04
15.02
20.04
25.04
15.08
20.04
20.08
15.04
15.06
10.04
10.04
5.04
5.04
5.04
20.08
15.1
5.04
5.04
20.08
136.98
5.08
15.08
73.08
5.04
15.06
5.12
5.08
157.28
136.86
152.0
20.08
10.04
15.08
15.02
10.04
20.06
15.06
15.14
5.04
10.1
5.02
19.26
117.9
5.04
15.1
5.04
5.04
5.06
186.34
20.12
15.08
10.08
5.06
15.06
5.06
15.06
25.08
5.04
5.04
113.12
5.1
5.04
5.06
10.04
5.08
141.94
10.08
5.06
15.04
37.14
152.06
137.08
10.04
37.44
20.06
15.08
5.14
15.06
5.04
110.7
15.02
10.04
5.06
10.14
5.04
5.08
20.06
15.08
10.06
5.12
489.96
25.06
141.94
147.02
10.02
5.08
94.1
283.96
20.12
10.1
278.98
150.58
48.42
5.02
5.06
5.06
5.1
15.06
15.06
5.04
25.1
25.1
20.12
15.1
20.08
103.54
20.06
5.06
5.06
5.02
10.08
10.02
5.08
52.34
10.06
15.1
10.02
5.08
28.18
10.04
137.06
10.04
25.12
152.08
147.06
146.98
36.48
10.0
153.86
15.12
10.06
15.06
5.02
5.04
10.02
5.06
15.14
10.08
5.06
5.06
5.04
152.0
10.14
25.08
20.08
20.08
15.06
15.08
136.96
7.34
53.46
10.02
15.08
190.18
5.06
141.98
5.08
10.1
20.08
5.06
5.04
152.04
152.12
20.02
25.1
15.06
5.0
10.06
25.06
20.1
15.04
10.04
15.12
5.08
20.14
10.16
20.06
15.08
10.06
5.02
20.1
10.02
25.08
5.04
10.1
20.12
20.1
69.1
15.04
20.02
10.1
15.1
5.02
5.08
32.7
15.06
15.02
10.04
15.1
10.04
15.16
31.32
5.02
15.16
5.04
20.08
93.54
10.02
10.06
10.06
15.08
20.06
20.04
29.96
5.04
65.38
5.1
10.06
10.12
5.06
15.1
25.08
15.08
5.04
5.06
15.06
10.04
5.04
5.0
20.1
15.04
15.1
10.04
5.08
10.06
5.08
10.08
15.08
10.12
5.08
25.08
5.04
5.02
20.1
25.06
10.06
10.04
5.06
20.04
10.08
283.86
25.06
5.04
10.06
10.12
10.06
157.06
142.0
193.14
10.08
20.06
5.04
5.04
5.06
5.06
93.12
211.4
10.08
136.92
5.04
15.08
10.04
20.16
30.1
25.08
15.06
51.58
20.02
10.04
15.06
5.06
5.08
10.1
43.9
101.78
5.06
15.06
10.04
10.04
10.04
10.02
25.1
20.04
15.1
15.06
25.12
15.04
162.34
5.08
30.1
20.06
15.14
20.12
5.1
15.12
25.12
10.12
10.06
20.04
5.0
15.0
5.04
15.14
15.06
20.12
25.14
15.12
10.04
5.06
21.84
5.04
11.68
15.08
15.16
10.1
83.28
10.06
5.06
5.1
20.08
10.06
5.02
6.94
20.04
133.52
143.66
10.08
15.04
5.04
5.08
172.96
147.12
15.08
20.06
5.04
5.0
138.44
147.06
62.4
10.1
15.06
5.02
30.06
10.06
10.14
147.06
15.14
45.5
5.04
11.62
5.06
5.02
5.06
98.18
10.06
150.44
10.02
5.02
5.02
15.12
10.12
138.8
16.78
244.3
25.1
17.64
5.04
167.68
152.1
10.16
15.06
5.1
15.1
5.02
20.08
5.06
5.06
15.04
5.02
10.06
5.0
15.04
152.04
152.08
10.06
57.1
268.4
20.02
134.44
289.94
22.82
10.1
5.1
5.04
5.04
10.08
31.18
5.08
10.1
10.04
5.18
5.08
15.06
10.06
5.04
10.06
15.12
5.06
20.1
15.06
10.1
10.06
5.04
10.06
15.08
152.04
137.1
10.1
15.04
5.04
147.04
136.92
15.06
5.08
25.04
5.04
157.0
277.3
20.18
10.08
5.06
10.12
147.04
5.0
20.1
10.06
23.12
5.1
151.9
5.06
25.04
235.08
137.04
55.8
132.84
10.14
142.06
151.82
20.1
137.04
147.02
5.06
10.06
5.0
15.06
10.06
5.04
5.1
36.22
43.86
20.04
15.06
20.12
10.06
5.06
25.14
15.06
5.08
6.7
20.04
15.1
10.04
5.04
25.04
15.14
15.1
25.06
5.02
5.02
5.06
5.06
5.1
10.16
5.04
10.0
33.54
5.04
126.52
154.3
20.12
152.02
22.34
5.06
101.32
20.1
5.02
5.04
15.06
10.04
5.04
5.18
15.08
5.0
5.06
10.02
136.86
20.12
5.14
124.6
5.08
10.04
15.04
5.04
15.14
108.42
5.06
5.06
20.1
10.08
156.92
40.6
15.08
5.1
29.74
20.02
141.78
5.04
142.1
25.06
5.04
152.0
5.06
5.04
15.1
15.08
10.06
5.02
5.08
5.06
15.08
15.1
5.06
10.12
10.02
5.02
15.1
5.06
20.1
5.06
141.84
15.06
15.08
5.08
5.02
10.04
10.04
151.98
25.08
15.0
5.02
10.06
25.14
25.12
10.06
15.06
127.2
10.1
20.06
30.14
25.1
20.16
137.1
20.1
5.02
5.04
5.06
27.64
5.1
10.1
15.12
25.04
142.12
137.02
20.06
5.04
25.12
5.02
5.02
5.02
20.12
10.08
10.04
21.42
10.1
15.06
5.02
15.1
5.04
10.02
5.04
5.06
15.08
5.06
10.06
5.06
10.04
10.08
10.04
15.04
20.06
5.06
10.04
5.04
5.06
20.08
15.08
10.08
137.08
136.96
20.04
20.08
15.04
20.08
5.04
10.08
5.02
10.06
5.08
20.06
20.16
10.06
15.02
15.08
15.14
20.1
10.08
39.06
10.1
20.08
210.06
5.02
20.08
10.08
5.16
5.02
5.06
15.06
35.12
15.08
5.06
15.06
15.02
20.08
5.1
25.06
15.06
137.08
175.74
81.02
5.14
94.66
15.08
10.04
45.34
5.0
157.08
15.08
5.04
67.54
10.02
10.08
97.88
10.1
5.02
20.12
20.1
5.1
10.1
15.08
20.12
5.06
40.3
10.04
10.08
5.02
5.02
15.1
10.06
101.96
20.04
5.08
5.0
15.08
15.1
10.08
15.06
15.02
15.02
142.0
15.12
120.18
5.06
5.08
30.1
10.02
5.06
5.0
6.6
15.04
25.08
5.04
10.06
10.04
20.06
5.06
25.06
15.1
15.08
10.1
137.04
5.08
5.04
20.06
83.0
15.1
15.0
5.02
15.08
47.28
117.72
81.56
20.1
20.08
5.04
5.04
5.08
10.12
103.08
25.12
71.76
5.06
20.06
20.04
10.06
15.04
20.12
5.08
5.0
5.06
15.06
10.06
56.8
15.14
5.06
20.06
20.08
10.04
30.14
20.1
5.08
5.08
5.04
15.56
5.04
25.16
20.06
25.1
5.02
5.1
15.08
15.1
15.04
15.08
15.04
5.06
5.04
133.6
5.02
20.08
20.06
5.08
15.06
30.66
5.04
5.1
5.04
5.04
5.06
20.12
15.1
25.06
20.08
20.06
11.64
5.04
141.88
130.16
10.06
10.06
151.98
10.06
10.06
10.06
5.02
5.16
25.1
20.06
25.1
10.04
5.04
5.02
5.02
5.12
15.06
5.04
15.08
5.02
25.1
5.08
15.08
15.1
5.04
20.08
5.04
15.04
5.08
10.06
25.12
20.1
5.16
10.06
15.06
5.04
5.06
10.08
5.04
5.02
148.06
5.08
5.02
5.06
5.1
10.08
10.08
15.06
20.1
5.04
5.08
5.08
20.06
10.06
15.06
5.02
5.12
68.06
142.06
5.0
38.12
5.04
142.06
23.1
76.3
30.1
152.08
5.06
33.6
5.04
284.08
275.76
5.02
5.06
5.0
5.02
10.04
5.04
10.06
5.04
15.06
5.06
20.04
15.06
15.1
10.04
15.04
10.16
10.08
5.08
5.1
15.12
10.08
5.04
5.04
5.04
15.04
10.02
25.12
10.04
10.08
5.12
5.04
15.08
10.42
5.06
157.0
5.06
15.04
15.02
20.08
146.94
10.12
25.06
25.1
15.08
15.06
16.54
20.1
15.08
5.02
5.08
5.08
15.08
30.14
10.08
5.02
5.04
377.26
142.02
5.04
152.1
15.08
82.96
175.02
5.1
5.08
20.04
25.12
5.04
10.12
5.04
5.1
5.1
5.08
5.02
20.12
5.06
5.06
39.32
5.06
5.06
20.1
5.06
5.04
5.08
5.06
10.02
5.08
20.12
10.06
10.04
25.1
10.14
20.08
5.02
5.1
30.1
10.08
5.04
10.02
5.08
5.06
5.06
20.04
5.06
11.72
15.08
10.06
15.06
15.02
5.08
5.04
146.96
15.06
15.1
152.0
15.1
20.02
28.32
10.06
15.12
85.78
10.04
10.02
20.1
5.08
5.1
15.06
5.04
5.08
15.1
5.02
101.94
45.14
142.04
15.08
20.1
165.18
164.12
5.06
5.04
10.04
5.0
25.06
5.04
34.02
5.08
42.58
5.06
15.06
5.06
15.1
20.1
10.1
5.1
15.08
15.08
5.04
5.02
5.02
15.04
5.04
10.04
5.12
141.94
25.08
15.04
218.32
112.34
56.5
5.06
20.02
15.1
20.1
135.06
5.04
10.08
15.08
25.08
20.12
15.08
55.88
10.04
5.06
151.92
142.02
15.1
142.02
5.08
66.1
5.02
136.96
15.94
5.08
5.08
15.08
5.0
35.12
10.1
10.06
20.06
5.04
5.02
147.06
5.04
15.08
15.06
5.0
15.04
20.02
5.06
5.06
5.02
31.1
5.0
15.06
5.06
15.08
5.08
5.04
5.04
141.98
5.1
10.08
15.1
20.06
10.04
25.08
20.1
5.0
10.06
25.1
25.08
5.02
5.04
10.04
10.04
15.08
15.08
20.02
10.04
5.06
20.1
20.04
15.04
5.04
5.08
5.04
5.08
10.04
5.0
25.06
20.1
20.06
5.02
15.12
20.06
10.08
5.06
5.02
10.08
20.12
5.08
15.06
5.02
20.08
5.06
20.08
10.08
10.08
20.06
15.06
15.1
42.16
5.0
15.04
5.0
15.16
15.1
5.04
137.0
10.02
15.0
5.0
20.04
10.04
10.02
15.1
10.02
5.12
15.1
5.08
10.04
5.06
5.0
20.1
20.06
5.04
47.04
5.04
15.06
5.02
10.08
20.08
5.08
10.06
25.1
321.06
5.02
10.06
5.02
25.1
20.08
43.76
5.06
5.06
15.1
5.12
10.1
10.04
5.0
10.06
5.04
15.08
5.06
10.04
20.1
15.08
5.06
5.04
147.14
25.1
5.02
146.96
10.0
10.08
15.06
10.12
63.86
5.02
156.2
10.02
5.04
5.04
20.04
20.1
10.1
15.16
147.02
5.04
5.0
15.04
10.06
5.04
25.04
5.16
10.06
15.08
10.1
15.1
15.06
15.04
5.02
137.0
15.06
10.08
5.04
30.14
15.04
15.1
5.02
5.06
17.3
5.02
15.04
10.08
152.02
31.34
111.06
147.02
5.08
15.08
15.08
5.02
5.06
5.08
10.08
5.1
10.04
15.04
151.98
5.02
10.12
15.04
5.08
5.06
15.08
15.08
15.04
15.1
15.06
10.06
20.08
10.04
10.04
15.04
20.06
5.06
10.04
137.06
5.0
15.06
15.02
15.08
300.56
15.08
10.08
5.04
147.12
157.0
15.06
5.06
15.08
5.04
5.08
5.04
5.02
5.04
10.1
10.02
5.04
10.1
20.06
5.04
10.1
22.04
10.04
20.1
210.14
10.02
136.52
411.08
15.0
15.06
15.06
25.08
137.12
20.08
25.1
10.04
15.06
20.06
15.08
20.04
15.04
10.06
20.06
5.12
10.08
5.04
5.04
20.1
10.04
5.02
15.08
5.02
5.02
20.1
20.08
5.1
20.1
10.06
20.1
22.06
5.04
5.06
17.04
5.06
45.14
10.06
5.04
20.08
30.12
10.04
11.62
5.06
20.08
15.04
20.08
15.1
15.1
15.06
5.02
5.08
20.14
111.02
230.74
5.1
20.1
10.0
20.14
25.08
20.16
20.12
10.08
15.66
15.06
5.04
30.08
10.04
115.74
59.82
5.04
5.12
15.1
5.02
137.02
152.0
20.02
152.12
142.08
5.04
5.08
137.0
152.02
133.6
157.42
25.16
15.12
246.26
137.02
147.02
5.04
142.04
141.96
10.08
10.1
15.02
5.08
15.06
5.08
10.08
20.08
15.06
20.1
20.04
10.06
15.08
10.06
10.06
10.06
136.96
10.06
5.04
5.06
21.66
5.02
15.06
20.04
20.12
10.08
5.02
133.46
147.06
5.04
15.08
30.1
20.1
5.0
5.06
15.08
20.16
5.02
283.98
10.02
15.04
142.04
20.1
5.08
10.02
15.04
20.08
5.06
10.04
5.04
15.14
15.08
5.02
5.06
5.06
10.04
10.08
5.06
15.04
10.04
16.82
20.1
10.1
274.06
274.04
20.06
10.06
5.02
10.06
15.06
15.08
10.1
10.04
10.08
5.06
5.08
5.08
106.66
278.82
5.08
81.14
5.06
5.02
15.04
20.1
147.0
22.42
25.1
15.02
15.12
47.54
5.08
25.02
15.1
273.92
267.5
10.08
5.0
20.22
26.0
52.02
10.04
72.92
10.04
102.8
10.1
5.06
5.1
5.06
5.06
142.12
25.06
15.02
146.94
106.94
5.1
5.04
10.1
5.08
10.06
31.02
136.98
77.96
10.06
5.04
10.06
25.12
30.1
5.06
5.02
153.78
15.06
239.0
10.04
5.08
32.92
5.02
10.1
5.04
5.08
5.02
10.08
15.46
15.12
5.02
5.06
5.08
10.06
5.06
5.04
15.1
20.12
10.1
10.08
15.08
10.02
15.08
27.44
15.1
142.1
15.08
141.92
142.0
20.06
5.06
25.12
15.1
15.02
25.1
10.1
10.06
20.04
142.06
10.06
46.88
151.98
5.06
5.08
30.1
25.14
15.02
20.08
157.06
5.02
5.02
20.1
97.82
15.94
10.12
147.0
5.06
5.08
152.0
5.04
15.1
5.02
20.06
5.0
20.08
5.1
15.1
5.04
10.04
20.12
10.06
5.1
5.28
15.1
15.06
15.02
10.08
15.04
74.48
5.04
15.08
166.96
15.08
147.16
5.04
5.08
119.44
5.06
20.12
20.06
5.04
25.08
5.06
5.0
5.02
5.04
5.06
5.02
15.08
20.04
5.04
137.08
15.04
5.06
10.04
5.04
5.14
10.06
15.12
10.04
10.08
15.1
25.06
10.08
10.1
10.06
15.1
10.06
10.08
15.02
61.48
5.02
171.06
5.08
43.7
5.08
20.1
5.04
15.86
5.08
5.0
5.06
5.02
25.08
15.06
15.04
5.04
25.06
10.08
20.1
10.06
10.04
5.0
5.06
136.94
20.06
15.06
20.1
15.0
5.04
5.02
10.02
5.04
10.06
20.08
15.1
5.04
165.12
76.02
5.02
5.04
136.96
20.06
15.06
5.04
10.02
5.06
49.82
85.84
10.06
15.08
5.04
5.08
5.08
5.06
10.04
5.06
25.12
20.12
20.08
15.06
10.04
5.1
10.06
15.1
25.12
5.08
20.08
21.4
5.04
15.12
5.04
15.1
5.0
5.04
10.1
25.08
10.08
15.06
10.06
10.02
5.08
25.08
5.06
10.04
25.1
16.54
142.06
10.12
10.1
20.08
142.06
10.08
10.02
5.04
20.1
10.04
20.06
5.02
5.04
5.0
15.08
20.04
5.06
5.02
5.06
15.08
25.12
20.1
5.06
5.04
15.06
10.16
39.38
15.06
20.04
151.96
142.02
5.06
169.88
10.08
5.12
15.06
20.04
5.1
10.1
10.08
5.04
5.02
10.06
15.06
5.04
15.06
15.06
131.02
119.92
285.2
273.84
10.06
146.96
5.04
15.06
5.08
5.02
5.02
15.04
20.16
5.04
152.0
345.52
10.04
5.16
20.04
20.12
5.08
284.08
5.12
10.06
5.06
20.06
13.6
10.1
151.98
10.06
10.1
142.06
10.08
5.02
5.02
15.08
5.02
10.36
20.08
10.06
15.04
5.02
10.06
16.82
5.08
10.1
15.06
10.02
5.0
22.12
10.06
5.06
136.98
10.08
5.06
5.0
10.06
5.02
5.04
5.06
15.06
5.02
5.06
15.08
15.1
122.68
15.06
5.08
5.04
62.54
172.0
25.1
5.02
5.02
20.08
25.06
15.04
10.04
10.08
5.1
5.08
10.08
5.1
10.08
10.04
20.1
20.1
15.06
20.1
5.06
5.08
173.76
5.04
5.08
5.02
10.08
10.04
10.04
10.02
20.06
15.08
5.06
5.04
10.08
15.06
157.06
10.06
5.02
142.02
137.0
20.08
146.98
101.9
152.26
20.1
15.08
42.22
10.0
10.06
15.08
5.04
20.06
5.1
199.86
5.06
15.04
20.1
5.02
15.04
5.14
20.0
15.06
10.06
5.1
31.68
15.06
57.3
15.06
10.08
15.08
5.06
5.04
10.02
15.08
5.06
20.06
25.06
15.08
15.08
15.06
15.04
5.12
5.06
5.14
5.08
5.08
5.06
5.06
10.12
20.04
5.08
5.06
9.82
122.08
207.02
25.88
15.04
142.04
10.06
10.02
5.1
138.38
20.06
5.04
21.42
5.1
45.3
20.1
29.88
137.02
5.06
151.96
5.0
10.02
10.04
31.2
70.3
10.06
5.1
19.58
5.02
15.06
5.08
5.12
279.04
5.08
5.06
25.08
5.0
5.06
10.02
15.08
5.04
10.04
5.04
147.02
15.06
141.94
45.9
5.06
5.02
67.4
5.04
5.04
10.1
52.38
10.1
80.28
15.06
20.1
10.08
20.02
5.04
20.06
15.06
25.08
5.04
146.96
5.02
15.06
20.04
10.06
20.04
20.04
80.12
15.08
147.0
25.04
10.02
20.02
5.02
5.08
5.08
20.1
10.12
44.1
5.04
20.02
25.12
20.08
20.1
20.1
5.04
10.02
5.06
5.02
20.02
181.84
25.1
62.78
5.02
10.06
214.4
5.04
20.06
10.06
110.24
15.08
10.08
15.1
10.06
5.06
11.8
10.06
15.04
15.08
25.08
15.08
140.38
5.08
5.02
20.08
10.08
20.06
10.02
10.04
5.02
15.04
25.12
20.12
10.1
15.1
15.1
5.0
5.06
15.06
15.08
25.12
10.04
20.04
5.08
10.06
5.06
5.06
20.1
10.06
15.08
30.1
8.78
5.02
10.08
20.04
28.84
47.1
10.04
20.08
5.02
141.86
20.1
142.08
15.1
5.08
5.02
5.08
42.32
5.06
15.06
25.1
5.06
5.02
21.64
20.08
20.06
102.46
138.86
5.04
5.1
20.1
10.08
20.04
15.06
5.04
75.66
15.06
5.08
5.04
10.06
10.04
20.02
5.04
25.1
10.06
20.08
25.08
48.74
5.06
10.02
5.06
15.04
15.08
157.08
15.06
5.06
15.06
20.04
10.04
15.04
15.02
10.08
15.06
64.14
10.06
33.02
136.98
156.92
5.04
5.02
10.02
115.2
25.1
10.08
15.06
25.1
5.02
5.08
15.02
10.08
25.08
136.98
25.08
25.08
10.04
15.04
15.02
5.12
10.08
10.0
15.08
20.1
10.0
15.1
60.8
5.06
15.1
20.04
5.12
147.04
136.88
137.02
35.12
5.08
157.04
20.06
15.06
5.04
15.08
15.06
10.04
20.04
5.06
15.12
5.06
20.08
5.08
15.1
5.06
20.08
5.08
5.06
5.06
142.0
5.08
20.04
20.1
146.98
5.04
10.08
152.06
147.04
152.14
174.62
5.06
20.1
230.6
25.06
5.06
11.76
15.04
25.06
284.04
10.06
125.96
15.04
121.82
5.04
5.04
16.0
5.06
10.02
5.0
164.0
15.1
136.94
20.1
147.06
142.12
20.1
10.04
5.08
10.08
15.08
5.04
59.1
5.0
137.04
10.08
146.98
5.06
5.08
5.06
15.04
5.02
5.04
55.98
15.04
25.1
10.04
10.04
15.08
10.06
20.1
5.06
15.06
24.32
10.04
20.14
58.36
5.08
10.06
152.08
5.02
20.1
5.02
5.1
15.06
16.7
15.12
20.08
26.76
5.06
25.1
5.08
10.08
5.1
25.06
15.12
5.0
5.02
5.08
20.2
5.02
5.04
25.08
10.04
25.06
15.06
5.04
157.02
15.1
389.48
20.12
20.1
142.0
10.08
20.04
25.12
20.2
5.06
21.66
15.1
25.06
20.04
10.04
5.06
5.06
20.08
5.04
10.04
25.1
5.1
5.06
157.06
76.2
10.04
15.08
5.06
52.5
20.1
5.1
5.08
10.04
20.1
5.04
31.06
96.68
88.38
15.12
10.08
136.9
189.9
33.38
15.06
20.12
20.1
5.08
5.08
5.06
5.04
20.04
15.18
5.06
107.76
10.04
5.02
10.08
15.06
20.04
20.12
5.02
137.0
10.06
15.08
15.12
20.12
15.08
10.06
5.06
5.06
20.12
15.06
10.1
149.66
10.08
5.04
5.06
25.1
15.04
20.04
10.04
15.06
283.94
10.06
25.1
5.12
25.14
5.02
15.08
15.06
137.0
10.02
10.06
157.1
15.08
5.04
5.04
25.1
10.08
20.1
5.06
5.06
156.92
10.04
15.06
15.06
20.14
5.06
15.08
20.08
15.06
30.12
15.1
157.06
10.06
10.1
5.08
5.04
15.1
10.04
5.06
10.1
67.26
28.48
10.02
118.72
10.08
15.12
110.52
10.02
117.94
151.92
157.12
157.02
10.06
10.08
5.04
5.04
5.1
15.08
10.08
5.06
10.12
5.06
10.02
5.08
5.04
20.08
20.08
5.06
20.14
25.14
10.16
15.06
142.0
10.06
10.06
649.46
87.72
5.02
10.04
37.84
141.98
17.68
5.04
20.12
20.08
52.28
5.04
5.06
137.12
15.08
20.08
152.06
5.04
20.1
10.06
15.12
5.08
5.1
25.08
5.06
137.04
10.1
5.0
5.08
5.12
25.1
10.02
5.08
10.04
10.06
15.04
15.04
15.08
5.04
15.06
20.02
5.06
15.06
20.1
5.08
25.1
20.08
28.96
70.3
29.1
88.18
15.06
10.1
20.1
5.0
10.06
142.0
15.04
142.06
5.06
5.0
15.06
157.06
15.04
5.04
20.02
5.02
10.02
26.72
5.0
5.08
5.08
15.06
5.04
5.04
5.04
10.08
5.04
142.0
15.06
10.08
15.08
15.06
5.02
5.02
25.1
15.12
10.08
22.44
44.46
5.04
10.04
15.06
10.02
5.06
10.06
15.04
15.08
20.12
5.06
25.1
5.06
10.0
5.06
5.06
10.08
5.04
10.08
141.92
41.14
5.06
53.02
20.04
16.86
5.04
88.14
15.82
5.06
15.06
10.02
10.14
30.16
5.04
15.08
5.02
137.02
146.16
5.02
5.04
5.04
5.02
5.04
5.04
5.02
20.12
20.04
15.02
10.04
5.08
5.04
10.02
10.02
5.06
151.98
10.04
5.1
15.1
152.02
15.04
5.1
5.04
30.06
5.04
5.02
10.02
15.06
15.06
25.1
25.08
5.0
10.02
10.1
48.22
25.06
85.44
5.02
15.08
10.06
10.08
25.1
5.02
15.08
5.04
20.1
5.04
5.0
5.06
15.08
25.1
15.06
39.3
5.04
20.06
5.06
10.08
15.04
20.06
20.08
51.14
20.06
10.02
10.12
5.06
54.78
15.06
67.72
10.04
15.08
20.06
20.08
15.04
10.06
10.08
5.04
151.94
10.02
15.06
15.14
10.06
15.12
159.12
20.02
15.04
15.08
15.06
152.06
152.08
5.06
15.08
20.14
25.1
10.04
5.04
15.04
98.24
15.08
20.08
5.04
10.06
10.08
5.06
25.1
10.1
25.08
10.06
5.06
5.1
137.14
29.42
15.08
40.42
20.06
5.04
93.2
46.58
141.92
5.02
10.02
15.08
15.08
5.06
15.04
10.12
15.14
59.9
108.66
15.08
5.04
15.02
10.08
5.02
15.08
15.06
10.06
15.06
5.06
5.08
5.08
30.08
5.0
15.04
20.08
15.06
141.96
20.08
5.04
5.06
5.06
10.04
15.12
20.06
147.16
141.98
5.06
10.08
5.04
10.04
5.04
5.04
20.08
5.04
10.1
20.08
5.02
10.02
10.08
5.04
45.36
15.08
15.08
97.9
15.06
20.06
15.06
32.52
146.96
137.02
5.04
97.28
39.38
10.02
20.04
5.06
10.08
29.82
5.02
25.08
156.92
10.1
141.94
5.08
5.08
10.04
10.08
15.08
5.04
5.06
5.02
147.04
5.04
31.94
147.06
15.06
5.06
10.06
10.06
5.06
10.1
10.04
20.08
10.02
5.04
10.04
20.12
136.9
21.92
10.1
20.06
5.08
5.04
5.1
25.12
15.06
15.08
202.74
25.12
25.06
136.96
10.04
5.06
23.84
15.08
25.1
10.08
5.06
15.06
5.06
10.02
5.04
5.04
137.08
48.66
15.04
10.02
131.62
10.04
10.08
10.04
5.04
15.14
5.02
10.04
31.18
48.48
20.08
146.98
71.7
178.28
10.06
5.04
20.08
10.06
5.08
25.12
15.04
142.06
15.06
15.04
10.04
5.08
15.08
10.06
5.06
15.1
5.08
5.06
5.06
15.08
10.02
60.38
5.08
137.04
10.02
20.1
15.02
5.08
5.02
98.9
20.1
440.86
15.04
5.06
15.06
5.08
20.12
5.08
141.92
111.14
146.98
147.04
123.72
10.04
15.08
5.04
5.06
5.06
152.06
15.08
5.0
10.06
35.12
5.1
15.98
20.04
5.06
5.16
15.06
15.18
20.08
20.1
5.06
15.08
5.02
10.06
5.02
25.1
10.06
25.04
15.08
178.84
5.04
15.06
5.04
10.04
10.06
15.1
5.02
30.16
5.06
25.12
6.72
20.12
136.94
10.08
136.98
5.0
20.06
10.06
10.1
20.1
20.06
20.06
5.02
20.02
20.02
36.24
5.02
5.06
10.0
16.66
131.5
25.08
5.04
10.06
15.08
96.32
20.08
5.06
20.08
25.08
74.7
10.04
136.9
146.98
10.04
15.06
5.04
10.08
5.06
10.1
10.04
5.04
5.08
5.02
10.06
5.02
5.06
15.08
15.06
10.02
15.12
15.08
15.1
10.04
141.98
10.02
15.04
5.04
10.08
137.04
10.06
5.08
154.26
15.08
104.44
147.04
451.2
483.18
20.08
5.06
6.74
20.1
5.1
20.08
20.1
10.06
5.08
15.14
10.06
160.16
61.04
5.06
5.02
152.06
10.06
129.54
5.02
15.08
5.04
20.06
10.1
5.04
15.08
15.04
10.06
10.06
5.04
20.66
10.08
15.12
5.12
125.64
5.06
37.72
15.12
10.0
25.12
5.02
41.52
5.04
25.12
10.1
5.02
221.7
5.04
23.76
142.1
52.56
15.08
5.06
5.04
20.02
10.1
10.04
5.1
20.12
20.06
10.02
10.1
146.96
5.04
15.06
15.02
5.04
15.08
20.08
5.04
5.06
15.04
30.12
10.0
5.04
15.06
25.14
25.12
5.04
20.1
10.06
20.08
20.04
5.04
137.02
5.02
5.04
5.04
20.12
10.1
25.1
23.82
152.02
10.08
5.04
205.72
15.02
5.04
15.1
15.04
25.08
10.06
15.06
25.06
5.06
25.08
15.04
142.36
5.06
15.06
136.94
15.08
10.1
10.0
20.1
25.04
5.1
15.08
15.06
142.08
136.98
5.04
20.12
10.06
15.06
15.1
5.06
5.04
10.1
147.02
5.02
5.1
25.12
25.08
5.02
15.06
5.1
15.04
73.36
25.08
5.04
25.1
20.08
15.06
15.08
15.08
20.06
5.04
20.12
5.06
20.06
15.06
15.04
15.1
63.38
15.06
5.02
5.02
15.08
10.0
20.1
25.1
5.04
5.06
30.08
15.04
25.08
5.06
5.02
15.1
10.12
23.88
25.1
25.1
5.02
10.12
20.08
15.04
25.1
10.0
5.06
5.06
49.26
141.94
5.02
15.12
5.06
152.08
273.88
141.96
15.06
10.1
68.24
15.08
15.02
5.04
10.06
10.04
15.12
10.04
30.08
5.04
20.04
78.24
15.08
38.4
5.04
5.06
10.04
5.08
5.06
5.08
15.02
5.1
15.06
5.04
5.0
10.02
15.12
56.62
15.04
15.06
5.04
5.04
279.0
188.22
5.0
10.06
10.06
10.04
10.1
20.12
23.14
5.04
57.92
25.12
25.12
15.06
15.08
15.08
20.08
20.1
5.04
10.06
5.04
15.08
5.08
5.04
5.02
20.08
151.98
5.08
5.02
5.04
5.02
10.1
15.12
15.06
5.06
15.06
10.06
20.12
15.12
20.02
20.06
5.06
25.1
25.08
10.06
5.04
20.0
5.02
10.04
15.06
5.06
48.72
20.06
15.06
20.0
15.04
10.06
25.1
5.08
15.12
5.08
20.1
5.06
5.02
15.06
5.1
25.04
5.02
15.08
15.04
141.98
152.04
142.08
15.06
5.1
15.04
25.08
5.02
15.08
5.1
152.08
5.02
10.04
25.06
25.08
20.08
25.06
15.06
5.04
5.06
10.04
5.08
5.04
284.8
152.1
10.08
61.06
5.02
25.12
25.08
10.06
25.02
147.16
5.04
5.04
10.06
15.04
10.1
25.12
5.04
10.04
5.04
5.02
146.96
5.04
152.08
5.06
15.02
10.04
25.94
15.1
5.04
10.06
5.06
74.0
10.02
25.14
15.08
10.08
5.02
20.06
5.06
5.06
157.08
5.16
10.08
20.08
10.02
5.04
15.1
20.06
47.64
136.98
5.0
10.06
5.04
5.12
10.08
152.08
10.04
5.0
5.02
10.06
5.06
142.04
5.06
15.08
20.06
20.06
5.04
5.08
5.02
25.04
10.04
5.08
10.04
5.04
15.06
5.06
137.18
29.76
5.04
410.82
20.08
113.98
146.9
20.02
5.02
5.02
25.08
15.02
5.06
15.06
20.14
25.08
5.04
20.12
5.0
15.1
66.56
5.02
5.02
5.06
25.08
10.04
20.14
5.04
10.16
10.1
5.02
10.12
25.12
15.06
15.06
10.06
10.06
20.08
5.04
5.1
15.08
5.08
20.06
20.12
10.12
15.06
5.08
25.04
15.12
15.06
5.0
5.08
5.08
10.06
25.12
20.08
10.02
25.14
15.08
10.02
10.12
25.14
10.06
25.1
10.06
10.04
30.08
5.06
5.08
10.08
5.04
5.08
20.08
142.02
15.06
25.78
20.1
15.08
136.96
5.04
10.08
137.04
10.02
15.06
36.16
156.96
21.18
5.08
15.08
5.06
5.1
5.02
5.02
51.88
5.02
10.04
10.06
5.08
5.04
62.12
5.12
15.06
147.2
5.04
20.08
256.8
61.16
5.04
137.16
183.56
15.08
210.94
20.08
5.0
10.06
20.08
15.08
25.12
20.06
20.02
15.08
10.06
25.08
10.04
10.08
5.1
5.04
10.04
15.08
10.02
5.1
5.02
20.06
25.08
15.08
15.12
5.08
5.02
15.06
5.06
137.04
20.08
20.06
5.1
5.04
10.06
25.12
20.06
142.0
195.08
10.06
5.02
10.08
5.06
5.04
5.06
10.08
10.04
29.0
114.72
10.02
5.06
23.22
5.02
25.1
5.06
5.04
20.12
10.06
5.08
20.1
5.08
10.08
5.12
10.14
20.08
25.04
5.08
5.02
20.12
5.06
98.7
5.04
25.1
25.1
10.08
5.08
5.04
25.0
5.02
5.04
25.22
5.02
5.04
20.1
10.0
15.06
20.08
15.12
10.06
5.04
5.06
25.06
15.04
5.06
25.04
5.04
5.06
53.28
5.06
10.1
10.04
73.2
5.08
15.1
137.02
10.04
10.1
5.02
10.06
15.1
5.08
5.04
10.08
10.04
5.04
25.1
10.08
20.16
25.2
152.1
10.08
20.12
5.04
25.12
15.06
10.04
146.92
25.08
111.54
15.02
5.04
10.06
15.08
5.02
20.08
20.08
119.96
10.12
15.04
25.12
15.1
30.06
30.12
15.1
147.04
15.08
147.04
121.92
5.06
5.0
15.06
20.06
15.04
10.08
5.02
20.1
15.04
311.66
20.12
22.92
55.1
10.06
10.08
25.1
10.1
5.02
5.04
10.04
5.04
151.98
15.04
81.28
20.06
5.08
10.04
5.04
5.0
84.98
20.06
5.04
20.04
15.08
15.1
5.04
107.4
5.08
27.6
15.08
5.04
15.1
152.08
5.12
147.0
5.04
15.06
5.04
25.08
76.92
10.12
5.04
10.08
157.04
5.04
15.08
15.08
15.06
5.06
15.08
5.06
20.1
20.06
15.1
5.12
20.14
10.06
5.06
5.02
5.04
15.08
10.12
5.04
147.02
368.64
278.94
5.04
283.54
278.86
5.04
10.1
114.48
5.08
10.04
15.04
5.04
149.92
31.72
142.0
10.12
5.06
141.94
15.06
5.1
97.24
15.04
20.06
27.0
25.1
5.06
137.08
25.08
257.94
25.08
5.06
10.1
20.08
10.08
5.02
5.02
15.08
10.06
5.02
20.08
5.02
20.12
15.06
15.06
20.1
5.1
5.04
10.04
25.06
136.84
5.04
5.02
10.06
5.08
5.08
10.12
10.02
10.02
5.02
5.06
10.02
25.06
15.1
25.1
15.06
5.0
5.08
15.04
20.06
5.06
5.08
5.06
142.12
25.08
10.06
137.02
112.94
5.06
5.06
15.16
10.04
5.0
20.08
25.1
15.14
5.04
25.1
5.04
30.1
10.08
20.12
10.06
10.08
5.04
20.04
15.06
5.02
30.1
5.12
5.04
5.08
5.04
10.08
10.02
20.06
5.1
15.04
20.14
10.08
25.08
15.02
5.02
20.06
5.04
5.04
10.1
25.12
5.02
15.04
131.32
142.0
15.04
20.1
147.04
5.06
5.02
52.56
25.08
577.76
5.04
10.52
15.04
5.08
15.06
15.08
10.04
5.12
15.08
15.04
136.98
25.1
15.06
5.06
15.04
5.02
15.08
15.08
15.08
20.1
14.0
154.9
5.04
5.02
5.04
5.04
5.06
15.06
25.14
5.04
5.04
10.04
15.06
5.06
15.12
142.06
10.08
35.12
15.06
15.08
208.96
5.08
416.1
15.1
35.52
147.08
146.82
15.06
10.06
5.04
147.04
152.1
25.06
15.06
10.02
20.06
5.02
5.06
5.1
151.92
141.88
5.08
37.72
10.04
15.12
25.1
5.06
5.04
20.08
25.1
15.06
5.08
10.06
5.06
24.48
5.06
25.12
15.08
10.04
20.08
5.02
11.82
5.04
73.88
5.04
10.1
15.06
10.12
25.12
5.04
10.06
156.94
30.1
102.8
20.12
15.04
15.06
10.04
5.06
5.04
15.04
5.06
10.04
20.06
5.08
10.04
20.06
10.08
15.06
5.02
20.06
20.14
10.04
25.08
5.02
110.58
97.84
263.32
156.98
20.06
250.86
222.0
5.08
10.06
5.08
15.02
10.1
11.62
5.08
93.34
5.02
15.06
130.28
15.06
25.1
81.32
10.08
20.08
69.52
25.1
10.06
11.74
10.06
20.04
25.08
10.0
5.06
30.1
8.22
15.08
25.12
20.12
10.08
20.06
5.06
10.06
5.08
5.06
10.06
20.06
5.02
15.12
83.5
157.16
20.02
10.06
5.06
20.1
113.52
10.02
5.06
20.08
5.06
10.04
23.9
5.04
84.02
15.1
5.06
25.1
15.3
5.04
30.1
5.12
25.12
5.04
5.04
10.06
15.06
15.1
20.12
10.06
20.04
10.06
10.08
5.0
20.08
20.04
147.16
5.06
203.7
15.1
34.34
5.02
5.04
5.02
20.08
10.1
137.0
137.9
5.06
88.4
30.1
5.02
5.04
15.08
5.02
192.7
15.1
15.08
20.06
5.06
20.1
10.06
5.06
10.06
5.02
25.12
15.1
15.06
15.04
15.08
15.08
5.06
10.04
10.04
15.1
15.12
5.08
15.08
10.02
10.04
5.08
15.04
10.06
60.58
10.04
15.04
20.06
10.08
10.06
15.02
20.06
15.12
5.04
205.76
20.08
5.06
15.08
10.02
20.1
25.1
5.02
20.12
5.06
5.02
5.08
5.08
5.04
5.1
25.06
15.04
15.1
15.08
32.74
61.26
5.02
10.02
147.12
10.02
5.04
15.04
5.0
137.0
5.02
25.1
10.04
15.12
152.0
10.02
147.02
5.02
25.08
15.04
294.0
5.0
5.04
10.08
20.08
5.06
15.1
15.1
20.04
15.08
10.08
25.02
15.1
20.04
20.1
20.04
15.04
15.1
10.08
20.06
10.1
10.04
25.06
5.04
10.02
5.02
5.0
15.08
15.02
5.02
5.0
10.04
10.06
85.12
15.1
79.02
155.94
167.02
236.94
5.02
15.06
10.04
5.04
336.84
10.06
5.1
66.68
5.02
5.0
98.64
47.28
10.02
5.04
15.16
25.1
5.04
5.04
147.06
121.68
5.04
15.04
20.1
5.06
137.18
5.06
10.06
10.04
20.06
15.02
20.04
157.04
5.08
10.04
5.08
5.06
5.1
10.06
20.04
30.14
20.08
5.06
10.0
137.0
15.12
15.06
270.18
152.06
5.04
5.08
10.02
10.12
15.04
147.06
5.08
5.06
25.1
5.04
10.04
137.02
11.46
20.02
10.02
10.02
5.08
15.06
5.06
5.04
5.04
20.1
5.04
5.04
10.06
15.1
10.06
5.06
5.06
10.04
5.1
5.06
5.02
136.86
5.02
20.08
279.16
151.84
30.1
10.06
5.02
15.06
25.16
10.04
5.04
5.04
20.06
15.04
38.7
5.02
49.88
26.58
5.06
5.06
15.06
5.0
38.36
47.26
15.06
5.06
10.04
554.48
5.08
10.1
20.04
20.04
15.08
15.08
10.12
25.1
9.8
37.74
15.08
15.04
10.06
5.04
10.1
5.08
5.02
5.02
146.94
147.0
5.04
10.06
25.1
15.12
25.1
20.08
25.06
10.06
10.0
5.06
5.04
20.08
15.08
15.04
20.06
10.04
20.08
5.02
5.04
5.04
20.08
150.02
5.08
20.06
157.1
15.06
15.06
5.06
52.4
151.98
5.02
100.62
5.04
15.06
5.04
15.14
10.06
25.06
20.08
56.34
25.48
5.08
20.14
5.04
25.16
10.06
10.02
25.1
15.12
15.06
15.04
15.08
15.06
5.04
10.06
15.08
15.06
5.0
15.06
131.6
15.96
5.04
5.06
41.66
5.02
5.06
20.08
59.94
24.3
10.0
5.04
25.12
5.02
5.08
5.08
5.04
15.12
15.1
25.1
110.92
15.1
5.0
15.06
147.02
15.08
5.02
53.48
10.04
100.42
15.08
134.12
10.1
15.08
10.02
15.18
15.1
61.14
136.86
141.96
20.1
15.12
5.02
20.1
29.24
363.82
25.1
20.08
20.1
5.04
279.04
20.08
5.08
10.02
10.04
5.04
10.04
10.08
341.02
279.0
25.1
35.14
184.78
190.86
30.08
5.04
15.12
5.06
25.1
25.08
26.36
137.06
15.12
10.12
10.08
5.02
5.08
15.1
5.1
10.06
15.04
10.1
10.02
15.04
5.08
10.12
28.36
10.04
51.1
5.0
10.06
25.12
147.04
5.06
5.02
15.08
61.94
5.02
137.48
15.06
10.08
5.06
5.08
15.1
5.04
25.06
10.04
21.68
15.04
10.08
15.12
5.06
10.08
20.08
25.1
15.08
28.9
20.08
67.42
5.04
10.04
15.08
5.02
142.04
5.06
5.04
10.08
10.08
5.04
16.76
5.04
15.06
25.06
15.08
5.06
5.12
25.08
15.04
420.84
142.16
5.08
204.26
15.1
15.06
5.02
128.86
15.06
10.02
5.04
5.02
10.04
15.08
5.12
10.1
10.06
20.1
5.08
20.06
10.08
35.1
5.08
5.08
79.34
15.08
15.06
5.06
64.54
141.96
10.02
5.04
28.44
86.56
20.14
5.1
15.1
25.14
20.1
20.16
5.04
10.02
10.04
15.06
5.04
5.0
20.1
5.06
15.08
15.1
15.04
10.06
25.12
15.06
5.1
10.0
5.1
10.08
20.06
10.12
10.1
20.12
20.06
5.04
25.1
15.1
15.08
10.06
25.16
5.08
16.86
24.08
15.08
152.0
10.0
5.08
20.08
10.08
10.08
5.08
10.06
5.06
10.06
10.06
20.1
5.04
25.08
15.06
5.08
20.06
10.04
15.04
5.1
25.08
5.1
15.08
10.06
5.08
15.04
38.88
5.08
5.04
99.92
25.08
122.88
35.96
15.1
25.1
10.04
175.1
10.04
156.94
10.06
10.08
20.08
5.06
15.12
15.06
5.06
5.06
5.06
10.08
25.1
5.04
25.1
20.08
20.04
10.08
12.68
25.12
25.06
5.06
146.98
10.02
25.08
15.06
25.08
15.08
10.02
36.6
5.06
85.14
178.2
44.44
5.0
5.08
15.8
5.08
5.04
5.08
5.06
15.02
10.08
15.1
5.04
10.06
5.06
92.54
20.12
25.06
5.04
5.02
5.02
15.06
5.06
5.02
284.04
10.08
71.48
5.06
197.88
25.1
10.0
5.0
5.0
30.1
116.52
15.12
5.1
15.06
10.06
5.08
116.62
10.06
25.06
15.14
5.04
5.02
5.06
15.06
15.1
5.1
10.08
157.04
15.06
92.2
78.58
5.02
10.06
15.08
5.04
15.04
5.06
5.06
5.02
10.04
15.06
10.1
25.1
15.08
10.02
10.06
15.02
10.06
20.06
15.04
15.1
5.06
15.1
5.04
5.02
15.92
89.52
10.04
10.1
25.14
5.06
5.04
10.04
25.1
15.06
15.02
15.04
96.5
15.04
10.04
10.04
40.14
136.94
15.1
25.06
5.04
10.08
5.04
5.04
15.08
15.06
10.12
5.08
20.04
5.08
10.1
5.08
20.08
25.08
66.28
10.06
162.0
15.02
40.72
69.1
10.08
5.08
10.06
15.06
5.06
109.82
10.04
20.08
25.12
157.04
15.06
142.02
26.1
178.22
15.08
5.04
5.12
136.98
5.06
10.02
5.1
5.04
165.94
5.06
20.08
10.04
5.08
142.06
10.04
20.1
10.04
57.8
15.08
15.06
10.08
20.04
157.0
15.06
5.04
148.76
113.86
5.02
254.92
5.1
5.06
10.12
10.02
5.06
136.86
147.1
10.02
10.02
25.1
10.06
28.22
5.06
5.0
5.02
5.06
20.12
15.08
5.12
5.02
10.06
5.02
15.06
10.06
5.04
10.04
25.12
5.08
20.12
25.08
10.1
15.06
10.04
25.08
5.0
25.14
25.08
26.84
5.04
5.04
81.74
15.06
157.04
15.1
71.06
10.06
10.08
15.08
10.08
5.02
5.06
10.08
48.1
5.02
5.0
142.08
147.0
20.06
5.04
25.06
20.06
40.72
5.06
5.04
5.1
10.04
5.02
293.48
20.1
15.12
15.06
20.1
10.04
137.1
63.9
147.12
152.04
25.08
5.02
20.06
20.08
10.1
20.1
5.12
15.06
10.0
5.06
10.0
25.12
18.4
5.08
86.82
10.04
10.04
137.0
137.0
14.5
20.06
5.06
200.04
5.04
10.0
25.14
5.02
15.08
15.06
5.02
5.1
5.04
10.06
5.04
5.08
154.58
30.1
15.1
25.06
5.08
15.12
5.08
25.08
25.1
15.06
5.04
15.08
15.12
10.02
5.08
278.4
15.06
5.0
20.08
18.72
15.08
5.04
5.06
25.1
10.08
15.04
15.04
10.1
98.84
5.08
25.06
15.08
5.1
38.16
5.06
5.06
15.08
5.04
20.14
527.66
10.1
5.06
5.08
73.04
152.04
5.04
54.12
15.06
15.04
25.12
15.12
136.96
5.1
147.2
5.06
25.08
10.06
20.1
20.1
20.06
15.04
157.14
10.06
36.14
142.06
5.02
5.0
141.92
147.06
5.06
42.1
10.06
5.06
5.0
15.08
25.1
25.08
10.06
15.06
5.02
10.08
5.06
10.04
5.04
5.04
176.8
5.12
25.14
20.04
15.06
5.08
15.04
10.08
5.06
5.04
5.04
5.06
15.1
5.02
15.08
15.1
15.08
5.04
98.06
5.06
141.9
20.12
118.96
20.1
15.04
5.02
25.1
25.12
10.02
15.02
5.04
5.04
25.08
25.1
20.1
40.18
5.04
25.08
10.08
20.06
5.2
25.08
5.0
15.06
25.08
5.12
5.04
59.52
10.06
5.02
5.06
15.1
5.04
120.48
10.06
20.06
5.08
5.0
25.12
25.08
15.1
15.14
5.1
5.06
10.02
10.06
20.06
15.1
15.08
5.06
5.06
10.0
25.08
5.06
25.08
5.06
20.1
16.08
5.06
10.02
20.08
90.3
15.06
5.0
5.04
5.08
10.02
147.06
10.06
25.06
5.04
10.08
10.04
10.0
5.0
137.02
145.28
10.08
125.08
142.04
5.1
10.1
46.72
125.12
5.02
10.06
5.08
15.04
20.04
15.1
25.16
5.06
5.02
10.04
10.04
10.04
141.96
25.12
5.0
5.08
5.04
5.06
147.0
5.08
5.06
10.18
10.06
10.06
15.02
15.06
5.06
25.08
25.1
5.08
10.06
10.06
10.12
15.06
5.1
25.12
15.1
152.0
15.04
10.2
15.08
20.06
20.06
129.32
10.06
104.68
146.96
146.96
10.1
147.1
27.66
5.1
20.1
15.08
5.08
5.04
15.06
15.06
5.02
5.1
30.1
20.06
10.04
20.08
25.04
20.08
15.04
30.14
5.1
25.06
15.06
5.04
137.0
151.98
10.06
108.94
122.8
5.02
10.08
30.08
5.06
5.04
15.06
10.06
5.04
15.04
20.02
5.06
25.1
5.06
15.04
25.1
10.02
10.02
25.5
10.04
278.92
5.06
5.04
5.04
5.1
15.08
15.04
25.1
5.0
137.04
20.08
5.04
10.04
5.02
15.08
25.08
15.02
15.12
136.98
10.06
31.84
5.08
5.04
15.08
15.02
5.0
5.06
142.08
7.74
15.06
10.02
141.98
147.1
10.06
5.02
10.04
5.04
10.02
25.04
20.08
5.02
20.1
25.08
114.9
5.02
25.12
147.04
25.04
5.1
15.06
5.06
5.02
85.3
25.04
20.12
15.04
108.24
20.1
25.12
20.06
20.06
5.06
15.08
10.08
25.1
15.12
20.08
10.04
15.08
10.06
10.1
15.12
15.04
20.04
15.08
15.04
5.08
5.06
20.06
15.08
5.02
15.08
10.1
5.02
5.1
15.08
20.08
5.04
20.06
10.04
5.08
5.06
5.04
5.04
5.0
10.06
103.66
5.06
5.06
10.04
116.5
5.0
10.02
14.34
5.08
25.1
20.08
89.02
5.06
5.06
5.06
106.02
15.12
10.06
137.12
15.04
95.6
137.02
15.06
125.78
15.04
5.06
20.1
5.04
60.92
20.06
15.06
137.08
15.1
5.08
5.06
20.08
10.08
5.08
5.02
63.14
5.06
10.1
157.06
5.04
20.08
25.12
5.0
5.0
15.06
10.08
5.04
15.06
113.42
15.06
5.08
20.06
181.4
5.04
31.56
5.0
25.08
10.0
20.08
5.1
137.56
15.12
15.04
15.04
20.08
25.12
5.0
30.12
5.1
20.08
10.04
15.1
20.06
309.04
15.04
354.34
10.08
5.06
5.04
20.08
147.02
15.08
15.06
15.12
25.1
5.04
5.02
5.0
5.04
20.1
15.08
15.08
20.08
10.06
25.08
20.1
10.06
10.04
5.06
15.06
71.08
15.04
219.16
20.1
207.72
5.04
11.64
25.12
25.08
15.08
10.02
5.02
20.06
15.08
10.04
5.06
20.04
5.04
147.1
26.06
67.18
50.42
5.08
20.04
125.46
5.02
20.06
5.06
5.14
20.06
15.1
5.08
20.06
5.06
5.02
25.08
5.06
10.0
10.06
10.04
10.06
15.1
15.04
10.08
25.08
25.06
5.08
5.02
5.04
15.12
5.04
5.06
5.02
10.1
5.04
142.06
30.14
142.0
15.08
10.08
5.04
15.02
5.04
15.04
15.1
10.1
20.08
15.02
10.08
147.12
10.06
25.1
15.1
15.08
15.04
20.08
5.16
5.02
15.04
5.1
5.04
15.06
5.02
10.1
5.1
5.02
5.08
5.04
20.1
22.92
5.06
10.04
5.08
15.08
80.58
25.1
5.04
5.02
13.76
15.04
5.04
5.06
25.08
15.12
10.06
89.7
15.04
15.06
15.12
5.06
103.34
5.06
142.12
5.02
5.08
159.3
25.26
15.06
10.06
20.08
25.1
25.08
10.12
10.06
15.1
10.06
20.08
15.06
5.06
5.02
25.1
5.08
25.1
96.18
75.88
5.04
100.5
20.06
10.08
5.08
20.08
5.08
20.08
10.06
5.08
25.08
15.04
5.04
15.1
10.02
20.06
5.02
25.06
5.08
10.08
25.12
5.04
161.64
28.4
102.78
152.06
5.06
15.08
10.06
136.9
20.14
20.08
25.12
20.12
15.04
21.68
5.18
283.98
278.92
137.0
157.08
5.06
137.06
15.08
5.06
10.04
10.04
15.02
15.02
151.94
15.04
151.98
5.02
20.08
10.08
20.12
10.12
15.08
161.94
10.1
20.08
15.08
15.06
5.04
15.02
20.1
15.04
5.02
10.08
5.06
10.12
110.82
10.12
5.06
20.1
20.06
20.1
120.84
51.82
5.02
5.08
5.02
15.06
20.06
5.04
10.04
15.1
102.14
147.02
5.02
5.04
5.04
10.08
25.1
25.06
20.08
25.12
5.04
5.02
10.06
5.06
5.0
10.0
5.04
137.0
5.06
143.78
25.1
15.06
20.1
30.1
5.04
10.06
25.1
15.1
5.06
5.04
25.1
5.06
182.58
5.08
152.14
5.04
139.56
15.06
20.12
5.04
15.12
15.1
15.06
10.06
10.0
10.04
15.06
15.06
15.0
5.1
5.02
10.04
20.1
36.16
15.06
15.08
15.06
10.0
5.08
10.04
25.1
5.08
5.04
5.04
15.02
5.02
10.02
10.02
25.14
5.1
5.06
5.06
20.08
15.08
10.08
20.1
15.1
121.42
5.02
10.04
8.88
65.04
15.06
15.06
5.1
5.04
83.1
10.04
25.1
10.06
10.08
15.08
25.12
20.04
5.0
5.02
24.52
5.04
15.22
137.08
137.04
71.64
5.08
157.0
188.72
152.06
11.76
10.08
5.06
10.04
5.1
10.06
5.0
10.08
20.06
15.06
15.08
15.06
25.06
5.06
10.08
44.12
147.02
15.04
146.98
10.08
20.1
183.72
5.08
10.0
5.08
25.08
10.12
5.08
5.08
5.06
15.1
25.08
5.1
25.12
5.04
15.06
5.06
15.04
20.12
142.12
28.16
15.04
20.06
10.04
5.04
5.0
151.96
5.0
5.06
5.04
5.08
152.04
10.06
5.02
15.08
5.02
30.12
20.1
30.1
5.0
5.08
5.06
25.08
10.08
15.04
15.08
5.0
15.06
30.16
5.04
5.02
10.06
5.04
5.08
25.14
15.06
5.06
15.08
142.1
5.06
5.06
28.54
5.06
25.1
17.78
5.08
15.06
10.02
10.1
10.02
25.08
25.08
5.06
5.04
15.02
5.1
15.08
5.08
5.08
5.02
10.04
5.04
10.06
15.06
5.06
15.12
20.04
5.06
10.04
5.02
15.06
5.08
5.02
5.0
10.06
25.08
5.06
5.04
15.1
137.06
10.08
15.12
20.06
15.14
15.04
25.48
70.18
16.76
5.08
5.0
141.54
15.04
15.08
15.06
15.06
15.1
25.1
5.06
5.04
20.06
5.04
5.06
5.08
5.12
5.04
15.1
5.1
10.02
5.06
25.1
276.38
5.08
15.1
147.0
5.06
15.04
147.0
10.06
25.06
137.08
25.08
5.06
10.12
20.04
10.04
5.04
5.04
15.02
25.1
20.06
5.06
15.08
10.04
30.1
5.1
22.7
15.02
10.04
5.1
10.04
10.12
15.1
5.04
152.12
142.0
10.1
15.06
5.02
10.06
5.0
10.1
5.06
10.04
15.06
25.06
15.06
15.1
25.08
5.04
15.06
10.02
25.08
5.04
15.02
10.02
15.06
15.04
5.16
5.08
5.02
20.1
10.04
15.02
15.02
5.02
20.1
5.02
15.08
5.06
5.04
15.08
10.06
10.06
5.02
5.08
25.06
5.02
147.04
15.06
10.06
157.14
15.08
10.08
5.06
5.08
5.08
5.02
84.92
5.06
10.04
10.04
15.06
5.08
75.68
5.04
10.04
5.08
5.12
25.08
93.38
52.1
25.14
147.0
147.04
10.08
25.1
5.1
5.02
289.02
201.38
5.06
25.12
25.06
5.04
25.12
25.12
10.06
29.26
15.08
15.06
15.02
5.0
10.02
5.06
15.06
25.64
5.0
5.04
5.02
10.04
5.1
15.04
10.06
15.06
5.04
15.08
5.04
533.08
142.04
10.06
20.06
5.08
5.02
5.0
10.06
15.08
25.08
5.02
5.08
5.08
5.08
10.08
5.14
5.0
5.06
137.0
15.08
10.02
147.06
288.94
10.1
25.12
15.02
15.04
10.1
15.04
5.02
10.02
5.02
5.08
10.06
151.98
5.06
25.1
10.04
25.06
283.94
10.06
5.06
35.1
5.02
5.0
20.12
15.06
147.0
157.04
5.04
5.1
20.06
15.08
25.08
15.04
10.06
20.1
10.08
10.1
136.88
5.02
10.08
15.06
5.06
142.02
137.0
5.04
15.12
136.96
5.1
141.92
157.12
10.08
20.08
15.08
87.32
5.1
246.98
5.02
73.74
15.08
10.1
15.1
10.02
5.06
6.66
20.1
20.12
102.2
10.08
10.14
104.06
136.98
10.04
5.02
157.04
10.08
136.9
283.9
5.06
47.52
5.02
137.0
10.08
147.06
10.06
5.0
5.04
5.08
5.04
10.06
10.1
15.06
20.06
5.04
10.04
20.06
10.06
5.02
39.8
10.04
15.1
10.1
5.1
15.0
25.1
5.0
15.12
5.04
5.1
5.02
10.04
5.08
25.08
20.06
147.04
10.1
111.18
5.08
20.08
5.04
15.04
15.1
25.08
5.08
5.08
5.08
20.08
5.04
15.06
10.1
10.08
15.06
15.04
10.02
5.04
10.06
10.1
10.08
15.08
25.08
15.06
10.08
15.04
5.02
10.06
5.06
10.08
10.02
5.04
10.06
15.1
10.06
20.12
5.08
10.14
15.04
15.08
15.04
15.08
25.04
15.06
20.1
5.04
5.06
25.2
15.06
15.12
142.02
137.02
26.9
5.02
157.1
5.04
142.02
10.08
15.04
5.0
15.06
10.06
5.06
15.08
15.08
15.08
5.02
5.06
5.04
25.08
20.02
156.98
5.06
5.06
35.76
35.1
10.08
5.04
142.12
20.08
10.02
5.0
15.06
5.06
15.06
15.1
55.62
20.06
5.04
136.96
25.08
15.04
15.04
20.02
82.86
157.1
20.06
10.04
15.08
15.06
5.04
20.06
15.1
15.06
10.08
5.04
10.04
5.06
10.04
25.12
15.12
5.02
5.02
10.06
10.04
5.02
20.12
15.06
5.1
15.06
5.04
5.06
15.08
15.12
137.0
20.12
20.1
25.04
106.68
166.52
10.02
15.1
14.34
20.06
10.06
15.04
25.1
10.06
15.08
5.02
10.06
10.02
5.06
5.04
141.98
25.04
20.08
40.1
5.06
5.06
15.06
25.02
25.08
10.06
10.04
61.62
5.04
15.08
5.04
15.04
20.08
20.06
15.06
15.1
15.06
6.8
23.76
105.94
5.04
10.02
147.0
146.94
25.1
10.08
124.76
100.7
15.08
20.1
5.12
20.1
349.48
576.72
20.04
15.06
10.06
5.02
10.04
5.04
5.06
10.08
15.06
10.04
5.04
25.1
5.04
15.06
5.06
20.06
5.02
5.04
10.0
10.06
20.08
10.08
25.02
10.06
5.04
5.08
25.06
15.06
5.08
64.88
115.84
25.1
5.04
24.56
142.04
167.9
105.16
15.06
137.0
10.06
5.06
10.02
5.02
20.06
27.02
5.06
10.06
10.06
10.04
10.02
15.04
15.04
10.1
15.02
20.08
5.1
5.02
15.04
15.08
20.1
15.02
141.02
5.06
10.08
20.06
25.1
10.08
147.08
10.06
162.1
155.78
5.04
5.06
19.24
10.04
10.04
15.08
137.08
137.06
15.02
35.1
5.1
5.02
95.16
15.1
172.1
147.06
5.1
10.06
20.04
10.04
15.1
213.1
5.1
10.04
5.0
20.06
5.04
10.06
25.08
20.06
5.04
5.02
25.08
5.06
10.04
20.1
10.02
20.12
10.06
5.02
25.08
20.96
5.0
147.1
15.04
15.02
15.04
5.0
5.04
15.08
10.08
10.08
20.12
5.04
20.1
25.1
25.04
5.0
503.06
5.1
5.04
15.06
25.08
5.06
10.04
25.14
5.0
5.04
491.02
15.1
20.14
15.04
10.1
10.04
15.08
20.08
73.04
25.12
261.0
5.06
10.08
157.1
10.04
10.04
28.84
125.74
20.1
5.04
10.1
15.12
5.02
10.08
15.06
5.04
10.04
10.08
20.06
5.08
15.02
25.04
20.1
5.04
147.04
5.02
15.06
25.1
5.04
5.04
10.06
39.04
124.72
5.04
15.04
9.1
20.06
5.08
5.06
10.08
30.14
10.06
5.06
5.02
111.98
25.04
5.02
64.92
10.04
10.08
5.04
5.04
141.96
20.06
5.04
10.02
142.06
5.06
5.04
5.02
5.04
5.02
20.04
5.02
110.4
20.1
20.08
12.14
10.08
5.08
15.08
10.06
5.0
10.04
5.02
15.08
70.32
5.04
90.46
146.96
5.04
35.14
121.6
5.02
10.04
10.08
10.02
5.0
5.02
5.0
5.08
10.06
10.06
15.04
5.02
5.02
5.06
84.76
20.08
16.84
107.48
5.04
15.06
40.86
65.92
25.1
136.88
20.08
132.02
20.1
35.12
5.12
5.0
5.04
5.04
25.1
25.14
20.1
15.06
5.04
5.02
20.08
136.86
5.06
10.1
278.92
15.04
107.8
5.04
5.1
10.06
15.1
5.02
36.12
5.04
10.1
15.06
5.02
10.08
25.04
5.06
5.02
20.12
5.04
20.1
10.04
30.12
20.1
31.88
128.04
5.02
20.02
5.02
10.06
20.12
30.1
10.04
25.1
142.02
20.06
10.04
51.8
59.56
5.08
147.04
142.02
15.1
15.1
91.6
5.02
28.62
10.08
15.02
5.1
5.0
25.1
15.04
20.06
15.1
5.02
5.1
5.14
61.92
10.1
5.02
15.06
5.04
152.02
5.0
25.08
97.36
5.02
15.04
25.12
147.08
20.12
10.06
15.06
152.0
5.06
5.04
5.06
5.04
5.08
5.06
35.04
20.1
20.08
5.06
157.06
181.54
5.1
5.04
10.1
10.06
5.04
20.06
10.1
5.1
5.1
5.04
10.06
20.06
5.02
152.04
5.06
20.08
142.1
5.02
25.1
10.12
25.06
20.04
5.04
10.06
25.08
15.1
15.1
5.02
5.08
25.1
126.6
10.1
25.08
5.06
205.74
146.88
5.04
139.0
99.4
20.08
15.06
20.06
25.12
5.04
15.1
5.0
5.02
89.24
10.02
25.08
20.12
15.06
5.06
5.04
142.1
15.08
55.9
5.1
10.1
20.0
20.1
25.08
146.98
10.02
10.08
5.12
15.08
5.04
5.08
10.02
5.02
10.06
5.04
5.02
25.1
5.08
25.08
10.06
15.04
25.1
20.08
5.04
5.08
25.04
5.08
5.04
5.06
15.08
136.94
146.92
10.08
15.02
20.06
40.12
10.08
5.08
5.04
20.1
5.06
5.1
10.08
15.06
15.08
25.12
10.02
15.1
5.1
5.14
15.1
20.06
15.04
15.06
20.1
25.12
5.08
5.04
10.08
10.06
5.06
20.1
15.1
10.04
33.42
19.46
15.06
20.06
10.06
10.04
5.04
20.14
5.02
20.06
10.04
5.02
10.06
5.02
10.04
15.1
5.06
10.04
5.08
5.04
136.9
5.06
25.04
5.04
273.94
10.06
152.12
10.06
15.0
35.12
5.02
15.08
5.02
5.06
5.02
25.1
20.12
5.06
10.06
10.06
20.08
147.06
10.06
20.08
10.06
5.08
10.02
5.08
15.08
15.1
5.02
5.04
15.02
20.04
20.1
5.04
61.98
10.02
5.02
5.04
5.04
10.08
15.08
10.04
15.06
5.12
10.0
5.04
20.1
20.1
147.08
5.0
5.0
5.06
120.26
20.08
10.06
10.1
10.04
30.1
5.08
15.08
25.1
25.12
15.1
15.04
10.06
5.06
5.04
5.02
15.1
100.64
15.0
5.04
15.04
20.4
20.08
10.04
5.04
5.08
25.08
20.06
10.1
5.08
15.08
10.04
151.96
15.06
137.02
15.06
10.02
20.1
20.02
15.06
25.12
10.06
10.04
15.04
10.06
10.06
20.12
15.04
15.1
15.04
10.04
5.04
5.06
518.18
548.92
10.1
5.06
10.08
5.06
5.0
20.1
5.04
5.02
10.02
83.82
15.06
15.08
15.08
25.1
5.08
5.06
5.06
25.08
25.1
25.12
5.08
20.1
5.08
15.02
5.04
15.04
10.02
32.98
30.1
20.06
5.06
5.02
152.0
20.04
5.04
5.02
25.08
10.04
10.08
5.04
15.06
5.04
10.08
20.1
15.06
5.04
15.1
147.06
5.02
142.14
20.06
5.0
10.02
10.04
26.08
10.12
40.14
152.06
10.08
5.04
15.12
5.1
20.12
20.06
10.06
5.02
20.24
15.08
10.1
142.02
15.06
5.04
190.9
5.08
40.74
14.6
5.02
244.98
5.02
10.04
5.0
20.08
5.06
10.08
15.1
10.04
20.08
5.04
5.02
15.08
5.06
37.64
5.02
15.08
10.04
20.14
15.06
35.12
25.1
10.06
5.02
15.06
66.84
81.96
10.06
20.1
25.08
76.36
5.08
20.02
5.04
5.1
5.02
10.1
5.06
25.12
17.12
10.06
137.0
118.92
265.08
5.08
5.06
5.02
25.08
15.04
10.08
5.12
10.04
5.02
15.02
152.1
22.28
142.04
5.02
15.1
5.02
69.56
93.88
30.12
5.02
5.06
30.12
10.04
10.06
5.04
5.04
136.98
5.06
15.06
5.06
15.04
10.04
10.02
20.08
5.04
15.18
20.08
5.02
15.04
20.06
5.04
5.06
46.0
10.08
283.9
10.06
15.02
20.1
25.12
11.64
167.16
15.0
5.08
5.02
155.66
5.06
5.06
20.04
5.02
5.08
157.0
132.94
5.06
5.04
148.44
20.12
10.04
5.02
25.14
5.08
25.04
25.12
20.04
10.04
10.0
10.04
113.46
15.06
10.04
15.02
5.06
20.22
10.06
10.04
5.02
20.1
10.08
5.02
5.04
15.08
25.1
222.88
283.96
20.08
10.06
40.08
147.06
39.98
15.06
151.98
25.12
157.04
5.04
15.04
10.0
15.16
15.04
10.02
15.06
20.08
25.08
10.04
15.06
5.04
15.06
28.6
97.3
15.06
5.08
15.06
15.06
10.1
15.06
10.02
10.02
5.04
5.08
5.08
20.04
5.02
20.14
278.98
147.08
5.04
5.1
5.0
20.06
10.1
152.0
20.06
126.42
15.1
146.98
5.0
20.06
152.1
5.06
15.08
15.04
5.06
10.06
66.86
20.04
5.04
10.12
25.14
15.08
5.06
25.1
5.1
10.06
5.04
10.08
15.04
10.1
5.02
10.06
5.04
10.04
5.06
5.06
233.38
32.06
15.04
15.06
5.12
25.1
5.06
15.08
136.96
5.02
15.12
10.04
10.18
15.04
10.08
74.64
5.08
5.06
20.06
15.06
5.08
10.08
5.12
49.96
15.04
10.02
5.06
20.08
10.06
20.06
157.04
5.02
5.06
40.12
5.04
77.32
15.08
136.98
10.04
157.08
141.94
15.02
10.12
5.08
5.04
137.06
147.02
15.1
5.04
8.84
15.1
38.84
5.06
25.08
20.06
10.02
15.02
5.02
15.08
10.06
20.08
10.08
15.08
20.06
15.08
5.04
20.06
5.0
10.04
5.04
5.04
70.56
157.06
5.1
5.0
20.06
20.08
15.04
397.12
5.1
5.04
5.06
15.04
25.12
103.84
142.56
137.08
10.04
25.08
30.08
15.08
5.08
20.06
5.06
15.04
15.1
5.06
10.06
10.12
25.08
118.32
10.08
5.06
137.0
10.1
15.04
10.06
20.02
5.02
30.12
288.96
10.06
5.04
5.04
10.14
136.92
5.02
10.04
15.12
25.04
25.16
10.08
25.08
10.08
147.0
152.04
25.06
20.08
203.94
10.08
100.54
151.94
5.0
133.9
141.98
10.04
141.98
15.02
87.9
15.1
15.06
25.06
5.06
5.06
15.1
5.04
20.06
15.08
15.06
40.84
5.04
5.02
15.08
15.1
10.1
20.08
5.04
25.12
5.1
167.0
5.04
15.96
5.06
15.08
5.04
35.12
36.24
5.04
138.54
220.64
5.06
5.12
85.18
5.04
15.04
15.08
15.04
15.08
15.06
10.14
15.04
20.06
15.08
15.06
5.04
25.06
25.12
5.06
15.14
289.06
273.86
20.06
10.02
5.06
5.06
10.06
25.08
20.04
142.0
25.06
85.08
20.06
66.68
5.02
22.02
25.12
5.04
15.02
20.12
10.1
137.0
156.94
147.12
10.04
142.02
10.02
5.04
5.06
25.1
30.12
157.0
15.08
5.02
15.06
15.06
20.1
73.68
15.12
25.08
35.14
20.12
10.04
10.04
5.06
15.1
15.08
10.06
5.02
15.06
10.08
35.12
152.02
15.06
5.06
25.12
10.08
10.04
5.08
137.02
10.04
10.06
10.06
25.12
5.06
15.06
10.02
5.02
5.06
15.08
5.04
10.48
173.6
15.08
54.02
5.06
10.1
15.06
5.04
5.06
5.02
15.04
15.06
15.06
15.06
5.04
20.12
15.1
10.02
25.08
15.08
5.08
152.02
10.04
5.02
141.96
15.1
15.06
15.06
5.08
55.3
5.08
5.04
152.02
35.1
5.02
147.1
5.04
25.1
5.02
10.02
20.12
10.06
15.14
25.1
15.06
10.1
5.06
140.9
10.06
196.9
5.08
289.04
30.1
20.1
15.04
5.06
5.08
5.0
20.1
5.06
30.18
15.1
10.1
15.08
52.7
5.02
147.04
10.04
10.02
15.08
5.06
15.04
5.04
15.04
20.12
5.02
136.98
15.1
15.1
5.04
15.06
5.06
25.1
146.98
138.92
142.06
20.06
152.06
5.02
15.06
105.3
10.04
20.08
20.08
15.06
137.04
147.06
133.0
147.04
10.06
5.1
15.04
20.1
20.1
152.0
15.04
10.34
5.04
5.04
15.1
5.0
25.1
25.06
10.0
15.08
5.06
76.04
20.08
52.6
80.58
5.06
5.06
63.28
5.04
15.04
15.1
20.08
5.08
20.1
15.12
5.06
10.06
10.02
5.06
10.06
15.04
5.04
5.08
15.08
10.04
10.06
5.06
25.08
5.04
25.08
5.04
15.06
5.06
15.08
25.08
10.5
279.0
5.06
10.04
5.02
15.04
5.14
5.04
20.04
15.08
5.06
35.14
35.12
20.06
5.04
42.58
15.1
10.08
5.08
10.0
5.06
5.06
5.04
15.04
5.04
15.1
20.04
15.1
20.08
5.1
25.08
30.12
21.36
5.08
15.12
5.06
25.12
20.08
10.04
10.08
15.04
5.04
5.04
5.04
15.04
31.8
136.96
20.02
5.06
10.04
48.12
5.06
157.02
15.06
137.02
71.48
25.12
15.04
20.04
246.2
5.06
15.08
15.04
137.04
15.08
15.06
33.02
5.1
5.06
10.1
5.08
25.08
25.08
5.04
30.12
15.1
20.08
157.04
5.06
15.1
142.02
15.1
15.1
143.58
15.08
10.06
10.1
15.06
5.04
5.0
10.04
15.06
5.08
10.08
20.06
10.08
10.08
15.08
25.1
5.08
5.04
5.04
25.1
15.12
15.08
15.04
5.08
10.1
10.08
137.06
20.06
5.02
5.02
20.06
136.96
20.1
146.9
5.08
5.08
146.94
10.06
5.1
5.08
15.02
5.06
105.74
20.1
20.14
20.08
5.06
15.06
5.08
53.58
20.08
5.06
15.06
5.02
5.04
20.14
10.1
20.08
5.06
5.02
10.06
25.06
27.84
5.04
20.34
25.62
298.4
288.9
279.06
5.08
15.06
5.06
10.06
5.02
5.04
10.04
15.08
15.04
137.02
10.08
20.06
20.08
5.04
10.04
25.1
5.04
15.06
5.1
15.08
15.1
5.16
10.02
5.02
25.04
15.06
10.1
5.04
20.12
10.1
20.12
10.04
219.2
64.68
136.98
5.04
27.52
52.04
10.04
5.04
20.08
15.08
152.0
5.08
157.0
5.06
5.02
15.08
5.1
15.04
10.06
17.76
5.06
15.1
20.08
5.02
5.1
137.0
20.08
15.04
42.74
10.04
68.56
10.02
10.04
30.1
20.04
142.1
25.08
141.92
124.14
15.06
15.02
141.96
25.06
5.04
15.08
137.02
550.6
146.98
147.0
10.06
40.1
5.02
15.12
63.28
10.02
15.08
5.1
5.04
5.06
5.02
15.04
10.06
5.08
15.06
15.04
5.06
15.08
5.06
30.1
25.14
15.06
121.76
93.7
147.14
5.06
93.12
5.06
5.06
136.92
175.54
10.04
5.04
5.06
15.08
5.06
5.04
20.08
30.1
5.12
17.48
5.06
5.06
101.92
5.04
5.06
5.1
5.06
5.04
27.26
10.02
15.12
283.88
15.02
147.12
5.02
10.04
15.12
5.04
5.02
138.34
5.02
5.02
15.08
38.74
20.08
61.38
5.04
5.04
343.7
20.14
5.02
68.72
323.62
20.08
20.82
5.04
5.18
10.1
15.08
5.04
25.04
10.1
20.04
15.12
5.06
20.16
152.08
5.04
10.08
6.06
10.08
10.06
20.12
15.06
366.56
5.06
15.08
25.08
309.98
158.88
203.92
45.42
5.1
20.1
20.08
5.08
15.08
5.04
10.06
15.08
20.12
10.04
5.04
20.06
5.02
5.0
5.04
15.06
15.1
5.04
15.08
10.04
25.82
15.1
5.02
25.12
15.08
15.08
15.06
5.06
156.92
5.0
15.08
5.08
5.04
137.04
10.08
5.1
25.12
30.12
18.4
15.08
5.04
65.0
15.08
9.48
10.02
129.8
5.08
5.06
10.04
5.04
10.06
25.06
5.0
10.08
10.06
5.08
40.12
20.1
25.12
5.12
30.16
30.04
15.1
15.08
5.04
21.26
5.06
60.6
5.08
186.92
137.0
10.08
52.34
25.08
5.06
184.6
25.1
25.04
10.06
20.1
15.04
10.08
5.02
15.22
5.06
10.14
10.06
10.14
10.02
10.04
146.98
10.08
18.64
5.02
15.1
5.04
40.08
30.14
106.42
20.02
5.08
207.7
75.94
157.06
10.08
20.08
5.02
10.08
5.04
10.02
5.04
15.04
15.1
5.02
20.06
5.04
5.08
339.28
146.96
147.06
5.0
100.58
10.02
5.06
10.1
10.08
108.04
10.7
5.06
5.04
10.08
20.1
25.18
25.1
5.04
15.04
30.12
147.08
5.08
10.06
44.3
137.1
10.08
20.06
137.02
137.08
20.1
27.04
20.08
41.14
20.04
5.04
10.04
5.04
10.08
141.94
25.12
128.18
5.04
20.1
10.06
15.02
20.04
15.02
15.08
5.04
10.1
10.0
36.22
10.06
10.12
5.06
10.06
5.08
5.06
20.12
5.14
146.9
5.06
25.12
5.02
5.08
20.1
10.04
5.04
5.1
15.1
20.04
10.06
15.08
10.08
10.02
5.04
5.08
10.26
5.0
5.02
15.12
5.08
15.08
15.08
15.08
25.1
10.08
20.1
15.12
15.04
5.02
15.14
5.0
15.54
5.0
5.06
137.02
15.06
10.06
5.04
5.02
5.04
23.48
20.12
15.06
5.04
20.08
15.12
25.1
5.1
15.08
42.76
147.1
15.12
15.06
5.02
25.06
10.02
20.12
5.04
20.08
10.08
44.8
15.1
10.06
15.44
5.08
10.02
5.06
15.02
5.1
10.06
84.88
141.78
5.04
14.88
20.1
5.02
150.12
152.08
5.12
20.08
5.06
5.06
35.18
31.1
20.08
5.02
20.04
125.1
5.06
69.08
20.08
5.04
5.08
174.84
10.02
147.04
5.02
15.08
10.12
25.1
5.12
30.12
10.06
15.04
20.08
5.04
30.12
30.08
10.02
10.02
5.06
152.06
5.06
20.04
25.08
10.1
140.98
245.32
10.06
15.02
5.0
15.2
5.02
5.02
5.06
10.06
10.04
10.08
15.04
5.02
20.08
79.12
68.86
25.06
20.1
20.08
10.08
10.08
5.02
10.04
15.04
5.02
10.04
10.06
146.94
34.02
15.12
5.06
10.04
25.12
5.02
10.06
157.14
10.02
5.04
15.06
10.02
5.06
15.1
30.1
20.1
10.02
15.06
15.04
5.08
20.04
136.92
15.04
15.04
10.04
10.1
17.06
10.04
142.12
5.04
25.12
15.06
25.06
84.78
8.92
10.14
25.14
20.08
141.94
25.06
15.1
15.32
5.02
30.56
10.02
20.08
8.88
35.12
30.06
15.04
64.62
142.08
137.0
5.04
20.1
5.06
15.1
15.22
15.06
10.04
15.06
278.88
114.7
5.06
15.08
15.08
5.08
5.04
5.06
15.12
15.06
20.04
10.04
146.96
5.1
234.12
15.04
67.2
5.06
25.12
20.1
20.1
92.38
5.06
10.06
136.94
15.02
26.12
20.12
5.04
5.12
15.08
151.98
15.08
151.96
20.08
15.06
10.06
5.06
10.08
15.08
142.08
25.14
10.06
147.06
5.08
5.04
15.08
10.06
5.06
5.0
10.06
62.16
14.16
5.06
147.06
31.14
25.06
5.04
5.02
111.7
5.06
147.12
10.12
5.04
10.04
10.08
15.08
10.1
29.94
15.08
10.04
142.0
20.04
15.1
15.04
15.04
15.06
5.02
10.06
15.08
15.08
5.08
36.1
137.02
162.16
5.06
152.06
15.04
137.06
10.06
5.04
84.26
142.0
5.0
15.08
53.76
25.08
10.04
152.06
20.06
20.04
148.3
136.9
5.02
133.56
5.08
5.08
10.06
54.72
5.14
157.84
20.08
5.02
5.06
5.06
5.04
10.12
5.06
42.5
10.04
5.04
5.04
157.08
20.1
151.9
152.04
152.0
147.1
5.08
5.08
5.02
5.02
123.8
157.1
25.04
142.04
5.02
25.08
15.08
15.02
15.04
137.02
20.08
136.94
5.06
205.06
21.48
5.06
5.02
5.02
25.1
25.08
20.08
15.02
5.12
10.04
15.04
15.08
10.12
15.04
5.04
5.1
10.04
10.06
142.02
5.08
10.14
20.1
5.04
15.04
5.02
5.02
15.1
20.08
20.12
5.14
5.04
157.08
142.08
20.08
147.12
5.02
5.04
5.04
15.08
15.08
5.06
57.16
10.04
30.06
20.08
40.14
137.02
10.08
20.1
5.06
5.06
10.04
15.06
25.08
141.96
5.0
15.04
26.92
5.02
18.06
5.04
10.04
15.08
15.08
10.02
5.04
146.98
15.08
192.16
15.0
20.12
25.08
5.0
61.56
5.0
128.7
5.06
15.16
5.06
5.04
5.04
10.06
5.08
5.06
15.08
10.06
5.0
10.04
15.08
10.08
5.06
25.1
15.08
5.06
15.02
10.06
10.08
10.04
15.06
5.04
15.08
10.04
10.06
10.04
5.08
147.04
45.74
193.46
15.06
20.08
10.08
15.1
25.12
5.06
5.08
10.08
20.06
15.04
15.08
20.06
137.0
5.02
20.08
10.04
5.06
5.04
5.04
5.04
20.08
49.08
5.08
10.02
10.04
5.12
20.08
38.2
10.02
39.1
15.04
5.04
5.0
20.12
5.02
15.04
5.04
5.04
136.96
146.88
137.0
5.04
25.08
10.06
152.02
15.08
5.02
5.02
126.42
152.02
5.04
5.02
5.06
15.12
25.02
25.12
5.08
10.06
137.04
81.42
15.06
10.06
137.04
279.1
284.02
30.12
58.12
10.02
10.0
15.08
5.06
10.06
10.06
5.06
5.06
5.08
152.06
30.1
15.08
5.06
15.12
151.88
5.06
149.22
142.0
15.04
20.08
20.08
20.12
15.12
10.02
10.06
15.06
81.44
5.0
5.06
5.06
10.12
5.02
5.04
15.06
10.0
5.1
15.1
20.08
20.1
5.02
10.06
20.1
10.02
10.08
10.06
5.06
5.02
5.02
5.06
10.0
5.04
25.06
5.02
10.08
25.1
5.02
15.06
15.12
73.82
15.08
10.04
53.26
30.28
25.1
15.06
25.08
10.1
41.2
20.06
5.04
10.06
5.06
10.06
5.1
20.14
10.1
15.04
5.04
5.04
25.08
20.04
10.08
5.02
48.58
39.42
5.02
15.04
10.08
25.12
10.02
10.1
15.12
5.04
30.08
10.08
15.04
10.04
20.06
50.8
10.06
5.06
5.08
279.0
5.06
5.04
10.1
15.12
152.1
25.12
15.1
25.08
5.06
15.12
152.08
5.04
15.04
5.04
15.04
15.0
5.02
15.02
10.06
5.08
10.04
5.04
5.04
10.08
15.08
20.12
141.92
10.08
5.04
10.04
25.08
30.04
29.88
5.0
5.08
10.1
10.04
5.1
149.94
5.06
25.08
256.0
109.42
5.06
20.1
201.46
30.12
15.1
25.06
5.02
10.06
10.04
10.04
5.04
5.1
20.06
20.1
5.04
25.08
20.1
15.12
62.12
5.06
152.0
30.14
10.02
20.1
5.08
5.06
15.04
10.04
10.08
15.04
15.02
10.02
20.1
10.1
20.06
5.1
20.1
5.1
15.1
10.06
15.1
20.06
5.02
15.06
20.1
5.04
5.02
20.04
15.06
10.1
25.98
15.06
48.02
10.02
10.08
10.1
158.6
15.02
10.04
10.0
15.04
10.0
5.34
5.0
10.08
5.06
20.08
15.08
20.06
20.08
20.08
15.0
15.06
5.06
15.08
10.04
15.08
5.04
5.04
10.1
10.04
25.06
5.08
15.12
20.1
60.82
20.12
37.06
5.02
20.14
5.04
10.06
25.12
20.06
15.08
5.06
20.08
10.04
5.02
5.04
25.06
5.04
133.54
10.06
15.1
10.02
5.06
15.08
30.12
20.12
15.1
20.1
5.04
10.04
15.16
10.1
15.1
20.08
20.04
5.04
5.02
30.1
10.1
25.08
20.08
15.1
232.38
20.1
10.08
15.06
15.02
20.06
30.06
284.02
20.04
5.04
10.04
5.06
20.08
15.08
5.04
5.02
25.06
5.02
25.12
34.42
51.88
5.02
10.08
76.74
10.08
25.06
152.02
10.04
15.08
30.08
25.76
152.08
20.06
147.06
137.02
15.04
10.02
5.06
10.06
5.04
5.04
5.08
15.08
5.02
15.02
10.08
10.08
5.04
15.08
5.02
10.08
20.08
15.06
20.08
10.08
5.02
220.08
15.04
41.88
5.02
20.06
19.66
110.7
5.06
10.04
25.04
5.02
5.02
15.08
15.06
10.06
5.02
10.06
11.72
241.38
10.06
141.88
10.08
10.08
40.92
25.12
10.08
5.04
5.06
5.06
5.04
5.06
20.1
20.08
5.06
25.1
5.02
10.02
62.84
5.04
5.06
15.08
10.04
15.12
5.06
93.86
25.08
25.1
5.06
10.04
5.04
5.06
20.08
10.08
15.04
10.08
15.02
5.06
5.04
15.08
20.08
20.08
5.1
15.12
10.04
10.08
25.04
20.1
152.02
5.04
10.06
5.04
228.32
142.06
60.74
25.12
10.02
10.02
156.94
217.56
25.08
15.02
5.08
15.08
10.06
156.98
5.02
10.08
10.04
10.1
5.06
198.34
10.08
25.04
25.08
20.04
25.12
5.06
25.12
15.08
15.1
10.1
10.1
28.64
15.12
15.48
5.04
5.02
142.12
5.06
5.1
10.06
25.08
15.04
10.1
25.1
5.02
5.06
5.06
5.04
5.06
125.26
5.04
25.08
5.06
25.12
5.04
15.06
15.02
15.06
5.1
10.1
15.08
20.14
5.1
10.08
5.06
5.08
5.06
15.08
49.12
137.04
35.12
161.78
25.1
15.06
15.02
5.02
10.06
5.06
10.02
5.06
5.1
15.1
5.06
5.1
20.14
20.1
5.06
25.1
10.04
5.08
10.06
5.06
5.12
25.12
10.12
5.04
25.14
5.08
5.08
5.02
28.76
5.04
5.12
271.5
5.04
10.06
5.06
25.06
10.1
152.0
20.12
5.06
15.04
15.12
5.06
10.04
5.02
152.08
5.02
5.02
5.08
15.06
15.06
38.84
25.86
96.16
5.04
146.92
136.98
5.06
5.04
5.02
15.06
5.04
20.1
25.1
5.1
5.04
10.04
25.06
15.06
20.08
15.1
20.08
5.06
5.06
5.1
146.92
5.04
15.02
20.08
15.1
5.04
141.94
156.14
5.02
5.02
15.08
5.02
15.1
10.04
5.02
10.02
5.06
25.14
10.04
5.08
10.06
20.08
20.1
10.06
10.08
5.02
278.98
15.1
281.82
147.06
274.14
5.02
57.98
10.02
35.12
5.02
5.06
10.04
5.08
15.1
5.1
20.1
25.06
10.04
15.06
5.06
15.1
5.0
20.12
157.08
10.08
5.0
5.02
15.04
20.1
5.06
25.12
15.08
5.1
136.96
5.04
5.08
15.04
15.12
5.0
5.06
5.06
40.68
5.06
15.02
30.12
20.06
10.1
10.06
5.06
20.06
5.06
20.06
10.12
21.76
15.04
5.04
10.1
5.04
20.04
5.08
10.08
27.76
5.02
10.1
25.04
5.04
10.08
5.08
5.06
15.06
5.02
5.06
20.08
5.04
5.0
10.0
20.1
5.08
10.08
27.42
5.08
15.08
5.06
5.02
10.06
15.08
59.38
142.0
10.08
5.04
15.08
142.0
10.06
147.06
5.06
5.06
10.04
20.04
15.06
15.1
10.04
15.12
10.06
5.08
10.04
15.06
15.08
10.1
147.06
10.04
15.06
25.06
5.06
5.16
15.04
5.02
5.02
15.08
10.06
15.08
10.02
15.06
10.04
15.12
53.62
32.52
21.68
28.84
20.06
78.8
133.46
15.1
147.02
10.08
15.1
312.7
512.54
5.04
5.1
5.06
15.06
15.12
20.14
5.06
25.12
10.0
10.04
15.04
5.04
5.02
20.06
5.02
5.04
84.22
39.84
5.1
114.74
5.08
10.06
5.04
5.06
5.04
20.12
15.04
10.12
157.04
15.06
10.04
156.96
139.68
5.02
5.1
5.02
156.96
20.1
20.1
10.04
5.04
15.12
10.04
10.08
5.04
21.4
196.28
137.02
5.08
20.06
5.08
5.12
25.08
15.1
10.08
5.06
147.02
141.96
5.06
15.72
146.94
5.06
147.0
137.0
15.02
5.08
158.02
5.06
114.32
5.08
5.04
5.08
10.04
5.04
5.06
5.04
5.04
5.04
151.96
251.94
5.02
10.06
96.9
5.04
5.06
100.48
5.08
10.04
20.1
10.08
35.1
10.06
5.04
20.08
10.08
42.1
5.08
5.02
5.04
25.1
25.1
15.12
5.02
25.08
5.14
35.1
20.06
10.06
10.04
5.02
10.04
6.78
10.04
5.04
25.08
80.56
5.08
20.06
136.94
25.12
5.06
15.04
15.12
5.0
20.08
5.06
5.0
54.48
15.04
118.86
10.1
20.1
25.14
20.06
5.08
137.04
15.06
5.08
25.08
10.08
93.72
117.6
5.04
15.1
52.48
5.06
5.02
5.04
10.08
5.06
20.06
5.08
5.06
15.08
5.06
5.04
10.04
10.04
20.08
10.08
5.02
5.1
5.04
151.12
5.04
390.44
25.08
25.1
5.04
152.08
10.12
15.1
10.02
5.02
15.12
5.06
5.0
15.1
15.06
5.06
96.34
152.16
20.1
15.1
157.04
5.06
15.1
83.84
15.1
25.06
10.1
5.06
5.06
15.04
10.1
5.02
20.02
5.08
20.04
10.04
20.12
10.04
15.06
5.08
244.82
15.06
15.08
5.02
5.02
10.06
25.12
10.04
10.04
40.12
5.04
5.08
5.1
5.08
20.08
10.08
5.02
121.6
10.02
10.04
10.06
20.06
10.08
20.04
10.06
5.06
5.02
295.28
91.96
10.06
391.9
5.08
151.94
5.02
93.72
10.1
5.06
30.38
22.72
5.06
5.06
5.0
20.08
167.12
5.06
5.04
5.02
5.06
5.06
10.08
147.06
15.08
157.0
10.06
5.04
142.02
5.04
5.08
20.1
15.1
15.1
25.08
10.1
5.06
5.0
15.1
10.08
10.04
20.06
5.1
5.16
10.02
15.98
15.06
25.06
20.08
5.02
153.62
25.12
15.22
15.06
20.08
20.14
20.06
10.08
109.26
25.08
10.06
20.12
44.26
147.0
15.08
136.92
5.02
5.02
20.08
15.02
15.02
5.04
29.16
93.8
71.86
174.82
15.1
35.1
15.08
10.06
20.12
142.2
5.04
20.08
10.04
7.0
10.06
37.42
130.12
273.8
22.86
147.06
137.06
20.02
111.5
15.08
15.08
5.02
133.6
15.1
25.08
15.1
157.02
142.02
5.08
15.0
5.06
5.06
25.1
10.06
5.08
25.08
137.04
10.08
5.02
15.08
10.08
5.04
147.02
5.06
5.02
5.06
15.06
10.04
20.1
10.08
15.08
25.1
5.02
5.06
10.06
25.08
10.02
25.12
10.04
25.1
15.08
15.04
15.08
20.08
20.12
10.04
5.08
15.04
20.12
181.24
5.04
15.04
5.06
16.4
10.02
15.08
364.5
136.92
418.18
5.04
5.1
5.02
5.06
10.02
48.44
5.02
5.02
10.02
15.02
5.02
15.1
5.02
5.08
5.04
5.04
15.02
5.1
5.04
127.46
137.02
25.1
137.14
25.06
10.04
84.84
10.04
25.08
5.06
10.06
5.08
35.12
32.8
23.54
5.04
10.0
141.9
5.02
5.14
15.08
112.84
15.04
10.08
38.12
10.08
5.02
5.02
15.04
5.08
20.08
10.02
10.04
10.02
5.02
5.06
10.04
10.06
15.08
5.06
15.08
10.02
10.12
25.08
5.06
15.04
15.06
5.08
136.98
30.12
5.06
10.04
15.08
5.02
5.02
5.02
146.92
5.06
15.02
15.06
137.0
147.1
15.04
10.06
5.04
15.08
10.04
5.06
10.08
25.14
20.1
30.1
25.08
10.12
20.12
5.04
5.02
5.04
15.04
137.0
5.08
142.0
20.12
20.04
10.06
20.08
5.04
99.44
5.04
10.1
10.04
31.56
15.06
100.38
15.08
5.04
10.04
5.14
184.12
29.32
10.1
22.78
5.0
20.1
15.04
10.02
5.02
143.26
157.06
15.06
15.06
5.02
5.02
20.02
10.06
10.08
5.06
15.06
20.06
20.04
136.98
15.04
5.08
5.04
118.94
5.02
20.12
10.06
26.26
10.02
10.06
136.94
147.02
5.08
15.12
25.1
5.06
25.14
5.06
10.06
48.08
5.02
15.04
51.2
5.1
136.56
20.08
10.08
5.04
10.06
20.1
5.06
5.02
15.04
10.08
5.06
10.06
15.08
20.12
10.06
33.36
15.06
10.06
5.1
5.14
15.04
5.04
123.08
15.02
5.0
15.08
10.06
20.06
5.04
15.08
15.02
5.06
25.1
5.1
10.08
25.12
15.04
151.96
15.08
30.06
5.06
25.06
5.04
10.08
25.06
10.04
5.06
5.06
25.16
15.06
20.06
256.88
5.06
5.06
10.06
5.02
15.04
5.08
20.1
11.78
25.08
52.36
5.02
15.02
15.06
20.04
15.06
181.06
15.06
5.04
5.0
5.06
25.08
25.06
15.1
5.12
5.06
20.06
20.08
10.04
5.08
167.08
137.02
5.04
5.12
5.06
5.08
5.06
20.02
20.12
5.04
5.06
15.02
15.06
142.04
20.08
10.06
15.04
20.16
5.08
15.1
5.1
15.1
13.84
15.04
60.84
5.04
5.06
15.12
17.58
6.9
5.06
25.1
15.06
5.02
5.02
107.04
157.04
93.18
20.04
151.92
125.04
15.08
136.92
147.02
15.12
5.02
5.1
5.04
10.04
10.1
15.1
5.06
10.08
5.08
10.08
10.0
5.06
34.12
10.02
35.1
5.1
20.12
10.04
5.02
5.16
10.04
5.06
15.06
5.06
5.04
15.1
10.1
10.0
5.06
5.02
15.06
15.08
10.08
5.06
15.08
30.14
10.06
15.04
5.04
152.06
5.04
152.02
20.12
10.08
20.08
5.02
5.02
20.06
5.06
15.08
137.06
142.12
136.94
10.1
30.06
20.08
15.28
93.22
5.08
15.1
147.02
85.66
10.06
141.98
5.08
5.02
5.06
5.06
10.06
5.06
20.1
10.06
5.0
10.06
25.12
15.04
134.28
20.04
20.08
5.04
25.86
5.02
152.02
10.04
15.02
137.04
5.04
10.08
141.62
45.46
5.1
10.06
25.08
20.06
10.06
5.04
55.96
10.06
5.02
25.08
5.1
10.06
152.04
147.06
20.12
38.46
5.04
10.02
20.04
142.04
15.08
5.04
10.08
5.06
5.02
20.04
146.96
15.04
133.44
157.0
25.1
20.06
10.06
23.56
15.06
5.04
5.14
20.06
5.02
5.08
5.02
5.06
5.08
167.08
5.04
15.08
10.1
5.04
30.1
116.36
55.42
20.04
115.5
5.06
25.02
20.06
5.06
5.08
15.06
5.06
5.08
136.9
147.02
15.02
10.02
524.82
20.12
5.08
5.02
5.02
5.1
111.9
10.1
10.02
5.1
20.18
15.04
20.0
5.04
10.06
5.02
10.08
5.08
5.04
5.04
15.04
20.08
10.02
5.1
25.12
15.06
5.04
15.04
15.1
15.06
15.06
5.08
15.06
5.04
15.06
5.06
20.1
5.04
10.04
69.54
10.08
5.06
5.04
5.04
20.06
5.1
20.06
5.06
147.02
142.0
5.02
20.06
15.1
5.0
10.04
157.08
10.04
146.9
5.04
5.08
5.1
146.94
15.06
15.04
15.1
15.04
10.06
10.04
10.06
15.08
20.06
5.04
10.06
10.08
10.06
10.08
234.74
10.02
5.06
147.02
10.04
25.08
25.1
41.16
10.06
20.08
25.08
10.02
5.1
5.08
39.44
135.38
10.04
5.06
20.06
5.04
5.04
25.04
151.98
136.98
5.08
10.04
15.02
10.08
5.0
25.1
15.08
15.1
25.1
20.06
5.02
56.56
5.12
5.06
5.02
5.04
147.0
20.06
10.06
10.06
10.06
10.02
15.12
20.06
15.1
15.06
5.06
10.04
20.06
10.02
15.1
20.04
10.06
5.02
10.04
10.06
10.04
20.04
10.0
20.08
33.86
15.08
5.06
5.04
36.14
5.0
288.86
288.94
5.08
5.04
82.22
5.06
5.04
102.88
5.06
10.04
15.08
5.02
5.08
26.12
15.02
10.1
5.06
90.44
25.12
5.1
10.06
30.1
15.06
15.04
15.1
25.1
5.06
10.06
5.08
137.04
5.06
5.02
5.08
10.04
7.9
61.9
10.02
5.02
15.04
10.06
5.02
20.08
10.08
5.08
5.08
152.04
137.1
5.06
10.1
10.04
5.02
121.08
121.56
10.04
5.04
162.04
10.04
5.04
125.1
5.0
5.0
25.08
20.08
20.06
10.04
15.04
15.1
10.02
10.1
5.04
25.1
5.1
15.06
15.02
5.06
5.06
15.02
5.08
5.06
20.06
10.06
5.04
30.1
60.62
15.1
20.12
15.1
5.08
10.06
25.06
5.06
10.08
33.78
67.0
58.92
22.34
5.08
5.04
10.04
152.02
5.02
5.04
20.12
175.92
217.98
139.72
5.02
5.04
20.12
5.0
5.06
136.92
5.04
88.4
20.08
15.1
5.04
119.82
5.08
5.0
5.04
5.02
5.08
15.08
15.08
5.04
10.02
20.14
25.1
10.06
10.08
10.08
15.06
15.08
5.04
5.06
10.06
15.04
20.08
10.06
137.02
105.22
147.06
10.1
20.06
135.9
15.02
108.8
20.14
20.06
10.06
20.12
9.74
79.6
136.98
25.12
15.08
5.8
15.06
30.12
20.1
20.1
147.14
15.08
10.06
5.02
10.08
152.12
136.94
137.08
157.04
10.04
5.06
157.1
5.06
5.06
5.04
136.94
10.04
15.06
5.08
10.1
5.04
15.1
10.08
5.06
35.18
15.06
20.08
10.04
5.06
136.98
5.1
5.0
152.02
102.9
10.04
20.1
5.04
25.1
5.02
15.1
20.06
20.08
10.06
10.08
15.1
25.14
5.04
152.14
5.04
152.12
15.06
5.04
138.86
5.02
152.06
25.1
10.06
30.1
20.06
5.02
10.06
25.1
15.08
5.02
10.04
10.28
10.08
10.08
25.1
5.04
20.06
5.12
15.08
10.06
5.1
15.16
5.06
15.06
137.08
15.02
135.08
5.02
20.06
10.1
5.12
25.06
20.1
15.06
5.06
20.06
147.0
5.04
10.08
5.04
15.06
322.68
10.02
25.06
289.08
137.16
5.06
20.1
35.12
5.08
52.32
10.02
30.06
10.06
10.02
15.08
20.08
10.04
278.46
5.06
5.04
5.02
15.08
10.14
20.14
5.08
5.06
5.02
5.08
10.0
5.04
174.9
5.06
15.04
20.1
10.04
20.06
5.06
5.04
10.08
5.1
5.02
5.02
15.1
5.08
10.08
5.06
5.08
5.06
5.1
10.04
5.06
10.06
5.06
5.02
5.06
10.04
30.14
20.08
25.08
151.94
15.04
69.92
15.1
179.9
211.22
8.34
15.08
15.06
5.08
15.04
20.02
105.48
5.02
5.04
5.04
25.08
15.04
5.08
10.04
5.06
10.04
10.02
21.2
25.04
20.06
5.04
15.12
15.1
10.08
10.02
10.04
20.02
10.08
10.08
15.1
5.08
5.04
20.1
189.76
10.02
5.02
10.1
5.02
10.02
5.04
5.04
15.06
51.32
10.1
30.12
5.06
105.22
15.08
25.06
161.36
10.0
159.46
184.14
64.78
628.7
5.04
25.1
142.06
151.92
5.26
5.08
5.06
111.86
10.04
30.1
5.04
20.02
15.06
25.12
5.06
15.08
15.08
10.08
15.04
296.86
15.04
15.04
20.08
5.02
25.04
5.04
5.08
5.04
157.08
152.04
32.46
5.02
137.06
5.0
15.04
120.2
5.08
10.08
5.08
25.14
10.12
137.04
10.06
5.04
5.04
15.1
5.02
25.06
5.08
142.06
137.08
10.06
5.06
5.08
5.04
5.02
15.06
78.96
152.08
10.02
138.58
5.02
15.52
5.06
5.02
15.12
5.06
25.06
20.08
15.08
20.92
29.8
10.02
10.06
10.06
10.0
141.98
15.02
5.0
25.12
20.04
5.04
10.04
58.14
15.06
25.9
157.0
142.08
20.1
10.1
136.92
152.02
152.1
44.66
23.58
5.04
5.08
10.04
15.06
56.46
25.1
5.06
5.02
10.08
15.06
15.12
10.1
15.06
10.12
15.08
10.04
30.1
57.28
5.04
5.04
20.12
5.08
15.08
5.04
5.0
5.08
10.04
25.1
10.06
5.1
5.22
15.12
20.06
15.08
25.06
5.06
5.02
10.06
25.1
15.04
10.06
5.06
10.04
15.04
30.08
10.02
5.08
10.04
50.96
10.04
136.94
10.08
20.06
25.1
20.08
15.02
5.08
15.08
41.76
15.1
10.08
5.02
136.94
10.06
5.06
10.04
5.06
10.06
5.04
15.1
10.06
136.98
15.06
20.06
10.02
10.06
147.04
20.12
5.1
5.02
5.08
5.08
539.72
557.96
10.06
5.04
15.12
10.04
20.06
5.1
15.08
10.06
25.12
25.12
5.04
10.02
5.06
15.08
5.08
20.08
15.06
5.04
46.46
20.04
20.06
10.02
5.04
5.06
10.06
30.1
10.06
15.04
25.06
5.02
136.94
38.44
37.82
147.1
142.02
5.02
5.08
136.96
5.02
10.02
15.08
126.7
20.06
5.0
284.08
5.0
35.12
157.12
278.96
15.1
10.04
15.06
21.14
25.12
147.1
10.04
5.1
15.06
157.12
15.06
20.04
15.1
25.08
15.04
10.08
10.08
15.06
10.08
10.04
15.08
142.0
146.98
15.08
5.0
5.06
5.1
10.04
5.06
15.06
5.1
20.06
10.04
5.04
15.02
15.1
20.1
5.04
10.08
10.1
10.02
5.08
5.04
10.08
25.1
15.04
5.02
25.08
15.04
5.06
20.1
147.02
25.02
10.04
17.14
5.12
152.04
5.1
15.04
10.06
5.02
10.06
147.0
5.06
15.12
5.02
20.0
5.08
5.04
5.08
15.12
5.04
10.1
25.1
20.08
10.04
10.0
25.06
25.1
5.12
10.06
38.88
10.08
89.94
115.56
5.04
15.1
151.74
10.02
5.06
15.08
30.06
5.04
25.08
39.96
10.04
44.98
20.04
15.14
5.04
15.08
20.1
5.0
5.02
15.06
5.04
5.08
5.06
15.08
147.04
141.96
15.02
5.1
10.02
136.42
224.04
52.04
10.08
5.04
5.04
5.04
15.02
10.1
5.1
30.14
5.04
15.04
20.08
15.02
10.06
142.04
15.06
20.08
5.08
20.06
5.02
5.04
5.04
50.56
15.14
5.04
10.02
15.1
5.04
5.04
15.1
15.04
5.04
5.04
5.06
15.0
20.04
10.08
10.1
20.08
30.1
137.12
20.1
10.06
10.08
5.04
5.02
36.22
167.08
244.26
5.08
15.08
5.04
60.86
20.08
5.08
15.08
20.08
15.06
5.02
25.06
5.06
5.08
15.08
15.06
20.12
20.06
5.04
5.08
15.12
5.06
15.06
5.0
15.12
15.06
5.06
5.08
10.06
20.06
5.08
25.1
20.1
5.0
5.02
5.02
15.08
15.06
37.48
50.88
5.02
35.1
10.06
10.04
142.08
5.0
137.02
10.06
10.04
13.26
5.06
32.38
10.06
5.04
5.02
5.06
20.06
15.06
16.62
30.1
15.08
140.86
5.08
25.98
5.0
5.06
166.98
10.02
78.84
5.02
10.12
8.86
5.1
20.08
10.04
5.08
10.06
25.14
5.08
5.06
10.04
10.04
31.18
15.08
5.02
153.6
136.84
5.06
15.1
5.06
5.08
10.04
10.04
5.08
15.06
10.08
5.06
10.04
15.06
10.06
5.04
25.02
5.08
5.06
5.04
5.1
15.06
5.04
10.04
10.08
5.06
5.02
104.82
30.14
5.04
5.02
5.06
25.12
5.12
20.08
15.06
15.1
5.04
148.02
151.98
30.04
151.98
5.02
15.1
5.08
15.1
10.1
5.06
20.08
5.04
25.12
20.04
5.04
77.96
20.08
512.86
152.18
142.1
10.02
20.08
137.0
5.0
133.44
15.04
15.04
133.9
10.04
283.98
136.82
136.9
136.7
10.06
10.04
151.4
20.08
15.06
5.08
15.06
15.04
15.06
15.08
10.08
20.04
10.06
15.08
5.0
5.04
5.02
10.08
20.06
15.08
20.06
5.02
15.04
10.1
25.08
15.04
15.1
15.04
25.14
15.02
15.02
5.06
5.04
15.08
112.84
15.1
10.06
25.1
142.02
15.02
25.06
5.02
69.22
10.04
10.06
5.06
25.06
10.04
157.02
5.04
137.0
137.04
108.64
5.06
5.02
5.06
10.06
66.82
20.12
302.9
116.02
25.08
10.1
5.06
158.96
137.04
5.08
5.04
15.06
35.16
5.04
5.08
5.0
10.04
20.1
5.08
10.04
5.06
15.08
5.02
5.06
25.12
10.1
6.68
15.04
5.06
5.02
5.04
25.08
25.08
5.08
15.1
20.02
5.06
10.08
10.1
10.1
10.02
15.08
5.02
5.04
142.0
5.0
10.04
152.02
5.04
5.04
10.08
15.06
5.02
5.06
5.04
20.06
5.04
10.08
42.64
15.06
5.04
5.18
20.08
10.02
15.06
15.08
20.12
15.04
5.06
5.06
10.08
29.94
146.94
5.02
10.02
5.04
15.1
146.94
147.0
15.08
5.04
25.1
15.08
25.12
5.08
15.12
519.32
54.96
10.06
20.08
5.1
5.0
20.04
5.08
52.46
5.04
5.0
20.06
15.04
20.1
5.04
5.08
10.06
137.06
10.06
5.02
5.06
5.02
10.04
25.06
10.04
5.12
10.02
30.08
10.04
118.9
5.04
15.06
25.1
5.08
5.08
67.32
5.08
30.08
5.02
25.08
5.08
10.04
25.12
15.04
5.04
289.08
10.06
129.78
5.08
5.04
5.1
30.12
116.5
5.08
5.08
10.1
5.08
192.12
15.08
5.02
15.1
15.08
10.04
5.02
10.08
5.04
10.12
5.04
15.02
5.02
10.1
10.06
415.92
5.06
10.08
5.12
20.08
5.04
10.06
5.0
5.04
15.12
5.06
147.02
37.54
5.04
10.04
20.12
5.06
147.12
10.06
137.1
5.0
10.02
5.08
63.74
265.72
361.08
5.02
15.12
5.04
5.06
5.06
20.02
15.1
20.1
5.02
114.92
15.0
196.2
15.06
5.04
20.04
20.06
10.06
5.08
5.04
20.02
43.14
15.08
25.94
30.1
25.08
142.08
15.06
10.06
5.04
20.1
15.08
116.26
5.06
25.12
10.12
10.12
5.06
5.1
20.12
15.1
10.06
10.0
15.06
5.04
15.08
20.06
15.08
15.06
20.1
146.92
136.94
136.98
15.14
5.1
10.1
136.98
5.08
25.12
157.02
20.1
10.02
15.12
43.24
20.06
5.04
20.12
274.0
269.68
152.22
10.04
136.76
10.02
5.04
20.12
117.4
10.1
20.06
10.02
15.04
15.0
25.06
5.06
25.12
10.08
5.08
20.1
5.1
10.04
20.06
10.04
136.84
15.04
15.06
25.08
20.08
15.02
10.04
10.08
164.42
10.1
5.02
137.06
5.02
10.06
5.02
5.04
5.04
10.06
157.04
20.06
15.08
47.06
5.08
5.04
20.08
64.48
5.06
10.04
5.04
15.08
5.04
5.04
15.1
15.04
15.06
5.02
5.06
10.06
30.1
195.02
15.06
15.06
5.06
5.04
17.92
5.06
10.06
10.02
10.08
141.96
59.74
48.46
10.06
137.02
15.06
20.14
5.02
20.12
15.08
10.04
137.04
5.04
8.98
146.98
35.1
5.02
30.08
5.0
147.06
5.06
15.06
20.06
15.08
10.04
5.08
5.08
5.06
15.1
5.06
20.1
15.04
15.1
5.0
5.08
25.06
25.04
15.06
11.42
10.02
20.08
157.0
10.06
15.1
15.1
11.72
142.32
20.08
5.06
40.36
10.06
162.14
15.0
5.04
10.04
5.04
10.02
10.06
10.06
10.04
10.04
15.06
144.94
20.1
15.06
15.06
5.06
20.08
15.04
10.06
15.04
5.02
25.08
77.96
100.78
5.04
15.04
10.06
5.04
5.02
10.08
31.04
15.06
10.04
5.0
10.08
136.96
15.06
5.0
20.1
25.1
5.04
15.04
151.98
185.04
5.06
20.12
10.06
15.04
10.02
5.08
15.08
157.04
30.74
5.12
301.78
102.64
10.04
5.0
165.3
5.04
5.04
5.02
15.1
147.04
20.1
5.06
15.06
5.02
142.02
20.08
15.14
5.1
166.86
157.02
15.08
5.02
25.14
5.06
10.0
5.04
152.0
5.08
112.64
5.06
5.02
152.14
10.06
5.04
10.04
5.04
137.0
20.08
5.08
26.78
20.06
25.1
5.04
5.08
20.12
5.04
5.04
43.06
15.08
8.84
5.08
5.04
10.02
5.04
15.04
20.08
5.0
157.12
25.06
10.06
15.08
10.06
15.08
5.06
10.08
20.14
20.1
20.1
10.08
20.06
10.04
5.1
15.04
10.1
5.08
10.04
25.06
5.06
10.06
10.08
5.06
5.04
15.08
30.12
57.28
5.02
136.92
20.08
26.98
10.12
257.44
30.12
20.06
5.02
5.06
20.14
20.08
20.08
48.46
15.1
10.0
78.54
5.08
20.04
5.08
5.04
20.12
10.08
25.06
15.02
5.02
10.1
5.06
5.04
20.1
5.02
10.02
38.92
136.94
10.08
15.06
10.04
5.08
5.04
15.06
137.04
136.98
129.88
151.96
20.1
10.06
25.14
5.06
5.04
15.06
25.06
20.12
5.06
15.12
411.06
15.02
15.06
5.06
5.04
15.06
15.06
10.06
10.02
10.08
113.58
158.42
152.0
5.04
5.02
10.02
20.12
147.08
5.06
15.1
5.06
15.06
5.0
20.1
5.02
5.02
5.08
5.04
25.12
5.04
5.02
5.06
5.1
48.44
5.04
5.04
142.02
106.3
10.02
20.08
20.08
5.02
20.12
10.1
15.04
5.04
5.02
20.08
167.14
137.0
147.1
10.04
147.08
137.02
15.06
5.04
10.06
5.08
10.1
15.1
5.02
5.06
10.04
10.06
5.06
25.0
5.12
15.12
15.04
15.04
5.08
5.02
25.1
15.06
19.08
5.02
20.08
30.08
15.06
5.08
10.02
10.08
10.08
174.06
10.06
5.02
5.04
5.08
10.06
10.08
15.06
20.08
10.1
5.1
30.1
109.92
5.02
5.04
10.08
5.02
147.04
146.94
20.1
10.04
142.04
10.0
75.42
5.04
28.06
25.14
5.04
15.1
10.06
5.04
5.06
5.04
15.1
5.02
5.06
5.06
5.06
146.94
25.1
147.08
10.02
5.02
5.0
5.04
15.04
5.04
10.06
5.0
10.06
20.08
15.12
25.06
10.08
25.08
20.08
8.86
5.1
10.04
10.04
10.06
5.02
5.08
20.08
5.04
5.06
34.8
77.76
5.16
5.06
15.06
45.32
10.06
15.06
20.08
10.08
5.06
10.08
5.04
258.72
274.06
31.4
5.06
11.58
142.1
5.02
5.04
25.14
20.06
10.04
151.98
5.02
10.1
10.04
40.14
15.04
25.06
5.1
5.04
5.06
15.0
25.94
5.1
15.1
152.0
15.04
96.54
5.04
10.06
5.04
5.02
146.92
152.02
5.04
14.54
15.04
141.98
25.08
5.16
5.06
90.24
15.04
141.94
15.04
20.08
152.06
15.08
137.06
137.12
10.04
10.08
15.06
10.04
134.28
302.86
5.08
20.04
44.22
5.08
137.08
10.02
5.04
5.08
10.08
15.06
25.12
20.08
25.08
19.22
15.06
15.12
5.08
15.08
15.06
15.1
5.02
5.0
5.04
10.06
15.06
5.0
11.82
10.12
5.02
10.08
10.06
5.06
20.12
20.06
5.04
25.1
5.06
10.04
5.02
5.06
5.06
15.04
15.08
52.18
15.1
15.08
10.06
5.06
10.1
5.04
10.06
15.04
162.06
10.06
28.76
5.08
20.04
10.1
5.04
15.1
128.44
5.16
10.06
10.06
5.02
10.08
20.08
43.02
15.04
137.0
5.04
10.08
52.04
141.96
15.04
230.22
5.08
5.06
15.06
25.08
16.08
5.04
5.04
10.1
10.02
15.12
10.08
32.6
52.54
15.1
5.04
147.04
20.06
15.1
20.1
20.04
5.06
5.06
15.02
5.02
15.06
5.04
5.02
273.84
15.1
15.06
5.06
15.12
137.02
10.12
10.08
5.08
5.08
10.06
15.06
20.08
10.0
25.06
5.04
5.1
25.1
5.06
15.1
15.06
15.06
20.04
20.08
5.04
15.08
18.9
15.06
10.06
152.06
20.06
20.06
5.06
20.1
25.08
30.56
5.06
5.04
5.04
5.08
20.06
48.96
15.08
5.02
5.02
10.0
10.06
10.0
10.02
15.08
10.04
15.06
20.06
10.12
5.06
5.06
10.08
10.04
5.06
20.06
10.02
5.08
20.06
5.02
141.9
5.08
152.02
25.06
15.12
21.74
34.34
15.1
142.1
142.14
127.92
15.1
15.04
15.08
5.06
5.02
5.06
10.04
15.02
15.12
5.04
10.08
10.08
151.96
146.96
20.06
10.08
113.98
5.06
5.08
15.06
20.08
10.1
5.02
10.04
5.06
10.1
20.06
15.14
5.04
5.06
15.02
5.02
20.12
30.12
10.08
10.1
72.66
25.08
25.04
10.08
5.04
10.06
5.06
5.02
157.08
5.0
10.06
20.08
10.04
5.06
5.06
5.02
5.12
15.1
10.08
10.1
20.06
30.72
142.06
152.12
25.08
74.26
15.06
83.7
5.08
5.04
15.02
10.08
5.02
10.06
15.04
20.06
195.74
5.02
142.12
5.02
5.04
118.82
35.12
5.14
5.04
46.84
10.1
10.02
34.06
15.06
142.04
5.04
10.02
5.02
20.12
25.14
5.02
5.04
5.04
5.04
15.08
20.06
124.36
15.06
15.06
5.04
5.02
20.04
25.08
10.04
5.04
15.12
20.12
141.92
5.02
20.1
25.06
5.02
15.04
20.04
10.0
10.06
20.06
15.06
20.06
50.78
5.04
25.12
35.12
15.04
68.92
5.08
5.04
5.02
10.0
5.04
5.08
26.8
31.68
53.46
137.06
15.06
5.06
15.06
142.06
146.98
56.14
129.92
5.06
71.72
52.8
5.1
15.06
15.06
15.08
146.94
10.06
20.1
5.08
10.08
10.04
5.0
131.44
129.14
10.02
5.04
20.06
15.1
415.9
5.06
10.04
5.0
5.04
87.6
10.06
142.06
20.1
10.08
25.06
15.06
14.16
5.06
10.1
5.04
10.06
33.68
152.02
10.02
5.06
25.12
25.34
5.06
10.04
10.04
10.0
10.1
25.1
5.06
5.04
5.1
5.08
5.02
20.0
15.12
80.22
15.06
15.04
15.02
10.0
10.06
10.04
10.14
5.06
5.04
137.14
15.06
20.06
35.56
5.04
99.76
5.02
25.06
20.1
10.08
20.08
31.0
25.12
20.06
30.1
20.12
283.94
5.02
147.1
25.1
20.06
10.02
5.08
55.1
5.06
5.06
20.12
5.0
5.08
10.06
5.04
5.06
20.1
5.08
15.08
5.02
30.14
15.06
10.04
157.1
10.02
5.06
21.12
15.08
13.68
90.36
20.08
25.06
10.06
20.06
5.04
15.08
5.06
10.12
30.12
20.1
5.04
10.08
146.86
15.2
20.08
10.04
5.04
5.02
15.04
20.02
10.04
15.06
25.12
15.04
518.84
10.08
5.06
10.08
10.08
137.04
10.04
15.1
137.04
5.04
25.12
20.06
5.08
25.1
279.0
5.0
5.06
10.06
20.1
5.02
5.02
10.06
10.1
5.0
10.12
15.06
5.04
10.02
5.1
74.2
15.08
10.1
15.0
5.08
33.0
5.06
5.04
10.08
20.08
156.9
25.06
137.04
15.06
10.1
15.14
5.06
20.06
10.08
15.08
5.12
10.04
168.14
15.12
10.06
20.16
20.1
5.08
80.56
160.7
15.08
5.0
269.44
25.12
15.1
10.06
20.08
20.16
10.12
5.08
20.12
15.06
5.02
10.06
15.1
5.06
20.08
15.08
5.1
10.04
20.06
10.04
10.04
15.04
147.06
25.06
27.56
25.12
229.28
141.98
20.14
97.9
5.04
15.1
15.02
5.02
20.1
10.04
20.06
15.04
10.04
5.06
15.06
13.38
5.08
5.06
15.1
5.02
25.06
20.14
15.08
5.06
10.06
5.06
15.0
5.04
15.1
15.06
147.02
5.04
5.06
13.7
15.08
20.04
25.08
5.06
5.02
10.06
15.08
5.04
20.1
5.06
5.04
15.06
166.9
186.22
5.06
5.02
5.08
88.76
20.08
15.06
5.06
15.12
10.04
10.06
229.02
80.96
10.1
153.06
35.12
10.0
67.52
5.02
10.08
10.06
15.12
141.9
5.04
5.04
20.02
5.02
15.02
5.04
10.12
5.06
10.06
10.04
10.1
33.54
10.08
5.04
10.02
25.1
15.08
5.04
5.06
10.04
10.12
10.08
15.1
10.04
20.14
5.06
10.02
20.1
15.06
5.02
10.1
15.04
25.1
15.06
20.08
25.02
5.04
15.1
5.02
5.06
15.08
15.06
15.06
5.0
10.04
20.08
5.02
5.02
5.02
5.12
10.06
5.02
5.04
41.22
25.14
15.08
10.04
5.02
156.94
5.08
5.06
5.02
15.04
5.08
25.08
152.06
20.06
10.1
152.04
15.08
142.0
142.06
10.06
5.08
5.08
43.36
5.04
20.08
20.06
5.08
5.06
10.12
10.08
25.12
5.06
15.0
5.06
10.02
20.08
15.08
10.04
5.1
25.08
273.58
20.1
25.1
278.94
137.04
5.08
20.06
5.04
15.08
10.06
15.08
10.1
25.08
5.0
10.04
20.08
270.82
5.08
10.08
130.6
5.04
195.16
10.06
39.2
5.08
5.06
25.1
20.08
127.12
151.92
10.02
20.1
10.06
151.9
15.14
5.08
20.06
5.06
5.04
15.14
5.04
5.04
20.12
15.06
5.0
121.84
149.24
15.1
20.08
15.12
5.08
15.06
25.12
25.08
5.02
15.08
15.02
5.02
5.02
15.02
20.04
15.08
5.08
34.42
10.04
5.06
75.76
15.04
152.02
10.08
5.06
15.06
20.12
137.04
25.12
10.02
5.06
10.1
5.02
10.04
5.1
5.08
10.08
49.78
75.8
10.1
5.1
20.1
15.12
20.1
5.04
5.04
79.36
5.1
10.04
25.06
5.06
10.08
5.02
10.06
20.04
66.92
10.1
20.1
10.08
5.04
15.1
57.78
25.06
5.06
148.5
5.04
157.1
410.98
5.0
5.02
5.04
20.08
5.08
5.04
5.02
20.12
87.2
10.08
20.08
5.04
10.04
46.88
5.08
146.3
10.08
27.44
34.1
15.08
10.06
10.02
10.06
5.04
5.08
10.1
157.14
10.06
15.06
15.08
230.04
15.02
20.04
5.02
58.4
20.04
20.1
10.08
5.02
5.06
10.04
5.06
15.04
20.1
5.02
20.06
5.0
20.1
5.06
20.04
10.1
449.3
5.06
5.02
10.08
92.28
129.14
10.06
15.06
5.02
10.06
10.06
5.08
10.08
15.2
33.18
46.1
5.08
5.02
20.08
15.06
15.08
5.06
25.1
15.06
25.02
10.02
10.06
25.08
10.06
5.08
5.04
10.04
5.06
5.06
5.02
5.0
10.1
10.04
5.04
5.04
10.12
15.06
10.08
5.04
10.02
25.02
15.02
25.1
5.08
20.08
5.06
10.02
20.06
10.02
5.06
15.02
20.04
20.1
10.06
10.06
15.1
15.06
10.08
20.04
5.04
20.08
5.02
5.08
15.12
10.0
25.04
10.06
15.08
20.08
10.08
5.08
36.74
25.08
5.06
20.12
5.0
137.0
20.1
5.04
20.1
20.08
15.1
5.04
20.06
5.04
5.06
15.08
25.12
20.06
5.08
5.04
15.04
25.06
15.0
5.1
10.06
20.12
5.04
5.06
10.06
89.04
49.54
5.02
15.1
10.08
25.12
137.02
137.04
15.12
10.06
5.04
20.06
15.08
25.1
20.08
15.08
25.1
5.08
5.06
141.98
142.06
15.06
10.14
5.1
137.0
15.04
122.34
15.02
20.06
15.06
5.02
5.04
15.08
20.12
15.06
142.06
15.12
10.08
25.08
15.04
25.1
136.96
15.04
304.92
15.1
142.04
147.04
5.08
136.96
74.76
30.02
10.06
10.16
20.06
20.1
10.06
5.04
20.1
10.04
5.06
151.96
15.04
15.1
5.02
25.1
5.02
10.12
10.04
15.04
5.06
10.06
168.4
10.06
15.08
25.1
10.04
25.06
32.72
5.08
25.1
5.08
5.06
5.06
274.06
10.04
15.0
10.06
260.32
20.08
217.74
15.08
149.72
5.06
10.08
5.04
5.06
5.02
5.06
10.06
151.78
156.98
146.96
20.1
137.02
10.08
15.0
10.08
5.04
5.06
159.3
5.06
5.04
15.02
5.0
5.02
10.08
5.04
15.1
15.02
30.1
11.68
25.1
5.08
10.06
5.02
10.02
5.04
10.04
20.04
10.08
5.04
20.08
79.28
147.08
5.0
15.08
20.06
147.06
5.04
10.04
26.0
20.06
15.14
20.1
20.08
20.14
31.16
118.6
5.04
10.04
5.02
5.02
5.04
10.06
20.1
20.06
5.04
20.06
20.08
10.02
25.08
5.06
10.02
10.1
10.1
5.08
15.04
5.06
10.08
5.06
10.06
10.08
26.26
20.04
5.06
157.26
162.0
137.08
5.06
5.02
261.82
5.02
15.06
15.1
15.1
15.06
5.06
15.1
5.06
142.04
25.1
5.06
25.06
20.04
5.04
5.06
5.02
242.88
66.2
25.08
15.1
5.02
5.1
10.06
256.24
10.02
10.08
20.06
5.06
34.68
5.08
20.12
10.04
28.64
5.06
5.04
25.06
15.08
70.32
25.06
263.02
25.08
63.68
15.08
20.08
5.04
5.06
5.04
5.04
5.04
25.1
10.1
10.04
5.04
20.06
20.1
28.3
20.08
25.08
5.04
15.06
15.08
5.04
5.0
5.04
20.08
5.02
10.1
5.02
10.04
5.06
15.06
289.1
136.88
10.1
20.14
20.04
5.04
15.1
10.02
5.04
15.06
5.02
147.08
5.04
157.12
20.08
10.1
5.08
20.04
15.04
5.02
10.1
18.8
15.04
5.06
69.28
20.1
235.82
5.08
136.96
20.1
10.0
10.06
10.0
5.0
5.02
10.02
20.06
5.02
5.02
5.02
10.04
20.12
5.04
10.08
10.02
25.1
5.0
5.08
20.06
10.1
15.08
15.1
20.1
20.06
5.08
10.06
10.04
15.1
10.06
5.04
10.06
30.12
15.08
10.1
15.06
10.06
80.7
10.02
20.08
25.12
147.02
5.08
5.04
10.06
5.02
15.08
10.06
20.08
20.06
15.08
20.08
15.1
5.08
20.06
15.04
5.06
25.04
10.02
5.04
10.08
5.06
10.04
20.04
25.08
10.08
5.02
10.06
5.06
25.1
5.92
5.0
15.08
5.06
5.04
5.08
15.08
72.84
5.06
76.72
142.02
126.82
5.0
20.08
5.06
37.66
5.02
15.08
15.12
5.06
20.08
15.08
25.04
15.04
15.12
15.06
25.08
30.7
15.14
152.08
5.0
69.58
66.0
5.04
10.1
35.12
10.08
10.02
5.1
5.1
10.06
10.06
15.0
10.16
5.06
20.02
5.02
5.02
55.56
15.1
10.04
15.08
5.02
15.08
5.04
20.08
5.02
5.06
21.14
41.14
20.1
10.38
10.08
5.0
136.94
20.08
15.08
5.06
15.04
25.12
15.08
20.08
5.0
5.06
20.1
5.08
5.0
25.14
5.02
29.24
97.44
30.12
10.04
162.08
10.02
558.06
10.08
152.04
5.02
64.66
20.06
5.08
35.16
105.76
5.02
20.14
15.04
20.06
138.72
26.54
20.08
15.06
10.04
5.04
5.06
108.62
25.04
5.06
10.08
20.06
26.72
5.06
10.02
15.14
5.04
10.06
10.12
15.02
15.04
20.08
5.02
15.1
15.1
5.04
10.06
5.0
15.06
25.1
5.0
15.06
10.02
25.1
5.04
10.0
10.04
5.02
5.06
10.06
5.06
5.1
10.1
15.06
10.06
10.04
141.98
10.02
15.06
10.16
10.04
5.04
30.12
5.04
15.06
10.06
10.02
136.94
5.08
15.04
5.08
30.16
5.06
5.04
30.08
5.0
15.06
5.04
10.1
5.0
142.04
10.1
45.48
10.02
10.1
25.06
15.04
20.08
5.06
20.04
10.04
25.06
20.08
20.06
15.06
10.1
25.08
10.06
15.06
135.86
5.02
20.06
5.08
25.12
21.36
147.08
15.04
5.06
25.06
15.02
20.04
5.02
10.06
5.06
20.04
5.04
20.02
5.02
101.76
10.08
5.0
5.06
10.02
10.04
25.14
20.08
5.08
20.04
5.04
5.08
10.04
10.04
5.04
15.06
20.06
5.02
10.08
15.12
5.04
15.0
44.7
10.08
5.04
158.78
18.46
187.3
5.04
15.12
10.08
15.1
146.94
20.08
5.0
10.06
5.08
15.08
5.08
5.02
156.5
147.0
10.08
375.9
15.04
5.06
5.04
10.04
147.1
15.06
10.04
15.06
69.24
15.06
5.04
245.06
10.06
15.06
5.08
15.08
20.12
5.04
240.76
278.92
25.12
253.62
152.06
15.02
10.08
15.08
5.06
20.12
5.08
116.24
111.22
33.26
10.08
5.04
20.06
20.08
38.28
5.08
146.72
142.02
5.04
135.08
147.12
125.86
60.34
5.04
5.06
20.1
5.06
5.08
15.08
5.02
10.04
25.08
34.88
15.04
15.06
10.06
5.04
15.08
16.02
25.1
15.08
137.1
126.64
5.02
5.04
137.0
15.08
15.1
5.02
10.08
20.1
5.04
5.06
10.08
5.04
5.1
5.08
10.1
15.0
5.02
239.32
142.02
15.06
5.04
30.12
5.04
25.1
20.1
5.08
5.04
5.02
121.64
20.06
10.02
5.08
20.1
15.06
15.08
20.18
20.02
10.12
25.06
10.08
275.3
20.08
37.56
15.1
15.04
120.34
20.12
15.06
20.08
147.04
167.1
5.0
10.06
20.12
5.08
15.04
5.02
10.04
15.04
20.1
142.06
20.04
5.06
10.04
5.02
25.12
20.1
5.04
10.08
25.1
20.08
15.06
15.06
27.1
31.5
10.06
146.96
10.08
146.9
5.06
20.06
10.06
5.06
10.04
10.06
5.06
5.04
15.02
20.08
5.0
5.08
20.1
10.04
15.04
15.08
25.1
10.1
5.02
15.06
15.06
5.02
20.04
5.06
5.08
15.08
25.12
5.04
10.06
10.08
15.08
10.04
10.08
5.02
10.04
15.06
20.04
20.1
10.02
10.12
5.1
5.06
5.12
30.14
152.0
5.04
10.08
20.06
5.04
20.08
5.08
12.18
86.34
35.14
5.06
5.04
28.04
15.08
74.64
10.02
5.02
5.04
5.02
15.02
5.06
15.1
20.06
25.08
55.98
24.06
5.1
5.0
115.82
5.12
10.06
15.08
156.94
25.14
207.46
15.04
157.16
15.08
5.06
20.02
25.08
30.12
10.1
5.02
15.08
27.02
5.04
25.12
5.04
5.02
5.02
5.04
20.12
10.08
5.08
13.44
15.06
10.1
25.04
20.04
5.12
10.08
15.1
5.08
20.06
5.02
10.02
15.0
25.1
5.04
5.04
10.06
5.08
5.0
10.14
7.16
20.98
15.08
5.06
10.08
15.06
5.04
54.16
137.02
15.1
10.06
35.1
15.1
152.02
112.78
10.04
10.04
5.04
10.02
5.12
15.08
15.1
15.06
21.94
25.08
84.36
20.1
15.12
5.04
100.68
25.06
26.06
15.08
10.0
15.02
5.06
15.08
20.1
10.1
15.12
15.08
85.22
5.06
15.08
5.08
5.06
321.36
5.0
26.78
10.02
5.02
32.56
306.7
15.1
5.06
15.08
25.08
20.08
10.04
5.0
20.12
10.04
20.08
20.06
5.04
246.56
10.06
93.38
5.06
5.06
15.04
104.52
10.04
20.12
5.02
15.1
20.1
10.08
5.06
10.06
15.1
5.08
10.04
15.06
10.02
25.1
109.58
15.08
137.02
5.08
10.04
5.04
151.92
28.38
136.92
10.04
15.32
15.08
25.1
5.04
15.08
136.92
5.06
15.08
5.04
25.12
10.06
10.14
15.08
5.06
5.08
20.04
5.12
5.0
10.06
15.08
5.04
20.08
15.04
5.12
15.12
10.0
157.06
152.06
20.1
5.0
5.08
25.1
20.08
10.08
10.06
10.02
25.1
5.08
30.1
10.14
5.04
239.64
5.0
5.02
5.0
141.96
32.5
20.04
20.06
10.04
5.04
10.02
25.08
15.1
5.08
84.26
5.04
5.04
21.44
15.04
5.04
5.04
10.08
22.4
5.0
20.08
5.08
5.1
10.08
89.84
5.04
10.12
25.1
163.92
147.02
96.32
20.06
20.18
20.08
5.02
136.98
147.02
15.08
5.0
20.06
15.06
5.12
15.06
10.02
15.06
5.06
10.08
15.08
56.36
10.06
5.06
49.26
5.04
151.96
5.0
10.06
15.08
147.04
15.02
20.06
15.06
79.62
157.88
20.1
111.84
35.14
10.08
20.08
5.06
5.0
10.0
10.0
15.1
25.14
15.06
20.04
141.32
5.0
5.06
20.12
51.58
5.06
10.04
10.04
5.04
284.06
10.04
15.06
20.16
25.1
15.1
15.06
5.12
15.12
23.92
5.04
5.08
15.06
15.14
20.08
15.14
15.08
137.06
27.02
5.02
25.12
5.06
5.06
15.06
25.12
5.08
5.04
15.04
5.06
10.12
152.04
20.1
10.06
10.08
15.0
151.96
10.06
5.04
15.08
16.52
10.08
25.06
20.14
5.02
15.08
15.1
15.08
5.02
279.18
5.12
20.04
147.08
5.04
5.04
167.02
15.02
25.12
5.1
5.02
127.96
15.08
136.92
15.08
10.08
15.02
25.08
25.12
15.04
25.06
15.08
10.06
20.06
5.08
46.42
10.06
15.04
5.02
15.08
5.08
25.1
25.12
20.1
33.14
5.08
25.06
25.06
15.0
15.1
10.08
5.04
10.04
5.02
5.06
10.1
10.02
5.1
52.2
10.08
5.06
152.0
10.02
30.04
15.06
10.12
5.06
172.02
5.04
10.08
157.96
10.06
15.06
142.06
147.02
16.08
151.94
152.08
5.06
25.12
5.06
15.04
5.0
20.08
15.06
152.08
5.02
5.02
10.12
25.1
5.08
5.04
5.02
5.04
15.06
5.0
5.04
5.04
5.14
5.02
25.14
5.02
10.08
10.08
10.12
15.08
5.04
289.08
20.1
10.0
10.06
5.06
5.02
5.04
10.1
25.1
15.08
15.08
15.1
5.0
142.06
25.1
10.08
5.04
10.1
20.06
5.04
20.12
10.02
10.04
5.06
78.7
10.08
20.12
5.08
25.06
15.02
15.06
10.08
10.04
71.02
136.96
5.02
5.08
5.08
10.04
5.06
20.02
10.1
15.04
20.08
15.12
5.02
10.08
5.06
120.44
5.06
10.06
15.08
15.12
30.08
5.06
5.06
136.88
15.08
10.08
15.1
18.98
35.1
5.04
5.1
5.02
25.14
10.1
15.08
5.04
30.08
5.02
10.06
15.06
5.04
5.06
5.02
152.1
10.04
10.04
5.06
111.74
15.1
5.04
10.04
25.06
5.06
5.02
5.1
31.78
96.86
5.06
5.06
15.1
5.06
10.1
5.02
5.08
10.02
283.94
5.1
201.28
78.44
5.02
19.04
15.04
15.04
60.12
20.1
46.0
219.18
15.04
5.04
10.06
91.56
20.04
5.04
147.08
20.0
5.06
5.02
5.1
20.1
15.04
25.08
5.08
20.06
25.08
20.08
15.08
5.04
42.1
20.04
20.08
10.08
10.06
136.94
5.06
5.12
147.06
146.92
20.08
5.04
10.1
10.04
10.04
10.06
10.08
10.02
15.06
5.02
17.16
5.08
15.1
25.06
5.04
5.08
15.04
5.06
15.08
5.1
15.06
25.02
10.08
5.04
15.04
15.1
273.94
30.08
15.0
10.08
69.18
5.04
20.02
53.4
15.08
5.04
5.06
5.02
15.06
20.08
5.06
5.0
20.04
10.08
57.46
5.0
5.0
5.0
15.06
20.06
5.08
10.06
5.02
15.1
20.08
5.04
15.12
5.08
25.06
5.06
5.02
5.06
20.02
20.08
10.04
10.02
10.06
15.12
5.06
5.08
15.06
5.04
5.06
25.08
20.1
5.08
5.02
10.1
10.08
15.06
5.0
10.06
10.04
5.08
15.04
10.04
10.06
20.06
5.02
10.06
5.04
15.02
30.12
137.02
5.04
137.02
5.04
25.1
25.1
15.12
25.1
5.04
5.04
5.04
5.04
5.06
20.04
15.1
15.04
15.08
141.92
5.08
131.7
162.06
94.22
12.64
121.1
10.08
142.14
25.12
15.06
25.02
83.88
10.06
5.1
25.16
18.98
15.08
142.06
144.3
40.26
5.08
5.06
126.6
5.06
5.06
5.02
25.08
5.06
5.04
5.04
10.04
15.02
10.06
10.1
5.04
98.62
10.04
5.08
64.84
157.16
25.08
5.0
5.04
5.02
10.04
20.08
25.04
536.18
20.88
5.08
20.1
5.04
35.1
15.06
30.08
5.02
10.3
10.06
5.0
141.58
15.12
20.02
5.08
15.04
30.12
10.02
15.08
167.02
10.12
5.1
5.02
15.1
15.04
20.06
10.02
146.96
15.06
5.0
15.04
15.1
20.06
5.04
5.06
25.1
10.08
10.04
10.04
5.08
5.06
25.12
15.06
15.02
25.1
15.04
10.02
5.04
15.1
5.24
10.06
5.04
142.08
25.12
30.04
10.02
5.06
20.18
10.04
134.76
107.04
5.06
34.84
137.04
10.06
137.08
10.04
10.06
10.06
10.06
5.02
5.06
5.06
5.04
5.04
5.0
137.04
25.1
15.14
15.14
15.08
183.54
5.06
10.08
5.06
5.02
10.04
108.78
20.08
15.08
25.08
15.06
137.0
20.08
5.02
20.04
147.06
5.04
10.06
15.08
116.44
96.12
15.06
10.0
20.04
25.1
20.14
137.02
10.04
5.06
5.04
10.06
20.08
147.12
15.04
5.08
10.06
10.06
137.1
5.06
141.96
20.08
15.08
5.02
15.06
5.02
146.98
147.1
15.06
137.02
147.08
5.06
5.02
46.12
151.92
36.46
10.06
10.08
25.04
152.06
136.98
5.04
15.06
141.92
5.04
10.08
10.1
15.06
20.08
5.02
22.9
5.06
15.1
224.22
5.06
5.04
5.04
15.04
15.04
184.04
15.12
278.94
5.06
25.08
130.48
5.0
10.0
10.04
20.06
15.1
5.08
5.04
5.04
5.08
5.02
37.98
273.7
136.94
5.04
5.06
5.06
15.04
10.08
98.1
10.08
5.04
20.08
15.02
15.1
10.06
10.1
20.02
57.44
10.04
10.02
10.04
15.08
137.04
10.0
15.08
15.08
5.04
15.1
10.1
10.98
25.1
5.12
20.04
157.1
146.5
5.06
5.04
141.98
20.06
20.1
10.06
25.04
20.06
10.06
10.12
5.1
5.02
5.04
5.08
5.08
10.02
15.02
15.1
5.06
15.04
5.06
15.04
15.1
15.06
25.04
15.12
5.06
20.06
20.1
5.08
5.04
10.02
41.98
20.1
10.08
5.0
5.04
568.22
20.12
5.04
20.08
13.8
5.02
15.04
10.06
25.12
15.1
5.08
5.0
5.04
97.88
5.02
5.04
15.02
10.08
20.06
132.2
25.06
25.14
5.02
10.06
104.48
5.08
20.12
5.04
15.18
200.12
151.92
5.06
147.04
25.06
20.08
147.12
15.06
10.08
15.06
5.12
15.04
15.08
10.06
15.08
10.04
20.06
10.02
15.08
15.06
25.08
15.06
15.08
5.06
15.06
5.04
22.78
5.06
150.5
5.02
25.12
10.04
10.12
10.04
10.06
25.1
5.04
10.04
151.96
10.1
5.04
5.04
10.06
15.08
5.04
5.08
5.06
10.06
10.0
20.08
20.0
15.12
5.04
5.04
15.04
15.04
10.06
5.06
15.04
162.08
10.06
5.06
5.12
15.04
5.04
15.08
5.02
15.1
10.1
5.04
104.38
87.46
26.26
5.04
58.64
5.06
5.06
5.06
5.02
31.3
5.06
157.0
5.06
20.14
58.58
141.96
10.08
5.08
5.12
5.04
10.08
15.08
15.04
20.12
5.08
147.02
142.04
142.04
10.04
5.02
5.02
15.14
147.0
137.12
154.06
20.08
10.04
5.04
20.06
5.14
5.06
5.06
10.06
10.06
5.02
30.12
15.06
10.04
5.08
20.1
5.0
5.02
5.08
27.84
20.08
15.08
5.04
152.06
157.02
136.92
5.08
10.04
15.06
15.14
56.52
15.08
5.02
10.04
5.08
5.06
5.04
5.02
137.02
25.06
5.0
15.02
20.14
5.1
5.08
141.94
10.04
10.06
15.08
10.04
25.1
10.04
20.06
15.12
20.06
61.76
15.04
10.08
10.04
15.08
26.8
15.04
20.08
120.02
118.7
11.76
5.08
5.06
5.06
25.06
10.08
5.04
10.06
20.08
20.02
5.02
10.06
5.04
5.02
80.14
15.08
5.04
5.02
10.04
25.1
5.02
15.1
233.02
156.98
10.14
15.1
68.52
66.6
15.1
20.08
20.1
141.96
15.16
15.1
5.06
25.1
10.0
142.04
289.06
10.06
147.06
25.06
147.06
20.14
30.12
10.06
136.98
10.04
20.08
136.88
5.0
5.04
5.08
10.08
10.02
5.12
15.1
122.88
18.8
5.04
10.04
25.08
175.58
5.02
142.06
5.04
15.06
116.0
15.14
258.48
15.08
10.04
10.04
10.08
15.1
15.04
15.06
20.1
20.06
147.08
152.2
20.1
25.08
137.02
147.04
5.08
5.0
5.06
5.0
15.12
5.06
15.1
20.12
103.04
46.94
15.1
5.06
5.0
20.04
15.04
5.06
15.06
10.06
5.04
15.08
10.02
152.08
20.06
20.08
5.04
10.1
25.12
5.04
5.02
20.04
351.52
5.08
10.08
10.04
10.04
5.06
5.06
15.04
15.12
20.06
5.02
5.02
15.08
61.94
5.04
5.08
10.02
81.32
5.04
30.12
10.1
34.96
147.04
5.0
43.1
21.18
135.28
142.1
137.04
141.96
15.06
5.06
5.06
15.06
5.04
10.04
5.06
20.12
142.04
5.04
277.02
25.06
409.48
10.04
5.02
25.1
5.06
5.04
20.04
10.06
20.08
20.12
5.06
24.54
20.02
157.02
5.08
59.58
147.02
147.0
10.1
10.02
54.4
5.06
146.0
5.06
15.12
5.04
5.1
5.08
20.08
15.06
146.96
5.02
10.1
5.06
5.06
10.04
136.24
5.08
5.04
15.1
10.08
20.06
10.04
10.02
5.04
5.08
5.06
5.06
10.06
5.08
20.12
5.04
5.04
5.2
5.08
5.04
5.02
87.88
5.02
5.02
143.96
5.08
5.08
5.06
25.1
157.1
20.06
5.06
10.02
135.5
15.06
141.96
272.3
10.08
5.08
5.1
5.06
5.02
401.84
15.04
15.06
15.06
15.1
5.06
5.02
10.0
5.08
10.04
20.96
5.06
15.06
15.12
15.06
25.08
25.12
5.08
5.04
5.02
20.08
5.08
5.06
5.08
5.1
10.08
5.02
5.02
20.08
10.08
20.08
15.12
15.1
5.08
15.06
20.12
56.1
15.06
5.04
5.06
137.1
5.06
5.02
5.1
25.08
20.08
57.7
5.06
10.08
20.1
155.94
159.7
5.04
146.92
156.92
5.0
5.04
5.08
7.76
5.08
10.06
5.04
20.08
15.08
15.06
25.12
10.08
283.88
49.76
5.04
5.06
15.12
30.06
10.04
10.1
10.04
20.1
20.06
15.08
15.04
10.08
5.02
10.06
5.0
5.06
10.04
25.1
15.06
10.08
5.04
5.06
15.04
20.04
10.08
25.06
5.02
5.02
5.08
5.08
10.02
10.06
25.06
5.08
5.06
15.1
5.02
5.08
25.14
5.04
15.08
15.04
5.02
6.74
5.04
10.06
5.04
5.0
5.1
10.08
10.06
25.1
15.08
10.08
5.04
10.08
15.04
10.06
15.02
30.12
40.18
146.98
147.08
147.04
20.1
73.02
5.06
10.08
5.06
20.12
20.06
15.1
10.02
15.06
5.02
20.08
5.04
20.12
25.14
5.08
10.08
10.02
21.8
33.18
303.8
20.1
20.14
10.02
35.1
137.08
52.6
20.06
136.94
27.16
25.08
125.66
10.06
15.1
5.06
35.22
15.06
10.06
15.06
5.06
10.1
5.04
5.1
5.06
5.1
15.04
5.06
20.12
5.02
15.06
5.02
10.02
15.1
10.02
10.08
20.04
10.08
5.02
15.08
15.06
5.04
5.0
5.02
278.84
283.96
15.08
20.08
5.06
5.06
5.06
5.02
20.1
5.08
20.06
5.02
5.06
20.06
20.12
5.04
156.88
5.02
10.08
10.04
25.06
15.08
15.02
10.06
15.12
157.04
5.02
15.04
10.08
515.9
5.06
20.1
5.06
5.04
15.08
5.04
20.02
5.04
5.14
15.04
15.06
20.08
15.12
15.1
35.1
5.1
20.22
5.02
5.04
5.02
13.88
15.18
20.08
5.06
10.06
5.02
20.06
15.1
25.08
5.04
152.04
273.98
5.06
278.94
5.0
152.06
20.08
27.46
137.0
5.08
5.08
30.08
20.1
15.1
10.04
5.08
5.06
5.06
30.12
5.08
15.04
5.1
5.02
20.12
5.06
25.06
10.0
15.02
20.08
30.08
16.68
10.08
5.06
5.06
10.06
5.0
5.08
5.04
294.06
5.0
10.04
5.06
20.04
35.1
20.12
20.04
5.04
5.02
10.08
15.08
46.04
5.04
5.1
29.24
5.06
20.06
5.02
15.06
5.08
10.06
5.0
37.78
5.0
5.06
5.04
10.04
25.04
5.06
20.04
5.06
147.1
15.12
20.1
152.0
20.08
225.02
48.2
15.06
15.08
15.06
151.02
20.14
10.06
10.06
5.02
5.06
34.54
131.94
5.02
10.06
20.0
10.06
15.04
5.06
5.04
5.02
53.08
20.1
15.18
5.02
15.08
30.1
15.04
5.06
10.04
15.06
5.02
146.98
30.12
10.06
5.04
5.04
25.12
20.06
5.06
5.04
15.1
80.68
5.08
5.06
5.06
5.08
10.0
274.26
5.0
5.14
5.02
20.02
5.04
20.12
10.0
10.1
5.02
5.02
20.04
10.02
25.12
10.1
20.1
15.04
5.1
5.04
10.04
35.08
5.06
133.98
15.04
289.04
10.04
137.18
5.0
147.14
137.0
25.16
256.24
5.06
5.22
5.08
5.06
20.08
35.12
10.04
5.06
136.92
20.06
15.1
6.76
137.0
20.04
15.04
10.02
147.04
15.08
15.06
52.56
83.18
10.06
156.96
15.04
5.06
157.04
15.06
10.08
5.08
20.04
5.0
243.16
284.0
10.1
15.08
5.06
5.04
10.02
25.1
10.04
135.6
146.92
20.12
5.0
15.06
5.02
5.04
10.06
15.02
15.08
10.1
15.06
10.04
10.06
5.06
5.02
10.0
5.04
10.1
15.08
20.06
121.9
5.02
5.14
20.06
5.02
5.04
37.62
5.04
15.08
15.1
15.08
20.1
10.08
15.04
5.0
10.0
10.08
5.06
26.0
10.08
5.04
5.02
5.06
5.08
5.1
5.04
5.04
20.1
5.0
5.06
25.14
10.08
5.06
25.06
25.08
20.08
5.04
147.0
6.72
10.08
5.02
25.08
25.08
5.08
25.06
5.06
146.96
5.02
20.04
5.06
5.02
15.14
5.06
15.04
10.04
142.12
137.0
10.04
15.08
5.04
5.08
156.94
10.06
5.08
20.1
5.1
20.06
5.08
35.12
15.04
25.04
5.02
5.08
15.1
20.06
10.1
140.5
10.06
5.0
5.04
5.02
15.04
157.16
10.06
20.08
25.16
15.1
20.12
20.12
20.08
25.08
15.08
15.06
15.06
25.14
10.08
41.08
20.1
20.08
20.02
20.12
10.06
10.1
25.08
60.84
10.08
146.98
15.02
20.06
20.04
5.1
35.42
25.1
30.1
5.08
5.02
20.12
10.02
132.82
10.02
5.04
5.06
5.04
20.1
20.08
19.24
10.06
5.04
15.1
25.1
10.06
156.88
5.04
10.08
20.06
15.08
5.06
103.04
5.06
5.04
5.02
20.06
162.94
20.08
15.04
15.06
20.14
15.06
20.06
20.06
21.12
25.08
41.9
15.08
15.08
15.1
5.12
10.0
5.04
5.04
15.04
20.12
15.06
15.08
5.04
15.06
20.1
25.12
5.08
20.08
15.1
5.06
5.12
37.88
147.08
25.1
5.04
5.04
101.0
157.06
5.08
5.06
113.92
51.7
63.18
10.02
10.06
10.06
46.92
5.08
72.4
5.08
6.88
5.06
10.08
50.24
5.02
5.04
10.04
15.08
10.02
15.04
5.02
20.1
10.04
136.98
15.02
10.06
5.04
25.06
15.1
5.14
5.04
5.06
15.06
5.04
5.04
15.06
5.04
15.1
5.04
10.02
25.1
10.06
15.02
10.06
278.92
288.94
5.06
5.06
15.02
20.12
5.06
5.0
157.04
136.98
5.04
133.66
10.04
5.04
15.08
76.48
35.12
25.08
25.06
20.06
20.04
10.1
5.06
10.1
15.08
10.06
5.06
10.08
10.06
10.04
5.04
15.1
15.08
10.04
474.28
10.04
20.08
15.04
15.1
5.1
10.12
5.04
5.02
5.02
15.02
15.1
15.04
5.06
5.04
5.0
5.04
15.06
5.04
5.0
15.1
20.14
5.02
90.96
25.08
10.02
20.08
20.04
10.14
5.04
5.08
15.06
21.88
20.02
10.12
15.02
10.06
20.1
5.04
25.16
5.02
10.04
10.08
10.06
5.04
20.02
5.02
10.04
141.98
25.08
10.1
15.08
25.06
20.06
15.04
5.04
5.0
20.08
5.02
15.04
15.06
5.08
10.06
5.06
5.06
10.06
5.04
10.06
25.0
10.04
20.06
5.02
55.94
5.04
61.9
151.84
195.02
5.02
32.36
157.02
10.0
5.02
5.0
5.06
211.72
147.2
10.04
72.64
5.04
15.08
28.36
20.08
5.08
15.06
263.82
25.1
5.08
146.86
15.08
25.16
5.0
157.04
20.1
142.04
147.0
5.04
30.14
25.1
10.02
10.08
5.1
5.02
5.02
5.06
20.08
10.02
25.08
20.08
5.04
25.08
10.06
5.06
5.04
5.06
88.4
25.06
158.96
115.32
10.04
10.06
252.46
10.04
5.04
20.06
5.06
10.0
20.1
5.02
20.06
5.02
10.08
15.04
5.1
5.06
71.4
15.08
10.02
5.04
5.02
20.1
147.04
15.02
5.06
15.08
278.94
278.88
152.12
5.06
152.06
289.02
15.04
5.04
10.2
15.06
20.1
15.08
25.1
30.14
15.1
5.08
136.98
10.08
10.06
5.04
25.08
10.08
117.06
157.18
10.08
25.04
5.04
5.06
5.06
5.02
15.08
5.06
10.04
5.1
10.04
5.08
10.02
10.06
15.1
5.04
15.1
5.06
25.1
20.08
15.08
20.14
20.04
10.08
15.06
15.08
5.06
5.12
10.04
5.04
173.34
5.08
73.62
5.06
5.06
10.08
15.1
10.1
157.04
152.04
5.04
20.1
10.0
25.16
25.12
156.94
156.96
5.1
25.1
10.06
10.06
15.02
10.08
15.44
147.0
274.02
5.1
15.08
147.0
20.06
15.06
10.04
5.02
25.06
10.04
15.06
5.04
20.1
25.06
10.04
141.98
5.06
12.0
20.1
25.08
20.12
10.08
25.12
5.04
40.1
80.84
76.28
5.02
10.04
156.98
10.06
10.08
5.08
5.04
20.1
5.08
30.08
5.08
284.0
5.06
137.12
142.16
15.08
10.04
5.04
10.18
5.02
118.84
50.78
20.1
105.56
5.02
15.06
10.06
15.1
5.02
15.08
5.12
20.04
136.96
36.34
5.06
15.1
81.78
5.12
5.06
10.06
25.86
5.02
15.0
5.06
10.06
5.06
20.04
30.12
15.06
15.06
55.46
30.08
20.08
15.1
5.08
5.02
20.12
15.1
5.02
20.04
15.06
63.64
370.18
10.02
15.04
8.06
5.04
5.08
25.06
30.1
10.06
5.06
5.06
5.02
10.02
10.04
5.06
25.14
5.04
15.02
10.04
25.1
5.04
10.1
20.06
25.08
10.08
25.12
20.08
90.3
5.1
25.12
5.02
10.08
10.1
25.1
5.04
20.1
68.86
5.0
57.02
5.0
5.06
15.06
10.04
25.12
5.04
5.06
5.04
20.04
20.04
25.06
20.12
15.02
15.0
15.1
5.04
147.02
25.16
96.7
147.0
10.08
5.02
5.08
15.06
10.1
10.02
15.04
5.06
5.06
5.06
15.06
5.06
5.02
5.02
5.06
15.06
10.04
5.04
15.1
15.08
5.04
46.86
10.08
10.08
5.04
10.08
20.06
5.06
47.6
35.12
5.0
15.06
15.06
15.1
20.1
5.08
21.38
40.58
10.04
35.12
5.06
5.08
10.02
25.12
44.8
26.76
15.04
10.06
157.08
15.08
5.08
10.06
25.1
5.0
25.12
5.04
5.06
5.0
5.02
176.48
15.06
10.08
157.04
20.06
5.04
5.04
5.06
15.06
20.12
30.12
10.04
5.0
25.08
10.04
20.1
5.06
5.08
5.1
25.1
5.04
5.12
10.1
10.06
5.06
5.08
10.06
15.1
5.08
141.98
15.12
5.06
5.04
5.06
25.14
22.8
20.1
25.14
5.04
10.0
25.1
20.06
5.02
10.1
15.14
10.06
15.1
384.04
10.06
10.06
5.06
5.0
5.06
136.96
20.08
5.06
10.06
5.06
17.34
142.06
15.06
5.1
5.04
10.08
25.08
21.04
9.36
137.02
20.1
20.06
10.06
5.08
5.08
72.54
10.12
137.08
10.06
5.04
15.1
146.92
15.02
5.04
147.04
10.06
5.06
20.02
5.1
5.1
15.08
5.1
142.04
10.04
10.1
15.06
10.1
10.08
20.08
15.08
5.02
5.02
15.06
15.06
5.02
273.9
10.02
289.04
10.08
15.04
5.02
25.04
20.04
15.1
156.98
20.08
15.08
5.04
12.42
25.1
141.94
20.1
136.98
10.08
25.06
16.72
15.06
5.02
5.06
5.06
5.08
25.1
5.06
5.06
137.0
15.08
5.02
20.08
44.42
191.32
179.12
30.1
5.1
25.04
10.04
5.08
5.16
5.0
25.1
5.0
25.1
5.1
25.04
20.08
20.1
25.06
20.04
120.86
20.12
10.04
54.78
5.1
15.06
5.04
10.06
5.02
5.0
10.04
25.1
15.08
5.06
142.04
10.1
137.02
15.08
10.02
5.06
5.06
15.08
5.08
10.02
5.04
10.06
15.04
15.08
25.12
15.08
10.1
5.0
20.12
15.08
5.0
25.08
5.1
15.1
5.02
15.06
15.08
15.08
20.06
5.06
10.04
5.02
15.06
5.1
5.04
25.1
15.02
5.02
30.08
10.08
15.04
113.62
5.04
25.1
5.02
10.06
25.14
21.96
5.08
15.04
145.12
15.1
29.7
20.1
157.02
5.0
15.08
5.08
10.04
5.02
10.08
10.0
5.04
15.06
141.92
15.06
5.1
15.12
10.06
20.06
20.08
35.12
5.02
5.04
25.1
5.06
15.06
141.96
15.08
10.1
5.04
10.08
147.04
10.06
279.1
5.02
157.02
20.1
5.06
25.1
5.04
5.04
10.16
15.06
5.04
15.02
20.06
30.08
15.06
5.08
5.02
147.0
147.06
20.1
15.04
151.94
10.02
5.1
5.06
5.04
10.04
15.08
15.1
15.06
10.1
5.02
5.06
15.06
10.04
10.1
15.04
5.02
15.06
15.12
15.08
15.08
15.08
10.06
15.08
117.24
82.32
96.92
142.02
21.4
5.04
5.02
20.1
10.04
5.0
20.16
15.12
5.08
20.04
25.98
5.04
20.08
5.1
25.08
10.0
5.02
10.02
15.08
25.02
15.02
10.06
20.08
15.06
5.06
25.1
5.06
10.04
20.04
10.1
5.04
5.06
5.02
5.06
5.14
151.98
5.04
25.14
5.04
20.1
20.04
5.1
5.02
279.0
5.1
252.72
10.06
15.1
157.04
5.02
5.0
20.12
20.08
15.04
10.08
5.04
5.1
5.06
207.8
20.08
5.04
10.1
141.96
10.06
15.02
15.1
10.06
156.82
5.04
5.04
15.06
5.02
15.04
10.04
5.02
5.08
5.04
20.14
147.06
15.04
15.12
20.08
5.08
10.06
35.12
35.14
5.08
15.08
15.04
5.04
10.08
5.02
5.0
5.02
10.08
5.02
10.1
25.1
10.08
5.08
16.74
5.02
5.04
94.52
5.06
20.12
5.06
15.08
20.06
25.12
20.04
15.08
5.06
15.08
5.02
20.1
214.92
10.06
136.9
136.98
151.92
5.02
5.1
20.08
10.1
5.04
52.98
10.04
15.06
5.08
5.06
5.02
167.02
15.06
15.08
15.1
10.06
5.0
25.1
5.06
60.24
20.1
15.1
5.08
5.08
654.36
5.1
157.04
5.04
5.06
31.0
5.08
115.64
10.1
5.06
57.0
10.04
10.04
10.12
20.08
5.0
15.04
5.04
20.1
31.26
10.18
5.04
5.06
217.58
10.12
10.1
240.2
15.08
5.04
10.06
20.1
5.08
15.1
5.08
10.08
15.08
10.04
5.06
15.08
15.06
5.04
10.18
5.04
15.06
25.1
5.04
5.06
20.08
15.08
10.06
20.06
20.08
5.02
15.02
5.02
15.04
5.06
10.02
10.04
508.08
157.06
146.92
465.3
568.18
5.04
5.08
25.04
10.06
20.06
25.06
16.74
25.06
50.28
20.04
152.0
10.06
66.44
5.08
5.04
5.02
5.04
5.04
20.14
137.0
5.02
5.08
10.02
15.06
5.04
5.08
5.06
5.08
20.12
35.08
5.04
5.04
101.62
390.46
15.08
15.06
97.58
91.16
10.04
10.04
10.04
157.02
53.04
157.08
15.08
15.12
10.04
152.08
147.12
5.04
15.08
15.12
25.06
5.02
5.06
5.12
20.08
5.04
15.08
15.08
5.08
10.02
15.1
47.76
15.06
10.06
30.1
25.12
10.02
10.04
137.0
5.06
15.12
110.16
5.04
25.1
20.12
38.56
10.0
10.06
5.06
20.08
15.1
5.04
20.1
5.06
15.08
5.06
10.06
71.46
10.08
30.08
450.98
15.06
17.38
284.1
147.04
136.68
10.1
5.06
10.08
5.06
5.08
36.4
35.1
18.42
15.12
5.08
25.1
15.06
5.04
15.04
5.12
20.12
20.08
5.02
15.08
10.14
8.88
5.02
30.08
10.06
5.08
5.06
15.1
5.0
15.12
5.06
257.32
5.08
5.06
5.02
20.14
105.6
10.0
20.12
10.02
56.9
5.08
15.04
10.06
5.04
10.02
10.02
15.1
5.08
15.04
157.1
20.08
5.04
10.06
20.08
20.1
30.1
5.04
5.08
5.02
10.06
5.04
273.82
167.14
36.94
28.3
5.06
157.14
30.08
30.1
15.08
94.6
66.46
5.0
10.08
10.9
15.1
26.06
5.06
5.04
151.98
20.1
157.04
5.06
26.94
5.06
15.04
5.02
35.08
5.06
158.82
141.74
20.12
5.08
5.06
5.04
5.02
5.08
15.02
72.38
152.08
147.08
31.82
5.0
71.28
15.04
15.04
21.48
172.1
5.1
10.08
15.06
5.0
10.04
10.1
5.04
15.7
5.04
5.02
25.08
5.12
111.88
5.1
10.1
10.02
20.04
55.18
5.06
5.06
5.06
20.06
5.08
10.04
5.02
15.06
10.08
15.08
15.04
10.04
15.1
55.4
25.12
25.04
5.04
5.04
157.14
5.02
152.06
15.04
15.08
20.1
10.1
5.08
5.1
20.98
92.22
270.8
20.06
15.06
10.02
20.08
5.08
10.02
25.04
10.04
5.04
10.02
15.32
25.14
5.02
137.04
10.04
5.02
10.12
159.52
10.02
10.12
5.02
10.04
10.08
5.08
10.02
20.08
20.08
25.08
36.56
5.12
151.96
161.86
5.04
5.02
5.08
25.1
5.06
5.06
20.08
5.04
25.12
5.0
258.5
146.0
10.02
137.42
116.66
5.02
10.06
5.06
25.06
5.06
15.08
10.02
5.06
5.08
136.88
25.1
5.02
42.22
15.02
5.02
25.1
5.02
20.02
5.06
15.08
10.04
5.06
15.28
5.02
5.06
126.06
5.04
5.08
10.08
5.06
15.04
5.04
34.12
10.08
5.04
25.1
84.7
32.68
40.12
10.06
25.08
25.08
10.0
5.04
10.06
114.38
15.14
5.04
157.04
10.1
38.96
5.04
15.1
20.12
20.1
25.08
5.06
25.08
137.0
10.06
137.06
140.58
157.08
5.02
10.08
5.0
5.08
15.14
15.04
20.02
10.1
10.04
5.06
20.12
10.06
147.08
156.88
60.2
5.04
10.04
21.9
10.1
44.72
10.1
20.12
5.06
15.06
30.08
40.16
5.06
5.2
20.1
22.0
15.02
152.06
10.1
15.12
10.08
5.08
40.18
20.04
25.06
15.06
5.04
20.06
20.1
52.64
5.02
25.04
15.04
147.04
10.08
5.02
10.04
15.1
20.06
40.1
5.06
20.14
10.04
15.06
5.02
5.06
136.98
10.16
5.0
5.08
15.04
18.64
103.72
284.06
10.02
5.0
136.94
35.1
5.06
15.06
10.04
5.04
20.06
5.04
5.04
15.06
15.06
15.12
10.12
15.06
25.1
5.02
20.04
5.02
15.04
10.1
40.06
5.06
25.12
10.08
5.02
5.06
151.98
5.04
15.06
10.04
5.08
10.06
5.06
5.06
15.06
20.04
130.38
15.02
78.3
35.1
5.02
142.0
5.0
5.02
15.02
5.02
5.04
20.08
20.1
25.06
20.08
5.02
45.7
5.08
10.12
5.0
10.04
5.02
5.06
10.04
149.04
10.02
15.1
31.76
10.02
20.06
162.08
5.06
10.08
15.04
25.04
5.02
15.06
5.04
35.12
5.06
15.1
15.02
20.08
125.8
10.02
5.08
34.74
5.04
5.1
15.1
5.06
152.02
20.04
10.06
15.08
25.1
5.02
5.06
5.02
136.96
25.08
10.08
5.04
5.08
20.08
5.04
5.06
5.04
30.06
5.04
10.08
5.08
15.08
10.04
20.08
10.18
10.2
5.06
20.14
5.02
10.02
25.08
10.02
10.04
15.06
20.08
5.04
5.02
20.06
5.06
5.06
15.08
5.12
23.78
5.06
20.06
20.08
152.06
5.04
99.86
15.06
20.04
15.1
5.06
136.88
15.04
25.08
20.06
6.92
5.04
5.02
15.08
5.04
25.12
146.98
35.1
8.36
5.06
5.0
10.06
5.04
5.04
15.12
5.1
10.02
5.06
54.92
5.04
30.06
5.0
50.44
5.02
20.06
5.02
20.08
134.94
142.1
15.08
10.06
5.04
157.0
39.22
5.02
15.06
10.12
13.4
5.04
15.08
5.06
146.98
5.0
136.9
136.9
15.04
10.06
5.02
5.04
20.1
5.04
10.04
10.08
5.06
20.12
5.04
20.1
5.08
20.1
10.04
25.06
10.04
20.08
25.1
20.1
5.04
5.04
5.02
20.06
129.64
10.1
15.08
67.78
10.04
10.04
5.08
10.06
5.02
27.42
25.08
15.08
10.08
5.0
10.04
5.02
5.02
20.06
5.06
5.06
5.06
15.04
5.04
91.34
21.68
15.08
10.04
5.06
5.02
10.08
5.06
20.08
284.22
10.04
5.04
20.04
5.06
83.64
20.12
15.08
10.1
5.02
41.52
15.08
5.08
15.1
20.08
5.08
5.08
10.06
10.04
10.08
20.06
15.08
8.8
5.04
25.12
161.96
20.04
5.08
15.04
17.26
61.68
44.34
30.1
15.04
10.02
403.14
20.08
5.06
10.04
10.1
20.06
40.14
5.02
20.08
15.08
15.0
5.04
5.02
5.02
141.96
15.08
133.1
134.5
138.64
157.08
141.96
5.04
25.1
10.08
15.06
5.0
147.12
5.04
142.02
25.08
5.04
207.42
10.08
5.06
15.06
94.54
35.12
10.06
5.04
5.0
10.06
5.08
25.08
10.08
10.04
5.0
20.1
5.04
15.08
62.38
10.08
152.02
5.04
136.86
10.06
156.98
5.02
15.1
40.52
5.06
15.06
10.06
10.04
10.06
10.16
132.36
287.22
5.06
25.02
20.1
5.08
25.08
25.06
20.08
15.04
5.1
20.12
15.12
10.06
15.06
5.02
5.02
25.08
15.02
5.04
5.08
10.08
45.1
15.06
5.1
5.06
25.1
5.08
141.96
5.06
5.02
5.02
147.1
5.12
5.06
25.1
5.02
41.86
5.0
5.02
10.08
15.06
5.02
5.08
167.06
5.02
5.02
35.14
5.04
10.06
10.04
25.04
141.96
5.06
20.08
5.1
15.04
20.12
15.06
5.04
15.08
10.02
25.08
20.04
20.08
5.08
10.06
5.04
5.1
5.08
10.04
20.04
20.04
20.1
10.06
5.0
15.08
15.14
5.06
5.06
5.06
20.12
20.1
5.08
10.08
5.04
35.08
10.02
15.08
10.06
40.14
10.06
5.04
15.1
10.06
5.08
142.04
15.1
5.06
152.0
5.08
5.06
10.04
15.08
10.04
5.0
10.04
10.06
10.04
15.08
5.04
20.06
10.04
20.08
25.08
5.02
5.06
5.02
10.08
5.04
10.06
5.06
15.02
10.04
20.08
10.08
5.1
5.08
10.02
25.14
10.06
20.1
5.02
44.76
5.02
15.08
5.06
21.02
15.1
144.68
30.12
47.32
10.08
5.02
10.1
18.86
21.98
5.04
5.02
25.84
10.08
141.84
10.04
25.08
20.06
20.1
15.08
15.08
35.12
5.04
5.1
146.98
157.02
20.04
279.06
15.08
215.0
20.06
142.04
274.02
10.06
5.04
15.06
10.1
5.02
5.04
15.06
20.1
20.06
5.02
25.1
15.08
10.04
137.12
5.06
134.44
5.02
5.06
5.04
5.04
124.04
20.08
20.08
5.04
15.1
15.0
5.02
136.98
5.24
25.1
5.06
111.86
146.98
137.02
137.0
137.02
57.18
152.02
18.22
5.06
10.06
15.1
5.06
25.08
10.1
5.02
5.02
147.0
5.1
20.08
83.8
5.02
5.08
15.06
20.08
5.08
25.06
136.96
137.04
5.0
5.04
5.02
276.8
5.08
5.1
10.04
5.08
10.08
10.04
20.06
10.04
10.06
5.04
15.08
147.04
20.1
15.06
20.08
15.08
15.04
5.06
5.04
5.06
5.08
10.02
5.04
25.1
5.08
10.06
5.0
10.12
20.04
10.02
15.16
161.94
5.06
20.06
5.06
15.08
10.02
20.08
5.04
20.06
15.06
137.0
10.06
162.06
142.06
10.02
5.02
15.12
10.06
5.06
10.06
5.06
35.1
136.96
20.06
15.08
20.08
10.04
5.06
5.02
15.0
136.98
5.02
20.12
5.02
5.06
5.06
5.06
5.04
10.04
10.02
5.1
20.1
10.06
5.1
15.08
137.08
208.84
40.16
152.9
109.46
15.08
5.06
109.06
26.08
30.12
15.06
10.02
15.1
5.06
5.02
30.12
70.9
15.02
156.96
5.0
152.06
10.06
10.08
25.08
5.02
15.06
152.08
5.02
10.06
5.06
5.04
50.44
15.06
5.02
5.08
40.82
10.7
15.06
5.08
5.02
5.06
10.22
35.08
15.08
10.06
10.02
5.0
5.08
15.04
15.06
20.04
5.02
156.96
231.82
47.62
5.04
152.08
104.4
20.02
20.06
15.08
5.08
15.1
15.06
5.04
20.04
5.06
10.08
5.06
40.12
15.48
232.3
5.1
10.04
5.06
15.06
5.02
15.02
10.08
30.08
5.06
5.08
5.0
15.1
20.08
41.44
141.98
15.1
223.74
10.04
10.04
5.02
5.0
5.04
15.02
394.44
25.96
15.04
5.04
5.08
10.08
20.06
5.06
5.0
30.12
5.06
10.32
25.08
20.06
25.08
10.04
5.16
5.04
5.06
167.1
5.02
5.06
5.06
25.14
25.12
5.06
5.04
15.08
20.14
5.04
20.06
5.02
10.06
15.04
10.1
15.0
15.06
20.06
10.08
5.08
35.64
34.46
5.12
233.74
20.08
288.86
142.04
174.12
10.08
5.06
15.06
178.7
67.9
94.8
552.98
5.02
10.06
5.02
5.04
10.06
5.04
20.06
15.06
5.08
5.04
10.04
25.12
35.12
20.08
10.06
10.06
5.02
10.1
5.02
30.1
10.08
25.12
46.6
109.3
157.0
139.64
5.02
10.1
5.04
162.02
5.02
5.06
167.06
5.02
10.08
15.06
15.02
5.06
162.1
5.04
137.08
5.08
294.02
81.4
5.06
11.5
10.02
171.94
25.12
5.06
15.08
10.04
5.06
10.1
10.1
40.14
20.1
10.06
10.1
10.08
20.1
25.1
20.08
30.12
5.04
5.04
15.08
5.04
15.06
5.1
25.08
20.06
5.02
15.1
5.04
15.08
166.94
20.1
10.02
10.06
5.06
15.08
40.14
5.08
15.08
31.06
10.04
20.08
25.08
22.74
5.08
5.06
15.08
111.02
5.04
10.08
5.08
15.06
152.0
10.04
5.04
10.14
10.04
5.02
10.1
5.04
15.06
15.04
141.9
20.06
5.08
35.14
10.04
5.04
15.06
10.04
10.04
5.04
10.04
5.06
5.08
10.0
5.06
147.06
15.02
5.0
74.88
25.0
35.12
138.08
5.04
162.06
152.04
10.02
20.06
15.12
15.08
5.06
28.38
162.04
5.02
10.06
15.1
5.02
5.0
5.06
5.12
15.04
5.04
5.08
5.04
15.08
64.76
39.58
33.04
15.08
26.46
15.08
10.08
5.06
25.12
5.08
15.06
5.04
34.32
15.04
15.2
102.88
5.02
5.04
15.12
5.04
5.08
5.04
10.06
10.02
10.08
10.12
126.84
10.08
10.04
10.02
5.04
15.06
15.04
5.16
10.08
147.06
10.04
10.08
20.04
21.86
10.08
55.82
66.96
5.04
5.04
5.1
5.02
10.04
21.02
5.04
20.1
10.0
25.12
26.3
15.08
10.04
10.06
5.0
25.08
25.06
5.06
10.08
25.08
5.04
20.04
5.02
15.08
20.06
5.02
5.04
5.06
10.08
25.1
15.1
15.02
5.02
5.02
15.06
5.04
5.02
20.08
10.08
15.08
33.96
10.04
10.08
73.9
10.12
5.06
20.1
5.12
15.08
5.04
10.02
5.04
5.02
20.06
5.06
10.06
40.12
5.08
5.14
25.08
15.02
137.0
283.34
25.06
35.14
25.08
5.04
274.14
5.02
5.02
146.96
5.06
10.06
5.1
5.04
37.26
50.58
35.1
15.08
5.02
10.1
10.04
5.04
10.08
199.22
15.1
20.08
5.08
5.04
146.92
5.06
15.1
93.82
15.02
10.06
10.02
5.04
5.02
10.1
5.06
5.04
25.06
25.08
20.1
20.08
161.98
30.08
5.08
15.02
10.06
5.02
30.14
20.04
5.02
5.0
10.06
15.08
10.06
5.08
10.08
30.12
42.04
5.06
25.1
61.64
15.1
5.04
15.06
5.14
365.76
10.06
10.12
10.08
142.02
15.14
170.96
136.92
15.04
5.04
10.1
25.14
25.06
5.08
5.1
21.32
20.12
15.08
10.1
137.06
137.0
35.08
5.02
136.96
5.1
514.82
10.12
10.04
10.06
15.04
136.86
146.94
76.26
10.0
56.12
15.08
15.06
141.98
10.0
20.08
5.04
95.88
15.1
46.22
15.08
137.06
5.0
5.12
111.96
61.28
15.06
152.0
28.36
5.08
56.88
5.02
5.02
10.04
5.04
20.04
126.36
10.06
5.04
25.1
146.96
108.46
5.08
10.04
10.08
15.08
20.12
15.04
10.04
31.54
5.06
5.12
20.08
115.86
118.8
20.12
5.04
12.04
10.1
5.08
136.94
147.04
5.02
5.02
5.04
15.04
20.0
15.08
5.06
15.02
5.04
35.1
5.0
25.06
5.04
20.08
5.02
20.08
15.06
156.98
216.56
136.96
142.0
5.82
5.02
5.02
10.02
5.02
45.98
5.06
5.04
10.02
20.08
20.12
5.06
10.06
15.06
25.1
5.08
5.06
5.04
15.08
15.04
5.02
157.04
10.08
5.06
10.0
5.08
147.02
102.0
15.08
106.84
25.08
5.08
116.96
5.02
15.06
5.04
15.1
5.0
15.04
20.04
10.1
15.04
147.1
5.04
152.02
15.04
20.08
37.86
5.02
25.12
15.04
5.06
5.08
30.14
147.04
40.12
10.02
5.04
138.5
10.06
15.08
20.12
5.1
15.02
25.1
5.08
10.08
5.02
5.04
20.12
10.06
10.04
25.08
30.08
15.08
30.12
22.38
15.1
25.1
5.06
5.08
10.1
278.9
20.06
137.08
39.9
5.0
5.08
53.64
20.08
5.04
5.04
5.04
10.02
5.0
10.02
5.04
20.04
15.08
140.06
15.08
141.96
10.04
142.1
15.08
10.04
15.1
41.24
25.1
81.36
142.06
151.98
87.44
5.1
5.04
15.1
15.1
15.08
10.12
15.04
137.08
15.1
70.54
216.88
10.02
136.94
15.78
152.06
10.1
5.02
35.12
20.1
5.02
22.34
5.02
10.06
60.7
5.08
5.02
21.64
20.1
5.1
391.54
137.08
20.06
20.14
5.02
5.04
40.14
119.96
5.08
15.1
10.1
20.04
5.04
18.82
5.0
10.08
5.08
25.08
137.1
25.04
25.12
10.06
10.0
5.08
217.8
147.04
5.06
20.08
25.08
15.06
5.04
10.02
5.02
5.04
10.02
5.08
10.12
10.1
5.06
5.02
15.1
25.1
93.64
5.06
15.06
20.06
5.04
193.98
136.98
5.1
5.0
15.08
10.08
5.02
5.1
5.0
5.02
20.04
20.12
15.06
25.1
141.72
25.06
5.04
10.04
10.06
5.06
10.08
5.06
15.08
25.12
25.04
10.02
10.06
15.08
15.04
15.08
5.06
15.04
157.1
10.06
15.06
10.04
10.04
141.96
25.08
5.02
20.06
5.06
15.1
20.06
5.06
137.08
20.08
5.02
15.1
10.08
5.02
5.02
142.0
20.08
5.04
5.04
10.08
5.04
30.08
289.0
5.04
20.0
10.04
5.0
10.04
24.36
15.08
5.06
20.06
10.12
15.06
10.06
15.08
25.08
25.14
172.02
15.04
152.1
5.04
5.04
23.8
10.04
152.16
10.08
142.14
5.0
5.12
72.68
10.08
10.06
10.06
142.04
136.98
5.02
152.08
5.06
15.02
10.3
51.38
68.74
10.08
25.12
15.08
15.08
10.04
20.1
5.04
25.04
20.02
10.02
20.04
15.06
15.12
20.02
15.04
39.8
25.12
5.0
141.88
15.06
5.02
10.04
5.04
10.06
5.0
5.02
10.08
5.08
10.06
15.18
5.04
63.4
5.04
5.02
5.04
5.06
66.3
25.08
162.06
25.1
11.82
90.08
274.0
5.02
5.04
10.04
5.02
15.1
15.06
25.1
20.48
147.02
10.06
151.94
5.1
15.02
5.02
15.08
20.1
10.08
15.06
35.08
5.06
35.1
5.02
15.08
5.0
10.04
142.06
62.54
5.08
15.14
15.08
25.14
156.94
20.12
20.14
15.02
35.12
25.06
10.04
10.06
20.12
40.56
5.06
5.04
5.04
45.26
15.08
5.04
10.06
5.06
5.02
5.04
15.12
15.06
61.84
41.54
25.08
10.08
5.04
10.04
5.08
10.06
5.06
30.06
20.06
20.08
176.94
87.14
5.1
15.04
20.08
5.08
5.06
10.08
20.1
147.06
159.84
20.22
5.08
162.14
16.04
20.06
5.1
30.06
5.06
15.08
5.06
5.08
10.02
20.12
20.12
5.12
36.12
10.04
25.1
10.08
15.08
5.04
15.08
10.06
15.04
5.04
15.02
20.06
5.02
284.1
163.76
10.02
15.12
50.84
152.0
35.14
15.08
20.98
5.08
5.04
5.02
5.0
20.06
10.08
5.04
5.04
5.02
5.06
123.14
10.08
152.04
20.06
15.08
10.1
15.12
30.08
10.02
20.1
5.02
5.04
167.02
5.08
5.04
10.04
5.04
15.1
20.1
10.08
5.06
10.16
10.1
10.04
15.04
15.06
8.16
10.1
5.06
5.06
10.06
20.08
30.12
10.08
15.06
20.04
5.06
41.68
5.02
10.02
278.98
115.24
10.06
96.62
5.06
5.04
5.0
152.0
5.04
15.1
10.06
5.04
5.06
20.06
5.04
20.04
25.06
128.22
20.1
20.12
15.04
5.06
10.1
25.1
15.12
20.06
10.08
5.06
20.06
5.04
10.02
5.06
20.08
152.0
5.06
25.08
93.44
5.02
15.04
5.1
10.02
10.06
20.08
5.0
172.08
215.98
119.4
160.28
20.06
10.1
15.04
146.96
15.1
5.02
5.0
5.12
10.04
10.04
10.02
15.1
166.96
10.04
10.08
40.14
15.04
15.08
10.08
10.04
25.1
10.12
38.88
86.48
108.62
136.28
5.04
15.08
20.06
5.06
20.08
128.78
15.12
118.4
100.48
16.78
15.04
5.16
18.38
10.04
25.12
20.06
5.04
10.02
15.06
5.02
25.08
5.02
15.14
15.06
5.06
15.08
30.1
15.1
5.06
30.14
15.08
25.12
5.02
20.1
10.04
5.04
15.08
15.04
15.04
15.08
15.12
5.04
137.06
10.06
10.06
15.08
136.98
106.54
166.38
15.02
10.08
5.04
5.04
5.04
10.0
5.06
10.04
5.14
10.08
5.06
15.14
25.14
15.1
30.14
10.06
5.04
30.08
20.08
120.68
15.04
10.04
5.06
5.02
33.7
5.1
40.12
10.08
5.0
25.12
5.06
157.06
5.06
10.0
15.08
20.08
5.04
156.98
73.98
25.1
122.8
10.06
20.06
147.06
5.04
25.04
15.1
109.6
20.08
10.08
5.04
10.06
5.08
15.1
5.06
20.02
15.08
5.04
20.08
10.06
10.08
5.08
25.1
5.02
5.04
15.06
25.14
15.1
20.1
30.1
25.1
25.12
15.12
5.02
96.8
30.12
25.1
125.08
15.06
5.04
10.02
5.06
10.1
5.04
10.04
129.26
10.06
15.08
15.06
5.0
27.86
15.02
20.06
278.98
20.04
20.08
10.1
10.06
20.12
5.08
5.04
5.04
20.08
142.04
10.06
20.06
10.1
119.72
10.06
25.12
5.08
5.08
10.06
5.0
5.06
20.08
5.0
5.02
5.06
25.06
25.1
20.02
20.1
20.04
30.12
25.06
10.06
10.06
10.06
5.0
22.02
5.06
15.06
43.48
5.08
5.02
25.12
35.1
25.1
6.84
10.08
5.06
15.02
10.0
10.08
10.04
15.1
5.04
20.06
5.02
15.06
10.06
25.08
5.08
10.1
5.08
5.06
35.12
135.28
5.1
5.0
415.94
15.08
5.08
5.0
5.02
5.06
86.18
20.06
147.04
5.06
25.1
67.46
5.0
20.1
5.02
5.08
10.06
34.08
15.06
5.0
10.02
5.06
5.04
15.12
5.08
10.08
146.96
5.0
5.02
25.1
15.1
10.06
10.08
5.0
15.12
5.18
10.02
20.08
5.02
100.16
5.12
10.08
5.08
15.04
5.06
5.04
10.06
10.08
20.06
10.04
5.06
5.02
10.02
5.06
20.12
15.02
5.1
30.3
25.12
10.04
10.0
20.08
10.12
5.08
30.08
5.04
5.04
37.2
5.06
20.06
5.1
15.08
41.36
20.06
10.02
147.02
20.12
10.06
15.12
20.12
5.02
5.08
30.04
25.42
15.04
20.14
15.04
5.0
5.0
20.06
20.06
5.06
5.02
10.08
10.04
193.86
10.02
241.96
137.1
5.06
20.04
48.02
15.02
15.06
5.06
38.36
15.12
25.06
10.08
10.08
20.1
20.1
5.06
20.1
5.02
5.04
10.06
20.06
15.08
25.06
15.12
142.12
15.04
5.1
137.08
25.1
137.04
20.1
56.44
10.12
15.06
20.12
15.02
15.0
5.06
25.1
147.02
146.92
27.46
5.04
136.96
20.06
10.06
15.08
40.1
15.12
5.02
10.04
45.82
5.04
25.08
5.02
15.1
15.08
15.06
15.14
5.0
5.08
116.18
10.06
5.1
15.08
150.82
15.04
127.22
15.08
10.1
5.06
15.04
63.82
10.08
20.14
5.04
5.06
15.06
57.18
15.08
20.1
15.06
15.06
10.1
5.06
15.12
5.08
5.06
5.06
10.04
5.02
25.12
10.08
25.08
10.04
5.04
25.08
5.08
86.96
157.0
30.18
25.06
5.04
20.14
20.06
5.02
25.1
10.1
20.08
5.04
10.06
6.76
5.1
20.04
25.16
5.02
141.96
10.0
5.08
15.1
5.04
5.08
5.02
5.04
10.12
22.78
5.52
10.06
10.1
5.06
5.04
25.12
10.06
5.06
20.12
25.12
5.02
120.04
223.22
15.04
5.06
136.94
5.02
10.02
5.04
5.0
25.1
15.1
20.08
10.02
5.12
23.1
10.0
5.04
136.98
5.06
5.04
5.06
15.06
20.06
15.06
10.16
5.04
5.06
15.04
15.08
25.1
10.04
10.1
5.0
15.14
10.12
136.92
10.02
20.08
30.1
10.06
5.0
10.12
30.08
10.02
20.08
20.12
5.06
20.04
55.26
15.12
20.06
15.1
15.1
25.06
5.04
5.04
20.06
15.06
10.04
25.14
152.08
5.04
141.94
15.1
5.02
5.0
10.04
15.02
20.1
5.0
11.84
5.02
16.72
5.04
10.06
10.02
25.1
5.06
10.02
5.02
20.08
5.06
5.08
5.06
5.08
15.04
15.02
5.02
15.12
20.06
10.02
35.1
20.06
15.08
5.08
10.06
20.1
50.08
10.06
20.1
141.94
61.62
20.04
5.08
10.04
5.06
10.08
15.02
25.1
10.08
5.1
105.38
5.08
15.06
5.0
25.12
10.06
35.12
5.02
29.82
5.06
10.02
10.12
5.04
20.08
10.06
136.92
20.06
76.36
5.02
10.02
5.08
15.08
5.02
10.06
15.12
5.02
15.08
15.04
317.52
5.0
5.04
20.12
5.06
15.1
5.02
5.06
5.02
151.94
157.08
5.02
10.04
25.08
5.08
5.02
141.98
15.06
142.04
15.06
157.08
15.04
20.08
15.02
5.08
5.02
5.06
15.1
5.06
25.1
10.04
5.0
10.12
5.04
15.1
10.08
151.96
25.08
5.02
20.06
10.02
5.06
22.68
15.02
5.04
5.04
5.06
20.04
5.04
5.02
15.04
20.08
10.1
10.04
15.06
15.06
5.08
5.02
20.12
30.1
5.06
10.08
5.06
5.04
52.62
5.1
5.04
10.06
5.02
5.06
5.06
5.08
25.06
20.12
20.06
10.06
10.08
15.04
20.06
224.3
25.08
5.02
15.04
15.06
5.04
15.12
10.02
10.06
5.04
37.68
15.04
25.08
5.0
147.0
25.06
20.04
5.06
20.06
142.08
5.04
69.38
15.08
25.1
5.06
10.04
10.02
5.02
62.1
10.02
25.1
15.04
157.02
10.06
25.1
5.04
5.08
25.1
15.14
15.08
289.02
5.0
15.14
15.06
15.06
30.12
10.06
10.06
5.08
10.06
5.06
25.04
20.04
5.1
13.6
15.04
15.1
5.08
152.04
15.02
5.0
136.9
5.08
172.0
20.06
20.04
10.06
15.06
15.06
5.04
195.54
5.06
5.02
64.46
15.06
10.06
20.02
15.04
25.1
106.24
15.06
39.7
5.0
25.1
15.06
5.06
15.04
15.08
10.04
5.14
20.08
25.1
15.1
472.32
152.0
15.1
5.08
157.02
141.9
148.62
5.04
142.0
5.06
15.1
15.06
10.12
20.1
35.08
15.08
20.04
5.04
20.08
117.36
5.02
142.02
25.14
15.1
115.46
5.02
10.08
152.04
20.04
5.06
20.04
5.04
40.06
20.1
15.08
98.68
5.06
5.0
15.1
5.06
5.0
5.06
147.06
20.12
5.08
40.74
41.66
15.04
157.0
142.02
15.1
25.1
5.0
5.02
5.06
40.12
25.1
25.08
10.06
5.06
5.04
5.08
5.06
15.1
5.06
5.0
10.0
5.02
10.04
15.08
5.16
5.04
74.18
25.06
137.04
5.06
35.1
5.04
111.1
5.04
20.12
5.02
36.82
141.9
15.08
5.02
125.86
20.08
20.08
5.04
15.06
15.04
25.1
5.04
83.64
15.14
235.02
10.04
10.06
15.04
15.08
35.1
15.08
25.06
5.02
20.14
15.1
35.1
10.04
10.08
10.04
20.04
5.06
5.04
35.08
5.06
10.04
25.1
10.08
15.06
15.04
10.06
10.08
15.1
25.08
10.06
10.04
5.2
40.16
10.08
15.12
20.06
10.08
5.06
5.04
10.06
5.06
5.06
10.1
5.06
15.06
5.06
16.9
10.08
142.12
25.16
20.1
132.06
10.06
10.0
5.02
5.04
25.1
5.06
20.08
20.34
20.1
20.28
5.02
10.04
20.12
15.06
136.98
5.06
5.02
10.04
20.04
25.06
10.06
5.08
133.6
40.1
10.04
5.04
15.1
5.08
15.04
5.02
5.02
20.04
15.04
15.1
20.06
5.08
25.04
15.04
5.04
15.06
20.08
25.04
15.1
26.92
145.4
107.02
15.08
20.1
5.02
25.14
20.06
10.06
99.2
35.14
21.52
142.02
10.04
58.18
142.02
20.14
10.06
137.04
5.04
283.76
288.78
157.14
15.04
5.12
25.06
5.0
5.04
10.04
10.06
10.08
10.06
10.08
5.0
71.98
25.06
15.1
25.1
10.04
10.0
146.1
20.04
236.68
5.08
25.08
15.14
15.12
15.02
5.02
5.06
5.02
5.0
15.08
219.16
20.08
15.24
5.02
10.08
5.06
25.12
509.44
20.08
15.08
15.06
15.04
5.0
10.06
10.1
5.12
5.06
5.06
63.52
5.04
5.02
50.46
5.06
35.14
15.02
5.02
15.04
20.08
15.12
25.04
142.06
15.12
5.08
10.06
131.92
151.98
5.06
25.08
25.14
5.06
373.14
15.08
5.02
5.1
5.06
20.28
157.12
25.06
5.06
5.1
5.04
10.08
10.06
30.1
15.06
147.04
137.02
5.0
5.02
5.02
20.1
15.08
25.1
10.08
5.14
15.04
15.1
15.06
15.08
20.08
5.08
5.04
10.02
38.16
25.1
12.44
30.5
5.06
5.02
54.82
10.1
10.02
5.04
5.04
15.04
10.04
10.06
10.1
5.1
15.1
20.12
10.08
77.46
10.12
10.04
5.02
5.04
20.06
5.02
5.04
48.3
15.02
5.04
5.02
10.06
227.64
5.04
20.12
10.08
10.06
5.0
10.08
15.04
15.08
20.04
5.04
109.24
5.08
5.04
10.1
5.02
10.04
15.06
10.14
20.96
25.02
5.1
5.04
5.02
10.04
54.14
5.06
156.96
20.1
164.46
5.08
10.04
10.04
20.1
20.04
5.08
20.08
10.1
200.26
147.0
43.32
5.1
5.06
5.06
10.04
5.08
25.06
15.1
20.12
5.08
5.1
10.06
5.1
5.04
99.82
21.68
10.02
5.06
15.02
5.02
25.06
25.06
20.06
5.08
5.02
20.1
5.06
59.3
59.52
20.08
5.04
5.04
5.08
10.06
15.12
157.02
142.02
15.04
107.58
10.0
5.04
15.1
5.02
5.06
5.08
10.06
15.06
5.06
15.04
10.06
5.02
113.02
15.04
147.02
5.08
5.08
10.1
10.1
10.1
162.0
10.02
10.02
20.1
29.2
10.06
5.06
10.06
10.04
136.94
26.74
5.0
15.06
74.88
5.04
81.3
5.04
10.04
20.08
5.04
15.1
10.04
15.06
15.12
133.72
5.04
5.06
10.08
15.1
10.06
5.06
5.08
5.04
5.1
10.12
10.08
20.08
15.06
5.1
5.08
5.02
15.06
24.44
5.04
15.04
25.08
10.06
25.08
15.04
5.06
15.06
157.06
10.06
5.08
5.06
10.04
20.1
16.76
5.06
5.06
5.02
18.04
136.96
25.08
15.06
5.06
10.06
5.08
15.06
10.06
15.04
20.1
20.04
20.1
5.04
5.04
10.1
15.02
20.06
25.08
157.14
15.08
19.18
5.04
167.46
20.06
5.06
5.0
15.06
5.12
10.06
20.06
10.02
5.06
15.1
5.08
10.08
5.04
10.08
5.04
136.9
15.06
20.06
5.02
5.02
15.08
5.0
15.06
18.94
5.06
15.04
5.04
5.04
20.08
5.04
20.1
5.04
15.22
147.02
508.0
147.08
10.1
20.1
25.1
5.06
136.84
10.06
20.06
25.04
5.04
10.06
15.06
10.02
141.88
5.06
5.04
5.04
61.48
5.04
10.1
15.1
20.04
10.04
157.14
20.1
5.04
15.1
5.04
5.02
16.82
5.04
20.06
5.04
10.04
15.08
15.06
10.08
5.06
15.08
15.02
15.04
15.08
10.08
15.06
25.12
5.06
10.08
5.12
5.04
40.08
20.02
35.06
5.1
80.12
10.06
5.04
10.0
10.08
38.56
5.02
45.62
97.14
5.02
5.1
25.08
10.06
20.08
136.82
15.04
5.1
35.14
5.04
15.06
11.78
10.02
10.04
137.0
10.12
8.8
10.06
15.02
10.08
35.08
20.02
10.06
136.84
15.04
79.1
15.04
15.04
10.08
25.1
15.08
10.08
10.06
5.06
20.06
20.1
27.08
5.12
5.08
139.4
119.3
15.08
5.12
10.08
137.24
10.04
147.12
20.12
15.08
31.8
10.04
10.08
20.08
5.06
15.08
15.06
5.04
36.28
15.06
10.06
10.08
5.06
40.16
30.12
15.06
5.04
15.08
5.1
56.64
19.34
25.12
10.04
5.04
30.04
5.06
10.08
146.84
130.86
20.12
25.1
20.06
20.02
5.08
10.06
132.38
15.02
10.04
20.1
5.06
25.08
30.12
5.06
5.06
5.02
15.02
25.08
35.12
5.04
15.1
15.08
10.14
83.7
65.78
15.1
20.1
82.3
20.08
5.06
20.14
15.06
32.8
5.02
25.06
5.0
10.04
10.04
5.02
5.04
15.0
15.08
155.82
10.08
25.04
25.08
5.0
10.04
10.06
5.04
20.02
10.02
5.02
10.04
20.08
5.06
20.08
10.08
15.04
20.06
25.08
36.2
151.98
20.06
5.06
5.08
5.0
5.04
5.04
15.06
10.08
5.02
5.06
10.02
5.06
5.08
20.08
5.0
20.06
25.1
5.04
10.06
16.66
20.04
5.04
147.02
10.1
20.1
20.06
147.1
15.08
5.1
15.08
5.14
28.94
10.06
5.08
76.04
18.58
10.08
5.0
15.02
5.06
5.06
5.02
25.08
5.08
157.04
157.1
10.02
5.0
5.04
65.9
124.78
10.06
137.0
5.08
136.94
5.02
10.06
20.1
10.1
5.06
20.04
25.1
5.06
20.1
20.08
95.14
5.02
35.14
5.04
20.06
10.04
10.04
5.08
5.08
15.1
10.04
10.1
20.08
15.06
10.06
5.0
15.0
152.08
10.08
25.1
20.82
25.1
25.12
10.08
15.12
15.18
10.04
29.52
5.04
20.12
15.1
5.04
10.04
5.06
20.1
5.08
20.06
152.48
142.04
194.52
10.02
10.0
5.1
15.12
5.08
5.06
15.02
5.0
15.08
15.04
15.06
5.12
25.08
5.04
10.06
10.08
152.12
146.98
10.04
20.08
5.02
5.02
5.1
5.08
162.04
5.06
15.08
25.12
40.1
5.06
10.06
20.04
25.08
147.04
5.06
142.02
25.12
53.6
36.26
5.02
5.0
10.12
5.06
60.46
136.84
5.08
5.04
15.08
10.04
136.92
10.06
5.02
5.06
5.02
89.9
138.72
5.08
10.06
151.98
15.04
167.32
151.94
10.02
10.06
5.04
10.04
5.02
15.06
15.1
152.04
415.96
10.08
147.1
10.02
5.04
5.06
15.02
10.04
105.46
147.02
141.88
20.04
6.96
152.04
35.1
10.1
8.82
5.0
35.1
25.12
141.92
20.06
5.04
10.06
20.06
20.1
5.02
15.06
10.04
15.1
10.06
5.18
141.92
5.1
20.08
5.06
74.88
5.06
5.04
140.7
20.06
5.04
20.08
15.08
20.12
10.06
10.1
10.06
5.02
15.08
13.7
51.04
47.5
5.02
5.08
5.06
149.4
10.06
5.0
20.12
137.04
5.04
5.04
5.06
10.04
5.04
10.1
5.04
151.06
233.7
165.22
20.04
5.06
15.08
5.06
5.04
10.12
10.08
5.06
5.06
142.06
10.1
10.02
10.06
25.12
5.1
20.06
15.08
15.06
5.04
20.06
152.1
25.08
25.06
51.26
5.02
5.12
15.08
5.06
15.04
10.1
22.12
20.08
48.34
5.1
23.26
25.12
5.04
5.06
5.08
15.08
137.02
20.08
20.08
15.04
5.12
25.1
10.06
5.02
30.9
25.04
5.06
25.12
147.08
281.9
15.12
127.74
5.02
5.04
15.04
25.12
20.08
15.1
152.06
10.04
20.06
5.04
5.06
5.08
149.1
142.02
25.08
5.02
162.12
15.1
20.12
10.06
10.08
5.04
15.04
20.06
5.06
5.08
5.08
5.04
5.0
15.0
5.12
5.06
5.32
40.1
10.06
20.04
5.04
10.04
17.3
15.1
15.12
20.12
15.06
10.0
10.04
10.04
5.0
15.12
39.64
20.08
20.1
5.02
27.8
82.66
25.08
5.08
5.02
15.12
57.44
5.08
5.04
135.02
20.02
5.1
27.64
15.08
15.06
15.04
137.02
5.04
5.04
25.1
10.02
5.04
15.08
5.08
36.36
5.04
415.8
15.08
5.02
10.08
20.1
147.12
5.08
142.06
157.1
10.06
30.08
20.06
15.06
15.1
40.1
25.1
5.06
5.08
5.04
20.1
15.0
20.06
137.0
20.06
25.12
141.94
5.06
15.08
15.06
40.12
15.06
25.06
15.1
10.04
20.08
5.14
5.0
152.02
30.1
114.58
10.08
25.1
10.1
15.08
25.06
10.06
10.1
157.02
20.04
5.04
25.12
25.1
5.02
254.96
15.06
5.04
5.0
5.06
15.06
5.02
5.02
20.1
5.06
10.04
15.06
5.08
5.08
5.0
25.1
10.04
10.0
15.08
5.14
10.02
25.1
10.04
25.12
15.1
20.1
20.06
10.04
5.0
10.06
20.04
10.06
5.06
5.06
15.06
20.08
25.08
30.06
10.08
20.06
25.06
11.68
5.08
15.0
146.9
37.64
10.08
16.86
41.16
114.9
25.12
15.0
10.06
15.1
15.12
5.04
15.1
10.06
15.02
152.02
20.06
5.02
5.1
25.12
15.04
5.06
5.02
15.08
136.88
5.04
5.08
25.12
5.08
5.06
30.1
5.1
30.08
5.0
136.94
5.06
5.12
6.62
5.08
20.04
5.06
5.04
10.04
5.08
5.06
5.02
10.08
5.06
10.08
15.1
5.1
20.1
10.06
5.06
10.02
30.1
10.1
20.04
5.04
5.06
5.02
15.06
10.12
5.16
10.06
5.02
136.92
20.04
10.04
15.02
5.04
5.04
10.06
15.08
15.12
5.08
20.06
5.0
25.06
5.1
25.08
142.0
304.02
5.02
5.1
10.1
10.06
25.08
5.08
20.12
5.02
15.04
20.06
5.06
10.08
5.12
5.04
5.02
5.08
25.1
15.06
10.04
18.34
273.8
10.04
126.9
15.02
5.0
10.06
15.0
10.04
5.04
15.06
25.1
20.06
153.94
5.02
156.92
5.02
10.04
20.08
10.02
15.08
15.1
5.1
5.04
15.32
10.04
5.08
137.04
15.12
15.06
15.04
15.08
5.08
141.98
137.04
5.12
10.08
15.06
5.02
20.06
5.02
5.06
10.04
25.1
5.06
15.04
25.08
15.04
5.04
25.1
15.14
101.12
20.08
93.94
20.1
10.04
15.1
10.02
136.96
10.06
5.06
20.14
35.1
121.12
20.12
5.0
110.38
15.04
5.04
15.12
5.04
152.02
157.02
15.1
10.04
5.06
59.12
125.56
5.06
10.06
5.06
5.1
10.06
15.02
25.1
125.9
10.08
15.02
44.2
20.06
25.06
15.08
5.06
151.96
141.94
5.04
15.04
5.06
157.02
5.04
5.08
5.08
141.96
15.04
25.08
20.1
25.08
10.06
10.04
20.1
5.08
5.06
5.08
26.34
10.08
5.04
20.14
136.98
5.02
136.98
56.7
151.98
26.36
156.88
5.06
5.02
20.06
25.12
20.06
17.96
10.04
10.04
5.06
5.08
5.06
5.06
20.06
15.06
15.06
5.0
10.06
157.04
15.06
15.08
5.04
15.08
37.7
5.02
15.1
274.02
399.94
103.94
5.08
15.04
15.08
157.0
5.08
5.02
5.1
10.04
66.76
10.04
137.0
13.9
31.72
20.08
25.1
20.04
5.04
20.04
5.04
15.1
15.08
147.04
5.02
142.06
15.06
5.06
5.02
10.08
38.38
5.06
15.02
5.04
5.04
5.02
15.06
20.08
15.06
5.0
20.06
54.2
5.06
5.02
5.02
33.28
15.06
5.04
5.06
25.08
152.02
5.06
10.08
10.06
15.06
5.08
141.94
5.02
15.08
10.04
113.82
15.08
5.08
126.68
30.08
38.18
20.08
10.08
68.82
15.08
20.1
20.08
5.12
15.04
5.04
35.14
25.08
5.06
20.2
5.06
94.3
20.06
60.44
72.48
5.04
25.1
132.78
5.06
20.08
18.82
5.02
20.04
5.02
5.0
15.06
10.1
5.08
15.0
10.1
25.08
20.06
5.1
5.0
10.12
121.76
10.06
15.06
5.08
25.1
5.02
5.06
5.08
91.14
224.4
5.08
10.06
15.08
40.12
34.44
15.04
5.08
18.62
15.08
5.06
5.04
15.06
20.02
5.06
107.04
5.02
30.08
141.92
20.1
20.08
5.06
141.98
15.06
25.12
5.04
20.1
5.1
5.14
5.04
5.02
10.04
15.08
30.1
40.72
15.04
10.04
15.08
20.1
20.06
15.08
5.08
5.06
22.9
10.06
10.06
5.0
25.08
5.02
15.04
15.08
5.06
5.02
5.12
31.2
20.06
5.06
157.06
128.94
5.04
15.06
15.14
15.08
5.06
15.06
92.14
5.08
10.1
10.02
20.08
54.92
10.08
5.08
5.06
5.02
5.04
10.08
10.08
41.96
12.3
10.04
136.86
25.14
16.22
5.0
10.06
10.04
5.12
26.82
5.04
75.46
52.56
10.02
15.12
26.48
15.08
15.06
40.1
137.02
141.98
44.68
5.02
15.06
10.08
5.06
25.12
15.04
10.06
5.12
15.1
15.12
137.04
152.1
5.06
152.04
15.02
20.08
10.02
5.0
25.12
5.04
20.08
5.02
5.04
40.1
20.02
5.0
10.02
5.04
137.12
5.08
5.02
20.06
25.06
20.04
5.02
5.02
10.08
152.02
5.06
5.08
65.4
48.68
136.98
5.02
5.02
25.1
5.0
20.1
5.04
5.06
5.06
5.0
10.08
5.04
151.44
181.74
196.78
283.74
5.04
15.06
10.14
10.06
15.1
20.12
15.04
5.04
94.72
5.1
15.1
72.78
20.0
5.04
5.02
10.08
5.02
20.1
20.08
15.1
10.08
35.56
20.06
20.12
5.02
5.04
5.06
15.02
15.04
5.02
5.04
20.14
157.06
21.72
10.06
5.04
20.06
20.08
15.06
5.02
5.06
15.1
10.06
5.04
218.1
5.08
147.06
147.06
10.02
10.04
9.02
5.04
102.88
144.58
110.98
15.12
5.02
15.04
10.08
5.06
15.08
25.06
5.06
15.1
151.98
10.02
51.64
5.06
15.04
5.04
5.02
5.08
20.06
25.1
15.04
10.06
5.0
5.14
10.04
15.06
141.9
10.06
10.06
15.08
5.0
5.06
10.06
15.12
5.0
5.02
25.08
10.04
10.02
10.04
13.74
5.12
74.72
10.02
5.04
5.04
5.02
20.1
10.1
5.02
5.02
20.06
5.06
5.0
10.04
5.08
5.06
10.08
142.08
229.22
10.04
26.1
5.06
5.06
5.06
5.08
20.04
152.0
10.04
5.02
10.04
5.06
5.04
15.04
5.04
5.08
20.08
15.1
5.02
10.08
100.8
10.04
5.06
15.08
20.08
5.1
10.06
15.04
5.02
21.78
44.08
7.02
50.16
15.04
10.04
137.12
20.08
10.12
130.58
15.04
15.02
152.0
15.02
147.04
5.06
15.1
15.1
40.44
5.04
10.24
5.06
20.06
5.04
10.08
30.1
10.02
136.96
5.04
5.02
10.1
20.12
145.02
5.02
87.9
103.06
10.04
5.08
10.1
15.14
15.06
173.54
279.12
10.02
5.04
157.04
25.14
5.02
20.08
20.1
5.02
10.1
15.06
5.02
31.64
137.12
5.08
123.44
5.08
5.02
5.08
25.06
5.04
15.06
5.08
15.08
5.06
10.04
10.06
5.04
5.02
5.04
26.68
20.1
5.08
5.04
20.1
10.08
15.06
15.12
10.04
10.1
105.9
71.6
15.02
15.06
15.04
142.0
5.04
20.04
25.08
5.02
5.06
5.04
53.98
152.0
142.0
147.02
31.4
5.1
15.06
141.86
162.04
152.02
5.06
5.04
136.98
5.06
283.88
147.1
263.48
5.08
5.02
10.06
5.0
20.08
10.02
5.12
5.04
10.08
147.02
10.04
20.06
10.12
20.1
20.12
136.96
20.06
10.08
65.96
10.1
137.08
15.06
20.08
137.08
20.08
20.12
10.04
5.04
20.02
58.86
5.04
5.08
5.04
101.86
129.1
20.14
10.06
61.18
15.12
20.08
25.08
10.04
5.1
20.06
5.08
23.52
172.8
5.06
10.04
5.04
5.02
10.02
5.02
10.08
10.1
137.14
54.74
20.08
5.08
147.0
5.04
10.08
5.06
35.12
15.02
10.04
15.06
15.1
5.02
117.46
5.06
15.04
146.96
136.98
5.1
5.0
5.04
10.04
5.06
5.04
5.06
25.06
5.08
20.12
5.02
10.04
25.1
5.04
5.0
5.04
15.06
10.08
154.9
10.06
20.1
146.98
10.16
5.02
20.04
10.02
30.08
134.98
10.08
5.06
10.06
15.02
35.12
152.08
20.12
5.02
5.08
81.02
5.04
5.06
35.08
25.08
20.06
15.08
15.1
20.1
30.08
156.86
25.2
25.06
20.1
5.1
10.02
5.1
5.1
25.1
5.04
25.14
10.08
10.06
5.06
5.04
25.08
5.06
15.1
15.04
43.06
5.08
5.08
5.0
10.06
136.92
25.18
25.06
5.04
15.1
15.1
10.12
20.08
5.0
5.06
5.04
5.04
5.06
31.7
5.04
15.06
10.06
5.0
51.28
5.04
75.06
147.04
5.02
5.0
10.16
151.98
5.08
15.12
5.0
5.02
5.02
5.06
35.12
33.36
5.06
10.06
15.04
5.04
5.06
15.06
10.06
10.06
10.08
25.08
5.04
39.5
30.1
5.04
5.02
10.04
142.1
137.08
15.04
10.08
15.06
5.08
10.04
20.12
5.04
5.1
5.0
15.06
5.1
10.04
73.3
5.02
5.02
10.1
10.02
33.46
25.08
15.02
147.02
5.08
15.02
5.02
25.08
15.08
50.34
5.06
10.08
137.0
142.46
9.2
69.52
5.06
141.94
25.1
15.14
15.06
146.96
5.08
20.12
15.1
137.06
10.06
152.02
25.22
15.08
25.12
10.08
5.04
15.08
10.02
5.06
15.06
25.1
16.76
20.04
10.02
10.12
15.02
20.12
5.06
5.1
10.06
25.08
5.16
10.04
5.04
5.12
10.06
15.04
25.14
10.06
25.08
10.08
10.02
10.04
10.06
20.06
5.02
5.02
10.06
5.04
15.1
152.02
10.06
25.1
20.06
152.14
10.1
15.02
25.18
10.08
30.12
10.02
5.1
5.02
147.04
5.08
5.08
20.08
5.06
5.04
20.12
5.06
5.06
20.08
10.04
5.02
25.08
10.08
10.08
5.06
20.06
25.14
5.04
10.04
15.08
5.0
25.06
10.08
5.02
25.06
38.54
5.2
10.06
15.04
15.06
5.02
20.06
5.06
142.04
15.08
15.12
20.04
5.04
5.04
20.02
34.24
20.04
25.12
10.1
5.06
20.12
20.08
20.06
15.06
5.08
10.12
51.6
15.04
26.76
5.06
10.06
5.04
137.02
20.12
62.3
141.96
10.06
15.04
5.0
10.04
10.1
25.12
5.06
10.06
15.04
5.02
15.06
10.06
10.06
5.02
5.04
10.08
100.04
5.02
20.02
10.02
10.1
5.02
5.02
10.04
5.02
15.08
25.12
20.08
10.06
156.4
98.12
25.08
147.14
5.02
20.12
20.06
15.12
5.04
5.18
15.06
25.08
20.08
5.04
25.08
20.1
25.06
5.06
5.06
25.1
5.06
21.64
15.04
15.06
5.02
20.06
5.1
5.06
5.02
20.1
10.06
15.08
5.04
142.0
5.06
5.1
10.1
15.12
15.08
10.04
20.08
15.08
5.1
25.08
10.06
5.02
30.1
141.96
157.06
20.08
95.56
25.06
148.92
5.04
11.82
15.08
15.06
5.06
10.06
15.06
5.04
15.12
10.02
146.94
146.96
15.12
10.06
10.04
15.06
15.06
5.06
5.04
20.1
15.08
15.1
10.06
15.1
5.06
10.08
5.08
20.06
5.18
25.12
10.02
5.06
15.06
5.04
20.06
25.08
37.86
123.96
5.04
86.7
25.06
5.06
5.02
147.06
156.98
15.08
5.06
5.08
10.0
25.1
20.06
10.08
5.0
5.06
5.06
10.08
15.1
10.08
5.04
10.06
5.04
10.08
5.08
5.04
10.06
5.08
20.08
10.06
25.12
15.1
20.06
10.04
5.06
20.06
5.04
15.04
15.06
15.08
5.04
212.78
20.06
15.16
69.76
20.08
15.06
15.02
152.06
5.12
25.08
269.64
229.84
10.04
29.22
15.08
5.02
5.04
5.04
5.04
5.04
20.1
5.08
5.02
39.54
20.12
10.08
5.02
10.06
10.0
10.08
5.02
5.08
156.96
5.1
20.06
152.12
15.06
5.02
20.1
15.1
6.72
10.08
5.06
20.06
5.06
192.46
15.08
10.04
20.1
5.08
15.08
10.02
10.06
15.02
15.02
5.06
10.06
10.04
5.06
5.06
159.28
15.12
15.1
20.12
136.92
94.18
20.06
142.0
15.1
10.12
15.08
20.1
10.1
25.08
20.12
5.06
5.04
10.1
20.06
20.08
5.06
5.06
5.02
5.04
10.04
147.06
20.1
15.76
5.02
5.0
25.14
5.02
10.06
10.06
152.0
5.02
15.06
10.04
15.06
10.06
83.8
142.0
5.06
5.06
5.04
5.0
10.06
5.08
41.68
5.12
20.12
15.1
5.1
15.08
5.04
10.06
15.04
15.04
10.06
142.0
20.08
141.94
190.38
5.04
15.08
10.04
15.1
15.1
20.06
10.08
103.36
20.06
15.08
20.1
15.04
15.1
15.04
5.06
15.06
5.04
10.06
10.06
15.1
54.82
10.06
156.98
20.08
5.08
15.02
157.14
5.02
5.08
5.08
20.1
5.0
15.08
15.04
5.0
142.04
5.04
15.1
15.04
5.04
5.02
10.12
110.86
135.58
20.12
15.12
10.02
5.02
15.06
15.18
5.06
10.1
26.8
24.18
10.08
5.04
25.1
5.02
5.04
20.08
5.04
10.1
147.1
5.02
142.02
5.06
15.12
5.08
10.08
15.14
20.08
10.06
5.08
10.06
10.04
20.1
15.06
5.06
20.12
5.0
5.04
10.04
20.12
15.08
132.8
10.1
147.14
157.06
136.98
5.02
5.04
5.06
20.06
146.94
10.04
25.24
20.1
15.1
15.06
10.1
5.04
10.08
10.12
10.14
5.04
15.06
20.14
5.02
5.0
5.1
5.04
40.72
15.2
10.08
10.08
15.14
5.04
5.06
5.02
5.04
25.16
15.16
5.02
15.02
20.04
5.04
5.04
10.02
15.14
5.02
5.04
45.94
10.06
15.04
5.04
5.04
10.08
25.1
15.08
30.22
5.08
5.04
15.04
5.02
354.42
5.08
5.06
10.1
25.12
5.02
5.02
15.06
15.08
5.02
10.08
25.12
25.08
5.02
5.04
5.04
10.04
15.1
10.02
5.02
106.18
58.68
59.82
139.66
15.06
20.08
52.36
10.04
5.06
5.06
10.06
15.12
15.08
5.06
157.0
15.08
10.08
5.04
20.1
20.12
15.1
20.1
10.1
147.08
20.08
5.06
25.06
5.1
5.02
5.06
5.1
15.08
35.12
10.06
10.08
5.0
5.06
20.12
5.02
5.04
20.14
5.04
5.02
20.04
5.06
15.08
20.08
10.1
5.02
5.06
10.04
20.06
20.08
151.98
15.08
20.04
15.08
34.68
5.02
10.1
103.34
10.02
15.06
10.08
10.02
15.06
20.08
15.1
20.06
5.06
35.08
5.04
10.1
15.04
15.08
5.06
5.04
15.06
10.08
5.08
15.06
5.12
15.06
5.04
5.06
10.02
5.06
5.0
5.08
5.04
25.1
15.1
5.06
5.12
15.06
5.02
25.08
5.04
10.02
15.08
15.16
5.0
5.0
10.06
5.06
5.06
57.18
10.06
15.14
10.08
25.08
163.3
39.64
5.02
20.12
5.06
5.1
15.06
20.08
10.08
5.12
20.1
5.02
5.06
5.02
10.02
5.04
10.1
10.06
136.92
5.1
5.1
25.06
10.08
25.02
5.04
10.04
5.04
5.06
20.14
5.06
10.1
15.1
15.06
5.06
20.12
5.04
5.02
20.12
20.08
30.1
15.06
5.04
15.06
5.04
5.12
20.02
20.06
25.12
20.06
5.02
5.02
51.58
25.04
25.12
15.04
5.02
5.08
10.12
25.1
20.1
5.08
15.1
15.04
146.94
15.08
25.12
20.02
15.08
25.08
152.02
5.06
5.0
5.0
136.98
10.06
5.04
141.98
5.04
32.2
5.08
143.26
5.04
10.04
20.02
5.1
5.06
5.08
26.94
5.1
137.02
137.02
5.04
20.08
5.1
15.0
20.06
15.1
20.06
15.1
136.98
15.06
156.98
15.04
5.04
136.98
5.12
63.86
10.04
15.06
10.08
10.08
20.06
5.02
5.06
5.1
15.04
47.84
15.06
10.04
15.12
20.1
5.08
10.1
10.02
5.06
137.02
10.08
10.04
5.1
5.04
10.06
15.04
5.04
25.12
142.08
10.04
141.96
15.06
15.1
15.06
10.08
5.06
5.02
5.06
27.9
10.08
5.04
5.04
10.12
20.08
20.02
31.28
25.04
10.02
20.08
335.64
10.06
15.02
44.02
128.38
25.14
11.76
20.08
10.04
5.04
20.1
20.04
5.0
10.04
61.56
5.06
5.04
15.08
10.02
5.04
5.02
5.04
10.02
5.02
15.1
15.06
10.08
20.1
20.08
25.06
5.12
25.12
20.08
25.1
5.08
15.08
5.02
30.14
16.64
147.02
136.94
15.06
284.26
137.06
141.96
106.12
5.0
5.02
15.1
20.1
5.04
20.06
20.2
20.06
20.1
15.04
5.06
15.04
5.02
5.04
5.04
5.02
15.08
10.12
159.82
15.08
20.1
5.14
15.04
20.08
10.08
15.06
5.06
15.12
10.06
31.72
5.04
10.02
15.04
142.0
136.84
10.04
25.1
35.12
20.06
20.1
20.1
10.06
5.24
152.0
25.1
10.08
20.1
5.08
24.04
10.04
15.04
20.08
5.06
10.14
151.98
5.06
30.88
5.1
25.12
15.08
5.06
5.04
25.14
25.12
35.08
20.06
15.08
40.96
15.04
10.04
5.02
15.06
25.08
5.08
20.1
142.06
5.04
25.08
10.06
10.04
152.04
20.1
20.08
5.02
20.04
15.06
20.12
83.8
25.06
15.04
25.14
21.06
5.04
20.08
5.1
5.02
15.06
5.06
20.06
25.1
20.12
30.06
5.04
25.1
5.04
5.1
10.04
30.12
10.02
15.08
10.04
5.04
5.02
5.06
5.06
25.06
5.08
5.04
10.02
10.06
5.08
5.06
20.14
20.1
5.02
25.04
147.02
15.04
5.04
10.1
15.1
15.1
10.1
5.04
5.06
5.08
147.02
20.1
15.08
5.06
5.06
10.0
15.04
20.04
20.04
20.1
5.02
15.02
5.02
152.06
147.08
137.02
25.1
20.1
10.0
284.04
83.08
10.04
15.08
48.92
5.06
5.04
15.08
5.04
142.0
90.36
15.08
15.02
15.04
5.02
25.1
157.7
15.12
14.56
15.08
10.08
78.82
5.04
273.88
10.08
273.98
5.06
5.1
10.12
10.26
20.06
10.08
5.08
5.04
10.06
20.06
25.1
20.16
15.02
25.08
5.04
157.04
5.08
10.04
25.1
15.08
10.08
10.04
5.06
10.02
20.1
5.06
10.08
98.78
5.06
5.08
88.78
20.12
15.06
15.02
147.0
146.96
25.2
5.04
5.08
15.1
10.08
137.04
15.1
10.02
5.02
25.06
25.14
15.1
5.08
5.04
40.1
20.1
15.06
25.1
5.1
20.08
10.02
31.74
5.04
5.06
10.06
5.08
10.06
5.06
20.1
10.08
15.06
5.08
15.04
10.06
5.06
20.08
35.06
136.94
15.1
10.04
25.3
5.02
48.24
152.08
162.06
10.12
5.02
15.04
11.76
29.16
20.14
10.04
20.1
20.04
5.02
30.12
25.06
5.04
20.06
5.1
30.08
15.08
147.06
156.96
15.04
5.04
10.06
10.04
5.02
10.06
15.06
5.04
25.08
15.1
5.06
25.1
15.06
116.36
15.1
5.04
10.08
15.1
10.08
15.02
5.08
5.02
20.06
10.02
5.04
20.08
5.08
5.08
5.02
5.06
15.06
20.06
5.16
5.06
15.06
10.06
35.14
66.5
20.08
31.76
5.04
5.06
15.08
15.1
5.08
25.14
5.04
20.04
15.02
20.12
15.04
20.12
5.06
20.06
10.02
10.04
15.0
15.1
10.14
5.06
20.06
15.08
15.02
5.06
20.06
5.12
10.08
10.06
20.08
35.12
5.08
20.12
15.04
5.08
35.1
5.04
15.06
5.06
20.16
15.02
20.04
5.06
15.08
10.02
25.08
15.08
25.1
5.02
10.04
5.06
10.06
15.06
5.06
5.06
15.04
5.06
5.06
5.06
10.06
142.04
10.06
15.1
10.08
96.68
289.12
25.12
156.94
20.32
5.06
10.06
20.08
5.06
5.04
20.46
5.16
15.62
15.1
137.0
15.06
147.06
142.06
10.0
136.98
15.08
15.1
5.02
10.04
15.08
15.1
192.68
10.08
10.04
25.08
10.1
5.1
5.06
25.12
10.04
5.02
15.08
5.04
5.06
5.08
5.02
10.04
151.98
20.14
146.98
20.08
15.06
20.12
10.06
25.04
5.04
30.14
5.02
15.08
136.98
142.06
162.12
162.12
5.02
25.08
5.04
5.08
10.04
5.06
75.34
157.04
5.08
10.1
15.08
10.08
25.08
20.08
5.04
152.04
10.08
5.02
5.0
5.08
15.12
31.16
20.06
15.08
5.06
10.04
15.12
5.08
10.06
30.1
32.24
5.06
147.06
137.08
269.26
10.04
20.04
15.06
20.08
15.12
10.06
15.1
146.98
10.06
152.06
15.08
5.04
15.06
25.08
15.06
53.5
20.1
10.08
25.06
5.02
20.1
15.08
58.72
20.04
5.02
5.08
15.06
5.06
15.08
15.06
10.04
5.08
5.0
10.12
137.08
15.04
10.1
20.04
10.22
15.06
5.04
10.04
15.04
5.06
5.04
15.1
15.14
5.06
5.04
15.08
5.08
5.06
31.24
25.1
15.08
10.1
10.06
5.04
15.04
25.1
10.08
15.16
26.4
87.22
25.1
5.06
10.06
15.02
108.2
128.64
10.02
62.12
15.34
10.06
5.06
20.14
10.1
5.06
15.1
5.02
5.1
5.04
25.1
5.06
25.12
5.02
15.06
20.04
15.04
10.08
5.02
20.08
5.06
25.12
5.06
40.92
130.08
5.08
5.06
5.02
25.14
25.1
5.06
15.1
5.08
142.0
5.06
141.96
15.04
15.06
5.04
15.1
46.42
5.02
5.04
5.1
5.06
20.06
5.06
20.08
10.06
25.12
10.02
147.06
20.06
10.12
113.3
119.32
15.1
94.68
25.1
28.64
15.1
157.06
10.06
5.0
5.02
152.08
5.04
186.1
5.02
21.28
15.1
46.96
191.96
5.1
15.1
20.04
15.0
5.04
10.08
5.02
39.36
15.1
25.06
25.1
53.0
15.04
5.02
10.06
10.02
5.1
5.04
10.06
20.1
10.1
5.06
10.06
20.08
5.1
15.04
151.98
142.06
36.32
10.08
15.04
20.02
10.1
5.06
15.06
5.06
5.0
10.08
25.2
5.02
5.06
25.1
5.08
5.02
15.04
10.04
20.08
15.08
5.04
11.6
25.2
5.06
10.06
5.06
20.1
142.1
157.1
5.08
5.08
142.02
157.08
141.96
10.06
15.24
20.08
5.1
5.08
5.02
5.06
20.06
25.14
5.08
10.08
10.06
25.04
10.0
20.04
5.08
15.06
25.04
5.06
141.96
5.06
10.1
5.08
25.1
10.1
5.06
20.12
32.96
5.02
10.06
5.06
15.06
5.04
20.08
10.18
15.14
10.14
73.24
15.1
5.02
25.1
20.1
10.06
25.1
5.08
5.0
5.06
15.1
5.08
10.06
15.04
25.1
10.0
5.04
19.32
5.12
10.04
20.1
142.08
20.04
15.08
10.1
15.08
5.02
15.14
5.06
5.04
5.06
5.12
23.62
15.14
20.06
5.08
10.1
20.08
136.96
35.12
15.1
16.3
5.02
5.0
15.1
10.04
10.02
14.6
5.08
10.08
5.08
15.08
15.06
20.04
5.06
20.2
5.06
10.06
10.1
5.04
20.08
152.06
20.82
31.04
76.2
20.12
19.0
20.12
5.06
5.02
10.12
5.16
20.06
15.1
5.02
5.2
46.4
15.04
10.02
10.06
10.04
35.22
10.08
20.12
5.08
318.5
20.1
15.06
15.06
5.06
48.94
150.96
135.86
5.02
5.08
10.0
20.06
5.02
15.04
20.04
10.04
5.04
5.0
136.96
15.04
5.08
25.1
10.16
20.08
15.08
30.14
15.08
152.0
5.02
15.08
152.04
20.08
5.02
15.06
10.1
132.68
5.1
5.16
32.5
20.22
5.04
10.12
15.08
10.04
10.06
15.04
5.04
5.06
147.06
15.1
151.9
5.08
5.04
15.06
20.12
5.14
15.1
15.08
15.1
10.08
25.18
5.06
5.04
20.04
152.04
10.02
11.7
20.18
5.08
5.02
20.06
10.02
5.06
20.06
5.04
5.14
5.06
10.06
56.68
137.02
31.32
15.02
20.8
15.04
5.0
5.02
5.08
289.1
10.1
15.08
10.06
5.04
15.1
10.08
5.06
5.04
5.02
20.08
5.06
10.14
20.1
25.1
15.06
5.06
10.04
10.04
25.04
5.24
5.1
15.06
10.08
10.08
5.02
20.08
25.1
25.16
10.06
5.04
15.06
5.06
5.08
5.06
15.08
30.1
25.1
20.06
10.02
10.1
11.8
114.3
15.08
5.02
142.02
5.04
10.08
10.06
5.04
10.04
5.06
46.88
5.06
15.02
10.06
142.08
10.08
77.76
5.06
20.08
5.0
5.06
20.08
15.04
20.12
15.06
5.06
15.08
5.04
15.06
10.0
10.06
25.06
147.02
129.32
5.02
20.08
10.06
15.12
5.02
5.08
26.24
5.06
15.06
25.1
6.16
25.1
15.08
5.02
5.08
288.96
10.12
5.02
15.04
5.0
15.08
5.06
30.08
5.08
10.08
20.08
5.08
5.06
25.04
20.08
5.02
5.14
5.1
39.38
20.06
5.02
147.02
5.02
10.1
15.02
10.08
10.06
5.06
10.04
15.06
5.0
5.1
288.88
283.98
56.0
46.48
5.06
20.14
25.12
10.08
5.06
15.02
130.3
5.0
25.08
288.98
5.06
25.1
10.08
5.06
512.24
5.04
15.1
25.08
275.44
10.04
146.98
5.08
20.16
10.12
5.0
157.02
39.16
20.06
20.54
10.16
10.08
5.06
15.04
11.22
5.06
5.02
147.0
137.0
5.04
46.68
10.04
10.04
20.04
20.38
5.04
5.0
20.1
157.04
167.1
5.02
5.08
5.06
5.08
284.08
5.04
20.02
15.06
15.04
25.08
129.04
293.94
25.1
134.54
10.06
15.02
302.16
5.1
15.14
5.04
136.96
5.06
5.3
5.02
20.08
20.08
5.1
5.06
5.08
5.06
46.7
15.08
20.1
5.04
15.1
5.1
10.04
147.04
15.06
298.22
10.08
152.04
25.12
5.06
15.02
15.1
15.08
5.04
10.04
5.08
5.12
10.08
15.06
5.04
5.04
10.08
35.12
118.08
5.04
10.06
10.04
10.02
5.08
80.36
15.04
5.04
5.14
20.12
5.1
25.14
15.08
5.04
5.02
10.04
15.06
5.04
10.08
10.06
10.06
10.12
62.48
15.08
20.06
5.02
20.08
10.08
10.06
152.0
142.04
15.06
5.02
10.06
5.06
5.06
25.1
5.04
5.04
5.04
137.0
5.12
5.0
10.06
15.08
141.98
20.08
21.66
10.08
15.08
15.08
5.1
15.08
5.04
15.12
147.06
152.02
5.08
5.02
5.06
142.02
20.08
10.08
137.12
5.04
147.12
5.06
16.5
10.02
10.06
5.04
10.04
194.42
5.08
277.8
15.1
5.1
142.06
142.0
25.1
5.02
5.08
5.02
5.06
5.02
10.02
25.06
20.1
15.06
20.22
5.14
5.04
10.06
44.96
15.08
15.08
10.04
20.06
5.14
20.1
72.74
10.1
117.12
5.06
5.06
10.06
5.08
137.04
25.04
15.08
5.04
20.1
147.04
5.02
137.04
24.86
109.46
5.06
15.04
20.08
84.1
25.1
25.06
20.06
10.02
157.04
5.04
35.12
142.0
15.06
147.0
151.96
30.2
15.08
25.12
5.06
21.58
5.1
15.08
86.1
274.02
20.1
15.04
5.08
20.16
20.1
5.04
5.04
5.04
5.08
180.86
10.0
5.0
350.28
5.1
5.02
120.98
5.04
30.06
10.06
20.18
124.58
5.0
5.04
39.3
10.1
136.9
15.04
20.08
5.04
15.1
11.8
53.9
15.08
25.12
10.02
5.0
10.08
5.04
5.06
20.08
15.1
15.08
143.58
15.12
15.08
5.04
15.02
5.04
15.06
141.98
5.1
5.1
5.02
137.02
136.96
10.1
142.02
30.14
10.04
15.06
25.08
147.04
10.02
5.08
142.04
5.06
25.1
116.36
5.06
5.06
5.06
10.02
25.1
10.1
57.14
5.08
20.1
5.04
30.12
10.02
5.06
5.0
5.02
15.02
5.06
5.04
5.02
10.04
20.12
15.06
5.06
13.54
25.1
76.24
5.08
5.04
5.06
5.04
5.04
5.08
5.08
20.1
15.1
15.08
15.12
10.06
10.04
5.02
152.08
15.08
10.06
5.04
21.04
10.06
51.42
78.58
156.9
5.02
5.0
20.04
5.04
10.0
136.94
10.12
15.08
10.02
5.08
71.9
15.06
15.0
5.06
15.06
15.08
35.1
136.9
45.42
10.1
88.32
20.08
35.46
15.06
5.02
15.1
5.02
20.12
5.08
5.14
142.0
15.08
31.36
15.04
15.1
15.08
10.06
126.92
5.1
10.06
5.0
10.06
27.58
15.08
90.54
263.9
5.02
147.04
10.04
15.06
15.08
5.04
146.94
5.12
10.04
10.1
231.06
5.12
89.7
10.04
38.6
40.1
5.1
25.12
293.98
15.04
20.06
25.08
15.1
195.12
5.02
5.08
15.04
5.14
15.06
178.7
43.78
89.9
20.14
5.1
15.12
15.12
20.08
15.1
5.06
25.1
5.1
10.06
15.04
10.06
6.6
10.06
40.1
137.02
25.1
5.02
20.08
152.0
10.08
20.12
5.06
10.04
10.04
10.04
10.14
10.02
61.62
147.02
119.94
10.06
5.02
5.04
5.06
15.08
5.06
147.12
10.08
137.06
10.04
93.0
10.06
15.08
5.06
5.06
10.1
20.08
15.08
249.84
15.06
15.0
5.04
15.02
15.08
151.98
10.04
5.0
10.06
25.1
15.08
20.06
10.06
20.14
223.14
5.08
10.04
15.14
40.22
25.1
20.1
5.1
157.12
5.04
10.04
5.08
5.04
10.06
5.02
10.08
5.02
5.02
20.12
5.06
5.06
104.72
5.16
5.1
20.1
25.1
10.04
10.04
10.18
25.12
15.08
15.02
20.2
5.16
25.06
10.06
53.66
142.04
15.0
5.06
136.94
15.04
5.1
5.0
20.06
142.08
5.08
10.06
5.04
30.12
5.02
35.14
5.06
10.04
15.06
5.04
15.06
5.08
20.04
20.08
5.08
10.12
5.02
5.0
157.02
5.06
20.12
15.06
5.06
5.06
5.08
5.06
25.08
10.06
10.1
5.06
25.14
59.48
20.08
20.1
10.02
20.04
15.06
5.06
15.1
15.06
10.08
5.04
15.06
5.02
15.12
25.1
20.08
5.04
5.04
40.0
10.02
5.06
10.16
20.1
15.06
25.1
5.06
20.1
20.14
10.1
15.04
5.02
142.0
10.04
5.06
137.14
15.02
51.02
5.08
25.1
25.08
15.08
15.06
5.04
25.18
84.12
5.04
137.0
15.12
10.04
5.04
10.04
5.06
15.08
5.02
25.1
10.04
77.74
10.1
20.12
5.04
5.06
20.08
5.08
10.14
15.08
52.56
5.04
10.08
128.54
5.02
5.04
15.06
15.06
10.08
10.04
5.02
15.04
15.12
5.02
10.06
10.06
15.04
20.08
25.08
10.04
20.08
15.04
5.06
25.08
237.3
147.16
278.86
151.98
15.02
137.0
5.06
136.84
20.04
20.12
5.06
15.06
5.1
10.08
25.18
10.08
30.06
5.06
10.04
10.06
20.14
20.1
43.04
15.04
5.08
20.08
10.02
5.02
145.78
5.08
5.06
25.1
5.06
5.06
10.06
15.1
5.04
30.1
5.06
18.12
15.06
10.08
25.18
5.06
5.08
5.04
20.06
5.06
5.04
5.08
5.14
10.1
5.0
15.04
5.04
5.08
5.08
20.08
151.98
157.14
25.08
157.02
5.06
147.04
5.06
152.06
5.04
5.04
15.12
5.02
5.1
5.08
5.0
5.08
15.04
15.1
20.1
5.02
10.08
15.08
20.08
10.08
5.0
20.08
5.08
5.04
157.1
157.08
20.08
5.1
5.04
5.04
20.08
10.1
20.08
10.08
5.02
5.04
5.02
10.04
10.06
15.04
20.08
10.14
25.1
51.54
140.42
15.06
15.06
5.1
5.08
241.72
10.08
20.1
25.12
93.98
137.06
146.76
10.04
20.08
10.02
10.06
30.12
15.1
15.1
15.1
15.04
15.08
35.1
5.06
5.1
15.12
5.02
10.04
10.06
5.0
147.08
5.08
15.04
5.02
5.06
15.08
5.06
5.06
10.06
15.08
25.1
5.0
10.02
15.02
15.12
15.06
5.04
15.06
152.04
152.06
10.02
128.26
5.08
5.1
5.06
30.6
15.06
25.1
15.1
5.16
25.08
10.04
5.1
20.06
10.1
20.14
10.1
5.08
15.1
25.2
39.7
20.04
10.04
20.14
5.08
5.0
32.52
5.02
5.1
15.12
5.08
157.1
5.06
25.1
143.78
25.12
10.16
30.12
25.04
5.04
20.14
35.96
5.1
20.08
5.06
15.06
5.04
15.12
15.08
20.08
5.06
10.1
25.92
15.24
10.02
5.12
15.08
25.1
10.08
15.04
15.1
5.08
5.04
5.1
5.08
5.04
15.1
5.04
5.04
30.64
104.14
146.98
32.76
10.08
15.06
5.1
5.1
15.06
15.0
5.1
10.08
20.06
5.18
5.06
15.06
15.04
5.12
5.02
5.1
5.04
38.44
5.0
15.16
25.12
5.0
10.06
20.08
5.04
10.02
21.48
157.02
20.1
10.08
10.12
15.06
10.06
20.1
15.04
5.08
5.12
10.06
5.04
20.06
5.06
15.08
10.08
5.04
10.08
10.08
5.02
5.1
5.08
5.02
25.06
5.18
15.12
15.08
25.12
10.06
20.06
84.32
167.14
167.08
20.12
20.08
15.02
5.0
10.08
142.08
5.06
25.04
15.04
5.06
51.64
5.12
19.7
20.02
5.0
15.08
20.06
25.12
8.88
10.06
20.1
10.0
25.1
5.08
5.08
10.04
10.1
5.02
25.06
137.06
5.04
60.72
15.04
15.08
10.06
15.08
5.04
10.08
5.02
25.06
20.2
30.1
5.08
15.06
5.04
20.1
73.08
141.96
15.06
5.12
5.06
20.08
5.04
10.04
15.04
20.08
147.06
10.04
20.12
15.08
5.04
538.56
5.06
20.12
5.06
142.0
5.12
15.08
15.02
5.04
5.02
15.06
5.04
5.06
168.84
20.1
10.08
415.86
25.1
15.06
273.96
10.08
15.1
15.14
146.86
10.08
110.76
10.12
5.02
5.06
5.08
5.12
5.08
264.78
10.08
25.12
22.92
17.36
5.02
141.98
151.96
120.9
113.44
10.06
5.06
5.06
10.14
10.06
5.08
15.12
20.06
5.04
5.0
20.08
503.52
15.1
5.04
5.08
15.1
5.08
15.06
5.08
5.08
162.08
5.04
5.08
5.06
15.04
10.04
15.08
141.8
25.06
10.12
20.08
20.12
10.1
10.14
20.06
10.04
10.06
5.04
52.16
15.1
20.1
15.1
10.06
5.08
20.06
15.12
5.04
30.12
15.04
25.1
63.04
5.02
25.08
15.12
92.92
142.02
15.04
15.16
20.1
15.06
5.06
20.92
15.12
5.04
10.06
5.06
15.02
20.08
20.06
5.08
10.04
15.1
244.38
10.06
10.06
10.1
162.12
55.74
5.06
5.08
20.1
5.08
10.02
127.88
20.08
15.2
15.06
5.18
5.04
15.06
5.06
10.08
25.1
282.04
15.1
5.02
25.2
5.08
25.06
5.12
25.12
5.1
5.08
10.12
15.04
15.04
15.12
5.12
15.16
271.66
5.02
33.24
10.06
10.0
5.04
20.06
5.04
157.04
20.04
10.1
5.08
5.04
25.12
15.04
152.06
10.08
20.08
20.12
15.08
5.0
15.04
25.12
15.12
5.04
10.08
10.0
15.06
10.04
136.92
167.04
21.54
10.02
15.06
49.64
15.08
15.06
30.06
25.1
15.08
5.0
15.02
20.08
5.02
5.16
15.08
5.06
151.98
15.1
5.0
15.12
5.08
5.02
5.06
20.08
15.06
5.08
39.88
10.08
10.06
37.08
10.06
15.06
5.02
25.06
20.16
5.12
5.04
20.08
20.08
25.1
25.08
5.04
5.04
236.34
5.18
147.0
10.02
5.08
5.02
15.1
5.08
5.04
5.04
5.22
15.04
15.08
15.04
28.24
11.68
25.08
5.06
10.1
5.08
5.0
5.08
20.14
10.06
15.04
97.62
137.12
283.98
289.0
153.92
152.02
5.02
151.98
5.08
15.06
20.12
258.18
20.04
5.06
35.06
5.12
10.1
5.1
5.04
5.06
5.04
5.08
20.04
5.02
5.08
35.1
10.1
20.08
5.02
10.06
15.06
25.08
15.02
35.16
15.1
20.08
5.04
5.06
5.06
20.06
10.06
10.06
5.02
20.06
25.1
39.0
30.1
25.1
25.1
5.04
5.08
5.08
35.88
35.12
15.1
25.08
17.7
10.04
5.04
5.02
10.06
5.04
30.98
135.1
120.42
5.0
10.1
5.06
15.06
35.14
10.1
15.04
15.04
20.06
20.06
25.7
20.08
5.02
5.04
5.06
5.04
10.04
5.04
5.08
15.12
71.04
10.06
5.02
20.06
137.06
15.14
5.14
15.06
5.06
20.04
50.6
20.1
15.04
20.06
15.08
10.1
25.08
30.08
10.02
51.18
15.06
5.06
25.12
10.02
5.1
5.02
25.08
5.02
5.02
15.08
5.02
20.08
15.08
15.04
5.06
5.06
20.08
25.1
5.02
20.1
10.18
15.04
15.06
5.08
30.08
5.02
15.04
20.1
5.04
15.1
20.1
5.06
15.06
5.02
5.02
30.14
5.06
20.04
40.58
5.04
25.04
410.9
15.08
10.06
10.02
20.06
149.14
21.74
43.52
137.0
10.12
5.06
10.04
10.06
25.06
10.0
5.06
5.04
5.02
25.1
5.02
10.04
15.08
15.16
5.0
116.28
10.04
25.1
146.94
15.1
10.08
20.08
5.06
15.06
15.04
15.04
10.06
5.08
15.06
5.04
10.06
15.08
20.06
5.04
10.08
10.06
5.04
20.28
15.08
15.14
20.12
15.06
15.04
5.06
5.1
20.08
5.02
5.06
17.42
10.08
137.04
25.08
146.96
5.02
10.04
20.08
15.1
136.2
20.12
125.12
5.06
15.1
25.08
80.5
15.08
15.08
130.82
152.06
10.08
116.4
8.7
25.12
6.26
15.08
15.04
10.02
10.08
15.26
10.04
10.06
10.12
25.08
10.1
5.04
15.06
20.08
5.08
5.04
15.04
10.06
10.08
152.14
20.06
75.52
5.1
136.98
10.04
15.02
15.04
25.06
40.12
20.1
10.08
35.16
25.1
10.08
5.06
5.02
25.06
15.12
5.02
25.08
10.04
118.82
5.02
20.04
5.02
10.04
5.1
137.08
151.94
5.0
102.44
135.48
142.02
10.04
52.84
5.9
10.04
5.0
20.12
152.04
5.12
10.04
5.02
25.1
20.16
25.12
5.02
25.04
15.04
25.06
5.1
15.14
10.1
25.08
25.1
15.06
15.16
5.14
157.02
15.18
20.1
41.3
10.18
10.02
15.08
15.1
25.04
15.14
15.08
20.02
268.46
5.06
5.06
10.1
10.06
10.12
15.12
10.08
15.12
5.1
20.08
5.04
15.06
142.04
10.06
15.08
20.1
148.06
20.08
5.04
163.96
5.06
5.1
5.04
30.12
15.08
15.1
10.08
35.12
15.04
5.08
15.02
15.04
5.02
15.06
35.16
15.04
10.16
5.16
15.06
10.16
5.06
10.08
40.12
40.12
15.06
152.1
9.36
10.06
162.26
15.04
20.0
5.04
15.04
20.08
5.04
20.06
10.08
5.04
15.06
15.1
5.04
25.02
20.14
5.04
10.1
5.08
5.06
136.92
20.06
5.08
5.1
35.86
5.28
20.08
157.06
20.08
92.82
137.04
5.06
15.1
5.08
10.06
146.94
5.06
99.92
20.08
10.06
10.06
15.04
15.16
15.16
5.06
5.04
10.1
5.04
5.08
15.08
15.06
15.08
10.08
5.14
10.04
5.04
15.08
43.54
5.02
15.02
146.98
20.04
10.06
15.04
10.06
5.12
5.02
5.02
20.08
5.06
15.06
10.06
15.08
5.08
5.04
15.1
20.04
25.06
15.08
10.06
154.3
5.04
25.02
10.1
15.06
137.04
5.0
15.06
20.02
5.12
15.1
25.08
10.06
13.2
25.1
113.74
15.1
15.08
15.12
146.98
10.0
10.08
15.18
10.06
5.04
15.08
20.1
5.08
162.08
10.08
5.0
5.0
15.08
126.32
5.02
31.04
137.06
137.08
294.06
5.0
10.04
20.04
10.1
49.98
15.06
15.1
25.08
109.76
136.88
15.06
23.12
31.66
15.16
5.02
10.06
131.44
98.42
10.08
5.1
126.9
10.04
5.04
5.02
5.02
5.06
10.08
15.06
15.12
25.06
130.64
143.58
5.14
20.08
15.1
20.12
5.04
15.08
10.08
5.06
25.12
10.06
25.1
68.8
10.04
135.74
15.1
20.14
507.68
5.06
5.04
10.16
5.04
25.12
20.1
5.06
81.92
27.56
10.04
162.06
20.12
136.92
20.02
93.78
5.02
78.02
20.06
10.02
10.06
5.06
25.08
5.02
35.2
10.06
25.08
136.94
5.1
10.06
15.06
5.02
10.08
15.0
64.06
15.08
11.92
15.08
25.12
15.06
15.06
15.08
5.04
5.06
5.08
20.08
15.08
15.04
20.04
25.14
10.02
40.1
10.08
10.06
5.08
15.08
5.04
25.1
15.12
10.06
5.08
5.04
5.1
5.02
142.04
15.1
25.06
5.06
5.02
20.1
5.04
20.04
5.08
10.08
5.06
5.14
5.04
10.0
15.06
5.06
15.08
15.04
5.02
15.04
10.06
20.12
20.08
10.04
10.08
25.08
10.02
5.08
87.98
12.08
20.06
84.0
10.0
49.84
20.06
65.1
15.02
15.08
10.14
20.06
10.1
10.08
289.04
25.1
5.02
5.0
5.04
15.12
5.04
15.1
152.08
15.08
10.08
20.08
5.06
20.06
5.12
76.72
15.06
5.04
5.06
10.06
20.06
5.04
10.04
10.1
10.1
30.24
5.06
5.08
15.1
5.02
10.06
15.08
10.08
15.08
15.06
5.02
10.02
124.72
233.36
15.08
5.04
137.06
30.18
10.06
5.14
25.1
15.06
6.76
53.16
85.58
5.04
142.04
137.12
98.6
5.1
20.08
5.1
5.08
5.04
30.08
15.08
100.34
89.84
20.12
5.08
10.08
15.08
186.06
15.04
30.14
15.06
5.1
10.06
5.06
5.02
194.74
5.08
5.02
15.06
146.96
5.06
120.08
5.04
5.06
10.08
10.02
83.1
5.04
5.04
25.08
15.08
10.06
10.08
25.08
5.06
458.64
20.08
137.08
10.1
5.14
10.02
5.1
20.06
10.04
10.08
5.08
10.08
25.12
20.06
15.06
10.02
5.08
5.06
5.04
15.06
5.06
20.1
5.04
10.02
5.02
20.1
5.08
20.08
25.06
5.04
5.06
15.08
152.06
5.1
15.08
30.12
5.0
70.56
142.04
20.16
147.1
152.14
5.08
20.14
5.06
5.04
5.04
10.1
5.02
30.04
5.04
10.12
5.06
30.12
15.12
10.14
15.1
25.06
5.06
15.16
142.1
15.1
15.04
156.98
5.08
15.08
10.04
25.08
5.04
25.06
15.06
5.1
5.06
5.04
15.06
28.02
5.06
10.0
5.14
10.04
10.04
20.08
5.06
25.1
15.06
5.04
10.08
5.1
161.96
20.06
5.12
5.1
15.1
20.1
15.12
20.22
5.06
157.0
5.02
10.08
5.04
25.08
33.3
20.08
5.08
15.1
5.1
30.06
135.28
10.04
5.04
36.26
5.04
10.1
5.08
10.06
20.06
10.04
20.12
5.08
5.02
15.02
5.08
20.08
5.04
5.1
20.12
5.04
10.08
10.0
10.06
5.08
10.04
5.08
18.96
5.02
51.36
5.1
5.06
5.02
20.12
15.12
16.76
15.08
20.24
5.06
10.02
5.06
20.08
10.08
5.08
20.14
25.12
5.04
5.04
5.12
10.08
10.0
5.08
5.06
10.1
5.06
10.06
5.02
20.12
10.14
10.12
5.04
15.08
15.1
5.08
15.06
5.02
10.06
25.1
10.06
5.06
20.04
10.02
10.1
5.06
5.06
20.1
20.06
5.06
25.08
10.06
5.08
35.42
5.06
10.08
5.02
10.16
25.06
74.92
5.08
5.04
6.64
20.02
15.04
20.04
26.66
5.08
15.18
5.04
5.08
5.04
10.02
41.1
5.12
20.02
137.0
142.04
157.1
25.12
5.06
5.06
10.0
20.12
5.04
25.08
157.08
147.04
5.0
15.08
25.08
20.06
5.06
5.04
25.1
10.12
20.08
20.12
10.1
25.06
5.08
9.12
137.02
5.06
70.08
25.08
5.06
25.08
25.1
15.06
20.06
15.04
25.1
10.08
10.06
5.0
10.08
5.06
5.06
15.08
20.1
20.18
142.02
151.9
5.1
5.06
20.12
5.04
5.04
20.1
20.08
15.1
16.8
20.08
10.04
5.08
5.1
10.08
156.96
70.72
20.1
20.12
20.06
10.22
5.02
20.08
10.12
5.1
15.14
10.08
20.08
20.1
25.14
15.04
141.94
5.02
10.1
5.12
5.06
5.12
20.06
5.12
15.02
5.04
15.16
10.08
5.04
5.1
10.06
5.1
5.08
15.1
25.08
20.06
5.22
5.06
25.1
5.02
15.14
5.08
10.04
10.06
47.56
71.18
25.08
30.12
151.98
20.06
5.02
15.12
20.12
5.06
236.92
10.04
5.04
15.06
5.04
15.04
20.1
5.02
5.06
15.1
10.06
44.72
25.14
15.04
5.12
15.08
20.1
5.06
10.12
5.08
20.1
15.08
15.14
15.06
25.06
5.04
5.12
25.08
10.08
5.02
15.12
151.98
25.06
15.06
5.06
101.3
5.08
25.08
5.1
10.04
5.1
137.02
5.06
20.06
15.02
10.1
5.0
25.12
152.06
10.06
20.08
5.04
15.06
10.08
5.02
20.1
10.08
20.06
5.08
20.06
5.08
5.04
15.16
5.0
10.06
5.16
20.08
141.9
5.08
15.04
5.08
20.18
5.04
15.14
15.1
15.06
15.06
15.02
10.06
30.12
5.06
5.02
5.06
10.06
25.12
107.18
61.52
15.08
10.08
14.02
5.08
10.04
5.06
5.1
100.46
152.02
10.08
5.02
15.06
15.04
20.04
25.12
10.04
15.04
15.1
10.04
15.12
5.06
10.0
10.08
5.0
15.04
5.02
15.06
25.08
5.1
5.08
10.02
10.06
15.08
19.1
10.06
5.04
5.04
15.1
15.06
15.12
20.06
25.12
35.1
15.1
79.64
20.1
28.62
5.12
20.14
20.06
15.14
25.18
15.06
25.12
10.02
5.04
135.5
5.0
25.14
20.08
10.04
10.12
5.16
5.06
20.08
154.02
20.1
146.98
20.08
5.06
10.1
10.06
67.88
10.3
20.1
5.06
30.06
20.08
15.08
10.1
5.06
5.06
93.64
10.18
15.08
75.16
5.02
5.06
152.0
20.02
25.12
10.02
126.06
108.94
66.46
5.04
5.06
20.1
10.08
25.22
5.1
5.04
5.02
31.9
25.06
10.06
288.96
10.02
142.0
15.14
5.08
25.08
5.1
5.04
25.04
5.12
25.08
5.04
142.04
10.02
100.76
25.12
137.02
10.12
25.04
35.22
20.04
30.14
5.06
15.08
20.06
10.06
10.08
147.1
5.06
25.1
50.46
44.22
20.14
5.1
20.1
25.08
5.06
20.08
26.1
10.1
15.02
20.16
25.16
15.1
5.08
5.04
25.22
58.04
10.04
10.08
25.12
10.12
15.08
10.22
25.1
10.16
53.98
15.06
15.02
5.08
10.08
5.04
15.08
20.06
5.08
293.88
10.04
5.1
25.12
5.06
25.08
10.1
20.1
8.92
141.9
10.12
10.14
35.14
10.06
5.06
25.22
10.14
19.4
5.04
19.1
5.08
137.04
15.02
10.02
152.0
10.08
15.04
5.06
15.06
5.1
25.08
5.06
10.1
5.1
176.6
5.0
15.1
5.04
5.2
25.1
10.02
157.02
20.04
5.04
157.12
147.06
15.06
5.06
10.08
15.14
10.1
111.92
5.06
15.06
142.04
74.58
15.04
32.68
157.02
5.06
15.08
20.08
5.0
20.12
10.1
5.02
10.06
10.04
10.08
10.08
10.02
53.94
15.1
15.08
10.08
20.02
10.08
20.08
10.06
20.04
10.08
9.02
51.28
84.0
5.08
20.04
15.08
145.42
5.04
25.06
5.02
5.0
15.18
128.2
5.08
5.06
5.1
5.08
10.06
5.16
5.02
5.1
10.08
10.04
5.08
5.04
5.1
15.06
25.06
5.04
25.1
15.06
5.04
5.06
15.08
10.0
5.06
15.08
15.0
15.08
5.04
15.08
5.06
10.08
5.02
133.56
5.02
152.08
147.02
273.98
10.02
41.12
5.04
5.02
15.08
5.04
10.04
5.06
147.0
25.08
25.1
15.12
5.04
5.02
10.08
10.04
5.1
5.02
15.12
15.12
5.1
20.08
83.78
10.18
20.06
73.06
31.76
30.1
25.08
15.08
30.08
5.08
5.04
10.08
5.04
25.12
5.1
20.2
20.08
20.02
5.04
26.78
5.04
118.08
137.02
5.02
137.1
130.02
38.52
10.1
15.06
53.74
136.94
151.98
136.98
5.12
15.08
137.02
5.1
5.06
201.12
5.04
10.06
5.02
5.04
20.1
15.08
5.08
30.12
88.06
5.06
20.06
15.08
25.12
25.1
15.06
5.02
10.1
5.06
10.08
71.22
15.06
5.06
5.06
5.16
5.0
25.12
5.16
5.08
5.04
15.06
15.1
35.1
10.04
10.06
15.02
5.02
10.02
5.04
10.06
10.06
10.06
10.08
141.98
20.1
15.08
15.14
5.08
5.22
5.1
15.04
130.96
15.06
29.78
10.08
5.06
15.04
5.16
10.06
5.06
5.1
5.08
20.12
15.08
15.06
20.04
62.24
15.14
10.06
5.02
15.04
5.08
20.06
142.18
5.02
10.02
5.06
10.08
10.04
15.08
20.04
5.02
25.12
5.02
5.04
10.12
10.04
5.04
5.04
5.06
5.04
174.44
15.08
10.1
20.3
10.06
35.18
10.04
6.68
15.08
5.04
30.06
5.06
5.02
20.12
5.12
156.98
20.06
15.18
5.0
21.02
15.08
20.12
5.08
5.1
5.06
20.08
20.12
10.06
10.06
10.18
5.02
10.08
10.02
136.94
5.02
5.1
15.08
157.06
10.06
25.1
152.14
141.98
15.1
15.08
10.1
60.24
5.02
137.06
136.98
10.06
5.08
10.08
10.1
25.06
5.18
10.1
5.06
25.1
20.1
41.6
137.04
147.08
10.08
5.02
15.08
15.06
15.04
15.06
10.04
5.1
326.74
146.9
5.04
10.04
20.04
20.04
10.1
10.06
5.08
20.08
107.02
5.08
15.06
5.08
20.08
10.04
20.06
5.04
25.12
66.78
5.0
35.12
20.08
5.06
5.02
150.02
10.04
20.1
5.1
5.06
136.92
15.08
20.08
51.52
5.04
5.04
21.18
22.2
10.1
30.08
10.04
15.08
60.42
15.08
20.12
15.06
15.08
10.1
20.14
70.86
5.08
15.06
142.0
5.0
129.48
25.04
10.1
146.98
137.0
10.08
5.02
5.04
25.04
142.02
5.06
25.1
10.06
5.04
5.06
20.06
156.98
5.06
167.02
10.14
152.12
15.06
10.06
5.1
15.04
25.08
5.12
15.08
10.04
15.12
15.04
152.02
5.04
10.04
5.1
15.1
20.08
30.0
57.76
10.08
20.1
87.12
10.02
20.1
20.32
5.04
5.06
5.1
15.18
5.06
20.1
5.04
25.1
5.02
15.08
25.04
10.08
25.08
25.08
117.48
10.06
10.08
5.02
5.1
15.1
20.12
20.1
10.04
5.02
15.1
5.06
5.02
10.16
5.0
25.12
20.08
10.04
152.06
15.08
146.98
5.04
5.08
35.14
5.0
10.04
35.12
10.06
5.06
15.08
5.06
5.06
20.08
20.12
30.08
5.08
107.52
10.06
141.88
5.08
20.1
20.04
15.1
20.1
10.08
5.06
10.06
5.1
22.16
5.08
10.06
5.06
25.08
15.08
147.08
142.1
5.06
10.08
10.14
10.04
20.12
10.12
5.0
10.1
5.06
10.08
5.06
5.02
28.44
5.1
152.0
10.06
30.1
5.12
20.12
5.12
43.66
10.06
5.1
10.02
15.1
5.04
10.06
5.08
5.1
15.06
5.04
15.08
15.08
10.04
25.1
15.06
72.4
15.02
161.96
298.6
142.06
5.04
10.08
114.84
5.08
20.1
61.52
10.06
5.06
25.12
146.96
5.02
5.06
5.06
5.04
20.14
5.02
10.02
10.04
5.04
5.06
20.1
5.04
5.04
10.04
5.06
10.08
25.14
5.08
20.06
5.04
5.06
15.06
10.1
10.1
5.08
35.14
10.04
5.1
20.06
5.04
10.04
15.08
10.12
20.1
25.12
5.06
10.04
15.08
5.04
5.08
5.06
5.08
10.08
20.06
25.1
20.04
5.04
30.04
21.9
10.1
25.1
5.08
98.92
5.0
15.06
5.08
40.88
15.06
147.02
5.04
137.18
146.96
25.12
5.04
10.1
5.1
15.08
25.14
10.1
5.06
20.12
5.04
5.1
5.04
15.06
128.22
157.06
10.12
10.08
79.38
15.1
10.08
20.04
5.06
10.06
5.04
5.06
15.06
5.14
10.06
15.06
15.06
25.08
15.1
20.08
10.06
128.92
10.08
15.04
20.08
5.04
10.08
15.12
15.04
20.1
5.04
5.08
20.06
30.08
20.08
20.06
30.1
15.06
5.12
30.12
48.64
5.1
5.08
5.02
15.06
10.1
25.16
10.08
10.04
15.08
10.1
45.34
5.04
162.08
20.14
10.08
5.1
5.1
5.08
5.04
25.08
136.94
5.12
118.84
20.1
15.04
15.1
137.04
5.04
42.08
30.12
15.06
147.02
147.12
10.2
5.06
5.1
5.14
5.02
25.24
20.04
10.06
25.08
110.7
5.1
15.14
156.98
5.02
121.82
15.06
5.08
147.0
5.0
25.14
25.14
15.06
20.1
5.02
5.08
216.24
15.08
5.04
15.06
5.06
10.04
25.1
10.08
20.12
15.08
5.04
10.14
5.02
5.04
10.06
136.96
15.08
146.9
141.26
5.08
5.14
20.08
25.12
15.06
5.02
25.12
5.08
25.08
10.08
10.12
5.02
20.06
157.08
147.02
147.04
30.14
15.06
15.22
152.06
20.1
10.04
5.04
35.12
5.06
5.1
146.92
5.04
5.02
15.06
10.04
5.06
5.04
5.06
5.1
33.94
243.34
10.02
137.06
15.12
5.14
5.08
25.86
25.06
10.0
5.08
5.04
30.08
15.04
15.08
5.04
15.1
5.06
15.08
10.04
5.06
5.06
10.02
10.06
20.08
10.08
5.04
5.06
5.04
20.1
15.1
25.16
20.1
15.08
5.06
5.04
20.08
25.16
15.08
10.1
5.08
5.02
5.04
5.08
25.08
5.06
15.06
15.1
15.06
20.12
10.12
20.08
15.14
20.06
20.06
5.02
10.08
5.08
5.06
10.08
10.04
10.06
25.08
25.08
5.08
25.14
15.14
15.04
5.04
25.12
15.16
10.04
15.08
20.1
15.08
25.12
5.1
15.22
288.88
20.08
25.14
20.06
15.06
10.06
10.06
5.04
15.06
5.1
5.12
15.04
15.08
15.18
25.08
138.26
5.02
30.1
5.02
10.16
10.04
15.04
5.06
10.06
5.08
142.0
20.06
5.22
5.02
5.06
5.08
15.1
15.08
142.02
15.1
10.08
5.06
30.16
165.68
5.06
5.12
5.08
25.08
15.04
5.08
15.08
15.0
15.08
30.14
173.68
10.06
10.04
10.1
6.54
10.02
5.08
15.12
20.04
20.12
10.1
10.04
15.12
15.1
15.04
10.06
10.08
5.06
10.08
30.08
30.1
25.1
15.1
5.04
14.28
10.12
94.24
25.1
15.06
5.04
5.08
5.02
10.06
35.12
10.06
10.12
10.06
20.08
15.08
5.08
15.02
5.04
10.08
10.02
10.02
15.08
5.08
15.1
20.12
25.12
99.4
10.04
20.1
15.08
5.04
10.02
15.06
15.04
118.74
5.06
15.06
5.02
101.66
25.08
86.1
21.28
25.14
35.96
25.06
20.08
10.12
15.34
5.04
10.12
26.76
95.08
21.88
142.16
5.04
5.02
15.12
454.8
15.02
5.08
25.06
5.04
5.08
20.1
20.06
5.12
260.68
82.72
5.04
15.1
15.08
30.14
5.04
10.04
15.04
15.06
5.08
35.14
10.06
25.12
26.62
5.06
5.08
10.1
36.46
5.1
15.12
5.0
5.1
15.08
5.0
15.04
10.14
5.06
5.08
20.1
5.08
121.6
15.06
20.1
5.08
5.14
10.02
30.2
20.04
10.04
5.08
5.04
147.0
15.12
5.06
5.08
38.98
112.38
20.06
5.08
5.06
5.04
10.08
10.04
20.06
10.08
20.08
141.92
10.06
15.08
56.26
20.08
5.06
10.1
5.04
5.06
10.08
20.1
141.96
15.08
157.2
156.94
20.1
5.08
15.08
271.8
15.08
20.1
15.08
39.02
20.1
55.86
10.14
5.04
16.76
10.1
5.04
10.02
10.06
30.06
25.06
15.08
5.04
5.08
30.06
35.1
5.08
126.3
20.08
137.02
157.0
147.04
15.04
5.24
10.1
10.08
15.1
10.12
10.02
10.1
142.12
25.08
177.18
157.1
25.12
10.14
15.1
5.02
10.14
15.06
5.08
10.08
30.06
5.14
10.1
5.02
20.1
10.02
10.08
5.04
5.04
15.04
20.1
5.02
19.12
15.04
10.1
20.12
123.64
5.12
136.98
5.04
137.0
5.04
133.62
156.86
142.02
15.1
15.08
158.48
15.04
5.1
5.04
10.08
5.04
5.08
20.06
25.46
22.6
15.08
15.08
20.1
25.04
10.08
152.02
15.1
25.08
15.06
77.64
5.1
10.1
15.04
288.9
146.94
136.96
5.08
5.06
10.06
5.14
137.0
5.04
5.02
5.06
15.06
45.78
10.1
81.08
5.02
142.08
152.06
15.1
10.06
20.1
20.06
15.04
20.04
10.04
147.02
10.06
10.12
30.12
5.12
278.74
147.1
20.1
15.16
5.08
25.1
5.04
20.12
20.1
20.1
10.04
10.06
42.48
20.1
5.04
25.06
10.08
5.02
5.08
10.04
15.12
10.04
10.04
10.02
15.24
10.02
118.7
152.04
10.04
151.98
5.08
5.08
10.08
10.02
5.06
25.04
5.06
74.64
25.2
20.1
20.1
5.14
25.1
10.12
25.1
15.1
15.06
5.02
5.06
15.06
5.1
10.04
5.16
20.04
25.1
25.12
10.06
5.06
16.96
18.84
10.08
35.06
25.1
10.14
5.04
20.1
10.04
25.14
207.72
5.06
146.92
10.06
10.08
10.06
10.04
10.1
5.08
279.06
15.08
136.9
142.1
15.04
5.04
10.1
10.08
5.02
15.04
5.06
51.44
10.02
25.12
167.08
5.04
5.04
10.06
20.08
25.12
5.06
15.06
10.18
15.14
15.12
152.06
5.12
5.06
5.04
15.06
10.1
20.08
5.08
5.04
5.04
5.1
10.02
15.04
5.06
20.04
5.06
10.08
5.04
5.04
20.06
152.0
141.94
5.04
5.06
5.1
15.1
334.48
10.12
10.04
41.3
15.06
17.44
62.78
25.06
5.02
17.0
5.06
20.1
15.22
5.0
5.06
5.04
28.92
20.04
5.1
5.04
205.82
30.22
136.72
5.06
15.06
15.1
5.04
50.82
249.86
118.28
10.1
5.06
5.02
10.06
10.1
10.08
10.06
5.06
147.04
22.16
21.86
136.94
10.06
5.04
23.14
15.1
5.04
147.12
167.06
136.94
10.1
5.06
136.94
20.08
136.9
147.12
15.08
20.06
20.1
25.18
10.08
5.08
10.02
5.16
5.04
5.08
10.08
10.14
5.1
15.1
5.02
5.08
5.04
20.14
20.06
20.02
5.06
5.08
20.08
10.06
10.04
5.0
15.08
20.06
20.1
5.24
15.04
10.1
79.66
10.04
20.1
5.04
10.08
15.18
10.04
15.1
33.76
5.04
5.04
15.14
136.9
119.62
20.12
5.06
10.06
10.1
15.06
10.06
15.1
5.26
133.86
25.1
5.12
5.08
142.1
10.14
10.18
111.86
10.12
20.08
166.98
5.06
15.12
5.08
5.04
10.06
5.08
10.08
136.92
5.02
157.08
10.04
5.02
10.12
15.04
28.22
15.12
10.06
5.04
20.08
15.1
15.08
25.12
137.12
5.06
142.06
142.02
215.52
25.1
61.96
5.06
137.0
5.08
147.06
137.0
5.02
10.08
12.96
10.02
15.06
10.08
5.06
15.02
5.04
20.06
5.06
137.02
5.08
10.08
20.08
5.04
142.1
5.04
5.04
35.16
15.08
15.1
20.1
5.04
5.2
232.46
15.04
16.5
15.08
317.52
5.06
137.0
119.34
10.04
20.1
5.06
15.12
10.02
15.18
151.96
25.1
5.06
15.08
5.1
5.06
5.02
25.12
5.14
20.1
20.06
25.22
147.0
10.12
10.08
5.02
15.12
15.08
10.02
5.02
10.14
10.08
10.06
5.1
5.04
10.04
20.08
5.08
101.6
6.76
30.12
75.94
25.08
5.08
20.06
15.08
20.08
5.04
5.04
20.02
5.02
5.06
53.66
15.22
15.06
30.18
5.06
80.3
5.44
10.08
15.1
147.02
84.12
152.12
134.08
25.06
10.06
5.06
67.86
5.06
10.1
18.88
15.06
10.02
15.1
10.08
104.66
20.12
24.62
15.14
10.04
141.98
15.1
10.08
31.8
15.06
15.06
25.08
15.12
5.06
5.18
20.08
13.06
15.08
5.06
20.12
20.1
5.02
5.02
10.02
10.06
5.08
5.04
35.1
20.1
10.06
5.16
10.1
152.1
10.1
15.1
25.06
5.06
10.02
5.16
15.06
5.04
25.16
15.1
5.06
20.14
10.04
20.08
5.04
5.12
15.06
5.04
5.02
5.06
15.08
15.06
10.06
5.1
5.08
5.02
10.02
5.06
157.1
15.1
10.06
142.08
5.1
5.06
283.96
15.08
157.02
151.96
20.1
15.1
5.08
5.12
5.06
10.02
20.06
5.08
20.02
5.06
10.04
5.12
10.02
5.04
5.02
5.14
10.04
63.08
15.18
99.8
5.02
10.12
5.02
5.04
15.04
30.08
10.04
10.1
10.06
5.08
15.1
10.1
20.1
15.1
10.08
15.08
15.16
5.02
90.96
61.58
20.08
5.32
5.1
25.14
10.02
15.1
5.04
10.04
25.08
5.18
25.1
157.02
25.16
15.04
20.08
20.12
20.0
5.06
15.08
25.1
5.02
15.04
10.08
146.98
10.08
25.06
15.08
136.94
20.04
5.08
20.1
20.04
15.02
15.1
5.04
25.04
5.08
15.06
10.14
5.08
10.1
5.08
23.08
20.06
15.04
10.08
81.18
5.1
15.06
20.16
25.14
5.08
20.08
35.14
5.08
15.1
25.22
15.06
146.96
5.22
15.12
10.04
5.08
79.08
15.08
5.02
18.96
15.1
30.12
142.1
20.06
20.2
5.02
10.06
5.0
20.2
20.06
25.08
15.06
137.06
25.08
15.08
157.04
137.0
5.04
147.06
15.06
15.06
5.06
20.08
5.2
67.14
5.08
40.5
5.02
20.08
15.08
15.08
25.06
5.16
16.92
5.14
5.08
5.16
10.08
20.08
20.04
15.08
15.08
10.06
20.92
5.08
5.06
15.12
15.02
20.02
17.12
10.06
15.1
5.12
5.04
142.16
157.0
184.38
10.06
15.12
5.04
10.08
10.1
5.04
5.04
5.06
15.1
5.04
15.22
5.06
15.08
10.08
20.08
15.08
15.04
15.84
15.06
10.06
5.04
114.86
10.06
15.04
15.06
25.06
40.16
10.04
20.06
15.1
5.06
137.08
15.08
10.12
5.02
5.1
25.08
15.1
5.02
76.44
136.94
142.0
5.1
5.04
5.08
15.04
25.14
20.06
5.0
15.06
10.1
5.04
15.1
5.14
5.04
5.06
10.02
5.08
5.02
5.12
137.1
5.02
5.04
5.08
142.02
15.06
15.08
147.04
5.08
25.06
152.1
147.06
40.16
115.62
166.98
5.08
10.08
21.8
10.1
25.06
10.12
5.06
5.18
15.1
15.12
5.06
10.06
15.08
15.04
20.04
10.1
10.04
5.08
10.04
5.06
131.32
15.06
157.1
142.02
5.04
5.06
86.12
15.08
15.06
5.06
20.08
69.0
15.08
10.1
140.48
5.1
100.82
134.34
5.12
40.68
5.02
5.04
288.98
15.04
20.06
20.06
25.14
25.14
15.02
137.04
162.1
147.02
5.04
142.14
15.0
15.1
5.06
5.04
225.4
5.08
82.64
5.18
5.06
26.52
20.1
521.14
10.08
5.06
25.08
10.06
5.1
15.02
141.96
15.1
20.08
140.22
15.12
10.08
13.66
30.1
10.06
10.08
5.04
20.06
10.06
5.04
151.98
20.1
10.06
5.04
10.1
5.08
5.04
10.12
162.02
181.04
20.06
15.12
5.0
15.12
25.2
39.18
10.08
5.02
10.04
10.06
5.08
5.04
15.06
5.08
5.06
15.08
5.08
151.96
15.08
15.06
25.06
25.12
10.08
19.54
10.02
5.1
48.88
5.04
5.04
10.08
15.1
5.06
5.04
5.08
35.12
10.04
15.04
5.02
5.06
10.04
5.06
5.08
20.04
5.08
93.6
152.14
5.04
25.12
5.1
15.08
20.1
236.36
80.64
25.12
5.04
5.1
15.14
5.12
20.04
5.08
147.04
157.1
80.96
5.1
15.04
121.96
20.06
5.02
37.68
25.2
15.12
15.12
10.12
15.14
20.06
10.06
137.04
10.08
96.72
5.02
10.06
20.08
5.04
25.1
15.1
85.8
15.06
5.06
15.06
15.1
5.06
20.1
5.08
15.06
5.12
20.16
10.06
5.02
5.02
137.0
25.14
20.08
15.04
15.14
5.04
5.04
15.02
35.08
15.08
5.04
30.08
5.04
15.06
25.08
10.04
15.14
5.06
5.06
15.08
15.06
10.1
15.04
15.06
5.02
5.02
5.0
5.04
124.48
172.52
15.1
5.02
5.18
35.1
5.02
44.5
5.04
49.52
5.06
10.08
5.02
15.1
97.48
147.02
142.04
10.1
5.06
5.12
5.04
15.08
157.02
107.66
25.18
10.08
49.7
5.04
5.06
5.16
15.1
35.1
10.06
5.14
15.08
59.78
10.04
20.08
20.1
10.08
86.84
5.06
5.04
10.12
5.04
15.1
15.5
5.06
5.06
20.14
5.04
20.04
15.1
20.14
5.06
5.1
10.04
142.66
5.04
40.2
15.06
5.02
25.12
5.18
10.04
15.04
152.08
15.06
20.06
5.06
10.08
15.02
20.08
5.08
20.08
20.06
5.08
10.12
5.06
141.98
5.1
20.12
15.06
20.2
20.18
15.04
25.1
15.1
5.02
30.16
10.06
25.08
20.02
5.06
5.1
5.04
30.1
5.02
5.1
156.9
142.06
5.08
20.0
5.14
11.78
15.1
137.04
137.04
136.92
25.1
10.1
15.08
10.08
15.1
5.04
20.16
5.04
20.06
10.06
20.1
5.04
25.1
20.08
25.08
5.04
10.04
20.08
140.3
5.08
5.0
5.04
136.98
5.04
10.04
5.08
25.12
20.08
10.08
5.06
146.98
157.06
103.02
36.66
16.78
10.04
10.02
35.12
10.06
15.08
109.04
5.02
15.12
20.12
10.08
20.16
15.08
20.12
10.22
5.02
5.08
15.06
20.12
10.12
25.08
10.06
15.04
5.1
5.18
10.16
32.0
15.08
20.04
157.0
5.1
25.08
25.1
10.06
63.0
5.06
5.08
157.02
5.14
142.04
136.96
5.04
91.62
10.04
5.02
5.04
15.04
5.1
15.08
137.0
5.1
10.12
5.06
20.14
10.18
15.06
83.8
152.08
10.08
5.06
10.06
137.02
5.1
10.06
15.02
20.14
20.02
5.1
5.06
5.04
82.44
5.02
10.12
5.06
10.04
142.02
20.04
10.12
20.1
15.04
25.1
31.58
5.12
10.08
15.1
30.1
25.1
25.22
5.08
10.06
5.08
15.04
10.0
5.08
10.04
5.02
15.08
40.16
5.02
15.06
10.08
5.06
15.1
5.0
10.04
5.04
10.04
10.18
146.98
5.04
20.04
152.06
52.1
20.14
25.08
10.04
18.9
35.16
5.08
67.96
5.04
136.98
20.08
5.04
5.1
5.12
15.06
5.06
15.02
5.02
15.1
10.04
10.1
10.04
5.06
30.06
10.12
5.3
5.04
25.14
10.1
25.1
15.18
25.12
5.04
15.06
61.24
10.1
10.08
10.06
10.08
5.04
10.06
15.04
136.96
5.26
15.04
5.08
15.1
15.08
20.22
231.28
5.06
146.84
37.28
15.04
94.76
5.1
16.96
153.6
5.08
25.06
10.08
137.14
5.04
5.04
10.18
5.08
10.1
20.08
10.06
20.1
20.08
30.1
5.04
5.02
10.06
15.22
137.02
10.04
25.14
5.1
15.1
25.2
35.22
22.04
10.06
153.66
5.06
5.22
252.72
142.12
5.04
157.04
106.8
10.02
5.08
152.02
5.08
15.1
15.06
26.94
20.04
25.16
5.06
10.04
14.14
99.78
22.26
136.88
5.08
10.12
10.04
5.06
5.12
5.08
25.14
5.08
5.02
5.04
10.04
20.08
10.08
15.04
10.02
10.14
15.06
25.18
114.06
25.1
5.06
15.08
15.28
147.02
20.08
20.1
289.02
15.06
25.18
152.08
15.08
5.04
15.1
5.08
42.52
10.14
5.08
5.04
15.12
10.04
15.04
5.12
5.06
5.06
15.06
136.94
10.12
5.06
5.14
147.0
5.04
5.02
15.04
45.38
5.08
15.78
54.44
142.04
10.08
5.1
20.06
15.06
5.06
15.04
20.08
142.14
5.06
15.04
10.08
20.08
15.2
10.08
5.14
15.22
20.08
5.06
15.08
15.06
20.1
10.06
10.16
10.1
10.1
15.12
10.08
25.12
10.04
10.12
5.06
5.06
5.08
5.02
20.1
5.06
5.02
15.06
136.98
5.06
15.04
15.04
10.04
15.06
10.02
5.04
5.04
5.04
25.1
10.1
5.02
5.18
5.06
5.04
5.08
10.22
15.12
5.04
172.08
15.04
58.68
20.1
10.04
135.76
147.16
15.08
88.94
15.08
15.12
10.04
15.1
5.0
5.02
15.1
15.12
5.04
5.02
20.06
5.08
15.02
15.1
5.1
10.1
20.08
141.96
5.04
10.12
141.92
15.12
30.12
5.08
10.06
5.02
20.14
5.14
5.08
10.1
20.04
25.08
30.06
10.04
5.02
15.06
5.04
117.66
15.04
5.08
10.1
5.02
47.18
5.04
5.04
5.1
5.06
118.16
5.06
6.64
151.88
5.06
20.08
25.14
15.12
5.06
137.0
5.08
5.0
5.04
25.12
10.12
10.04
136.96
15.12
20.08
5.04
140.0
5.02
151.98
15.08
20.1
15.1
136.98
46.58
10.08
152.1
10.04
5.04
10.12
10.04
5.04
15.0
10.12
15.04
10.1
25.14
30.16
85.38
35.18
5.08
35.06
10.08
5.06
10.08
5.04
5.06
10.04
10.08
25.1
152.06
5.06
20.18
5.1
10.02
20.14
5.04
5.02
25.06
5.06
5.0
27.0
5.06
25.12
5.06
10.04
15.06
10.04
50.3
5.04
10.06
25.08
30.12
15.1
20.14
27.32
10.08
157.08
5.04
5.06
20.1
20.08
5.0
20.12
5.08
10.08
10.1
15.04
109.34
25.04
15.1
87.84
15.08
5.06
20.04
10.12
156.96
157.04
15.1
25.14
5.08
81.3
25.1
15.06
20.08
5.08
10.08
20.1
15.08
20.06
55.1
114.28
5.04
5.12
15.06
25.1
20.16
10.14
15.12
147.88
5.06
35.12
15.1
5.14
5.06
69.44
25.1
5.06
5.06
15.12
34.14
5.06
15.02
20.06
5.1
15.04
25.1
15.08
20.1
5.04
10.08
5.06
35.12
5.0
44.94
5.06
5.06
5.06
20.14
5.1
5.08
10.08
162.08
157.1
20.06
5.04
5.08
21.96
43.38
38.7
5.08
10.02
10.02
20.04
20.08
137.0
10.08
5.06
22.76
10.04
157.0
25.08
10.04
30.08
10.06
10.08
5.06
15.06
5.06
5.06
5.06
278.92
15.06
5.02
10.06
15.06
25.1
5.04
10.06
5.06
25.06
25.12
147.08
10.04
10.04
5.08
5.06
5.12
5.04
5.06
10.1
20.08
25.08
20.06
10.06
10.06
5.06
5.08
20.1
10.12
5.08
48.72
63.76
20.1
25.04
10.08
140.5
10.12
5.04
15.04
15.1
20.12
172.6
102.18
15.08
25.12
167.1
20.04
133.54
96.68
5.08
25.14
10.08
141.92
35.1
10.12
20.12
20.1
10.08
15.06
25.12
15.02
5.1
5.02
25.1
15.12
5.14
15.1
15.14
10.08
35.12
25.08
5.06
5.08
30.12
5.06
25.14
20.08
10.06
20.16
25.12
10.04
5.08
10.16
5.08
5.02
5.04
15.1
25.1
5.02
10.06
10.06
5.06
25.2
10.1
50.86
5.04
147.04
162.1
142.0
167.06
5.06
5.04
136.98
15.06
136.94
10.04
15.1
15.08
20.12
10.0
15.06
15.06
20.1
157.02
152.0
10.12
5.06
142.04
157.1
136.98
5.08
10.18
147.0
5.04
5.1
73.44
152.06
5.06
25.12
10.12
10.1
5.04
10.04
5.02
5.02
15.02
5.06
10.06
181.02
5.1
25.08
10.04
279.02
25.06
15.02
152.06
10.06
10.1
15.12
10.12
5.04
20.12
5.14
47.08
10.04
5.12
137.02
17.4
41.34
143.5
116.34
10.1
5.04
40.1
10.1
15.12
5.02
15.1
15.08
15.06
20.06
25.08
30.12
15.06
15.1
136.98
30.06
5.04
10.02
10.06
5.08
5.04
15.06
99.36
5.1
5.08
127.08
15.08
30.14
147.06
75.88
15.06
5.06
39.66
15.1
5.02
10.08
25.08
5.06
15.08
5.14
15.06
10.04
5.08
15.16
5.1
15.08
15.06
10.06
57.96
10.14
20.16
5.06
20.14
142.04
5.1
147.06
162.2
10.04
15.08
20.1
5.08
5.02
5.14
10.04
10.1
5.04
52.22
61.18
10.12
20.14
5.02
25.2
15.1
10.02
5.1
10.1
5.06
37.98
5.04
157.08
20.04
110.04
15.12
15.04
147.04
137.12
5.06
10.1
5.08
20.06
32.22
5.04
10.06
10.12
5.04
5.04
5.04
10.12
25.08
15.08
5.06
10.08
25.08
5.02
15.1
10.06
5.14
31.3
136.94
15.1
5.08
5.1
15.06
147.02
5.04
10.04
10.08
5.1
20.12
10.04
5.06
5.04
25.1
10.04
5.08
10.08
10.1
15.1
5.04
15.08
10.04
162.14
70.46
10.26
15.0
15.1
10.04
15.1
30.08
5.04
5.04
20.08
15.08
10.02
5.12
136.96
15.06
15.06
10.12
25.12
5.1
5.04
35.1
5.04
5.08
46.3
20.1
15.06
15.04
5.04
10.08
5.06
10.1
5.02
5.06
5.06
10.06
10.06
10.06
152.04
30.1
25.1
5.04
5.08
20.2
5.0
246.2
15.2
15.12
5.08
136.98
10.04
15.06
136.94
10.04
5.02
5.02
5.04
5.08
25.16
15.16
10.1
25.72
137.02
15.08
15.08
10.18
11.58
15.06
156.92
136.9
10.1
5.1
142.02
10.04
136.94
83.06
5.04
30.1
5.06
10.06
70.68
25.12
15.04
5.04
41.54
156.98
20.1
15.22
5.06
137.14
142.04
15.08
20.04
15.04
15.04
25.08
10.04
35.12
15.78
5.04
39.64
31.12
10.04
30.1
5.02
5.1
15.02
34.1
15.08
10.0
93.78
15.04
20.1
5.02
30.54
5.1
25.22
112.34
186.12
10.02
10.1
5.1
5.02
5.08
15.08
25.1
5.1
115.3
20.1
5.08
116.02
20.12
5.08
5.02
15.1
5.06
10.1
5.06
10.06
10.04
15.06
28.38
136.96
152.1
20.08
5.04
46.36
5.06
5.08
10.16
10.1
5.06
20.12
20.04
97.26
30.24
137.0
157.04
157.0
152.0
5.06
5.06
15.14
5.1
20.1
10.14
10.06
5.06
5.0
30.12
10.1
15.04
157.04
10.12
15.06
35.12
5.1
15.06
5.06
5.06
25.06
20.08
5.02
15.08
15.06
10.08
15.12
15.08
25.16
15.1
5.08
10.08
10.1
5.12
137.02
10.06
15.04
10.08
10.12
5.04
25.18
12.02
15.02
15.06
137.4
137.9
25.12
97.8
85.38
10.0
125.56
312.28
25.1
27.0
157.1
5.16
20.06
15.04
5.02
80.94
10.08
15.1
5.06
15.04
5.04
162.2
25.1
136.94
5.04
20.04
5.04
65.76
5.2
5.04
5.04
5.06
152.0
10.08
20.16
5.04
20.08
10.06
15.12
10.08
5.0
15.06
5.02
25.06
147.08
5.04
15.08
5.08
25.08
154.2
5.14
15.08
10.12
5.02
13.7
10.14
5.06
10.08
10.08
5.06
10.08
5.02
15.08
10.18
136.98
93.08
15.14
137.1
5.02
10.06
5.04
25.06
15.1
15.12
5.08
5.04
152.9
25.1
10.02
5.08
5.04
15.06
35.12
5.08
69.56
284.04
146.94
10.12
157.0
127.38
10.06
15.08
5.12
5.1
35.08
5.1
142.1
5.08
10.08
5.2
15.1
125.06
20.02
10.08
10.14
15.1
5.04
15.1
141.92
15.06
156.8
15.06
5.0
5.08
10.1
5.06
163.74
25.1
5.1
35.14
72.78
25.16
10.02
61.16
5.0
15.04
20.06
137.08
5.04
142.08
126.52
25.08
5.06
99.44
5.1
10.06
25.1
25.06
10.1
10.06
10.04
5.04
5.02
15.1
10.08
10.06
25.08
21.44
15.04
14.34
152.0
5.08
10.06
10.04
15.1
5.12
10.1
15.2
15.08
5.04
10.06
15.06
5.0
20.16
15.08
146.98
10.06
20.12
5.04
10.1
15.1
5.08
25.12
5.06
30.1
5.08
5.14
5.08
527.24
139.72
10.08
5.04
25.12
25.16
10.08
15.1
5.06
10.06
15.08
142.06
33.78
5.1
274.3
15.08
5.06
5.06
15.1
141.96
5.02
10.06
15.04
5.14
20.12
10.12
20.08
20.12
15.06
10.1
15.06
152.08
5.06
5.04
15.22
25.06
284.02
15.1
25.1
5.04
10.08
5.06
283.86
35.1
5.04
25.08
20.1
168.14
20.08
5.1
5.14
25.12
5.06
5.02
15.06
10.08
10.08
5.08
5.06
15.08
5.16
65.74
20.14
10.04
35.08
15.14
5.08
5.06
15.02
5.08
10.1
95.92
15.08
20.06
15.08
5.1
25.1
15.04
35.12
5.08
25.1
10.06
15.06
5.04
20.06
5.12
10.1
15.02
5.06
5.08
15.12
10.04
20.14
15.08
5.1
5.04
10.12
5.1
15.04
5.04
25.06
25.18
15.0
10.04
10.08
5.04
20.12
15.06
5.06
5.06
23.82
157.14
5.18
10.12
10.14
274.02
5.08
5.04
20.1
5.04
25.2
15.06
10.06
15.1
20.12
5.04
5.12
30.08
5.12
159.28
10.1
5.06
15.06
10.08
40.3
15.1
5.06
5.06
5.06
5.06
25.1
5.1
20.04
5.06
20.08
10.1
25.08
10.1
5.04
7.44
20.08
10.06
10.02
20.12
5.04
30.1
103.66
157.16
147.04
151.96
5.02
137.04
10.26
147.0
5.08
172.08
146.94
5.06
5.34
10.14
15.12
5.04
5.1
5.04
146.92
15.06
23.72
5.08
20.18
20.08
217.4
147.0
136.9
10.08
137.12
30.2
151.98
10.02
146.34
94.98
10.14
15.08
10.1
10.08
5.02
10.08
5.1
35.1
5.14
15.1
15.12
5.06
157.06
20.06
30.1
5.08
5.06
147.0
157.04
5.02
31.04
15.04
15.18
5.0
5.08
53.9
5.06
5.06
136.98
10.06
5.06
5.1
5.04
15.06
20.06
123.72
20.1
20.12
25.1
15.12
5.06
15.1
147.02
10.04
5.08
20.08
15.1
15.0
20.1
30.18
15.04
20.1
25.06
15.06
15.12
10.06
15.06
20.02
30.82
15.1
5.06
5.06
147.06
26.7
15.04
15.06
30.12
15.04
20.08
5.1
10.12
5.08
141.94
10.08
25.18
15.08
5.06
10.04
17.02
137.0
10.04
30.16
142.08
15.06
5.02
20.1
15.12
25.08
10.14
10.12
20.08
25.08
5.08
10.04
167.1
147.1
15.08
25.1
5.08
5.22
5.08
104.94
15.1
5.02
15.06
15.12
15.12
5.04
20.06
10.14
25.08
15.12
15.08
5.04
10.08
10.08
25.08
112.34
30.98
20.06
67.54
10.1
5.2
25.12
15.04
15.06
16.7
30.32
20.1
10.1
5.06
5.08
25.12
15.08
20.12
35.22
5.04
15.1
5.08
5.08
5.14
10.06
25.1
5.08
20.08
30.08
5.04
136.96
10.12
5.08
25.06
5.04
25.06
84.8
20.1
20.1
79.56
97.04
20.12
10.14
15.14
5.08
5.0
15.02
10.08
15.08
147.1
142.04
5.04
110.94
25.16
20.08
10.12
15.08
5.06
15.08
15.06
15.08
25.08
25.04
15.1
5.08
5.2
10.08
20.04
5.08
30.12
15.04
20.1
10.02
5.08
5.04
5.1
35.1
152.14
152.0
20.04
147.06
10.06
5.04
5.14
15.08
20.12
25.26
30.02
20.12
5.1
35.08
15.06
5.02
10.08
20.12
5.06
5.06
25.12
121.88
20.08
25.1
15.04
5.06
10.04
10.1
5.06
10.02
10.06
30.16
10.04
154.54
147.12
15.02
10.04
15.02
20.84
10.04
30.14
161.98
5.06
5.06
5.0
10.12
5.26
15.08
25.1
137.0
10.12
137.02
137.02
15.12
10.08
5.02
15.06
5.08
16.86
136.98
5.02
5.08
5.06
20.1
15.06
15.08
5.02
20.12
23.16
5.04
5.16
5.04
15.16
10.04
5.06
5.04
25.16
46.46
25.08
5.18
15.0
147.04
15.08
25.18
10.08
25.02
20.08
5.04
15.08
10.06
146.96
10.06
165.02
157.4
5.1
10.08
10.06
5.1
30.12
10.08
10.02
5.14
5.1
273.94
20.08
142.08
25.12
10.06
5.02
5.08
15.06
25.14
147.06
5.02
152.62
5.04
5.06
5.04
5.02
20.1
10.06
10.02
10.02
162.02
5.04
5.06
118.06
35.08
5.16
10.06
10.06
30.14
10.06
35.12
42.36
157.08
5.06
5.04
15.04
20.04
152.08
35.12
20.14
10.04
103.62
10.12
5.06
20.02
15.06
5.16
101.38
25.1
25.12
10.1
5.18
15.1
5.1
25.12
25.1
5.02
5.06
25.16
20.08
10.08
10.08
15.06
142.02
5.1
10.08
15.06
5.04
15.1
5.08
151.98
20.1
10.08
5.08
10.08
25.04
162.0
61.0
5.04
20.1
73.48
5.04
10.08
5.04
10.08
5.1
10.08
76.14
5.02
10.06
15.06
5.06
15.08
35.1
15.06
15.1
25.12
5.04
5.06
5.12
10.02
5.04
5.06
5.08
10.14
140.38
5.08
59.94
136.98
5.02
5.08
15.08
146.76
5.06
5.04
35.16
25.1
20.08
10.02
15.2
15.08
15.04
10.04
15.06
15.06
156.94
98.64
137.54
289.34
15.06
20.08
10.1
10.1
15.14
137.02
10.1
15.08
10.08
10.08
5.06
5.06
20.08
20.1
10.04
5.04
10.08
30.58
15.04
10.06
5.04
137.06
166.26
15.08
10.04
15.04
20.08
5.02
10.08
25.08
10.08
25.12
5.04
15.12
274.04
5.02
5.02
5.06
10.04
15.2
15.06
72.76
152.04
5.02
129.56
5.02
20.08
21.0
25.12
15.1
15.1
20.1
5.06
15.06
10.04
25.06
25.14
15.1
5.16
167.54
137.04
73.82
20.08
15.14
10.18
10.1
25.22
20.06
142.16
5.06
5.08
5.06
5.02
30.12
10.06
152.1
147.02
15.08
15.08
20.1
15.04
5.04
10.06
5.04
15.1
35.12
10.1
20.06
5.0
25.1
15.06
5.16
5.02
5.06
10.1
35.12
10.06
5.12
5.02
15.04
5.18
5.02
20.16
5.1
10.04
147.06
35.16
25.1
20.12
36.04
15.06
15.04
15.08
10.06
20.08
20.1
5.04
5.16
5.1
10.08
5.02
15.04
22.2
5.04
10.08
10.04
10.08
15.06
25.08
5.1
5.04
60.0
5.04
25.08
5.04
15.08
20.1
10.1
5.08
20.08
15.1
10.1
10.04
15.08
5.02
25.06
15.12
10.06
10.08
5.04
10.06
10.1
20.06
5.06
10.06
10.04
146.84
5.08
5.06
10.12
15.08
10.06
12.94
5.08
5.0
5.02
5.02
20.1
15.08
147.02
162.02
15.14
20.1
152.02
15.12
25.06
5.1
5.02
15.12
20.06
10.08
35.12
15.04
5.06
20.12
15.12
15.04
10.12
15.04
15.06
5.06
10.04
25.2
25.08
10.02
5.02
5.08
5.08
152.0
152.06
5.04
5.06
5.08
5.04
5.04
20.1
20.08
5.06
20.02
10.08
25.12
137.04
5.08
15.12
15.04
117.06
10.06
135.12
15.08
5.08
5.04
5.04
10.04
5.04
20.08
10.1
5.04
136.98
5.06
20.1
15.14
10.02
15.1
5.02
20.04
10.12
80.12
5.06
5.06
20.08
137.06
5.02
5.1
15.02
147.02
5.12
25.08
15.16
5.04
5.06
5.06
5.04
5.08
25.08
5.04
20.04
5.08
46.54
10.14
5.08
15.16
15.06
20.08
10.04
15.06
15.02
20.1
15.12
15.08
5.04
5.04
15.08
15.12
10.06
15.06
25.1
10.06
20.08
15.08
5.02
10.08
156.92
10.06
5.04
20.08
5.02
10.08
20.1
5.2
5.06
10.08
10.06
5.02
5.08
5.14
10.06
25.02
5.02
5.06
5.12
10.06
10.14
20.1
10.08
187.1
5.04
15.06
20.08
5.1
5.06
15.06
5.06
5.06
35.12
5.1
15.06
5.08
5.02
5.04
5.08
25.12
15.08
10.06
15.06
15.1
15.08
10.0
20.06
15.12
5.04
5.04
10.16
15.1
5.08
82.46
5.08
5.18
5.06
5.0
20.04
10.06
137.08
136.7
5.1
10.1
5.02
15.04
36.88
15.08
10.08
10.02
5.08
42.86
5.1
35.08
15.06
10.08
10.08
273.94
25.06
147.16
10.04
164.4
15.04
20.08
5.1
20.08
5.08
5.06
5.08
15.06
15.14
5.02
15.04
5.06
20.1
26.76
10.08
20.1
62.72
15.12
5.06
15.1
35.24
5.08
10.06
10.34
20.16
5.08
10.02
34.86
5.04
5.04
20.14
5.1
15.14
48.84
5.06
10.12
15.04
5.06
10.06
5.08
25.08
5.06
5.04
10.08
35.2
5.06
10.02
5.06
15.08
25.12
10.12
30.12
25.1
25.04
10.26
10.04
10.08
20.12
20.12
30.06
5.08
10.1
5.1
15.04
10.06
10.08
10.08
20.1
152.02
15.04
5.08
152.0
5.08
10.12
5.04
30.14
10.04
88.82
23.12
5.0
5.08
118.08
136.98
5.02
136.96
25.08
15.1
22.14
5.08
20.06
5.04
10.12
5.08
5.08
5.1
12.38
147.0
30.12
15.08
5.1
5.04
5.04
5.06
20.2
5.04
20.12
15.08
5.08
10.06
10.1
99.46
45.68
118.12
20.08
97.18
5.12
5.06
10.08
10.16
10.0
10.08
10.06
10.1
15.04
95.28
146.82
15.08
20.04
15.16
5.04
25.08
15.06
15.12
5.02
10.02
15.1
5.02
5.02
5.06
10.1
10.08
10.08
5.08
15.14
5.1
5.04
10.04
20.1
20.12
5.02
5.08
5.04
10.02
147.08
5.04
15.08
20.06
15.12
20.1
5.14
10.12
15.1
5.14
10.06
10.02
20.06
5.08
20.62
25.12
165.12
15.08
25.08
10.06
49.28
30.12
10.16
5.06
10.08
15.04
22.54
20.1
15.06
20.1
20.08
5.08
20.08
5.06
147.08
5.12
15.12
10.12
5.04
5.06
5.1
5.04
5.02
111.46
15.1
10.04
5.04
8.94
15.1
35.1
5.12
15.14
15.1
15.1
5.1
5.04
5.08
25.08
5.06
35.12
20.08
147.02
15.04
20.08
15.02
5.04
10.02
15.08
15.1
20.12
25.1
15.12
10.12
10.02
5.08
20.12
137.06
10.16
20.06
20.08
41.54
15.08
15.06
126.46
10.04
35.08
34.52
25.1
5.06
10.08
10.1
10.08
15.14
142.02
15.04
35.12
10.04
68.38
10.1
15.1
5.12
5.1
10.08
289.1
30.1
79.9
10.02
20.02
10.12
5.06
25.08
5.04
5.08
15.0
5.04
147.1
20.04
160.32
100.78
10.08
137.04
141.92
164.68
10.1
154.92
5.08
5.06
5.12
162.02
274.0
5.1
5.1
5.02
10.04
5.06
5.08
5.12
5.04
15.1
10.06
5.04
15.1
15.2
25.04
15.16
5.04
5.06
147.06
15.1
114.6
5.14
10.04
5.12
5.04
5.08
35.12
11.6
15.08
25.08
5.08
10.06
5.06
108.98
5.08
5.04
35.14
25.1
30.1
20.12
20.08
25.08
25.12
15.02
5.08
5.1
25.14
5.06
25.16
5.06
16.82
5.06
20.04
15.08
5.18
60.44
10.06
25.08
284.04
10.08
25.06
20.1
151.96
119.66
5.08
147.02
94.12
22.24
20.1
15.08
25.24
10.1
141.82
15.04
146.96
15.06
15.04
71.62
5.12
8.9
5.08
37.12
5.14
5.02
5.06
10.1
10.12
5.06
35.26
5.08
5.02
15.08
432.88
10.06
5.02
5.04
20.12
42.58
10.12
10.08
25.1
20.04
5.16
15.04
5.06
15.08
15.1
15.08
15.14
10.06
20.04
10.06
15.04
20.1
10.1
25.12
20.12
5.08
10.18
5.06
15.1
283.92
136.9
141.98
5.06
151.82
5.06
5.06
25.14
20.14
289.04
10.08
5.0
142.02
97.94
20.06
15.08
10.08
20.02
5.12
30.1
238.38
30.12
15.08
24.04
20.1
35.14
15.06
10.04
5.08
10.06
20.12
25.1
15.08
22.3
5.06
35.14
5.02
5.02
15.02
10.06
5.06
137.12
163.98
152.06
152.04
5.06
5.06
20.1
10.1
136.94
10.04
15.08
5.02
15.1
5.14
5.02
10.06
5.04
75.42
10.04
22.74
15.1
151.9
5.02
25.18
5.04
5.0
20.06
25.08
15.12
15.06
20.12
5.0
25.14
15.24
23.4
5.04
5.1
10.06
5.1
10.04
10.16
5.06
15.04
20.1
20.12
10.12
20.06
5.06
5.06
15.12
15.42
20.06
15.08
10.06
5.16
15.08
20.18
5.06
20.08
20.08
5.1
10.22
15.12
5.08
10.24
15.08
15.08
10.08
10.08
25.08
15.12
10.06
15.16
104.96
152.02
20.1
5.08
25.1
5.1
136.96
5.1
10.06
5.08
25.14
10.04
25.08
10.04
25.1
92.52
15.02
5.06
15.06
8.78
15.18
15.12
10.06
5.04
5.08
5.06
5.04
10.12
91.08
15.06
5.04
10.08
10.04
25.06
40.12
10.1
53.22
139.16
10.04
5.1
29.0
5.06
162.06
247.8
5.04
5.0
5.06
10.08
15.08
137.04
15.1
15.1
25.14
25.12
5.04
52.6
94.68
5.02
45.84
134.88
109.66
147.04
10.08
5.16
20.2
5.0
15.14
5.1
25.2
25.08
5.14
5.08
25.08
5.04
15.06
5.1
44.56
10.08
25.04
283.98
20.1
5.06
141.88
5.1
5.22
20.08
60.54
10.08
5.08
5.08
5.08
15.08
5.08
10.04
5.08
5.16
10.06
5.08
15.06
10.1
10.04
15.04
10.06
289.08
294.08
262.8
10.12
5.1
25.1
10.06
10.08
30.18
16.9
10.12
10.04
5.04
137.02
5.04
147.16
5.06
10.06
152.16
151.98
20.12
10.02
5.02
157.12
5.06
5.02
5.06
5.08
30.12
10.08
5.04
5.06
10.1
25.1
15.06
5.06
15.04
15.16
5.06
5.06
5.12
5.14
147.0
31.18
20.08
119.24
5.16
136.98
5.06
15.08
273.98
20.1
137.02
152.04
141.98
5.06
5.16
253.92
253.32
5.08
5.26
20.04
5.06
25.12
10.08
15.1
15.1
5.08
10.02
5.04
20.06
10.1
20.1
15.06
5.08
10.14
15.1
10.1
15.1
15.06
20.12
5.04
10.08
5.06
146.94
5.08
5.02
15.02
15.08
10.02
5.1
5.06
15.12
15.08
10.06
20.08
5.08
10.04
20.12
5.1
5.02
30.16
5.04
61.44
75.84
20.1
136.96
15.12
49.8
5.06
5.08
20.08
5.04
100.3
20.12
30.16
5.12
25.08
151.98
10.1
5.08
5.02
15.04
5.02
109.06
5.02
20.12
10.06
20.08
20.08
10.06
5.04
5.02
15.1
5.08
5.08
15.06
5.04
15.08
146.96
10.06
5.08
20.1
10.06
5.14
10.04
15.06
10.06
25.14
15.06
5.04
52.96
5.14
20.1
137.1
10.04
10.08
5.04
5.02
186.5
25.08
15.1
97.26
86.36
5.04
15.16
141.94
5.08
5.06
146.88
5.06
30.12
25.18
5.02
10.04
5.12
142.02
151.96
5.08
15.62
138.74
15.1
20.14
24.08
31.9
5.02
5.08
25.14
5.06
92.7
5.06
146.94
20.1
5.02
30.1
5.02
5.04
137.02
288.94
10.08
136.94
15.06
20.08
10.04
5.06
5.08
5.08
10.04
15.1
10.06
20.08
15.06
60.86
20.12
5.0
5.08
5.08
57.32
20.06
50.12
5.2
5.08
15.04
20.1
20.08
15.04
5.08
25.04
15.12
56.54
25.14
10.02
15.06
111.32
5.06
5.12
35.16
5.06
5.0
20.12
10.08
30.1
10.06
5.08
10.08
5.1
25.12
141.74
147.06
31.66
5.06
5.04
20.06
16.84
10.04
5.06
10.04
5.0
15.06
10.08
5.04
20.1
35.1
5.1
5.12
152.1
10.0
10.1
5.02
5.06
5.06
20.12
5.02
10.08
25.08
5.1
16.76
5.04
10.08
10.06
20.08
5.06
15.02
5.06
5.0
105.96
5.04
137.0
5.06
20.08
25.1
5.08
10.06
35.18
10.12
10.04
15.08
25.08
25.08
29.36
10.06
5.14
15.06
15.06
137.06
20.08
10.06
36.02
152.06
5.1
101.82
5.04
25.06
5.02
5.04
10.06
10.18
25.12
10.04
10.06
67.86
25.08
25.08
141.98
5.06
20.1
20.1
20.12
5.1
137.08
20.1
5.08
10.04
15.08
5.02
5.06
157.14
5.08
136.94
5.04
10.06
147.14
10.12
5.04
5.06
10.1
5.12
30.12
10.08
10.1
20.04
5.1
146.98
20.04
10.06
5.1
25.08
141.96
20.1
5.16
10.08
10.06
15.08
15.04
5.12
5.04
5.02
5.04
5.06
5.08
25.06
10.08
225.42
10.06
10.06
35.1
10.06
10.08
5.06
20.04
5.04
5.1
5.08
10.22
25.08
146.98
5.04
15.08
5.06
10.06
10.0
5.06
15.1
20.06
137.1
10.1
15.12
10.2
130.78
53.94
5.08
15.12
10.04
5.02
5.12
5.04
20.08
20.12
5.1
5.06
20.14
5.08
18.72
5.04
140.38
12.28
110.42
5.04
5.02
15.08
5.04
38.24
25.96
5.04
5.06
5.06
5.06
63.7
147.08
15.16
178.5
163.12
15.04
15.12
15.08
5.04
25.04
10.08
20.22
10.08
105.46
15.02
25.98
5.0
25.08
25.06
5.06
5.08
25.2
20.06
5.08
5.02
15.04
25.08
20.02
5.08
137.0
25.06
5.04
147.0
10.06
20.08
15.04
15.12
5.06
5.2
15.08
10.02
5.02
146.98
15.1
5.0
10.06
5.1
20.12
25.1
10.06
25.06
10.06
5.06
5.08
5.08
15.08
5.02
10.1
25.1
10.08
5.14
5.04
5.06
15.1
5.08
15.02
5.04
5.0
10.2
10.04
5.06
42.36
91.5
15.16
10.84
5.04
10.08
5.08
15.04
88.68
5.04
10.06
5.02
15.06
5.12
10.04
96.92
123.66
5.02
108.56
10.04
5.04
147.02
15.06
5.06
5.02
20.04
170.74
40.72
5.08
118.12
5.04
32.94
10.1
10.08
5.08
30.66
15.06
5.04
53.54
15.08
5.04
20.02
5.08
10.16
10.04
147.0
15.06
10.08
10.08
5.08
136.82
10.06
25.12
15.06
20.04
5.04
15.08
157.08
124.72
15.08
5.04
15.04
5.08
10.1
35.12
20.1
5.02
25.08
25.14
5.02
10.3
20.06
5.04
10.0
10.14
15.02
5.06
30.88
5.02
25.1
137.08
10.14
10.1
5.06
15.24
203.94
5.04
38.58
156.96
81.84
5.1
61.6
5.02
5.08
137.0
15.04
10.08
15.04
10.08
5.02
15.08
147.06
20.12
15.1
5.06
147.0
20.1
15.02
5.04
10.1
10.08
5.06
20.06
5.04
5.04
15.06
10.06
10.04
5.06
10.12
15.12
5.06
10.12
15.12
137.04
10.04
5.04
30.06
20.08
79.02
136.96
5.12
15.08
5.08
97.72
5.1
5.02
5.02
5.02
15.12
142.1
10.04
274.02
5.06
5.04
5.04
5.02
386.48
5.02
77.04
20.12
15.12
68.02
5.16
5.02
5.04
5.1
25.08
5.1
10.08
25.06
15.12
5.08
25.12
5.0
10.08
25.12
15.06
15.04
10.1
5.1
10.06
5.08
5.06
5.02
5.04
15.08
15.06
36.0
5.02
15.06
187.28
5.04
15.08
10.04
130.12
5.02
5.04
5.08
5.04
60.02
137.08
20.06
5.1
5.02
25.12
5.08
5.08
20.08
20.1
20.12
5.06
5.04
5.0
5.02
20.1
10.1
10.06
10.08
66.8
5.04
15.06
137.02
5.08
10.06
5.02
5.04
10.06
25.06
5.04
5.06
15.04
23.5
5.06
5.04
10.18
5.06
5.04
5.08
99.46
20.1
20.08
15.06
15.08
30.56
25.08
5.02
10.08
20.06
15.08
15.1
25.14
20.06
112.06
5.04
5.2
5.06
15.14
15.18
10.08
5.02
20.1
5.02
5.06
10.08
5.08
10.04
15.12
5.1
5.08
15.12
10.02
10.04
35.14
141.96
15.06
10.1
5.08
151.96
141.9
157.14
5.02
5.06
20.08
15.08
5.1
5.06
20.1
10.12
26.38
10.06
35.14
5.12
5.06
25.12
25.08
5.06
30.08
15.12
15.1
15.08
5.04
25.06
20.06
15.16
25.04
15.08
10.12
5.12
150.28
22.72
15.08
177.44
131.64
134.96
15.08
35.1
5.08
30.1
15.1
134.9
5.02
15.08
27.24
5.02
102.32
5.06
5.06
20.0
142.0
20.08
5.06
15.1
5.04
5.1
10.14
15.02
15.08
15.04
10.06
167.02
25.1
15.1
15.06
5.02
5.12
5.1
10.12
16.0
15.1
15.16
25.18
20.12
141.82
5.04
10.04
39.32
5.06
15.12
5.06
10.08
20.1
25.14
10.08
20.1
5.08
5.02
141.92
20.1
10.1
15.1
15.08
70.9
15.08
15.06
15.08
10.1
142.0
10.04
20.06
10.06
15.06
10.06
5.04
147.1
152.02
15.0
15.12
10.04
10.1
10.04
15.12
5.02
30.08
5.04
5.12
5.06
5.02
5.04
147.06
137.0
5.02
15.04
15.04
5.08
20.06
5.16
10.16
10.06
10.1
35.1
10.1
10.08
5.1
152.66
5.12
142.04
15.04
117.74
5.04
71.62
20.02
10.02
20.12
20.12
15.12
15.08
5.12
20.12
5.08
20.14
25.12
5.02
147.16
147.12
10.08
5.06
5.18
5.08
5.02
5.06
25.06
15.02
10.06
5.08
20.18
25.12
70.24
10.08
5.16
5.06
10.02
10.08
15.1
25.08
5.06
136.94
25.1
10.18
5.14
15.08
5.04
5.04
10.06
5.04
20.08
20.24
20.06
5.06
20.1
10.0
5.04
39.72
5.1
5.04
5.04
40.12
10.08
5.12
20.14
15.18
5.08
5.14
5.02
20.08
10.06
15.08
5.08
15.08
15.1
5.2
10.06
5.06
10.02
10.06
20.12
20.12
157.14
10.04
20.06
5.04
5.02
15.08
5.1
10.08
10.04
15.08
15.06
10.06
147.02
10.04
5.08
137.08
20.1
5.08
20.1
10.06
15.1
5.1
10.08
102.46
10.04
5.04
20.1
15.06
5.06
10.02
15.06
5.02
141.92
20.1
5.1
5.1
5.02
5.06
15.08
20.1
15.06
15.0
5.06
10.06
5.04
25.14
10.1
15.06
15.04
20.08
25.1
5.04
5.08
35.08
15.08
5.08
15.06
35.14
15.06
20.04
10.08
20.04
5.08
25.12
5.04
5.06
15.06
10.08
5.02
15.06
5.08
5.04
5.0
23.6
15.04
5.06
15.08
15.06
15.08
5.1
5.0
5.04
111.48
25.08
5.0
20.06
10.08
5.04
15.12
29.28
15.02
15.06
20.04
28.24
15.06
10.1
137.1
10.12
142.08
5.04
167.04
5.06
5.08
10.04
5.04
10.04
5.06
15.06
10.12
15.04
5.08
20.1
15.04
5.08
15.16
5.14
20.06
10.06
5.08
20.1
10.16
15.6
10.06
15.06
15.06
10.02
5.04
5.04
5.1
58.02
10.08
5.06
5.04
15.1
25.12
15.08
25.06
5.06
20.08
5.06
15.06
10.06
90.94
10.08
5.1
25.06
20.04
5.12
136.98
66.4
15.1
15.12
10.08
5.08
15.08
85.8
10.06
5.04
5.02
137.06
5.04
5.04
20.12
15.12
132.58
20.08
15.14
10.04
142.0
5.04
5.06
74.22
84.64
5.06
15.08
15.06
20.04
5.06
5.06
25.1
5.06
15.08
20.1
15.12
10.14
5.04
15.04
25.08
5.02
15.06
10.06
10.14
25.08
30.1
5.02
30.08
5.06
20.04
25.08
5.02
20.1
30.12
15.02
20.06
6.68
15.08
5.08
5.06
15.06
5.08
10.08
30.06
25.38
5.04
30.1
15.04
15.06
5.04
10.08
25.02
15.14
10.06
15.08
99.86
5.04
6.54
10.08
5.06
5.0
15.24
20.12
10.08
30.08
5.02
5.06
10.06
15.12
10.06
10.06
10.08
10.04
10.04
5.04
5.0
10.04
49.66
10.08
15.1
30.08
136.86
152.02
171.36
21.68
10.06
52.7
15.08
10.16
5.06
137.06
25.1
15.08
10.02
5.04
48.84
5.06
5.06
20.1
10.12
25.06
5.04
5.06
5.06
10.06
10.04
15.06
15.06
10.12
5.1
15.2
15.06
5.06
15.08
5.0
149.94
61.3
25.04
152.0
15.1
20.2
20.12
10.04
5.04
20.12
5.06
5.04
20.12
20.1
157.06
10.06
20.1
10.04
35.82
5.02
240.38
5.04
35.14
37.58
118.32
15.1
10.06
15.04
141.96
5.08
15.12
95.84
10.1
25.1
20.06
10.08
5.1
10.06
134.94
113.36
25.1
15.06
5.02
5.06
5.04
15.1
10.04
10.04
5.08
44.16
15.06
15.12
118.2
25.12
15.04
15.12
131.14
5.04
5.1
20.08
5.14
5.06
20.06
5.02
141.88
15.16
25.06
15.12
20.06
10.08
63.7
5.02
20.04
5.06
105.02
5.04
15.12
5.06
15.14
20.14
20.12
15.1
5.06
15.12
81.22
5.04
15.14
15.08
5.06
15.04
10.08
20.12
10.04
5.16
15.08
15.06
20.14
20.04
10.1
5.12
74.18
10.04
137.0
10.06
5.08
10.22
15.1
20.08
5.06
15.06
5.02
20.04
20.14
15.08
5.08
5.08
20.08
5.04
5.1
10.08
25.12
10.04
5.06
5.12
5.08
20.08
15.04
5.06
5.02
30.14
15.04
15.04
5.1
15.06
15.1
10.0
20.12
5.04
20.0
10.08
68.98
278.96
10.1
15.1
5.06
10.08
10.04
10.02
5.06
5.06
15.08
5.1
5.1
10.02
137.1
137.02
20.34
10.12
15.04
15.08
146.94
5.04
10.14
20.06
5.02
20.14
5.02
20.12
10.04
5.06
20.08
10.78
15.12
5.06
5.06
10.08
5.04
5.1
20.12
5.04
10.06
5.1
15.04
5.02
10.1
5.02
10.0
5.04
20.06
25.1
15.06
137.04
157.06
191.5
157.06
10.1
25.06
15.1
15.08
15.1
5.06
10.1
5.16
10.06
5.04
10.08
5.06
25.06
5.1
15.06
25.16
30.06
77.6
20.18
25.06
15.12
5.1
5.02
40.3
15.08
10.08
10.06
10.08
20.08
15.04
25.12
26.18
5.02
20.12
147.02
10.04
5.06
25.12
30.04
5.06
5.08
5.04
25.08
147.04
137.06
15.02
15.08
5.02
5.14
5.04
5.02
5.08
10.08
20.04
5.04
5.08
20.04
142.02
5.04
15.08
15.08
5.06
15.04
10.08
10.06
20.1
5.06
137.02
25.1
25.08
147.06
15.08
20.08
5.06
5.1
5.04
15.06
10.04
15.04
10.12
20.08
15.1
10.08
141.88
5.02
25.12
5.14
5.02
15.08
15.2
15.08
10.06
5.04
10.04
5.04
156.96
5.1
138.7
10.08
15.08
20.12
10.04
20.1
10.1
20.1
15.04
10.12
5.04
15.14
15.06
5.0
15.12
5.1
10.08
20.12
10.04
10.08
10.08
5.06
10.04
5.18
136.98
15.04
25.12
20.04
5.08
20.08
5.02
5.06
96.06
10.12
157.04
5.08
15.08
5.14
15.02
25.06
5.1
5.06
5.0
5.02
20.14
10.04
5.06
80.42
20.06
5.0
15.06
5.02
20.12
5.02
147.1
20.02
10.04
5.02
20.04
10.04
15.12
25.08
15.06
10.08
309.44
5.08
5.08
5.06
5.02
42.26
20.08
20.08
15.04
15.06
22.08
25.1
135.56
5.06
5.08
20.1
91.96
25.04
136.74
5.12
15.1
10.12
5.1
25.08
10.04
21.7
25.12
15.08
152.08
15.02
10.1
20.08
45.02
153.2
5.04
10.1
5.1
20.22
10.08
5.0
15.0
15.02
279.14
10.04
25.06
5.02
15.22
10.08
25.18
20.1
10.02
5.04
5.06
5.06
5.06
10.02
5.1
30.14
15.06
47.4
5.08
10.08
120.64
117.22
15.06
20.08
5.06
10.14
10.08
15.08
20.16
5.06
10.02
15.1
15.04
30.14
10.1
5.04
8.9
96.44
15.06
5.06
15.08
15.02
5.08
5.08
25.26
10.08
25.1
213.74
10.04
5.18
142.02
10.1
5.14
178.66
10.06
15.1
5.0
25.1
15.06
10.1
5.12
10.16
15.06
5.04
5.04
15.04
5.04
5.06
152.02
5.08
10.14
10.04
5.12
5.02
35.14
43.0
10.06
35.08
15.08
25.14
5.16
21.62
5.02
31.1
5.02
15.12
25.14
35.14
33.56
50.6
6.76
258.72
5.02
5.14
5.12
142.1
15.1
136.9
146.98
5.22
136.98
15.06
5.06
10.1
5.06
152.08
124.4
20.12
25.12
5.08
10.06
10.06
147.04
247.3
136.96
136.9
10.06
5.08
5.06
15.04
5.06
15.14
10.1
5.06
10.06
15.1
25.08
10.14
21.28
10.08
5.04
25.08
20.06
25.1
5.02
10.04
30.16
20.08
25.06
15.06
109.42
52.42
22.3
5.1
138.48
110.36
10.06
15.08
15.08
15.2
20.14
5.04
5.06
20.1
5.12
152.02
167.16
15.1
5.02
137.08
5.06
15.04
20.1
5.06
10.06
15.14
15.04
5.04
5.06
5.0
20.14
5.04
5.2
15.08
5.06
10.1
20.02
5.08
15.06
15.06
5.04
10.06
