0.989019906
0.593342262
1.005682276
1.0131312473333334
0.99955021
0.9949423866666666
0.999631634
0.9679453926666667
0.9987018626666666
0.8414162733333332
1.0045297260000001
1.0130117686666666
0.9899431373333334
1.004306578
1.011377744
1.0000622386666667
0.9993060173333334
1.001157878
0.9975304939999999
1.0051174313333333
0.999817796
1.0076051413333333
0.9978201806666666
1.011163446
0.6337377226666666
1.0082556213333334
1.000924562
1.0060709753333335
0.985909602
0.97172305
1.0346077846666668
1.0305118519999998
0.9524793026666666
1.0370309293333333
1.010485436
1.005835364
0.9953574266666666
0.9735843353333333
1.0341095746666666
1.009938932
0.9850729453333333
0.9997479766666667
0.9131816586666667
0.9986902513333333
0.9982260253333334
0.9701646233333333
1.0119973366666666
1.0391385113333333
1.0038019246666665
1.0032274726666666
0.9942169000000001
0.968436464
1.0067430726666666
0.9958998053333333
1.0016365153333333
1.005800032
0.9673458699999999
1.004905778
1.0354433626666668
1.001052872
1.0281928793333333
0.990982406
0.9984812959999999
1.0060474086666666
0.99945717
0.9989689946666668
1.0087292253333333
1.013561604
1.005505694
0.9969053446666667
0.999596736
0.9939868073333333
1.021929974
0.9921269786666667
1.01220006
0.9551694733333334
0.9894870053333334
1.0156108006666666
1.0008429273333332
0.9906966753333333
1.0365053686666668
0.9934579993333333
0.99778541
1.0047999853333334
1.0036025506666666
0.9909709733333334
0.8395987286666666
1.0309199853333333
1.0020805393333334
1.0044944853333333
0.995980636
1.0347822713333332
1.01181853
1.0105210980000001
1.0328909853333332
1.0072270666666667
0.99410184
0.8497902306666667
1.0092032746666668
0.623045956
1.0049528046666667
0.931360142
0.9976463486666667
0.997831772
0.9939523026666668
1.0131431966666666
0.9727133806666667
1.005140954
0.9923791393333332
1.0228060813333333
1.0155387586666667
1.0083621433333332
0.9843392146666666
0.8192046873333334
1.0073806253333333
1.0000855253333334
0.9876439613333333
1.00534094
1.0016014773333333
1.0009478886666667
0.9784193213333333
1.0065071466666666
1.0251497266666667
1.005505694
1.0216990300000002
1.003930974
0.9933086553333332
1.037657292
1.0330897426666668
0.9981912253333334
1.002653678
0.9971252153333333
1.0024313626666668
1.0152266953333333
1.0336367193333333
0.9966508786666667
1.001157878
1.0021389926666668
0.5855562546666667
1.0020805393333334
0.9800714913333333
1.0003533980000001
0.8928874673333334
1.0187183020000001
0.9889174313333333
1.0260926466666667
1.0030049033333333
1.0025951646666666
0.9882916566666666
1.0031571773333334
1.016752828
1.0252598486666666
1.00282926
1.0138726446666666
0.9285311573333334
0.9859435506666667
1.0034032560000001
0.972096938
0.9864417306666666
0.9949078160000001
1.0010412066666665
1.0015547646666667
1.024929554
1.0089424926666668
0.8548729713333334
0.994562238
1.0105686513333334
1.0044827393333333
1.0097252433333332
0.871340352
1.007475146
1.0049998353333334
0.9937453253333333
0.8251221933333333
0.705654694
0.9879165719999999
1.00813729
0.6334853460000001
1.1250143533333332
1.0062241813333332
1.0053997746666667
1.0352936073333334
0.967422132
0.9877348146666667
1.0068020713333334
0.921192368
1.0304376806666666
1.0362177873333334
0.9942399146666666
1.0114611066666666
1.002291004
0.9784750473333333
0.9877121000000001
0.9982724286666667
1.001227894
0.8801433026666667
0.857415814
0.6555700673333333
0.9741032386666667
0.541640736
0.9934809793333333
1.0044122673333333
0.9962809779999999
0.9973336033333333
1.02297661
1.0349069413333334
0.9277389126666666
1.0088358473333332
0.9252008306666667
0.9788429953333333
1.0021156106666667
1.0075342306666666
1.0281313473333333
0.9996781680000001
0.9924938000000001
0.997298866
1.0017299613333333
1.0155147473333332
1.0047059653333335
1.0039779093333334
1.0037315486666667
0.9940098119999999
0.9439177379999999
0.6676305226666667
1.0119377273333332
1.0155987933333335
1.0012629053333333
1.0044357566666666
1.0345205633333334
0.9596405613333333
1.0018701633333333
0.99814483
1.0284513953333334
1.033400454
1.001157878
0.9984464786666667
1.0014496753333333
0.9910853093333334
1.0312541526666668
0.911128216
1.0251374926666668
1.001227894
0.9217558126666666
1.0065071466666666
0.9985161159999999
1.0260313653333333
0.9875417713333333
1.0379832993333333
1.0067902706666667
0.9895326
0.978809534
1.001858478
0.9343588433333333
1.0054703846666666
1.0066840806666668
0.98613597
0.9794680266666665
1.0015547646666667
1.00904916
0.985909602
0.9930445419999999
1.0304376806666666
1.0138247793333333
0.9847002993333334
1.0079480173333333
0.9974957433333334
0.997009482
0.9822568746666668
0.9725041426666666
1.028303656
1.033040046
0.999922542
0.8842930846666667
1.0052703473333333
1.0104260046666667
0.6447641293333334
0.9764951166666667
1.0089187913333333
1.0324564706666666
1.0116159586666666
0.9501614506666667
1.0023026993333333
1.008978046
0.9809108713333333
1.0030986046666668
0.9972757093333333
0.7320239119999999
0.6030055453333334
1.0062123946666668
1.0077351706666666
1.01084217
1.014135982
1.0117351086666666
1.0053880066666667
0.9366920660000001
1.00232609
1.03636781
0.9911081793333333
1.0378829673333334
0.9966161886666667
0.8476435126666667
0.8481540506666667
1.029412738
0.583741724
1.007510596
0.9927346746666668
1.0177647619999999
1.0079125366666668
1.0005398286666667
0.9719539466666667
0.9884167479999999
0.9904682093333332
0.9968243640000001
0.9701207966666666
1.0367931093333334
0.7758810780000001
1.001987028
1.0366930073333334
0.8657724573333333
1.0096065666666667
1.0310561013333333
1.0118900446666665
1.0024196646666665
1.005658728
1.0077942853333335
1.0070381353333333
0.974832846
1.0094523286666666
0.9162596900000001
0.995692016
1.0014496753333333
0.991051006
1.0047999853333334
1.0124983313333333
0.9567226813333334
0.9997363413333334
1.0027941386666666
0.9933086553333332
0.9947810760000001
0.9874055513333333
1.0019987160000001
1.0078415826666667
0.9081613126666667
1.0095353740000002
1.0112467733333332
0.9711407986666667
0.8873899373333334
1.0013679553333332
0.9984232686666666
1.00517624
1.0305613053333333
0.9315116406666666
1.0095353740000002
1.003497032
1.0127609546666665
1.0017065980000002
0.9730439393333333
1.0014496753333333
1.0005631373333335
1.0098676926666668
1.0003300986666666
1.0060356266666666
1.003755006
1.0086107826666666
1.00232609
0.8311177693333334
0.6768524619999999
0.84463467
1.0003068006666667
0.997588418
0.9724490953333333
1.034122024
1.0256393393333332
0.9963040886666666
0.9927920426666667
1.0081727866666668
0.8660430493333333
1.002384572
0.992012402
0.9942399146666666
1.00031845
1.0005631373333335
1.016680624
0.981774132
1.0112348686666666
1.0034853086666666
1.0291660686666668
1.0253332766666667
0.990034414
0.9982376253333334
1.0047059653333335
0.9982260253333334
0.999794522
1.0344084426666666
1.0059295953333334
1.0106043193333334
1.000143746
0.9969053446666667
1.014579176
1.0092032746666668
1.0016481953333334
1.010544874
1.0115563946666666
1.0103071633333334
1.0024898573333334
0.9339220233333334
1.0033329353333333
0.9693544653333334
0.9027876899999999
1.0322579573333335
1.032555756
0.869673044
1.0359928353333334
0.59352675
1.0026185693333334
1.008421332
1.0089069413333334
0.9749988186666666
1.02882093
1.0182956273333332
1.032717136
0.9886897853333333
1.01181853
0.9989573773333333
0.998110036
0.9908338053333333
1.0053644726666666
1.0043418053333333
0.938811186
1.012331278
1.0122835586666667
1.01140156
0.9724490953333333
1.0000622386666667
1.00600028
0.9919894899999999
1.0020688493333334
0.99357291
1.0256393393333332
1.001204554
0.994435586
0.9700550633333334
1.0019636526666666
0.8564925013333333
0.9960268306666666
1.0041304786666667
1.0016365153333333
1.0206913893333334
1.0011928846666667
0.9123959966666666
0.9736395120000001
0.988883278
0.9955650766666666
0.9650527573333334
0.993216774
1.00371982
0.9793563553333333
0.9992827666666667
1.0051291926666666
0.9031578793333334
1.0067666713333332
1.003192324
0.6336909713333334
1.008018986
0.996789662
1.0063774346666667
1.005188002
1.0041774326666666
1.014399456
0.9331813786666666
1.0025132573333333
0.9743684239999999
0.9968706373333333
0.99026268
0.9979361026666667
1.007723348
0.779139456
1.0004349526666667
0.9719649446666667
0.9976115893333334
1.008385818
0.9979940740000001
1.0104260046666667
1.011758942
0.9963734273333333
0.9891679633333333
1.0064953533333334
1.036092802
0.996211652
1.031477052
0.9242948933333334
1.0121881333333334
1.0121404273333332
0.9820996506666667
1.0044475019999999
0.9941593666666666
0.9925740786666667
0.9967202653333334
0.98767803
1.0017299613333333
0.9045178420000001
0.9724821226666667
1.0085634133333332
1.0213831693333333
0.8149069906666667
0.58479485
1.0077706386666667
0.9884167479999999
1.0043887786666665
1.034159374
1.009665902
1.0016014773333333
0.9021713813333334
0.9958998053333333
0.998794762
1.009950806
1.0124386626666666
0.8191734386666667
1.0080308153333333
1.015094726
0.9907195273333333
0.9862152226666667
0.9948156380000001
1.0017299613333333
0.9993874013333334
1.0125580066666666
1.00431832
1.005823586
0.874151242
0.9753641566666666
0.9248223113333334
0.9743794766666667
0.9279393533333333
1.00600028
1.0112229640000001
0.970866394
1.0130356619999998
1.0055410053333333
0.9989341433333334
1.0049763193333334
1.0074396986666667
0.8769176559999999
0.9966161886666667
1.0404223000000001
0.999492058
0.9975420786666667
1.0334999206666666
0.908103708
1.0181628586666667
1.009120284
1.0030868913333333
0.9963272006666666
0.9925740786666667
1.0024430613333335
0.9680981166666667
0.5496924893333334
1.0058589199999999
1.0042126506666667
0.9828750279999999
0.6128182426666666
0.9980752446666667
0.99945717
1.0160192313333334
0.9761400233333334
1.2479203
1.0023728753333334
0.9749545540000001
1.00431832
0.971107862
1.009298138
0.9928035173333333
0.999794522
1.0083621433333332
1.0238301060000001
0.9979940740000001
0.9680217486666667
0.9325330126666667
0.967901766
0.9018209353333333
1.0023143946666668
1.0075815033333333
1.0004699093333334
1.0333507273333333
0.997600004
1.0106043193333334
0.97377196
1.009998306
1.006023844
0.9887011653333334
1.0074869626666667
0.9999109026666667
1.0334253186666666
0.989669408
0.998736698
1.002782432
1.00746333
0.999817796
1.0030049033333333
0.98547979
0.9720529360000001
0.9941363553333334
0.969070136
1.0065071466666666
0.9328266919999999
1.0042713533333334
1.0035439266666668
1.0062595433333332
1.007286122
0.937100812
1.0095828346666667
0.99915491
0.9882802860000001
1.0280944313333333
1.0025015573333333
1.0373690706666667
1.0100933186666665
1.0067666713333332
1.0066840806666668
1.0125938146666666
1.0353560000000002
0.84789452
1.0041304786666667
0.9982724286666667
1.0311427393333334
1.007782462
1.0029346386666667
0.9923562100000001
1.0024430613333335
1.0000971686666666
0.9812358173333333
0.9985045093333333
0.99945717
0.9682181486666667
0.9697155846666666
0.9691029346666666
0.9964080999999999
1.0067312733333333
1.0079125366666668
0.997009482
1.0030400393333332
1.011782776
0.997797
0.8797647040000001
0.9880983953333333
1.035468326
0.9997828853333334
1.007203446
0.9986786406666667
1.0107945906666667
1.015562772
1.029474424
1.0077706386666667
0.999794522
0.9975768326666666
1.037481834
1.0025951646666666
1.0036846366666667
0.9287018173333332
0.9985857633333334
1.00877661
1.007711526
1.0065779126666667
1.009665902
1.009487918
1.00323919
0.9842038766666666
1.002478158
1.0088713933333333
1.0049880773333333
0.9001765359999999
0.881543338
0.9686985726666667
1.0147229973333334
1.0356306173333334
1.0050703893333333
1.0026770853333333
1.0095472386666666
0.9960037326666668
0.998794762
1.0072388773333334
1.0358429213333333
0.9737057313333333
1.0465064926666667
1.030586034
0.9747996586666666
0.9681744973333333
1.0019519653333333
1.0109016499999999
1.009772722
1.0077469926666667
1.0115802193333334
1.0103784646666667
0.9227360666666666
1.003532202
1.0002602086666668
0.602870118
1.0121046506666667
1.0097964626666667
0.992975666
1.0070971686666668
0.6120671919999999
1.0329655106666666
1.0006680406666666
0.973275464
0.9955996933333333
0.9911196153333334
0.9991897766666666
1.0120450286666667
1.0001670366666666
1.0002252666666667
1.0023611786666666
1.0008429273333332
1.0049763193333334
1.0315885373333333
0.9741142853333334
0.9961654406666667
1.001683236
1.0043652913333334
1.0013913026666668
0.9670191706666666
0.9737167686666667
1.007676062
1.01016459
0.8704573826666666
1.001788374
0.60218123
0.997739052
0.9753863073333333
1.0293387246666665
0.9997479766666667
0.9752312746666667
1.0101764693333333
1.0034853086666666
0.9711188406666666
0.9998294333333333
0.9660947200000001
1.0068492753333333
1.0091321386666667
1.002770726
0.8518042313333334
0.971250604
0.6028489633333334
0.9979361026666667
1.0070027186666666
0.92611853
0.987008456
1.0130356619999998
1.0092862793333333
0.8730850520000001
1.002653678
0.9282201153333334
0.6230414366666667
0.993699342
0.9993292686666667
1.0107826966666666
0.8191500033333333
0.9942169000000001
0.99320529
1.0064481826666667
0.9805749466666667
0.9052327480000001
0.9883257693333334
1.0195163006666668
0.9987250860000001
1.0302399426666666
0.9333030480000001
1.0014029766666666
0.9994455413333333
0.603124094
1.002653678
0.9980288593333333
1.0358928873333333
0.9834826993333333
0.9918978526666666
1.0039192406666666
0.9923103553333333
1.0343461646666667
1.0090610133333333
0.9647276046666666
0.989418622
0.897552306
1.01016459
1.0375570226666666
0.9868497073333333
1.0007846246666667
1.0050703893333333
0.9974609946666666
1.031898346
1.0017533253333333
1.0031103186666666
0.9714153586666666
0.976184396
1.0320471206666666
1.0054468466666666
0.999526948
1.0045297260000001
1.0034735860000001
0.6446915433333333
0.995969088
1.005140954
0.969201344
1.0014029766666666
0.8460572439999999
1.000609758
0.9957150993333334
1.0071562093333333
0.9998876246666667
1.0107113380000001
1.0069318926666666
0.9976579360000001
1.0125818786666667
1.010449776
1.004060056
1.0149627913333334
0.992585548
1.040044386
1.0138247793333333
1.008492368
1.002653678
1.0108659613333333
1.0020454706666666
1.00232609
1.0160913413333332
1.0196252160000001
1.0101764693333333
1.029055106
1.0022208393333334
1.002536658
1.00505863
0.874302496
0.9985393306666667
1.0069673046666667
1.0338108786666667
1.0003999993333335
0.993033062
0.9903768526666666
0.9881211280000001
0.8472589233333333
1.007475146
0.999027086
0.986169934
1.0004349526666667
1.00343842
1.0002951526666668
1.0032274726666666
0.9399206253333333
0.6445415833333333
1.0020688493333334
0.9733967833333332
1.000190328
0.9842828193333333
1.0001670366666666
1.007215256
1.0004466046666667
0.927378338
0.9294856506666667
0.9993408946666666
1.000365048
0.6447980086666667
1.0090965746666667
1.009891438
1.0025717613333334
1.0068610766666668
1.013561604
0.9953804946666668
1.0021389926666668
0.9924593993333333
0.9872126366666666
0.9980288593333333
0.9982492260000001
1.0152866926666668
0.99636187
0.972592232
0.9860340913333333
0.9960730293333333
1.0047294686666668
0.9994687986666666
1.0016481953333334
1.0355806760000001
1.0302646553333334
1.0014730266666667
0.9993990286666667
0.9805525599999999
0.9902740959999999
0.9999458219999999
1.008018986
1.0179215506666666
1.0016481953333334
0.9986670300000001
0.9833701106666667
1.0062006079999999
1.003907508
1.003497032
1.0310066006666665
1.032866146
1.0107945906666667
1.0039779093333334
0.9406205066666666
1.0403088966666665
1.0108659613333333
0.9982492260000001
1.0046824633333333
0.927849144
1.0064010159999999
1.0108778573333335
1.0317124386666665
1.0098676926666668
0.9828637813333333
1.0016715553333333
1.0262152313333333
0.9939523026666668
0.9982956313333334
0.843904448
1.004694214
1.007120784
0.9894414153333334
1.001052872
1.0038136553333334
1.008930642
1.0068728786666667
0.9736505480000001
0.9995734726666666
1.0008196053333334
1.029758274
1.0011812153333333
0.9998643473333333
0.907307588
1.0009012366666665
0.997797
0.98927049
1.0059413753333333
0.6923625613333334
1.0016598753333332
1.004095266
1.0033329353333333
1.0076406006666667
0.9357227226666667
1.030981852
1.030796274
0.9840798486666666
0.9377453106666667
1.0036260026666668
1.0037315486666667
0.9105776853333334
0.8904254786666667
0.9886556473333333
1.001858478
1.02762706
1.0118781253333333
1.0047177166666668
1.012021182
0.584098964
0.633938834
1.006813872
1.0044122673333333
0.9694091626666667
0.9830325
0.9279193053333333
0.9714483159999999
1.0030166146666668
1.0251741966666668
0.92611853
0.9729227086666666
1.009345576
1.015971164
0.9929527093333332
1.008018986
1.004060056
0.879377428
0.9096134473333333
1.0055292346666667
1.0408509346666666
1.0345828626666667
1.0080308153333333
1.0051997653333333
0.9985277233333333
1.0053056426666667
1.000190328
1.0078534073333334
1.0112586786666666
0.9783190313333333
1.01140156
1.0102121099999999
1.0014963786666666
1.006059192
0.9412182886666666
1.0067076766666667
0.9781185126666666
1.010925444
0.8718267486666667
0.996142336
0.991485692
0.9978897306666666
0.9915314706666667
0.9822568746666668
0.999689802
1.0026419746666666
0.98863289
1.0041070033333335
0.858023892
1.011508748
1.0099270580000002
1.0003533980000001
0.8856424399999999
1.003825386
0.994562238
1.0085870973333333
0.62313183
1.037268858
1.0093218566666666
0.69244628
1.0105567626666665
1.0053997746666667
1.03708101
1.0090728666666666
1.0050468706666666
0.9956804746666666
1.0310066006666665
1.004353548
0.9690154766666667
1.0131431966666666
1.0123074173333333
1.0020805393333334
0.97503202
1.0037901946666665
0.9960037326666668
0.8800260826666666
1.0381965686666668
0.9714593026666667
0.967760006
0.8225700573333333
1.012176206
1.0062241813333332
1.0072979340000001
0.975774104
1.013788884
0.9730329173333333
1.0130356619999998
0.9453200900000001
0.986226546
0.9736395120000001
1.0075933226666667
1.0115325706666667
1.0021974533333333
1.008421332
0.9722289666666667
1.00171828
1.0129639846666667
1.011425378
1.0020805393333334
1.0012512346666667
1.0021506846666666
1.0142078246666666
0.9997712486666666
0.9706360133333333
0.9996083686666666
0.898744948
1.005411542
0.9950576413333333
0.99140559
1.0250273966666668
0.9691138680000001
0.9683491260000001
1.0060474086666666
0.99608458
0.6560206653333333
1.0296348413333334
0.9945737533333333
1.0117351086666666
1.0276762366666667
0.9946083013333333
0.847785732
0.8912569613333333
1.010485436
0.623204164
1.0079007100000001
1.006813872
0.9688733906666667
1.0107826966666666
0.9973451826666666
1.0025132573333333
0.9913026199999999
1.0089898973333333
0.990057236
0.9976811106666668
1.0383848206666666
0.9719209546666666
1.0129759306666666
0.9939983093333333
0.9967665286666667
1.0013446086666666
1.0068846813333332
1.0372813833333332
0.9937798153333334
1.009345576
1.0274795566666666
1.0315389853333332
1.0096303
1.0062359686666666
1.0013446086666666
0.9684801386666666
0.987053822
0.9979013233333334
1.0044592473333334
0.9790661293333333
0.9985045093333333
1.0352686526666666
1.0110563313333334
1.0160192313333334
0.969671798
1.0042713533333334
0.8686089606666666
0.9897150186666667
0.9978201806666666
1.0128087193333335
1.0327543846666667
1.000621414
1.0065189399999999
1.0024196646666665
0.9942629306666666
1.0071325919999998
1.0071916366666667
1.0047882313333334
1.0058942566666667
0.997739052
1.0078652326666666
1.0055410053333333
1.0083503066666668
1.0050703893333333
1.0046707126666667
0.9904339486666666
0.9871105353333334
1.0104735486666667
0.8219403866666667
0.9930445419999999
0.9738492386666667
0.9677163959999999
0.9711956979999999
0.988394002
0.9751648473333333
1.0376447573333334
1.00509391
1.0021974533333333
1.0001670366666666
1.00205716
1.0043770353333332
1.012211988
0.593945348
0.634355492
1.0016365153333333
1.014100064
0.9917375273333334
1.0045532206666667
1.0048470013333335
1.0364428373333334
0.999178154
0.9936533626666666
0.8978619006666666
1.0040835293333332
0.9909138153333333
1.0103428126666667
1.0380836506666666
0.9926428993333334
1.0078061093333335
1.0021506846666666
0.999596736
1.0032626246666667
1.0093574366666667
1.0383973733333334
1.01660843
0.969945528
1.0025249573333335
1.0245017106666665
1.003145462
0.9660403953333333
0.8997899346666667
0.999259518
0.9705482780000001
1.000924562
1.008551572
0.9947119586666666
0.996835932
0.9688624626666666
1.0001553913333334
1.0019402786666667
0.999027086
0.9894870053333334
1.01295204
1.01967363
0.8934818586666667
1.0014730266666667
1.0171742226666667
0.6238513926666667
1.0120688766666668
0.96691032
0.991474248
1.0038371166666666
1.0051174313333333
1.0355931606666666
0.6341541173333334
1.0119496486666666
1.0094048806666667
0.975751936
1.0018234246666666
0.9939293013333332
0.971701066
1.0041656933333334
0.9988179893333333
0.97418057
0.999794522
1.003532202
0.8227118659999999
0.9934350206666667
1.001519732
0.9733526633333333
0.9021713813333334
0.9898062539999999
1.0022676146666667
1.00232609
0.9953574266666666
1.0121165760000002
0.5835553393333333
0.9950576413333333
0.9939868073333333
0.9874963606666667
1.011270584
1.0130954006666666
1.000201974
0.9927002566666667
1.0073569980000001
0.9266280400000001
0.9943550059999999
0.9952190413333333
0.9758960466666667
1.0000505960000001
1.005682276
1.005835364
1.01622357
1.001765008
0.9995385786666667
0.9673240833333333
1.0079835006666666
1.0054703846666666
1.009440466
1.002665382
1.0055410053333333
1.0063774346666667
1.0000505960000001
1.0011462093333332
0.9672914046666666
1.0346327073333335
0.998133232
0.9979361026666667
0.9960268306666666
1.0006680406666666
1.0366054340000002
1.0015547646666667
0.9974609946666666
1.0004582566666667
1.0056469546666666
0.9717560286666667
1.0075696846666666
0.9968475
0.5933668533333334
1.007215256
1.0187183020000001
1.0052703473333333
1.0264359566666668
1.0031337473333333
0.9736836573333333
1.0038840433333334
1.001286248
1.0016949173333334
1.0086818446666665
0.6110614046666667
1.00813729
1.027762308
1.004658962
0.972063936
0.9725591966666666
0.7987590400000001
0.988428122
1.0121046506666667
1.0244650546666667
0.9905710059999999
1.0064717673333332
1.0074987793333332
0.9429851459999999
1.167729448
1.0268776933333335
1.0010762046666668
0.9977042859999999
0.9718989613333333
1.003907508
1.0005981026666666
1.034620246
1.0015781206666667
0.9970904926666667
0.9997479766666667
1.007014524
0.988143862
0.9733967833333332
0.9290634226666666
1.0077469926666667
0.974987752
0.9729667886666666
1.0009128993333334
0.994758036
1.0369558166666668
0.8468496353333334
1.008101796
1.0053880066666667
1.008468688
1.0291414079999999
1.0282174946666667
0.9873261066666668
1.0156108006666666
0.9071159606666667
1.0104260046666667
1.0076051413333333
1.0047294686666668
1.0044005226666666
1.005317408
0.9973915046666666
1.0097252433333332
1.0238667166666668
0.9850616493333334
1.0043887786666665
1.0036846366666667
0.986158612
1.0277131226666667
0.9986438093333333
0.9872466746666667
1.0336989126666667
1.00985582
1.0657751546666667
0.9938603020000001
1.0000040273333335
0.9710859053333334
1.0205458706666666
1.0249907033333334
0.9920582293333333
0.9792893646666666
0.996523694
1.0322951726666667
1.0177647619999999
1.0042009106666665
1.0024898573333334
1.0118304486666665
1.006896484
1.012629626
1.0008429273333332
0.8185099566666666
0.9996083686666666
1.0075342306666666
0.5833294573333333
1.0387740913333334
1.0019519653333333
0.9699564806666667
1.0093218566666666
1.0079480173333333
1.0052585833333332
1.0263991626666666
1.0079361900000001
1.005411542
0.9858530266666666
1.0045179786666667
0.9760845633333334
0.995969088
0.999631634
0.9966161886666667
1.0104973226666667
0.9873942013333333
1.009654034
0.9990503239999999
1.0050351113333333
0.9991316666666666
1.001356282
0.993975306
0.994769556
0.968534738
1.001928592
0.9690592033333334
0.9984580846666666
0.6231860786666666
1.014279678
0.9077486386666667
0.5750968826666666
1.0251497266666667
0.9969516253333333
1.0034501413333334
0.998411664
1.0014029766666666
1.0022208393333334
0.865458434
0.991909306
0.9867023433333334
0.9656820073333333
1.0079007100000001
1.0051056706666666
0.976373024
1.030821014
0.9771504973333334
0.9754970746666666
1.005317408
1.0041187406666667
1.0115563946666666
1.0049763193333334
1.0065425286666667
1.0000622386666667
0.9970557720000001
1.0008545886666667
0.9964196586666667
0.991542916
1.040245906
1.0009128993333334
0.9063980786666666
0.9632779273333334
1.0083503066666668
0.9998527086666666
0.9975073266666666
0.8251935319999999
0.989236312
1.0107589093333333
1.0082911259999998
1.0710107466666667
1.0508079406666668
0.9061877153333333
1.0036025506666666
0.9067520920000001
1.0049410473333333
1.0082556213333334
1.0100220573333332
0.974169522
1.0330152
0.9938028106666668
0.995265166
0.9974146666666667
1.02214886
1.009333716
1.0002951526666668
0.9857059606666667
1.0102239906666668
0.9997014366666668
0.8728189106666667
1.005611636
1.0109730353333333
1.0116040453333333
1.0064953533333334
1.0049175346666666
1.009333716
0.990354016
0.9962809779999999
0.9911539233333333
0.9970557720000001
0.9982144253333333
0.9931363913333333
1.0048470013333335
0.846040578
1.0129400946666667
0.974921358
1.0055998633333334
1.0294991
1.0015080553333333
1.010532986
1.0041539546666667
1.024929554
1.0088003046666667
1.0362927933333335
1.007888884
0.9990851833333333
1.0022325326666668
1.0235861046666668
1.0130595566666667
0.9937453253333333
0.9700112466666666
0.9992130226666667
0.805137792
0.9986322
0.9917260773333334
0.6229826953333334
1.004694214
0.8991871233333333
1.0041539546666667
0.9844971566666666
1.0072388773333334
1.009487918
1.034209178
1.0079953286666667
0.9929986233333334
1.0354184006666667
0.9575865726666666
1.0048822666666666
1.0299311286666666
1.0079007100000001
1.0058589199999999
1.0151787026666665
1.0063066966666667
0.9736836573333333
1.0099151846666667
1.029474424
0.9957843559999999
1.0032509073333333
0.9700331546666666
1.0326178193333333
0.9875758326666667
1.0094760546666666
0.8397546793333333
1.0383848206666666
0.9995734726666666
0.9993641473333333
1.0096065666666667
0.9910853093333334
1.0128206613333333
1.0335247906666667
0.9278291
1.0081846193333335
1.006247756
1.0014380006666668
1.0097133746666667
1.0040835293333332
0.9708554206666666
1.0049528046666667
1.0151667053333333
1.01121106
1.000761306
1.0004932146666667
1.0053997746666667
1.0056705019999999
1.0018818486666667
0.9743131653333333
1.008018986
0.8641959186666667
1.0022559206666666
1.015586786
0.9999574626666666
1.0091321386666667
1.0138965786666667
0.9709322366666667
0.9927346746666668
1.005493924
1.00833847
1.035006698
0.9224189886666666
1.0137171
1.0081727866666668
0.9711517780000001
1.0030049033333333
0.979099608
1.00323919
0.9079885200000001
0.633279854
1.010544874
1.0172103586666668
1.012092726
1.0004932146666667
0.9996200006666667
1.0025483586666666
1.0316257046666666
0.89987477
0.9966855706666667
0.972162948
1.0128326033333332
1.0011345413333332
0.9974494119999999
1.009250704
1.0114134686666667
0.995980636
1.013513768
0.9984812959999999
1.0037667353333333
1.008930642
1.0076878833333334
1.002782432
1.006990914
0.9339931053333334
1.0013212633333333
1.002665382
0.9974609946666666
1.0019636526666666
1.0078652326666666
1.006094542
0.9750984293333332
0.9980288593333333
1.0042126506666667
0.8016962293333333
0.6229601053333333
0.9985393306666667
1.0061534646666668
1.0028058453333333
1.037732506
1.0027121986666665
0.968294548
0.9734078133333334
1.0028409673333334
1.010925444
1.0064128073333334
1.0135735633333334
0.8260664506666667
0.9980288593333333
1.0054350786666668
1.0058942566666667
1.0360678079999999
0.9701317526666666
1.0054350786666668
1.0076642413333334
1.0126535013333333
0.9212318853333333
0.6444690473333333
1.0358928873333333
1.0071798273333334
1.0014029766666666
1.0068020713333334
1.009760852
1.012450596
1.008125458
0.99874831
0.993607388
0.9694529253333334
1.000737988
1.0038957753333333
1.0031103186666666
0.981594628
1.0053056426666667
1.0013329359999998
1.0011228733333335
0.9933086553333332
1.0033094973333334
1.0008079453333334
0.8595005646666667
0.9984580846666666
1.000889574
1.0384224793333332
1.0078652326666666
1.005317408
0.99412485
0.975076292
1.0047177166666668
1.017017664
1.0064010159999999
0.8731382993333333
0.9982608273333333
1.011270584
0.90660854
0.634177526
1.0126654400000001
1.0323075786666667
0.998179626
0.9773061406666668
1.0101883493333332
0.932725402
0.644565766
0.9962232059999999
1.011985414
1.0038957753333333
0.9805973346666667
1.0054821539999999
1.032171132
1.0382091166666667
1.0110087319999999
0.9388009260000001
1.0060827586666665
0.9947349966666668
0.98350522
1.0023611786666666
0.850025688
0.5265989413333333
1.0041539546666667
1.0066722833333333
1.0024664586666667
1.0108897533333334
1.0326302326666668
0.9872466746666667
1.03528113
1.0361802886666667
0.9967665286666667
0.98450844
0.9901941893333333
0.994723478
1.0053291739999999
1.0018351093333333
0.9963503133333333
1.0256515853333334
0.9699893393333333
1.0003300986666666
1.0053644726666666
0.9916459360000001
0.9995734726666666
0.9927805686666668
1.0021506846666666
0.998864448
1.003145462
1.0034149766666667
0.9677163959999999
0.5838448820000001
1.007877058
0.99955021
0.9987715353333333
0.9738823613333334
1.0021506846666666
1.0059178153333335
0.9990387046666667
0.9984696900000001
0.8485897486666666
1.00542331
0.9952075113333334
0.9886670266666666
1.0066604860000001
0.9982724286666667
1.0070735546666667
0.9888035953333333
0.967040944
1.0338730926666666
0.9969516253333333
1.0057764786666668
0.9762731533333334
0.9179634299999999
1.00275902
0.6323660973333333
1.0068846813333332
0.6033104786666666
0.9966393146666666
1.0082792913333334
1.0119019653333332
1.0010178753333332
0.9978897306666666
0.9931938060000001
0.9899089126666666
1.0072624993333334
0.9853893513333334
0.97434632
0.9953920286666667
0.9031673753333332
1.004905778
1.0088950920000002
0.844593146
0.9989573773333333
0.998597372
1.0110563313333334
0.9945276933333332
0.6554300073333333
1.0283775206666665
1.0354433626666668
1.0123193473333334
0.9872920626666667
1.035718026
0.9720419366666667
1.000143746
0.965855738
1.0073569980000001
0.989954546
1.0216261213333333
1.005411542
1.0029814806666666
1.009654034
1.0344956453333332
1.0091084293333332
1.0358429213333333
1.0066840806666668
1.030079336
1.0028175526666667
1.009950806
0.99595754
1.0084450093333333
0.8321322306666666
1.0021740686666667
1.03581794
0.9969516253333333
0.9972872873333334
1.0041656933333334
1.0051644773333335
1.009250704
1.0030634646666667
1.0013913026666668
1.0164159633333334
1.0053644726666666
0.9970673453333334
1.0055527766666668
0.997298866
1.0047647253333334
1.0176803573333333
0.989954546
1.0018818486666667
0.892034414
0.6128575926666666
0.970921262
1.008504208
1.0253822346666668
1.027959096
0.990536738
1.0013913026666668
1.033313436
1.013202948
1.0297212406666667
0.9999458219999999
0.9162499166666667
1.00871738
0.9939983093333333
1.017379026
0.89978051
0.9782633233333333
0.999515318
0.9855137093333333
1.0025249573333335
1.011389652
0.8497986380000001
1.008812152
0.6119538213333333
0.9361612293333332
0.6923625613333334
1.00320404
1.032915826
1.0205458706666666
0.927548574
0.911128216
0.9976463486666667
0.9788429953333333
0.9873374546666667
1.0078534073333334
1.0001204566666666
1.001928592
0.9993176426666667
0.9944125619999999
1.00031845
0.9757297686666667
0.9684037106666666
0.9889402020000001
1.0091914180000001
1.0030868913333333
0.8352148913333334
0.9813254953333334
1.0075342306666666
0.9701974959999999
0.989145182
1.0027941386666666
0.9970557720000001
0.9953574266666666
0.988621512
1.0079953286666667
0.9731541753333333
0.9995618406666668
0.9768393593333333
1.0049292906666667
1.0146990246666665
0.992883846
1.0036611819999999
0.9988063753333333
1.0298076546666666
0.9979708846666667
1.0381338333333334
1.015562772
1.0009362253333334
0.9172478713333333
0.9865210333333333
0.9160642626666666
0.9857172713333333
0.9978897306666666
0.9983536446666667
1.00041165
1.0077706386666667
0.9325026426666667
1.0290304506666665
1.014088092
1.0092269886666667
0.9985045093333333
1.0073333713333332
1.0275041379999998
1.0032626246666667
1.011163446
1.0118423673333334
1.0270250233333333
0.9968590686666666
1.0283405873333333
0.9999807446666668
0.9996781680000001
0.88720663
1.0100814413333332
0.9939063006666667
1.0061888220000001
0.9037945553333334
1.0014263253333333
1.0091795613333334
1.002010404
0.9269580213333334
1.0087292253333333
0.9977506406666666
1.010485436
0.612739558
1.0123193473333334
1.001893534
1.03036352
1.0100576866666666
0.9737388446666667
1.000737988
0.9895553986666668
0.9727354106666667
0.9651395013333334
1.0066840806666668
0.9994455413333333
1.0000622386666667
1.011092034
1.0057882553333335
1.0023962693333333
1.0096184333333333
1.0047177166666668
1.0114372873333333
0.99533436
1.0044944853333333
1.0089069413333334
0.9760956546666666
1.0049292906666667
1.0019402786666667
1.04246779
0.993699342
1.0011345413333332
0.8267263306666667
1.0085278893333334
0.9208467346666667
0.996916914
0.6791643286666667
0.9707457046666667
1.0051291926666666
1.0322951726666667
1.0415576913333333
1.247340428
1.0042830946666665
0.998829604
0.9719539466666667
1.0111753493333333
1.0061063259999998
0.9952766973333333
0.8175751046666666
1.005906036
1.001286248
0.9813591286666666
0.9944125619999999
0.9918863986666667
1.0025951646666666
1.0057764786666668
0.9998527086666666
1.004060056
0.985445874
0.8773834153333334
0.5191767206666666
1.0062831193333333
0.9975189099999999
0.9760623813333333
1.005611636
1.013681212
0.9107804346666667
0.6120889986666667
0.9951844513333333
1.0046237126666666
0.9952766973333333
1.0148069126666666
0.99814483
0.9054808459999999
1.0323075786666667
1.012916206
1.0098795653333332
1.0005514833333333
1.0006447266666667
1.0088239993333332
0.9982492260000001
1.000609758
1.0306107633333332
0.9022566666666667
1.032741968
1.0115444826666666
0.998318836
0.9301297853333333
1.028303656
1.0059413753333333
1.00275902
1.0062359686666666
1.0031806079999999
0.9963040886666666
1.0000040273333335
1.0130356619999998
1.0034149766666667
0.971162758
0.9320978973333334
0.9996781680000001
1.0068492753333333
0.996916914
1.0051174313333333
1.027098704
0.9267980006666666
1.027811498
0.998133232
1.0130356619999998
0.9957843559999999
1.001239564
1.007168018
0.9927576213333333
0.9978549546666666
1.0020337813333333
1.0149388066666667
0.980843668
0.9837755499999999
0.996604626
1.0057411506666667
0.9757186853333333
1.0083147973333333
0.9997130713333333
1.0054821539999999
0.9957612693333334
1.0081727866666668
1.001788374
0.9765062173333334
1.000877912
0.9921155193333334
0.875148704
1.0145911593333334
0.9325330126666667
1.0083029620000001
1.0157429040000001
0.9672805126666667
1.005682276
0.9849599926666667
0.9897948486666666
1.0047529726666666
1.0085397306666668
1.0095353740000002
1.0095353740000002
1.032841308
0.8324870706666667
0.5933012799999999
1.0055292346666667
0.9997712486666666
1.0121285013333332
0.969660852
0.972999852
1.0037315486666667
1.000924562
1.0067076766666667
1.00542331
1.003708092
1.0081846193333335
1.0048470013333335
0.9964312166666667
0.9274083753333333
0.9970789186666666
0.9999923853333333
1.007475146
0.9723610319999999
0.9900686473333333
0.9884053746666667
1.020812686
0.982211948
0.8626424366666666
0.997032626
0.9974725773333333
0.9945507226666667
1.00404832
0.999724706
0.9942053926666667
1.009440466
1.0112943953333333
1.003321216
0.9934005539999999
0.9874169013333334
0.9883257693333334
0.6445706026666667
1.0037901946666665
1.0117351086666666
1.0274918473333334
0.6443868593333333
1.0006913553333334
0.6440293446666667
1.034732412
0.9709980886666667
0.6520171386666667
0.6021516813333333
1.0010412066666665
1.0027941386666666
1.0041891713333333
1.0010062100000001
1.0259333306666667
1.004964562
1.0048705113333334
0.991611594
0.9972757093333333
0.9963965426666667
0.9910853093333334
1.002162376
0.623172516
1.0029463486666668
0.9974146666666667
1.0018000573333334
0.9984812959999999
0.9932282579999999
1.033263718
0.9022377126666666
1.02863613
1.008267456
1.0044944853333333
1.0080781346666665
0.977506326
0.99777382
1.0082201193333333
1.0018117406666667
1.0005514833333333
0.9840347553333333
1.03109323
1.0058706986666666
0.9718439826666666
0.9760402
0.9991200453333332
0.9537483586666667
1.00509391
0.623502718
1.0338482066666668
0.9978433633333335
1.033325866
0.9980404553333333
1.0255046493333333
1.0104616626666667
1.0155507653333333
0.971305516
1.0077942853333335
1.001286248
0.8887119880000001
0.9754195346666668
1.0014613506666665
1.002478158
0.878020156
1.001893534
1.0068728786666667
1.01016459
1.0058706986666666
1.00404832
1.0039427073333334
1.00404832
1.0354932906666667
1.0353934393333335
0.9995734726666666
0.8353529700000001
1.0368306526666666
0.9986322
1.006294908
1.0114849266666668
1.0073569980000001
1.009143994
0.9960961306666667
0.988223438
1.002384572
1.0354558440000001
1.0069673046666667
1.0090017493333334
0.9253902066666666
0.9658231586666668
1.0076524206666666
1.0004233013333335
1.0058942566666667
1.0382718613333333
1.0030986046666668
1.0064953533333334
1.003907508
1.0049763193333334
1.0376948973333333
0.994067328
1.0116874453333333
0.997588418
1.0080899653333333
1.0018000573333334
0.9999458219999999
1.0040013779999999
1.00746333
0.9996200006666667
1.0026419746666666
0.9955996933333333
1.0321959373333334
0.8599566106666666
0.9937798153333334
0.9997596126666667
1.005906036
0.9929297539999999
0.9824928046666667
1.0075815033333333
1.0016131566666666
1.0076169606666667
1.0272338133333332
1.0329282466666667
0.9682399753333334
0.7965074500000001
1.0087055346666667
0.9905595833333334
1.0368681986666668
1.0028175526666667
1.0006913553333334
1.0311551173333333
1.028981144
1.0085397306666668
0.9980752446666667
0.998318836
0.9905824293333333
0.9982376253333334
0.9773283793333334
1.0019402786666667
1.0260068553333335
1.012892318
1.0003300986666666
1.0077351706666666
1.0045884653333332
1.0011695466666666
0.9965352553333334
0.9996549
0.9697374793333333
1.038096196
0.9948271593333334
0.5496256626666667
1.0093930193333334
1.0369057473333334
0.9963040886666666
0.9986438093333333
1.0005281746666665
0.9861133286666667
1.003532202
0.9907195273333333
0.992012402
0.9969053446666667
0.9902740959999999
1.0081846193333335
1.011758942
1.0039544406666667
0.9236886093333333
0.9269280133333333
0.9986786406666667
0.97885415
1.004694214
1.1131039626666668
1.027996002
1.004600214
0.9687204213333332
1.0215289266666667
1.0041070033333335
0.9838882313333334
0.8905270213333333
1.000504868
1.007782462
0.9854345686666667
1.0072388773333334
1.0066958786666667
1.0030166146666668
0.9959344453333333
1.0086463126666665
1.0013329359999998
1.002127302
1.004694214
1.0081136266666668
0.8977586786666667
0.9991897766666666
0.9938603020000001
1.0003883486666667
0.9823355053333334
1.0093099973333333
0.99636187
1.0047059653333335
1.0075342306666666
1.003321216
1.0094760546666666
1.0276762366666667
0.999689802
0.9998759853333332
1.0066604860000001
1.0032626246666667
0.8706603073333334
1.0015897986666666
0.549214508
0.9741142853333334
0.997426248
1.0116993606666667
1.0023962693333333
0.998365248
0.9997596126666667
1.0187545473333333
1.0073924393333333
0.9701865386666667
1.0356680766666666
1.007286122
1.015106722
1.008196452
1.001157878
0.9917833293333334
0.9953228266666667
1.0027941386666666
1.007782462
0.909960338
0.9860227733333333
1.0036611819999999
0.9702851680000001
0.9938373046666668
1.0074515146666665
1.0047764786666666
1.0092862793333333
0.99780859
0.9740369653333334
1.0267794966666668
1.0406996113333333
0.8740267186666667
1.008054474
0.5582011746666667
1.006294908
0.9955304620000001
1.0380585606666666
0.9990154673333334
1.004694214
1.0084568486666667
0.9700769733333333
1.0112229640000001
1.0036025506666666
0.9959459926666667
0.9916573839999999
0.9996665339999999
1.025516892
0.9991432880000001
0.9975189099999999
1.0076997046666667
1.0375570226666666
1.0128326033333332
1.0107708026666666
0.9739927873333333
1.0105686513333334
1.0230618953333332
1.0006447266666667
1.000761306
1.0064717673333332
1.0023143946666668
1.024342888
1.0072743106666666
1.0083739806666667
0.981493686
0.9045940453333333
0.9899431373333334
1.0144234146666666
1.0076287806666666
1.0009478886666667
1.0110801326666667
1.0043418053333333
0.9965930633333334
1.0129759306666666
1.003145462
0.9995618406666668
1.0075342306666666
0.989236312
1.027786902
0.9682181486666667
0.9998876246666667
1.0275655953333334
0.5838726613333334
1.0052585833333332
0.655975578
1.0027941386666666
0.996986338
0.6667754366666666
1.0044357566666666
1.0025717613333334
0.9974609946666666
1.03315187
0.9972757093333333
1.005458616
0.9997130713333333
1.0089661939999999
0.799629002
1.0109135473333335
1.004060056
1.0106756626666666
1.0109968333333332
1.0078061093333335
1.0029580586666667
0.970921262
0.9025505486666666
0.9948156380000001
1.003825386
1.005611636
1.0289195173333332
1.0077942853333335
1.0065779126666667
1.0005631373333335
0.992000946
1.009416742
1.007203446
1.038748968
1.0100576866666666
0.9987018626666666
1.0069555006666666
1.0016598753333332
1.0116278726666665
1.0109135473333335
0.9984000593333333
1.011199156
1.0089424926666668
1.0014496753333333
1.004964562
1.0031103186666666
0.9693654039999999
1.0015314093333334
0.9542357273333334
0.99862059
1.0099626806666666
0.9886556473333333
1.0086463126666665
0.999515318
1.0272215293333333
0.9884394953333334
1.007061748
1.0011462093333332
0.9691357353333333
1.008978046
1.0326178193333333
1.011854286
0.99140559
0.994331986
0.9985857633333334
0.9344096633333333
1.0108540653333333
1.000201974
1.005847142
0.9713494500000001
0.9994339126666667
1.013083452
1.0053997746666667
0.9989109106666666
1.0282790373333335
1.0016949173333334
1.0054821539999999
1.0122716293333334
1.0355681913333332
0.9693107113333334
1.0072979340000001
0.9977274626666667
0.8773565313333334
1.0042243906666666
1.0124147973333333
0.584055278
1.010544874
1.0039192406666666
0.9975073266666666
1.0021740686666667
0.6678485313333333
0.9992827666666667
1.0080071573333333
1.0049175346666666
0.6445028953333333
1.0013679553333332
1.0009828806666665
0.996916914
1.019588908
1.024135272
1.0038488479999998
0.9068669666666667
1.0264604880000001
1.0000156686666666
0.975375232
0.6445851133333333
0.9956112326666666
1.0114134686666667
0.9967087
0.9951844513333333
0.9901713613333333
0.593133314
0.9965352553333334
0.979937324
0.9707127946666666
0.9857172713333333
1.0055292346666667
0.5261924933333333
1.01242673
0.9660947200000001
1.0038488479999998
0.9959344453333333
1.0063774346666667
0.9863850940000001
1.0082319526666668
1.0047412206666666
1.0096777693333334
1.0010295406666667
1.0053644726666666
0.995034588
1.0344582713333332
0.9982028253333333
0.9880074753333333
0.8492441366666666
0.9990154673333334
1.012247772
0.872508618
1.00232609
1.0018117406666667
1.0340971253333333
1.001519732
0.8938444546666666
1.0004932146666667
0.9999807446666668
0.8981529266666667
1.0021740686666667
1.0024430613333335
0.998736698
0.9992362693333333
0.9722619800000001
0.966562162
1.0125460706666667
1.007168018
1.0048470013333335
0.9756300293333333
1.2041007853333334
1.0097845926666666
1.0024313626666668
0.9848809413333334
0.9767504993333334
0.9984000593333333
1.005458616
1.0057764786666668
1.002747314
0.92761869
1.0074515146666665
1.0360803046666667
1.0068728786666667
1.0052938773333333
1.00833847
0.9828188
0.990810948
0.9364163640000001
0.9781519266666666
0.9924364666666667
0.7645419473333334
0.9970789186666666
1.042113674
1.0091084293333332
0.9895212006666667
0.9686221093333334
0.960305712
0.9908452346666666
0.992012402
1.014399456
0.9980868413333333
0.9754859966666666
1.006094542
1.004658962
1.0082792913333334
1.0035908253333334
1.0097964626666667
1.0011928846666667
1.002127302
1.0391133706666666
1.016825042
1.0043770353333332
0.999631634
0.8847302626666667
0.989760634
1.0020688493333334
1.0031337473333333
1.0000156686666666
0.6679731713333333
0.9934350206666667
1.0068846813333332
1.0089424926666668
1.033388022
0.999596736
1.0020454706666666
1.0072388773333334
0.9991432880000001
1.0003533980000001
0.964803454
0.9875985413333332
1.0034501413333334
0.9993874013333334
0.99945717
0.9693325873333333
0.999596736
1.014028236
0.8790174773333334
0.9969400546666667
0.6341026226666667
1.0321835346666666
1.0231350086666666
1.0305983986666667
1.0015080553333333
1.0034032560000001
0.8186503693333333
1.0063184853333333
0.9745010713333333
0.970625046
0.9951959813333333
1.0039192406666666
0.9883030273333334
1.0219178166666667
0.9906623986666667
0.998841218
0.8578696499999999
1.0025951646666666
1.0024898573333334
1.008160954
1.0082792913333334
0.8594661653333333
0.9694529253333334
1.0105924293333335
0.9679235786666667
1.0080308153333333
1.0134420233333334
1.0024079673333335
0.9954266333333334
0.9995385786666667
0.9963734273333333
0.9976463486666667
1.0010995386666668
1.001227894
1.02631332
1.0010412066666665
1.034209178
0.9708773666666666
0.941166726
0.7739098139999999
0.9980868413333333
0.9783190313333333
1.0330027766666667
1.0083621433333332
0.9949884853333333
0.96780362
0.9054140366666668
1.0062359686666666
1.0008196053333334
0.9988063753333333
0.9998410706666667
0.9889629733333333
1.0025483586666666
0.82316125
1.000889574
1.0115802193333334
1.0061888220000001
0.9017641319999999
0.6560507273333334
0.9990038486666667
1.006247756
1.0010178753333332
1.0144952986666667
1.0154547226666666
0.9569038626666667
0.843879576
1.0317620073333333
1.0022793093333333
0.9986438093333333
1.0009362253333334
0.987689386
1.000365048
0.99140559
1.0110563313333334
1.0075460486666665
1.008492368
0.9717890093333333
1.0030868913333333
1.0377074333333334
1.0018818486666667
1.0049410473333333
1.0094523286666666
0.996465894
0.99026268
0.995011536
1.009487918
0.9678581433333334
0.9970904926666667
1.002630272
0.9984812959999999
0.9970557720000001
0.9932971693333333
1.0000855253333334
0.8866663146666667
0.988428122
1.009808334
1.0014730266666667
1.0101883493333332
1.0117231919999998
0.997032626
0.9942399146666666
1.0094760546666666
1.0384224793333332
1.008125458
0.9809444766666667
1.0064363906666667
1.0043418053333333
0.9065032966666666
1.0358054493333333
0.9958998053333333
1.0020337813333333
1.0040835293333332
0.9683054626666667
0.9912683013333333
1.0079361900000001
0.91712056
1.0059884986666665
1.01043789
1.0025717613333334
1.0086581566666668
1.0258598173333333
0.996211652
0.990354016
0.9864643873333333
1.0004233013333335
0.9675093026666667
0.9965815013333332
0.8729608326666667
0.95848411
1.0116517006666665
1.0088239993333332
0.9980520513333333
0.9921498966666666
1.0029931920000001
1.036242788
0.9765950333333333
1.0003300986666666
0.9080365113333334
1.0168852286666668
1.0029814806666666
0.9734740019999999
0.9923562100000001
0.9666165453333333
0.9971136406666666
1.003192324
1.0292400573333333
0.9934120426666667
1.001519732
0.9939178006666666
0.8706514826666667
1.0317620073333333
0.9827288486666667
1.0274058213333332
0.967912672
0.9935614173333334
1.0121523533333334
1.0020454706666666
0.9284809753333334
1.006294908
1.0055410053333333
1.00063307
1.0344956453333332
1.0029697693333333
0.9982608273333333
0.9922415813333334
1.00210392
1.0098202053333334
1.001566442
1.0005981026666666
0.994539208
0.970592144
0.9964196586666667
0.999724706
0.9022566666666667
0.992837942
0.9753309326666667
1.0141958500000001
1.0021974533333333
1.0089898973333333
0.9916573839999999
1.0066722833333333
0.998829604
0.9878711266666665
1.0011462093333332
1.0048822666666666
1.0039544406666667
1.0304624033333334
1.003321216
1.0025132573333333
1.0221731866666668
0.8261141173333334
1.002384572
1.0040013779999999
0.9998294333333333
0.6127177046666666
1.0087410713333334
1.0049175346666666
0.9519304266666666
1.0081136266666668
1.0294991
1.0053056426666667
0.991577254
1.0058706986666666
0.9923332826666666
1.027786902
0.6230956693333334
1.00869369
0.8444021893333333
0.993814308
1.0087884573333334
1.0315389853333332
1.0387740913333334
1.007711526
1.0040248486666665
1.0015080553333333
0.9941478606666666
1.0035439266666668
0.987065164
1.005682276
1.006530734
1.0009945453333333
1.0126654400000001
1.0357430026666665
1.0061181106666666
0.9726252693333333
0.9672696206666667
0.9993292686666667
1.0016481953333334
0.9062259560000001
1.0079007100000001
1.008409494
0.9971020666666667
1.0061652506666665
0.98863289
1.0065071466666666
0.9154101893333333
1.0121881333333334
1.012999822
1.009345576
0.8143816333333332
0.9984929026666667
0.9957959000000001
0.9752755646666667
0.9940328173333334
0.991417032
0.9980984386666667
1.0044827393333333
0.998017264
1.01084217
0.8954751153333333
1.0282913466666668
1.0094048806666667
1.0033446546666667
1.0020688493333334
1.0201822553333333
1.0116397866666667
1.0080071573333333
1.0068846813333332
0.90573863
0.5840671913333333
0.9737167686666667
1.0052350553333333
0.997831772
0.9927002566666667
1.0016365153333333
1.0102239906666668
1.0092862793333333
0.99488477
1.0035087553333333
0.9984232686666666
1.005823586
1.0048234926666668
1.0294374113333333
1.0016014773333333
0.988553248
1.0044122673333333
1.0009945453333333
0.9974609946666666
0.9007240019999999
1.031328442
1.0202186053333333
0.996963196
0.9912797406666667
0.9985161159999999
1.0052468186666668
1.00245476
1.0115325706666667
0.9972641306666666
1.0007263293333333
1.0123432086666666
1.0089424926666668
0.99828403
0.9950806953333334
1.0065425286666667
1.0043418053333333
0.9691357353333333
1.006530734
1.005658728
0.9839107706666667
0.9922874293333332
1.0072270666666667
1.0356431033333333
1.0123074173333333
1.0042243906666666
0.9998527086666666
0.9897834433333335
1.0042361306666667
0.970493452
1.0030166146666668
0.9994687986666666
1.0062595433333332
1.0321835346666666
1.005682276
1.000271856
1.00648356
0.999817796
0.8730051926666667
1.0065779126666667
1.0044005226666666
1.0093099973333333
0.9686548779999999
1.0132148986666667
1.0111753493333333
0.9956112326666666
1.0054468466666666
0.9834714393333334
0.995126806
1.00869369
0.9968012293333333
0.519023008
1.0143036313333333
1.0100339333333332
0.999166532
0.9729778093333332
1.0024430613333335
0.8964470153333334
0.8783433633333334
0.9974609946666666
0.9748439093333333
1.003708092
0.9992478933333333
0.9899887740000001
0.9682072353333333
0.9976463486666667
0.8264320366666668
0.995588154
1.0149388066666667
0.9319057666666666
0.9942514226666667
1.001788374
1.0105686513333334
1.0109373413333334
1.008847696
0.9710968833333333
1.006636892
0.9692341513333335
1.0083147973333333
0.9896124
1.0032274726666666
1.0052232913333334
0.998110036
1.003755006
1.0315637606666666
1.0131790466666666
1.000190328
1.0305736693333334
0.9975768326666666
0.9923103553333333
1.0298323473333333
1.0100576866666666
0.93516244
0.9767282866666667
0.9236091559999999
0.9686330320000001
0.65616599
0.931552048
1.012677378
1.0304500413333333
1.0013446086666666
0.9686439546666668
0.9959344453333333
0.992608488
0.9398589206666668
0.9731982773333334
1.0085634133333332
1.0260681333333335
0.9924135346666667
1.018355988
1.0009712166666667
1.00210392
0.970361894
1.0015547646666667
1.0026770853333333
1.0036142766666667
0.9302708086666667
0.9993408946666666
1.0058706986666666
1.001858478
0.9718439826666666
1.0099864306666666
0.8998276373333333
0.9986786406666667
1.0105805399999999
0.9734409066666667
1.009950806
1.0049763193333334
1.0038019246666665
1.0253944746666666
0.6446673513333333
1.029462086
1.0083503066666668
0.8433576093333333
0.974158474
0.60338676
1.00232609
0.9983420413333334
0.9970904926666667
1.008978046
1.0087884573333334
0.9929871446666666
0.969201344
1.0092151313333333
1.0048705113333334
1.0020688493333334
1.0049763193333334
0.9939293013333332
1.0088713933333333
0.9018966846666667
1.0018000573333334
0.8174117246666667
0.5208925333333333
0.9010168866666666
1.000365048
0.9671933826666667
0.9945852686666667
1.0317496146666667
1.00505863
1.038409926
0.8413997893333334
0.9936878466666667
1.006094542
0.99608458
1.0372187586666668
1.0315885373333333
1.034620246
0.93766342
0.9959228986666667
1.002864384
0.9699674333333334
0.9466953126666667
1.0014613506666665
1.0339353146666668
0.9992478933333333
1.0022442266666667
0.9729116886666668
0.8316407933333333
0.6335974886666667
0.9980752446666667
0.6339528693333333
0.9986322
1.002209146
0.8350038
0.9280295793333333
1.0057293753333334
0.9738934026666667
0.98946421
1.000143746
0.6588029933333334
1.0064599746666667
1.0074987793333332
0.8698227526666666
0.9072980046666667
0.6615122173333333
1.0044240119999999
0.9992943919999999
0.9980288593333333
1.0087055346666667
0.6330185113333333
1.0304994893333332
1.0022442266666667
0.9988179893333333
1.0025483586666666
1.005411542
1.006566118
0.8646134466666667
1.01004581
1.0073569980000001
0.9969516253333333
1.0105924293333335
0.997565248
1.008018986
0.7703839026666667
1.0044122673333333
0.9295460006666667
0.8449254506666666
0.82037042
1.00171828
0.999515318
1.007120784
0.9722399713333333
1.0015080553333333
0.9962000986666667
1.0100101813333333
0.936569512
1.033475052
1.0000156686666666
0.9811797766666667
0.9997479766666667
0.80876891
0.8307962346666666
0.5137428513333333
0.550234738
0.7230767266666667
0.7087229353333334
1.0067666713333332
0.9424368146666667
1.0062359686666666
1.0106756626666666
1.0038136553333334
1.0041070033333335
0.9414968260000001
1.0015781206666667
1.0099033106666668
1.002876092
0.9924020693333333
1.00985582
1.00063307
0.9337900413333333
0.8900103186666667
1.0241230613333334
0.9462677319999999
0.8896508266666666
0.9509398313333333
0.91787515
0.995969088
1.0117470253333332
0.99743783
1.0058706986666666
1.0280944313333333
0.995253634
1.007168018
0.48383367
0.8548049153333334
1.0025834626666665
1.000924562
0.543955938
0.9995385786666667
1.03583043
0.9998643473333333
1.00320404
1.000889574
0.9349283386666666
1.001087872
0.9996432666666666
1.0243673193333334
1.0309447306666666
0.9998992633333333
1.037582088
0.86874073
1.0052468186666668
1.0072743106666666
0.8970929986666667
0.9974957433333334
0.9994455413333333
0.968414628
1.0321959373333334
1.011782776
0.9470501853333334
0.6030140113333333
1.0000855253333334
1.0359303653333334
0.8174272819999999
0.999375774
0.9989922306666668
1.0038957753333333
0.9650744419999999
0.5339044053333334
0.9966740066666666
1.001216224
1.0085870973333333
0.52651502
1.0036260026666668
1.00648356
1.0031103186666666
1.007168018
0.8843294993333334
0.6230233613333334
0.8648571906666667
1.0116040453333333
0.934216578
0.7543433993333333
0.9990038486666667
1.1163152986666667
1.001239564
0.9877461726666668
1.007061748
0.9405793086666666
1.0100933186666665
1.004095266
0.9384214506666667
0.9960152813333334
1.0334253186666666
0.998736698
1.0036025506666666
1.0399562453333333
0.9989922306666668
1.001858478
1.0085278893333334
1.0032743426666666
0.9977042859999999
1.0310561013333333
1.0004932146666667
1.00171828
0.96780362
1.0018000573333334
1.0040835293333332
1.00289951
0.9997479766666667
1.0366054340000002
1.0054703846666666
1.1531506613333333
1.0382593119999999
1.0077469926666667
1.009345576
1.00648356
1.0018818486666667
1.01050921
1.009250704
0.8416800993333333
1.0212374533333333
0.9721739506666666
0.779252546
1.0014496753333333
0.9701317526666666
1.0034032560000001
0.5749121286666666
1.0332264326666667
0.8554263313333332
0.988030204
0.7995992286666667
0.519239486
1.0094523286666666
0.9973683433333334
1.0088003046666667
0.9983420413333334
0.9230335253333333
0.7756148613333333
0.995668934
0.8936398773333334
0.9906281246666667
1.0344956453333332
0.9692669613333335
1.0015547646666667
1.0036729093333334
0.9123378533333333
1.0068728786666667
1.0079125366666668
0.6238151479999999
0.8198849473333333
0.8964470153333334
1.0048822666666666
0.7514595913333333
1.0133344253333334
1.0047529726666666
1.007168018
1.008267456
1.003825386
1.0004349526666667
0.6332331693333333
0.9000350579999999
0.8545412993333332
0.7224868026666666
0.5191578933333334
0.9683491260000001
1.0040717926666667
1.0101764693333333
1.0075224133333334
0.9901371206666666
1.0063302746666667
0.9644892986666667
0.986963094
1.0066132993333334
1.007309746
0.9993176426666667
1.0316628746666667
0.9357431093333333
1.0349069413333334
1.000621414
0.9980984386666667
1.0321215233333334
0.9792893646666666
1.030054632
1.0103903493333335
0.9962809779999999
0.989977364
0.9301700733333333
0.9983884553333334
0.995969088
0.9662903386666667
0.835661782
0.9368759573333333
1.00282926
1.1896098206666668
1.0060356266666666
0.9484723399999999
1.1620268106666667
0.7749710933333334
1.00320404
0.8703339099999999
1.0007030126666667
0.9981680273333333
0.9423127526666667
0.8224282973333333
1.01407612
0.61573061
0.995980636
1.0074987793333332
0.6675215713333333
1.0071089766666668
1.0068492753333333
1.0018117406666667
0.9990387046666667
1.0040365839999998
0.9973567626666666
0.8856972306666666
1.0055527766666668
0.9025789993333333
0.9907081013333333
0.9867590166666668
1.0022208393333334
1.0171380893333333
1.0003533980000001
1.0005864473333332
1.0159951966666665
1.0035087553333333
0.9716021479999999
1.000609758
1.0076997046666667
0.9967780953333333
0.9339220233333334
1.0058824773333335
0.995703558
0.9364469900000001
1.00431832
1.009381158
1.0175356960000002
0.986328464
0.8178631226666666
0.9993641473333333
1.0373565433333334
1.005517464
0.997032626
0.997739052
0.9827400913333333
0.9689171046666667
1.0106043193333334
1.0103784646666667
1.0329779326666666
1.0097252433333332
1.0077351706666666
1.0070971686666668
1.0054821539999999
1.0042009106666665
1.0056705019999999
1.0009128993333334
0.871278486
0.8554178126666667
1.0001670366666666
1.0082792913333334
1.010532986
0.9194471066666666
1.00031845
1.0292770553333332
0.9819424766666666
1.010449776
1.0042009106666665
1.0030049033333333
1.0036729093333334
0.995034588
1.002770726
0.9352235293333333
0.8601977359999999
0.5599879133333333
1.029462086
0.9944470986666667
1.0022559206666666
1.0050351113333333
0.9995618406666668
1.0313532073333334
1.0013679553333332
1.0102952806666667
0.9684801386666666
0.9970904926666667
1.0333507273333333
1.0029346386666667
1.0078652326666666
0.9386880766666666
0.9384317026666666
0.9984929026666667
1.0050821493333333
0.9927117293333334
1.0058589199999999
1.0034501413333334
1.007014524
0.8908964613333332
0.41397674133333334
1.0343835306666667
0.8959981840000001
0.986600348
0.82655132
0.9291940713333333
1.0001321013333333
0.696223392
0.799338804
1.0043418053333333
0.9668776693333333
1.0088832426666665
1.0069555006666666
1.0107113380000001
1.0345330226666667
1.006059192
1.0026068666666668
1.0077351706666666
1.018186996
1.0048822666666666
0.9982956313333334
1.0070735546666667
0.9982492260000001
1.0005281746666665
0.6130019193333334
0.9228946873333332
1.0343088006666667
0.7919107033333334
0.9929297539999999
0.9961654406666667
0.8001727593333333
0.940548412
0.9185622193333334
1.00534094
1.001624836
0.9796914453333334
1.0018117406666667
0.6335087053333334
1.0004466046666667
1.0013095913333334
1.015118718
1.0062713313333334
0.9002331393333334
0.969726532
1.0022559206666666
1.0267304053333335
1.0028526753333333
1.029462086
0.9337900413333333
0.5117259766666666
1.007676062
1.009262562
0.9961885460000001
0.9547872653333334
0.808746066
1.0123909333333332
0.8219089286666668
1.011758942
0.9954266333333334
1.0058942566666667
0.970910288
0.99116536
0.5843572426666667
1.0024313626666668
0.872349124
0.969726532
0.9682508893333334
1.0022676146666667
1.003930974
1.0012745766666666
1.0044475019999999
1.0130476093333334
1.0031220326666666
0.9676945926666667
1.0092744206666666
0.999817796
0.9630295406666667
0.916601888
1.0339353146666668
1.0077942853333335
0.9727243953333333
1.0059884986666665
1.006990914
1.000504868
1.007215256
1.0066132993333334
1.0095947006666668
1.0021974533333333
0.9644134986666666
0.933627654
1.0345205633333334
0.947384426
0.999492058
1.0049175346666666
0.9132593286666667
0.11150488066666667
1.0038605793333333
0.9960961306666667
1.0374567733333333
1.005682276
0.9989573773333333
0.8455825206666667
0.7998896153333334
0.5280784066666667
1.0105210980000001
1.0124147973333333
1.0096303
0.9989573773333333
0.9774840793333333
1.005835364
1.000143746
1.0046824633333333
0.8313912693333333
0.6617160526666667
1.0017065980000002
0.9939293013333332
1.0014029766666666
0.8089136173333333
0.87607696
0.4556921953333333
0.9061877153333333
1.0102002293333334
0.8364836833333333
0.6865356933333334
1.0070263293333335
0.8797466833333333
0.999166532
1.00869369
1.0098320766666666
0.9308857666666667
1.0030166146666668
1.0034266980000002
1.0057882553333335
1.0017533253333333
0.9731652006666667
0.9975768326666666
1.0057293753333334
1.0053644726666666
1.0087529173333334
1.0003533980000001
0.9968127966666666
1.0034032560000001
1.0322455526666665
0.9184443626666666
1.0369683346666667
0.9961538879999999
1.044889804
1.0186095806666666
0.8666809186666666
1.000621414
0.455689778
0.8193609693333332
0.9075760026666667
0.9981912253333334
0.9696936906666667
0.9978201806666666
1.0346825573333334
0.9357838846666667
1.0059295953333334
0.8749258593333334
0.995969088
0.9958882593333332
0.9979361026666667
1.007014524
1.0100220573333332
0.6026248120000001
1.0067430726666666
0.7998747186666666
1.0045179786666667
1.0040365839999998
1.002010404
1.0355182566666667
1.0035790999999998
0.8858799146666667
1.0084450093333333
1.026166194
0.9921957366666667
0.661665082
0.9035188693333333
0.550058566
0.9293348113333333
1.007711526
1.0024430613333335
0.9988063753333333
1.0046237126666666
0.8464741073333333
0.9708773666666666
1.0305736693333334
0.99549585
1.0007496466666665
1.0029346386666667
1.0107232306666667
0.9120956693333333
1.0014963786666666
1.0015080553333333
1.008125458
0.9681199386666667
0.9123087846666668
1.004306578
0.7189493206666666
0.8800621466666666
1.0033446546666667
0.7135860333333334
0.845907274
0.779068792
0.5600061666666666
0.9662577299999999
0.44479547
0.9904111093333333
0.998736698
1.0079243633333335
1.0036025506666666
1.0110325313333333
0.994378028
1.038686166
1.002337786
0.9289629486666666
1.0692243513333333
0.9701865386666667
1.0065189399999999
0.874988244
1.0098676926666668
0.99955021
0.9899887740000001
1.005847142
0.9994455413333333
1.0021389926666668
0.9546811506666666
0.928752024
0.970066018
1.0357679806666666
0.9294051966666665
0.9543417426666666
0.9980868413333333
1.0027356086666668
1.0045532206666667
0.999596736
0.996986338
1.0330276226666666
1.000737988
0.992883846
1.0382091166666667
0.519518978
0.6180965213333333
1.0066722833333333
0.6028362706666667
1.0027239033333333
0.9984000593333333
1.0184646546666667
0.9257791686666667
0.9729116886666668
0.6129275606666666
0.9407338206666667
0.8178397626666667
1.0064481826666667
1.036242788
0.9413317473333334
0.7529614306666668
1.035480808
1.0018351093333333
0.9881893326666666
1.0005514833333333
1.00021362
1.005505694
1.0089898973333333
1.0011928846666667
1.0079361900000001
0.9283003646666667
0.9601876340000001
0.9936533626666666
0.835922012
1.0379582146666666
1.0010295406666667
1.0362052873333334
1.0372062346666666
1.0050821493333333
1.0027356086666668
1.0029346386666667
1.0053056426666667
1.0038957753333333
1.0054821539999999
0.9988063753333333
0.9993990286666667
1.0054703846666666
1.0315885373333333
1.0361552906666667
0.9370701433333334
0.7957253373333333
1.0033798146666666
0.6420028993333333
0.989179354
1.0084331706666667
0.6229736586666667
0.9647601100000001
0.7508290293333333
1.0008079453333334
1.0101289533333333
0.9674439226666667
1.004060056
0.9994339126666667
0.7956884833333333
1.0027239033333333
0.9995036873333334
0.8364348119999999
0.655790282
0.612888202
0.999689802
1.0075224133333334
0.9720529360000001
1.0148788506666666
0.855213416
0.9990503239999999
0.9988528326666666
0.341427272
1.0079716726666668
0.9649335093333334
1.0052703473333333
1.0051644773333335
0.9906623986666667
1.0146271119999999
1.0078179333333332
1.0344333566666666
1.0250029346666667
0.9129681353333333
1.0059649366666665
1.0003533980000001
1.0047882313333334
0.8776433813333333
0.997739052
1.0020805393333334
0.5936580113333334
0.8912199733333334
1.0211888906666666
1.0036142766666667
1.0115444826666666
0.9986438093333333
1.0072979340000001
0.9696389613333334
0.9407956399999999
1.0089424926666668
0.82649565
1.0024313626666668
0.8040299706666666
1.003825386
1.008385818
1.009808334
0.8722516846666667
1.0049880773333333
0.5912634546666666
0.593133314
0.9017925326666667
0.9995851039999999
1.0327047200000001
0.8603528166666666
0.8964283053333334
0.9693654039999999
1.0043652913333334
0.999631634
1.0027941386666666
0.9873034106666667
1.0035204786666667
1.0049175346666666
0.968928034
1.0041774326666666
0.91783592
0.9981912253333334
0.9906852493333335
0.9919436693333333
1.0001670366666666
1.0036260026666668
1.0347822713333332
1.0325805806666668
0.99776223
1.004095266
1.0017533253333333
1.0055763193333334
1.0032509073333333
0.9100663846666667
1.0065425286666667
1.0041187406666667
0.969201344
1.0330897426666668
1.011330114
1.0123551393333334
0.5751816013333334
1.0087884573333334
0.9294554793333334
0.9857964573333333
1.005023352
1.011199156
1.003907508
1.0087529173333334
1.0035439266666668
1.0017299613333333
0.5910763033333334
0.8648049486666667
0.4917835786666667
0.69549621
1.0039896433333333
1.0083739806666667
0.9975073266666666
0.9983304386666667
0.97678382
1.0053997746666667
1.0105924293333335
1.00431832
1.0207399046666665
1.0001553913333334
1.0008545886666667
1.000574792
0.9993874013333334
1.0353934393333335
0.999515318
0.8982468466666665
1.031415126
1.0036260026666668
0.9995851039999999
0.8892548
0.6336769473333334
0.9938258066666668
1.0137051373333335
0.63447263
0.9997596126666667
1.0106756626666666
0.9987715353333333
1.0094641913333333
1.0081136266666668
1.037732506
0.996916914
1.00534094
1.0051056706666666
0.9709871126666667
0.99595754
0.9921957366666667
1.000236914
0.9039372173333333
0.9953804946666668
0.9919780346666667
1.003532202
0.9368963946666666
1.0228060813333333
0.8405928813333333
0.7230280366666666
1.0051997653333333
1.0064010159999999
1.0012745766666666
1.0009012366666665
0.9875417713333333
0.9559667233333333
0.9703180486666667
0.969606126
1.0331891500000001
0.7161143286666667
0.81600625
1.0064599746666667
0.9352133466666668
0.9957728126666666
0.7962047526666667
0.9890654573333333
0.5683240986666667
1.0355182566666667
0.9999807446666668
1.0064245986666667
1.0036142766666667
0.9945852686666667
0.92278563
0.9643377106666666
0.9948271593333334
1.0047529726666666
0.702210844
0.9965468160000001
1.0137051373333335
0.7672187520000001
0.9350911793333333
0.850067748
0.9110605706666667
0.9996432666666666
1.00505863
0.9685893433333334
1.00031845
1.0077469926666667
0.8596726006666666
1.0083147973333333
0.9029964773333333
0.9982376253333334
1.0005165213333334
0.993216774
1.0069318926666666
1.0025015573333333
0.9934005539999999
1.0014380006666668
0.9976811106666668
1.0076997046666667
0.9650527573333334
1.0044240119999999
0.9060061166666666
0.9234999293333334
0.43717794600000004
1.002630272
1.0066840806666668
0.9734078133333334
1.00569405
0.9991432880000001
1.008066304
0.9695623493333333
0.968065386
1.0068020713333334
0.9972757093333333
0.9943895386666667
0.5263601573333334
0.9971020666666667
1.0024079673333335
1.0042009106666665
1.0105805399999999
0.9959228986666667
0.9971020666666667
0.998864448
1.0032157560000001
1.0369683346666667
0.9242352233333333
1.001216224
0.9236985419999999
0.934521486
0.8304428346666667
1.005682276
0.9993641473333333
0.996465894
1.012892318
0.9733526633333333
0.9967087
1.0097252433333332
0.9950922226666666
0.9181007880000001
0.9961076813333334
1.006813872
0.9969747666666667
0.9291237173333334
0.9020671666666668
0.6676253333333333
0.9995036873333334
1.0004932146666667
1.008504208
0.9886670266666666
1.010532986
0.8753092233333334
0.726802602
1.0094641913333333
1.0010062100000001
0.9987831486666667
0.27026055933333337
0.9403733706666667
1.0065071466666666
0.9348265926666667
1.0079835006666666
0.9408574673333333
1.0017533253333333
1.0376071546666668
1.0014730266666667
1.0020805393333334
0.6672985926666667
0.5933299666666667
0.9749434880000001
0.930180146
0.9710968833333333
1.0029814806666666
1.03207192
0.9992246459999999
1.0374943646666668
1.0097133746666667
1.0012629053333333
0.997032626
1.0375444906666667
0.9885760013333333
1.005140954
1.0034735860000001
0.9987250860000001
1.0012745766666666
0.9669865126666667
0.9999923853333333
0.935681952
0.9983536446666667
1.0039427073333334
0.8315280866666667
0.7119477673333334
0.8420926593333333
0.45584696333333335
0.7960940666666667
0.5843691686666667
1.0030868913333333
1.0052350553333333
1.0040248486666665
1.0040365839999998
0.99862059
1.003321216
1.0223070026666665
0.9980056686666667
1.0115325706666667
1.0042009106666665
1.0151307146666666
1.0059884986666665
1.0012512346666667
0.7633936699999999
1.0054468466666666
0.7872945446666666
1.00190522
1.00600028
1.0080781346666665
0.28800639
1.0046824633333333
1.0016131566666666
0.5502382626666666
1.0272460973333333
1.0069555006666666
1.0018234246666666
1.0351937953333332
1.0022676146666667
0.9938373046666668
1.0049175346666666
0.9980404553333333
1.0347074840000001
1.0000505960000001
1.001227894
1.038648488
1.0156588346666668
0.661598832
1.0004233013333335
1.0043887786666665
0.9978433633333335
1.002770726
0.9729667886666666
0.7408245373333333
1.0022208393333334
0.855707542
1.0051997653333333
1.031972728
0.6675786366666667
0.6926472866666666
1.0069791093333333
0.9076719033333334
1.0097252433333332
0.8406175593333334
0.8751843699999999
0.9340032613333333
1.0047177166666668
0.9879620213333332
0.5457322393333333
0.8653538100000001
0.7998747186666666
0.7441553980000001
0.8180111026666667
0.6681030546666666
0.9993060173333334
0.9295460006666667
0.9981564286666667
0.995818988
0.9970904926666667
1.0062241813333332
1.008018986
0.9937338293333334
1.0324812906666667
0.9774173446666667
0.9986089806666667
1.0349817573333333
1.002876092
1.0184163553333332
0.9998410706666667
1.0330897426666668
1.0055998633333334
0.9926773126666667
1.0085160486666667
1.002384572
1.0360303206666668
1.0062241813333332
1.0038488479999998
1.0064481826666667
0.861975896
0.854864464
1.0062595433333332
0.7749221546666666
0.9676073886666666
1.0068728786666667
1.0404979153333334
1.0052232913333334
0.99412485
0.9955766153333334
1.036242788
0.8799629766666667
0.996627752
1.0020337813333333
1.0373690706666667
0.9968706373333333
0.8698756026666666
0.7305111566666667
0.9908452346666666
0.973054962
1.0015547646666667
0.8594231706666666
0.9998294333333333
0.9960152813333334
1.0042830946666665
1.0004699093333334
1.0309076126666668
1.005906036
0.999922542
1.0006796973333334
0.9979361026666667
0.8030002513333334
1.0018701633333333
0.969868868
1.0055410053333333
0.9940443206666667
1.0039779093333334
1.0005981026666666
0.8312464526666666
1.0051527153333333
0.9994455413333333
0.6309077053333333
0.9017546653333334
1.0035908253333334
0.9407235186666667
1.00833847
0.9689717533333334
1.007475146
0.8125943233333334
0.9243147853333333
0.9882461766666667
1.0117231919999998
1.0090728666666666
1.006177036
0.811811004
0.9988063753333333
1.0037784646666668
0.997171516
1.00600028
1.0066486886666666
0.7512689973333333
1.0007146706666668
0.7441940806666667
0.9719209546666666
0.549780444
1.0296224999999999
1.0213831693333333
1.0022442266666667
1.0002485606666667
1.0034149766666667
0.9776398286666665
1.0008079453333334
1.0006563833333333
1.0298570406666665
0.8708456686666667
1.0060709753333335
0.52664737
0.864500326
1.003051752
1.0003533980000001
0.991668832
1.0045649686666667
1.0001553913333334
1.0358803953333333
0.9946658859999999
0.9989225266666667
1.0227208380000001
1.0340846766666667
0.6203596953333333
1.0057411506666667
1.0335247906666667
0.9990503239999999
1.00041165
1.0068846813333332
1.005140954
0.958676658
1.0079598446666667
1.0266322373333334
1.000504868
1.00648356
1.03536848
1.0177044713333334
0.97258122
0.9869971153333332
0.9848809413333334
0.9993641473333333
0.9962809779999999
0.8223023293333334
1.001519732
0.8648571906666667
1.0045414733333333
0.9984929026666667
1.0056351813333333
0.986917736
0.9997828853333334
0.9909138153333333
0.8909426633333334
0.9190142819999999
0.9354985286666667
0.9973799233333334
1.0035556506666667
0.4223464046666666
0.67983084
1.0029112193333334
0.886026116
0.9974725773333333
0.8259631913333333
0.9956804746666666
1.0009012366666665
0.59334636
0.9817965746666667
0.8553581866666666
0.8758179213333332
0.8404366186666666
0.9985741546666667
1.0023962693333333
1.0407500473333333
0.6829549826666667
0.9334044626666667
0.8851496306666666
0.8441947253333333
1.000621414
1.022854798
0.9934809793333333
0.9922071973333333
0.999922542
0.9934350206666667
0.7959981646666667
0.37739872266666663
0.38334402533333334
0.6678641086666667
1.037131096
1.0014496753333333
1.0038019246666665
0.9005257046666667
0.61580565
0.4728786133333333
1.0387740913333334
1.0109492393333332
0.9958998053333333
1.005752926
1.0062359686666666
1.0009012366666665
0.9994339126666667
1.0004582566666667
0.929857932
0.7789628193333333
0.7836030133333334
0.800694866
0.8705455993333333
0.992975666
0.936845304
0.6226756113333334
1.06166538
0.8858251013333334
0.9951498633333334
0.7870997666666667
1.002700494
1.0087055346666667
0.947321738
0.998133232
0.9991897766666666
0.8087003826666668
0.6866289853333333
0.9955189246666667
0.999480428
0.9979361026666667
1.003075178
0.9993525206666667
0.906426772
0.9997363413333334
0.9975304939999999
1.0362677900000001
1.0052703473333333
0.935977618
0.9995734726666666
0.914172938
0.9970673453333334
1.003497032
0.5930718866666667
1.0020337813333333
1.0068728786666667
1.034944348
0.9996549
0.9976231760000001
0.9970904926666667
0.8173261713333333
0.633714346
0.9979940740000001
0.8227670273333333
1.0020220926666665
1.0394151393333333
0.9704167053333334
1.001788374
1.00063307
1.0055763193333334
1.0026419746666666
1.0340224373333333
0.9996781680000001
0.8274350853333333
0.6308613706666667
0.9898290653333334
1.0007030126666667
1.0040131133333332
1.0047294686666668
0.8753716633333334
0.996442776
1.0011462093333332
0.988507744
1.033574534
1.0038019246666665
0.998063648
0.9998410706666667
1.0339477593333333
1.005564548
1.0185129586666668
1.0109016499999999
0.997797
0.924593358
1.0047647253333334
0.8750773813333333
0.9897834433333335
1.0012629053333333
1.0310561013333333
0.9413111160000001
1.0058942566666667
1.0025132573333333
1.003321216
1.0010295406666667
1.0021389926666668
1.0229644273333334
1.0000156686666666
0.7963302333333333
1.0106994459999998
1.0138487113333334
0.7912906326666667
1.0057058246666668
1.006837474
0.8707485646666667
0.42126314133333337
1.0098202053333334
0.9998876246666667
0.9965005733333334
1.0054821539999999
1.0037901946666665
0.9996432666666666
0.7545488126666667
1.0147229973333334
0.9986554193333333
0.9118923333333334
0.8501602939999999
0.9679672073333333
0.8777330600000001
0.8504464719999999
1.0000156686666666
0.9981912253333334
1.0101051966666668
1.0052468186666668
1.0127131953333333
1.0022325326666668
1.0362677900000001
1.0016131566666666
1.000201974
1.0058942566666667
0.9972293986666667
0.9958882593333332
0.9737829993333333
1.0205579953333332
1.0061298953333333
0.997739052
0.9018777459999999
1.00614168
0.9987018626666666
0.9285713073333333
1.0032977786666668
0.7921516986666667
1.0153707006666668
0.8963441186666667
0.9980404553333333
1.0042948360000001
0.8791794186666666
1.0060356266666666
1.0102477526666667
0.9954266333333334
1.0276762366666667
1.0154667273333333
1.0020454706666666
1.036680496
1.0013446086666666
0.8658509993333334
0.8602925006666666
0.971031018
0.9779403433333334
1.0112467733333332
0.9963040886666666
1.0017299613333333
1.0080308153333333
0.839582316
1.0013913026666668
1.039352256
0.9185523966666667
0.933810344
0.995265166
0.8318501873333333
0.5321711753333334
0.9910853093333334
0.7521175546666666
1.0055880913333333
1.0126176886666667
0.4572543553333333
0.818408578
1.0013446086666666
0.5665025353333333
1.0037315486666667
1.008385818
1.0036611819999999
1.0062359686666666
1.0023143946666668
1.0073333713333332
1.0024430613333335
1.0077942853333335
0.9705592446666667
1.004635462
0.7086293893333333
1.0021974533333333
1.0011462093333332
0.998597372
1.0393019553333334
1.0024430613333335
0.8705808906666667
1.0369307813333333
1.0014613506666665
1.022270504
1.005564548
0.8223180733333334
0.6445319113333333
0.9998294333333333
1.00404832
0.9992246459999999
1.001683236
0.5936087813333334
1.00275902
0.9594047613333334
0.8007769733333333
1.007286122
0.8649529853333333
0.9913026199999999
1.0073569980000001
0.9408059440000001
0.19136414466666668
1.034769806
1.0076524206666666
0.9998992633333333
1.0049175346666666
0.999259518
1.0341344733333333
0.936467408
1.1137822973333333
1.010402234
0.5840671913333333
1.0041656933333334
1.0024196646666665
1.007014524
0.667697986
0.758540006
1.0036142766666667
0.6799546106666666
1.0050468706666666
1.0071798273333334
0.6769164679999999
1.0041774326666666
1.0051997653333333
0.6428004006666667
0.9989689946666668
0.9985625459999999
0.9942514226666667
1.00534094
0.9963734273333333
1.0051997653333333
1.00404832
0.997634762
0.8189469533333332
1.008196452
1.0039661746666668
0.603433386
1.0009362253333334
1.004647212
1.0018467933333333
0.9962000986666667
0.9888491266666667
1.0030166146666668
0.79229052
0.9955073873333334
0.8525143500000001
0.6567278486666667
1.004600214
1.0021857606666666
1.0029697693333333
1.005658728
1.0053056426666667
1.0022676146666667
1.0028409673333334
1.032555756
1.00517624
0.998736698
1.0051056706666666
0.9982028253333333
1.0356930506666666
1.0007729653333335
0.9991897766666666
1.0090728666666666
0.84076566
1.013262706
1.0008196053333334
1.0008196053333334
0.8761395093333334
1.0033329353333333
0.9290734713333333
0.9126092526666666
1.0049880773333333
1.0013913026666668
1.0023026993333333
0.9942053926666667
1.008149122
1.001928592
1.0059531560000001
1.0014496753333333
1.0044005226666666
1.005847142
1.0073569980000001
0.939273134
0.845940596
1.0023494819999998
0.9247127980000001
0.8915344673333334
0.9006673366666668
0.702595664
0.9710419953333334
0.9363551193333333
0.6473637693333334
1.0042713533333334
0.794974188
0.4971199573333333
1.0044122673333333
1.0042361306666667
1.0031806079999999
1.0371937106666667
0.9353966579999999
0.9966855706666667
0.9350911793333333
0.7054518613333333
1.000376698
1.0023026993333333
0.978787228
1.005493924
1.006990914
1.0036611819999999
0.9935499253333334
1.0355931606666666
0.902304054
0.9971020666666667
0.9993641473333333
1.0013446086666666
0.9746558713333334
0.99179478
0.9917260773333334
1.0030400393333332
0.9916802806666666
1.0369683346666667
1.003755006
1.0075696846666666
1.0014847026666667
0.999794522
1.007782462
0.95926548
0.8752735473333334
1.0023143946666668
1.0092744206666666
1.0077706386666667
0.989863284
1.0106162093333333
1.0061181106666666
0.9920696873333333
1.000236914
1.0020454706666666
0.9971020666666667
0.9706140780000001
1.01140156
1.2143138286666668
1.0141240086666667
1.0305983986666667
0.99874831
1.0028175526666667
0.9990735633333334
0.994055824
0.929596298
0.8789365293333333
0.934501152
1.0002602086666668
1.006589708
0.79179391
1.0109373413333334
1.0023494819999998
1.0028058453333333
0.9303917199999999
1.0013212633333333
1.0097133746666667
1.0007496466666665
0.9984000593333333
1.0025015573333333
0.8003815206666667
0.9707127946666666
1.001239564
0.9993641473333333
0.971909958
0.9781964826666667
1.0022559206666666
0.8684245500000001
1.0072506879999998
1.0033680939999998
0.9304017973333333
1.0059295953333334
1.00289951
0.8702545533333333
1.005517464
0.9431300946666666
1.0002252666666667
1.0033798146666666
0.8086014186666667
0.9943434959999999
1.0049998353333334
1.0041539546666667
0.875621512
0.9172380773333333
0.8174350606666667
0.7518279093333334
1.0061298953333333
0.9984232686666666
0.5051832900000001
0.993975306
0.9934579993333333
0.919634134
1.0356181313333332
1.02863613
1.0033915353333334
1.033040046
1.003075178
1.0032509073333333
0.9628244473333333
0.6130106679999999
1.008054474
0.9935154513333334
1.0025483586666666
1.0066604860000001
1.0354433626666668
0.9958536226666667
0.9983420413333334
1.0326178193333333
0.9049275833333332
1.00371982
0.9931823226666667
1.0047764786666666
1.0341842753333335
0.9758406146666666
1.0365428906666667
0.9994106566666666
1.00205716
0.9914284746666667
1.0053056426666667
1.0111872526666665
0.9067425199999999
0.996986338
0.994331986
0.9294253093333333
0.5662971266666667
1.000283504
1.0016365153333333
1.0366554746666667
1.00232609
1.0296595253333334
0.9688406073333334
1.030821014
0.6672519413333333
1.005140954
0.9911767966666666
1.0019519653333333
1.0076051413333333
0.7444133553333333
1.0068610766666668
1.011508748
0.9665186600000001
0.9009790846666667
0.9407956399999999
0.9165432073333333
0.997739052
0.95387545
0.9966161886666667
1.0019636526666666
1.002127302
1.005906036
1.0006796973333334
0.9992478933333333
1.001928592
1.00190522
1.031043726
0.779139456
1.0022442266666667
0.9994106566666666
1.003145462
0.9703180486666667
0.9242153353333333
0.9972641306666666
0.9923218186666667
0.9984696900000001
1.0011462093333332
0.841548166
1.0372939093333333
0.7833171860000001
1.0346700946666667
1.008930642
1.0004699093333334
0.48396178933333334
1.0004466046666667
1.0107232306666667
1.012379002
1.0038371166666666
1.00343842
0.49023990533333334
1.0005864473333332
0.8613794806666667
1.0023143946666668
0.8750060700000001
1.0004699093333334
1.0014847026666667
0.9922071973333333
0.6676564686666666
0.9994687986666666
1.0005165213333334
1.0099151846666667
1.000574792
1.0037667353333333
1.0078652326666666
1.0102952806666667
0.9767949273333334
1.0153947060000001
0.9983884553333334
1.0323944273333334
0.969978386
1.0040835293333332
1.0033329353333333
0.9978201806666666
1.002630272
1.0004349526666667
1.1249848853333333
0.8673109713333333
0.792056744
1.0017533253333333
0.9940443206666667
0.9413111160000001
1.002536658
1.0010295406666667
1.001928592
1.0025249573333335
0.15261281866666668
1.0017533253333333
1.0269022453333334
1.03405978
0.9936533626666666
0.9993874013333334
1.0019636526666666
1.0007846246666667
0.9746448126666666
1.0034032560000001
1.004964562
1.0018467933333333
0.9989225266666667
0.861154958
1.006636892
1.036355306
1.0033094973333334
1.0035204786666667
0.942478176
0.7711308139999999
0.6735565933333333
1.0025951646666666
0.8129634673333334
1.0054821539999999
1.0107589093333333
1.0092151313333333
0.905901014
1.0065543226666667
1.0342589873333332
0.7830101540000001
0.9980520513333333
0.8038569133333334
0.422429484
1.0001553913333334
0.8173728346666667
0.791604194
1.0056469546666666
1.033325866
1.0125341353333333
1.0330897426666668
0.6134002620000001
1.0022676146666667
1.0017766906666667
0.9393861233333334
1.0110801326666667
1.0035204786666667
1.000574792
1.0052585833333332
1.00859894
1.0320967213333334
0.9075760026666667
1.0011462093333332
1.0062713313333334
1.0102239906666668
0.9967318306666666
1.0033915353333334
1.0083503066666668
0.9186408066666666
0.9969053446666667
0.5581721566666666
1.001765008
0.974014876
0.6338780193333333
0.9978897306666666
0.9761289306666666
0.9979592906666667
0.9284307986666666
0.6126434153333333
0.99595754
0.9992943919999999
1.0112467733333332
0.92460331
1.0048470013333335
1.0059649366666665
1.0108540653333333
1.040044386
0.9797808413333334
0.997322024
0.9954266333333334
1.000201974
1.0020805393333334
1.0011345413333332
1.0005864473333332
1.0062006079999999
1.0071798273333334
0.9941593666666666
1.0011228733333335
0.9701207966666666
1.000877912
1.0395409273333334
1.0107708026666666
1.0346950206666667
1.0013796286666667
0.9963156446666667
1.0318239753333334
1.000621414
0.9978665466666666
0.9900115933333333
1.0096421666666666
0.9622635873333334
0.9029869853333333
1.0122358433333334
0.9814824713333334
1.0085752553333334
0.5839044126666667
0.927358314
0.9660295313333332
1.005140954
1.0062595433333332
1.0395409273333334
1.0025015573333333
0.9982028253333333
0.8805583326666666
0.9736064053333333
0.9658448780000001
0.9019250933333333
1.0106637713333333
0.9399411946666667
1.0045884653333332
0.9985161159999999
0.8259393660000001
1.0040248486666665
0.9916344886666667
0.7427334000000001
0.9988876786666666
1.002782432
1.0324812906666667
0.9999691033333333
0.92439436
0.9676182879999999
0.5384863713333333
1.0050115933333332
0.7714770973333334
0.4141843346666667
0.7957253373333333
0.8171784386666666
1.0052468186666668
0.8760322873333333
0.568764374
0.9984000593333333
1.01842843
1.010283398
1.0116278726666665
1.0365929253333335
1.0333382966666667
0.8700606306666667
0.999526948
0.9185622193333334
0.9297069713333334
0.9923562100000001
1.0357679806666666
1.0077942853333335
0.9354883406666666
0.838435032
0.9276988346666667
1.001239564
1.003532202
1.0072506879999998
0.9016221546666667
0.9657145773333333
1.013202948
0.9990851833333333
0.9979129160000001
1.0131790466666666
1.009143994
1.005140954
1.0032860606666667
0.9472381666666667
0.9993292686666667
0.9952766973333333
1.00833847
0.500427294
0.9234701446666667
1.0024196646666665
1.0364803553333333
0.5192363473333333
1.0316876560000001
1.006342064
0.97669497
0.9986089806666667
1.030858126
1.002010404
1.0368807146666665
0.4732433446666666
0.5839996866666667
0.9932512273333334
1.0000855253333334
1.0043300626666667
1.006601504
0.9992827666666667
0.9960614793333332
0.9410739273333334
0.679750144
0.3765318733333334
1.0055763193333334
1.000236914
0.8486316666666667
1.0069436966666667
0.9947119586666666
1.0020922293333334
0.9355290946666667
0.9989573773333333
0.9961076813333334
1.0033094973333334
1.000341748
0.9993060173333334
1.004905778
0.9965468160000001
0.9352337113333333
0.996986338
1.0032743426666666
0.9179340013333334
0.9291940713333333
0.6449868293333333
1.0035439266666668
1.0080899653333333
0.9702194126666667
0.997831772
0.952510988
1.0075933226666667
1.0012979193333333
0.6565220566666666
1.0028058453333333
1.0135974833333332
0.6798685046666667
0.7479329026666666
1.0323944273333334
0.854915512
0.8314315046666667
1.02608039
0.9668123753333333
1.0362177873333334
1.0022325326666668
1.004964562
0.9365899353333332
0.8359382813333334
1.0040717926666667
0.566536162
0.570505794
0.631427124
1.0238423093333333
1.0045767173333333
0.918591688
0.9966740066666666
1.0018234246666666
0.826654726
0.991542916
1.0046119633333332
0.9245635026666668
0.837127684
0.998179626
0.4050709513333334
0.9938028106666668
0.9472068313333333
0.9992246459999999
0.7057880480000001
1.0077706386666667
0.9230037706666667
0.9979476966666666
1.000376698
0.6228607286666668
0.996211652
0.9782744646666667
1.0048705113333334
1.003930974
1.0009012366666665
1.0026770853333333
1.0384601406666667
0.998794762
1.0020454706666666
0.9978897306666666
0.9998061586666666
0.989031294
0.99743783
0.8550686940000001
0.7752788493333334
0.9984000593333333
1.0047529726666666
0.8902132373333334
0.988894662
0.9361000173333334
0.9066946653333333
0.9997596126666667
1.0058942566666667
1.0018701633333333
1.0049175346666666
0.9282702693333333
0.8427866713333333
0.9941363553333334
1.0205216213333332
0.999631634
0.9652588006666667
0.9697374793333333
0.9936303753333333
0.9866570100000001
1.0007496466666665
0.9970441986666666
0.985841712
0.8010084566666666
1.0013095913333334
1.000341748
1.0040365839999998
0.972592232
1.0041774326666666
1.003825386
0.6674022853333333
1.03028937
1.014088092
1.0063774346666667
0.9976579360000001
1.0077706386666667
0.9688843186666667
1.0066840806666668
1.0373314886666667
1.0381840213333333
0.9964196586666667
1.00505863
1.036918264
0.633219166
0.9868950586666666
0.995011536
1.0328164713333334
1.0029112193333334
0.9997712486666666
0.9863058133333333
1.0017533253333333
0.999724706
0.9954266333333334
1.002162376
1.0059413753333333
0.8269651006666666
0.9963503133333333
1.0010178753333332
0.9706140780000001
1.0058942566666667
0.9975189099999999
0.9730439393333333
1.0042009106666665
1.000376698
1.001239564
1.0069318926666666
0.999375774
0.7410162606666666
1.0031806079999999
1.0048470013333335
0.9336580973333333
0.9986554193333333
1.006754872
1.0043652913333334
1.0008545886666667
1.009938932
1.0011462093333332
1.0008196053333334
0.9745452946666666
0.9309866573333334
0.9951959813333333
1.0005165213333334
1.0157068726666667
0.941042998
0.7262188639999999
1.0038019246666665
0.9649226699999999
0.8501855373333332
0.9790772886666667
0.9242352233333333
1.002770726
1.0312789146666668
0.9959228986666667
0.6798200793333333
1.00041165
0.9167877593333332
0.999492058
1.0115325706666667
0.999526948
1.031501824
1.03814638
1.026325582
1.0018701633333333
0.9985161159999999
1.036492862
0.9675419959999999
0.9997596126666667
0.9986902513333333
0.8657201046666667
0.8748011153333334
1.010544874
0.9069435653333333
1.0095116453333333
0.9980520513333333
0.84682459
1.0070263293333335
1.009665902
0.4656876446666667
1.0018117406666667
1.0021740686666667
1.0074987793333332
0.987348804
0.8357756126666667
1.033325866
0.519710714
0.9976926979999999
0.9996432666666666
1.0021974533333333
0.8747743893333333
1.0000389533333334
0.9955650766666666
1.006094542
0.9975420786666667
1.0078179333333332
0.9845535766666667
1.0024664586666667
0.9978665466666666
1.0000855253333334
1.0063892253333333
0.8606200313333334
1.0177406453333333
0.9995618406666668
0.6341166659999999
1.0101764693333333
1.012021182
0.9681744973333333
1.0023494819999998
1.013250754
1.0106994459999998
0.8266149513333333
0.9720309366666667
0.9178457273333334
1.0036142766666667
0.9931134273333334
1.0054468466666666
1.0003883486666667
0.8757018506666666
1.0073806253333333
1.0039544406666667
0.9963156446666667
0.7553118073333334
1.008160954
0.9993525206666667
1.0033915353333334
1.0055998633333334
1.0010995386666668
0.9970441986666666
0.8221764
1.0092862793333333
1.0016014773333333
0.6658193046666667
1.0027121986666665
0.5754513266666667
1.0050351113333333
1.0299434773333334
1.0040835293333332
1.0013446086666666
0.988394002
1.0004932146666667
1.0129639846666667
0.994631334
1.003321216
0.9137839446666667
1.0348695373333334
1.0006680406666666
0.9317339266666667
1.0029229286666668
0.777728598
1.0045179786666667
0.9690920013333333
1.0000040273333335
0.9912683013333333
0.6128750833333334
0.9817629113333334
0.9984696900000001
0.9982956313333334
1.0042009106666665
1.0094760546666666
0.9929297539999999
0.929465536
1.029079762
1.000376698
0.9926314286666668
1.0051644773333335
0.7368527479999999
1.01366925
1.0053997746666667
1.0053644726666666
0.9990387046666667
0.982965006
1.0142916546666667
0.9975768326666666
0.9939523026666668
1.001987028
0.583896474
1.0029229286666668
1.0161514413333332
1.003321216
1.0232690766666666
0.8452330646666666
1.02483173
0.9702084540000001
0.9258190806666666
1.0079953286666667
0.7831529293333334
0.6233488813333333
0.9931708393333334
0.519182996
1.007061748
1.0059767173333334
1.0064245986666667
1.0034853086666666
1.000376698
0.9931019460000001
1.031972728
0.9976231760000001
0.9982260253333334
0.9877688893333334
1.0086818446666665
0.8355398553333333
1.0009478886666667
0.9956458526666667
0.8178086173333333
1.002770726
0.9952882293333334
0.9123087846666668
0.992585548
1.00505863
0.9999574626666666
1.0008079453333334
0.9928035173333333
0.6557952886666667
0.5284325053333334
1.0032626246666667
1.007711526
0.7629732726666666
0.8671533726666667
1.01081838
0.999724706
0.40638173666666666
0.90210506
1.006636892
0.8960262226666666
0.6031537379999999
0.7547874973333334
0.800165306
1.00171828
0.8607666386666667
1.0070499413333334
0.9883826293333333
1.0124744633333334
1.0348944726666667
1.006247756
0.9979476966666666
1.004694214
0.9980984386666667
1.0109373413333334
0.995622772
0.9856494080000001
1.016187504
1.0335994073333332
0.8134484786666667
0.9342368993333333
0.676143872
1.0066840806666668
0.644633486
1.0023494819999998
0.9742800133333334
0.970866394
1.0073924393333333
0.3987510313333333
0.29836418066666665
0.6037005646666667
1.0059884986666665
1.0039427073333334
0.655505032
0.540023298
0.999526948
0.9700550633333334
1.0071325919999998
0.9758627866666667
0.77508997
0.6341915726666667
0.7794505326666668
0.8689164853333333
0.55177221
1.006342064
0.9998294333333333
0.9972178213333334
1.0121046506666667
0.9951959813333333
1.0013679553333332
0.6923402399999999
0.9994222846666666
0.7524469686666666
1.0051644773333335
1.0091914180000001
1.006566118
1.0056234086666667
1.0036025506666666
1.0047882313333334
1.0029814806666666
1.0285252813333334
1.0020337813333333
0.8127019560000001
1.0052585833333332
0.8543628126666667
0.8311821060000001
1.0184405046666667
1.002864384
0.9387188513333333
0.752295402
0.9949308633333334
1.0042361306666667
1.0302399426666666
0.35516290866666667
1.0037315486666667
1.0190204273333334
1.0338855366666666
0.9344096633333333
0.9007051126666666
1.002010404
0.633845278
1.0039544406666667
1.0076642413333334
1.0154307153333333
1.0034266980000002
1.0039661746666668
1.0251252586666666
1.0032860606666667
1.0085752553333334
1.0019987160000001
1.0107945906666667
0.8939374753333333
0.999492058
0.9980404553333333
1.0073569980000001
1.0061298953333333
0.6230821106666666
0.9999109026666667
0.9981912253333334
0.969660852
1.0005631373333335
1.0037784646666668
0.9960730293333333
1.0287346819999998
0.9797026186666667
0.9971946679999999
1.0018467933333333
0.812840382
0.8709869493333334
1.0175959666666665
1.0076169606666667
1.03814638
0.9653130373333333
1.0348820046666667
0.4384297353333333
1.0010295406666667
0.518881924
1.0055880913333333
1.0344956453333332
0.9967433966666668
0.996442776
1.0020337813333333
0.512067636
0.9943204760000001
1.000190328
0.998864448
0.840494182
0.9662033873333333
1.0376948973333333
1.00904916
1.0287223613333334
0.8844842966666667
0.7949300466666667
1.032270362
1.0017065980000002
0.9938373046666668
1.0016949173333334
1.0046237126666666
1.0337113519999999
1.0029112193333334
0.995126806
1.0035204786666667
0.99955021
0.9917489773333333
0.995069168
1.00877661
1.0017416433333333
0.8722959726666666
1.001356282
0.996130784
1.0093218566666666
1.0010295406666667
1.0025951646666666
0.9351929833333333
1.0030986046666668
0.7301385993333334
0.743556338
1.002700494
1.0292770553333332
0.7804490653333334
1.0022793093333333
0.9701646233333333
1.0073451846666668
1.0357679806666666
0.940476328
0.787576062
0.9974957433333334
0.9468518413333333
0.9998759853333332
1.034769806
0.9973451826666666
1.006896484
1.0317867933333333
1.031328442
0.9992827666666667
1.0010995386666668
1.008385818
1.0328164713333334
0.9962925333333332
0.9869063973333333
1.0088595446666666
0.935355916
0.8794584573333333
0.9130748846666668
1.0091677053333332
1.0116397866666667
0.7051333599999999
0.6744662406666666
0.9133078786666666
0.8856333093333333
1.011425378
1.0354184006666667
0.9078829566666666
1.0060474086666666
0.7327795153333333
1.0045767173333333
1.0345330226666667
1.035006698
0.9727023659999999
0.9978433633333335
1.009416742
0.7961899926666667
0.8605855426666666
0.924583406
0.562105956
0.9010925006666667
1.006589708
1.0017416433333333
0.9990968039999999
0.997588418
0.7797972506666667
1.003192324
0.7555775586666666
0.6339341553333334
1.0056351813333333
0.901205946
0.9119794659999999
0.9883257693333334
1.0022676146666667
0.8834109373333334
0.8040751279999999
0.9980520513333333
1.0006796973333334
1.004647212
0.8267263306666667
1.007676062
1.0016949173333334
1.0095947006666668
0.9972525533333334
0.9999458219999999
1.0076287806666666
1.00275902
0.9716571
1.005140954
0.9844745906666666
0.845183166
1.0094997813333333
0.9956458526666667
1.034508104
0.9986438093333333
1.0010645386666668
0.6233398346666666
1.0212617366666668
0.998597372
1.0058824773333335
0.9972178213333334
0.5936416
1.0336864733333333
0.999259518
0.8313832226666666
1.0022676146666667
1.0054350786666668
1.001893534
1.0083503066666668
0.7874533246666666
0.8850766686666666
1.0020688493333334
0.9011208593333334
1.0066840806666668
0.8750417246666666
1.0020454706666666
0.9611438246666667
1.0043887786666665
0.942250734
1.001987028
1.000761306
1.01167553
1.0062831193333333
0.9922186586666667
1.0021156106666667
1.0365804159999998
1.0015314093333334
1.0062713313333334
1.0100814413333332
1.009772722
1.004894022
0.799658778
1.0325433446666665
0.8465491860000001
0.9362632666666667
1.004658962
1.0043300626666667
0.8652143506666666
0.53209206
1.0009945453333333
0.9841926
0.869673044
0.800202576
0.9065798346666667
0.7673558266666667
0.7958727886666667
0.9848583573333334
1.0090136013333335
1.004600214
0.7918450026666666
1.0069082866666665
1.0005981026666666
0.8518464673333332
0.8312625406666666
1.0104735486666667
1.007061748
0.900365242
0.6447108979999999
1.0101764693333333
0.5750622326666667
1.0069318926666666
0.9982724286666667
1.00534094
1.004658962
1.0024079673333335
1.0043770353333332
1.0036729093333334
1.0012745766666666
0.9130166546666666
0.7669036666666667
0.7192202046666666
0.615479138
1.0037667353333333
0.9998643473333333
0.912939026
0.7633258326666668
0.5359497486666667
0.6231589533333334
1.037682362
1.0076997046666667
0.9972757093333333
0.7956811133333334
0.5266990366666666
0.9967665286666667
1.0010412066666665
1.012796778
1.007215256
0.996523694
0.904717902
0.9949769606666667
0.995034588
0.9986438093333333
0.8743469926666667
0.7398865259999999
0.9996200006666667
1.0111158366666666
0.7634004539999999
0.901480222
1.0011228733333335
0.999934182
0.5516340173333333
0.93529481
0.7153033266666666
0.8902224633333333
1.0344956453333332
0.7706880253333334
0.9011208593333334
1.0047647253333334
0.41528163933333334
1.0251252586666666
0.828033294
1.0095709693333332
0.934663844
0.8268536573333334
0.9296466006666666
0.06088641533333333
1.0049998353333334
0.551446328
0.8650139566666667
0.8504296326666666
1.0098795653333332
0.8802605539999999
1.247394768
0.7793727399999999
0.994055824
0.8353529700000001
1.0041539546666667
1.0029112193333334
0.875300304
1.0025951646666666
1.0156468253333335
0.7789840113333333
1.0357929593333333
0.9875304186666667
0.9035093653333334
1.000889574
1.0012512346666667
0.9347960726666666
0.9069914466666668
1.0139683873333334
0.9007712286666667
0.9531345593333334
0.9694310439999999
0.971360434
0.9966393146666666
0.9519620753333333
1.0094048806666667
0.9804742146666667
0.9804070706666667
1.0004349526666667
0.9999691033333333
1.0348944726666667
0.9538966353333334
1.0055998633333334
1.002876092
1.0006913553333334
1.0091558493333335
0.998597372
0.623362452
0.8973647773333334
0.9981564286666667
0.5117595126666666
1.0112586786666666
1.0391887966666666
0.9350708213333334
0.9299888046666667
0.9330090686666668
0.7326170226666666
0.9946658859999999
0.8741067653333333
0.9716571
0.998318836
1.0140641486666666
1.033437752
0.9974494119999999
1.0028058453333333
0.570998796
1.0008079453333334
0.9982376253333334
1.0119734919999999
0.9996781680000001
1.005847142
0.7873811439999999
0.9998061586666666
0.9679999313333333
1.0009128993333334
1.0057175999999999
1.0047059653333335
0.999631634
1.0061181106666666
1.0027941386666666
1.0074396986666667
1.000236914
0.7872945446666666
0.8803327246666666
1.004694214
0.8446014506666667
1.005658728
0.6028362706666667
1.0081136266666668
0.9810116933333334
1.0040835293333332
1.0053056426666667
1.0034266980000002
0.8796205613333333
1.007014524
0.99828403
1.0051291926666666
0.99915491
1.0048705113333334
0.9728345593333333
1.0043887786666665
0.8305150966666667
1.0021389926666668
1.0024079673333335
1.001519732
0.9937108373333334
0.9999807446666668
1.035468326
1.0053291739999999
1.0018701633333333
0.799323928
0.9985161159999999
0.5939987406666667
1.0029931920000001
1.0010762046666668
0.9940098119999999
0.99179478
1.036630454
0.946966662
1.0110801326666667
1.0029814806666666
1.0087055346666667
1.0042478713333334
1.0034853086666666
0.902010332
1.0059767173333334
0.9755413886666667
0.9172478713333333
1.035044112
0.9991897766666666
0.8556990179999999
0.9900800593333333
1.0074987793333332
1.0133224713333333
0.8732892033333333
1.0045884653333332
1.0029697693333333
0.9747885966666666
1.0040131133333332
1.0076169606666667
0.88720663
0.9230632813333334
0.9971599406666666
1.0061652506666665
1.0245872506666667
1.0027121986666665
0.6508463033333334
1.0000273106666666
1.0060827586666665
1.003907508
1.0093099973333333
1.0400569786666667
0.541982484
0.901054692
1.000621414
1.0042713533333334
1.0008429273333332
0.9577360453333335
0.9982956313333334
1.0284390826666665
0.992619958
0.992470866
0.902038748
1.0349318786666666
0.644401362
1.0007846246666667
1.0010295406666667
1.0351314219999999
1.003145462
0.9973336033333333
0.998121634
1.0037315486666667
1.0057411506666667
0.995992184
1.0036611819999999
0.8651010726666667
0.901111406
0.9945276933333332
1.007014524
0.9065894026666667
0.9994687986666666
1.0385731413333332
0.9961769926666666
1.0054350786666668
0.99894576
1.0061888220000001
1.001683236
1.0071325919999998
0.99776223
0.9690920013333333
0.9716790826666667
0.996604626
0.9980288593333333
0.4744640606666667
1.0033563746666667
0.9948041173333333
1.0125938146666666
0.9928608933333333
1.035730514
0.8471419433333334
0.9854684846666667
1.0109016499999999
0.800083324
1.002291004
0.9990154673333334
0.6281947193333333
0.9969516253333333
0.99945717
1.0271232666666668
1.0152866926666668
1.0066722833333333
0.9300895006666666
1.002876092
1.011330114
1.007510596
0.5494709680000001
0.9720529360000001
1.0013212633333333
0.9485456546666666
0.999794522
0.9997712486666666
0.8751843699999999
0.763332616
0.7728375313333332
0.5262311753333333
1.0040717926666667
0.6478520106666666
0.633522722
1.006589708
1.0282421106666668
1.005835364
1.002700494
1.001566442
1.015238694
0.997634762
1.0087410713333334
1.0031220326666666
0.9896124
1.002747314
0.9297572860000001
0.9972525533333334
0.9985625459999999
0.9747222293333333
0.8963534719999999
1.0009712166666667
0.9355494726666668
1.0009712166666667
1.0064717673333332
1.0358928873333333
1.0308457553333332
0.9979940740000001
0.998133232
0.9992478933333333
1.006342064
0.9471859420000001
1.0027239033333333
0.9232517833333334
0.9997479766666667
0.996835932
1.003051752
0.9928035173333333
0.9980520513333333
1.038811778
0.633214498
0.8404777346666666
1.0031571773333334
0.8762288813333333
0.788334994
0.7372701566666666
0.9762953446666667
1.0079480173333333
1.00320404
0.8749436826666667
0.8172250853333334
0.9994455413333333
0.9846890113333334
0.6125516706666666
1.002536658
0.998318836
0.9959459926666667
0.994746516
1.0075815033333333
1.005317408
1.0204125146666667
0.9699017206666667
0.9993990286666667
0.9993176426666667
1.0058706986666666
0.8591051426666666
0.9045654673333333
0.9093245746666666
0.7959612853333333
0.99915491
1.000737988
1.013992326
1.0049292906666667
0.9986554193333333
1.0077942853333335
0.998121634
1.000143746
1.0005281746666665
1.021577522
1.0073806253333333
0.7839391273333334
1.0007846246666667
1.008492368
0.5936005773333333
1.0006447266666667
0.9983304386666667
1.0070971686666668
1.0071089766666668
1.0064481826666667
0.9971946679999999
1.0009128993333334
1.0018351093333333
1.0083976559999999
1.0267304053333335
1.0107232306666667
1.001204554
0.9929986233333334
1.0052938773333333
1.0066486886666666
1.004306578
0.9716790826666667
0.9180615386666666
0.8466910386666667
1.0045414733333333
1.002162376
0.48523027933333335
0.4235459093333333
1.0016949173333334
1.0054821539999999
0.99713679
0.7963007046666667
0.9857398946666667
0.968076296
1.0010178753333332
0.9742689626666667
0.7264338166666666
0.823129698
1.1094236626666667
0.932138356
0.8220662433333333
0.9398383546666668
0.97359537
0.9982492260000001
1.0365303833333335
1.0116278726666665
0.6222200600000001
0.6334386313333333
1.0138846113333333
1.0079480173333333
1.0118662053333334
1.0001204566666666
1.0041187406666667
0.9931363913333333
1.0112467733333332
0.9976463486666667
1.0017299613333333
1.005505694
1.00569405
1.0347822713333332
1.0038136553333334
0.998411664
1.029462086
0.9649226699999999
0.8462656239999999
1.0021506846666666
1.0328537273333334
0.9996665339999999
1.0012745766666666
1.0034266980000002
0.9971252153333333
1.002700494
1.0039661746666668
0.9996432666666666
0.5842817220000001
0.986158612
1.0331021673333334
0.8163707426666666
1.001052872
1.0007729653333335
1.0013329359999998
0.996986338
0.9935499253333334
0.9976463486666667
0.923569434
1.0107351233333335
1.0386233713333333
1.0077942853333335
0.9976811106666668
0.9707347346666667
0.8503201933333333
1.0386359293333334
0.7050233993333332
0.9921040613333333
0.9973451826666666
1.0006796973333334
0.4491844853333334
1.003930974
1.0031220326666666
0.5266635146666667
0.9215283746666667
1.0018117406666667
1.006365644
1.0074987793333332
1.0001204566666666
0.8720037553333333
1.0069555006666666
1.002665382
1.0074278833333332
0.9977506406666666
0.9972293986666667
1.009760852
0.8655107553333334
0.9478025586666666
1.0376071546666668
1.002291004
1.00232609
0.5157013706666667
0.902010332
0.48526865599999996
0.7996141153333333
0.9996200006666667
0.9403219006666667
0.9411151686666667
1.0107826966666666
0.9963272006666666
1.0059531560000001
0.9838656926666666
0.9991084246666666
0.9881324946666666
1.008160954
1.0009595526666666
0.9301096426666666
0.8179176353333334
1.0009478886666667
0.999689802
0.9965699393333333
0.08746532533333334
0.7670680266666666
0.7551524460000001
0.6130675446666667
0.5418423153333333
1.0063302746666667
0.9686002653333333
1.0278606926666667
1.0025717613333334
1.0043300626666667
0.9750098853333334
1.0282174946666667
1.0010062100000001
0.8692154326666667
0.9669647419999999
1.0055763193333334
0.9759958406666667
1.03109323
1.0364553433333334
1.0334626186666667
1.0021974533333333
1.0036025506666666
0.9948386813333333
0.5936292926666666
1.004060056
0.9962925333333332
0.9959344453333333
0.6030986866666667
0.9709432113333334
0.9704495953333333
0.9935384340000001
1.008504208
0.928099768
0.8224125493333333
1.003145462
0.796344998
1.0111753493333333
1.03583043
0.8134099646666667
0.9900686473333333
1.0119019653333332
1.0058942566666667
1.033437752
0.8960355693333333
0.9719209546666666
1.0003883486666667
0.9255696866666667
1.0312789146666668
1.0044944853333333
0.9183363546666666
1.000073882
0.8353854660000001
0.9973567626666666
1.0253822346666668
0.6959469966666667
1.0344208993333333
0.971909958
0.9944816373333333
1.0049880773333333
0.9143091633333333
0.9661490506666667
0.9993874013333334
1.0115802193333334
0.972383046
0.9985161159999999
0.9073363393333334
1.0042478713333334
0.912289406
0.938103748
1.0171260453333333
0.38857756866666665
1.0283652093333333
0.8760680253333333
0.9016884053333333
0.9915314706666667
0.5933914473333334
1.0025015573333333
0.9866456766666667
1.0302399426666666
0.9993990286666667
1.0049528046666667
1.0062123946666668
0.5706991013333333
1.0037901946666665
1.006990914
1.0013446086666666
1.001987028
0.97760645
1.0069318926666666
1.0078534073333334
0.995622772
1.0002252666666667
0.6830581673333332
1.0004582566666667
1.012987876
0.781236946
0.5153795833333333
0.49183144733333334
1.031501824
0.5360367046666666
1.0137769193333332
0.49836880666666666
1.007203446
0.9982724286666667
0.9766727599999999
0.9658665980000001
1.0037784646666668
0.9984929026666667
0.7831743506666666
1.0010995386666668
1.0033680939999998
1.00813729
1.0018351093333333
1.0058589199999999
0.9995851039999999
0.9942514226666667
0.8313108093333333
0.8590965506666667
0.8472505666666666
1.0004582566666667
0.526456936
1.0045297260000001
0.9992246459999999
0.7161083586666667
0.9985393306666667
0.5418047213333334
0.630893804
0.9647709459999999
0.9191814613333332
1.0044944853333333
1.0012979193333333
1.0104141193333334
0.9857851446666667
1.006177036
0.603145268
0.9066276773333334
1.0088713933333333
1.0033915353333334
1.019770472
1.0301040413333333
1.032779218
1.0059178153333335
1.0060356266666666
1.006589708
0.9965005733333334
0.9060061166666666
0.997426248
0.9695404626666667
0.9891907453333333
1.0061534646666668
1.005517464
0.9983072333333333
1.0356680766666666
0.9986089806666667
1.0061652506666665
0.9995618406666668
0.8747743893333333
0.7406520713333332
0.9982492260000001
0.9020671666666668
0.644478718
0.8806666659999999
1.0359553526666667
0.9998759853333332
0.8265354133333334
0.9344808200000001
1.0091914180000001
0.9230335253333333
1.0047294686666668
0.9975536626666667
1.03196033
0.6237426726666667
0.9997828853333334
0.9990154673333334
1.0000389533333334
1.0055527766666668
0.9707566753333334
0.9996549
0.900138804
0.6028997373333334
0.995738184
1.00021362
0.7828032213333332
1.0377450426666666
0.5554148246666667
1.0094997813333333
1.0047294686666668
1.0056469546666666
0.935355916
1.0008429273333332
0.99699791
1.029314056
0.6389846533333333
0.6256461973333334
0.9015086053333333
1.0009945453333333
1.0010178753333332
1.0030166146666668
0.9016694753333333
1.0074987793333332
1.0025483586666666
1.0099151846666667
0.931339946
1.0046237126666666
1.002700494
1.0025249573333335
0.99945717
1.001157878
1.000889574
0.8555370893333334
0.9924135346666667
0.6127701553333333
1.01350181
1.0247461486666667
0.94089869
1.0041304786666667
1.0107589093333333
0.8968962966666666
0.970493452
1.0069082866666665
1.0012745766666666
1.0019402786666667
0.8819596893333334
1.0047999853333334
0.9291438173333333
0.99780859
1.0060827586666665
1.0113420213333333
1.00813729
1.0343461646666667
0.8314234573333333
0.9987018626666666
0.767376392
0.8051981693333333
0.7829958793333334
0.64546664
1.0043887786666665
1.0011228733333335
1.0086818446666665
0.8748902146666666
1.0030868913333333
1.0016131566666666
1.0045297260000001
1.004635462
1.0001204566666666
1.0093099973333333
1.0105686513333334
1.0004932146666667
0.5839996866666667
1.0066132993333334
0.9956112326666666
1.0018818486666667
1.0065779126666667
0.9999574626666666
0.9992943919999999
0.7863720046666667
0.7404158593333333
1.0095472386666666
0.6029843806666667
1.0010295406666667
0.9933431153333333
1.0057293753333334
0.9016884053333333
0.5499986933333333
1.0050468706666666
1.011199156
0.997298866
1.0061534646666668
0.6559505313333334
1.0087884573333334
0.9006106786666666
1.0047412206666666
1.00534094
1.0007729653333335
0.9671171573333333
0.9655734573333334
1.0026068666666668
1.007829758
0.7867681433333333
0.748721724
1.003907508
1.00275902
0.9471128373333333
1.0124386626666666
1.012021182
0.5930841713333334
1.0020922293333334
1.0034032560000001
1.002876092
1.007061748
1.000889574
1.0353560000000002
1.0094048806666667
1.032841308
0.99874831
0.9292443306666668
0.8410126093333333
1.004647212
0.7976094366666666
0.997009482
1.0013446086666666
1.002782432
0.995703558
1.0329406673333332
1.0025951646666666
0.9979245093333334
1.00232609
0.997322024
1.0061534646666668
0.9714483159999999
0.9718000033333333
1.000737988
1.0041774326666666
0.7752998413333333
0.997739052
1.0029697693333333
0.8050849693333333
1.0051056706666666
0.9993292686666667
0.994631334
0.836475538
0.668191404
0.8429024513333334
0.965020232
0.998736698
1.00517624
1.001765008
1.0094641913333333
0.9968012293333333
1.0021156106666667
1.0044944853333333
1.0034149766666667
1.0042830946666665
0.8151389819999999
1.009250704
0.6227749286666666
1.0012629053333333
1.0072979340000001
0.9966393146666666
1.0016131566666666
0.9983884553333334
1.0012745766666666
1.0017416433333333
0.9936533626666666
0.925071302
1.0047412206666666
0.995069168
0.8808563126666666
0.4358536553333333
0.427410964
1.0396541633333334
1.0556376386666668
0.8848487393333333
0.9681526733333333
0.83588134
0.9995734726666666
0.999817796
0.999375774
0.9007051126666666
0.8728455173333334
1.0041656933333334
0.9703399706666668
1.0021506846666666
0.9678472379999999
0.5840393933333333
1.0035790999999998
0.999061944
1.0038840433333334
1.0317991873333334
0.8512133693333334
0.9569465033333333
0.770611972
0.9982956313333334
0.26319620666666665
0.8964095959999999
0.6128007553333333
1.0043770353333332
1.0055763193333334
0.6926863853333333
1.0005864473333332
0.8248211200000001
1.0018234246666666
0.5341467633333333
0.99814483
0.993033062
1.001916906
0.995807444
0.995023062
1.005835364
0.8132636446666667
0.6022234479999999
1.008018986
1.00509391
0.6133608426666667
0.995588154
0.9418581380000001
0.9716461093333334
0.913395282
1.0139564186666667
1.000271856
0.991474248
1.0075578666666667
1.004647212
1.0065779126666667
1.00320404
1.003192324
1.0069200893333334
0.9335972126666667
1.01050921
1.003825386
1.0006563833333333
1.013609444
1.0044240119999999
1.0024079673333335
0.7472432333333333
1.0041891713333333
1.009440466
1.0007962846666667
1.008409494
1.009665902
0.9932282579999999
1.0110801326666667
1.0030400393333332
0.5340205773333333
0.7789840113333333
1.0097252433333332
1.0306107633333332
1.0059649366666665
0.9965121333333333
1.0043770353333332
0.9981680273333333
1.003051752
1.0382467626666667
1.0047294686666668
1.0013446086666666
1.001286248
0.9913712640000001
1.0336864733333333
1.0094997813333333
1.0332512893333332
0.9527434106666667
0.7518081686666667
1.00232609
0.7877494033333334
0.9917260773333334
0.9171793146666667
1.0110206313333334
0.9125801666666666
0.9002708793333333
0.99915491
0.9340134166666667
0.9129778386666667
1.0034853086666666
1.00320404
0.9304320306666667
1.0020922293333334
0.9973451826666666
1.0347822713333332
1.0350815286666666
1.0039779093333334
1.0016365153333333
1.0049528046666667
1.035730514
1.0025834626666665
1.0033094973333334
1.0079480173333333
0.96818541
1.062046042
0.989760634
0.9412698573333333
0.9972525533333334
0.965725434
0.9227558913333334
0.811972152
1.0019402786666667
1.0123909333333332
1.0392516593333334
0.9070489106666667
1.007014524
0.9993641473333333
0.8499920433333333
0.9983768513333333
0.9368759573333333
0.9679344853333334
0.9726142566666668
1.00614168
1.00542331
0.9979824793333334
1.2278000333333332
0.7872801133333334
0.999271142
1.0400569786666667
1.0037784646666668
0.9999574626666666
0.5266699726666667
1.002876092
0.8455658733333333
1.0008196053333334
1.0391385113333333
0.9528279566666666
0.7555576206666667
1.0025951646666666
0.6310282086666666
0.9957497266666666
0.995703558
0.6560106453333333
0.9960037326666668
0.8748189340000001
0.998794762
1.0049763193333334
0.99780859
1.008101796
1.0030400393333332
0.962554722
0.8792244126666666
1.0089543433333332
0.593317672
0.6130937986666667
0.950287588
0.9992130226666667
0.733085948
1.0069673046666667
1.00063307
0.9885646246666667
1.001216224
0.9991084246666666
1.0348820046666667
0.930623554
1.0042713533333334
0.8175050766666666
0.959222632
0.8455242580000001
1.0097133746666667
0.869673044
0.50514764
1.011806612
0.8315602853333334
1.0032274726666666
0.6229239646666667
0.9668667866666666
0.9974957433333334
1.0041656933333334
1.0064953533333334
0.972328012
0.8959140786666667
0.9968127966666666
0.8469498326666667
0.999922542
1.0164640733333334
1.0076878833333334
0.9425505666666666
1.0079953286666667
0.9855363233333334
0.9174242066666667
0.8191578146666667
0.7195515619999999
0.4643709913333333
0.929113668
0.4661020546666667
1.0038136553333334
0.584134712
0.8904531699999999
0.9080461100000001
1.0009012366666665
1.0016014773333333
0.4806230013333333
1.0070381353333333
1.0261171613333333
1.0161153806666667
0.8083807413333334
0.9291940713333333
1.001052872
0.9901371206666666
1.0345953233333334
1.0019636526666666
0.999689802
0.9983768513333333
1.000609758
1.0379080486666667
1.00063307
0.9958305326666667
0.995126806
0.9997596126666667
0.9974957433333334
1.0339477593333333
0.8211546526666667
0.997831772
0.6448125293333333
0.9980868413333333
0.9985277233333333
1.009665902
0.922974018
0.9697922206666667
1.0348944726666667
0.8747120346666667
0.9997479766666667
0.9700879286666667
1.004095266
1.037995842
0.9293448653333333
0.9917604273333334
0.9654323786666668
1.0039779093333334
0.4800160153333334
1.163900464
1.0081846193333335
1.0104973226666667
1.008125458
0.999515318
1.0001321013333333
0.9739265286666667
0.7479719786666666
0.7998225846666666
0.840790348
1.0233300286666667
0.7479394146666667
1.0108778573333335
1.0069082866666665
0.999526948
0.9191322846666667
0.9068861146666667
0.7189854273333334
0.9948386813333333
0.9115826633333333
0.593653908
1.0002951526666668
0.7830101540000001
1.0040717926666667
1.0063892253333333
0.997426248
0.3089071146666667
1.0046237126666666
1.0076169606666667
0.8219246573333333
0.49337950866666663
0.3982925033333333
1.0071798273333334
0.850412794
0.8265831346666667
1.0125938146666666
1.012629626
1.0041304786666667
1.0074278833333332
0.820456612
1.004306578
0.5838805986666668
1.0112586786666666
1.0053291739999999
0.9906623986666667
1.008385818
0.9727023659999999
0.99549585
0.6031029206666666
0.9944586113333334
0.845590844
1.0050468706666666
1.0020454706666666
1.0384350326666667
0.8224125493333333
0.9124347633333334
0.9955996933333333
1.0024196646666665
0.9997479766666667
0.9920582293333333
0.9983884553333334
0.9533884493333333
0.9415793873333334
1.0031806079999999
0.6687480219999999
1.004905778
0.49087304000000004
0.9977042859999999
0.9722729846666666
0.7752088833333334
0.8599480013333334
1.0049292906666667
1.0117708586666665
1.0074160686666667
0.9935154513333334
0.6230595133333334
0.9751316373333334
0.8349226393333333
1.0030283266666666
1.004600214
0.9295862380000001
0.9975189099999999
0.9989689946666668
0.588908324
0.9996200006666667
1.0044944853333333
0.9170030733333333
0.770611972
0.77125544
1.0013913026666668
1.0151307146666666
1.0024430613333335
0.9992362693333333
0.676058728
0.845050132
0.9936533626666666
1.0038488479999998
1.038548028
0.9999458219999999
0.9939523026666668
0.9991432880000001
1.0302152306666668
1.000889574
1.0004582566666667
0.9911767966666666
0.995622772
0.9514243333333334
0.970350932
0.9941823793333333
1.014171902
1.0035087553333333
0.9967780953333333
0.792626816
0.9974494119999999
1.0098320766666666
0.831898524
0.9293649753333334
0.5931783686666667
1.00323919
0.9303111086666667
0.9532509093333333
1.0047764786666666
1.0018234246666666
1.0148069126666666
0.6233534053333334
1.0011462093333332
0.8969524886666667
0.8763808553333333
0.5744315553333333
0.9713714186666667
0.9949654353333334
0.9984580846666666
0.4411904833333333
0.7597879466666667
0.5862836293333333
0.6054622126666667
0.9036329260000001
1.0110801326666667
1.00275902
0.9675310979999999
0.8268456986666667
0.902892072
0.9451016726666667
0.8649268573333334
0.557954622
0.4760971153333333
1.0023962693333333
0.623330788
0.9708773666666666
1.011985414
1.0127609546666665
0.9967202653333334
0.6028912746666667
0.9762731533333334
1.0025015573333333
0.9984348733333333
0.775271852
1.010485436
1.0023728753333334
0.7441425046666666
1.0023611786666666
0.9034048413333333
0.9737167686666667
0.8095311086666667
0.5751007333333333
0.7701974006666666
0.997565248
1.000831266
1.0018818486666667
1.005188002
1.0032977786666668
1.0108064853333334
1.00282926
0.99603838
1.0347448766666667
0.6224996260000001
0.6787189253333333
1.028562228
1.0249417833333334
0.8088526813333333
1.0018467933333333
1.005317408
1.0072624993333334
0.9738161173333333
1.0033094973333334
0.602980148
0.9989573773333333
0.9737498826666666
1.0049528046666667
1.004894022
0.9593726159999999
0.895801962
1.0080899653333333
0.8446678919999999
0.87026337
0.8460572439999999
0.8054397686666667
1.011508748
1.01043789
1.0000156686666666
0.995011536
0.9960961306666667
1.0005864473333332
1.000761306
1.0014963786666666
1.0003533980000001
0.8316407933333333
0.8539296566666666
1.0363303
0.8599652200000001
1.000376698
1.0054703846666666
0.9357227226666667
0.9247426626666667
0.8178086173333333
0.890683996
1.0075815033333333
0.8206447306666668
0.3693261186666667
1.01295204
0.8599910486666666
0.9923447460000001
1.0011462093333332
1.00021362
1.003321216
1.016007214
0.9071159606666667
0.6339949806666667
0.99777382
1.002291004
1.0080071573333333
0.9989225266666667
1.0024664586666667
1.0035908253333334
1.001204554
0.5817649886666666
0.9985857633333334
0.9966161886666667
1.010259634
1.001286248
0.9973567626666666
1.00086625
0.8139340693333333
0.9684583006666667
1.0004466046666667
0.9693982226666666
0.9978433633333335
0.9692560246666667
0.9989573773333333
1.000889574
0.9487027953333333
1.004694214
1.024110852
1.0078415826666667
0.9980288593333333
0.9918405873333332
0.9992362693333333
0.8162854066666667
0.998365248
1.03578047
1.0098795653333332
1.0094523286666666
1.0119496486666666
0.9992013993333333
0.96767279
0.9972062446666667
0.9990851833333333
0.5840433646666667
1.036380314
0.593616986
1.001286248
1.0079835006666666
0.8305311566666665
0.5936005773333333
0.89521381
1.001893534
1.0331021673333334
1.0346077846666668
0.7551192546666666
1.0073333713333332
0.9291639180000001
1.0003300986666666
1.0369558166666668
0.6340839
0.909517136
0.8634575346666667
1.0073924393333333
1.0047882313333334
1.0092388460000001
1.0051174313333333
0.9989922306666668
1.02457503
1.0051291926666666
1.005847142
0.9187292340000001
0.628245258
1.0019987160000001
0.9972757093333333
1.0044592473333334
1.0021740686666667
1.0040013779999999
1.0069082866666665
0.9997363413333334
1.029758274
0.9970673453333334
0.998864448
1.0064953533333334
0.9965583773333333
0.9997712486666666
1.008551572
0.9675093026666667
0.9600588546666666
0.969070136
0.6285854593333333
1.0098202053333334
1.0014146506666666
0.969857918
0.5498050766666667
1.0604333853333332
1.0016715553333333
1.0112943953333333
1.0064010159999999
0.5424479553333333
1.0118781253333333
0.9972409753333333
1.01140156
0.6554250066666667
0.8790084826666666
1.0154307153333333
1.0082319526666668
0.6131638206666666
0.911737472
1.007829758
1.006813872
0.6123857266666667
1.028562228
0.9869404146666667
0.9345519873333332
0.948210594
0.9361306226666667
1.0014847026666667
0.9688187533333333
1.0147709473333333
1.001683236
1.0014847026666667
1.0027121986666665
1.0069791093333333
1.0124983313333333
1.0164761013333334
0.5624335153333333
0.9978897306666666
0.969288836
1.0014380006666668
1.0339975433333335
1.0008429273333332
1.0030400393333332
1.0346327073333335
0.998794762
0.8655718046666666
1.0012629053333333
0.679610316
1.0137290633333333
1.0074869626666667
1.0014963786666666
0.8693209926666666
0.8955217933333334
1.00232609
1.010449776
0.8742135166666667
0.7335680019999999
0.9711956979999999
0.9990735633333334
1.0279713973333333
0.9079885200000001
0.998736698
0.9997130713333333
0.8086014186666667
1.0040248486666665
1.00600028
1.0306478606666667
1.000283504
0.9983768513333333
0.9065606993333334
0.5938221693333333
1.0339602053333332
1.0382969613333333
0.9971599406666666
0.9934350206666667
1.005752926
1.0026068666666668
1.002337786
0.9216272466666666
0.6447350933333333
1.0326674753333334
0.8675036700000001
0.9070489106666667
1.0045532206666667
1.003075178
1.0074869626666667
1.0082082853333334
0.9980752446666667
1.0089424926666668
1.0275410113333334
0.911302206
1.0092032746666668
0.667703176
1.0035673753333334
0.633728372
0.9797920166666666
1.0076406006666667
1.0297088973333333
0.974412636
0.8413091413333333
0.998179626
1.0059531560000001
0.8708986433333333
0.9244441013333333
1.011508748
1.001111206
0.8411773233333333
1.0009828806666665
0.752130726
1.0071916366666667
1.060184712
0.9931478739999999
0.8468162413333333
0.8506738686666666
1.0044475019999999
1.0035556506666667
0.9976695226666668
0.840288634
1.0059178153333335
0.7783416926666668
1.0119734919999999
0.49025949066666663
1.0352686526666666
0.7996960006666667
0.9404145513333333
0.9420027406666667
0.966409922
1.001216224
1.0000156686666666
0.9993874013333334
0.9281699666666666
0.885085788
0.9992246459999999
0.6231137493333333
0.995980636
0.5416919706666666
1.0027121986666665
1.0003883486666667
0.9985045093333333
1.032841308
1.0319231386666667
0.9600373953333333
0.7870637073333334
0.526053928
0.9978201806666666
0.8252173146666667
1.0094048806666667
1.032915826
1.1159527360000001
1.0007962846666667
1.008196452
0.9901142953333333
0.8304829786666665
1.0116397866666667
1.0179456766666668
0.7832243366666667
1.009298138
0.9998992633333333
1.033748672
1.0086818446666665
1.0040835293333332
1.0107232306666667
0.9975768326666666
1.0033915353333334
1.03427144
0.9691357353333333
1.0048117386666666
1.0041539546666667
1.0030986046666668
1.0121046506666667
1.001216224
1.0082556213333334
1.000621414
0.5980515893333334
0.8043311166666667
1.0044005226666666
1.0020805393333334
0.971481276
0.996789662
1.002536658
0.9352133466666668
0.9131331220000001
0.9994106566666666
1.0029580586666667
0.8268934553333334
0.9949423866666666
0.5602179973333333
1.0004932146666667
0.4950913873333333
0.5210347133333333
1.0131431966666666
0.4141384066666667
0.9342775440000001
0.9177770813333334
1.005800032
1.002782432
1.0038488479999998
0.929978736
0.8269810240000001
0.6364517426666666
0.787085342
0.998179626
1.0041539546666667
0.9987831486666667
1.00245476
1.0025717613333334
1.0036611819999999
0.9666165453333333
1.00190522
0.8652666426666666
0.8696114146666667
1.0014963786666666
0.5604958106666666
0.9967202653333334
1.0056469546666666
1.0039661746666668
1.0005631373333335
1.0001670366666666
1.0024664586666667
1.002864384
1.003145462
1.001519732
1.0114372873333333
1.0385856980000001
1.008847696
1.0338233213333332
1.002747314
0.9901142953333333
1.0106756626666666
0.973132126
1.0083147973333333
0.9694529253333334
1.0348196693333334
1.008551572
1.0014963786666666
0.9976926979999999
1.0349817573333333
1.0295114386666668
1.0324937006666668
0.8602063499999999
0.6029420560000001
0.995553538
1.0004699093333334
1.0356930506666666
1.0040835293333332
0.9985161159999999
0.96818541
1.0015897986666666
1.006247756
0.6338873746666667
0.774433108
1.0030283266666666
1.005682276
1.0026770853333333
0.623014324
0.9983536446666667
0.9848131926666667
1.0079361900000001
0.969201344
1.007120784
1.0148069126666666
0.9957843559999999
0.8252173146666667
1.0068846813333332
0.8734579226666667
1.000271856
1.0089543433333332
0.9948502026666667
0.8357024326666667
1.0107351233333335
0.9662359920000001
0.9993641473333333
0.6031156246666667
0.992012402
0.91277411
1.0001321013333333
1.0095116453333333
0.767630122
0.9968706373333333
1.0153226946666667
1.0107113380000001
1.0373941273333334
1.0030166146666668
1.01140156
0.835247376
1.0086344693333333
0.7121425446666667
0.8174350606666667
1.0039192406666666
1.0110206313333334
0.9935958953333334
0.9982144253333333
0.9965121333333333
1.0069200893333334
1.0094760546666666
1.0042830946666665
1.006601504
1.002536658
1.004259612
1.0019519653333333
1.0027356086666668
1.008385818
0.9719429493333334
1.0026185693333334
1.0035673753333334
0.8222000086666666
0.9894528126666667
0.9710968833333333
1.032866146
1.0083976559999999
0.9302405853333333
0.9981912253333334
1.005352706
1.0152986926666667
1.0028058453333333
1.028710042
0.9988876786666666
0.9960961306666667
1.0011695466666666
1.0079716726666668
1.0014963786666666
0.907978922
0.8773206886666667
0.9925626093333334
1.0036142766666667
0.5935841693333334
0.9999109026666667
0.809165074
1.0036846366666667
0.5664240886666666
1.019346924
0.998017264
1.004905778
0.9983536446666667
0.7956368933333333
0.996928484
0.4919300293333333
1.0021156106666667
1.011925806
0.996789662
0.8131866546666667
1.0026419746666666
0.9966393146666666
0.9985509386666666
0.9905938526666667
0.7548140273333334
0.8926647746666666
0.9415587453333333
0.8749436826666667
1.018211134
1.0039192406666666
1.013513768
0.8002174846666666
0.969868868
0.9679563
0.9996549
1.0072624993333334
0.6444835533333333
0.9359062333333333
1.0344707286666668
1.0051291926666666
1.002536658
1.0377074333333334
1.0142437499999999
1.0069673046666667
0.9026074513333333
0.8488245413333334
0.9944470986666667
0.9960037326666668
0.9973451826666666
1.034657632
0.9974957433333334
1.0059413753333333
1.039364832
1.0076051413333333
1.002478158
1.009345576
0.860154668
1.0043300626666667
1.0056234086666667
1.033437752
1.002782432
0.836940088
1.0050351113333333
0.9955189246666667
0.9997363413333334
0.845349518
0.839902476
0.6336582493333334
1.002630272
0.5580561173333333
0.9296969093333334
0.977650956
0.7904096166666666
1.0272706673333334
1.0363052953333332
0.815355626
0.570479272
0.6801861293333333
1.006012062
0.9998527086666666
1.039503188
0.998713474
0.9136187226666665
1.0000389533333334
0.998063648
1.0012629053333333
1.000621414
0.9958420773333334
0.9409914546666667
1.0339602053333332
1.001788374
0.843846416
0.9921269786666667
0.9030154633333334
0.9997479766666667
0.9778290199999999
1.0029112193333334
1.0007263293333333
0.962910792
0.6803261939999999
0.9727133806666667
1.012772896
1.0036260026666668
0.8092108100000001
1.0080071573333333
0.6955018413333334
0.9689171046666667
1.0368056233333334
0.9924250006666666
1.004306578
1.0299434773333334
1.0032860606666667
1.0051174313333333
0.6236385186666666
0.9994687986666666
0.9989806126666667
1.004647212
0.999480428
0.9998992633333333
0.998864448
1.0015547646666667
0.9981680273333333
0.8770430039999999
0.9985045093333333
1.0053056426666667
1.0022325326666668
0.7873161926666666
1.0053880066666667
1.0311798746666667
0.9971252153333333
1.0022325326666668
0.9952421033333333
1.0301287479999999
0.7588348473333334
0.9272281813333334
0.8660255866666666
0.9759514853333333
0.541801304
0.923569434
0.9986554193333333
0.936365326
0.9013761666666666
1.0064363906666667
1.0049175346666666
1.008149122
1.0066486886666666
0.8857428946666667
1.179563406
0.7329858599999999
1.0087055346666667
1.0371185746666667
1.0037784646666668
0.9993060173333334
1.0018000573333334
1.001239564
0.9998759853333332
1.0029346386666667
1.000341748
0.99894576
0.9686985726666667
1.005906036
0.7438525266666667
1.0356306173333334
1.0029697693333333
0.98247033
1.0057175999999999
0.5934570406666667
1.001916906
0.9980868413333333
0.9903197626666667
0.996986338
1.0000389533333334
1.007120784
1.0030868913333333
0.9972062446666667
1.0066958786666667
1.001052872
0.99862059
1.0056469546666666
0.9373462306666667
0.99862059
1.0036260026666668
0.8450251926666666
1.0108897533333334
0.9659860773333333
1.002162376
0.8132790440000001
1.035006698
0.851787338
0.8748189340000001
0.9988063753333333
0.9351318986666667
1.0048234926666668
0.8000237113333333
0.9655517506666667
1.00063307
0.996523694
1.0338606493333333
0.9964312166666667
0.9952766973333333
0.8428362873333334
1.0058118086666668
1.0055998633333334
1.0027121986666665
1.0075342306666666
0.5417602986666666
1.036092802
1.0011345413333332
1.0022325326666668
1.0380083853333333
0.995980636
0.9593833306666667
1.0030868913333333
1.0078415826666667
0.9978433633333335
0.9985045093333333
1.0011812153333333
1.0067194746666668
0.9991200453333332
1.0329282466666667
1.0322331486666667
0.8597500393333333
0.9063120093333333
0.8604820933333334
0.9976926979999999
0.51911397
1.0015897986666666
1.0021740686666667
1.0013329359999998
0.557896642
1.0036611819999999
0.8851496306666666
0.999596736
0.6339528693333333
0.9674330273333334
1.008812152
0.8491853679999999
1.0079007100000001
0.9988992946666667
1.0085634133333332
1.0137410266666667
1.0085752553333334
0.812448296
1.0232812666666666
1.0028409673333334
1.007061748
0.9423541033333332
0.7870997666666667
1.0009362253333334
1.0027356086666668
1.0066486886666666
0.9053472379999999
1.0036846366666667
1.009333716
0.9980868413333333
1.0003068006666667
1.001052872
1.00275902
0.994193886
0.8656764813333333
0.34283902400000005
1.0118900446666665
1.0001204566666666
1.0291290786666667
1.0375695553333333
0.7927731206666667
0.35256957400000005
1.0045414733333333
1.0036377286666667
0.9801162219999999
1.0069200893333334
1.0377450426666666
0.8783523446666667
0.5845998346666667
1.003907508
1.008125458
1.0054350786666668
1.001239564
1.0030166146666668
0.9289930886666666
0.6054238066666667
0.7588884800000001
1.0014263253333333
0.7599627173333333
0.9774507106666667
0.831214278
1.0108778573333335
0.998179626
0.993975306
1.0049880773333333
1.013812814
0.817396168
1.003461864
0.8859712846666666
0.9991084246666666
0.991577254
0.7956811133333334
1.0069200893333334
1.0140402066666667
0.999178154
0.89579262
0.9910167046666667
1.01016459
1.0055763193333334
1.0099864306666666
1.009345576
0.9486399326666667
0.999724706
0.8823673706666667
1.0020454706666666
0.7055387753333333
0.9986902513333333
1.00245476
1.0080899653333333
0.9999574626666666
1.0363428033333333
0.8308444493333333
1.004635462
1.0068492753333333
0.971909958
0.8083883486666666
0.8960355693333333
0.7190095
1.0349692873333334
1.0032509073333333
1.0294497486666667
0.9736174406666668
0.8805944406666667
1.0062359686666666
1.0064599746666667
0.7557636959999999
0.9224189886666666
1.0080426446666666
0.9768949053333335
1.0016365153333333
1.0350815286666666
1.0020688493333334
1.0321463273333333
0.928109796
0.6233534053333334
1.0330027766666667
1.0084331706666667
1.0348695373333334
1.0092744206666666
0.9973336033333333
1.0029229286666668
1.0017533253333333
0.625874124
1.0023143946666668
0.988314398
1.0066132993333334
1.0059649366666665
1.001893534
1.0050351113333333
1.0040248486666665
1.00542331
0.99915491
0.965562604
0.9238873033333332
1.0336864733333333
0.5888921746666667
0.8502276126666667
0.5931783686666667
0.8174428393333333
0.965910042
1.00404832
0.5580343653333334
0.9722399713333333
0.9728676133333334
0.9283304613333333
0.7092495926666668
0.9979245093333334
0.9114472486666667
1.0115563946666666
0.7631223926666667
0.7793656686666667
0.603217272
1.002162376
0.9288524519999999
0.3922380386666667
1.0284267693333333
0.9939293013333332
1.0085634133333332
0.5842697993333333
1.006023844
1.0043652913333334
1.0004233013333335
0.6447060593333334
1.005835364
0.9990038486666667
1.001286248
1.0031103186666666
1.0054703846666666
0.99776223
0.7751739046666667
1.008054474
0.9989806126666667
0.522953804
1.005682276
1.0012979193333333
1.0077469926666667
0.9088627586666667
1.0005864473333332
0.999724706
1.002209146
1.0070853613333333
0.9462468846666667
1.00289951
0.9969400546666667
0.846716076
0.9972062446666667
1.001087872
0.6341213473333334
0.9996432666666666
1.0026770853333333
1.0004582566666667
1.002337786
1.0033563746666667
1.005752926
1.0024196646666665
1.0009712166666667
1.0064363906666667
1.0001088126666666
0.9038421046666667
0.7125737953333334
1.0083976559999999
1.0058706986666666
0.9994339126666667
0.9952766973333333
1.0107113380000001
0.9657362913333333
1.0379456726666667
1.0013212633333333
0.9937683186666666
1.0037784646666668
0.5844129013333333
0.8446678919999999
0.8271004653333333
0.6766551860000001
0.9356309939999999
1.0001204566666666
0.6591669873333333
0.6055689213333333
1.0036846366666667
0.423514586
0.9974725773333333
1.0017299613333333
0.9899317286666666
1.0058942566666667
1.003696364
0.9302708086666667
1.0064128073333334
1.0363052953333332
0.9913026199999999
0.973099054
1.0040835293333332
1.0006447266666667
0.858109606
1.0340846766666667
1.0083147973333333
0.997009482
0.7745937266666667
1.0089661939999999
1.0059649366666665
0.9975304939999999
0.97211894
0.998063648
1.0108897533333334
0.6125909866666667
1.0326674753333334
1.0055880913333333
0.9237680766666667
1.0359678466666666
0.9972062446666667
0.8537174853333332
1.03775758
0.9413626953333334
1.0089543433333332
0.8225858113333334
0.997032626
1.0106637713333333
1.0030868913333333
0.9997596126666667
1.0325681679999998
0.9312490746666667
0.8916640293333333
1.004353548
0.9989689946666668
1.0053997746666667
1.014279678
1.0110801326666667
0.8188610780000001
1.0274795566666666
0.505013998
0.9994339126666667
1.0097371126666668
0.9975768326666666
0.8219167926666667
0.719937526
1.004905778
0.9351318986666667
0.9996549
1.00210392
1.011270584
1.0004699093333334
0.9007901206666667
1.0187787126666668
1.006589708
0.9579389760000001
0.96989077
0.9889515873333333
1.007829758
1.0176080213333334
1.005752926
1.0060474086666666
1.0069436966666667
1.001788374
1.0064953533333334
1.0372563326666666
0.8911182726666665
1.0090017493333334
0.9998759853333332
1.004694214
0.9741253320000001
1.005847142
0.8270526846666667
0.8695321893333333
0.6677654633333333
1.0073451846666668
1.002747314
0.8271641813333334
0.722644832
1.0009478886666667
1.0107708026666666
0.43983280066666663
0.9983884553333334
1.0366054340000002
0.46723278533333334
0.519274014
1.002536658
0.8268456986666667
1.0054703846666666
1.0037901946666665
1.0032274726666666
0.8700341933333334
1.0043652913333334
0.8405270793333334
1.0083266333333332
1.0194921006666666
1.0075342306666666
0.9609502846666667
1.0318611593333333
0.9410945473333333
0.790911774
1.005752926
0.6900931586666668
1.036642964
1.0034266980000002
1.0046119633333332
0.9955073873333334
0.6127920126666667
1.0023494819999998
1.0027356086666668
1.0004815613333333
0.99894576
1.0024664586666667
1.007510596
1.0036142766666667
0.9992362693333333
0.9995851039999999
1.0014263253333333
1.0384475866666667
1.03578047
1.0079835006666666
0.9364878266666666
1.0055880913333333
0.6951416266666667
0.8000237113333333
0.641365364
0.7403456633333334
0.6005015586666667
1.0111277386666668
0.9974725773333333
0.8916917973333334
0.6241596373333334
0.6335834686666667
0.5933955466666666
0.99862059
1.0091084293333332
0.8856150473333334
1.0056351813333333
1.0311674960000001
1.0064717673333332
0.9984464786666667
0.8048511239999999
1.0048234926666668
1.0062595433333332
0.5493374386666667
1.0013446086666666
0.9657797233333334
0.9986089806666667
1.0038840433333334
0.821995444
0.6229104126666667
1.0316876560000001
0.9975189099999999
1.0094523286666666
1.0007962846666667
1.0431514086666667
0.8220583766666667
1.0006447266666667
1.0109135473333335
0.9301902186666666
0.9124250713333333
1.030969478
0.9351013586666667
1.034620246
0.9629431746666668
0.8167433266666667
0.8175128566666667
0.35509243599999996
0.9964080999999999
1.0036494553333333
0.9982608273333333
1.0340224373333333
1.0022559206666666
0.9887011653333334
0.9984696900000001
1.0070971686666668
1.0018234246666666
1.0047177166666668
1.030066984
0.9996200006666667
0.9301700733333333
1.0048822666666666
1.0084331706666667
0.8957832786666666
1.0005514833333333
1.033040046
1.001157878
1.007203446
1.0016598753333332
0.9960037326666668
0.973132126
0.973805078
0.8315200373333334
0.9986786406666667
1.0346077846666668
1.035056584
1.03565559
0.96780362
0.9975536626666667
0.9992478933333333
1.0374567733333333
0.986226546
0.80348096
0.8226251993333333
0.9999109026666667
0.6443046926666667
0.9970789186666666
0.9759736626666666
0.9954150986666667
1.028931842
1.005847142
1.0033329353333333
0.9933546026666666
1.006094542
0.9991084246666666
1.0120808013333333
1.037995842
1.0079835006666666
0.8644046320000001
0.968414628
0.9935499253333334
0.97895455
1.0088950920000002
1.0004233013333335
0.9347553826666667
1.0061534646666668
0.935050464
0.6677447
0.9677382006666667
1.0378829673333334
0.9009790846666667
1.0035673753333334
0.623579664
1.00031845
0.9726803366666666
0.997588418
1.009701506
1.003321216
1.0099864306666666
1.0025015573333333
1.0049880773333333
0.8415069446666666
1.0023026993333333
0.9295761786666666
0.8923865646666667
0.9082381306666666
1.000889574
0.999480428
0.9718769693333333
0.9952882293333334
1.0038723113333334
1.027442688
0.997634762
0.895493786
1.0005281746666665
0.8476769713333333
0.9980056686666667
0.9980752446666667
1.0027941386666666
0.9992478933333333
0.9058150386666666
1.0022676146666667
1.0383722686666668
1.0014146506666666
1.0049528046666667
1.004600214
1.0364553433333334
0.7789345646666668
1.0031337473333333
1.0115563946666666
1.0344458133333332
1.039855532
0.6129013206666667
1.0009828806666665
0.967901766
1.001157878
0.9975304939999999
0.9985509386666666
1.0114491966666666
1.000236914
0.8170385306666667
1.004694214
1.0073215586666666
0.8548304346666667
1.0005631373333335
1.0006563833333333
1.0067784706666667
0.9997828853333334
1.0344956453333332
1.0302152306666668
1.0032977786666668
0.999515318
1.0375695553333333
1.0096777693333334
1.0152026986666667
0.994769556
1.0103071633333334
1.0121285013333332
1.0040131133333332
1.00282926
0.8695850046666667
1.0056705019999999
1.0068256726666667
1.0043770353333332
0.9986786406666667
1.0028526753333333
1.010687554
0.8905824173333333
1.0134420233333334
1.0310684773333334
1.0384978046666666
0.8044441046666667
0.736562106
0.6923625613333334
0.995011536
0.9959113519999999
0.9718659733333334
0.4221616706666667
0.7867753500000001
0.7592506953333333
0.6461852653333333
1.013238802
0.9992130226666667
0.9952997613333333
0.8958767033333334
0.458650872
0.8696026113333334
0.222384492
0.9293549200000001
0.9593190446666667
0.9970904926666667
0.9979824793333334
1.0080899653333333
0.9119794659999999
0.7366631726666666
0.36636944266666666
0.8564925013333333
0.77464961
0.998736698
1.0115802193333334
0.9241258493333333
0.9687750473333334
0.9974609946666666
1.008066304
0.9650310733333334
0.8712873233333334
1.0066958786666667
0.9674003413333333
1.00534094
1.0005864473333332
1.0005631373333335
0.7443423993333335
0.7597677860000001
0.8972429253333333
0.6226801246666667
1.011854286
0.9973915046666666
1.0071916366666667
1.0064717673333332
1.0027356086666668
0.9665512866666667
1.0034149766666667
0.95926548
0.8049718013333332
1.0095828346666667
0.845307924
0.7921590039999999
0.609829374
1.0043418053333333
0.998411664
1.00190522
1.004506232
1.0013913026666668
1.0050703893333333
1.0035908253333334
0.8314154100000001
0.9935269426666667
0.9954381693333333
1.0049998353333334
0.8547453746666667
0.7972689006666667
1.0031337473333333
0.9963965426666667
1.0100814413333332
1.0023026993333333
0.6797985593333333
1.0005514833333333
1.0068846813333332
0.9717560286666667
1.0001321013333333
0.9982376253333334
0.9526905773333333
0.9993176426666667
1.009440466
0.6134747353333333
0.9980752446666667
0.5191045586666667
1.0042126506666667
1.0042948360000001
1.0074869626666667
0.9989109106666666
1.0119138853333334
1.0044475019999999
1.0144473746666667
0.9973104446666666
1.0066486886666666
0.9953574266666666
1.0110444313333333
0.9999691033333333
0.8743825926666666
1.0387992153333332
0.503409886
0.9471128373333333
1.001239564
0.901565376
0.9999923853333333
1.0093218566666666
0.9697374793333333
0.9676182879999999
1.0028878006666666
1.0047412206666666
1.0294250746666667
1.0038371166666666
0.9974609946666666
0.8691714566666666
1.0035790999999998
1.0001088126666666
1.0326923046666667
1.2083522666666666
1.0014380006666668
0.6443820253333333
1.006294908
0.99776223
1.1603785906666666
1.0119496486666666
0.863995996
0.9683709593333333
1.001566442
0.996963196
0.969671798
1.0066132993333334
0.874881304
1.0062595433333332
0.8707220860000001
1.007475146
0.549688972
0.9325532606666668
1.007475146
1.0044475019999999
0.9958420773333334
1.008978046
1.0017416433333333
1.009120284
0.858667166
0.9672151640000001
1.0057293753333334
1.0396038333333333
0.999259518
1.0382467626666667
1.007782462
0.9348672880000001
1.0144593553333334
1.0361677893333334
0.99780859
1.0013095913333334
0.9183265366666666
0.9741142853333334
1.0047177166666668
1.0011228733333335
0.9998527086666666
1.003075178
0.9353762866666666
0.8809376153333333
0.9601876340000001
0.8603183493333333
0.9191814613333332
1.010544874
0.997322024
1.0055763193333334
0.8084644320000001
0.9709322366666667
0.3793319726666667
1.0032274726666666
0.20874587733333333
1.0025132573333333
1.03528113
1.0080308153333333
0.998017264
0.5753819446666666
1.0396667466666667
0.9979940740000001
0.9898404713333333
1.0165242173333333
1.0347448766666667
0.9963849846666667
0.9945507226666667
0.9948962926666667
0.973485034
0.6234619886666667
1.0000622386666667
1.0022793093333333
0.8548899873333333
0.7711308139999999
0.855026138
1.008149122
0.8553752219999999
1.0020688493333334
1.0042478713333334
1.0017065980000002
0.9692232153333332
0.9993176426666667
1.035730514
1.0101051966666668
0.8736800206666667
0.970668918
1.0079480173333333
0.836027776
1.0040365839999998
0.9973683433333334
0.9985393306666667
0.845907274
0.9990735633333334
0.9898975053333333
0.997588418
1.0080071573333333
1.000341748
0.8698932213333332
0.8052208133333334
1.0002602086666668
0.7931977093333333
1.0180904546666667
1.0014730266666667
0.9998061586666666
1.0063538539999999
1.000621414
0.9983072333333333
1.0075815033333333
0.9968012293333333
1.0108540653333333
0.8730140653333333
0.49348721733333334
1.0253944746666666
0.8226409553333333
1.0025483586666666
1.003321216
0.9982260253333334
0.9963156446666667
0.575042984
1.0032860606666667
0.9988760633333333
1.005352706
0.9010830486666667
0.584055278
1.0089069413333334
0.9973567626666666
1.0069200893333334
1.0357929593333333
0.9995618406666668
1.0023611786666666
0.9936303753333333
0.9781185126666666
1.0010995386666668
1.0002252666666667
0.9971946679999999
0.997588418
1.0050351113333333
1.0371060526666667
0.9976463486666667
1.006094542
1.0372939093333333
1.0074396986666667
0.99713679
0.8468663333333334
0.9969053446666667
1.0025132573333333
0.9731541753333333
0.971338466
1.00256006
0.993033062
1.0120092593333334
1.0028878006666666
0.99488477
0.9306638846666666
1.003461864
0.8718267486666667
1.001204554
1.0048705113333334
0.999526948
1.0012979193333333
1.0007729653333335
0.998411664
1.0069200893333334
1.00210392
1.001765008
1.0023494819999998
0.9919665793333333
0.8983032073333334
1.0044592473333334
0.813202052
1.0244772733333332
1.000504868
0.9780405553333333
0.9077006773333333
0.995818988
1.0123074173333333
1.0015080553333333
0.9985161159999999
0.9954497046666667
0.9967665286666667
0.879611554
1.0132866113333332
0.912366924
1.0067076766666667
1.0036377286666667
1.0014613506666665
1.0284637093333333
0.9318147846666668
1.0094641913333333
0.5843055686666666
0.9966508786666667
1.0094048806666667
0.967901766
1.008160954
1.002337786
0.990730954
1.0038957753333333
1.0048117386666666
1.0333507273333333
1.0098320766666666
1.008054474
0.9068669666666667
1.0058942566666667
1.0063066966666667
1.006589708
1.0312417726666665
1.007168018
0.9886442686666665
1.0481921406666668
0.8592254500000001
0.7148211760000001
1.00614168
0.9948617246666666
0.9938833006666667
1.0022559206666666
0.7634547340000001
1.0117351086666666
0.9409399166666667
1.0022208393333334
0.9972293986666667
1.0101764693333333
0.9998294333333333
1.0017766906666667
0.9351929833333333
0.9983304386666667
0.9953689606666667
1.0020220926666665
1.001216224
1.00289951
1.0051291926666666
1.0012629053333333
0.9362326533333333
0.9528173873333333
1.0368056233333334
0.872384562
0.99915491
1.0022325326666668
0.997634762
1.006177036
1.0341095746666666
1.0015080553333333
0.644478718
1.006813872
0.9970441986666666
1.0018000573333334
1.0349318786666666
1.0027356086666668
1.0058942566666667
1.007711526
0.7955558366666667
0.998864448
0.6029716826666667
1.0022559206666666
0.99595754
1.00505863
1.0020805393333334
0.9408677726666667
1.000574792
1.0042830946666665
1.008160954
0.936171432
0.92636822
0.9978433633333335
0.9983304386666667
0.68363984
0.9716351186666667
1.0351438960000001
0.8548899873333333
0.9934120426666667
0.7099882293333334
0.9845761466666666
1.0073569980000001
1.0032626246666667
0.6337751293333334
0.6128838286666667
1.000143746
0.9970789186666666
0.799911962
1.0097252433333332
0.8354260893333333
1.0374567733333333
1.0068846813333332
1.0157308933333333
0.845382796
0.9993525206666667
0.9975189099999999
1.0079243633333335
1.0075224133333334
0.6832646293333334
0.6616752753333334
0.9318552186666668
1.0033094973333334
1.0035908253333334
0.6227207513333334
0.9420647266666666
0.965291342
1.0149507986666668
0.9069914466666668
0.32699269466666664
1.0014496753333333
1.0007846246666667
0.9345824913333333
1.0126415633333332
1.0334999206666666
0.9922988926666667
1.0376071546666668
1.008054474
1.002747314
1.036843168
0.997739052
0.9961076813333334
1.002536658
1.0074869626666667
1.001987028
1.0032274726666666
1.008160954
1.0032860606666667
0.9688733906666667
1.0038723113333334
0.8305552473333334
1.0003999993333335
1.00289951
1.0028526753333333
0.9214492919999999
0.905853248
1.0070735546666667
1.0010762046666668
0.9975073266666666
0.8357837446666667
0.8604734733333333
1.000761306
1.0391385113333333
0.8354992213333333
0.7400650120000001
0.870695608
0.8062184026666667
0.9080941073333333
0.6343414386666667
1.0354184006666667
1.0183680606666667
1.001286248
0.9984812959999999
1.001052872
0.912318474
0.7672461633333334
0.9966855706666667
1.0035673753333334
1.0300052273333333
0.934806246
1.0029697693333333
0.6804124166666666
1.001227894
1.0033446546666667
0.7956958540000001
1.0354558440000001
1.037895508
1.0020922293333334
0.9990387046666667
0.9989109106666666
0.9650527573333334
1.0010178753333332
0.9064841646666667
0.9981680273333333
1.0044944853333333
1.0078415826666667
1.000621414
0.9985161159999999
1.0028409673333334
1.0067194746666668
1.0009478886666667
1.0294250746666667
0.882458018
1.0343710746666668
1.0055527766666668
1.0062359686666666
1.0067902706666667
0.9998992633333333
0.9705702106666666
1.0033680939999998
1.000073882
1.0047059653333335
0.9982376253333334
1.0316257046666666
1.0000273106666666
1.0206913893333334
1.0110206313333334
1.018645818
0.9711517780000001
1.0037784646666668
1.0029931920000001
1.0079243633333335
1.0087529173333334
1.0036025506666666
1.0069673046666667
1.0098676926666668
0.9770282406666667
0.904984786
0.6122678739999999
1.0062831193333333
1.006589708
0.90993142
1.0012745766666666
1.0076642413333334
0.8748278433333333
0.985581554
0.8471168806666666
0.9727354106666667
1.0005981026666666
0.8696818493333334
0.628208502
1.013083452
1.0077942853333335
0.84380497
1.0010062100000001
0.9957959000000001
0.9332726273333333
0.9121053539999999
1.033263718
0.9466535806666667
1.03358697
1.0046237126666666
1.000609758
1.0075933226666667
0.9130457686666666
1.0066132993333334
0.9299082633333334
0.8009636433333334
0.7327232600000001
1.008480528
1.0087410713333334
0.9998294333333333
1.0072979340000001
0.5662672613333334
0.6464867873333333
0.9773394993333333
0.99777382
1.0029697693333333
0.512223364
0.997600004
0.9337798906666667
0.733474046
1.0085752553333334
0.8394018206666667
0.998597372
0.6921728746666667
1.0053880066666667
0.2973149586666667
0.9286716966666666
0.8705985380000001
0.705886646
0.607990614
0.826360484
1.005023352
0.6102582846666667
1.0391385113333333
0.719286452
0.8737777793333333
0.6363055913333333
1.0042830946666665
0.8863918306666666
1.0022208393333334
0.9912339853333333
0.855750166
1.0338855366666666
1.0151907006666667
0.9604238186666666
0.9468414046666667
1.004964562
1.0036025506666666
0.969945528
1.0030986046666668
1.0018117406666667
0.8588818046666666
1.0002252666666667
1.0025015573333333
0.995253634
0.8225227979999999
1.0026185693333334
0.84309273
0.9987018626666666
0.9968243640000001
0.982762578
1.0106637713333333
1.0013329359999998
0.6896886813333334
1.0030986046666668
1.00063307
0.54160317
1.0062241813333332
1.0022793093333333
0.7793515266666666
0.9651069706666667
0.8246865006666667
0.929596298
0.7961309586666666
0.9699893393333333
0.9942974573333333
1.0010762046666668
0.6231544326666666
0.9972062446666667
0.9897720386666666
1.0050115933333332
1.0009362253333334
0.9988063753333333
1.0082082853333334
1.0355681913333332
1.0215167786666666
1.0130595566666667
0.9351828019999999
1.0031220326666666
1.0057882553333335
1.0070381353333333
0.9248720986666668
0.826328686
0.8087917546666666
0.9940788313333334
0.8144742939999999
0.9133175893333334
1.0347947373333333
0.8903147313333334
0.7372954693333332
0.43732707066666665
1.0030049033333333
0.967040944
0.8175050766666666
1.002782432
1.0133344253333334
1.0095947006666668
1.0011462093333332
0.9844858733333334
1.0000040273333335
1.0358054493333333
0.99894576
0.9736726206666667
0.931683398
1.0032977786666668
1.0034149766666667
1.0034149766666667
1.00813729
0.9831225066666666
0.7156072373333333
0.9731431506666666
0.9994455413333333
0.998121634
0.6932901746666666
0.999817796
1.035044112
0.996257868
0.6231905999999999
0.9982260253333334
1.0344084426666666
1.0380711053333334
1.008421332
0.9998876246666667
0.9961654406666667
0.799323928
1.0011928846666667
1.0004932146666667
0.8734490406666667
0.4808893773333333
1.0117351086666666
1.0103309293333333
0.8696994593333334
1.009298138
0.6731554373333334
0.9592869053333334
0.8976460999999999
1.0100814413333332
1.0282544193333334
0.9987018626666666
1.025247612
1.0028409673333334
0.9134341333333333
1.0034501413333334
1.000201974
1.034832136
1.0037784646666668
0.9985509386666666
1.0152146966666666
1.1511725686666667
1.0100339333333332
0.28366564133333333
0.715416518
0.613019418
1.0103071633333334
0.4286544233333333
1.0367555693333335
0.999922542
0.9731541753333333
1.0359428586666666
0.905442668
1.0016481953333334
1.0189237273333334
0.9081229086666667
1.0004932146666667
0.783067258
1.001788374
0.6990791120000001
1.0325929933333333
0.9981912253333334
0.9971599406666666
0.8972054386666667
1.002209146
1.0024079673333335
1.0066722833333333
0.99533436
0.9994455413333333
1.000737988
1.008622626
1.0149268153333335
0.9938948006666666
0.9997130713333333
1.008160954
0.9991084246666666
0.8746229719999999
1.0225747406666665
1.0370309293333333
1.0376071546666668
0.890351644
1.0023143946666668
0.9047464893333335
0.7055387753333333
1.0013446086666666
1.0000273106666666
1.0344582713333332
0.9954150986666667
0.7288314506666668
1.0067312733333333
1.000924562
1.0329655106666666
0.99470044
0.6152278720000001
0.9972293986666667
0.6554600153333333
1.0074987793333332
1.0041539546666667
1.0041656933333334
1.0069791093333333
0.9972872873333334
1.0035673753333334
0.6226214513333334
1.0044475019999999
1.0048234926666668
0.9973451826666666
1.0033563746666667
1.0361677893333334
0.9679453926666667
1.0105567626666665
0.8175439793333333
0.9973799233333334
1.001683236
1.0166685906666666
1.0320347206666667
0.9695842373333333
0.9016316186666666
0.99533436
1.0336367193333333
1.002478158
1.011092034
1.0078534073333334
0.904098956
1.002209146
1.0075460486666665
1.0001321013333333
1.0108064853333334
1.005752926
1.0044475019999999
1.000143746
1.000073882
0.9937798153333334
1.0018000573333334
0.8307399919999999
1.0190204273333334
1.0092032746666668
0.927708854
0.9125801666666666
0.8316407933333333
0.80421816
0.7330546673333334
1.0053291739999999
0.8179176353333334
0.8178319759999999
0.5496256626666667
1.00871738
1.0353809593333334
1.0314894380000001
0.9958420773333334
1.00256006
0.998318836
1.0088239993333332
1.0097845926666666
0.995692016
1.0332140046666667
1.0008545886666667
1.0090373066666667
1.0082082853333334
1.008978046
0.5519104726666667
1.006177036
1.0081136266666668
0.9171303519999999
0.7189553386666666
0.969201344
0.9996665339999999
0.997831772
0.8696290219999999
0.999271142
0.997831772
1.0302028746666667
0.8311338526666667
1.0040835293333332
1.0072624993333334
1.0013095913333334
1.0062359686666666
0.9072405093333333
1.0053291739999999
0.9061303606666667
1.028931842
0.9969747666666667
0.8315200373333334
0.8243541
1.0029346386666667
1.002630272
1.005682276
0.9719649446666667
0.845382796
0.7916917440000001
0.6226620706666667
1.0017416433333333
1.0010645386666668
0.6331958273333333
1.0009595526666666
1.003930974
0.9928035173333333
1.0328537273333334
0.999375774
1.001239564
1.0020922293333334
1.0043300626666667
0.9362632666666667
0.93025066
1.0064010159999999
0.9952882293333334
0.9228847720000001
0.491592198
0.9999574626666666
0.9188766506666666
1.0061534646666668
1.0039192406666666
0.9693982226666666
0.9852989286666666
1.0075224133333334
1.0035908253333334
1.001624836
1.035118948
1.0063774346666667
0.6677135566666667
0.9968590686666666
0.8599135666666666
1.0082319526666668
1.031130362
0.6336862966666666
1.0010995386666668
1.0003883486666667
0.6027220646666667
1.0022559206666666
0.8318018566666666
0.9969053446666667
0.865449714
0.993274198
0.929827736
1.0060356266666666
0.9976926979999999
1.0024196646666665
0.8499079433333333
1.0080308153333333
1.0036260026666668
1.0098320766666666
1.0303017273333333
1.0070027186666666
1.03528113
0.8531070206666667
1.011068232
0.8264479393333333
0.5751430900000001
1.01084217
1.0022325326666668
0.7868330046666666
0.8957832786666666
0.316803418
1.0049292906666667
0.9986089806666667
1.0115563946666666
1.0009012366666665
0.9975189099999999
1.0131551460000001
0.9977274626666667
0.901347792
1.0051527153333333
0.9647709459999999
1.0082556213333334
0.94112548
0.809058376
0.7638077386666667
0.8259552493333334
0.9983304386666667
1.0088239993333332
1.001286248
0.6230414366666667
1.002291004
0.9342368993333333
0.6989539686666667
0.8376419653333333
0.8550516706666668
1.0035673753333334
0.9994106566666666
1.0344458133333332
0.9993176426666667
0.7291098333333332
1.0318735546666666
0.8692154326666667
1.0274672666666667
0.633564776
1.0120092593333334
0.64753457
1.022453024
1.001928592
0.99357291
1.0001088126666666
0.6682589806666667
1.00746333
0.906723378
0.8927482713333333
1.0005981026666666
1.004259612
0.9669538573333333
0.6228245993333333
0.832349938
1.0039192406666666
0.7666777866666666
0.999166532
1.0132268506666666
0.8303545313333334
0.9715911586666666
1.0117708586666665
1.0109730353333333
0.8366303306666667
0.9985277233333333
0.9998759853333332
0.9972641306666666
1.0101527106666668
1.030746798
0.8167743906666667
0.13754921266666667
0.7870709186666667
1.0070381353333333
0.9712286406666667
0.90264539
1.0073688113333332
0.9182578186666667
0.8363533733333334
0.9710968833333333
0.6128838286666667
1.0005981026666666
1.0347822713333332
1.0050468706666666
0.9867363466666668
0.9910052713333333
0.9244441013333333
0.9954035633333332
0.9412182886666666
1.00323919
1.00517624
0.9674548186666666
0.667340066
1.0363177973333333
1.00086625
1.0099151846666667
1.0037901946666665
1.0039896433333333
1.0026887893333332
0.97359537
0.549822672
1.003321216
1.0020454706666666
0.612656524
0.9695404626666667
0.9979013233333334
1.0054703846666666
0.9405381133333334
0.9963965426666667
0.995034588
0.842274314
0.464376012
0.7554645913333333
0.630958682
1.0043770353333332
1.0024079673333335
0.8698932213333332
0.8506064793333333
1.0100576866666666
0.9994222846666666
0.7791323893333333
0.56294955
1.019105054
0.9972178213333334
1.0090373066666667
1.008066304
0.6342290326666667
0.5579691193333333
1.0041891713333333
1.0058824773333335
1.031328442
0.6028108879999999
1.0008545886666667
1.003825386
1.0025132573333333
1.0368807146666665
1.0049880773333333
0.997171516
1.0045179786666667
0.999689802
1.0045649686666667
0.9236091559999999
0.9996549
0.997634762
1.012176206
1.0063184853333333
0.995634312
0.994758036
0.9053472379999999
0.9121731540000001
1.0033680939999998
0.9315621506666666
1.0080308153333333
0.63343396
1.0103309293333333
0.9960037326666668
1.0320347206666667
1.0070853613333333
1.0023143946666668
1.0004815613333333
0.8755322633333333
0.9963387566666667
1.0035790999999998
0.5669287666666667
1.0014263253333333
1.0061181106666666
1.0088832426666665
0.812233194
0.4210793533333333
0.9989225266666667
1.0052938773333333
0.9033383380000001
0.7063103506666666
0.6421276786666666
1.030586034
1.0337611126666668
0.8367281240000001
1.0049998353333334
0.999166532
0.9934694893333333
0.9527539780000001
0.7938501186666668
1.0068610766666668
0.947259058
0.755345016
1.001519732
1.0037784646666668
1.0106637713333333
1.0000273106666666
0.9915085813333333
0.9995618406666668
1.0031806079999999
1.0052232913333334
1.0004466046666667
1.002010404
1.0023611786666666
0.8341686013333333
1.0233178373333334
0.9316530833333333
1.0001088126666666
1.0364303320000001
1.007510596
0.904117988
0.9983884553333334
1.0031806079999999
1.0014963786666666
1.0106399893333333
1.006023844
1.010319046
0.9947925966666666
1.0020922293333334
0.93003915
1.0035439266666668
0.8265274606666667
0.6449384033333333
0.9997712486666666
1.0041891713333333
0.9929412313333333
1.00320404
0.8797737139999999
0.612888202
0.7084599
1.0379707566666665
0.99777382
1.0013446086666666
1.013609444
0.8173183940000001
0.9361408246666667
0.9971830920000001
0.9533461253333333
1.0044709933333333
0.968076296
1.008101796
1.008125458
1.003145462
0.99748416
1.0001553913333334
0.7224017386666666
0.8263763833333334
1.003321216
0.9812582353333333
0.976184396
1.0100695640000001
0.5934734413333334
1.0052938773333333
0.6530283253333333
1.004635462
1.0049410473333333
1.0072979340000001
0.8283846466666667
0.6128838286666667
1.0095353740000002
0.4096394566666667
0.9651178140000001
1.0078415826666667
0.5979600006666667
0.999526948
1.0059295953333334
0.912939026
1.0006913553333334
0.8919973613333333
1.0039896433333333
0.9960499293333334
1.0106637713333333
0.849815452
1.0005864473333332
1.0061298953333333
1.004905778
1.0064010159999999
0.970296128
0.9305126626666667
1.0011928846666667
1.0256270926666666
0.830812306
1.0077588153333332
1.0049880773333333
0.90264539
1.00813729
0.671109612
0.9767282866666667
1.003051752
1.0009945453333333
0.402973044
1.036405322
0.901205946
0.9238078153333332
1.004506232
0.6340698586666667
0.9982956313333334
0.872801174
1.0333382966666667
0.871278486
0.5939658826666666
1.029042778
1.0043652913333334
0.9714922633333334
0.6561559653333334
0.9289026746666667
1.00869369
0.655070128
1.0107351233333335
0.8594489673333332
1.0295978173333333
1.031650484
0.994539208
1.0092744206666666
0.88041393
1.015875042
1.0016715553333333
1.0010295406666667
1.0055410053333333
0.8697611013333334
1.0105686513333334
0.8694969826666668
0.9976695226666668
1.0100220573333332
0.9993641473333333
1.00063307
0.8035260553333332
0.9997712486666666
0.8370950526666667
0.9027497393333334
1.0042361306666667
0.7713316206666667
0.7518344893333333
0.6029843806666667
1.0359678466666666
1.0037432773333332
1.0340224373333333
1.0089069413333334
1.0037901946666665
0.593580068
1.0037667353333333
0.9243048393333333
1.0047294686666668
0.6473832846666666
0.9676073886666666
0.7541910686666666
0.6229194473333334
1.0116159586666666
0.9353355466666667
1.00086625
0.6985674453333333
0.851745108
1.0033798146666666
0.930180146
0.9742137153333333
1.0001553913333334
1.00282926
1.0060356266666666
1.0015430866666668
1.0000389533333334
1.0041539546666667
1.0088950920000002
0.8317213173333333
0.8646395553333334
1.009808334
1.077296904
0.9992478933333333
0.871729426
1.009748982
1.0070735546666667
1.008018986
0.9977158746666668
0.8405435286666667
0.8180188926666666
1.0023611786666666
0.999526948
1.000376698
1.0074987793333332
1.001204554
0.9996432666666666
1.0092862793333333
1.0022208393333334
0.998829604
0.827283676
0.9848922333333333
0.9702303713333335
0.9891565726666666
1.0031688926666666
1.007510596
0.9724931326666667
0.9762842486666666
1.0017766906666667
1.0008429273333332
0.9991316666666666
1.0026770853333333
1.0349817573333333
0.8822133133333333
0.9981912253333334
0.8916732853333333
1.010140832
1.0340224373333333
1.012021182
0.9948502026666667
1.0067784706666667
0.9965468160000001
0.9982608273333333
0.9417032559999999
0.63329386
1.0037784646666668
1.001087872
1.0056705019999999
1.0041070033333335
1.0026419746666666
1.0017299613333333
1.0004349526666667
1.0289564926666668
1.0100339333333332
0.9189552919999999
0.9008468013333333
0.9009034893333334
0.9362428573333333
0.9083821993333333
1.0075815033333333
1.0048352466666668
1.005188002
0.9980868413333333
1.0364553433333334
0.7462370420000001
0.5935636613333334
0.9987250860000001
1.0029580586666667
1.03400999
0.6334526446666666
1.0069082866666665
0.9936418686666666
1.0035556506666667
0.98922492
0.813125074
1.0122597006666667
1.0077588153333332
0.9848583573333334
1.00275902
0.9297673499999999
0.9992827666666667
0.996789662
0.9314005366666667
1.033064894
0.8041955726666666
0.8490426793333333
1.0167046906666666
0.9310774773333332
1.0352436986666667
1.0023143946666668
0.6954736859999999
0.9952075113333334
1.0021857606666666
1.0042948360000001
1.0072979340000001
1.0057411506666667
1.0071798273333334
1.0065543226666667
1.0061063259999998
1.005823586
1.0017299613333333
0.9932856833333333
0.6559555406666666
1.0055998633333334
1.005847142
0.8357674806666667
1.0002485606666667
1.0317991873333334
0.9997828853333334
1.006625096
0.9663881773333333
0.6008165706666667
0.9689608233333333
0.9994455413333333
1.013932482
0.9414349146666666
0.96952952
0.615421814
0.5888800633333333
0.9968706373333333
0.32707486933333335
1.004600214
0.9399720513333333
0.9538860426666667
1.035867904
1.0025834626666665
1.0050115933333332
0.8693121946666666
0.9049085173333333
1.0034149766666667
1.0289934706666666
1.005611636
1.016632494
0.9996781680000001
0.8726149793333334
0.9702303713333335
0.9999807446666668
1.0028175526666667
1.0019402786666667
1.0114730166666666
0.935926628
1.0353934393333335
0.6031876213333334
1.005317408
0.9679781153333333
0.62330365
1.0310561013333333
1.005023352
1.0033329353333333
0.895820646
1.0018351093333333
1.0007846246666667
0.8853685893333333
1.0061063259999998
1.0035087553333333
1.0049410473333333
1.0559620626666666
1.005658728
0.9526483153333334
1.0024196646666665
0.9404557346666668
1.0399436553333334
1.001157878
1.0366679853333334
1.0170537886666666
1.0030283266666666
1.0004349526666667
1.0004932146666667
1.0044592473333334
0.9990851833333333
0.9958420773333334
0.8421339379999999
1.003145462
1.0048352466666668
1.001683236
1.0012512346666667
1.0026419746666666
1.0069082866666665
0.603145268
0.4358757713333334
0.10352998466666666
1.0030049033333333
0.08941701133333334
1.0005165213333334
0.5597178966666667
0.995818988
1.0005398286666667
1.005411542
1.0091321386666667
0.6283555533333334
0.5496573153333333
0.998318836
0.9017735986666666
0.8856333093333333
1.0396164153333334
1.0015314093333334
1.0283898326666667
0.67393179
1.0757454
0.92918402
0.998829604
0.5932766933333333
0.93529481
0.9927576213333333
1.010485436
0.9942399146666666
0.9882802860000001
0.7227056313333332
0.9997363413333334
1.00904916
0.9469040293333334
1.0320347206666667
1.0158149753333334
1.009250704
0.796477908
1.0055527766666668
0.9246132626666668
1.0009012366666665
0.901073596
0.989760634
1.0016131566666666
0.6769164679999999
1.0079007100000001
1.0132148986666667
0.992470866
1.0040835293333332
1.0042830946666665
1.0320223213333333
0.9690045453333334
1.0012745766666666
1.003708092
1.014794924
0.8396643853333333
0.9082573373333332
1.0005514833333333
1.004060056
1.0014496753333333
0.8800891973333334
0.9952766973333333
1.0064245986666667
1.0005165213333334
0.9070872240000001
0.8750149833333333
1.00404832
0.9118729726666667
1.0058118086666668
0.8715879046666667
1.00256006
1.0035673753333334
0.6128357313333334
0.6340136986666667
1.0323572046666667
0.987939296
0.7748662326666665
1.0021156106666667
1.0086581566666668
0.9992246459999999
1.0262274913333334
0.9714373300000001
1.005835364
0.5773620333333334
1.0049998353333334
1.0074396986666667
0.6229284820000001
0.8403626200000001
1.0062713313333334
0.9997479766666667
0.9726252693333333
0.97802942
1.0067784706666667
1.0097964626666667
1.0057411506666667
0.8126404479999999
1.0035439266666668
0.8082286193333332
1.2465620733333334
0.9974494119999999
1.0007263293333333
0.9977506406666666
0.6027558986666667
0.9694857499999999
1.0029229286666668
1.0003883486666667
1.0033329353333333
1.0085752553333334
0.9361000173333334
0.5934980440000001
1.0085278893333334
0.46007812266666664
0.9865097033333333
1.0075933226666667
0.9707786166666666
1.0027356086666668
1.009760852
0.7630681606666667
1.0025249573333335
0.9999574626666666
1.0038019246666665
0.7711031253333334
0.485548442
0.5034895546666667
1.0010645386666668
0.8543203273333334
1.000365048
0.3088349246666667
0.8903608726666666
1.0319851260000001
1.0021740686666667
0.6643414226666666
0.5194341566666667
0.9024272846666667
1.0081727866666668
0.766766754
0.9675746913333334
0.9985741546666667
1.0032274726666666
1.0119734919999999
1.0381087413333332
1.0111158366666666
1.0255903566666666
1.0041304786666667
1.0072506879999998
1.0053056426666667
1.0015430866666668
0.9993525206666667
1.0044827393333333
1.0072979340000001
1.0107945906666667
0.8170773893333333
1.03957867
0.8225385506666667
1.006059192
1.0033563746666667
1.0014380006666668
0.9611008093333333
0.6671534766666667
0.9357533026666667
1.0313160593333333
1.0362677900000001
1.008125458
1.0031337473333333
0.971052972
1.003696364
0.9951729220000001
1.0369933713333332
0.8748634826666667
0.9963040886666666
0.9981680273333333
1.0068728786666667
0.865031378
0.6345944986666666
0.999271142
0.97065795
0.7954453313333334
0.959940838
0.9998643473333333
1.0039544406666667
1.0075815033333333
0.9658448780000001
0.6340885806666667
0.969496692
1.0047647253333334
0.8720303126666666
1.0385731413333332
1.0006913553333334
1.0131790466666666
0.5265537493333333
1.0075578666666667
1.0145911593333334
1.0004699093333334
0.9008751446666666
1.0000389533333334
1.0078061093333335
0.9289729946666666
0.6850792426666666
1.0045414733333333
1.0339353146666668
0.900365242
1.012092726
0.9300190113333333
0.8178164033333334
0.5194530033333333
1.0045297260000001
1.0101289533333333
0.8757197053333333
0.9747775346666667
0.9979708846666667
0.9356717600000001
1.0055763193333334
0.8998182113333334
1.0373565433333334
0.9986670300000001
0.8361335673333333
1.0036611819999999
1.0072743106666666
0.8164250566666666
0.5150829053333333
1.0099033106666668
1.0039661746666668
1.00746333
0.9693982226666666
1.0364303320000001
0.7479003426666666
1.0018701633333333
0.9933086553333332
0.7917136346666667
1.0030400393333332
0.634144754
1.0052703473333333
1.001566442
0.8647440066666666
1.007404254
0.9991084246666666
1.001216224
0.5377750459999999
0.9095749206666666
1.0116040453333333
0.7338124013333333
0.8752200386666666
0.998110036
1.0055763193333334
0.9683709593333333
0.8554518886666667
0.8362963753333333
1.005411542
1.0048117386666666
0.8086242546666668
0.9986786406666667
0.9975189099999999
0.9329989346666666
0.6032850553333333
1.00505863
1.0064717673333332
0.7993462426666667
1.0110325313333333
0.8309087433333334
0.6035351406666667
1.0011928846666667
1.0028878006666666
0.8911090286666666
1.0043652913333334
0.993814308
1.0050351113333333
0.9969747666666667
1.0025834626666665
1.005906036
0.9998643473333333
0.9467370486666667
1.0038957753333333
1.0069436966666667
0.997739052
0.9969400546666667
0.995992184
0.968272718
0.999817796
1.0111396406666666
0.9761178386666667
1.002162376
1.0075460486666665
0.998794762
1.0041774326666666
1.0318611593333333
0.8087003826666668
0.695513104
0.6559655593333333
1.0004932146666667
1.0026185693333334
1.0107826966666666
0.9992827666666667
0.625741906
1.0024079673333335
0.9069722933333334
1.00063307
1.0018701633333333
0.8176295786666666
0.7190395926666667
0.9723060006666666
0.9920696873333333
1.031043726
1.002010404
0.5883557140000001
0.988894662
0.9639589493333333
1.0000156686666666
1.0022793093333333
1.0146870386666667
0.4806606526666667
0.21135505933333332
0.9714702893333333
1.0373565433333334
1.0030400393333332
1.001356282
1.011425378
1.0004466046666667
1.0063184853333333
0.854864464
1.0152866926666668
0.9980520513333333
1.00190522
1.03581794
0.968229062
1.0000040273333335
0.8282808066666667
0.6675423213333334
0.9946889219999999
1.018114588
1.0014496753333333
0.9812806546666667
1.0066604860000001
1.0037784646666668
0.9996200006666667
0.9942053926666667
0.9720309366666667
1.036743056
1.0084331706666667
0.7594453613333333
0.9972293986666667
1.035730514
1.0007962846666667
0.8128326906666666
1.0053880066666667
1.0030400393333332
0.9294554793333334
0.8050246093333333
0.995634312
1.0014496753333333
1.01140156
0.9758184433333332
1.030141102
0.8263207373333333
1.002876092
1.0014263253333333
1.0365804159999998
1.0064599746666667
0.8994319180000001
1.0035556506666667
0.6329905226666667
1.005835364
1.005752926
1.0011695466666666
1.0000971686666666
1.0029580586666667
0.9704715233333333
0.9750209526666666
1.0052468186666668
1.039704498
1.000365048
0.8404695113333334
0.9966740066666666
1.0014730266666667
0.9993641473333333
1.0009595526666666
0.9091802066666668
1.0080308153333333
1.011163446
1.0020220926666665
1.001052872
1.0012745766666666
0.9125607766666667
0.868969226
0.91873906
0.997797
1.000178682
1.00904916
1.0033563746666667
1.0098795653333332
1.0383471653333334
0.998864448
1.0015314093333334
0.921795378
1.0073333713333332
1.0071916366666667
1.0057058246666668
0.999794522
0.9676836913333333
0.9179340013333334
0.826328686
1.0036025506666666
0.8404777346666666
1.0048117386666666
1.0029697693333333
1.008421332
1.0247461486666667
1.0025951646666666
0.822034776
0.699192918
1.00614168
0.8181825153333333
0.9728015073333333
1.005317408
0.9957612693333334
1.0023026993333333
0.9901142953333333
0.623181558
1.0103784646666667
1.0090728666666666
0.99780859
1.0021156106666667
0.6228923446666667
1.0005631373333335
1.0110206313333334
1.033736232
1.0038957753333333
1.0326178193333333
1.039025388
0.998829604
0.991485692
0.8081753906666667
1.0006913553333334
0.8509182453333333
0.816541468
1.0034032560000001
1.034159374
1.0035204786666667
0.7926560726666667
0.9781296506666666
0.9413214313333333
1.0332885760000001
0.712272456
0.99862059
1.000190328
1.0042126506666667
0.73270451
0.9887466866666667
0.999061944
0.9706140780000001
1.0094048806666667
1.0328909853333332
1.0083976559999999
0.8655107553333334
0.5282992566666667
1.0373690706666667
1.0095947006666668
1.0063892253333333
0.8647091866666666
0.603276582
0.9697484273333333
1.0035673753333334
0.9585268913333332
0.9974030853333333
0.8135332226666666
1.0043418053333333
1.0335123553333332
1.029153738
1.0020220926666665
1.0005864473333332
0.9995851039999999
1.01140156
0.9989225266666667
1.001227894
0.8215080473333334
0.9762842486666666
0.8409549746666667
0.967879954
1.00289951
0.9970673453333334
1.001239564
1.0001321013333333
0.9826389139999999
0.8082666446666668
0.6739423646666667
1.000365048
1.0022676146666667
0.8545753046666666
1.000190328
0.48844189800000004
1.0015897986666666
1.0051174313333333
1.0070263293333335
1.0356306173333334
1.0028878006666666
0.9683054626666667
0.9999691033333333
0.9728015073333333
1.031377974
0.9979476966666666
1.0235251226666666
1.0009712166666667
1.037344016
0.8852134826666667
1.0380209286666666
1.092658474
0.995230572
0.9460176199999999
1.0285129659999999
1.037506896
0.974158474
1.0059531560000001
0.9955304620000001
1.002010404
1.0171742226666667
1.0133941993333333
0.9708883406666667
0.7802930973333334
0.6928987093333333
1.0330152
0.73346152
1.0343586193333334
0.9124250713333333
1.0338855366666666
1.0261416766666667
0.4794212626666667
0.6442032213333334
1.001624836
0.9891907453333333
1.0170537886666666
1.0027121986666665
1.0495112333333334
0.9995851039999999
1.0320223213333333
0.9602520366666666
0.7830886739999999
0.8597844606666666
1.002478158
1.008812152
0.94165164
0.9410945473333333
1.0036729093333334
0.929264436
1.0024430613333335
0.9954266333333334
1.0054350786666668
0.99814483
1.0031688926666666
0.9947925966666666
1.0042830946666665
0.9376020119999999
1.0008429273333332
0.49840929
1.0383597166666667
0.9468100953333333
0.9978665466666666
1.0083029620000001
0.7789628193333333
1.0035439266666668
1.0305983986666667
1.0250396286666668
0.9351318986666667
1.0025483586666666
0.9346231660000001
1.0024313626666668
1.0037667353333333
0.835637394
1.0053056426666667
1.0016014773333333
1.0107351233333335
1.0099151846666667
1.001987028
0.6227297806666666
1.0118662053333334
1.005835364
1.005517464
0.9337595893333334
1.0067430726666666
1.0070735546666667
1.037268858
0.9927920426666667
0.9698141186666667
1.0146390966666665
1.034159374
1.001204554
1.0076642413333334
0.9345621553333334
0.9981680273333333
1.0024196646666665
0.8000311626666666
0.6703815966666666
0.9179732399999999
1.0089069413333334
1.0040717926666667
1.0044944853333333
0.850463312
0.6103797026666667
0.9986554193333333
1.0042243906666666
1.0056469546666666
0.6031495033333333
1.0016481953333334
0.9657688646666667
1.0030868913333333
1.0298076546666666
1.0093692973333332
0.9967433966666668
0.4806230013333333
0.9957612693333334
0.6032426886666666
1.0126654400000001
0.9991316666666666
0.9989922306666668
1.0348820046666667
0.9997014366666668
1.011806612
0.9482629313333334
0.995703558
1.0118423673333334
0.9333233293333333
0.9688515346666666
0.9940098119999999
1.0071562093333333
0.5340703806666667
1.0011462093333332
0.995980636
1.0092744206666666
1.0090254539999999
0.942271406
1.004060056
0.998411664
0.9996200006666667
0.9475411826666666
0.9737498826666666
0.6336909713333334
0.87558581
0.7914364439999999
0.8135332226666666
0.8775895826666666
0.9801050386666668
1.00256006
1.0165482766666667
1.031377974
0.9985741546666667
1.0002951526666668
0.9970441986666666
0.9818975793333334
0.7590225933333333
0.45868026133333334
1.0023026993333333
0.9378476933333333
1.0109016499999999
0.692044616
0.9694638666666666
0.5957578520000001
0.5400131133333333
0.75598319
0.7752508613333333
1.0024079673333335
0.6132732613333334
1.004658962
0.812840382
0.6128269866666667
0.9236190866666667
1.0000855253333334
1.01121106
1.0106994459999998
0.5723265413333334
0.91775747
1.0044357566666666
1.0050115933333332
0.94050722
0.9900914706666667
1.0033446546666667
1.007676062
1.0274181100000002
1.0051997653333333
1.0350191693333333
0.9998759853333332
0.9994687986666666
1.004894022
0.9992943919999999
0.999724706
1.0000622386666667
1.0352936073333334
1.002162376
0.9739486140000001
0.8184865593333334
1.008066304
1.001624836
1.0022793093333333
0.9961654406666667
1.0048470013333335
1.0071325919999998
1.0346327073333335
0.9714373300000001
1.001683236
0.8086242546666668
1.0043418053333333
0.9988528326666666
1.0090610133333333
1.0038723113333334
0.9722399713333333
1.00275902
0.9684583006666667
1.0088358473333332
0.9772839026666668
0.83539359
0.9930789833333333
1.0240864333333335
1.002665382
1.0224408539999998
0.8712696486666667
1.0014380006666668
1.0337113519999999
0.9993176426666667
0.603225744
0.4747708806666667
1.00517624
1.0083976559999999
0.84942049
0.9985857633333334
0.9994455413333333
0.9238078153333332
0.8740622933333334
0.9293046486666667
0.9983420413333334
1.0056469546666666
0.9997363413333334
1.0403592953333334
1.000621414
1.002010404
1.0281928793333333
0.9883371406666667
0.8981435360000001
1.001157878
1.0038488479999998
0.9954266333333334
1.003051752
1.0032157560000001
0.9793563553333333
1.01043789
1.0385354713333332
0.778200666
0.9254400553333333
1.0009712166666667
1.0036025506666666
0.9990735633333334
1.000609758
0.90573863
1.0314398953333332
0.9993874013333334
0.962597868
1.0159351159999999
0.9966393146666666
0.9962232059999999
0.9992362693333333
1.0018234246666666
1.0308704973333334
0.9119697840000001
0.9960037326666668
1.003708092
1.0039896433333333
1.03305247
0.9613804806666667
1.008504208
1.0079361900000001
1.0030400393333332
1.0306107633333332
0.9984000593333333
1.0372813833333332
1.0055527766666668
1.00205716
1.0055763193333334
0.62371097
0.9997014366666668
0.7826605733333334
0.9971252153333333
0.9597906759999999
1.0008196053333334
1.002291004
1.002010404
1.0148189013333333
0.9473530813333333
0.6034630606666667
0.9752202026666668
1.001858478
0.7512230066666666
1.033313436
0.9925511406666666
0.8314315046666667
1.001893534
1.005564548
0.9479908393333334
0.997171516
1.0039192406666666
1.0261784526666666
0.7955337333333333
0.9970904926666667
0.9674439226666667
0.9949539113333333
1.0104260046666667
1.0014029766666666
1.0113182073333333
1.001111206
1.0015781206666667
1.0049175346666666
1.037406656
1.0102477526666667
1.0024079673333335
0.8222236186666667
1.0365929253333335
0.8992436026666666
1.0053056426666667
1.0619016206666667
1.0079953286666667
0.9701974959999999
0.8546518280000001
0.8244886106666666
0.9984812959999999
0.6029166646666667
1.0096303
1.0085160486666667
0.9979940740000001
0.9998643473333333
0.818564556
0.998365248
1.005800032
1.031328442
1.0035790999999998
0.61251236
1.0002951526666668
1.000889574
0.9181989260000001
1.01084217
1.000737988
1.0051174313333333
0.5633926193333333
1.0115563946666666
1.0044475019999999
1.0018000573333334
1.00371982
0.9938028106666668
0.9943895386666667
0.8046249513333333
0.722055612
0.928631538
1.0085752553333334
0.8746140666666666
0.7189132186666667
1.0084450093333333
1.0115921326666666
0.5157787833333334
1.0014146506666666
1.000574792
1.0056705019999999
0.6890911460000001
0.9066946653333333
0.977584198
0.9994455413333333
0.998841218
1.002700494
0.9758295286666666
1.0085634133333332
1.0186699780000001
0.9691685386666666
1.0033329353333333
1.036743056
0.869866794
0.971360434
0.9952997613333333
1.0137529906666667
0.9977042859999999
0.747861274
1.0049175346666666
0.9998876246666667
1.0332388606666667
0.9351522593333335
0.848749058
0.9322901073333334
1.002478158
0.9961769926666666
0.835279864
0.6128969479999999
0.7441231660000001
1.0120569526666667
0.831375176
0.827180112
0.8227355053333334
1.003321216
0.971481276
0.9993292686666667
1.009748982
0.9674766113333333
1.0028058453333333
0.7832243366666667
0.9946428513333334
0.5477366373333333
1.0041304786666667
0.9953458933333333
1.0094523286666666
0.8699372700000001
0.9953574266666666
1.0059884986666665
1.009298138
1.019734154
0.9982144253333333
1.14296249
0.9996781680000001
0.867328486
1.037732506
1.014746972
0.9971599406666666
0.997021054
0.9979245093333334
1.0033329353333333
1.0075696846666666
0.9972641306666666
1.0027239033333333
1.0016481953333334
1.006059192
0.997797
0.9929297539999999
0.9011586733333333
0.9991084246666666
0.9983072333333333
0.6559505313333334
1.0038723113333334
0.9918291353333334
0.9012815913333334
1.0032274726666666
1.0063302746666667
0.9345723226666667
1.0212131713333332
1.0073924393333333
1.006294908
1.0122716293333334
1.000609758
0.9996083686666666
0.5932807913333333
1.0000389533333334
0.9955073873333334
0.9724490953333333
0.8903701013333333
0.9737167686666667
1.0066840806666668
1.0010178753333332
0.9347859000000001
1.0380711053333334
1.0332761466666667
0.8492357406666666
1.0000389533333334
1.0033329353333333
0.9994106566666666
1.0143395633333332
1.0035790999999998
0.9971599406666666
1.0016715553333333
0.6032299799999999
1.0036494553333333
0.9995036873333334
1.01043789
0.9997712486666666
0.613365222
1.0021740686666667
0.9984464786666667
1.0010062100000001
0.9974146666666667
1.0042478713333334
0.999375774
1.0104141193333334
0.76684205
0.6227342953333334
0.9857398946666667
1.0085160486666667
0.9986786406666667
0.8594919646666667
0.999724706
1.0073924393333333
0.9693763433333333
1.0052350553333333
1.0356805633333332
1.1424760386666666
0.9701646233333333
1.010485436
0.9712286406666667
0.9672151640000001
0.5416509820000001
1.0102477526666667
0.9625115793333333
1.035256176
1.0047529726666666
1.0036377286666667
1.0105567626666665
0.4978286966666667
0.999492058
1.0292277246666666
1.0049763193333334
0.9965930633333334
1.0022676146666667
0.972592232
1.0035204786666667
1.0034501413333334
1.0040835293333332
0.9978549546666666
1.0017766906666667
1.0017416433333333
1.01196157
0.941383328
1.03583043
1.0007496466666665
1.0044122673333333
1.0044827393333333
0.8088526813333333
1.0028526753333333
1.005188002
1.0030400393333332
0.9998527086666666
1.0010295406666667
0.8454826466666667
0.6503880093333333
0.9718439826666666
0.5500761780000001
0.9986322
1.0010995386666668
0.9946083013333333
0.9192306433333333
0.968294548
1.0071798273333334
0.996130784
1.00245476
0.9181106006666667
1.0033915353333334
1.0010412066666665
1.0094048806666667
0.8795034806666666
1.0067194746666668
1.030079336
1.0066132993333334
0.999515318
0.9348672880000001
1.0373941273333334
0.875086296
0.9996665339999999
0.9305126626666667
0.5581322626666667
0.7553715853333333
1.0045532206666667
0.9074992966666667
0.8195016733333333
1.034657632
0.9104232699999999
1.0038371166666666
0.8855328793333334
0.9832800586666667
0.9663120786666667
0.9829875026666667
0.9664207946666667
1.0075815033333333
1.0130954006666666
0.9836291026666666
1.003461864
0.998794762
0.9980752446666667
0.9995851039999999
0.9747443506666666
0.9360082153333333
1.0348820046666667
1.0332388606666667
1.0369808526666666
0.7742446406666667
1.001052872
1.012796778
1.0110206313333334
0.97121766
1.002291004
0.993389066
1.0039192406666666
0.8968307486666666
0.9336580973333333
1.001987028
0.998063648
1.0058589199999999
1.0053644726666666
1.0041187406666667
1.0065425286666667
0.8903793306666666
0.7835315366666668
1.0019519653333333
0.7953790433333333
0.9989573773333333
0.994331986
1.0055880913333333
0.59352675
0.9728455773333333
0.5956504420000001
0.6152410913333333
0.995023062
0.5933955466666666
1.033040046
1.002665382
1.0009945453333333
0.9417032559999999
1.0007962846666667
0.972647296
0.822034776
1.0050821493333333
1.0130237153333335
1.0136333653333334
1.0126893166666666
0.9605204733333333
1.033077318
0.799658778
1.0024430613333335
0.99814483
0.9632347206666667
0.9943204760000001
0.990982406
1.0404601066666668
0.6231544326666666
0.8052510066666667
0.733154774
0.5283739973333333
0.9393758506666666
1.00171828
1.0007146706666668
1.0042361306666667
0.7370234486666667
0.9970673453333334
1.0016131566666666
1.0022793093333333
1.0007263293333333
0.9233212506666667
0.9928608933333333
1.0093692973333332
0.9965468160000001
0.9774062233333334
0.825875838
1.0387740913333334
0.7957621953333334
0.86991084
1.0071444006666668
0.996257868
1.0018234246666666
1.0019402786666667
1.0329903546666666
1.0023026993333333
0.8365488533333334
1.0110206313333334
1.0062359686666666
0.999166532
0.8139494939999999
1.0040365839999998
0.8903147313333334
0.9982028253333333
1.00431832
1.036405322
1.0088003046666667
1.0050115933333332
1.0005165213333334
0.9686330320000001
0.9975536626666667
1.0009362253333334
1.0020220926666665
0.9964774533333333
0.8687934493333334
1.000609758
0.9947925966666666
1.008054474
1.0042478713333334
0.751637128
0.6282498533333333
0.8244094813333332
0.6104447673333333
0.843606084
1.0031806079999999
1.0064010159999999
1.0091914180000001
1.006601504
1.0055292346666667
1.010449776
1.0322579573333335
0.66826418
0.9694857499999999
1.0009712166666667
1.001987028
0.6958116993333333
0.7631766326666666
0.732279768
1.0011695466666666
0.9989573773333333
0.6958116993333333
1.0097845926666666
0.9984000593333333
0.9231227999999999
0.8699284599999999
1.0018234246666666
0.623217728
1.0006563833333333
1.0089424926666668
0.9333943206666666
1.0097964626666667
0.929284542
0.9957150993333334
0.7872584673333334
0.9404248466666666
0.9998876246666667
1.001087872
1.0035439266666668
1.0263868986666667
0.8898628000000001
0.6446818666666666
0.977628702
1.0113182073333333
0.9984696900000001
1.0065189399999999
0.921133098
1.0036142766666667
0.918405084
0.9987599226666666
1.003532202
1.0064010159999999
1.0336615953333332
1.0011345413333332
0.7263969586666668
1.0044827393333333
1.0349568173333334
0.999166532
0.8635356566666667
1.0110087319999999
0.9539707913333333
0.8445101106666666
1.0013446086666666
1.001683236
0.7756148613333333
0.923946928
0.6682069973333333
1.0022208393333334
1.00031845
0.6476419766666667
0.9993641473333333
1.0374191846666665
1.0026068666666668
1.0036729093333334
0.995969088
1.0045179786666667
0.8906008846666666
0.7795637126666667
0.9735622666666667
0.9989806126666667
0.5775600153333333
0.5905927006666667
1.0365053686666668
1.0067784706666667
0.9691904086666667
1.0042830946666665
1.0041070033333335
1.01016459
0.8623306786666667
0.7749990606666667
0.9898176593333333
0.9717340426666666
1.00289951
0.9923218186666667
1.0066958786666667
0.9674112366666666
1.0093930193333334
0.7663768206666667
1.0090136013333335
1.0002485606666667
1.006059192
0.9017357326666667
1.0061534646666668
0.8492693253333333
0.6281901253333333
1.0092862793333333
0.5840473353333333
1.0384852500000001
1.0065543226666667
1.0134181106666666
1.0084450093333333
1.0065189399999999
0.8550176273333333
0.9984232686666666
0.6075863706666667
1.0029112193333334
1.003145462
1.0106043193333334
0.9650852846666667
1.0023026993333333
0.9997596126666667
0.964175348
0.9984000593333333
0.9946198173333334
0.6130762953333334
1.0008079453333334
1.001227894
0.859552168
1.005282112
1.0043652913333334
1.006530734
0.9962000986666667
0.9600373953333333
0.9014896826666666
1.0011928846666667
0.8180422633333333
0.9996781680000001
0.9967087
0.9277288926666667
0.5932152366666666
0.9001010753333333
0.9742468633333333
1.038686166
1.0086818446666665
1.0024313626666668
1.0073688113333332
1.0058942566666667
1.0066132993333334
1.0032860606666667
0.9998992633333333
1.006589708
1.0049763193333334
0.9990038486666667
0.9065798346666667
1.0106043193333334
1.0052350553333333
0.7966551906666667
1.0302028746666667
1.009250704
1.001286248
0.9410842373333334
1.0016715553333333
0.6368953226666667
1.0016481953333334
0.7133075293333333
0.9465596966666667
0.822034776
1.0053762400000001
0.656742912
1.0046824633333333
0.9963503133333333
0.998736698
1.005564548
1.0023962693333333
1.000737988
0.9013194193333334
0.7516634373333333
0.9983072333333333
0.8715525313333332
0.33378023933333334
1.0020688493333334
1.0081727866666668
0.8440785906666667
0.644846414
0.889908894
0.89586736
1.0044592473333334
0.9399000559999999
0.8453661566666666
0.875755418
1.0014847026666667
1.016921344
1.0358928873333333
1.0030986046666668
1.0038723113333334
1.0061888220000001
1.007168018
0.8258520180000001
1.0110087319999999
0.7998002433333333
1.0052468186666668
0.8402146613333332
0.8305231266666666
1.0020805393333334
1.0063538539999999
1.000761306
0.9993525206666667
0.8452330646666666
0.9714373300000001
1.0048352466666668
1.008160954
0.08208854933333333
1.0030400393333332
1.00600028
0.9986554193333333
0.8654148373333334
0.6893068033333334
0.997032626
1.0009012366666665
1.0016481953333334
1.0092269886666667
1.0049998353333334
0.9994339126666667
0.5711164839999999
1.031291296
0.971701066
1.0079716726666668
1.007215256
0.4449659713333333
1.000365048
0.9977506406666666
0.998829604
1.0107826966666666
1.0101764693333333
1.005682276
0.479167202
1.0098202053333334
1.0110563313333334
0.9695404626666667
0.5839758653333333
0.9990968039999999
0.9506662006666667
0.9074609486666667
1.008018986
1.0010178753333332
0.6031410333333334
0.9914513613333333
0.998597372
1.0040717926666667
0.6237019126666666
1.0069082866666665
0.9708115313333333
1.0269636306666667
0.9755413886666667
1.010532986
1.0022208393333334
1.0003300986666666
1.000831266
0.7481804526666667
1.0009128993333334
0.9772616660000001
0.9686221093333334
1.0031337473333333
1.001519732
0.8457906666666666
1.0044122673333333
1.0037667353333333
0.9996083686666666
0.9959459926666667
0.941280172
1.0021974533333333
1.00534094
0.99636187
0.8176295786666666
1.008978046
0.7847555813333333
1.0088713933333333
0.992012402
1.0060709753333335
1.0163558326666666
1.0069318926666666
1.005517464
0.9911310506666667
1.0070027186666666
1.008125458
0.9613374433333334
0.997565248
0.5840433646666667
1.0075224133333334
0.99349247
1.0000040273333335
0.9667906126666667
1.0105805399999999
1.0276762366666667
0.992619958
0.9957497266666666
0.9835953133333334
0.8125097746666667
0.9692122793333333
1.0002602086666668
0.6230504746666666
1.0711710133333332
0.929797542
1.010259634
0.9978433633333335
1.0044240119999999
1.0381087413333332
1.005317408
1.030722062
0.6128313586666666
1.0075578666666667
0.9703728553333334
1.003145462
0.6126521546666667
1.0373064353333332
0.9922988926666667
1.0004582566666667
0.990982406
0.9943665166666666
1.0036494553333333
0.584333392
1.0069082866666665
1.000737988
1.0034501413333334
1.0038957753333333
1.00343842
1.0153106933333333
0.8798908673333333
1.0285991773333334
1.004658962
0.8260187893333334
0.9988179893333333
1.005493924
1.0066958786666667
0.9754084586666666
1.0015430866666668
0.935457778
0.971701066
1.0001670366666666
1.0364678486666667
0.9977506406666666
0.8490594633333334
0.9982028253333333
0.974191618
1.0374693033333333
1.0161514413333332
1.0030634646666667
0.9133370113333333
1.000924562
0.994331986
0.9957150993333334
1.001239564
0.9239171146666666
1.014112036
1.001788374
0.99743783
1.003461864
0.6438893453333333
0.996916914
0.954797878
1.0135855233333333
1.000341748
0.7479003426666666
1.0291290786666667
1.0003068006666667
1.0114611066666666
0.8799629766666667
1.0035556506666667
0.7672804293333334
0.9773283793333334
1.00509391
1.0003999993333335
1.00871738
0.9471337233333333
0.9987599226666666
0.581812274
0.835637394
1.002864384
0.633901408
0.5728456166666667
0.9695076346666667
1.0069673046666667
1.0054350786666668
0.8495717086666666
0.6498910226666667
0.9540237666666667
0.9964196586666667
0.563884504
1.032717136
0.9293046486666667
0.7088048086666666
1.027959096
1.0343088006666667
1.0019519653333333
1.0354558440000001
0.929535942
0.84441049
0.9005351453333332
1.0069555006666666
0.9975073266666666
1.0050468706666666
0.995265166
0.8594919646666667
0.901906154
1.010402234
1.0004233013333335
1.0016365153333333
0.8542268733333334
0.9979824793333334
0.9993176426666667
0.872508618
1.0281682653333335
0.8497734173333333
0.999166532
1.0107708026666666
0.6445125673333334
0.9965468160000001
1.0011695466666666
1.0047529726666666
1.0009362253333334
1.001858478
0.8276104699999999
0.8222236186666667
1.0003533980000001
0.99713679
0.9967318306666666
1.0021156106666667
0.9865890166666667
1.0007846246666667
0.989726422
0.8226803486666666
0.9915085813333333
0.7925829353333333
1.0023728753333334
0.7122015893333333
0.9991897766666666
0.9991432880000001
1.0023962693333333
1.03515637
1.0048352466666668
0.9352031653333334
1.001916906
0.9083245666666667
1.0321959373333334
1.002876092
1.0070263293333335
1.0030634646666667
0.8957178926666667
0.7677604813333334
0.9977042859999999
0.9350301073333334
0.8799179073333333
1.005023352
1.0127131953333333
0.77652636
1.009701506
0.7742795353333333
1.038949986
0.9702194126666667
1.0073924393333333
1.0023728753333334
1.0043887786666665
1.0034149766666667
0.6126652633333333
1.0030868913333333
1.002653678
0.9966971353333334
0.9975189099999999
1.0024079673333335
0.9982028253333333
1.0021857606666666
1.0047529726666666
1.0013913026666668
0.9985045093333333
0.9956804746666666
0.9993641473333333
0.848732286
0.8749258593333334
1.0067784706666667
1.0066958786666667
1.002770726
1.0083976559999999
1.0088003046666667
1.0066722833333333
0.8170152173333333
0.8171784386666666
1.0035556506666667
0.9918291353333334
0.9953804946666668
0.9670082846666666
1.0041187406666667
1.0065543226666667
0.9972525533333334
0.7147022266666666
0.7836387566666667
0.7083196939999999
0.3861338933333333
1.0311427393333334
1.005282112
1.0067076766666667
0.7333175053333333
0.804188044
1.036843168
1.0085397306666668
1.0079835006666666
1.0175236426666667
1.0014730266666667
0.9999807446666668
1.0039544406666667
1.0101051966666668
0.8364348119999999
0.9990503239999999
0.9985509386666666
1.0037667353333333
0.9101049533333333
1.0089898973333333
0.9992943919999999
1.0036494553333333
0.9778401513333334
1.0035439266666668
0.8666809186666666
0.9978433633333335
1.0007263293333333
0.8508845293333334
1.0026419746666666
1.0082911259999998
0.9979361026666667
0.9863397893333334
1.0058706986666666
1.0391887966666666
0.9739375713333334
1.015478732
1.0108064853333334
1.0383471653333334
0.8718444466666666
1.0083029620000001
0.9965352553333334
0.5839560153333333
0.9364367806666667
1.0070263293333335
1.0107232306666667
1.0052350553333333
1.0021156106666667
0.5926381633333333
0.775110952
0.7787227213333334
1.0057058246666668
0.9912568626666666
0.9536424746666666
1.031477052
1.0023611786666666
0.8657811839999999
1.0030634646666667
1.0073215586666666
0.9982376253333334
1.0029931920000001
1.0067430726666666
1.0063774346666667
1.0046824633333333
1.0095472386666666
0.961004038
1.0362177873333334
1.0016481953333334
1.0041656933333334
0.926528092
0.9985857633333334
0.7909044913333334
1.005411542
0.8222314893333333
1.0103428126666667
0.8509013873333333
0.726525978
0.8129249993333333
1.0125222006666665
0.9656060200000001
0.5747044226666667
1.0177768213333334
1.0059413753333333
1.002127302
0.906541564
0.42472914466666667
1.005505694
0.864500326
1.0024898573333334
0.7478547626666667
0.971481276
0.6560858026666666
1.0049410473333333
1.0072270666666667
1.033325866
1.0010178753333332
1.0350191693333333
0.9984000593333333
0.9242750026666666
1.0013095913333334
1.0038605793333333
0.9704715233333333
0.5823881886666666
1.0007729653333335
0.520778846
1.0353560000000002
1.0015430866666668
1.0120092593333334
1.0046707126666667
1.0331891500000001
1.0053762400000001
0.8002249393333333
1.0090610133333333
1.0029463486666668
0.9359878173333334
0.9717340426666666
0.9879506586666666
1.001087872
0.9347553826666667
0.8740445053333333
1.0076878833333334
1.0339353146666668
1.002665382
0.8902685946666667
1.0122597006666667
0.9999109026666667
1.0386736066666666
0.879377428
0.9722839900000001
0.8369727073333334
0.613019418
1.0021857606666666
0.9994455413333333
0.6128750833333334
1.0107826966666666
1.0068728786666667
1.0116993606666667
0.9174830006666667
0.9984580846666666
0.6341166659999999
0.8640394493333333
1.001566442
1.00171828
0.5476807613333333
0.9702194126666667
0.9714263439999999
0.9920582293333333
1.0049292906666667
0.8331572526666667
1.0094760546666666
1.0022325326666668
1.0093574366666667
1.0045649686666667
0.33076247666666664
1.0045884653333332
1.001216224
1.00371982
0.9980984386666667
0.7946138453333333
1.008480528
0.995253634
1.0119734919999999
1.0022208393333334
1.0117112766666667
1.0032743426666666
1.0066958786666667
0.99488477
1.013202948
1.00952351
1.0125580066666666
1.0074160686666667
1.0009478886666667
0.9965699393333333
0.9630835266666666
1.0065779126666667
0.9934235313333334
0.9613804806666667
0.6228833113333333
0.9275385586666667
0.9983304386666667
1.001204554
0.7705221106666666
0.795386408
1.0003533980000001
1.0031571773333334
1.00904916
0.8220190426666666
0.48544691333333334
1.0044827393333333
0.689041398
0.9978433633333335
1.00171828
1.0052468186666668
1.0402836993333333
0.9016600106666667
0.8944587486666666
0.9991897766666666
0.9701974959999999
0.9993874013333334
1.0047882313333334
1.0037784646666668
1.0065189399999999
0.9837192186666667
1.0049528046666667
1.0380585606666666
1.0053644726666666
1.002478158
1.00534094
1.0106043193333334
0.9289026746666667
0.8182916333333332
0.5621427413333333
0.9886897853333333
0.996928484
0.9296868473333334
0.993607388
0.4686680013333333
0.929033278
0.8409138119999999
1.0142916546666667
1.0125938146666666
1.0033446546666667
0.998318836
0.9661055853333333
1.0043418053333333
1.0044240119999999
1.0075578666666667
1.0085870973333333
1.0049292906666667
0.9286415773333333
1.002536658
1.0043418053333333
1.033537226
1.005906036
0.8040826546666667
0.9881665966666666
1.0059531560000001
0.9912683013333333
0.615615878
0.9984812959999999
0.8797376733333334
1.0009128993333334
0.9972525533333334
1.00289951
0.8852773433333333
0.8726770353333333
0.8643959339999999
1.003145462
0.4983370033333333
1.0034853086666666
0.935121718
1.0046824633333333
0.89558715
1.0094641913333333
1.0030283266666666
0.9118632926666668
0.5321612846666667
0.3256587946666667
0.972779474
1.005835364
0.9402910206666667
0.9743021146666667
0.795386408
0.7298346253333334
0.9987715353333333
0.873040684
1.00245476
0.7831886313333333
0.9896352019999999
0.9729667886666666
1.0195768060000001
0.92878215
0.9992013993333333
0.9984812959999999
0.6129100673333333
1.004353548
0.8406011066666667
0.7442521113333334
1.002770726
0.9406617086666667
1.005282112
1.003461864
0.46440111733333334
0.7519924533333333
0.8749080366666667
0.7826463113333333
0.9594369093333333
0.953155712
0.36473602466666666
0.9966161886666667
1.0058824773333335
0.9985045093333333
1.036918264
0.9017262666666667
1.001566442
1.0001204566666666
0.849160184
0.9997014366666668
0.9754749193333334
1.0088003046666667
0.9416309953333333
1.0083976559999999
1.0058589199999999
1.0094760546666666
0.6129581766666666
0.9349181633333332
0.9712725680000001
1.0064599746666667
1.0086700006666667
1.0037667353333333
0.65693377
0.78785778
0.9979013233333334
1.0029580586666667
1.002876092
0.7516897479999999
1.00320404
0.5775173013333333
0.9251211166666667
0.9571171046666667
0.9989225266666667
0.5189602946666666
0.8263048399999999
0.45168816933333333
1.0064010159999999
0.99945717
0.31872769866666667
0.83588134
0.9051659753333333
0.5265795726666667
1.005823586
0.267424258
0.503519068
0.575320286
1.0317372226666666
1.0009478886666667
1.002209146
0.633789158
1.0003300986666666
1.0000971686666666
0.7900897333333334
0.9425091993333333
0.9484932853333333
0.8998559166666668
0.998179626
0.9897036159999999
1.009891438
1.0008429273333332
1.0380460166666667
1.0021506846666666
1.0039427073333334
1.0312665333333333
0.566595952
0.9948502026666667
1.0007496466666665
1.0288455753333332
0.9988992946666667
1.004506232
0.6028447326666667
0.961004038
0.9797361413333333
1.0007146706666668
1.0009478886666667
1.0058824773333335
0.9743905293333334
0.6124730546666667
0.9965583773333333
1.0033563746666667
0.9945276933333332
1.0024430613333335
1.0007846246666667
1.0132985646666666
0.9983884553333334
0.6018394846666667
1.0042478713333334
1.010283398
0.842472572
1.0266445073333332
1.0130476093333334
0.813687348
0.5841029353333334
0.8401078353333334
1.0038136553333334
1.0089661939999999
0.62302788
0.971052972
1.0017416433333333
1.0037784646666668
0.9958767133333334
0.9988528326666666
1.0032743426666666
1.006177036
0.906723378
0.9670191706666666
1.0045297260000001
1.0071562093333333
1.0049175346666666
1.0357430026666665
0.8803778366666667
0.9988992946666667
0.8831384646666667
1.0087647633333332
0.5931701766666667
0.923281554
0.7939014773333334
0.7476790086666667
0.9986089806666667
1.006094542
1.0005981026666666
0.8595435673333333
1.0143874766666665
1.0029346386666667
0.7959022853333333
0.99179478
1.0052585833333332
1.030722062
0.9980288593333333
0.9997828853333334
1.0053997746666667
1.0013679553333332
1.0098676926666668
1.008101796
1.0106518806666667
1.002700494
1.0023728753333334
0.9957843559999999
1.03528113
1.0115683066666668
0.5416578126666667
1.008468688
0.9056335893333334
1.0055527766666668
1.0093099973333333
1.0403592953333334
0.9985161159999999
0.9190241146666667
1.00041165
1.0060474086666666
0.9992827666666667
1.012211988
0.9177770813333334
1.0041656933333334
0.9985857633333334
1.0029580586666667
1.006837474
1.0094641913333333
0.8553326353333334
0.5886863486666667
1.0052232913333334
1.0062006079999999
0.9996665339999999
0.8457823393333334
0.7334489946666666
1.013250754
0.6053299453333333
1.001356282
1.0040835293333332
0.6585908493333333
0.6030013120000001
1.0028058453333333
0.935559662
0.9984696900000001
1.0026068666666668
1.0069318926666666
1.0016598753333332
0.850236028
0.9981564286666667
1.0035439266666668
0.9720529360000001
0.9652588006666667
1.006247756
0.8744627046666666
1.006601504
1.004905778
1.0030283266666666
0.7118828653333333
1.000376698
1.0032274726666666
1.0067312733333333
0.9966393146666666
0.534103588
0.98882636
1.0000855253333334
1.0375444906666667
0.837233754
0.6226620706666667
1.00041165
1.0010178753333332
1.000504868
1.0034735860000001
0.8290082313333333
0.9949193393333333
1.004306578
0.9720859373333333
0.9910052713333333
1.0002602086666668
1.012772896
0.7252011066666667
1.017342878
1.00517624
1.0009595526666666
0.5752933140000001
1.005847142
1.0145432266666667
0.9976115893333334
0.840140702
1.007286122
1.0065425286666667
0.9967202653333334
0.9984348733333333
0.6559555406666666
0.935926628
1.00904916
1.034508104
1.0274918473333334
0.9671824926666667
1.0000273106666666
0.6557402206666666
1.00205716
1.0016715553333333
1.034832136
1.0062241813333332
0.355867702
1.005823586
1.005023352
1.0120569526666667
0.9726803366666666
0.906723378
1.0377199693333334
0.5210473553333334
0.6126215693333333
1.0370684893333333
0.8131019833333333
1.0021740686666667
0.9295761786666666
1.0033329353333333
0.8965031513333334
0.9925282040000001
1.0314522806666666
1.0014847026666667
0.8744092953333333
0.752038538
0.8135332226666666
1.0079125366666668
0.5211548366666666
1.031229392
0.8900472060000001
0.7438332026666667
0.8092184333333333
1.0055527766666668
0.998713474
1.0004932146666667
0.6680770739999999
0.885040192
0.8806756946666666
1.0049763193333334
0.7959317840000001
1.0049880773333333
0.6923402399999999
0.9989922306666668
1.010747016
1.0148189013333333
0.825399692
0.9965005733333334
1.0031571773333334
1.0034032560000001
1.0411663326666667
0.633681622
0.9998992633333333
1.0048352466666668
1.0009478886666667
1.0339104246666668
0.8752200386666666
1.001928592
0.8037440906666667
1.030796274
0.9657471493333334
1.0031806079999999
0.9061399193333334
0.9738823613333334
1.0022442266666667
0.996835932
0.9932856833333333
0.9356208026666667
0.969857918
0.7881903226666667
0.970625046
1.0116278726666665
0.584202248
1.0040248486666665
1.0324564706666666
0.46294446733333333
0.9726032440000001
0.9652588006666667
1.0348196693333334
1.0072979340000001
0.9998876246666667
1.0074987793333332
1.0100220573333332
1.005800032
1.0081846193333335
0.7584462413333334
1.0095709693333332
1.0080899653333333
1.000283504
1.0074396986666667
0.7295309046666666
0.7917282286666667
1.0049292906666667
0.7914437360000001
1.0039427073333334
0.5302166926666666
0.831149936
0.7920786546666666
0.5399180746666666
1.0300916886666667
1.0092862793333333
0.6438217813333333
0.9693763433333333
1.0041774326666666
1.0049528046666667
1.012904262
0.9990735633333334
0.9357227226666667
0.9991200453333332
1.0357430026666665
1.0091084293333332
0.8859530093333333
0.9727133806666667
1.000737988
1.0012512346666667
1.001624836
1.0100933186666665
0.818385186
0.6179408953333333
0.6175854733333334
0.7791111886666666
0.8405764293333333
0.7339566106666666
0.8219246573333333
0.8264320366666668
0.5772495153333334
0.8905454859999999
1.0007496466666665
0.918591688
1.0062006079999999
0.9968590686666666
1.0040835293333332
0.969857918
0.9993874013333334
0.9975768326666666
0.9302103646666666
1.011270584
0.5379602813333333
0.9723390186666667
1.002384572
0.8398614160000001
0.7590896680000001
1.0006563833333333
1.0089898973333333
0.7952980393333334
0.7631427319999999
0.9301600006666666
0.7749221546666666
0.9653672799999999
0.9783078893333333
0.630940144
0.971624128
0.553714206
0.994758036
1.0028526753333333
1.036680496
1.0038840433333334
1.034122024
1.0125699426666668
1.006294908
0.9735070993333333
1.0064953533333334
0.9236389493333332
1.0028878006666666
1.0029346386666667
0.9961076813333334
0.860051322
0.9986554193333333
0.9738823613333334
0.9898290653333334
0.9718989613333333
1.03782027
1.0226356093333333
1.000271856
1.0016481953333334
0.9996432666666666
1.001566442
1.00600028
1.0042009106666665
0.7886896626666666
0.9734188446666667
0.6339715846666666
1.0049410473333333
1.0058824773333335
1.0171380893333333
0.8421091706666666
1.0179939313333333
1.036392818
1.0086581566666668
0.9699126726666667
1.001227894
0.9982028253333333
0.9986786406666667
1.0033446546666667
0.989658006
0.9962809779999999
0.9721409433333333
0.8449836306666666
0.9996083686666666
0.9335972126666667
1.0044944853333333
1.0359303653333334
0.9977506406666666
1.0042361306666667
1.0059649366666665
0.9237084746666666
0.7997108906666667
1.015826988
1.0039192406666666
0.6804663166666667
1.0392390866666665
0.9073171720000001
1.0070971686666668
0.8693121946666666
1.014375498
1.001683236
1.0027941386666666
1.0020688493333334
0.9993874013333334
0.8735200986666667
1.0074160686666667
0.8699460806666666
1.0118304486666665
0.4018419653333334
1.0026419746666666
1.0046824633333333
0.6587423673333334
0.713669034
0.8373561753333333
0.9353049933333334
0.93516244
1.0044475019999999
0.7922612906666666
1.001916906
0.58675619
0.9912683013333333
1.0070853613333333
1.0049880773333333
0.99915491
1.00859894
1.0072624993333334
1.004353548
0.6337423986666667
1.0098320766666666
0.9796467533333333
1.0071916366666667
0.9713494500000001
0.8183539993333334
1.0031806079999999
0.845848966
1.0385229153333333
1.0340224373333333
0.6446867046666667
1.0075933226666667
0.9928723693333333
1.0001204566666666
1.000283504
1.0055292346666667
0.971481276
0.9967318306666666
0.9982376253333334
0.995011536
0.9523737006666667
1.008267456
1.0028058453333333
1.00509391
1.0053291739999999
1.001765008
0.6521458413333333
1.0000505960000001
0.9729888306666666
0.9023609253333335
1.0028058453333333
1.0047529726666666
0.9990387046666667
0.9868950586666666
1.0122954880000001
1.0000971686666666
0.6436963433333334
1.0005281746666665
1.0027941386666666
1.0006563833333333
1.0035439266666668
1.0031688926666666
0.992837942
0.9705592446666667
0.9968012293333333
1.0016949173333334
1.007475146
1.0066958786666667
1.0057882553333335
1.000609758
0.9127935086666666
0.7907152013333333
1.0058118086666668
1.0128087193333335
1.005493924
1.00289951
0.9028351333333333
1.0040717926666667
1.0323572046666667
1.0002252666666667
0.96758559
0.7553649426666665
0.45886893
1.0004466046666667
1.005317408
0.5266764313333333
0.9925740786666667
0.8007172573333334
0.9349486906666666
1.0101764693333333
1.0007496466666665
0.584158546
0.9513189646666667
0.9994687986666666
0.796234274
0.9069627173333333
0.9985161159999999
0.929113668
0.9972178213333334
0.9987599226666666
0.9713714186666667
0.946789224
1.0030634646666667
0.9686002653333333
0.933952486
1.0070381353333333
1.0063184853333333
0.7124142313333334
1.0099864306666666
1.0272215293333333
1.009843948
1.0085870973333333
0.9988992946666667
1.0117231919999998
0.9261385006666666
1.0049528046666667
0.988143862
0.9182381873333334
0.8222078786666666
0.5192771526666667
1.0044709933333333
0.6129581766666666
0.9982608273333333
1.0136214046666667
0.9128032079999999
1.003825386
0.7701766840000001
1.0006796973333334
1.034209178
1.0019402786666667
0.9682618040000001
1.0148788506666666
0.8311016866666667
1.0343212553333332
1.0342838933333334
1.0048352466666668
0.9182774513333334
1.020764164
0.30447156933333336
0.23100971599999998
0.9626518053333333
1.0028878006666666
0.9985277233333333
0.969671798
1.0040365839999998
0.8451415886666667
1.0024430613333335
1.004095266
0.60306058
1.0012629053333333
0.9972409753333333
0.95387545
0.7878939126666668
1.0039661746666668
0.935681952
0.7915239573333334
0.87071326
0.899639156
0.913589572
1.002864384
1.0112467733333332
0.9984348733333333
0.9768393593333333
0.955541358
0.804481774
1.005564548
1.0500629053333335
0.8174039466666666
0.7085650906666666
0.8447509579999999
1.0052938773333333
0.998794762
1.00509391
0.9997828853333334
0.6423629706666667
1.0018351093333333
1.0077706386666667
0.8692154326666667
0.6337985106666667
0.9973336033333333
0.9987831486666667
1.0084568486666667
1.0044122673333333
0.9823467393333334
0.9473112906666666
0.8550176273333333
1.0313903573333334
1.0032157560000001
1.0059884986666665
0.9404866253333333
0.9674439226666667
1.0341967266666667
1.0023026993333333
1.0036729093333334
1.0045649686666667
0.6232855593333334
1.007309746
1.0102239906666668
1.0029112193333334
1.0061181106666666
0.9471859420000001
0.9948732473333333
1.0043418053333333
1.00746333
1.0067194746666668
1.0025249573333335
0.8796926266666666
0.9952882293333334
1.0112229640000001
0.9698141186666667
1.0007846246666667
0.9710639493333333
0.9854684846666667
1.0006796973333334
1.005188002
0.9975304939999999
0.9985625459999999
0.8359301466666668
1.0064128073333334
0.9896124
1.0008196053333334
1.0035556506666667
0.968229062
1.0311674960000001
1.0005514833333333
1.0044827393333333
1.0004699093333334
1.0028058453333333
0.5937605993333334
0.9962925333333332
0.96520457
0.8828480126666667
0.9720199373333334
1.0076406006666667
1.0013679553333332
0.9719539466666667
0.9076910859999999
0.5838805986666668
1.0272829526666667
1.0102121099999999
1.0381840213333333
0.593342262
0.9106549126666668
1.0008079453333334
1.0010762046666668
0.9710859053333334
0.995023062
1.0024079673333335
0.9954035633333332
1.0320471206666666
1.0007729653333335
0.9995618406666668
0.92713811
0.9119020139999999
0.9987250860000001
1.001683236
0.5121103753333334
0.8510025453333333
0.999922542
1.0106637713333333
0.8175595413333334
1.0370309293333333
1.003145462
0.9298378013333333
1.0058589199999999
1.0040131133333332
0.9996200006666667
1.0057058246666668
1.0014263253333333
1.036743056
0.8410949586666667
0.9984696900000001
0.8721365573333333
1.0044944853333333
1.006837474
1.0058118086666668
1.0100101813333333
1.0091321386666667
0.901565376
1.0293387246666665
0.9656820073333333
0.9154394560000001
1.00041165
0.498519206
0.9692122793333333
0.9942169000000001
0.9993990286666667
1.013657288
0.996627752
1.0116993606666667
1.004858756
1.001204554
1.0029931920000001
0.8207780339999999
0.9974609946666666
0.998318836
1.0049528046666667
1.0007263293333333
0.7085826253333333
0.9707457046666667
1.0023026993333333
1.007888884
0.8905177886666668
0.5841188233333333
0.7052317753333334
0.8651359240000001
1.0030283266666666
0.6448899846666667
1.009665902
0.5790394606666667
0.9963734273333333
0.7874533246666666
1.0002485606666667
0.5934037453333334
0.6955525266666667
0.7825037206666666
0.317982024
1.008018986
1.0093218566666666
1.004694214
0.998794762
1.0000505960000001
1.0014263253333333
1.0090847206666667
0.836280092
0.8036012266666667
1.0073688113333332
1.0363428033333333
1.0062831193333333
1.0049292906666667
0.998017264
1.0150827306666668
0.999794522
0.9065319973333333
1.0260926466666667
0.503471848
1.0021156106666667
0.633728372
1.0006680406666666
1.0005981026666666
0.8271482513333334
0.8078257746666666
1.00171828
1.0005398286666667
0.9976463486666667
0.9983072333333333
0.6227072086666667
1.0028526753333333
0.6452629966666666
0.9174830006666667
0.9404454386666666
0.9989922306666668
0.9295761786666666
0.9552756966666668
0.6426994026666667
1.0042243906666666
0.998829604
0.3817918393333333
0.4630942146666666
0.9962925333333332
1.0013796286666667
0.8596467906666667
0.791363532
1.006023844
0.692630532
1.014279678
0.6335787953333334
0.9943434959999999
0.8313832226666666
1.0103665800000001
1.0115325706666667
0.907978922
0.963245522
1.005752926
0.6104838133333333
1.0074160686666667
1.006177036
0.9993990286666667
0.9975536626666667
1.03422163
0.9058245906666667
1.0018351093333333
1.0040248486666665
0.8175361986666667
0.6229239646666667
0.9377555473333333
1.0010178753333332
0.9967318306666666
0.973694694
0.8256932506666667
0.9934005539999999
1.031043726
0.7480892306666667
0.532125022
1.0059649366666665
0.9595762406666666
0.814088346
0.5748851953333334
1.0005514833333333
1.0037901946666665
0.8442942953333333
0.7667393773333333
1.0047529726666666
0.998133232
1.0001670366666666
1.0007962846666667
0.6334713306666667
1.0015314093333334
0.6127308166666666
0.9851068366666667
1.0067430726666666
1.0183922073333334
0.998179626
1.0016598753333332
0.5839838053333334
1.013860678
1.0000855253333334
0.9978665466666666
1.0076406006666667
0.8850493106666666
0.999922542
1.005140954
1.0355057733333333
1.0086107826666666
1.0328909853333332
0.8407080586666666
1.0071562093333333
1.00517624
0.9743131653333333
1.0017299613333333
0.923787946
0.9692997733333333
1.0069082866666665
1.0035908253333334
0.92902323
1.0037784646666668
0.9185523966666667
1.003532202
1.0090136013333335
1.0042830946666665
1.0062359686666666
1.0091321386666667
0.7747194746666667
1.0082911259999998
0.39860670333333337
0.9944125619999999
1.0002951526666668
1.0016365153333333
0.9878143253333332
0.9920811446666666
1.036630454
0.9967433966666668
1.0302028746666667
1.0023026993333333
0.9728455773333333
1.0051527153333333
1.0073569980000001
0.9935499253333334
0.9992246459999999
1.0049880773333333
0.986793024
0.9714153586666666
1.0058706986666666
1.00289951
0.9178947666666666
1.00171828
1.0030283266666666
1.0320347206666667
1.0320223213333333
0.9973451826666666
0.8696994593333334
1.006294908
0.9954727766666667
1.002630272
1.0019519653333333
1.0066132993333334
0.9988992946666667
1.0041187406666667
0.9132302006666667
1.0037667353333333
0.905452212
0.5416885546666667
1.0092032746666668
1.0007496466666665
1.002876092
0.9909252466666667
0.970350932
0.9964312166666667
1.0067902706666667
1.0357679806666666
0.6335180499999999
1.002782432
1.008492368
0.7483629626666667
1.005682276
0.995126806
1.0339104246666668
0.55794375
0.9972525533333334
1.009950806
1.0270741426666667
0.5927976666666667
0.929978736
1.0138367453333335
0.9942744393333334
1.0034266980000002
1.0083739806666667
0.9982608273333333
1.0305242146666667
0.9994339126666667
0.875460878
0.9963734273333333
1.003497032
1.0002602086666668
1.0016598753333332
0.9704495953333333
0.9948732473333333
1.0285252813333334
0.62291493
1.0036025506666666
1.0016014773333333
0.9468414046666667
0.7789275013333332
0.767822246
1.0089661939999999
0.5335296826666667
0.890305504
1.002384572
1.003755006
0.803826824
0.9987018626666666
1.0042830946666665
1.0058824773333335
0.9968706373333333
0.7802009639999999
0.9043369120000001
1.038648488
1.0030049033333333
1.0008429273333332
0.969945528
1.019685734
0.99780859
1.0085634133333332
1.018935814
1.0040131133333332
0.928119824
0.9986322
0.9644568113333333
0.9931478739999999
0.6676564686666666
0.6988118146666668
0.402878544
0.655665142
1.000609758
1.0064717673333332
0.813202052
1.011270584
0.8363859473333334
0.9994106566666666
0.9951729220000001
1.0361052993333333
1.0116517006666665
1.0047412206666666
1.0315885373333333
1.0337859953333333
0.86887254
1.0067312733333333
1.0039192406666666
1.008385818
1.0375319586666667
0.9984929026666667
1.0000505960000001
1.0018701633333333
0.8273314833333334
0.9581206186666666
0.8453744766666667
0.7598820439999999
0.8316568966666668
1.0071089766666668
1.0000622386666667
0.9473739773333333
0.999480428
0.7094604746666667
1.0271478306666666
1.0044592473333334
0.6677966113333333
0.8709869493333334
0.9238078153333332
0.6443626906666666
1.0106994459999998
0.7756008553333332
0.9715581913333333
1.0034266980000002
1.00232609
0.9965352553333334
0.7594117913333333
1.005658728
1.1280429933333334
1.0041539546666667
1.0052350553333333
1.0093930193333334
0.8856150473333334
1.0034266980000002
1.0036260026666668
1.002665382
1.0045179786666667
0.9743242166666667
1.0042948360000001
1.0014029766666666
1.0020688493333334
0.9963387566666667
0.9964196586666667
1.0005864473333332
0.995553538
0.48702676666666667
1.0022559206666666
0.8697170706666667
0.8746496886666667
1.0076878833333334
0.7408309266666667
0.9990851833333333
1.0368556833333333
0.6677187466666666
1.004060056
0.9013194193333334
1.00021362
1.0070735546666667
0.9693107113333334
0.679922318
0.759727468
0.5561556080000001
0.996986338
0.8552815373333333
0.47625021333333334
1.0087055346666667
1.0017065980000002
1.0038371166666666
1.0126415633333332
0.968381876
0.9754749193333334
1.0052468186666668
0.9998643473333333
0.912163468
1.0014847026666667
0.7477506020000001
0.8093099233333334
0.7832671873333333
0.7830315666666667
1.0021974533333333
0.9672696206666667
1.009654034
1.0106518806666667
0.8229010206666667
1.007829758
1.0041187406666667
1.0079243633333335
1.0049763193333334
0.8454077566666667
1.0997509333333333
0.8901855613333334
0.6824015786666666
0.9687859733333333
0.7094839140000001
1.0045767173333333
1.0359303653333334
0.966692692
0.8127404026666667
0.9106645666666666
0.868617744
0.9296969093333334
1.0105686513333334
0.8860626739999999
0.8316568966666668
1.009998306
0.6030817493333334
0.9125898619999999
1.0016715553333333
1.0006447266666667
0.999526948
1.0338482066666668
0.8218538820000001
0.9188766506666666
0.9476875353333333
1.0042713533333334
1.0353560000000002
0.9998759853333332
0.8174350606666667
1.018078388
1.0093099973333333
1.001916906
0.9933546026666666
0.965562604
0.8040299706666666
1.005493924
0.9981680273333333
0.542458232
1.0052468186666668
0.998736698
0.9940903360000001
1.000621414
1.0064128073333334
0.9996781680000001
1.0306478606666667
0.975751936
1.0115563946666666
0.8462989746666667
0.8208878453333334
1.0021506846666666
0.9645434486666666
0.6031283286666667
0.9985161159999999
1.002782432
0.9968243640000001
1.004259612
0.7510587993333333
1.0327543846666667
0.6234710393333334
0.9989109106666666
0.5176530426666667
0.603056346
0.6284934766666667
1.0024430613333335
0.969671798
1.0289934706666666
0.9358450553333334
0.9996665339999999
0.9830212506666667
1.0360178246666667
0.9989922306666668
1.0062595433333332
1.006023844
1.0102477526666667
0.9750430873333333
1.0082911259999998
1.0342838933333334
1.005140954
0.9905595833333334
1.0006796973333334
0.9730770073333334
1.002653678
1.0009945453333333
1.0005864473333332
0.969868868
0.5625329626666666
0.9984464786666667
0.8201824266666666
0.976151116
1.0042948360000001
1.0059884986666665
0.9989109106666666
1.022343504
1.0114968373333333
1.0353435213333333
0.9944586113333334
0.9967665286666667
0.9963387566666667
0.83263232
0.9982724286666667
0.6030775153333333
0.9997712486666666
0.994435586
0.9843617746666667
1.0026887893333332
1.030796274
1.0080426446666666
0.6131988373333334
0.9946543686666667
0.8654845933333333
1.000341748
1.0088713933333333
1.0369307813333333
1.0035439266666668
1.000889574
1.0015430866666668
1.0044827393333333
0.8552049013333334
0.8505054153333333
1.002700494
1.003907508
0.9961076813333334
1.0016481953333334
1.008385818
1.006601504
1.012844546
0.903785046
0.998411664
0.980630918
0.6334900173333333
1.0015430866666668
1.0357430026666665
1.0045414733333333
0.9973104446666666
1.0069673046666667
1.0009478886666667
0.9964312166666667
0.7898064173333333
0.999515318
0.6680614866666666
0.969201344
0.9121247246666667
0.869972512
1.0377199693333334
1.0362802913333333
1.0006447266666667
1.0043418053333333
1.031910742
1.002864384
1.0010295406666667
1.0034149766666667
0.996963196
1.0344707286666668
1.033437752
1.03583043
0.6528446913333333
0.9973915046666666
1.0063774346666667
1.00833847
1.0013796286666667
0.9962232059999999
0.8849581306666667
0.96882968
0.996211652
0.6328692693333333
0.9013761666666666
0.644377192
0.8844751893333334
1.0009012366666665
0.972779474
1.01499877
0.969671798
0.9974494119999999
0.633602162
1.0336242813333334
0.9360490140000001
0.9935154513333334
1.0038957753333333
0.999922542
1.000143746
1.0142197993333333
1.002700494
0.911814896
1.0037432773333332
0.9694748086666667
0.7593312346666666
1.0004815613333333
0.4018776853333333
1.0020454706666666
1.000143746
0.999178154
1.0110087319999999
1.0076287806666666
0.9673567639999999
0.9991084246666666
0.5933135740000001
1.0035087553333333
1.012379002
0.991417032
1.0037901946666665
0.9116987646666667
1.0303882386666667
1.0014496753333333
0.8310534426666667
1.0019519653333333
0.9952421033333333
0.997634762
0.997739052
1.0000855253333334
0.9972757093333333
1.0022676146666667
1.007014524
1.0380083853333333
0.8707044340000001
0.7667462213333334
0.652988612
1.010140832
0.8688285986666666
1.036680496
1.0011928846666667
1.0018701633333333
0.9996549
1.0024664586666667
1.002162376
1.0036025506666666
0.9229442673333333
1.0064363906666667
0.9999691033333333
1.010140832
1.0128803746666668
0.8259076006666666
1.0039192406666666
0.8800982146666667
0.8955684760000001
1.0059767173333334
1.0040835293333332
0.9746226960000001
0.998063648
1.0069318926666666
1.0344333566666666
0.999934182
0.9363347059999999
1.0108540653333333
1.002010404
0.9978433633333335
0.9199295953333334
1.0035439266666668
0.9711188406666666
0.9298981966666667
1.0042478713333334
0.972779474
1.0312541526666668
1.0022676146666667
1.0120450286666667
1.005658728
1.0087410713333334
0.9992013993333333
0.9675419959999999
1.004506232
0.9999574626666666
0.9985625459999999
1.002665382
0.998365248
1.005505694
0.9995385786666667
0.9936188813333333
1.00404832
1.0047647253333334
1.001987028
1.003051752
1.0031103186666666
0.9968937753333333
0.996442776
0.9291237173333334
0.8849307806666667
1.0376071546666668
0.9993990286666667
0.4271452946666667
0.9989225266666667
0.9306336366666667
0.5353051446666667
0.958580374
1.0077469926666667
1.0049175346666666
1.0074160686666667
1.007782462
0.558161276
1.001204554
0.9665186600000001
0.864683074
1.006990914
0.9764063193333333
0.7965296073333333
0.9962809779999999
1.00343842
0.998713474
1.0102002293333334
1.00371982
1.0032743426666666
0.7915385446666666
0.5730022873333334
0.9983884553333334
1.0063774346666667
0.831037362
1.0086463126666665
1.0384350326666667
1.007286122
1.0022208393333334
0.923837622
1.0143036313333333
0.81320975
0.9931593566666667
1.0365053686666668
1.0014263253333333
1.017403126
1.0004466046666667
0.9733636933333334
1.00323919
1.0011695466666666
1.0112586786666666
1.0018000573333334
1.0022208393333334
0.8552049013333334
0.9986670300000001
0.7440329313333334
0.9921957366666667
1.0115802193333334
1.0074160686666667
0.8799900213333334
0.634097942
1.00813729
0.987984748
1.027688532
0.99955021
1.0022559206666666
0.9674330273333334
1.0016598753333332
0.9982260253333334
0.6558653893333334
0.9180713506666666
1.0037432773333332
1.0003300986666666
1.002770726
1.0085870973333333
0.9968475
0.936845304
1.0161514413333332
0.9375713106666667
1.00534094
0.99955021
0.7228029306666667
1.0029229286666668
1.036242788
0.7057938466666667
0.9815497626666667
1.005835364
1.0057293753333334
0.4198711826666667
0.99945717
0.9924020693333333
1.0092388460000001
1.0021506846666666
1.030227586
1.0007146706666668
0.945008096
1.000761306
1.002653678
1.0047177166666668
0.9935384340000001
0.999724706
1.0061298953333333
1.0074160686666667
1.0002485606666667
1.0379205893333332
1.0336242813333334
0.990982406
0.9975420786666667
1.0018467933333333
1.0009945453333333
1.0035087553333333
1.0364678486666667
0.763108834
1.0004932146666667
0.9997014366666668
1.036055312
1.0287223613333334
0.9737388446666667
0.8176840606666667
1.0372187586666668
1.0087647633333332
0.9190142819999999
1.0332388606666667
0.800597852
0.7785109926666667
0.986226546
1.0101764693333333
0.999259518
1.0322579573333335
0.9711407986666667
0.8314476
0.990513894
1.0013679553333332
0.9367840026666666
1.0302152306666668
0.865118498
1.0024079673333335
1.009120284
1.078324704
1.0143515413333333
1.01450728
1.0010645386666668
0.9950000106666667
0.702635894
0.9653672799999999
0.9993408946666666
0.99595754
1.0018701633333333
0.9670082846666666
0.9966624426666667
1.0381212873333334
1.037268858
1.0056469546666666
0.994193886
1.0072506879999998
1.0083266333333332
1.0047294686666668
0.99915491
1.00569405
0.9293649753333334
1.0005981026666666
0.6448899846666667
1.003825386
0.8131943533333333
0.999027086
1.0028175526666667
0.7831814906666666
0.9963849846666667
0.9021808566666667
1.004306578
0.9966161886666667
1.0014380006666668
0.79980769
1.0096303
0.816727796
1.0238667166666668
1.006177036
1.03205952
0.9708005593333334
1.0042830946666665
0.9005351453333332
0.9984000593333333
1.0036142766666667
1.011365836
0.9985857633333334
1.0067666713333332
0.744265008
0.45065025266666664
1.000761306
0.8810912273333333
0.8950179306666667
1.0036729093333334
1.0042948360000001
0.870210472
0.5476772693333333
0.9918405873333332
0.6008754093333334
1.0915615666666667
0.9988063753333333
0.971767022
0.935406844
1.005211528
1.004905778
1.004964562
0.6364328806666667
0.9979824793333334
1.005764702
0.844825732
1.001087872
1.0013796286666667
0.7842182493333333
0.574958306
1.010485436
1.0032509073333333
1.0038605793333333
0.6340745386666666
1.00086625
1.00833847
0.9220823326666667
0.9583878646666667
1.0079716726666668
0.6132382359999999
0.6995060740000001
0.9986902513333333
1.0060709753333335
0.9910853093333334
0.971107862
0.8244806973333333
1.001204554
0.99780859
0.993975306
1.0350815286666666
1.007475146
1.0031571773333334
1.0042243906666666
1.0034735860000001
1.0150467459999999
1.0017766906666667
1.0047294686666668
0.8446512806666666
0.973485034
0.99699791
1.0068492753333333
0.7730461846666667
1.049998728
1.0068256726666667
0.885505494
0.9278992580000001
1.0026770853333333
1.0332140046666667
0.9965583773333333
1.0057411506666667
0.677878012
0.602489556
0.9979940740000001
0.575193156
1.0047294686666668
0.972746426
1.0019987160000001
1.0304005986666667
0.9282201153333334
1.0052350553333333
0.990308346
0.6228787946666666
1.0377450426666666
0.9971136406666666
1.0041656933333334
0.9963272006666666
1.0002485606666667
0.9744900160000001
0.9467996593333334
1.0011928846666667
1.0156948626666666
1.0083976559999999
1.0010295406666667
0.9923103553333333
1.0001553913333334
1.0005398286666667
0.9408265526666667
1.0057175999999999
0.99748416
1.03068496
1.0008196053333334
1.0037667353333333
0.9975768326666666
1.0388745953333334
0.9972872873333334
0.588400046
0.8751754533333332
1.012176206
1.01016459
1.0045649686666667
1.0021506846666666
0.9064172073333334
0.9954150986666667
1.0047999853333334
0.9643593633333333
0.9318248926666667
0.6561960653333333
0.8963254126666668
1.0059884986666665
0.9992362693333333
1.0090017493333334
1.0089424926666668
1.0000389533333334
1.0793951560000001
1.0023611786666666
1.0073924393333333
1.00534094
1.0380334726666667
1.0024430613333335
1.0091795613333334
1.0030400393333332
0.9972293986666667
0.9966971353333334
0.778920438
0.8856607026666667
0.7254154566666666
0.9074130180000001
1.00021362
0.6768204633333333
0.998597372
1.0082082853333334
1.0068020713333334
1.1422937260000001
1.0007263293333333
0.9381754686666667
0.9989922306666668
1.0028409673333334
1.035044112
0.9993060173333334
0.999061944
1.0042478713333334
1.0089424926666668
0.834825268
0.8644568266666667
0.7439942653333332
0.783331472
0.5540928093333334
1.0100933186666665
1.0014263253333333
0.5889648533333334
1.041898792
0.28297600066666667
1.0114372873333333
0.517394252
0.9470188626666667
1.0064128073333334
0.8224046753333334
0.9057004306666666
1.0354433626666668
0.6028405013333333
0.9975768326666666
1.0025717613333334
1.0039779093333334
0.999271142
1.0106994459999998
1.0027356086666668
1.0008079453333334
0.9038516146666666
1.0006447266666667
1.03581794
1.010319046
1.0002951526666668
0.9175614033333332
0.9951729220000001
0.964575942
0.9972757093333333
0.7555974973333334
0.7296486440000001
0.9924823326666666
0.9282201153333334
1.035044112
1.0054468466666666
1.006294908
0.9986902513333333
0.9955304620000001
0.9938373046666668
1.0004233013333335
1.0006447266666667
0.7955558366666667
1.0049763193333334
1.002876092
0.9984000593333333
0.9349588673333332
0.5845123193333333
0.8705103106666667
1.0085278893333334
1.00871738
1.013489852
1.0017416433333333
1.0127251346666666
1.0015314093333334
1.0070853613333333
0.901177582
0.47918591266666666
0.9995385786666667
0.9024936533333333
1.0072506879999998
0.9665295353333333
1.0070971686666668
1.0142916546666667
1.0097252433333332
0.5932029466666667
0.5119882813333334
0.9159665806666667
1.0036025506666666
1.0680411546666666
1.0356680766666666
1.0002951526666668
0.5190669166666667
0.9989806126666667
0.5339176800000001
1.000236914
0.8863095186666666
1.00569405
1.003497032
0.6364989026666666
0.9464032646666666
0.99828403
1.004095266
1.0051527153333333
0.9414142793333333
1.0020922293333334
1.0012512346666667
0.8649616946666666
1.0005631373333335
1.0097371126666668
1.0287223613333334
0.8906193526666666
0.994677404
0.9976579360000001
1.0001553913333334
1.01043789
1.0075696846666666
1.0034853086666666
1.010747016
0.9925740786666667
0.9084494473333332
1.000609758
0.9966740066666666
1.0037315486666667
1.0291290786666667
0.9983536446666667
0.9998294333333333
1.0004582566666667
1.0004699093333334
1.0083976559999999
0.9993292686666667
0.8414492426666668
0.9178947666666666
0.7590896680000001
1.007168018
1.001204554
1.036042816
1.0042243906666666
1.04595855
0.9959344453333333
1.0527267660000001
0.9974725773333333
1.0335496613333333
1.0016949173333334
0.9304421086666667
1.0381338333333334
1.0306107633333332
0.624019076
1.0032509073333333
1.00904916
1.0068610766666668
1.0048705113333334
1.0084450093333333
1.0063066966666667
1.00021362
1.0032509073333333
0.997298866
1.0020688493333334
1.006813872
1.000283504
1.0369558166666668
1.0386108133333334
1.0033094973333334
0.9761733026666667
1.0035087553333333
0.8356211360000001
1.03565559
0.9985509386666666
0.997322024
0.9976231760000001
0.7157443793333333
0.8715879046666667
1.0135974833333332
0.998179626
0.99780859
1.0023026993333333
1.011925806
0.56432534
0.9935844026666667
1.009654034
1.00190522
1.0083029620000001
1.0009128993333334
1.0089661939999999
0.6313667900000001
1.0081846193333335
1.000073882
0.9979476966666666
1.001928592
0.9682618040000001
1.0036494553333333
0.7023371566666666
1.0284390826666665
0.9230136886666666
0.9954381693333333
0.8991400633333333
1.001519732
0.633901408
1.031415126
1.000283504
0.9168366859999999
1.0037901946666665
0.8959327673333334
1.0343337093333334
0.998736698
1.0297459293333333
1.002536658
1.0029229286666668
0.940548412
1.0032626246666667
0.9015180666666667
1.0079125366666668
0.8748723933333334
0.9778067586666667
1.0008079453333334
1.0035673753333334
0.8224046753333334
0.9407544266666668
1.002770726
0.9531980193333334
1.0037315486666667
1.0044122673333333
0.9304824239999999
0.744568216
0.9072980046666667
1.003907508
1.0060356266666666
1.004635462
1.0007030126666667
1.0023611786666666
1.0031337473333333
0.99955021
1.036780596
0.99192076
0.991554362
1.0028175526666667
1.03957867
0.9335464813333333
1.0335620973333333
1.00245476
0.996916914
0.9297673499999999
0.8446263646666666
1.0121046506666667
0.6499500306666667
1.0043770353333332
1.0030634646666667
0.66475786
0.4035542446666667
0.9055285726666666
0.8219797126666667
0.4410319193333333
0.4935269113333333
1.0094760546666666
0.8093633013333333
0.163857502
1.0083503066666668
0.9724050613333334
0.912318474
0.9002237046666668
0.7477766393333333
0.9183658086666666
1.0016365153333333
0.6029886133333333
0.996789662
1.0152506933333334
0.6123158826666667
0.9996200006666667
0.994562238
1.0062241813333332
0.9978665466666666
0.99814483
1.0041304786666667
1.007309746
0.9358654473333333
0.952099244
1.0005165213333334
1.0015314093333334
0.85426935
1.0000622386666667
1.0340224373333333
0.972999852
1.033773554
0.9671171573333333
1.016981542
1.0136333653333334
1.0346077846666668
1.009120284
1.0006913553333334
0.8481373019999999
0.6127220753333333
1.0047059653333335
1.004506232
0.9973683433333334
0.9975189099999999
1.0291167486666666
0.817349502
0.9996665339999999
1.034209178
1.0033798146666666
0.9670082846666666
1.0370559693333332
1.0049998353333334
1.0045297260000001
0.9008562493333334
1.0061534646666668
0.9924593993333333
1.009333716
0.8457989946666666
1.0014847026666667
0.912250652
0.9357533026666667
0.7121720659999999
0.3997475193333333
0.50328011
1.0382844113333334
0.9974957433333334
0.8440785906666667
0.816184578
1.0042009106666665
1.00614168
0.9292443306666668
1.0070853613333333
1.0149268153333335
1.0039779093333334
0.9056431373333333
0.848715514
0.869972512
1.0109611373333334
0.7737773586666667
0.8316971586666667
0.9959228986666667
0.8553837400000001
1.0384350326666667
1.039691914
0.8122024746666666
1.0048705113333334
0.9991200453333332
1.0042478713333334
1.001566442
0.9276287073333332
1.007723348
1.0007962846666667
1.001788374
1.031898346
1.014279678
1.0135496446666665
1.0006563833333333
0.9029869853333333
0.9984929026666667
1.0022559206666666
1.000236914
1.0048822666666666
1.0001670366666666
1.000190328
0.877634414
1.0010762046666668
0.9943550059999999
0.9990968039999999
1.0046824633333333
0.993021582
1.0028409673333334
0.9986902513333333
1.00190522
1.0022208393333334
0.9650635993333334
0.5934529406666667
1.0045532206666667
1.0074278833333332
1.0081846193333335
0.9985045093333333
0.940548412
1.002536658
1.0305242146666667
1.000201974
0.808198202
0.9980056686666667
1.0021389926666668
1.0047764786666666
0.997565248
0.9980288593333333
1.0077706386666667
1.01167553
1.002747314
1.0064599746666667
1.013657288
0.9056335893333334
1.035480808
1.0053997746666667
0.849781824
0.8737511153333333
0.8963347653333333
0.9971830920000001
0.9696389613333334
1.0079361900000001
1.0018351093333333
1.0045884653333332
0.999166532
0.953060534
1.0038840433333334
1.033164296
1.0049292906666667
0.9975073266666666
0.8717117333333334
1.0032860606666667
1.0014963786666666
1.00245476
1.0365428906666667
1.0293880659999999
1.00431832
1.0073333713333332
1.0150347513333333
1.0375946213333334
1.001239564
0.9223694653333334
0.9327659153333334
1.006990914
1.0010995386666668
0.9957959000000001
1.0346950206666667
0.9302103646666666
0.6139833880000001
1.0002602086666668
1.0294867619999999
0.99955021
1.0003883486666667
0.5120493213333334
0.9957612693333334
0.9932397426666666
1.0039779093333334
0.901972446
0.99862059
1.0012979193333333
0.9971599406666666
1.0353809593333334
0.9983420413333334
0.996130784
0.9907652353333333
1.0114968373333333
1.006059192
1.035718026
1.0084568486666667
0.929103618
1.0057175999999999
1.0259333306666667
0.97678382
0.9994687986666666
1.0040835293333332
1.0036377286666667
0.9176202146666667
0.9924823326666666
0.5004593653333334
0.3709625486666666
1.0089898973333333
1.0079598446666667
0.9934005539999999
1.011199156
1.0052703473333333
0.6739423646666667
0.7787650806666667
1.0089424926666668
0.999178154
0.7751599146666668
0.7526909206666665
0.878846604
0.9653889786666667
0.831005204
1.0003068006666667
1.0030868913333333
1.0049763193333334
0.9995036873333334
1.0336242813333334
0.56618888
1.0035908253333334
1.0062595433333332
1.0121523533333334
1.0324440613333332
1.001928592
0.996523694
0.9160935713333334
0.9176594260000001
0.800284582
1.005023352
1.0047177166666668
0.8510615653333332
0.6129581766666666
0.7676232620000001
1.0045884653333332
0.9859548673333334
1.0001553913333334
1.0022325326666668
0.998179626
0.9924135346666667
1.0360303206666668
0.9993176426666667
1.0038371166666666
0.8963721793333334
0.9914399180000001
0.9997712486666666
0.9352133466666668
1.0023962693333333
0.998063648
1.0323944273333334
1.0000855253333334
0.6338546326666668
1.0073569980000001
0.8222551013333333
0.5539891773333333
0.8851678733333334
1.013992326
0.885459854
1.0018117406666667
1.0129759306666666
1.00210392
1.0115444826666666
0.708945206
1.0018351093333333
0.8450085673333333
0.7882264853333333
0.7714770973333334
0.9648793153333333
0.9830775013333334
0.9892477046666667
1.0097371126666668
1.0029346386666667
1.0105567626666665
0.996130784
1.0044709933333333
0.9982028253333333
1.0095116453333333
1.0389751193333334
0.9943089666666667
0.8360196393333333
1.0080899653333333
1.005564548
0.9031198973333333
0.999526948
1.0011812153333333
1.0000156686666666
1.0343835306666667
1.0041304786666667
0.9983768513333333
1.0348695373333334
1.0115683066666668
1.0028409673333334
0.870404462
0.7838461306666666
1.0385731413333332
0.8201511026666667
0.9998410706666667
0.8750506386666665
1.0006680406666666
1.0082911259999998
1.0022676146666667
0.9999109026666667
1.0354932906666667
0.9958882593333332
0.787085342
1.0016014773333333
0.623068552
0.748043628
1.0094760546666666
1.0067430726666666
0.633901408
1.0332761466666667
1.2082672826666667
1.003755006
0.5339276359999999
1.029314056
0.8547113553333333
1.0096896373333335
1.0015080553333333
0.5264504826666666
0.9751094979999999
1.0064717673333332
1.0006796973333334
1.0335123553333332
0.9248720986666668
1.0082911259999998
1.005493924
0.971338466
0.9979708846666667
0.9176888373333333
1.0346077846666668
1.000574792
0.8478443066666667
0.934674014
0.9244838986666667
1.0013679553333332
1.0076051413333333
1.001765008
1.0035204786666667
0.8798998806666667
0.5664913273333333
0.9014613013333332
1.0308952406666667
0.9169443413333334
0.9045464166666667
0.9742689626666667
0.9178261133333334
1.003461864
1.0046237126666666
0.995992184
0.7189372866666666
1.000178682
1.0124028653333332
1.0037667353333333
0.998121634
0.9932512273333334
0.9971483653333333
0.9990038486666667
1.0035908253333334
1.0058942566666667
1.0206428779999999
0.8408479600000001
1.0006680406666666
0.9013761666666666
0.8702721866666667
1.00600028
0.9970673453333334
1.0004932146666667
0.6476956933333333
1.001111206
0.929827736
0.8002622153333333
0.9656277293333333
0.7919837166666667
0.9978201806666666
0.9992478933333333
0.708664466
0.9728345593333333
0.998063648
0.8546263186666667
0.996246314
0.57481595
1.0018117406666667
0.9961769926666666
0.8648136553333333
0.9287018173333332
1.006247756
0.24284560066666666
1.0027941386666666
0.9240562606666667
0.7791889293333334
0.652631408
0.7292460093333334
0.8443440893333333
0.8593285973333333
1.0019987160000001
1.009381158
0.8727834373333333
0.9441667406666667
0.9960499293333334
1.0032860606666667
1.0389751193333334
1.0091558493333335
1.0093930193333334
1.004353548
1.0366554746666667
1.0046707126666667
1.0042361306666667
0.9063980786666666
1.0036025506666666
0.8682928759999999
1.002478158
1.0018351093333333
1.0350191693333333
1.0033446546666667
1.0007030126666667
0.9985277233333333
0.9984000593333333
1.0016365153333333
1.0350191693333333
1.034557942
1.0292400573333333
1.03583043
0.7438203206666667
1.0021974533333333
1.0012745766666666
1.00190522
0.940888384
0.9946889219999999
1.002653678
0.9904453686666668
0.6800461226666666
1.00569405
0.9979592906666667
0.9236886093333333
0.5933340646666666
0.9351726206666667
1.0383597166666667
1.0036260026666668
1.006059192
0.9884849933333333
1.0100220573333332
0.5658122066666667
0.9960152813333334
1.0027121986666665
0.5018276593333333
0.7406648440000001
0.9937913126666668
1.0195768060000001
1.018054256
1.0007496466666665
1.0029580586666667
1.0092269886666667
1.0216261213333333
0.99549585
0.999934182
1.0030986046666668
1.0088358473333332
0.9295761786666666
1.0050115933333332
0.9711517780000001
0.999480428
1.00833847
1.00275902
0.9794010206666667
0.56639421
1.0034266980000002
0.9997479766666667
0.9988876786666666
1.00210392
1.0130237153333335
0.79548953
0.08374925133333333
0.779556638
0.9773617393333334
0.9996432666666666
0.9311380340000001
1.0344707286666668
1.0382467626666667
1.0068492753333333
1.030981852
1.0010762046666668
0.6032935293333334
1.008551572
1.0070971686666668
1.0004815613333333
0.89525113
0.9945507226666667
0.996835932
0.9008090133333333
1.011782776
0.9706798866666666
1.0013446086666666
0.996789662
0.999526948
1.0046237126666666
0.9881552293333332
1.001286248
1.0330276226666666
1.0206671333333335
0.656923722
0.9987831486666667
0.9961076813333334
0.8597156199999999
0.64449806
1.0019987160000001
1.0085752553333334
1.034657632
0.9985509386666666
0.934724868
0.8646221493333334
0.8759876193333332
1.0024664586666667
0.633966906
1.0025132573333333
1.00569405
0.9661490506666667
1.0032626246666667
0.5581576493333333
1.004964562
0.9944701239999999
1.0028058453333333
0.9953689606666667
0.995069168
1.0349318786666666
0.9294253093333333
0.8648571906666667
0.8360847373333333
1.0016715553333333
0.40744576466666665
1.0045179786666667
0.995818988
1.0357679806666666
0.8177074120000001
0.9528596646666666
1.036355306
1.03422163
1.002384572
0.8747031273333333
1.0039896433333333
1.0046237126666666
1.0338357633333333
1.0014963786666666
1.0082911259999998
1.0303017273333333
1.0066722833333333
1.002653678
0.9991432880000001
0.5838250406666667
1.000504868
0.9940788313333334
0.61299317
1.0018701633333333
0.9944701239999999
1.0109730353333333
0.9998061586666666
0.9998410706666667
1.006023844
1.0360678079999999
0.9997014366666668
1.0057175999999999
1.016512188
0.623045956
1.007829758
0.9997014366666668
0.92310296
1.0325433446666665
0.928741982
0.46021369266666673
0.510706766
1.0105805399999999
1.0091795613333334
1.0046824633333333
1.0023494819999998
0.989133792
0.8103176766666668
0.9343385173333333
0.5260281566666667
1.006837474
0.9974609946666666
1.009333716
1.0029931920000001
0.5480966159999999
1.004600214
0.912483226
0.9976115893333334
1.006023844
1.0346700946666667
0.808738452
0.7793091033333334
1.0032977786666668
0.901811468
0.6029970793333334
1.009487918
1.006566118
0.9701098399999999
0.9745010713333333
0.9983304386666667
1.007877058
0.9676291880000001
0.9986786406666667
1.0125222006666665
0.999480428
0.9963387566666667
0.998110036
1.0179698033333333
0.9698469673333334
1.0032274726666666
0.99699791
0.9967202653333334
1.0012629053333333
0.6238740473333333
0.9223397533333333
0.8002323946666667
0.8500929853333333
1.0074396986666667
1.002478158
1.0005981026666666
0.993963804
0.6036581393333333
1.0364428373333334
1.0045532206666667
0.9683382100000001
0.87011351
1.0289441673333335
1.00282926
0.9995734726666666
1.0115325706666667
1.0019519653333333
0.809973842
1.0075933226666667
1.0369558166666668
1.033437752
0.9999574626666666
1.035468326
0.90574818
1.0090847206666667
1.0069436966666667
0.9175418013333333
1.0121642793333334
0.8647353013333333
1.0034032560000001
0.9235892946666666
0.9226865086666667
1.0050115933333332
1.0051527153333333
1.0052350553333333
1.000737988
0.997831772
0.99862059
0.9975536626666667
1.008812152
1.01140156
0.99777382
0.899309504
0.816114788
0.5628831493333333
0.9916573839999999
0.6206600139999999
0.8909426633333334
0.96914667
1.0325433446666665
0.9934350206666667
0.9952190413333333
1.0005631373333335
1.002665382
0.9909138153333333
0.9952997613333333
1.0039427073333334
1.0022325326666668
0.6130587933333334
1.0047882313333334
1.0021857606666666
0.9977506406666666
0.9918291353333334
0.9990038486666667
0.845307924
1.001683236
0.8853868406666667
0.679922318
0.7498655286666667
1.0026185693333334
0.5776959633333333
1.0026185693333334
1.001157878
0.9962232059999999
0.7632308806666667
1.0032626246666667
1.005140954
0.8455492266666667
1.00210392
0.9997479766666667
0.8594747653333333
0.9996781680000001
1.0398303566666667
1.0068020713333334
1.0151667053333333
1.0000622386666667
1.0084331706666667
1.0106518806666667
1.006177036
0.9979592906666667
0.9188963093333333
1.006625096
1.0009012366666665
0.9233708766666667
1.0036142766666667
0.8368014840000001
0.9964543346666666
0.9757962733333334
0.997739052
0.8956898733333334
0.9462156146666666
0.9781964826666667
1.00614168
1.0057175999999999
0.998121634
0.7403392826666666
0.7516305513333333
0.8372908793333332
1.0045767173333333
0.9745895226666667
0.8210055333333333
0.7674449506666666
0.998736698
0.8360033666666666
0.6335133780000001
0.8180111026666667
1.0064128073333334
0.5844089253333333
1.0047059653333335
0.930684052
1.0027941386666666
0.9894414153333334
0.946820532
0.9408368573333333
0.7809031446666667
0.6558053026666667
0.969551406
1.035730514
0.871472952
1.001765008
0.9719759426666666
1.0042243906666666
0.9016126913333332
0.612433754
0.6589444986666667
0.8007620433333333
0.6618180173333333
1.0075696846666666
0.8826756466666668
0.9414555506666668
0.6622312966666667
1.0038371166666666
1.0042243906666666
1.0055410053333333
0.9059965606666667
1.0114730166666666
0.9171499366666667
0.7963376153333334
1.0004815613333333
1.0391887966666666
0.708383948
1.0045767173333333
1.0009128993333334
0.9990387046666667
1.0050703893333333
1.0359553526666667
0.938811186
1.0008079453333334
1.0015430866666668
1.0007146706666668
0.6028658873333334
1.0005981026666666
0.8354992213333333
1.00197534
0.43838946
1.002478158
0.8226488339999999
0.9968012293333333
0.9986322
1.0062006079999999
1.0039192406666666
0.9802504386666666
1.0105805399999999
0.8262571506666666
0.999794522
1.0029814806666666
1.0010645386666668
0.9614235213333333
0.99945717
0.9766616553333334
1.0377450426666666
0.9413936446666666
1.001788374
1.0013913026666668
0.8356536526666667
0.9177280546666666
0.942902338
1.037732506
0.996142336
1.0143874766666665
0.75024539
1.0059413753333333
0.9844407433333334
1.0005281746666665
0.9686002653333333
1.0014146506666666
0.8302421726666667
1.001566442
1.0335496613333333
1.0035790999999998
0.526411768
0.9291739693333334
0.8472505666666666
0.9185818646666667
0.6028574253333334
1.007510596
1.000341748
1.001987028
0.9351828019999999
0.85117963
0.6417295146666667
1.007203446
0.804504378
1.0098202053333334
0.7665409546666666
0.9299283973333333
1.000889574
0.902029276
1.0039427073333334
0.579539508
0.46577097266666667
0.9666383000000001
0.9695185766666666
0.99955021
1.0004349526666667
1.00343842
1.0087055346666667
0.8645873393333333
1.0102952806666667
0.9361510266666667
0.9991432880000001
0.5436426606666667
1.0079243633333335
0.9692341513333335
0.9358960366666667
1.0071089766666668
1.0028526753333333
0.99623476
1.003321216
1.0045532206666667
0.971745036
1.0277992
1.0063774346666667
0.9982956313333334
1.0023143946666668
1.0034266980000002
1.00063307
1.033064894
0.8711636146666667
1.008101796
0.9997596126666667
0.6338078633333334
1.0045884653333332
1.0023494819999998
1.0027356086666668
0.967814524
1.0330276226666666
1.036918264
1.0041891713333333
1.002770726
0.8744983139999999
0.8748278433333333
1.0020337813333333
0.9983420413333334
1.0017766906666667
0.9506135980000001
0.9288725406666667
0.6129844213333333
0.9018872153333334
0.7753138366666668
1.0029463486666668
1.0062006079999999
1.0038019246666665
0.9995618406666668
1.001624836
1.007309746
1.0044709933333333
1.0062595433333332
1.03422163
1.005505694
1.0096303
0.9693654039999999
0.998318836
1.0005514833333333
0.9976463486666667
0.6140667826666667
1.001566442
1.024758374
0.9345824913333333
0.9964890133333333
0.8660867093333333
1.0103428126666667
0.7934981240000001
0.4619660106666667
0.6312693526666667
0.8294084593333334
0.9749545540000001
0.7963302333333333
1.0361302940000001
1.0018351093333333
0.5729717106666667
0.9922186586666667
0.9943550059999999
0.7193888573333334
0.6109744793333334
1.0035204786666667
1.008101796
0.9678472379999999
1.0236105
1.0366679853333334
0.996142336
0.5837099906666666
0.9293549200000001
1.0226234353333332
1.006012062
1.002209146
1.0035556506666667
1.0356930506666666
0.976484016
0.9957150993333334
1.0030400393333332
1.0094523286666666
1.0075224133333334
0.8000386140000001
0.9330597413333334
0.9711956979999999
1.0050115933333332
1.0043652913333334
1.004858756
1.0026068666666668
1.0047294686666668
0.823058716
1.0038488479999998
0.9719869413333333
1.0011228733333335
0.77495711
1.0094523286666666
0.39353545933333334
1.0123193473333334
1.0015314093333334
0.9782967473333333
0.4249855086666666
0.7023371566666666
0.4556414353333333
1.0103665800000001
0.9983304386666667
0.526411768
0.9989573773333333
1.000341748
1.0025483586666666
0.9995734726666666
0.998318836
1.0033094973333334
0.9947925966666666
1.0038136553333334
0.9784639013333334
1.0025483586666666
1.0363052953333332
0.973485034
0.923351026
0.870483846
1.0060709753333335
0.7596938733333333
0.62604746
0.890250142
1.0106756626666666
0.9984000593333333
1.0096303
1.0295978173333333
1.002630272
0.8173106179999999
1.0007962846666667
1.0034266980000002
0.7748592426666667
0.9687969
0.9713494500000001
0.9319158766666666
0.9721079386666667
1.0061888220000001
0.6565170393333334
1.006177036
1.0022208393333334
0.9997014366666668
0.8319388093333334
1.0042948360000001
1.011270584
0.9573411113333333
1.0027121986666665
0.8413256213333334
0.7834243466666667
1.0099864306666666
0.9997596126666667
1.0366179439999998
0.985672028
1.0068610766666668
0.999027086
0.764848284
1.031080854
0.9798031926666666
0.9992362693333333
0.991577254
0.5121653366666666
1.0279344933333334
1.0014146506666666
1.002337786
0.9649226699999999
0.827451026
0.84000925
1.0100220573333332
0.9401675233333334
1.0022793093333333
1.0057882553333335
0.9013194193333334
1.003461864
0.9886670266666666
1.0058706986666666
1.0116159586666666
1.0083976559999999
0.995622772
0.91766923
0.836940088
0.9944931513333333
0.7554645913333333
1.00210392
0.6559705680000001
0.8799269206666667
0.865423556
1.023500732
1.0059884986666665
0.693072018
0.99320529
1.0047294686666668
1.0001670366666666
1.000376698
1.0045532206666667
0.821767396
0.7913270806666666
0.6334433026666666
1.00205716
0.968993614
1.028648448
0.7513412806666667
0.9984232686666666
1.0043887786666665
0.9991897766666666
0.9999807446666668
1.006566118
1.002653678
1.0052703473333333
0.9957497266666666
1.0145192619999999
0.8931474166666666
1.0324937006666668
1.0085397306666668
0.8401160513333332
0.901291048
1.0382091166666667
1.00289951
0.835678042
0.7795495633333334
0.999492058
1.0037315486666667
0.9985857633333334
0.9999109026666667
1.00371982
0.9234999293333334
0.9903768526666666
0.9987250860000001
0.9951613926666667
1.008551572
0.3220690033333333
1.0082911259999998
1.0081846193333335
0.998597372
0.7555376840000001
0.7476269486666667
1.0018701633333333
0.9988760633333333
0.9991200453333332
0.99549585
1.0333507273333333
1.0047529726666666
0.9964890133333333
1.0281682653333335
0.9944470986666667
1.0300052273333333
0.995703558
0.9423334273333334
0.8312062346666667
1.0304500413333333
1.0017416433333333
1.0063774346666667
1.00569405
0.840535304
0.9993408946666666
1.0253577546666668
1.0120569526666667
0.7754118193333334
1.0308704973333334
0.9916917293333333
0.6448318913333333
0.8467828506666667
0.9956573926666666
0.9939408019999999
0.9182676353333333
0.5983265253333333
1.0039192406666666
1.012247772
0.9298981966666667
0.8507833993333334
1.0090728666666666
1.00509391
0.7716226286666666
1.006837474
0.8766312806666666
1.0020688493333334
1.0104735486666667
0.9119891486666667
1.0009362253333334
0.93003915
0.4788840406666667
0.9085647520000001
0.7454922620000001
1.0030868913333333
1.0336864733333333
0.941569066
1.0015314093333334
0.9999807446666668
0.9079309366666667
1.0098320766666666
0.7785180486666666
0.8596295853333332
1.0346327073333335
1.0025717613333334
0.9060825706666666
0.5102729353333333
0.9966508786666667
0.9576826573333332
0.6204717206666667
1.0091795613333334
0.9970557720000001
0.8960729580000001
0.7755378326666668
0.9987831486666667
0.998365248
0.5848904153333334
0.8166967353333333
1.000143746
1.0351064746666665
1.0034735860000001
1.0330152
1.00197534
1.0044709933333333
1.0062359686666666
1.0100576866666666
1.0045649686666667
1.0010995386666668
0.905366322
0.99412485
1.0054350786666668
1.0366054340000002
1.0280206073333333
0.9728125246666667
1.00320404
1.00534094
1.001916906
1.0018117406666667
0.9239270526666666
1.0306602266666667
1.003825386
0.9967087
0.9935614173333334
0.8208486233333333
0.9337392893333334
1.0374693033333333
1.032741968
0.5340238973333333
0.9940098119999999
0.9660512600000001
0.9972641306666666
1.0119734919999999
1.0029580586666667
1.001204554
0.9980752446666667
0.9989225266666667
1.0032860606666667
0.5933914473333334
0.9942169000000001
1.0323447973333333
0.98968081
0.9736395120000001
0.9999691033333333
0.9820322840000001
0.9764285166666666
0.8844387626666667
0.6680355086666667
0.8266229060000001
0.9001199393333333
0.6559655593333333
0.9170813946666667
1.0350690566666667
1.0000156686666666
1.0032274726666666
1.0017416433333333
1.0014380006666668
0.8800170666666667
1.0042243906666666
0.999271142
1.0024430613333335
1.001216224
1.0006913553333334
0.9928494179999999
1.0055527766666668
1.002010404
1.0085278893333334
1.00371982
1.0266076979999998
0.9994339126666667
1.000924562
1.0082319526666668
1.004858756
0.7825108486666666
1.005505694
1.0176321320000001
0.9195356886666667
1.0011812153333333
0.9006390066666666
1.0034853086666666
0.5374957506666667
1.0005981026666666
1.0382969613333333
1.0000855253333334
0.6916879726666666
0.667417842
1.0051997653333333
1.0328288893333333
1.0075933226666667
1.0010412066666665
0.9735070993333333
1.0074278833333332
0.502094586
1.0371060526666667
0.9957150993333334
0.593534952
0.9019535046666667
1.0014963786666666
1.0078652326666666
0.8692506166666667
1.0072270666666667
0.782988742
0.7446521253333334
0.8451748506666666
1.0053880066666667
0.3893401833333333
1.0060709753333335
0.5342132013333333
1.006625096
0.7400777639999999
1.0095947006666668
1.0077351706666666
1.069770302
0.935121718
1.0023143946666668
1.0017416433333333
0.7959317840000001
0.6028489633333334
1.0086344693333333
0.5535500673333333
0.9990038486666667
0.946622284
1.0039661746666668
1.0035087553333333
0.9953458933333333
0.8221527926666666
1.0127370746666666
0.9406823113333334
1.0004815613333333
1.0077588153333332
1.00985582
0.9409193026666667
0.9399720513333333
0.998713474
0.995034588
0.9980404553333333
0.86841577
0.9961885460000001
1.0082437866666667
1.0004349526666667
0.9878938486666666
1.0111872526666665
0.90635026
1.0063892253333333
1.247648418
1.005352706
1.0043652913333334
0.9984000593333333
1.0078415826666667
1.0031688926666666
1.0017766906666667
0.869884412
1.0072388773333334
0.9992362693333333
1.0015897986666666
0.9934005539999999
0.9078541706666666
0.558618634
0.9976579360000001
1.0104616626666667
0.9987599226666666
1.0065071466666666
0.9975420786666667
0.9889174313333333
1.009772722
0.9780739646666666
1.0058942566666667
1.036918264
1.034832136
0.9993525206666667
1.0119019653333332
1.0074987793333332
0.9976926979999999
0.831511988
0.9788429953333333
0.8765060499999999
0.8454327186666666
1.0000273106666666
1.0039192406666666
0.9869063973333333
0.9426126253333333
1.0028058453333333
0.9651828793333334
0.970899314
1.0351937953333332
0.999817796
0.999631634
0.6562211299999999
0.8212488613333333
1.04071222
0.5707749433333333
1.0261049039999999
0.851297728
1.0044240119999999
1.036042816
0.9959459926666667
1.0353560000000002
1.0349817573333333
0.8451083293333332
0.7627158386666667
1.00190522
0.8461822600000001
1.0091084293333332
0.88614494
0.999166532
0.9938718013333334
1.0080071573333333
1.000621414
1.0018351093333333
1.003051752
1.1191659726666667
0.97576302
1.0007962846666667
0.813556338
0.6841462119999999
0.6333498926666667
1.032555756
1.0112586786666666
1.0032626246666667
1.00197534
0.9075760026666667
0.9342267386666667
1.0015781206666667
1.036780596
0.6031579733333333
1.0252353753333334
0.93674314
1.033313436
1.003825386
0.8360521873333334
0.9722179633333333
1.004658962
1.0075933226666667
0.8907855973333334
1.035044112
1.0028409673333334
1.0007030126666667
0.9960961306666667
0.9998294333333333
0.9344401573333333
0.9352744426666666
0.9669973986666667
1.0024898573333334
1.036042816
1.0063302746666667
1.0014496753333333
1.0059767173333334
0.9985857633333334
0.99862059
0.7053591766666667
1.0032509073333333
0.9994339126666667
0.9843843360000001
1.0011812153333333
1.0038723113333334
0.9314813366666668
0.584138684
0.9971599406666666
0.999922542
1.0071089766666668
0.9934809793333333
1.0376698266666666
0.8753627426666667
0.8985381219999999
0.9992478933333333
0.999596736
0.9931249093333333
0.9999109026666667
0.996130784
0.9481373313333333
0.8819778006666668
1.0310066006666665
1.008018986
1.0344582713333332
1.0041891713333333
0.9066659553333334
0.9685675006666667
0.9987715353333333
0.9037945553333334
0.9705373126666667
0.6337704533333333
1.0033094973333334
1.006342064
1.0022559206666666
0.9731762260000001
0.9967665286666667
0.9983884553333334
1.0067784706666667
1.0080426446666666
0.9927117293333334
1.000376698
1.0024430613333335
1.0012979193333333
0.8957739373333333
1.00600028
0.9982608273333333
0.9982608273333333
0.998365248
1.0139444499999999
0.986781688
1.0018818486666667
0.996963196
0.7957548233333334
0.9913369406666668
1.0044357566666666
1.038334614
0.999492058
0.8855602673333333
0.9344401573333333
1.0026770853333333
0.8750595526666666
0.566536162
0.28870430266666663
0.9978665466666666
1.0119019653333332
0.8806486086666667
0.999596736
1.00859894
1.012999822
0.996627752
0.9880756639999999
1.0003300986666666
0.9984232686666666
1.0045179786666667
0.9997828853333334
1.0022559206666666
0.9784416113333333
1.0381087413333332
0.9972062446666667
0.8598533126666666
0.9969516253333333
1.0078061093333335
0.9937338293333334
0.8481875499999999
0.91979169
0.999480428
0.5660582926666666
1.0014496753333333
1.004694214
1.003321216
1.0070499413333334
0.9995036873333334
0.994746516
1.0076878833333334
1.0043300626666667
0.994067328
0.774747424
1.0014496753333333
0.989726422
1.0041891713333333
1.006601504
0.6226259646666666
0.918572042
1.0056234086666667
0.9290634226666666
1.0076406006666667
0.9676836913333333
1.084806854
1.007404254
1.0041539546666667
0.947008422
1.008160954
1.0093218566666666
0.9127450133333334
1.0253577546666668
1.0097252433333332
1.0298446940000001
0.8351012133333333
0.96599694
1.0013446086666666
1.0052703473333333
0.9356717600000001
0.9130748846666668
0.9885191193333334
0.59389607
0.8914789519999999
0.7752578579999999
0.9594154773333333
0.9352438940000001
0.9990503239999999
0.9743021146666667
0.9388317073333333
1.0003533980000001
0.9951613926666667
1.0128803746666668
0.9725371740000001
1.0015781206666667
1.0003533980000001
0.9997014366666668
1.0022676146666667
0.8457823393333334
1.0004582566666667
0.965910042
0.9595333653333333
0.9965352553333334
0.9364878266666666
0.8093327986666666
1.0378328086666666
0.6447350933333333
0.6996998019999999
1.0025951646666666
1.0068256726666667
0.8283846466666667
1.0324068353333333
0.9999109026666667
0.845399436
0.8600427113333333
0.7551524460000001
0.9012626786666667
1.0369933713333332
1.0049175346666666
0.782945922
1.029671868
1.0131909973333333
1.0326302326666668
1.0047294686666668
0.840806808
0.9655517506666667
1.002630272
1.0065189399999999
1.03600533
1.0092032746666668
0.9406617086666667
0.8856972306666666
1.009808334
0.9411461026666665
0.9993176426666667
1.0044357566666666
0.9051850526666667
1.0015897986666666
0.999259518
0.9979013233333334
1.0040131133333332
0.987939296
0.9771616133333334
1.0110801326666667
0.7913999866666667
1.0021156106666667
0.9965699393333333
0.9730329173333333
0.997171516
1.0055410053333333
0.8363940906666667
0.6459131653333333
1.003192324
1.03400999
0.998829604
0.9984232686666666
1.03565559
0.9953804946666668
0.931552048
0.9688843186666667
0.901915624
1.0265340873333333
1.0015080553333333
0.813025024
0.6136719573333334
0.988223438
1.0035087553333333
0.9947349966666668
0.99699791
0.645791766
0.6031495033333333
1.0091795613333334
1.0349942273333332
1.0343461646666667
1.0076524206666666
1.0042948360000001
0.9985509386666666
0.9988876786666666
0.8648658986666666
1.0021857606666666
0.9616064873333333
0.9135992886666666
0.7798114086666667
0.9636129133333334
0.6561108593333334
0.99828403
0.6925858553333334
0.7634750906666666
0.42862661733333335
0.99549585
0.7094663346666666
1.03400999
0.7290417646666666
1.0335620973333333
1.0014263253333333
1.03315187
0.8560230593333334
0.7956000473333333
0.575108434
0.9951037500000001
1.007723348
0.998017264
0.9911310506666667
0.995542
1.0138008486666665
1.0042361306666667
0.8804771006666666
1.005505694
0.445166594
1.0110444313333333
0.8002249393333333
1.0144593553333334
0.8100349473333334
0.6284245073333333
0.5980182813333333
0.704936612
1.0094048806666667
1.0105924293333335
0.8747743893333333
1.0131431966666666
0.9997130713333333
1.003907508
1.0054821539999999
1.0112467733333332
0.99713679
1.0009595526666666
1.002384572
0.8191187580000001
1.01295204
1.0317372226666666
0.967901766
1.0042830946666665
1.0028409673333334
0.959458342
0.9964890133333333
0.9935844026666667
0.9971136406666666
0.6676357113333333
0.9663990493333334
1.00232609
0.9290634226666666
0.9922415813333334
1.005682276
0.6337751293333334
0.7553715853333333
0.9145330513333333
1.0043418053333333
0.8652579266666667
1.006247756
1.0033798146666666
0.8854872373333332
1.0023026993333333
0.996604626
1.0404979153333334
1.0011345413333332
0.8599049586666667
0.5979142166666667
0.9993990286666667
0.993216774
0.9686330320000001
0.8963628253333333
0.575073782
1.009843948
0.9234304346666666
1.0072270666666667
1.036380314
1.008149122
0.999526948
0.923440362
0.8957085526666666
1.0065189399999999
0.9137839446666667
1.0161394206666667
0.9977158746666668
1.0323323906666666
0.9907423813333334
0.9905824293333333
0.95528632
0.9486189806666666
0.786984388
0.9965121333333333
0.9300190113333333
1.0003883486666667
0.6032596346666667
1.0100576866666666
1.038987686
1.0120092593333334
1.011425378
1.037506896
1.0323075786666667
0.8220505093333333
0.612866338
0.9704715233333333
0.9993292686666667
0.6587373153333334
1.0168370786666665
0.9985857633333334
1.0329655106666666
1.00041165
0.5840433646666667
1.0006680406666666
0.9027307646666667
1.001227894
1.0336615953333332
1.0034032560000001
1.0006447266666667
1.027872992
1.0006563833333333
0.667614956
1.0036846366666667
0.9633751573333333
0.831713264
0.7163173660000001
0.9411151686666667
0.9972409753333333
1.0041774326666666
0.9681744973333333
1.0090847206666667
1.0052703473333333
0.999027086
0.907508884
1.0384475866666667
1.0046237126666666
1.0120092593333334
0.656030686
0.970625046
1.0012745766666666
1.0030868913333333
0.99748416
0.9848583573333334
0.6826184926666666
0.659384564
0.997322024
0.5753780906666667
0.6444835533333333
0.741668862
0.9066659553333334
0.9982608273333333
0.9907423813333334
1.0029229286666668
1.000365048
0.880170358
1.005611636
0.6558553739999999
0.9948502026666667
0.9724490953333333
1.0084568486666667
1.0067194746666668
1.0001670366666666
1.0059649366666665
0.9967202653333334
1.0033798146666666
0.9178947666666666
1.0389625526666666
0.9338915626666667
1.033748672
1.0356930506666666
1.0062831193333333
0.8217516733333333
0.969551406
0.9997014366666668
0.9987250860000001
1.006754872
0.8378707380000001
0.9341048286666668
0.8894757946666667
1.008978046
0.8143507513333333
0.7710477526666667
0.8749971573333334
0.995542
0.493532582
1.0009945453333333
1.0025951646666666
0.9990851833333333
0.871340352
1.0062713313333334
0.9011208593333334
0.8810731526666666
1.0111515433333333
1.0009012366666665
0.9996083686666666
0.9231426413333333
0.998318836
1.01016459
1.0094048806666667
1.00289951
0.6134659726666666
1.008385818
0.9354985286666667
1.008409494
1.026350108
1.03315187
0.7597543466666666
0.918120414
0.8699196499999999
1.0048234926666668
1.0369057473333334
0.971107862
0.7785251046666667
1.0402836993333333
0.8348820653333334
1.03427144
1.0076642413333334
0.8403050746666666
1.013262706
0.82649565
0.9970673453333334
0.8629370813333334
1.0069200893333334
1.0006680406666666
1.0013212633333333
1.0007146706666668
0.9186015113333333
0.790686088
1.0010062100000001
0.9962232059999999
1.0030986046666668
1.0122358433333334
0.9929527093333332
0.9719759426666666
1.0102002293333334
0.9825377566666667
0.9983536446666667
1.0033563746666667
1.0016481953333334
1.0002485606666667
1.0271846786666667
0.6824720606666667
1.0079598446666667
1.005835364
0.9972409753333333
0.3517581733333333
1.007215256
1.012677378
1.0035790999999998
0.6447786486666667
0.9962000986666667
0.9982376253333334
0.969781272
1.002209146
1.037168664
1.0044827393333333
0.5339741026666667
0.999526948
0.9983420413333334
0.9960152813333334
0.9416309953333333
1.0034501413333334
1.0079716726666668
0.993389066
0.9933086553333332
0.9967087
1.0100339333333332
0.9926314286666668
0.6028489633333334
1.0070971686666668
1.0025717613333334
0.9357736906666667
0.9139395020000001
0.9242252793333333
0.7868113826666666
1.0032157560000001
0.7337810593333334
1.0033680939999998
0.991577254
0.8303946666666667
1.0051644773333335
0.5749621546666667
0.8178864846666667
1.002770726
1.0214317506666666
1.0332264326666667
1.0350815286666666
1.0008545886666667
0.999689802
0.9236886093333333
0.9988876786666666
1.0069436966666667
0.9979361026666667
1.0091914180000001
0.996789662
0.9992130226666667
0.8225858113333334
0.7030557040000001
0.9543629486666667
0.618114312
1.0029229286666668
1.0301163946666667
1.00171828
0.9416309953333333
0.7870637073333334
0.9525638013333334
1.0069791093333333
0.9339626406666667
0.9359062333333333
1.0011695466666666
0.9983884553333334
1.0372939093333333
0.9008845926666667
1.01782506
0.9994455413333333
1.0041422166666667
1.0049528046666667
0.9982028253333333
1.0028058453333333
0.65630135
1.0031103186666666
0.9987599226666666
0.8695409913333333
1.0005514833333333
1.0004815613333333
0.9179241926666667
0.80481342
0.9200478333333334
0.9760845633333334
1.0058706986666666
0.96818541
0.850412794
1.0000040273333335
1.0061181106666666
0.9990503239999999
1.007723348
1.0031806079999999
0.9660186673333333
1.0058824773333335
0.973485034
1.0147709473333333
1.0416082106666666
1.000341748
1.0035673753333334
1.004905778
1.0034266980000002
1.0083147973333333
1.0021974533333333
1.0372438073333332
0.9929871446666666
0.991382706
1.0052703473333333
1.0330897426666668
1.00275902
0.9680872066666667
1.0021506846666666
1.0370058906666666
0.9355902313333333
1.005658728
1.0000040273333335
0.9989225266666667
1.0043418053333333
0.9346129966666668
0.971338466
0.9691794733333333
0.995668934
1.0037432773333332
1.02669359
0.8253758986666667
1.0010645386666668
1.00431832
0.9601769013333332
0.968436464
0.9009885346666666
0.7877205073333333
1.0069436966666667
1.0333631586666667
0.5265924846666666
0.8801613393333334
0.983876962
1.005800032
0.9339220233333334
0.8309007060000001
1.0067312733333333
0.8136256906666668
1.0004233013333335
0.8541419333333333
1.009748982
1.0125460706666667
0.9951613926666667
1.0030400393333332
0.9361306226666667
0.9758295286666666
1.007711526
0.9340438853333334
1.0028058453333333
1.0361052993333333
0.9979361026666667
0.8948594246666667
1.0000622386666667
1.0360803046666667
0.869092312
0.985841712
0.9951498633333334
0.9997363413333334
1.014100064
1.0062241813333332
1.003930974
1.0029346386666667
1.0048822666666666
0.911070234
1.0085160486666667
1.0115563946666666
0.8271084293333333
1.0045297260000001
0.8595177653333334
1.004600214
1.004259612
0.8269412173333334
1.0345953233333334
1.001087872
0.9878711266666665
0.8463490053333333
1.0085634133333332
1.0075460486666665
0.9171009773333334
1.0014730266666667
0.4836756586666667
0.989726422
1.0074515146666665
0.6446867046666667
0.9938373046666668
0.9221714233333334
1.0291414079999999
0.7594587899999999
1.0045532206666667
1.006023844
0.7592439846666666
0.9973799233333334
0.999166532
0.996442776
0.9955766153333334
1.0348944726666667
0.9736726206666667
1.0025483586666666
0.8142889933333333
0.9892477046666667
0.929535942
0.6334713306666667
0.945080876
1.03518132
1.0106162093333333
0.9970673453333334
1.0123551393333334
0.9931823226666667
0.9965005733333334
1.0168852286666668
0.64481737
0.9785084853333332
0.9065989713333333
0.6129538026666667
0.9991432880000001
1.006059192
1.0376948973333333
0.9696170706666667
0.9991200453333332
0.9883371406666667
1.0079716726666668
0.998794762
1.0328537273333334
0.940888384
1.038748968
0.9977158746666668
1.0372563326666666
0.8712608113333334
0.8748634826666667
0.7554845246666667
1.0330897426666668
1.0035673753333334
0.8451582193333333
1.0320099226666666
0.9691138680000001
1.0036142766666667
1.019734154
1.03540592
0.8965405786666667
1.0075578666666667
0.6135842873333334
0.8906008846666666
1.00371982
0.9967665286666667
1.0051056706666666
1.0288825453333335
0.6992327586666667
1.01016459
0.32158188733333337
0.8434569813333332
1.0007729653333335
0.593231624
0.9996781680000001
0.8176217960000001
1.0047529726666666
1.0045414733333333
1.0359678466666666
1.0132985646666666
0.8265672266666667
1.0296224999999999
0.8598188853333333
1.0038136553333334
1.0279344933333334
1.0053997746666667
1.031043726
0.97359537
1.028981144
1.0049763193333334
0.99874831
0.9977274626666667
0.655840352
0.9996665339999999
0.6033613306666666
0.8451249586666666
0.754290408
1.0049528046666667
1.0016365153333333
1.0364803553333333
0.6155761733333333
1.0014029766666666
0.9957612693333334
0.9916001466666666
1.0061652506666665
0.7600165093333333
0.9846212893333333
1.0269267986666668
0.7402754806666667
1.0064245986666667
0.8760680253333333
0.8841656553333334
1.0359803406666666
1.031501824
0.5459472853333334
0.7997630106666667
0.7549201653333333
0.6559455226666666
1.0085160486666667
1.0064128073333334
1.0351438960000001
1.0321339253333335
0.5626840426666667
1.0051056706666666
0.9993874013333334
1.0043300626666667
0.870572068
1.0344707286666668
0.9179340013333334
1.0080899653333333
1.0073688113333332
0.878370308
0.8497313873333333
0.9288524519999999
0.9947925966666666
0.3186106613333333
0.8217831193333334
1.0298817353333334
1.0379707566666665
1.0047059653333335
1.0029346386666667
1.0031571773333334
0.9361612293333332
0.59337915
0.9236687446666666
1.0046707126666667
1.000737988
1.008267456
1.0095947006666668
0.995553538
0.9976811106666668
1.0070263293333335
1.0006796973333334
0.9023988433333334
0.904870388
1.0030049033333333
0.9926658413333332
0.9983420413333334
0.9757297686666667
1.0024430613333335
0.918473824
0.9813815526666667
0.5601266713333334
0.9185425740000001
1.01004581
0.6273001493333333
1.0084331706666667
0.996928484
1.0005864473333332
0.8647178913333334
0.3895096673333333
1.0096303
0.8708456686666667
1.03016581
1.0044592473333334
1.002536658
1.0192622566666667
0.9426333133333332
0.998133232
1.000877912
0.593248012
1.0004815613333333
1.0024079673333335
1.0045767173333333
1.0200974493333332
0.946100976
1.0072506879999998
1.00205716
0.6127526706666667
0.9994222846666666
0.9262583400000001
1.0092862793333333
1.0095353740000002
0.96758559
0.5665735293333333
1.000073882
1.001239564
1.0073924393333333
0.788588296
0.655995616
1.0140402066666667
1.006177036
1.005411542
0.965464932
0.9723500253333334
0.9966508786666667
1.0352436986666667
0.9984464786666667
1.0032157560000001
0.99776223
0.7998598226666667
1.0349692873333334
0.9999458219999999
0.9990851833333333
0.9982608273333333
1.000924562
0.9471650540000001
1.0023728753333334
0.87558581
0.999375774
0.8268138633333333
1.0033798146666666
1.0088713933333333
1.005505694
0.864474226
0.6867497533333333
1.0111158366666666
1.0141240086666667
0.971338466
0.8968775673333333
1.0016131566666666
0.9957266413333333
0.9989341433333334
1.012904262
0.923827686
0.7755028253333334
0.9410636173333334
1.0018351093333333
1.00256006
1.0108302746666666
1.0011928846666667
1.006294908
1.0016715553333333
0.9921957366666667
0.7294379793333332
0.7795071186666668
0.5770362406666667
0.9970789186666666
0.7115526373333334
0.35171496533333335
1.0032860606666667
0.8801793766666667
0.9995734726666666
1.0078061093333335
1.002864384
1.0038957753333333
0.9995734726666666
0.9984464786666667
0.9354475906666666
0.9774395886666666
1.0075342306666666
0.9965352553333334
1.0106518806666667
0.9971830920000001
1.005188002
1.002337786
1.0042243906666666
0.9956458526666667
0.9531028326666666
1.001683236
1.0067666713333332
0.8697963293333334
0.971767022
0.30691710666666666
0.9979592906666667
1.0319355353333333
0.9993641473333333
1.000271856
0.8766223346666667
0.7707156846666666
0.9963040886666666
0.835889474
0.9997130713333333
1.0013679553333332
0.6737626353333334
0.5155868426666667
0.9999458219999999
0.84234039
1.0248439566666665
1.0391133706666666
0.9985045093333333
0.75544466
1.005800032
1.0107232306666667
1.0079361900000001
0.865074936
0.9377350733333333
1.0018351093333333
0.8748634826666667
1.004306578
1.0023494819999998
1.0263991626666666
1.0017299613333333
1.005211528
0.860447616
0.8430265366666666
0.518975972
0.9405690093333333
0.88041393
1.000737988
0.934501152
1.0010645386666668
0.993607388
1.0158149753333334
1.0346950206666667
0.7713316206666667
1.03565559
1.0003533980000001
0.9008845926666667
1.0000855253333334
1.0316133153333333
0.9918405873333332
0.9970904926666667
0.7784263333333333
1.0367555693333335
0.821618054
1.0004815613333333
0.8403708413333334
0.997322024
0.989350248
0.9993525206666667
0.90693399
1.004905778
0.9999458219999999
1.0020220926666665
1.0079243633333335
0.9974030853333333
0.9912454233333333
1.0326302326666668
1.0319231386666667
1.0064363906666667
0.9928264666666667
1.0338233213333332
0.9001293713333333
0.8085938073333333
0.9886670266666666
0.8182058953333333
0.4247732513333334
0.6799761406666667
0.9999807446666668
1.0038136553333334
1.033736232
0.900742892
1.0025834626666665
1.005411542
1.0053291739999999
1.0334999206666666
1.00542331
1.0142916546666667
1.0056351813333333
0.999515318
0.9892135280000001
0.9916573839999999
0.7015799626666667
1.0044709933333333
0.9969747666666667
0.8853868406666667
1.0373690706666667
0.8216337713333334
1.01242673
0.9992130226666667
1.0014029766666666
0.6132513700000001
0.8042708693333334
0.902038748
0.779068792
0.7581717766666667
1.0028526753333333
0.9146401666666667
0.840625786
1.0007496466666665
1.0022442266666667
1.0094523286666666
0.0
1.0044709933333333
0.977684338
0.680277704
1.0315637606666666
0.9931593566666667
1.000889574
1.0174754326666666
0.645020732
1.000341748
0.9768837953333334
1.0026887893333332
0.9994455413333333
1.0065071466666666
0.6130412926666667
1.0042478713333334
0.803826824
0.972162948
0.9931823226666667
0.9233014020000001
0.600375646
0.815828
0.9990503239999999
1.0089898973333333
1.003075178
1.0020805393333334
1.0059178153333335
1.0109373413333334
0.9461739246666666
1.00431832
1.0041656933333334
0.8084416053333333
1.0065189399999999
0.850353864
0.9413730113333333
1.0375570226666666
0.937612246
0.49190467600000004
0.9983072333333333
0.998133232
0.9292041226666666
1.0020805393333334
1.0086463126666665
0.99265437
0.6129013206666667
0.999794522
0.999027086
1.0003533980000001
1.0076051413333333
1.0179698033333333
0.89038856
0.7843471419999999
0.8574671673333334
0.5838885366666666
0.9997363413333334
0.9238972406666667
1.002700494
0.6120584693333333
0.9955766153333334
1.0041539546666667
1.0081136266666668
0.9992013993333333
0.8711371106666667
0.566088136
1.012605752
1.0015430866666668
1.0042009106666665
0.9992478933333333
1.016813006
1.0017766906666667
0.9898860979999999
0.9231227999999999
1.004095266
0.8601891220000001
0.8855420086666667
0.8406340126666667
0.9967318306666666
0.9982956313333334
1.005493924
1.005752926
1.000283504
1.0000855253333334
1.0012512346666667
1.0048470013333335
1.001239564
0.9985625459999999
0.9234800726666668
1.0022676146666667
0.6338920526666667
1.0063892253333333
1.0108302746666666
0.9992943919999999
0.5638882053333334
1.0086700006666667
1.0073688113333332
0.9989573773333333
0.9358450553333334
0.4284833666666667
1.006566118
0.995034588
1.0001321013333333
0.8678630193333333
0.9406411073333334
1.0308457553333332
1.0043418053333333
0.8547283646666667
0.8500004546666667
1.0005631373333335
0.6232855593333334
1.0074869626666667
1.0123432086666666
0.6842007053333333
0.48539479399999996
0.908766606
0.5191704446666667
0.9698250679999999
1.0007146706666668
0.845191482
1.001683236
0.8913401946666666
0.7550993406666666
1.009381158
0.9998992633333333
1.0011812153333333
1.002291004
0.9996549
0.9956804746666666
1.0299928766666666
0.9410636173333334
1.0384475866666667
1.001519732
0.93529481
1.01140156
0.9663773053333333
1.0093099973333333
0.9350097519999999
1.0031220326666666
1.00404832
0.8756482899999999
0.7549268
1.025957838
0.999934182
1.000190328
0.6007871553333334
1.0000622386666667
0.8219561166666667
1.0076169606666667
0.7962121326666667
1.0009362253333334
0.9985393306666667
1.00041165
1.0095116453333333
0.9998992633333333
0.9991316666666666
1.002665382
1.003461864
0.6736622400000001
1.0064363906666667
1.0046707126666667
1.004506232
0.844493506
1.0023494819999998
0.9862944886666667
1.009654034
1.0042830946666665
0.6009847126666666
0.9980288593333333
1.0028058453333333
1.037995842
0.9931938060000001
0.5422870033333334
1.0064717673333332
0.6829604126666666
0.9907995193333333
0.56634193
0.9679890233333334
0.6338312473333334
0.9953804946666668
1.0123193473333334
0.9992130226666667
1.0076287806666666
0.9999458219999999
0.99862059
0.9799596826666666
0.9851407293333333
0.6336722726666667
1.0036611819999999
0.9984464786666667
0.9982028253333333
1.0036142766666667
1.0018818486666667
1.0036260026666668
1.0087055346666667
1.0004466046666667
0.9991316666666666
1.0040248486666665
0.870483846
0.999794522
1.0329779326666666
1.0310561013333333
0.8410949586666667
1.006177036
1.0004466046666667
0.7671433820000001
0.7918304039999999
0.996465894
0.9684037106666666
1.0115325706666667
0.7919107033333334
0.791553132
0.7291593460000001
0.574869806
0.9983884553333334
0.8761395093333334
1.006094542
1.0081136266666668
1.000271856
1.00289951
0.9967433966666668
0.802482632
0.9859322346666666
0.9986670300000001
0.9709651613333333
1.0057882553333335
1.0082319526666668
1.0044592473333334
1.003461864
0.9984232686666666
0.9996781680000001
1.0069436966666667
0.9501719606666668
1.031898346
0.931339946
0.7919399073333334
0.9398075066666667
0.999259518
1.02236784
1.00371982
1.003192324
0.6129975446666667
1.0007729653333335
1.000283504
1.0304624033333334
0.7441360586666667
1.0036611819999999
1.0110325313333333
1.0365929253333335
1.0036377286666667
0.9893958293333334
1.0384726953333334
0.995034588
1.0040365839999998
0.9698141186666667
1.0054703846666666
0.9031198973333333
0.679707114
0.9948732473333333
0.9979592906666667
1.002665382
1.0045414733333333
0.9956112326666666
1.0010412066666665
1.010449776
0.9892021366666667
0.9682836326666667
0.9659426266666666
1.0102952806666667
0.75171606
0.9332726273333333
1.0044944853333333
0.40618381
1.0051056706666666
0.9987715353333333
0.6229510693333333
0.8655543613333333
0.708249612
1.0302522986666667
0.997021054
0.9978781386666666
0.9972525533333334
0.9044035619999999
0.986498374
1.0088713933333333
1.001356282
1.0014496753333333
0.9417342286666667
0.9910853093333334
1.0331767226666666
1.0079361900000001
1.003755006
0.9690482713333334
0.7467884886666667
0.9295862380000001
0.8408808846666668
1.0065779126666667
0.557758986
1.0146510813333334
1.0107232306666667
1.0109730353333333
1.0367180313333333
1.031477052
0.9716021479999999
0.5093984186666667
1.001987028
0.7406967766666667
1.0052585833333332
0.9995851039999999
0.9351420786666665
0.970690856
0.9350809999999999
1.0262029713333334
1.0060709753333335
0.8647265966666667
0.7832671873333333
1.0128206613333333
0.6683837746666667
0.69841977
0.973628476
1.0048470013333335
0.26406436533333333
1.0122597006666667
1.019770472
1.0047294686666668
0.9672260546666667
1.0265586233333333
1.035867904
0.9419614213333333
1.0108540653333333
1.0009012366666665
0.998864448
1.0082556213333334
1.0018467933333333
1.0347573413333333
1.0028526753333333
0.8541759073333333
1.0040835293333332
0.9987250860000001
1.002747314
1.0048705113333334
0.686261452
0.7717959526666667
1.00542331
1.001286248
0.9953804946666668
0.9945737533333333
1.0044709933333333
1.0073333713333332
1.0074278833333332
1.0058589199999999
0.9993292686666667
0.9311985986666667
0.9306941353333333
0.47915651000000004
1.00648356
0.9996665339999999
0.9997130713333333
0.999724706
0.9469875413333333
0.9349995746666667
1.0087647633333332
1.0032626246666667
1.0052585833333332
1.0380083853333333
0.7998374793333334
1.0011812153333333
0.9948732473333333
0.8454327186666666
0.8227355053333334
1.001893534
1.0011345413333332
1.0038136553333334
0.995634312
0.8946730193333333
1.002770726
0.821484478
0.7555576206666667
1.0005981026666666
0.9986786406666667
0.65027969
0.9969400546666667
1.0345953233333334
1.0353809593333334
1.0036142766666667
0.808746066
0.9070010233333334
1.005140954
0.361080922
1.0055998633333334
0.9988760633333333
0.7226630706666667
1.0042948360000001
0.6232674693333333
0.6989027866666667
0.998121634
1.0041891713333333
0.9992943919999999
0.7180718573333333
1.0062006079999999
1.0075342306666666
0.9650635993333334
0.804579732
0.9120472473333333
0.61285322
0.869558596
0.9679344853333334
0.5932357206666666
1.0381840213333333
1.0381338333333334
1.0028526753333333
0.995980636
0.9767171813333333
0.9487866253333334
0.7833671906666667
0.8501855373333332
0.845649116
0.87552334
0.56634193
1.0050115933333332
0.77875096
0.6440921226666667
1.00289951
1.009250704
0.8811996913333334
0.9939523026666668
0.9986089806666667
0.99862059
1.004259612
1.0355432233333333
1.0015897986666666
0.927688816
0.8803507686666667
0.6928539986666666
1.0005281746666665
0.9311683153333333
1.0028409673333334
1.0365553993333334
1.0297459293333333
0.9898404713333333
0.9932282579999999
1.0074515146666665
1.0284144566666666
1.0334874866666668
0.9975073266666666
1.035705538
1.005282112
1.0186216593333333
0.5305769433333333
0.9760512906666666
0.8550857173333334
1.0069082866666665
0.9671607133333333
0.8647527119999999
0.8403790626666667
1.005611636
0.900044488
0.7915166633333334
0.9348774626666667
0.6008922226666666
0.9679344853333334
1.0248806393333332
1.0337984366666666
0.9509714146666667
1.0018234246666666
1.0051644773333335
1.0336242813333334
1.0061063259999998
1.0051997653333333
0.7835672733333334
1.037344016
1.0102121099999999
0.6128007553333333
1.0071562093333333
0.40955352066666667
1.0009012366666665
0.8213587993333333
1.0053997746666667
1.0322951726666667
0.870307456
0.9711407986666667
1.0007030126666667
1.030994226
1.0315637606666666
0.8976648613333333
0.9700002926666667
0.9523948193333334
1.0034853086666666
1.000737988
0.9432750886666667
0.946924906
1.018054256
1.011925806
1.0084331706666667
0.8639264793333333
1.0168611533333334
0.9056144933333333
0.4901503893333333
0.726243424
1.0034853086666666
0.9295661186666666
0.8799900213333334
1.001765008
1.0093930193333334
0.99357291
1.0016481953333334
1.0376948973333333
0.8806937533333333
1.005611636
0.9355800413333333
0.6335834686666667
0.9961769926666666
0.9905481606666667
0.9946198173333334
0.9977274626666667
1.000201974
0.998318836
0.999689802
1.0370058906666666
0.5581322626666667
1.0010762046666668
0.9997130713333333
0.992619958
0.9998527086666666
1.007168018
1.0328040533333334
0.9997363413333334
0.999922542
0.9755303099999999
1.002337786
1.0036846366666667
0.8224597953333334
1.0029931920000001
1.0077351706666666
1.0040365839999998
0.9872807153333333
1.0005631373333335
0.8264161353333334
1.0006913553333334
0.6230730713333333
1.0062713313333334
1.035718026
1.0070263293333335
0.902892072
0.9876439613333333
1.0028526753333333
0.9906738239999999
1.03583043
1.0011812153333333
1.0005864473333332
1.0023728753333334
0.9286516166666667
0.5840433646666667
0.9676400879999999
1.0055527766666668
1.00190522
0.8972054386666667
0.9667144506666667
1.0092862793333333
1.006177036
1.0023494819999998
0.8492441366666666
1.005211528
0.9724601039999999
1.0004349526666667
0.8350038
1.0078652326666666
0.8357430866666666
1.0044709933333333
0.775117946
0.995703558
1.0066486886666666
1.0111753493333333
1.0362302873333333
0.8402310986666667
1.0039779093333334
0.9276787973333334
0.999375774
0.8944773766666667
0.7868834593333333
1.014315608
0.9988992946666667
0.9412389153333334
0.9087377646666667
0.9984464786666667
1.0049528046666667
1.0088239993333332
1.0050115933333332
0.9976811106666668
0.9697703233333334
0.6559455226666666
1.0140162659999998
1.000737988
0.994769556
0.804481774
0.8177541186666667
0.517092138
1.0091084293333332
0.645224222
1.001239564
0.656507004
1.033412886
1.0065071466666666
1.006342064
0.977017128
1.008504208
1.0044122673333333
0.9918405873333332
0.6131900826666666
1.003051752
1.032779218
0.9354883406666666
0.9983768513333333
1.006896484
0.987689386
0.994769556
0.9943895386666667
1.003497032
1.007215256
1.0032274726666666
0.9953458933333333
1.037732506
1.0041304786666667
0.9372439573333333
1.000609758
0.9991897766666666
0.9977506406666666
0.9973104446666666
1.004306578
0.9990387046666667
0.9971599406666666
0.667464516
1.0054703846666666
1.0089424926666668
1.0021506846666666
0.6439714066666666
0.9654323786666668
0.8206839333333334
0.99777382
1.0095709693333332
0.8853503386666667
0.9718769693333333
0.8801433026666667
1.046685016
0.9953228266666667
0.9241258493333333
0.6472564553333333
0.8255742146666667
1.0037315486666667
1.030709694
1.0041539546666667
1.0041539546666667
1.0415829506666667
0.8011952346666666
0.8746585946666667
0.9469144673333334
0.9997596126666667
1.0042948360000001
1.0052703473333333
0.999817796
1.0037784646666668
0.7439169466666667
0.8221921393333333
0.7336118566666667
1.0349194093333334
0.8502276126666667
1.0264604880000001
0.8545497999999999
0.9985509386666666
1.00343842
1.0018000573333334
0.991554362
0.9294957086666666
1.0049880773333333
1.0364303320000001
1.0026068666666668
0.6990563553333333
1.0099270580000002
0.898519324
1.0100339333333332
1.0008545886666667
0.603225744
0.9982608273333333
0.9999807446666668
1.0363177973333333
0.8598791346666667
1.0075342306666666
1.000190328
0.6809949886666666
1.0013329359999998
1.004506232
1.0353934393333335
1.0082201193333333
0.9541191373333333
1.0379582146666666
1.009701506
1.0030283266666666
1.0053291739999999
0.6108615126666667
0.9996083686666666
1.0023143946666668
0.9993641473333333
0.935121718
0.9972872873333334
0.7827104946666666
0.972162948
1.011377744
0.9960152813333334
1.0109611373333334
1.000574792
1.0079125366666668
1.0031571773333334
1.002209146
0.953589542
1.0355432233333333
1.0027121986666665
1.0325929933333333
0.77508997
0.8962692993333333
1.0001321013333333
0.60387457
0.6952541533333333
0.822262972
1.000365048
0.9997363413333334
0.6307224060000001
0.9982260253333334
1.0349568173333334
1.001893534
0.978664562
1.0060709753333335
0.8784421686666666
1.0102358713333333
1.00021362
1.0014613506666665
1.0046119633333332
1.0046707126666667
1.001286248
0.99780859
1.0371060526666667
1.005211528
0.8458323086666666
0.6030055453333334
1.0028058453333333
0.9936763519999999
0.9701427093333334
1.0042243906666666
1.0070971686666668
0.870810356
0.8695850046666667
1.0014146506666666
1.00404832
0.972592232
1.0116159586666666
1.0057882553333335
0.8312223213333333
1.0072506879999998
1.0018351093333333
1.0020805393333334
1.0064363906666667
0.9127838093333334
0.9989922306666668
0.7305360073333333
0.5662150046666666
1.0044357566666666
1.0008429273333332
1.0058942566666667
1.0085278893333334
1.0343586193333334
1.0357430026666665
1.0059767173333334
1.0005981026666666
1.035480808
0.9982956313333334
1.0335247906666667
0.998841218
0.885085788
1.0348944726666667
0.999515318
0.8106618026666667
1.0035908253333334
1.0057882553333335
1.0047647253333334
0.99470044
0.8167976906666666
0.9997014366666668
1.0346950206666667
0.9121440953333334
1.0214438966666666
1.0068610766666668
1.0036260026666668
0.90221876
0.7300455193333334
1.0034853086666666
1.008125458
0.9351318986666667
1.0036846366666667
0.8955124573333333
0.5103487266666666
0.7523942426666668
1.0136931746666666
0.994435586
0.593978204
0.9958998053333333
0.613483498
0.9633967666666667
0.8354504653333333
0.9972757093333333
0.9989225266666667
0.9984929026666667
0.995023062
0.9916459360000001
0.8811273786666667
0.7591366273333333
0.9984929026666667
1.0075815033333333
1.0026887893333332
0.8811996913333334
0.7026933726666666
0.9986902513333333
1.0339602053333332
0.9235793640000001
1.0025132573333333
1.01499877
1.0090965746666667
1.0163077333333335
0.6153733166666667
1.0106399893333333
0.8222944573333333
0.6997397006666667
1.002630272
1.0044827393333333
0.9026264206666667
0.9938948006666666
0.6229375166666667
0.99780859
1.0018234246666666
1.0080781346666665
0.6339949806666667
0.91798305
0.9948156380000001
0.9709761373333334
1.0073333713333332
0.9986902513333333
0.906445902
0.9478757699999999
1.001928592
1.0031571773333334
0.7629055100000001
1.0355931606666666
1.004964562
1.001987028
0.9172184886666667
0.9996200006666667
1.002384572
1.002384572
0.6125429346666666
1.0092388460000001
1.0129639846666667
0.9599730213333334
1.0075933226666667
0.9742579126666666
0.8410043753333333
0.965530044
1.0009945453333333
1.000609758
1.0263010573333333
0.8797917359999999
1.0021740686666667
1.0099270580000002
1.000621414
0.9944010499999999
1.0025249573333335
1.0004349526666667
1.034122024
0.9683054626666667
1.17166361
0.9993990286666667
1.076972742
0.6023205713333334
0.8264161353333334
0.9943550059999999
0.8129403860000001
1.0001088126666666
0.8193375233333333
1.035056584
0.7713316206666667
0.794974188
1.0265463553333334
1.0120688766666668
1.0073333713333332
0.9982956313333334
1.0064481826666667
1.0041070033333335
1.0044357566666666
1.0394277166666668
0.9995036873333334
0.9039562426666666
1.005211528
0.953060534
0.8547964086666666
0.7023371566666666
1.0000622386666667
1.0101883493333332
0.6584949246666667
1.006589708
0.998365248
1.0010062100000001
1.000341748
0.9968937753333333
1.008847696
1.0004466046666667
0.9939063006666667
0.9167779746666667
1.0041891713333333
0.981684372
1.001227894
0.9318855466666667
1.005352706
1.0005398286666667
1.008847696
0.8802605539999999
1.0037432773333332
1.010319046
0.9988179893333333
0.8952324693333333
1.0005981026666666
0.92963654
1.0100933186666665
0.7672187520000001
0.9350911793333333
1.0058824773333335
1.0041539546666667
1.0001088126666666
1.0062006079999999
1.0063538539999999
0.9944470986666667
1.000877912
0.9984348733333333
0.9996200006666667
1.0067076766666667
1.0220029259999999
0.659263108
0.992390604
1.0079125366666668
0.8421999913333335
0.9178457273333334
1.0057882553333335
1.0262029713333334
0.9346129966666668
0.9855137093333333
0.8129403860000001
0.5939207080000001
0.9849486986666668
1.0307715353333333
1.002162376
1.0102002293333334
0.70932573
1.005564548
1.003930974
1.0090017493333334
1.0042830946666665
1.0003999993333335
0.9018398713333333
0.989863284
1.0116874453333333
0.9940788313333334
0.9997014366666668
1.0133702893333334
0.8225227979999999
1.009938932
0.9993060173333334
0.8451748506666666
1.001519732
1.0083503066666668
0.902446246
1.0348695373333334
1.0023143946666668
1.0035908253333334
0.9403013139999999
0.8514664953333333
1.0320099226666666
1.0387238460000001
0.610089248
1.00256006
1.0352936073333334
1.0044827393333333
0.8688549633333333
1.0032860606666667
1.03028937
1.0245017106666665
1.0339850973333333
1.0257005733333333
1.0106399893333333
1.0012512346666667
0.9881665966666666
1.0041891713333333
0.9999574626666666
0.9991432880000001
0.9932856833333333
1.009938932
1.0013329359999998
1.0012745766666666
0.8857976973333332
0.6130762953333334
0.9673894466666667
0.7962785600000001
0.9742579126666666
0.9957497266666666
1.0332761466666667
0.9991897766666666
0.8381159899999999
1.033611844
0.81263276
1.0058706986666666
1.000236914
0.7671365306666666
1.0229157
1.007286122
0.6027389813333334
1.0067430726666666
1.0041187406666667
0.9993060173333334
0.9254998806666668
0.9656168746666667
0.9851294313333333
0.9973799233333334
0.9021240079999999
0.5754204886666666
0.9766283433333333
0.995738184
0.9962694226666667
0.99915491
0.9287218993333333
0.9174732013333334
1.0048470013333335
0.8266785926666667
1.009998306
0.9883826293333333
0.9975536626666667
0.9972062446666667
0.7121130266666668
0.5264827493333333
0.8727923053333334
1.0066840806666668
0.9537483586666667
0.7191238673333334
1.0091914180000001
0.9716021479999999
1.013908546
0.9995036873333334
0.9396738566666666
0.7748173066666667
0.7055735473333334
0.9976231760000001
1.0041891713333333
0.623624936
1.027996002
1.0007962846666667
1.0079361900000001
1.002747314
0.82101338
0.9911196153333334
0.8244411313333333
0.8600427113333333
0.7025037286666668
1.0107232306666667
1.0057411506666667
0.584011598
1.0014963786666666
1.0095709693333332
1.0043770353333332
0.9997479766666667
0.8050472433333333
1.005847142
0.9397663793333333
1.0075933226666667
0.9972293986666667
1.0089898973333333
1.0032626246666667
1.0029112193333334
0.40513399666666666
0.9413730113333333
0.9946889219999999
1.034545482
1.0054703846666666
1.0767567426666667
1.0335496613333333
0.8675387153333333
1.0049528046666667
0.610362354
0.9093438266666667
1.010283398
1.0065779126666667
1.0044709933333333
1.0063774346666667
0.8311740633333333
1.0093692973333332
0.6448609366666667
0.996442776
0.880107232
1.001356282
1.002782432
1.0035790999999998
0.9993525206666667
1.009808334
1.0042126506666667
1.008267456
0.9984232686666666
0.5934857426666666
1.0018818486666667
0.9990038486666667
0.9966971353333334
0.6136018193333334
1.0314027413333333
1.0341095746666666
1.011163446
1.0358054493333333
0.998597372
1.0066604860000001
0.9720419366666667
1.004060056
1.0035087553333333
1.0043300626666667
0.9316732926666667
0.9996665339999999
1.0028526753333333
0.9957728126666666
1.036768082
0.9982376253333334
0.791742824
0.9664425406666666
0.9964774533333333
1.0012979193333333
1.0023494819999998
1.0076997046666667
0.8184475666666667
1.0074396986666667
0.9957612693333334
0.99894576
1.031229392
0.984768032
0.971701066
0.79415837
0.9978897306666666
0.5935882713333333
1.0010412066666665
0.7708955193333333
1.0345205633333334
1.0000156686666666
1.0321959373333334
0.8226173213333333
0.9971136406666666
1.000271856
1.0038019246666665
0.9997712486666666
0.998365248
0.9663012086666666
1.0035790999999998
0.974014876
0.7368021846666667
0.9596727246666666
0.24867726999999998
1.0002951526666668
1.0001670366666666
0.8693649833333333
1.0066604860000001
1.0115206593333335
0.9975536626666667
0.8459655893333333
1.0026068666666668
0.9771838453333334
0.9984000593333333
0.6449965153333334
0.534186624
1.0124028653333332
0.9976695226666668
1.0045297260000001
1.011854286
1.0029112193333334
0.9701317526666666
1.0063066966666667
1.0093930193333334
1.0032860606666667
1.00086625
1.0329406673333332
1.035094002
1.0015080553333333
0.9818190186666668
0.9346129966666668
1.0038957753333333
1.008551572
0.999061944
0.6128750833333334
1.0068610766666668
0.996928484
1.0114968373333333
1.032866146
0.9969053446666667
1.0035556506666667
0.870933964
1.0398932973333335
1.0000971686666666
0.9981564286666667
0.9084206253333333
1.004353548
0.9931938060000001
1.009701506
1.0015897986666666
0.779061726
0.7248828780000001
0.7695143326666666
0.56651748
1.005411542
1.0028526753333333
0.8922475246666667
0.8055908420000001
0.883492712
0.8970742613333333
0.6587373153333334
1.010532986
1.016584368
0.963591294
1.0148308906666665
0.7867465260000001
1.0008079453333334
0.9005351453333332
1.0141838760000002
0.9989573773333333
0.9946083013333333
1.0060356266666666
1.0096896373333335
0.6557302093333334
0.8959514566666666
0.95265888
0.8753984260000001
0.779139456
1.0334626186666667
0.9979129160000001
0.9996781680000001
0.8702016566666666
0.9545644520000001
0.5882912433333334
0.9977274626666667
1.006094542
1.0080308153333333
1.00509391
0.8470751126666667
0.996604626
0.8701752106666666
0.6563866053333334
0.9297673499999999
1.0066486886666666
1.0027121986666665
1.0344831873333333
0.9463094306666667
0.7409076053333333
0.631334308
0.9135798553333334
1.0043418053333333
0.8784062373333333
0.9153224
1.033301006
1.0039779093333334
1.0022442266666667
0.9935844026666667
1.0385982553333333
0.9976115893333334
1.0074396986666667
0.9699893393333333
1.000889574
0.9314106360000001
0.612765784
1.0050468706666666
1.0035908253333334
0.9952421033333333
0.8129249993333333
1.0024079673333335
0.9971946679999999
1.0019636526666666
0.88472115
0.7879445033333333
0.9005917939999999
0.9786199633333333
0.9705592446666667
1.0033094973333334
0.9971830920000001
0.6150252453333334
1.007888884
0.993699342
1.002864384
1.0349318786666666
1.0363052953333332
0.9892590973333334
0.9949078160000001
1.0005981026666666
1.0008429273333332
0.9987599226666666
1.00614168
1.0030986046666668
1.0054468466666666
1.011068232
0.9695842373333333
0.8648571906666667
0.9975536626666667
0.8220269093333333
0.6129494286666667
0.9995036873333334
1.00256006
0.9984696900000001
0.9763952206666666
1.0067194746666668
1.0032157560000001
0.8320758066666667
1.0000622386666667
1.0045179786666667
1.0000622386666667
1.0082319526666668
0.8762825133333334
1.0081727866666668
0.9057099799999999
1.005658728
0.9933201420000001
0.9998410706666667
1.009381158
0.9973799233333334
1.0089543433333332
1.0059295953333334
1.002010404
1.004095266
0.999526948
0.8801793766666667
0.99636187
0.8163785013333333
0.9976695226666668
1.0065071466666666
0.99320529
0.953039386
1.0061298953333333
0.9287721073333334
0.812917306
1.00031845
1.00205716
0.9979361026666667
0.9908452346666666
0.8971117366666668
0.8453578373333334
0.8283846466666667
1.0032509073333333
0.998133232
1.0116517006666665
1.00197534
1.0036611819999999
1.006625096
1.000201974
1.0038019246666665
1.0356431033333333
0.913055474
0.7116469566666667
0.9998527086666666
0.33587888666666665
1.0007846246666667
0.822806432
1.016007214
1.0186699780000001
0.9413626953333334
0.733474046
0.996523694
0.9707347346666667
1.0114968373333333
1.0057764786666668
0.6686335013333333
0.850210782
1.01196157
0.8259234826666667
0.9710749273333332
1.005282112
1.0159351159999999
1.0089187913333333
1.000831266
1.0077706386666667
0.99955021
1.0060356266666666
0.9965005733333334
1.0019636526666666
0.9751316373333334
1.000621414
0.9019535046666667
0.951983176
1.0066958786666667
0.9340743559999999
1.0091677053333332
1.0348820046666667
0.9968822060000001
1.0069436966666667
0.8796836180000001
0.4918201833333333
0.918473824
1.0141479546666665
0.7791959973333334
0.9406823113333334
0.9680872066666667
1.0042361306666667
1.0018000573333334
1.0038840433333334
0.9938488033333333
1.0038723113333334
1.013561604
0.9972525533333334
1.002665382
1.0341469233333334
0.8686089606666666
0.923569434
0.7521438973333334
0.7918377033333333
1.1628133246666665
0.8714994766666667
1.0098320766666666
0.8796025466666667
1.0036025506666666
0.6441404213333334
0.9690920013333333
1.0075578666666667
1.0023962693333333
0.941383328
1.0026068666666668
0.9919780346666667
0.996257868
1.0036260026666668
0.822688228
0.8175050766666666
1.0079835006666666
1.002782432
1.0042361306666667
1.005505694
1.0031337473333333
1.0014847026666667
0.8270367586666666
0.9919551240000001
0.7997332273333333
0.9963503133333333
0.659197338
1.0349942273333332
1.00063307
0.989133792
1.001683236
1.006294908
0.8461989313333333
1.0003300986666666
0.9992013993333333
0.9751316373333334
0.94160003
0.866016856
1.0160312493333332
0.9289227646666667
1.0030868913333333
0.550421604
1.0033680939999998
1.0109730353333333
1.010319046
1.0309076126666668
1.004259612
0.9121731540000001
0.9005445866666667
1.0090610133333333
0.6031537379999999
1.0016949173333334
0.9684692199999999
1.0014963786666666
0.5936416
0.9063693873333333
0.5575888213333333
1.0106280993333334
1.0000505960000001
1.0035790999999998
1.0009712166666667
1.007286122
0.6129494286666667
0.8744805093333333
0.6447689693333334
0.9692232153333332
0.6444352026666667
0.845632466
1.018488806
1.007829758
0.9671498239999999
1.0000971686666666
0.99470044
0.9546917613333333
1.0317372226666666
0.598514126
1.006990914
1.0017065980000002
1.0018234246666666
0.809317548
0.6157394373333334
1.0237446926666667
0.8036312993333332
0.51968556
0.48724500800000003
1.0034501413333334
1.0048705113333334
0.9941363553333334
0.89009332
1.0006680406666666
0.705869244
1.0098795653333332
1.0038840433333334
1.006625096
1.007404254
1.00505863
1.0380711053333334
0.8490594633333334
0.4078888193333333
1.0035556506666667
0.7412208746666666
0.6326036066666666
1.0061888220000001
1.0039192406666666
1.0292277246666666
0.8801793766666667
0.8405188546666666
0.6338826973333334
1.0034149766666667
0.8310132433333334
0.5838726613333334
0.8451665346666667
1.0067666713333332
1.0079243633333335
0.64487546
1.0097133746666667
0.9954727766666667
1.0032274726666666
0.5664539706666667
0.999689802
1.0317744
1.0106756626666666
1.010271516
0.9958305326666667
1.0038605793333333
1.0114968373333333
1.039037956
1.0099151846666667
0.9980752446666667
1.0042009106666665
0.59332177
1.0081136266666668
1.002384572
1.035730514
1.0067784706666667
1.0006447266666667
0.9760845633333334
1.0037667353333333
0.6337236966666667
1.0339104246666668
0.9341353026666668
0.9294152526666667
0.993274198
0.9359878173333334
0.6922398113333333
0.9682181486666667
1.0331767226666666
0.997739052
1.0040013779999999
0.9941593666666666
1.001893534
0.653221998
1.0091914180000001
1.0053762400000001
0.8404366186666666
0.9190142819999999
1.00275902
1.037682362
0.9294957086666666
1.01084217
1.009701506
1.0029931920000001
1.00210392
0.9994222846666666
0.9985741546666667
0.9970557720000001
0.9931593566666667
1.0350191693333333
1.000178682
1.0031571773333334
0.9983420413333334
0.8952231393333333
1.001204554
1.011330114
1.0336242813333334
1.0084568486666667
1.009998306
1.000190328
0.998179626
0.92497169
1.002384572
1.0339353146666668
1.005847142
0.8703515466666666
1.0009828806666665
1.0276393533333332
1.0100933186666665
1.0073333713333332
1.003825386
0.998365248
0.8445267166666666
0.47294891066666667
1.0047177166666668
1.00517624
1.0007846246666667
1.010259634
0.9992013993333333
1.0035439266666668
1.0040013779999999
1.001052872
1.0284513953333334
1.0019402786666667
0.908958932
0.994677404
1.0032626246666667
1.0042009106666665
0.9692341513333335
1.0392139406666667
1.0065189399999999
0.9968937753333333
1.001683236
0.9950000106666667
0.900318058
0.822105582
1.000283504
0.8978806713333334
0.8497061706666666
1.0051056706666666
1.007309746
1.0132746586666668
0.9834038846666667
1.008622626
1.0038605793333333
0.6235570313333334
1.00232609
1.0025483586666666
1.0020454706666666
0.9991432880000001
0.986770352
0.8803778366666667
1.009654034
1.0075933226666667
1.0612718793333333
0.9694091626666667
0.9988179893333333
0.9011303126666667
1.0079007100000001
1.0025483586666666
0.9980056686666667
0.992046772
1.008504208
0.9996781680000001
1.007203446
0.9349792206666666
0.5155373326666667
1.014375498
0.9999109026666667
0.923351026
0.5928058486666666
1.035867904
0.9925167353333333
1.0215046306666666
0.9262883046666668
1.036242788
1.0055998633333334
1.005564548
0.9978549546666666
1.016199526
1.0072270666666667
1.0095353740000002
0.990034414
0.992975666
1.0167167246666666
0.7725803473333334
1.0036729093333334
0.9177672753333332
1.0007496466666665
1.0036142766666667
1.0024430613333335
1.0000971686666666
0.6130981746666666
0.9701755806666666
1.0086344693333333
0.7597946673333332
1.0054703846666666
0.16922078266666668
1.0040835293333332
0.9939063006666667
0.4056716346666666
1.0069200893333334
1.0089424926666668
0.9990154673333334
0.996916914
0.970910288
0.998318836
0.9919322146666667
0.5422698866666666
1.036517876
0.998121634
1.03581794
1.0022676146666667
1.0076287806666666
0.999259518
1.0070381353333333
0.9925511406666666
1.0035673753333334
0.8649704046666667
0.9945507226666667
1.033263718
0.5752779026666667
0.9661925193333333
0.9980056686666667
0.9478025586666666
1.0065779126666667
0.959394046
0.9996083686666666
1.009440466
1.0071562093333333
1.0114968373333333
0.9986670300000001
0.8739822546666666
0.923440362
0.8223023293333334
0.75586345
1.0055998633333334
0.9880756639999999
1.009262562
0.7967069126666667
1.012677378
1.0018701633333333
1.0021974533333333
0.593104646
0.8631104959999999
1.0076169606666667
0.9986322
0.999061944
0.9288524519999999
1.000737988
0.9525638013333334
0.9999923853333333
0.9179438106666666
0.9990735633333334
0.8220190426666666
0.78673932
0.976472916
1.0025132573333333
0.5669587013333333
0.9361510266666667
0.7055793426666668
0.3533440253333333
0.8657113793333333
0.960703096
1.004894022
1.011270584
1.0073806253333333
0.9955996933333333
1.0039896433333333
1.0145671926666666
1.0053762400000001
0.9168562573333333
1.033475052
0.97767321
1.0047882313333334
0.9349690439999999
0.997634762
0.603569066
0.8798367926666667
0.9614773273333334
1.0000622386666667
0.982661396
0.974169522
1.0068846813333332
0.9070010233333334
0.9941133453333334
0.8151003073333333
0.9982724286666667
1.0004466046666667
1.0025951646666666
1.0063302746666667
1.0269390753333334
1.0075815033333333
0.9933431153333333
1.0003883486666667
0.9334450353333333
1.003708092
0.968578422
0.7298470273333334
0.6336489006666667
0.988735306
0.644599624
0.826654726
1.0044122673333333
0.8500425113333334
0.823058716
0.813125074
1.001893534
0.9977158746666668
0.831005204
0.612918814
0.8128788426666667
1.0466212506666668
0.9952421033333333
0.9658014406666666
0.9476666253333332
1.0008079453333334
0.6445222386666667
0.9352540766666666
1.0055880913333333
0.9844971566666666
1.0067312733333333
0.999689802
0.6336302046666666
1.0346825573333334
0.7753418293333334
1.0013212633333333
1.037895508
1.009654034
0.6738049159999999
0.9935614173333334
0.9675746913333334
0.9930789833333333
1.0108064853333334
0.9966624426666667
0.9937338293333334
0.7472432333333333
0.827363358
0.9798814313333334
0.953578956
0.762885184
0.9959344453333333
1.0029229286666668
0.689251494
1.033301006
0.8178397626666667
1.0020805393333334
1.0298323473333333
0.9975420786666667
1.0064953533333334
1.2885997200000001
1.001111206
1.0104616626666667
1.02231917
0.990982406
1.0251864313333334
0.7158099873333333
0.9329989346666666
0.9374076053333333
1.0126176886666667
1.00431832
1.0630054686666668
1.0076287806666666
1.027688532
1.010747016
0.9671824926666667
0.9986438093333333
1.007829758
1.0059295953333334
1.0109016499999999
1.0320347206666667
1.0090254539999999
0.970899314
1.0045297260000001
0.8262968913333334
1.0052232913333334
0.896119698
0.968512898
1.0377199693333334
1.0384852500000001
1.0138247793333333
0.9911424866666666
1.0041891713333333
1.0028409673333334
1.0366679853333334
1.00517624
0.9965121333333333
1.0054468466666666
1.0105567626666665
0.9077678246666666
0.7554579473333333
1.0084450093333333
1.0064010159999999
0.9998759853333332
0.936886176
1.002127302
0.999526948
1.0130476093333334
0.5749198246666667
1.036055312
1.0345953233333334
1.009808334
1.0097845926666666
1.0032743426666666
1.001683236
1.0043418053333333
1.0039661746666668
1.0008196053333334
0.934857114
1.036642964
1.0152626926666666
1.0031220326666666
1.0014847026666667
0.5102486866666667
1.035056584
0.99828403
0.7587678179999999
1.0006447266666667
1.0050115933333332
1.0047647253333334
0.9254101453333333
1.0034149766666667
1.003145462
0.92973716
0.8001727593333333
1.0274672666666667
0.9918405873333332
1.0011695466666666
0.8404119506666666
0.558360824
0.9979824793333334
1.00205716
1.0007030126666667
0.8360847373333333
1.011806612
1.038987686
0.46873449399999995
0.364468296
1.002700494
1.01043789
0.9956112326666666
0.7108519193333334
1.0366179439999998
0.6586868026666667
0.8205506606666666
1.0078179333333332
0.9676400879999999
0.872889866
1.0050115933333332
0.9965815013333332
0.9917833293333334
1.015826988
0.8447509579999999
0.9075760026666667
0.9920926026666667
0.99777382
1.0058824773333335
0.9993060173333334
1.0002951526666668
1.0224043459999999
0.928952902
1.0069555006666666
0.8414162733333332
1.001227894
0.993607388
0.5579256306666667
1.0077351706666666
1.007061748
0.6675786366666667
1.038648488
1.0092862793333333
0.9832350386666667
1.0009362253333334
1.0032157560000001
1.0011812153333333
0.8274589966666668
0.774887202
0.9967202653333334
1.004353548
0.6233398346666666
0.7916698546666666
0.108497402
0.4164897546666667
0.9971946679999999
1.0003068006666667
1.0104735486666667
1.0303758793333333
0.774887202
1.0061298953333333
1.0119973366666666
1.004894022
0.93806277
0.7992495546666667
1.0055527766666668
1.0004466046666667
0.8693033973333333
1.001111206
1.0313532073333334
1.002876092
0.989373038
1.0041774326666666
0.8989330546666666
1.0028058453333333
1.0047059653333335
0.9996083686666666
1.0029112193333334
0.9982724286666667
1.032419244
1.012701256
0.9989806126666667
1.0298570406666665
0.864796242
1.0077588153333332
1.0338108786666667
0.9012154006666666
0.6665633000000001
0.8117112773333334
0.8173650566666667
1.001858478
1.0021857606666666
1.0045179786666667
0.4821580293333333
1.0079480173333333
0.854983586
0.8310856046666666
1.0084450093333333
0.6056500453333333
1.0026887893333332
0.8134869966666667
1.0025951646666666
0.6081197413333334
0.5778164286666667
0.7831529293333334
1.0044122673333333
0.9717560286666667
0.438539412
0.8796926266666666
1.001566442
0.8450251926666666
0.855707542
1.0044592473333334
1.0047882313333334
1.0000505960000001
1.0147709473333333
0.5418149733333333
0.9990038486666667
0.9935499253333334
0.8497061706666666
0.9976811106666668
1.0079835006666666
0.8737333406666666
0.9955766153333334
1.0372438073333332
0.998794762
1.0022442266666667
0.8215551893333333
1.0022559206666666
1.0048822666666666
0.994746516
0.8474177326666666
1.001987028
0.8699284599999999
0.6232312933333334
0.7919837166666667
1.0092032746666668
1.0359553526666667
1.005317408
0.999934182
0.8172872886666668
1.0078061093333335
1.0032274726666666
0.6030478786666666
0.7087404780000001
0.8805041760000001
0.644430368
0.971701066
0.6032596346666667
1.0048352466666668
0.837266396
0.9704386313333333
0.9985393306666667
0.995023062
0.709114928
0.850311776
1.0041304786666667
0.8806215239999999
0.6029589853333334
0.7831814906666666
0.9977274626666667
0.9348672880000001
0.99533436
0.9948617246666666
0.6233805473333334
0.9992943919999999
1.002010404
0.9984232686666666
1.010259634
0.9975304939999999
1.0039779093333334
0.9942053926666667
0.5663083266666666
0.9995385786666667
0.6584898766666667
0.89521381
0.5535429333333333
0.9968822060000001
0.6337003213333333
0.9939868073333333
0.5937072493333333
0.9980404553333333
1.00289951
1.000365048
0.9702522893333333
0.9410120713333334
1.0009828806666665
0.96269496
0.715583392
0.9681526733333333
0.755351658
0.5116284433333333
1.0362677900000001
1.0022676146666667
1.0024898573333334
0.8908225486666667
0.7801867913333334
1.0048705113333334
0.9804630233333333
0.5890779446666666
0.805152886
0.995126806
1.005505694
0.14454818
1.0051291926666666
0.6767404806666667
0.8040826546666667
0.5934939433333333
1.00833847
0.4871869753333334
0.5086865006666667
1.0058942566666667
1.0031103186666666
0.9984000593333333
0.9700769733333333
0.8852955913333334
0.9923218186666667
0.7876338340000001
1.0040131133333332
1.0073569980000001
1.0106756626666666
1.008492368
1.010259634
1.0000389533333334
0.63290191
1.0310313500000001
1.0014963786666666
0.9939178006666666
0.9728015073333333
1.0329655106666666
1.0024079673333335
0.81339456
1.004060056
0.8415564106666668
1.004060056
1.0030634646666667
0.9979940740000001
0.6614765586666667
1.0033094973333334
0.9293147026666667
0.5264537093333334
0.830731958
0.923281554
0.9992246459999999
0.8688022366666668
0.9893388533333334
0.965530044
0.8229325546666667
0.9356411853333334
1.005800032
0.9949193393333333
0.8217202293333333
1.0032274726666666
0.999061944
1.010354696
1.0318735546666666
1.0293510593333333
1.0014496753333333
0.993963804
0.994562238
0.998597372
1.0046824633333333
1.017583912
1.0032626246666667
1.0071325919999998
0.996211652
1.0037432773333332
0.8661915106666667
1.0382091166666667
0.996523694
0.9931938060000001
0.6991360106666666
0.582076422
0.9984232686666666
0.8991588866666667
1.036242788
1.0383973733333334
1.0054350786666668
0.9237780113333334
0.968807826
0.9948386813333333
1.002478158
1.0045532206666667
1.0035673753333334
1.007061748
0.929968668
0.8950086053333333
0.8913124486666667
0.6556201033333333
1.028623812
1.0307591666666667
1.007877058
1.0075460486666665
1.0303140853333332
1.0369432986666667
0.841020844
0.9529970926666667
0.9406205066666666
1.0034032560000001
0.8144125179999999
1.0056234086666667
0.712272456
0.5884282606666666
0.42946022533333333
0.519402748
1.0295854766666666
1.0035439266666668
0.9419924106666667
0.972129942
0.7594520753333333
0.999271142
0.9698798186666666
1.0344582713333332
0.9817404700000001
1.0005281746666665
1.0042361306666667
0.8496473386666666
1.027823796
0.9771727293333333
0.6564718833333333
1.0010295406666667
0.9987250860000001
0.968229062
0.9776620826666668
0.8976930046666667
0.9958305326666667
1.0029112193333334
1.0702234646666668
0.996523694
1.008622626
0.8801252666666666
0.736675808
0.9965121333333333
1.0325681679999998
0.6057183773333333
0.9997130713333333
0.5102456559999999
1.0374693033333333
0.4295504233333334
1.0042126506666667
0.48378189600000004
1.0047882313333334
1.0027941386666666
1.0014029766666666
0.5845878993333333
1.0005864473333332
1.0030166146666668
0.99608458
1.0052938773333333
0.8823945633333333
1.0045179786666667
0.771290066
0.9069148393333333
0.633910764
0.9330394719999999
0.7441489513333333
0.7097535746666668
0.6154526793333334
1.0066958786666667
1.0055998633333334
0.9263182713333334
0.8853685893333333
1.0090847206666667
0.970910288
0.9014329213333334
0.32782131066666664
0.6138693066666666
1.0036494553333333
1.0341095746666666
0.5538105933333333
0.9259987273333333
0.44898022666666665
1.0032860606666667
0.9356513766666666
0.935355916
1.0036025506666666
1.0036846366666667
1.002700494
0.9653238853333334
1.007723348
0.9416413173333333
1.0011812153333333
0.9946889219999999
0.8748545726666667
0.9996083686666666
1.0050115933333332
0.8174350606666667
0.7189192353333332
1.0294867619999999
0.8462656239999999
0.995992184
1.0024196646666665
1.006530734
0.9373053186666666
0.6531276300000001
0.7475553786666667
0.8215394746666665
0.9983884553333334
1.0044005226666666
0.7753768226666666
1.001683236
1.0005281746666665
0.998017264
0.62391483
1.058864774
0.8805222273333334
0.9407338206666667
1.0048705113333334
0.8089288526666666
1.0380585606666666
0.821484478
0.9935269426666667
1.0065189399999999
0.9697593753333333
0.9597263353333333
0.5935390533333333
1.0091795613333334
1.0094760546666666
0.999166532
1.011377744
0.8804319780000001
1.005847142
0.998794762
1.004647212
0.9985161159999999
1.005352706
1.024929554
1.00869369
1.005764702
0.8843294993333334
1.0053291739999999
1.0047647253333334
0.8302501973333333
0.9755413886666667
1.0064599746666667
0.8550006066666667
1.0001553913333334
1.0003999993333335
0.7916771513333333
1.0055998633333334
1.0021740686666667
0.9857625193333334
0.8224755453333333
0.813386858
1.0017533253333333
0.8454160773333333
0.8840291653333334
0.3855532933333333
0.5665062713333333
1.00197534
0.8905916506666668
0.934419828
1.0033915353333334
0.9906966753333333
0.9992013993333333
0.7399311393333334
0.9973451826666666
0.803112866
0.93003915
1.0041187406666667
0.767396958
0.8803778366666667
0.9998643473333333
1.015778938
1.009938932
1.0128326033333332
0.936365326
0.992723202
1.006625096
0.9979129160000001
0.8359708226666667
1.0361552906666667
1.0016365153333333
1.0368056233333334
1.0119377273333332
0.9694419846666666
1.0023143946666668
1.005835364
0.9665077853333334
0.938052526
0.9621234746666667
1.0319355353333333
1.0021506846666666
0.9992013993333333
0.9966855706666667
1.00323919
1.0012512346666667
1.0012629053333333
0.9979708846666667
1.0004349526666667
0.9659860773333333
0.996916914
0.999922542
1.0047999853333334
1.000737988
0.7298656313333333
1.007877058
0.28430218333333335
0.310970372
1.0343959866666668
1.0029346386666667
0.8407245153333334
0.8702898213333333
0.269689512
0.879719654
0.5819738886666667
1.00086625
1.0022676146666667
1.00952351
0.9624145239999999
1.0090373066666667
0.9895439986666666
1.0309447306666666
1.0068020713333334
0.9288223213333334
0.9975304939999999
1.0035087553333333
0.7634140233333333
0.429720184
1.0001553913333334
1.00952351
1.0020337813333333
0.9700112466666666
0.9123087846666668
0.998110036
0.9351420786666665
0.9663120786666667
0.55794375
1.0022442266666667
0.7908899273333333
0.6419933026666667
1.0387866533333332
1.0398303566666667
0.6919386993333333
1.0061888220000001
1.0108778573333335
1.0327916353333333
1.0066604860000001
1.0009945453333333
0.9911767966666666
0.9895895986666666
1.0324316526666666
1.002162376
1.0050821493333333
1.0030283266666666
0.8798908673333333
1.000504868
1.001916906
1.0357554913333333
0.9951037500000001
1.004858756
0.8721542673333333
0.8345981553333333
1.002384572
0.9750652233333333
1.0050351113333333
0.941156414
1.0042713533333334
0.5051684353333333
1.0091084293333332
0.9305126626666667
1.0044240119999999
0.5102911233333334
0.778652132
1.0070027186666666
0.8222472306666667
0.5843214673333333
0.8120796193333334
0.6314039173333333
0.9958998053333333
1.0044005226666666
0.977628702
0.9409296093333334
1.0263991626666666
1.0107232306666667
0.6806442473333333
0.9174144086666667
0.6082489233333334
1.00871738
0.9591262386666667
1.004658962
1.003497032
0.9059965606666667
1.002747314
0.9351115386666667
1.004647212
1.0076406006666667
0.996963196
1.01220006
1.0113420213333333
0.9989689946666668
1.0047999853333334
1.0264114273333333
1.002127302
1.001227894
1.0046707126666667
0.9178555346666667
1.0079243633333335
1.0039427073333334
1.0001553913333334
0.9954266333333334
1.009938932
0.9922530426666667
0.9983304386666667
0.9998061586666666
0.995703558
1.0036025506666666
1.0058706986666666
0.8750506386666665
0.326364056
0.598255684
1.0306107633333332
0.9686330320000001
1.0021506846666666
1.0099270580000002
0.549685454
0.9756854373333333
0.9993408946666666
1.002630272
0.6226891526666667
1.0005398286666667
0.99780859
0.8650226673333333
0.97065795
1.0040717926666667
0.9298378013333333
0.9009129379999999
1.0038488479999998
1.0146990246666665
1.100850262
0.993975306
1.005140954
1.0306478606666667
0.999817796
1.0032626246666667
1.0116636153333334
0.9956573926666666
1.0322827673333332
1.0375194273333332
1.0046237126666666
1.0085752553333334
0.9295862380000001
1.0106994459999998
1.008978046
1.039440294
0.9976463486666667
0.999061944
0.9946543686666667
1.0006913553333334
1.0373314886666667
0.9952882293333334
0.998133232
0.9718879653333333
0.9411461026666665
0.953589542
1.0358928873333333
1.1806171953333333
1.0009012366666665
1.00600028
1.039364832
0.8923031353333334
1.012629626
0.9982144253333333
1.0057764786666668
0.99603838
0.999166532
0.9996432666666666
0.9707347346666667
1.0069791093333333
0.998794762
0.8692858033333334
1.008847696
1.000621414
1.009843948
0.758479726
1.0069791093333333
1.005764702
0.80032932
1.039440294
1.012987876
0.9661164513333333
0.997322024
0.9967665286666667
0.34281713199999997
1.009938932
1.00343842
0.9924938000000001
1.0364678486666667
1.0025834626666665
1.0011812153333333
1.008978046
0.994723478
0.8599824393333333
1.0379331306666666
0.6765539273333333
0.9750652233333333
1.0003999993333335
1.0121881333333334
0.9541191373333333
0.6706642353333333
0.998133232
0.9949539113333333
1.0305613053333333
0.9686330320000001
1.001239564
0.9992943919999999
1.002653678
1.0057175999999999
0.8168986706666667
0.9008751446666666
1.005023352
1.005411542
1.0012512346666667
0.9980056686666667
1.0368681986666668
1.0374693033333333
0.9993292686666667
0.885040192
0.9654540806666667
0.9650852846666667
1.00021362
0.9931019460000001
1.0057293753333334
1.0018117406666667
0.995634312
1.0031103186666666
0.8647091866666666
0.830041608
0.9355494726666668
0.8456074926666667
1.0090847206666667
1.0053997746666667
0.993274198
1.0281436526666667
1.0057764786666668
0.7599291013333334
0.9719979393333333
0.9990387046666667
1.0344956453333332
1.0042126506666667
0.8711017740000001
1.0024313626666668
0.99894576
0.9945046646666666
1.0304994893333332
1.009654034
0.9992013993333333
0.5265279286666666
0.8404859586666666
0.9071255406666667
0.9997130713333333
1.0016949173333334
1.0068728786666667
0.9855702460000001
0.800359148
1.0034501413333334
0.9364163640000001
0.8700518180000001
0.9824253846666667
0.984768032
0.997634762
1.005140954
0.998829604
1.00569405
1.0035204786666667
0.60282781
1.0062006079999999
0.9972872873333334
0.9320776693333334
0.9236389493333332
1.0029346386666667
0.9997712486666666
1.0023728753333334
1.0116278726666665
0.9994339126666667
1.00086625
1.0000040273333335
1.0049998353333334
0.6333639026666666
0.986158612
1.0051291926666666
1.0351314219999999
1.0020805393333334
0.8842657753333333
0.966409922
1.0178129999999999
1.00031845
0.9984580846666666
0.9980404553333333
1.006625096
1.0011345413333332
0.8361254286666667
1.0204731266666667
1.0049763193333334
1.0395283473333334
0.6590607806666667
0.9189454613333334
0.965464932
0.9236488806666666
0.6893897846666667
1.0029697693333333
1.0051174313333333
0.9991200453333332
0.9735843353333333
1.0098676926666668
1.0001088126666666
1.0333631586666667
1.0106280993333334
1.0049292906666667
0.999492058
1.0020922293333334
0.9946658859999999
0.9692560246666667
1.003051752
0.999492058
1.0362677900000001
1.0376196886666667
0.9931134273333334
0.8034884753333335
0.9980984386666667
1.0015897986666666
1.0031220326666666
0.9989573773333333
1.0010645386666668
0.583769494
0.9983884553333334
0.8309730479999999
0.9587194573333333
0.7555044586666666
1.0071798273333334
1.0066604860000001
0.8643524446666667
1.0009128993333334
0.9984000593333333
1.010687554
0.997797
0.9938948006666666
1.0061181106666666
1.004506232
0.7480175720000001
1.0128087193333335
0.9993176426666667
0.870810356
0.48495907400000005
1.0012629053333333
1.036355306
1.027946794
0.8402310986666667
0.8795575139999999
1.0181507906666667
0.7680144653333334
0.9073363393333334
1.0040013779999999
0.6858012193333334
1.0010062100000001
1.0069555006666666
1.00232609
1.0036729093333334
0.9981912253333334
1.0001088126666666
0.7944742086666666
1.034072228
0.6768844633333333
1.01196157
1.0324812906666667
1.0109373413333334
0.9656385846666667
1.0084331706666667
0.9988179893333333
0.999631634
0.9999574626666666
0.941827158
0.6229555873333333
1.0038723113333334
0.9960730293333333
0.801576532
1.0074869626666667
1.0064010159999999
0.9998061586666666
0.6917603859999999
1.0066132993333334
1.0026419746666666
0.9675528940000001
0.9872807153333333
1.0057293753333334
0.9991316666666666
0.934216578
0.7367958646666666
0.9985625459999999
0.8248765646666667
0.8039772933333333
1.004964562
0.7685504433333333
0.9401572333333333
1.00190522
0.602895506
0.999689802
0.8960355693333333
1.0028058453333333
1.0349568173333334
1.0073333713333332
0.8750684666666666
0.9961192326666666
1.0073451846666668
0.998829604
1.0010062100000001
0.855102742
0.835848806
1.005458616
1.0032626246666667
1.0004815613333333
1.0023728753333334
0.9974957433333334
0.9720419366666667
0.9588264713333333
0.8535563053333334
0.771290066
1.0155147473333332
0.6327340793333334
0.848925206
1.0070735546666667
1.011508748
0.9908223766666666
0.9975768326666666
1.0055292346666667
1.0062123946666668
0.9934235313333334
1.003755006
1.007061748
1.0039661746666668
0.93108757
1.0001553913333334
1.0028175526666667
0.9328976080000001
0.9896238006666668
0.9123766146666666
1.0017533253333333
1.0073333713333332
1.0320347206666667
0.9686002653333333
0.655990606
0.9997130713333333
0.8172250853333334
0.613054418
0.9995734726666666
1.0010762046666668
0.999794522
1.005764702
1.0046707126666667
1.0007146706666668
1.0015080553333333
1.0116397866666667
0.9951844513333333
0.8706867826666667
0.9812358173333333
1.0202064886666666
1.0076406006666667
1.0088239993333332
0.8857428946666667
0.8088983826666666
0.9217854866666667
0.6130369173333333
0.9668885526666666
0.9975189099999999
1.0021740686666667
1.0031103186666666
0.98422643
0.938770146
0.844867278
1.0048705113333334
1.031291296
1.0049763193333334
0.9995385786666667
0.9709871126666667
0.8357593493333334
0.7145535953333333
0.370799214
0.9734740019999999
0.8274749386666668
0.6679472006666667
0.9682508893333334
0.6346085633333333
1.0129639846666667
1.0317496146666667
0.7556240846666666
0.6228742780000001
1.0011345413333332
0.5301185273333333
1.0018701633333333
1.0095709693333332
1.035730514
0.976151116
0.7915312506666667
0.8794584573333333
0.7792949633333333
0.9955073873333334
1.0332885760000001
0.5665735293333333
1.0054703846666666
1.0059649366666665
1.0349069413333334
1.0001553913333334
0.9934809793333333
1.0071916366666667
1.002478158
0.9982376253333334
0.9287018173333332
0.9990038486666667
1.0139444499999999
1.0070971686666668
0.9231426413333333
1.0019519653333333
0.9972757093333333
0.917865342
0.90593923
0.6767938
0.9984696900000001
1.0136333653333334
0.9069244146666666
1.0018818486666667
1.0077469926666667
1.0007846246666667
0.925170936
1.0065779126666667
0.998597372
1.0090610133333333
0.998411664
1.0049528046666667
1.006990914
1.003696364
0.8513736646666666
0.9985393306666667
1.00614168
1.005764702
0.997009482
0.7516765919999999
0.8746051613333334
0.49855103333333334
0.902029276
0.9997130713333333
1.0029697693333333
0.9349792206666666
0.9987599226666666
1.0355182566666667
0.6280477433333334
0.8500341
1.0065543226666667
1.000190328
0.8694969826666668
0.9994455413333333
1.0007729653333335
0.9358756433333333
1.0016598753333332
1.005752926
1.0086344693333333
1.0354433626666668
1.0031688926666666
1.003075178
1.0058589199999999
1.0065425286666667
1.0076642413333334
0.8603097333333334
1.0000622386666667
1.0018701633333333
1.0043300626666667
1.02759018
0.9937453253333333
0.999631634
1.0376196886666667
1.0046824633333333
0.8681875653333333
1.0056469546666666
1.0018818486666667
0.550217116
0.880206434
0.9949193393333333
0.8956431779999999
0.8006127753333333
1.0034853086666666
1.0015781206666667
1.0111396406666666
1.0075578666666667
1.0008196053333334
1.0045179786666667
0.520567392
0.997600004
0.8368667033333332
1.0035204786666667
0.9988992946666667
0.7386395333333333
1.0018351093333333
0.8178008313333333
0.902029276
0.9183167193333334
0.7672393099999999
1.0058589199999999
1.0296595253333334
0.9223892739999999
1.00289951
0.6732240226666667
0.9998643473333333
0.816813224
0.9982144253333333
0.8081525806666667
1.0036142766666667
0.56423267
0.6307270373333334
0.8174117246666667
0.7633665333333334
1.0071798273333334
0.484106346
0.7672461633333334
0.9974146666666667
0.9696936906666667
1.0011928846666667
1.0007146706666668
0.996130784
0.7783557986666666
1.009487918
0.8651446373333334
1.0344208993333333
1.0087529173333334
0.9961538879999999
1.0152626926666666
1.006896484
0.999178154
0.7762947766666666
1.0064010159999999
1.0053291739999999
1.0018351093333333
1.0027239033333333
0.9970441986666666
0.9972062446666667
0.986600348
1.00245476
0.9946543686666667
1.006625096
1.0016365153333333
0.9710639493333333
0.8363940906666667
0.9983072333333333
1.0388494673333333
1.0335496613333333
1.036918264
1.0107113380000001
1.0038840433333334
0.818151344
0.9668123753333333
0.9980984386666667
0.5420064226666667
1.0018701633333333
1.00600028
1.0023143946666668
1.0381965686666668
1.02035191
1.0014029766666666
1.0015430866666668
1.003075178
1.002747314
1.0047882313333334
0.9966508786666667
0.9944010499999999
1.008421332
1.006012062
0.9768060353333333
0.9938718013333334
1.0385982553333333
1.0367305433333334
1.0068256726666667
1.0106518806666667
0.6408868473333333
0.584134712
0.5498402693333333
1.0049528046666667
0.9965930633333334
1.0006796973333334
1.0045532206666667
0.931774354
1.000889574
1.0013212633333333
1.0094523286666666
1.0042361306666667
1.0368807146666665
1.0034032560000001
0.9347452113333333
0.9349283386666666
1.011854286
0.8645264286666667
1.01084217
0.9975420786666667
0.7197264006666666
1.00289951
0.93516244
0.7446779473333333
0.5938632233333333
0.9985161159999999
0.8404448413333333
0.7508684086666667
0.9407029146666667
1.0332885760000001
1.029869388
0.7708609293333334
0.6618078193333333
0.9184345426666667
1.002010404
0.9957150993333334
0.99320529
1.0068020713333334
0.9994339126666667
0.9982608273333333
0.8509772533333333
0.9959344453333333
0.9909366780000001
1.03337559
1.001624836
0.8133637526666666
1.002384572
1.0051527153333333
0.8547113553333333
0.6619149133333334
0.9989922306666668
0.43592001066666664
1.0017299613333333
0.994285948
0.826654726
1.0030868913333333
1.0058118086666668
1.0100576866666666
0.9922530426666667
1.006589708
0.8745962566666667
1.0075342306666666
1.0013913026666668
0.8944773766666667
1.0034735860000001
0.9973683433333334
1.0028526753333333
1.004905778
0.63375175
1.037268858
0.9175614033333332
0.968512898
1.0351937953333332
1.0076051413333333
0.9960961306666667
0.8957272333333334
1.0306107633333332
0.96813085
0.8782804986666667
0.8906655253333333
0.5840870486666667
0.7951434406666668
0.5058467013333333
1.0331021673333334
0.9955189246666667
0.9805973346666667
1.0084450093333333
0.9413626953333334
0.7873739266666666
1.0010762046666668
0.999817796
0.9897948486666666
0.96989077
0.9996432666666666
0.8699020306666666
0.98669101
0.6453405600000001
1.005493924
0.8851222686666667
1.0036025506666666
0.9990851833333333
1.006247756
0.9310169286666666
1.0008079453333334
0.8412926613333334
0.9009412853333333
0.484119988
1.006813872
1.0042948360000001
0.99894576
0.9989806126666667
1.009808334
1.0002602086666668
0.850210782
0.9965121333333333
0.907480122
1.0033329353333333
1.0037315486666667
0.7979428513333334
0.9312591706666667
1.0000855253333334
0.9964543346666666
1.0343959866666668
1.008504208
1.004858756
1.0026419746666666
1.005752926
1.0011695466666666
1.0023143946666668
0.9848131926666667
0.9972178213333334
0.7150353853333333
0.8273075786666667
0.970592144
0.85493253
1.0083503066666668
1.0066958786666667
1.036517876
0.8694617793333334
0.633522722
1.0057293753333334
0.9996549
1.0011812153333333
0.902199808
1.0088713933333333
1.1086504553333332
0.9999807446666668
1.005211528
1.036680496
1.0064245986666667
1.0024430613333335
0.9980056686666667
1.003825386
0.79499626
1.0078652326666666
1.0307715353333333
1.0170417466666666
1.0011812153333333
0.9299283973333333
0.8175361986666667
1.0003999993333335
0.9110895600000001
1.000376698
0.9935269426666667
1.0017533253333333
0.7747334493333333
0.779280824
0.805787322
1.0001321013333333
0.87320043
0.7835243900000001
0.9979129160000001
1.03536848
0.9958420773333334
1.0315513726666667
1.033064894
0.9993292686666667
0.8538108273333334
1.0051527153333333
1.0049292906666667
1.00245476
1.0005165213333334
1.0047999853333334
1.034557942
0.9982144253333333
0.9962925333333332
0.9753863073333333
0.5937975400000001
0.9947925966666666
0.9307344719999999
1.0038605793333333
1.0039427073333334
0.9632347206666667
0.9127644106666667
1.006589708
0.5844765246666667
1.008409494
0.9944931513333333
0.760043408
0.903357338
1.032779218
0.6130937986666667
1.004353548
1.0038136553333334
0.6126434153333333
1.002384572
1.009808334
1.001216224
1.0370559693333332
1.0075696846666666
0.8305713093333333
0.5935636613333334
0.7051854586666667
1.0087884573333334
0.7668831266666666
0.9696170706666667
0.9014707613333334
0.999817796
0.994562238
1.0116397866666667
0.9975073266666666
0.6029505206666667
1.0043652913333334
1.0041304786666667
1.0009595526666666
0.9020482206666667
1.025321038
0.7326857606666667
1.009891438
1.00869369
1.0049292906666667
0.8747209420000001
0.9979129160000001
0.8808201833333332
0.8376828086666667
0.8702898213333333
0.87117245
1.000737988
0.7296548420000001
1.0386233713333333
0.7991900666666667
0.9129293233333333
0.3701313606666667
0.9403219006666667
0.5795316886666667
0.8801793766666667
0.9997363413333334
0.808707996
0.9986902513333333
0.6099419586666667
0.8554859666666667
0.7718999839999999
1.0069436966666667
0.8701575806666666
0.9990038486666667
1.029462086
1.0083266333333332
1.0342838933333334
0.603441864
0.584098964
0.6956820886666666
0.8756929233333334
0.9615311400000001
0.9115633153333333
1.00833847
0.996789662
1.0025249573333335
0.7516634373333333
0.9990968039999999
1.0013446086666666
0.7478156993333334
1.0000040273333335
1.0338357633333333
0.9984580846666666
1.0000156686666666
0.9908452346666666
1.00190522
1.0047999853333334
1.033611844
1.0071798273333334
0.8737600033333334
1.0010995386666668
0.6682433846666667
1.0054821539999999
1.0127490146666667
1.00614168
0.998110036
1.0036260026666668
0.9994687986666666
1.0006680406666666
0.9983304386666667
1.0000273106666666
0.9751869886666666
0.994562238
1.0084331706666667
0.9968706373333333
1.003075178
0.9997828853333334
0.9179143833333333
1.0028878006666666
0.9413730113333333
1.0040131133333332
1.0049880773333333
0.9988063753333333
0.9678472379999999
0.9286214993333333
0.9658231586666668
0.932320464
1.0395660886666667
1.0099864306666666
1.0099745553333335
0.9983768513333333
0.9927805686666668
0.8608442746666666
0.8863186633333333
0.14708741733333333
0.9017641319999999
1.03553074
0.7720595533333333
1.033325866
1.0054350786666668
1.0036729093333334
0.592830396
0.8496473386666666
0.9770282406666667
0.9471650540000001
1.0068610766666668
1.0085160486666667
1.0232081326666667
0.788704146
0.6026544073333333
0.9981912253333334
0.94715461
0.9329786673333333
0.6410494626666667
1.1351386346666668
0.997021054
0.9953920286666667
1.0383471653333334
0.8906655253333333
1.0047764786666666
0.9661055853333333
0.86924182
0.8811093026666668
1.0009012366666665
1.001087872
1.0302522986666667
0.36921340999999996
1.006589708
1.035705538
0.9928723693333333
1.0045532206666667
1.0091914180000001
0.8508845293333334
1.0056234086666667
0.9883712566666667
0.9249119326666667
0.8912477139999999
0.7747124879999999
0.999178154
0.3469138806666667
1.0047177166666668
0.9994455413333333
0.541920938
1.0000505960000001
0.775369824
1.0041187406666667
1.0339850973333333
0.846173924
1.0330152
0.60317915
0.8127634726666667
0.9350708213333334
0.995692016
0.976606136
1.0076524206666666
0.8549410386666667
1.001239564
0.9998410706666667
0.925210796
0.8047078666666666
1.004658962
0.5339741026666667
1.0360678079999999
1.010532986
0.8786937733333332
0.7633733173333334
1.008409494
0.695023512
0.730902752
0.929264436
0.9177868873333334
0.8219875786666666
1.0103428126666667
0.9733416346666667
0.8227355053333334
1.00275902
1.0250151653333335
0.8652927906666668
0.9995734726666666
1.0033915353333334
1.0106518806666667
0.998365248
0.9953458933333333
0.9955073873333334
0.6230323986666666
1.0023143946666668
1.007829758
0.92327163
1.0002485606666667
0.9653021893333333
0.9936418686666666
0.8170696173333334
1.0352686526666666
0.9921613566666666
0.997171516
1.0312541526666668
1.007286122
0.9470606266666667
0.5262537426666667
0.6485808573333334
0.9977274626666667
0.7671707873333333
1.0025483586666666
0.6927701820000001
1.037682362
0.9954266333333334
1.0091084293333332
0.7713039166666668
0.937612246
0.5981348766666666
1.0028409673333334
0.9349181633333332
0.8213980693333333
1.0108302746666666
1.0329406673333332
0.8708721553333333
0.8352961086666666
1.0336989126666667
0.7962933226666667
0.9289930886666666
0.46285965333333334
0.61313756
0.999596736
0.997009482
1.0330027766666667
1.0042830946666665
0.9358858400000001
1.0108659613333333
1.0036611819999999
1.005823586
0.9989109106666666
0.6336629233333333
0.9006767806666667
1.0064010159999999
1.0064481826666667
1.0098676926666668
1.0088713933333333
1.0000273106666666
0.9405587106666666
0.99776223
1.0039896433333333
0.9797808413333334
0.78263205
1.0044944853333333
0.7023027033333333
1.00542331
0.9020482206666667
0.9993408946666666
1.0046119633333332
1.00505863
1.012987876
1.0339353146666668
1.0026185693333334
0.9992130226666667
1.0069791093333333
0.9971136406666666
1.0383095119999999
0.9996432666666666
0.999817796
0.835954552
0.8724200033333334
1.0024898573333334
1.0106162093333333
1.008196452
1.0051527153333333
0.9924364666666667
1.0003068006666667
1.0189962506666668
1.0073688113333332
1.0334501846666666
0.9992943919999999
0.8074840513333333
1.002700494
0.9992013993333333
1.001157878
0.938975382
0.9532720666666668
1.0020922293333334
0.9924823326666666
0.8204174313333333
0.6341307093333333
1.0006563833333333
0.6025740833333334
0.9992246459999999
1.0072624993333334
0.8262333086666666
0.8507412686666667
0.869637826
1.011199156
0.65596055
1.0397170826666666
1.0038019246666665
1.011163446
1.00542331
0.7477440933333334
0.9850277613333333
0.9721409433333333
0.7713593259999999
1.0054468466666666
0.730157218
0.9942399146666666
1.0079007100000001
0.9966624426666667
1.0271723953333334
1.011925806
1.005611636
1.002747314
1.0036611819999999
0.9993060173333334
1.005282112
0.9376327153333334
1.0078534073333334
0.9933546026666666
0.584341342
1.00859894
0.9130651793333333
0.99039969
0.999934182
0.9985741546666667
0.9998527086666666
1.0048705113333334
1.032518522
0.997739052
0.995230572
1.031229392
1.0235983020000001
0.903072424
1.0042009106666665
1.00190522
1.0040717926666667
1.0020805393333334
1.012701256
0.9730659846666667
0.9946083013333333
0.9672914046666666
0.9949884853333333
1.0338482066666668
0.9970557720000001
1.0358429213333333
0.9284809753333334
0.9999574626666666
1.0200853353333335
0.613019418
0.9252307266666666
1.0059767173333334
1.0179818673333332
0.9996549
0.9300592893333334
0.6503141513333334
1.000924562
0.5497874813333333
1.00256006
0.9013005046666667
1.0059295953333334
1.0051174313333333
0.8035711566666667
1.0089898973333333
0.996835932
1.006589708
0.7511704526666667
0.7905405526666667
1.005505694
0.7333550686666668
0.645791766
1.0015430866666668
1.0013212633333333
1.0331767226666666
1.0186578979999998
0.9237382746666667
0.564314218
1.004600214
1.0097964626666667
1.033574534
1.03581794
0.9025789993333333
1.0005398286666667
1.003321216
1.004060056
1.0383095119999999
0.9935039606666666
1.0170417466666666
1.0042478713333334
0.9403321940000001
1.0006913553333334
1.0095353740000002
0.8087003826666668
1.0102477526666667
0.8051151533333334
0.8119491266666667
0.894384244
1.025774064
0.9998643473333333
0.9985393306666667
1.04061136
0.8311177693333334
0.999934182
1.0008545886666667
1.0037667353333333
0.6560006253333334
1.03315187
0.5755477186666667
0.8285684266666667
1.0079125366666668
1.010354696
0.602519138
0.9965468160000001
0.7784757160000001
1.0012512346666667
0.99410184
1.0356431033333333
0.6447254146666667
0.9722839900000001
1.0376322226666665
0.998597372
0.9125316939999999
0.8632839806666666
0.99623476
0.9926887846666667
1.0338233213333332
1.0028526753333333
1.0077351706666666
1.0348196693333334
1.0047764786666666
1.012605752
0.994562238
0.9534307780000001
0.92320217
0.999689802
0.9871218793333334
1.0032860606666667
0.8982562393333333
0.8547879026666666
1.0074869626666667
1.002536658
1.0127251346666666
0.998110036
0.960466774
0.9946658859999999
0.6446528373333333
0.9846890113333334
1.0083029620000001
1.0014380006666668
0.9341048286666668
1.0370309293333333
1.002653678
1.0039896433333333
1.0018234246666666
0.613054418
1.00904916
0.9692341513333335
1.0306725933333334
1.0004233013333335
0.7557304506666666
1.011782776
1.0021156106666667
1.0007962846666667
0.8862912293333334
0.9917375273333334
0.8176217960000001
0.9970673453333334
1.0081846193333335
1.0113182073333333
0.6154174046666667
0.8754341120000001
0.9931478739999999
0.7709716286666667
0.788588296
0.5913163666666666
0.444247984
0.8837290346666667
0.6007661466666667
0.3567293026666667
0.4596817306666667
1.0043652913333334
0.45717161333333334
0.9357838846666667
1.0039661746666668
1.0068728786666667
1.003051752
1.0626241193333335
0.9957266413333333
0.5120218513333333
1.0081727866666668
1.0035790999999998
0.9851633266666666
1.034508104
1.0044592473333334
1.0380460166666667
0.9742358133333334
1.030079336
0.9927002566666667
1.0004699093333334
1.0015080553333333
1.0005165213333334
0.9677709093333333
1.0297706186666666
0.8082666446666668
1.00031845
0.6767884679999999
0.8345738286666666
0.733085948
1.0014730266666667
0.9512452206666667
0.7735752773333333
1.006247756
0.9236786766666667
1.007309746
0.6529191246666667
1.0133702893333334
1.0045414733333333
0.989373038
0.9555732473333334
0.8700253813333334
0.9081517113333333
0.9973336033333333
1.0054468466666666
1.0069318926666666
1.0348196693333334
1.0024430613333335
1.002478158
1.004353548
0.970910288
1.0023611786666666
1.0084450093333333
0.8801252666666666
0.9730770073333334
0.9867023433333334
0.7798326473333334
1.01242673
1.0087529173333334
0.9596620033333334
0.9674766113333333
0.5752008593333333
1.0071562093333333
1.0041891713333333
0.9991084246666666
1.0303882386666667
0.9995618406666668
1.0016598753333332
0.9701427093333334
1.0038371166666666
0.8367607266666667
0.979311694
0.7963080866666666
0.642012496
0.9720529360000001
0.7054518613333333
1.03636781
0.8535223806666666
1.0047412206666666
1.0002602086666668
1.0169695013333333
1.030858126
0.9175712046666666
1.0011812153333333
0.8501518793333332
0.462986886
0.850067748
0.7960276706666667
0.7919545100000001
0.8212881213333333
0.7221041713333334
0.8263843333333333
0.9743905293333334
0.9665186600000001
0.9922645046666666
1.00041165
0.9996200006666667
1.0052232913333334
0.9967318306666666
1.001227894
0.9409914546666667
0.9726803366666666
0.9129196213333333
1.001356282
0.996986338
0.482101202
0.9706469813333333
0.992883846
1.00063307
1.0032274726666666
0.8446014506666667
0.9990968039999999
1.001111206
1.0027239033333333
1.003907508
0.8646395553333334
1.0075342306666666
1.0042126506666667
1.006094542
0.9271981553333334
1.005505694
0.9657362913333333
1.0363177973333333
1.0082911259999998
0.886620556
1.0029463486666668
0.9971830920000001
1.000504868
1.0615341806666667
0.7552520393333333
1.010449776
0.7959686606666667
1.001111206
1.003051752
1.0096303
1.0079125366666668
0.9974957433333334
0.7232045693333333
1.001087872
1.0049880773333333
0.9975768326666666
1.0108064853333334
1.0029931920000001
1.0007962846666667
0.9655517506666667
0.998318836
0.9990503239999999
1.0012629053333333
1.004905778
1.000924562
0.886154082
0.9358552506666666
1.0041891713333333
1.0067194746666668
1.0361052993333333
0.999480428
0.959297618
1.0353060853333333
0.9721409433333333
1.0342963473333333
0.9743131653333333
1.0009012366666665
0.603090218
0.9979129160000001
0.999817796
0.9950576413333333
1.0024430613333335
0.4657583453333333
0.502455828
1.0106043193333334
0.9927576213333333
0.9892590973333334
0.941754878
0.9222407286666666
1.0981481673333333
1.00282926
1.0380460166666667
1.0041422166666667
1.0284513953333334
0.9122312766666667
1.0013095913333334
0.9696280159999999
1.010271516
0.8217359513333334
0.99780859
1.01242673
0.9986089806666667
1.006365644
1.0099270580000002
0.9844858733333334
1.0009828806666665
1.00813729
0.7912250346666666
0.9205309533333333
0.9742026666666668
1.0049292906666667
1.0025717613333334
0.9652804946666667
0.9081421099999999
1.0203640306666666
0.8645264286666667
1.0075224133333334
0.9960730293333333
1.0034735860000001
1.0025015573333333
0.9698031693333334
0.864222002
0.9710639493333333
0.918817678
0.995230572
1.034719948
1.004259612
0.9986322
1.0011928846666667
1.0004582566666667
1.021735488
1.0328040533333334
1.0020922293333334
1.0035439266666668
0.9018777459999999
1.0069082866666665
1.0085634133333332
1.0322083406666667
1.008492368
1.0089069413333334
1.0030634646666667
0.9116310353333333
0.9390267053333333
1.0056705019999999
1.0005165213333334
1.0107945906666667
1.0099270580000002
1.0048117386666666
0.8903701013333333
0.9543205379999999
1.0007846246666667
0.6893123346666666
0.9995734726666666
0.8768102433333334
1.035855412
0.622743324
0.9987250860000001
0.8456241413333334
1.0009362253333334
1.0004233013333335
0.850143466
0.7410674033333333
0.7189854273333334
1.0045179786666667
0.9055381186666667
1.0018818486666667
0.6035309
0.9604452960000001
0.8039170986666666
1.0048234926666668
1.008267456
0.968578422
1.0338855366666666
0.9989341433333334
1.0321835346666666
0.5933299666666667
0.9707895879999999
0.9997828853333334
0.9959459926666667
1.002337786
0.6127177046666666
1.0358429213333333
0.9997828853333334
0.9975536626666667
1.0066840806666668
1.0049880773333333
0.9998061586666666
1.0341344733333333
0.7960793113333334
0.9942053926666667
1.001624836
1.006012062
1.036818138
1.033574534
1.001788374
1.0124147973333333
1.0074987793333332
0.9904453686666668
0.5662187366666667
0.999596736
0.9013761666666666
0.739568016
0.9657688646666667
0.968272718
0.9392320533333334
0.7786874253333333
1.0001321013333333
0.998841218
0.5439628273333333
1.0083266333333332
0.977584198
0.44027690999999997
0.97767321
0.8913956926666666
1.0015430866666668
0.77041845
0.3550175893333333
1.0088832426666665
0.8146596793333333
0.9982028253333333
1.0104260046666667
0.625609744
1.000924562
0.615615878
0.9910167046666667
1.0057764786666668
0.9977274626666667
0.7876555006666668
0.8699284599999999
0.757162654
0.929043326
0.9887239253333334
0.8747476646666668
1.0009712166666667
1.0343586193333334
0.788024016
0.936171432
1.0000855253333334
1.00517624
1.0338482066666668
1.0101764693333333
0.9693216493333333
1.001216224
1.0258353146666668
1.0163077333333335
0.9945046646666666
1.0344831873333333
1.1785114959999998
0.65303329
0.8133252466666666
1.000271856
0.9353966579999999
0.679852362
1.0011345413333332
0.9990154673333334
0.87115478
1.0005281746666665
0.9882802860000001
0.5580488666666666
1.005611636
0.9681526733333333
1.0022676146666667
1.0044592473333334
1.0091677053333332
0.9879052100000001
1.0013095913333334
1.0311922533333333
1.0062359686666666
1.011163446
1.028747002
0.9963849846666667
0.9946889219999999
1.0337859953333333
1.0061298953333333
0.75184107
0.999061944
0.970625046
0.9236091559999999
1.0051291926666666
0.6228787946666666
0.9972872873333334
1.0284390826666665
1.009748982
1.0063538539999999
1.0030283266666666
0.9180026706666666
0.7934101739999999
0.9676073886666666
0.967128046
1.0076642413333334
0.5189320786666667
0.998829604
0.641542596
0.8354423393333333
1.007404254
0.9963156446666667
0.861232664
1.0091914180000001
0.9961885460000001
0.56634193
1.0125460706666667
1.0110801326666667
0.998597372
0.923827686
1.00877661
0.9985741546666667
1.0361677893333334
1.0028175526666667
1.0088832426666665
1.0046119633333332
0.885843372
0.7671091280000001
1.0128803746666668
0.9747775346666667
1.01660843
0.9701755806666666
1.0022208393333334
1.00431832
0.7634343779999999
1.0039661746666668
0.8649616946666666
1.0027356086666668
0.36540629266666663
1.0013329359999998
1.0047882313333334
1.0026770853333333
1.0087292253333333
0.9726142566666668
1.0000622386666667
1.0016481953333334
1.0381338333333334
0.9296164186666667
0.500133016
0.524787676
1.0008196053333334
1.0184525793333334
0.8809737546666667
0.996604626
0.9236786766666667
1.0250151653333335
1.0014146506666666
0.9291940713333333
0.990057236
1.0048234926666668
1.0002485606666667
0.968523818
1.000073882
1.0337611126666668
1.00210392
0.9110219213333333
1.0022325326666668
0.6560106453333333
0.9973336033333333
0.9980056686666667
0.7999715580000001
1.0045649686666667
0.9990968039999999
1.0058706986666666
0.8450917006666667
0.9944125619999999
1.0042126506666667
0.9985277233333333
0.880441002
0.999375774
1.0346327073333335
1.008551572
0.6447496106666667
0.9188963093333333
0.7827033626666666
1.007215256
1.0006563833333333
0.9973336033333333
0.9179536199999999
0.9995618406666668
0.9229343513333333
1.0032509073333333
1.034732412
0.9954150986666667
1.0123074173333333
1.0072743106666666
0.8644307286666667
0.9992362693333333
0.661899612
1.0036494553333333
1.008480528
0.9417342286666667
0.6231589533333334
1.0021857606666666
1.0015897986666666
0.9713714186666667
0.9413936446666666
0.9296767853333334
1.000365048
0.7058054453333332
0.99488477
0.9716351186666667
0.9129778386666667
0.6125516706666666
1.0017766906666667
0.8861266573333334
0.9694419846666666
0.9850277613333333
0.9179340013333334
0.9299082633333334
1.0010178753333332
1.0053056426666667
0.9778067586666667
0.996916914
1.002010404
0.8041955726666666
0.9289026746666667
1.0027356086666668
1.0062006079999999
1.005352706
1.0089898973333333
0.9294957086666666
0.9973104446666666
0.7787933226666667
1.0036025506666666
1.0044475019999999
1.011377744
1.0071089766666668
0.9984000593333333
1.0007263293333333
1.0075933226666667
1.003755006
0.9974494119999999
1.0287346819999998
1.0020454706666666
1.0059531560000001
0.9408368573333333
1.002337786
0.28919514933333335
1.0367305433333334
1.0065425286666667
1.0026887893333332
1.0007496466666665
1.003755006
1.0369558166666668
0.946820532
0.9178065
0.575077632
0.8720922853333333
1.0080899653333333
0.8905639513333334
0.9993990286666667
0.8653276573333333
0.9646517673333332
1.0084568486666667
1.0079480173333333
1.0013446086666666
0.9975073266666666
0.9689171046666667
0.9990851833333333
0.5757560353333333
0.9982492260000001
0.9952997613333333
1.0031806079999999
1.0009128993333334
0.9710749273333332
1.031377974
0.575193156
0.998864448
0.97024133
1.038560584
1.0106756626666666
0.5939289213333333
0.9907538079999999
1.003145462
0.9234999293333334
1.0044475019999999
0.9930101026666667
0.9980752446666667
1.0031806079999999
1.0067076766666667
0.9986554193333333
0.8269093753333333
0.9958882593333332
1.033773554
0.901972446
0.615629114
0.929606358
0.7380493173333332
0.968534738
1.0076642413333334
0.9734078133333334
1.0343088006666667
0.9665077853333334
0.9989922306666668
0.996130784
1.0098795653333332
0.8411361386666667
0.9032718453333334
0.623321742
0.9989806126666667
0.645195144
1.0034032560000001
1.0047294686666668
0.8905547186666666
0.9933086553333332
1.00877661
0.9403939606666666
0.96789086
1.0338855366666666
0.9996665339999999
0.99699791
0.9993408946666666
1.005847142
1.039503188
0.9945046646666666
1.0269881866666666
0.9968243640000001
0.9979940740000001
0.9937568219999999
0.9942514226666667
1.0027239033333333
0.9986786406666667
1.0031220326666666
0.8644220293333332
0.8848122813333332
0.8651969213333334
0.9989109106666666
1.0067784706666667
0.9997828853333334
0.9963040886666666
1.0112824893333332
1.002782432
1.004060056
1.0067312733333333
0.5578278053333333
1.0088950920000002
1.00197534
1.0044122673333333
0.9992362693333333
1.0062713313333334
1.0039544406666667
0.7801442773333334
0.8172872886666668
0.94160003
0.9646084366666667
1.0058706986666666
0.9969747666666667
0.9993060173333334
0.87825356
0.997797
1.0001670366666666
1.0007846246666667
0.9952421033333333
1.0365303833333335
1.0016365153333333
0.9950461146666667
1.0094760546666666
0.809378554
1.0063538539999999
0.8993377506666668
0.9751869886666666
0.9929527093333332
1.0010062100000001
0.9308857666666667
0.800605314
1.0013212633333333
0.8964657266666667
0.9745784653333334
1.0039192406666666
1.0040717926666667
1.0065425286666667
0.9464241193333334
1.0077351706666666
1.0005165213333334
0.623181558
0.8800801799999999
0.9994106566666666
1.005352706
0.8975992006666667
1.001052872
0.6231408706666667
0.9926314286666668
0.9731541753333333
0.8548474493333333
0.93661036
0.770985468
0.8905824173333333
1.0070971686666668
0.845682418
0.9966393146666666
1.0110444313333333
0.07846552266666666
1.0098320766666666
0.9664425406666666
0.9705263466666667
0.9993176426666667
0.9997363413333334
0.9903768526666666
0.9638940486666667
1.0076287806666666
0.612905694
1.0023026993333333
1.0100814413333332
0.9739154866666666
0.924195448
1.0064245986666667
1.0072743106666666
1.0200732213333334
0.903680458
1.0063774346666667
0.9956458526666667
0.9974957433333334
0.9930675026666667
0.49847002733333334
1.00871738
1.0042948360000001
1.0034266980000002
0.9954150986666667
0.8457407026666667
1.0047177166666668
0.9774062233333334
0.9734740019999999
1.0010645386666668
0.9997828853333334
0.9981680273333333
0.9068573926666667
0.9665512866666667
0.99862059
0.9995734726666666
1.0038136553333334
0.9922071973333333
0.9931249093333333
0.929113668
1.0373314886666667
0.995023062
1.0137529906666667
1.0087647633333332
1.0105567626666665
1.0059178153333335
1.0001204566666666
1.0073688113333332
1.1052269773333334
1.0000971686666666
1.0007496466666665
0.6558103093333333
1.0002485606666667
0.8219875786666666
1.00282926
1.000877912
1.0372062346666666
1.0386736066666666
1.247376654
1.034159374
1.0109492393333332
0.8172717373333334
1.0358429213333333
0.9726803366666666
1.0351937953333332
0.6954286426666666
0.8308926693333333
0.612931934
0.995622772
1.0123193473333334
0.9912797406666667
0.9993292686666667
0.8695321893333333
1.0035790999999998
0.9984696900000001
0.7329608426666667
1.0326550606666667
1.0129639846666667
0.9680544766666667
0.9729447480000001
0.6230052866666667
1.0025951646666666
0.8319468666666666
1.0079716726666668
0.8455242580000001
1.0052468186666668
0.9979361026666667
0.9918634926666667
0.7633258326666668
0.88084728
0.9700769733333333
0.9944470986666667
0.6365979613333334
0.8905177886666668
0.996523694
0.8464324026666666
1.000143746
1.0027356086666668
0.6133389446666667
1.0097252433333332
0.9992478933333333
1.0009362253333334
0.9700988846666667
0.679239514
1.0368932306666667
0.917091186
1.0079361900000001
0.9125123059999999
0.9993641473333333
0.8712608113333334
1.0006796973333334
0.9937798153333334
1.008492368
1.0032860606666667
0.7592976746666666
1.03515637
1.0280083046666666
0.9934005539999999
1.0041422166666667
0.9709980886666667
1.001216224
0.9299586
1.002770726
1.0029229286666668
0.758265474
1.0043652913333334
0.9997014366666668
0.9706360133333333
0.9650852846666667
0.9994222846666666
0.613233858
0.5511420466666667
0.9951959813333333
0.995069168
0.9968012293333333
0.9932971693333333
1.0070027186666666
1.0001088126666666
1.0344582713333332
1.0015547646666667
0.8410126093333333
0.9379500986666667
0.9967549626666667
1.0280944313333333
1.0011228733333335
0.6445560926666667
1.001987028
1.00256006
0.80992802
1.0302152306666668
1.0345205633333334
0.8360521873333334
1.0092744206666666
0.6887264953333333
0.5120340600000001
1.0011462093333332
1.008504208
0.9273983626666666
1.0393271053333333
1.0060827586666665
0.9979476966666666
1.0093574366666667
0.9988063753333333
1.03004228
0.9960730293333333
1.029671868
1.0175477493333334
1.032605406
0.991714628
0.9994687986666666
1.0105805399999999
0.9069914466666668
0.770985468
0.7678977493333333
1.0081727866666668
1.0069436966666667
0.5749467613333333
1.0060356266666666
1.0244161846666666
1.0078061093333335
1.0010412066666665
1.0324688806666666
1.0030868913333333
0.9961769926666666
0.9998759853333332
0.92439436
1.0024196646666665
1.0035790999999998
1.0355681913333332
0.9996781680000001
1.000143746
0.9972178213333334
1.0008545886666667
0.9937683186666666
1.0345330226666667
0.9705153820000001
0.995969088
1.0092388460000001
0.9980288593333333
1.002337786
1.0049410473333333
1.0066486886666666
1.00256006
1.0070263293333335
1.0003999993333335
0.9134049946666667
1.0365303833333335
1.0004233013333335
0.989373038
0.934857114
0.7683373366666666
0.46157628133333334
1.034570402
1.0109492393333332
0.8499668113333334
0.7791535906666667
0.875353822
0.9689717533333334
0.96544323
0.996257868
1.0098202053333334
0.9346943553333333
0.923569434
0.9466953126666667
0.9992013993333333
0.7873739266666666
1.0317620073333333
0.612656524
1.033611844
1.0332388606666667
1.024758374
1.0326923046666667
0.9883712566666667
1.03565559
0.9313803393333333
1.0030986046666668
0.7753138366666668
1.0092862793333333
1.003075178
1.0067194746666668
0.8851222686666667
1.004259612
0.7480371140000001
0.5053140493333333
1.0258843206666668
1.0082319526666668
0.9994339126666667
0.9934350206666667
0.99874831
0.60283204
1.0061181106666666
1.0001088126666666
0.7162636099999999
0.922974018
1.030536578
0.8221842693333333
0.9357838846666667
1.037268858
0.936406156
0.9096134473333333
0.9880983953333333
1.004647212
1.00404832
1.00197534
1.0083976559999999
1.0344831873333333
0.612739558
1.0001088126666666
0.7942538293333333
1.0134659373333335
0.593051414
0.6591062933333334
1.0030634646666667
0.9875304186666667
0.42235055800000004
1.0007846246666667
1.01181853
0.9710090646666666
0.999724706
0.999689802
1.0016598753333332
0.9739927873333333
1.0059413753333333
0.9996083686666666
0.5935390533333333
0.9129681353333333
0.9290835199999999
1.0005864473333332
0.9165627666666666
1.0057882553333335
1.0048822666666666
0.9009223873333334
1.004095266
0.8732448146666667
1.0361677893333334
1.0095828346666667
0.9128614113333333
1.0050115933333332
1.0182956273333332
0.7373524286666667
0.7232959126666666
1.0097252433333332
0.998318836
0.8220662433333333
0.7476269486666667
0.995622772
1.011508748
1.0322579573333335
0.9945276933333332
0.9886897853333333
0.68303101
1.015875042
0.83957411
0.7292522
0.438723076
1.0029229286666668
1.0061063259999998
1.0047294686666668
1.002162376
0.9972178213333334
0.9943895386666667
1.0025015573333333
1.008847696
1.0315389853333332
0.8403872846666667
1.0176924139999999
1.0206913893333334
0.9181989260000001
1.0022676146666667
0.9971946679999999
1.0091677053333332
1.006813872
1.017403126
0.9187488866666665
1.0365679073333334
0.9695185766666666
1.00063307
1.0068610766666668
0.9297472226666667
0.6587625746666667
0.4902315113333333
0.9672696206666667
1.0078534073333334
1.0034735860000001
0.840428396
0.9988760633333333
0.9963965426666667
0.6558103093333333
1.004905778
0.836109152
1.0130117686666666
0.995980636
0.99778541
1.0001088126666666
1.0034735860000001
1.001858478
1.007286122
1.0373064353333332
0.9987018626666666
1.003755006
0.9073938466666667
0.9983072333333333
0.7748941926666666
1.0106043193333334
0.999526948
1.0082437866666667
0.655790282
0.9293247566666667
1.001111206
0.817349502
1.0010062100000001
0.8861083753333334
0.8855602673333333
1.0294867619999999
1.0051056706666666
0.799979008
1.0282051866666668
1.0012979193333333
1.0517214073333332
0.4558880913333333
1.0003068006666667
1.024110852
1.0428854506666667
0.9181106006666667
1.009298138
0.8375112946666666
0.9686330320000001
0.736410558
0.593133314
0.733474046
1.0362927933333335
0.021292872666666667
1.0010295406666667
1.0100695640000001
0.9016410826666666
1.009143994
1.0000273106666666
1.0360803046666667
0.8899734346666668
0.7553184486666668
0.6646292739999999
0.99874831
0.8451000146666667
0.9965468160000001
0.8952697913333333
1.000889574
1.0161394206666667
0.991909306
0.9912683013333333
1.0030634646666667
0.9987250860000001
1.0004932146666667
0.9911767966666666
1.038560584
0.999492058
1.0006447266666667
0.9746005799999999
0.8980308606666667
0.8259314240000001
1.0058942566666667
0.7632512253333332
1.000621414
0.8749615066666667
0.8405764293333333
0.9982608273333333
1.0365303833333335
0.9361102193333333
1.0000505960000001
1.036768082
1.0008545886666667
1.00542331
1.0217841026666667
1.034557942
0.995253634
0.845307924
0.602853194
0.7369728626666666
0.5514994346666666
0.999631634
0.844501808
0.9104715186666668
0.45748083199999995
0.9989341433333334
1.0057411506666667
1.0036377286666667
0.5033921853333333
0.5796294519999999
1.0036377286666667
0.7761124146666666
0.6563916213333334
1.0031571773333334
0.990365434
0.47772019466666665
1.0048470013333335
0.9692997733333333
0.6130062940000001
0.999375774
0.9973104446666666
0.9371928286666666
1.0357430026666665
1.0016014773333333
0.998841218
1.0060709753333335
1.008492368
1.0039779093333334
0.9968937753333333
1.0017416433333333
1.0301781646666666
0.996789662
0.9971252153333333
1.00232609
1.00614168
1.0010412066666665
0.968993614
0.8498658993333333
0.9807764739999999
0.9296667233333332
0.998318836
0.6321706353333333
1.0058942566666667
0.9948271593333334
1.0087884573333334
1.0018467933333333
1.0123909333333332
1.0380585606666666
0.999271142
0.5840949919999999
0.998121634
0.999375774
1.0023962693333333
0.970493452
0.708559246
1.0350191693333333
0.9699893393333333
0.812971162
1.0302152306666668
0.9072117646666668
1.003461864
1.0032977786666668
0.7056662880000001
0.8127480926666667
0.8603441993333333
1.00245476
0.7958285473333334
0.9990968039999999
0.9952997613333333
0.998713474
0.615232278
0.8375847919999999
0.9946083013333333
1.0049880773333333
0.85471986
0.9984696900000001
0.8496053206666667
0.622851696
0.5659948866666666
1.0338606493333333
0.9977506406666666
1.0054350786666668
0.9986902513333333
0.8177930453333333
1.0053997746666667
1.017403126
0.735351464
0.823137586
1.0032274726666666
1.0346327073333335
0.9408059440000001
0.834427902
1.0111753493333333
0.9475098273333333
0.7190817273333334
1.0138965786666667
0.5578821486666666
0.500182524
1.0022676146666667
0.9963965426666667
1.0483456506666666
1.000073882
0.7782429686666666
1.0030166146666668
0.973275464
0.9252406926666666
0.960219834
1.0108064853333334
0.9069722933333334
0.7757899833333333
1.0261539353333333
0.9761622093333334
1.0004233013333335
1.0050115933333332
1.000178682
1.0043652913333334
0.9708334753333333
1.00534094
0.9813927646666666
0.9980288593333333
1.0395283473333334
0.2879542553333333
1.0072388773333334
1.0058942566666667
1.0347947373333333
0.7835672733333334
0.79978535
0.770985468
1.0036377286666667
0.3428102913333333
0.6335787953333334
0.7991454560000001
1.0054468466666666
0.6132382359999999
1.0048117386666666
1.1525008506666667
1.003461864
0.976606136
0.971360434
0.8631538606666667
0.8172328600000001
0.87417793
0.7915968993333332
1.0339104246666668
0.9995385786666667
0.575620998
0.9998410706666667
0.8264081846666667
0.9236886093333333
0.6798039386666667
1.007014524
1.0030166146666668
0.7702664653333333
0.9989341433333334
0.6988459266666667
1.0041656933333334
0.7917866113333333
0.901915624
1.0214924833333332
0.9065798346666667
0.8749793313333333
1.0050351113333333
1.0017299613333333
0.9740369653333334
0.9469144673333334
0.9933201420000001
0.8142504
0.998017264
0.8597500393333333
1.0029463486666668
0.54774013
0.8771952606666668
0.5850138993333334
1.0353060853333333
0.8970461573333334
0.9996200006666667
0.593006378
1.000201974
1.0097371126666668
1.0023494819999998
1.0092151313333333
0.7304366146666667
1.0049175346666666
0.9352133466666668
0.7516042446666666
0.9355087173333333
0.588710556
0.9674003413333333
0.9977506406666666
1.0064128073333334
0.9718879653333333
0.8744894113333334
1.003708092
1.0013679553333332
0.679760902
1.002010404
0.612516728
1.0025249573333335
1.0101883493333332
1.0064245986666667
0.9297572860000001
0.622887828
0.7766738026666666
1.0010412066666665
0.9978201806666666
0.995969088
0.9592547673333334
0.99874831
1.0073451846666668
0.9971252153333333
1.0047647253333334
0.997171516
1.0054821539999999
0.9958651679999999
1.0078652326666666
0.9999691033333333
0.869197842
0.9015369900000001
0.9705482780000001
0.35584558866666666
0.9971020666666667
0.6827812693333334
0.9008468013333333
1.083288302
0.9968243640000001
0.9731541753333333
1.00517624
1.0062123946666668
0.46597816
0.9990503239999999
0.8960355693333333
1.0093692973333332
1.0111277386666668
0.9947810760000001
0.9644243266666668
0.9672151640000001
1.005764702
0.9293850853333333
1.0134659373333335
1.0080899653333333
1.0375319586666667
1.003907508
0.9296868473333334
0.9965583773333333
1.0065189399999999
1.0069200893333334
1.028574544
1.0094760546666666
0.6553450006666667
0.99603838
1.03422163
1.0033563746666667
0.9176594260000001
1.000236914
0.998110036
0.8449337613333334
1.0376698266666666
1.0016014773333333
0.9982724286666667
1.005847142
1.0049880773333333
1.0069082866666665
1.007014524
0.9940443206666667
0.9121053539999999
1.0347573413333333
0.8274032046666666
0.9958767133333334
1.005352706
0.9784304659999999
0.8320032733333335
1.0224165146666666
1.0063184853333333
0.9990387046666667
0.8129326926666666
0.9071159606666667
0.779960102
1.037582088
1.0148308906666665
1.0099033106666668
0.976206584
0.9992478933333333
0.613207592
0.9957497266666666
1.0059767173333334
1.0092388460000001
0.9700002926666667
1.0024079673333335
1.0048705113333334
1.0026185693333334
0.970350932
0.995023062
1.0014613506666665
0.9934005539999999
1.0014263253333333
0.9992827666666667
0.9042988306666666
0.99699791
1.003051752
1.03636781
1.0001670366666666
1.000365048
0.9983304386666667
1.0341967266666667
0.9987250860000001
0.9805077893333334
0.9236886093333333
1.034719948
0.9831787693333334
0.9960614793333332
1.0023728753333334
1.0011812153333333
1.0043770353333332
1.003755006
1.001624836
0.8363289446666666
1.00505863
0.9984929026666667
0.5246178073333333
0.38238839199999997
0.9661164513333333
1.00371982
0.6705281206666667
1.0118662053333334
1.0045649686666667
0.9714043733333333
1.0117112766666667
0.39099185200000003
1.040964456
0.7292645826666667
1.0061888220000001
0.9998061586666666
1.0380209286666666
1.032555756
0.9049752520000001
1.008385818
0.443582698
0.993389066
1.002747314
0.9942974573333333
1.005023352
1.005682276
0.7557171533333333
0.8226803486666666
1.0339228693333333
1.0037432773333332
0.6561559653333334
1.0059413753333333
1.0013095913333334
0.992470866
0.8797376733333334
0.9295761786666666
0.8649616946666666
0.47056274
1.0306231286666667
0.6349087613333334
1.0112586786666666
1.0360303206666668
1.0027356086666668
0.8131635606666667
0.7747683879999999
0.9901485339999999
1.0017533253333333
0.81290192
0.8604820933333334
0.8092031873333334
0.4852275386666667
1.0016131566666666
1.0038957753333333
1.00320404
0.6898382273333333
1.0026887893333332
0.39450058266666665
0.623366976
0.9070872240000001
1.0070027186666666
0.5839996866666667
0.7586136953333333
0.9999109026666667
0.9709651613333333
0.98365163
0.9352235293333333
0.8266706373333333
1.03814638
1.0036142766666667
0.9873942013333333
1.0348196693333334
0.86163869
0.23959095133333336
0.9913369406666668
1.03205952
0.924344624
0.6153380513333333
1.0062241813333332
1.0038605793333333
1.0066604860000001
1.0014963786666666
0.5578712786666666
1.03581794
1.0031220326666666
0.9474366726666668
1.0049410473333333
0.770826342
1.000341748
0.9976579360000001
1.0095709693333332
0.9998876246666667
1.006601504
0.8244411313333333
0.8210840106666666
1.0011928846666667
0.6130587933333334
1.0075460486666665
0.9950806953333334
1.004060056
0.9982376253333334
0.6004847673333333
0.5280524360000001
0.9407544266666668
1.0385982553333333
1.0065071466666666
0.5769161006666667
1.003907508
1.0007030126666667
1.001566442
0.7870276506666667
1.0037901946666665
1.001858478
1.0004233013333335
0.9997596126666667
1.0064953533333334
1.0395912513333332
0.936191838
1.002127302
0.98669101
1.0032274726666666
0.9934579993333333
0.4449590566666667
1.0017416433333333
1.009262562
1.0108659613333333
0.7734638286666666
1.0072270666666667
1.0334253186666666
1.0049998353333334
1.0072743106666666
1.0232325093333334
1.0006563833333333
0.8558439533333333
1.004506232
1.0033798146666666
0.9981912253333334
1.0014730266666667
0.9986438093333333
0.621697674
0.994331986
0.999515318
0.8816247666666667
1.0180421906666668
1.003051752
0.6231951213333333
0.9764618153333332
0.99743783
0.9951729220000001
0.994723478
1.0090610133333333
1.0018117406666667
1.0372438073333332
1.03708101
0.99608458
1.0046707126666667
0.9956458526666667
0.9395710746666667
0.6330838266666666
1.0013212633333333
1.0341967266666667
1.0339477593333333
1.0073215586666666
1.0056351813333333
0.7711377366666667
0.8855785266666667
0.6399510233333333
0.9942284073333334
0.508523884
1.0379456726666667
1.0326674753333334
1.0112467733333332
0.9975768326666666
1.0025834626666665
0.9974146666666667
0.9047464893333335
1.0019402786666667
0.592916328
1.0004582566666667
0.9968243640000001
0.602096812
1.01196157
1.0039427073333334
1.002536658
1.0055410053333333
0.9993060173333334
1.0307715353333333
0.931097662
0.593945348
1.0036025506666666
0.9983072333333333
1.0082792913333334
1.00063307
1.0004932146666667
1.009143994
1.0068256726666667
0.9990968039999999
1.0052585833333332
1.0050703893333333
1.0053644726666666
0.9981564286666667
1.0086581566666668
0.9923676746666666
1.0022676146666667
0.8464073813333333
1.0053056426666667
1.0058942566666667
0.9072692560000001
0.6926081926666667
1.006754872
1.0067666713333332
0.999526948
1.0003999993333335
1.0365804159999998
1.004259612
1.00205716
0.912250652
0.6418398
1.0020337813333333
1.0217476406666666
1.0066486886666666
1.0010645386666668
1.00952351
0.9397355366666668
0.9909252466666667
0.7261697500000001
0.6231137493333333
1.008622626
1.001788374
1.0029580586666667
0.9972872873333334
1.0114849266666668
1.0005981026666666
1.019734154
0.999259518
1.0340224373333333
1.034122024
1.0043300626666667
0.840033894
1.006177036
0.8242433593333334
0.9967433966666668
1.0018000573333334
1.0349817573333333
0.99533436
0.4822690166666666
0.62857626
0.998318836
1.0020688493333334
1.0032977786666668
1.007676062
1.036042816
0.9409605313333333
0.997021054
0.8805132019999999
1.036843168
1.00197534
0.94791761
0.8299614093333333
0.9946889219999999
1.012211988
1.0044709933333333
1.0003068006666667
0.8515002566666667
0.9970673453333334
0.870695608
0.9350199299999999
0.9016884053333333
1.004647212
0.8586929166666667
1.001683236
0.9923332826666666
0.9977506406666666
0.8134638853333332
1.0065779126666667
0.9481582620000001
0.655840352
0.9790214946666667
1.0035556506666667
0.9963272006666666
1.0143635193333334
0.9725261633333333
0.9993292686666667
1.0059178153333335
1.0012629053333333
0.9990154673333334
0.9983072333333333
0.995069168
1.003825386
0.9954727766666667
0.7832671873333333
0.997600004
0.7714493833333332
0.6309679513333333
0.644967458
0.9177672753333332
0.6079820073333334
1.005023352
1.0024898573333334
0.966921204
0.996627752
1.0105210980000001
1.0232203206666666
1.0011928846666667
1.0035556506666667
1.0297212406666667
1.0082911259999998
0.8772758886666667
1.0042009106666665
0.9982028253333333
0.995668934
0.9480745433333333
0.9347553826666667
0.96564944
0.8649616946666666
0.8500088653333334
0.7792313393333333
0.9686658013333334
1.0047529726666666
0.5749890953333333
1.0027239033333333
0.8503706999999999
1.0153466973333334
1.0102477526666667
1.0116278726666665
1.0036846366666667
1.0043770353333332
1.0013212633333333
0.8642828706666666
1.0005281746666665
0.9950922226666666
1.0092388460000001
1.0004349526666667
1.0124744633333334
1.0315142106666668
1.0320843206666668
1.002665382
1.0032743426666666
1.0033329353333333
0.6923625613333334
0.8313108093333333
1.0000273106666666
0.8768997519999999
1.0044122673333333
0.8266706373333333
1.0183318426666665
0.9897948486666666
0.9965468160000001
0.7964114473333334
1.005682276
0.8316407933333333
1.0076406006666667
1.0042478713333334
1.00197534
1.0091677053333332
1.009250704
0.9658014406666666
0.538250178
1.0040248486666665
0.7303248306666666
0.965855738
0.9987831486666667
1.0351438960000001
1.0026185693333334
0.6230821106666666
0.9863511153333334
0.8234847946666667
0.998017264
1.0036025506666666
1.003051752
1.030017578
0.8203782546666666
1.0134061553333333
0.994067328
1.0069673046666667
1.006294908
0.904108472
0.786580828
1.0106280993333334
1.0031103186666666
0.9592547673333334
1.035006698
1.0176562439999999
1.0047882313333334
0.9918405873333332
0.81721731
1.0396164153333334
0.9649660286666667
0.9052136693333334
0.8606114086666666
1.0040835293333332
1.0066958786666667
1.0130237153333335
1.0046707126666667
0.967879954
1.0075224133333334
1.003192324
1.0143036313333333
1.0024313626666668
0.902285098
0.995980636
1.033313436
1.0003068006666667
0.9355494726666668
0.9904910513333333
0.8130173293333334
0.988997132
1.0036377286666667
0.8308765953333334
1.0382969613333333
0.13108000066666667
0.9996665339999999
1.0096065666666667
0.9929067993333333
1.0329779326666666
1.0012629053333333
1.004259612
0.8489503759999999
0.6562311566666666
0.9065702666666666
0.9972641306666666
1.0014847026666667
0.9172674606666666
1.007309746
0.9172282826666667
1.0000505960000001
0.99780859
0.997426248
1.0062713313333334
1.00031845
0.9356208026666667
0.7442714566666667
0.9963849846666667
1.0000156686666666
1.00431832
1.00323919
0.845940596
1.0022559206666666
0.9961076813333334
0.9948156380000001
1.001765008
1.0039896433333333
0.8722074013333333
1.0067194746666668
0.9957728126666666
0.9975189099999999
0.99488477
1.001987028
1.001928592
1.0107351233333335
1.037682362
0.9355494726666668
1.0097371126666668
0.8652492106666667
1.0037901946666665
1.0149507986666668
0.8537768826666667
0.999259518
1.0043770353333332
1.0000622386666667
1.006342064
0.8149920393333333
0.9408677726666667
0.8504885733333334
0.8274191446666667
0.8693385886666667
1.0032977786666668
1.0007263293333333
1.0029229286666668
1.0000855253333334
0.9009696346666667
1.0032157560000001
1.0018000573333334
1.0059413753333333
1.007404254
0.9672478373333333
0.9884849933333333
1.001566442
1.0072388773333334
1.0005631373333335
1.0308457553333332
0.8305713093333333
0.5249736953333334
1.005458616
1.0278606926666667
0.8690395566666667
0.9964196586666667
0.970844448
1.0366179439999998
1.0040248486666665
1.0364303320000001
1.0008429273333332
1.0071916366666667
1.007711526
1.0016014773333333
0.673905354
0.854983586
0.34212760333333336
0.8844569753333333
0.8824036273333333
0.7334051593333334
0.8665235486666667
0.45859700266666664
0.973099054
1.0033915353333334
1.000574792
1.0344333566666666
0.36722304533333333
0.999375774
1.0062595433333332
0.994378028
0.9637210226666666
1.0012512346666667
0.9106066439999999
0.7919691133333334
0.5211516746666667
1.0029580586666667
0.845116644
1.006094542
1.039037956
0.9980288593333333
0.874881304
0.885359464
0.997831772
0.995738184
0.99699791
0.9935614173333334
0.9348774626666667
0.9953458933333333
0.9962925333333332
1.0353809593333334
0.9747775346666667
0.9004218693333333
1.0018234246666666
1.0033094973333334
1.0125818786666667
1.0120569526666667
1.0009712166666667
0.8747387566666667
0.8963908873333333
1.0294250746666667
0.7596132566666667
1.0060709753333335
0.686639962
0.366319446
0.8271004653333333
0.9997479766666667
1.000621414
1.0013212633333333
1.0143395633333332
1.0099626806666666
1.00232609
0.930260734
1.0011928846666667
1.03528113
1.019867332
0.8977211493333332
1.020194372
0.88614494
1.0079007100000001
1.0024313626666668
1.0049292906666667
1.0103428126666667
0.99915491
0.9974494119999999
0.8903239593333333
1.0022442266666667
0.9989225266666667
1.008160954
0.9389856466666667
0.775082976
0.659182162
0.9416413173333333
0.9984000593333333
0.9929871446666666
1.0047412206666666
1.0028526753333333
1.0063774346666667
1.0042830946666665
0.968807826
0.9974146666666667
0.998365248
1.0020688493333334
1.0025951646666666
1.0036142766666667
1.00323919
1.0033680939999998
0.9402292680000001
0.7750969639999999
0.7099764933333332
1.0323075786666667
1.0100220573333332
1.006059192
1.00275902
1.0372438073333332
1.0333382966666667
1.0002485606666667
0.9721739506666666
1.0076878833333334
1.0015080553333333
0.9054903906666667
1.038698726
1.0051997653333333
0.912958432
1.0361677893333334
0.9689389633333334
1.012999822
1.0117470253333332
0.9964890133333333
1.0546914593333332
0.9772950213333333
0.9967318306666666
0.7297106273333334
0.45717161333333334
0.6132032146666666
1.0058589199999999
1.000143746
0.9977274626666667
0.9950806953333334
0.8811544946666666
0.8411196660000001
1.0069673046666667
0.9543735520000001
0.7997630106666667
1.0009128993333334
0.9009412853333333
0.9979129160000001
0.971624128
0.952268122
0.7126269999999999
1.0095116453333333
0.9985161159999999
0.597315508
1.0102121099999999
0.8184943586666666
1.0048470013333335
0.9598014
0.6131113026666667
1.001788374
0.8746496886666667
0.444952142
1.002876092
0.9996200006666667
1.006342064
0.9691357353333333
1.012247772
1.03207192
0.998794762
0.9919894899999999
0.9929641873333334
1.0055763193333334
0.8186113606666666
0.9732644366666666
1.0352187466666667
0.5671683353333333
0.9998992633333333
1.00517624
1.0061652506666665
1.0038605793333333
0.9907423813333334
0.8960636106666666
1.0147110106666668
0.9993874013333334
1.0344707286666668
1.034072228
0.9977158746666668
0.584508342
0.588363774
1.005211528
0.6583082033333334
1.00205716
1.0111158366666666
1.00197534
0.936365326
0.6821739666666666
0.9294957086666666
1.0056234086666667
1.0089424926666668
1.003145462
0.9060921279999999
1.0018351093333333
1.0037667353333333
0.9668341393333334
0.820096292
1.0034266980000002
0.8357837446666667
1.0016014773333333
1.0014029766666666
1.0024079673333335
1.026350108
1.0066604860000001
0.9986902513333333
0.9913598226666667
0.8403379566666668
0.612918814
0.824093116
0.996835932
0.9859888193333333
0.9963965426666667
0.8165802793333334
0.9692341513333335
0.8464324026666666
0.7744610373333334
1.00542331
1.0048470013333335
0.9178457273333334
1.0029697693333333
1.007510596
0.9690373393333332
0.999922542
0.9693216493333333
0.6474662386666666
1.0039896433333333
0.7910793013333334
0.709636306
0.9706469813333333
0.8674598673333334
0.6054067386666666
0.7515582126666667
0.9724821226666667
1.0022442266666667
0.7558102446666667
0.9930560220000001
0.9722289666666667
0.6559655593333333
1.003192324
1.0375194273333332
1.0037901946666665
1.03581794
1.0295854766666666
0.732910812
1.0044240119999999
0.9958420773333334
1.003708092
0.9319259866666666
0.9982956313333334
1.0049528046666667
1.0029697693333333
1.0336491573333333
1.0018467933333333
1.0364678486666667
0.941156414
1.0124147973333333
1.0349817573333333
0.9118245753333334
0.9370190340000001
0.7594453613333333
1.000737988
1.001286248
0.8539296566666666
0.9986554193333333
0.7514924626666666
0.9962000986666667
0.9686221093333334
0.9930101026666667
0.999689802
0.6032892926666666
1.037732506
1.00859894
1.0016481953333334
0.9994339126666667
1.005023352
1.0067430726666666
1.0060356266666666
0.950003826
0.54966435
0.9787537706666667
1.0104973226666667
1.0089069413333334
0.9993060173333334
0.7749011826666666
0.8047983393333333
0.9919780346666667
1.0003999993333335
1.0018818486666667
0.9659209033333334
1.0013095913333334
1.038811778
0.9934235313333334
1.0057058246666668
0.997171516
1.0107113380000001
0.9691685386666666
1.0022559206666666
1.001683236
1.014279678
1.004905778
0.99470044
1.0035790999999998
1.0020922293333334
0.8678717873333334
1.0054703846666666
0.998121634
0.64454642
0.9465701273333335
0.99636187
1.0024430613333335
0.9813591286666666
1.0074278833333332
0.9819088033333334
1.0131431966666666
0.39858820733333333
0.9673458699999999
0.884712038
1.0096065666666667
0.8308605219999999
0.7516700146666667
0.31852914066666665
0.8777151226666666
0.7330484113333333
0.8001429453333333
0.99410184
0.63381254
0.9976926979999999
0.997565248
0.993699342
0.9046035713333334
0.603056346
1.0123074173333333
1.001087872
1.0036377286666667
1.0027941386666666
0.9909938386666666
0.993216774
1.2477571566666668
0.99185204
0.602920896
1.003532202
0.9724931326666667
1.013358334
0.9866796760000001
1.0029463486666668
0.99874831
0.818198102
0.84463467
1.0023026993333333
0.9985625459999999
0.9742800133333334
0.7703217253333334
1.000365048
0.9126868253333333
0.971393388
0.8357268246666666
0.8308203413333334
0.9246829346666666
0.9992943919999999
1.0035204786666667
1.004060056
0.9420750586666666
1.0038488479999998
1.0014963786666666
0.9945852686666667
0.9968012293333333
1.0030166146666668
1.0013679553333332
1.0011228733333335
1.0062359686666666
0.9997130713333333
1.02932639
1.006012062
0.999689802
0.9706031106666666
1.004259612
0.970592144
0.766253766
0.6308706366666667
1.0010762046666668
1.0027356086666668
1.002665382
1.0019987160000001
1.032171132
0.9408265526666667
0.7597476266666666
0.406195334
1.0119496486666666
1.0055998633333334
1.012379002
0.8596726006666666
1.143068956
0.6335087053333334
1.0030166146666668
1.008409494
1.0016481953333334
1.0117708586666665
1.0094523286666666
1.002536658
0.991051006
0.9884622439999999
0.813125074
1.0030400393333332
0.9954266333333334
1.0135735633333334
1.003051752
0.8128019259999999
0.7053649686666666
1.0058589199999999
0.9696170706666667
1.008101796
0.999515318
0.985253724
1.0030400393333332
0.8599910486666666
0.9977158746666668
0.9979013233333334
1.0105686513333334
0.9994687986666666
0.7454793226666667
1.0058824773333335
0.9702851680000001
1.011068232
1.0030283266666666
1.005764702
0.9999691033333333
0.9998992633333333
1.0014613506666665
1.0133702893333334
0.997797
0.7947829453333334
1.005764702
1.0083503066666668
1.0044592473333334
1.0042478713333334
0.995992184
0.7747963406666666
0.7197806779999999
1.0365804159999998
1.005505694
1.0089424926666668
0.9999923853333333
1.0064599746666667
0.5417124673333333
0.8781547966666667
0.4244898713333334
0.999631634
0.7642562540000001
1.003461864
0.5840910206666666
1.0039427073333334
1.0106399893333333
0.9964080999999999
0.9228946873333332
0.9804406413333333
1.028796286
0.602925128
0.9913483813333334
1.0106280993333334
1.0013212633333333
1.0172103586666668
0.9958651679999999
1.000609758
1.002876092
1.0124983313333333
1.001204554
0.9595333653333333
1.003075178
1.0068020713333334
1.0074396986666667
1.0376698266666666
0.895904734
0.8852317273333333
0.9999574626666666
1.0015781206666667
1.0020337813333333
1.0024313626666668
1.0371060526666667
1.0001204566666666
1.0031806079999999
0.9058628006666666
1.0350316406666666
1.0314522806666666
1.0038957753333333
1.0041070033333335
1.0310066006666665
1.0100814413333332
1.008149122
0.8301298446666666
1.0335123553333332
1.033723792
0.748024086
1.0044122673333333
1.008196452
0.999526948
1.034234082
1.0017766906666667
0.9704167053333334
0.9891907453333333
1.007120784
0.885085788
1.0042713533333334
1.0023728753333334
1.018247344
1.0001204566666666
1.0051997653333333
0.899639156
0.7996736666666667
0.7959317840000001
1.0329903546666666
0.49012242266666667
1.0063538539999999
0.9785753693333333
0.5230461486666667
1.0125580066666666
0.992000946
0.9992246459999999
1.0689050286666668
0.8916825413333332
0.7789133753333334
1.009416742
0.8269332566666667
0.999596736
1.0063892253333333
1.00205716
1.0073569980000001
1.007120784
0.971745036
0.9685456586666666
0.875996552
0.817349502
0.996835932
1.0093930193333334
1.000236914
1.0346451693333334
0.6391938646666666
0.6448318913333333
0.9358042739999999
1.031972728
0.9986438093333333
0.8732980819999999
0.9678472379999999
0.6453308633333333
0.9524053786666666
1.0031337473333333
1.0000156686666666
0.5845043646666667
1.0036025506666666
1.0016365153333333
0.998063648
1.0034501413333334
1.001916906
1.0107945906666667
1.007404254
1.0361052993333333
0.8708809846666666
1.0014963786666666
1.0032274726666666
1.000271856
0.8959327673333334
1.00245476
0.9361306226666667
0.9974030853333333
1.0030049033333333
0.8320677466666666
0.8745161206666666
0.9701865386666667
1.0068492753333333
1.000574792
0.9946543686666667
1.008421332
0.9996549
0.9598014
0.8310856046666666
1.0042126506666667
0.5050822953333333
1.0066604860000001
1.035605646
1.0129639846666667
0.9948617246666666
1.0162355926666666
0.8043085226666667
0.6316685733333334
1.006636892
0.5002174766666667
0.8148528786666668
0.9982492260000001
0.593305378
0.7911084433333334
0.8888407306666667
1.0101170746666666
1.0065425286666667
1.0074396986666667
0.20696193933333332
0.987450954
1.003321216
0.9178261133333334
0.863665892
0.9117568266666667
0.9727243953333333
1.0038019246666665
0.9953689606666667
0.9990735633333334
0.9352438940000001
1.0346700946666667
1.0022325326666668
1.000283504
0.8760680253333333
0.47470528800000006
1.0052703473333333
1.0065779126666667
0.8217988433333333
1.0001204566666666
1.0189237273333334
1.0070735546666667
0.9767060753333333
1.0021740686666667
1.0024430613333335
1.01004581
0.9122215886666666
1.003755006
0.997021054
1.003461864
0.9349283386666666
1.0033094973333334
1.0025951646666666
0.8127942346666667
0.7632173179999999
0.719256338
1.0034032560000001
1.03422163
1.0131312473333334
0.8959327673333334
0.8935655086666667
0.9957150993333334
0.8499499913333334
1.0023611786666666
0.946038458
1.0011462093333332
1.0073333713333332
0.998411664
1.0275778873333334
0.9688843186666667
0.623054994
1.0031688926666666
1.0015080553333333
1.005493924
1.0032743426666666
0.6442612006666667
1.027442688
0.20281091466666665
1.00256006
0.8600685446666666
0.9979361026666667
1.00256006
1.0042361306666667
0.845848966
0.43461431333333334
1.0001088126666666
1.0064953533333334
1.033301006
0.5343394786666666
1.0072270666666667
0.9935384340000001
1.020388272
1.0035556506666667
1.0022559206666666
1.0036846366666667
0.603136798
1.03967933
1.002209146
0.9719979393333333
1.005823586
1.0015897986666666
1.002630272
0.97024133
1.014135982
1.0090847206666667
0.7195153993333333
1.001216224
1.0132985646666666
1.0114968373333333
1.0009012366666665
0.95959768
0.8657201046666667
0.9732423826666666
0.9798926093333333
1.0103665800000001
0.5120615306666667
1.0015897986666666
1.004858756
1.0079716726666668
1.0056705019999999
1.0024664586666667
1.006837474
1.0076878833333334
0.9286716966666666
0.9463719846666666
0.5120218513333333
1.0015547646666667
1.000574792
0.9766172393333333
1.0024664586666667
1.0022208393333334
0.8264558906666666
1.006094542
1.00542331
1.007475146
0.7404477713333334
1.0061888220000001
1.0016131566666666
1.003825386
0.9949769606666667
1.004658962
1.0006796973333334
0.9995385786666667
1.0063184853333333
0.9966161886666667
1.00813729
1.0094048806666667
0.5050615066666667
1.0010995386666668
0.7918888019999999
0.8855876566666667
0.996523694
1.004353548
0.9781073753333334
1.0009012366666665
0.999061944
0.5283220013333334
0.787691614
1.004694214
1.0225747406666665
0.968523818
0.8986227213333333
0.519019872
1.003145462
0.9942169000000001
1.0036611819999999
1.0041187406666667
1.0253455153333333
0.994758036
1.0018701633333333
1.0032626246666667
0.969343526
0.9994106566666666
1.0333382966666667
1.004964562
0.9474889246666667
0.999027086
0.9951037500000001
0.999271142
0.999515318
0.8637874799999999
0.8180111026666667
1.0056469546666666
1.0278483933333333
0.6030817493333334
1.0053291739999999
0.997009482
1.007061748
1.0040717926666667
0.9963965426666667
1.0009712166666667
0.5418081386666667
1.007168018
0.9162303706666667
0.7829102419999999
1.0033915353333334
0.8698403686666667
1.002700494
0.8188766900000001
1.008468688
0.9471859420000001
0.644739932
1.0201459086666667
1.0064481826666667
1.0027121986666665
0.9982956313333334
0.9899203206666666
1.0062359686666666
1.0015897986666666
0.633588142
1.0089424926666668
0.9728455773333333
1.0355557073333332
1.009487918
1.0021857606666666
1.0079243633333335
1.0093218566666666
1.0260926466666667
0.9744789606666666
1.034159374
0.8782804986666667
0.622905896
0.9979824793333334
0.935610612
1.0079243633333335
0.61220242
1.0394528726666667
1.0033915353333334
0.9921040613333333
1.0019636526666666
1.009891438
0.9739154866666666
1.0015430866666668
0.9657580066666666
1.0367555693333335
0.9932397426666666
1.0587212166666666
1.0074515146666665
0.8135409273333333
0.9964196586666667
1.0314894380000001
0.9991316666666666
0.9975536626666667
0.9994339126666667
1.0033094973333334
0.9982956313333334
1.0057411506666667
1.002864384
0.9828075546666667
1.012916206
1.034769806
1.0064717673333332
1.0005864473333332
1.0404601066666668
1.0398177693333335
1.0040365839999998
1.0036494553333333
1.0038371166666666
1.0052703473333333
1.0350191693333333
1.0041539546666667
1.0317000473333333
0.9999923853333333
1.0078179333333332
1.0031103186666666
1.0075933226666667
0.9986902513333333
0.9985393306666667
0.9730659846666667
1.0047999853333334
1.0029463486666668
0.9680981166666667
1.00210392
0.9966161886666667
0.9953574266666666
1.0140162659999998
0.8261300073333333
1.0000389533333334
0.9697703233333334
0.6133082906666667
1.0344582713333332
1.004635462
0.7998523746666667
1.0353560000000002
0.449106986
0.9973336033333333
0.5932521093333333
1.0091914180000001
1.0091677053333332
1.0062123946666668
1.03405978
1.001286248
1.0041656933333334
0.9402601433333333
0.941569066
0.8683016526666667
1.015106722
1.0064010159999999
1.0149268153333335
0.9220427419999999
0.9968822060000001
0.49862917133333334
1.0022676146666667
1.0038136553333334
0.9742468633333333
1.0075460486666665
1.0372438073333332
0.9911310506666667
1.016921344
1.002630272
1.037657292
0.99748416
1.0024079673333335
1.003825386
0.772010982
1.0007846246666667
1.0021506846666666
1.033723792
1.0091321386666667
0.9416206733333333
1.0369808526666666
1.0057411506666667
0.768206782
1.0344582713333332
0.7832243366666667
0.9727133806666667
0.9927117293333334
1.0016949173333334
0.9954035633333332
1.0071089766666668
1.01181853
1.0048117386666666
0.8852134826666667
1.001765008
1.0038136553333334
1.0001321013333333
1.0029931920000001
1.0029463486666668
0.902304054
0.9968243640000001
1.0322083406666667
0.8689516453333334
0.8130942866666666
1.03358697
0.855792794
1.0038957753333333
1.0042713533333334
1.0032743426666666
0.5935144473333334
1.0000505960000001
0.63343396
1.003497032
0.644565766
1.0082201193333333
1.0083266333333332
1.033611844
0.9354475906666666
1.0035790999999998
0.952057034
1.0000040273333335
1.0106994459999998
1.0044709933333333
1.0163919106666668
1.0031571773333334
0.9996432666666666
0.9959113519999999
1.011794694
1.0083503066666668
0.9349283386666666
0.8653363746666667
1.0029229286666668
0.8899457733333334
0.822105582
1.006294908
1.0079243633333335
0.9013761666666666
1.0007962846666667
0.8497566046666667
0.969496692
0.9993990286666667
0.968381876
1.0061298953333333
1.000143746
1.0367180313333333
0.859534966
0.9909252466666667
1.0026770853333333
1.0059413753333333
1.0091677053333332
1.0213831693333333
1.0380585606666666
0.5839242586666666
0.99743783
0.8303144
0.91246384
0.936538878
0.996142336
0.80879937
1.0007846246666667
1.0028058453333333
0.999515318
0.9988528326666666
1.0025249573333335
0.99828403
1.0032626246666667
0.7713523993333333
0.7364863239999999
0.6863985453333333
0.9695185766666666
1.0102002293333334
0.9355494726666668
0.5855921813333334
1.01016459
0.5156796993333334
1.012605752
1.004635462
0.9458717826666666
0.829632756
1.0030986046666668
1.0355681913333332
1.00256006
0.9997828853333334
0.9965815013333332
1.0007846246666667
0.995542
0.9011208593333334
1.0067902706666667
0.8309569706666666
0.974866036
1.0065189399999999
0.8960823059999999
0.7346470926666666
1.0351688446666667
1.0015897986666666
0.9977506406666666
1.004353548
1.007168018
1.000504868
0.9728345593333333
0.9749324226666666
0.9233708766666667
0.85523896
1.001052872
0.9978781386666666
1.0024196646666665
0.8258917193333334
1.0009128993333334
0.8189001100000001
0.971712058
0.912037564
1.0031103186666666
0.9361816353333333
0.970690856
0.7669926866666666
0.9998294333333333
1.0071325919999998
0.9725481853333334
1.009748982
0.5580271146666667
0.5750622326666667
1.0036611819999999
1.0009945453333333
0.7924878766666668
1.0079953286666667
0.9400337706666666
0.6472076873333333
1.0022676146666667
0.9997014366666668
1.0101170746666666
0.7294441740000001
1.0013679553333332
0.9006673366666668
1.0029112193333334
0.996604626
0.7835672733333334
1.0017299613333333
1.008101796
0.5209241219999999
1.0056351813333333
0.9705592446666667
0.91775747
0.99862059
1.0004233013333335
1.0078534073333334
1.0353060853333333
1.0083147973333333
1.0000855253333334
1.006294908
0.9647492746666667
1.0062831193333333
1.0043887786666665
0.46156884066666665
1.0079598446666667
1.0347448766666667
1.010402234
0.8650226673333333
1.0056469546666666
1.0376948973333333
1.004060056
0.632622242
1.0026068666666668
1.0014029766666666
0.9333943206666666
0.9005540273333332
1.0086344693333333
1.0113063013333334
1.0013212633333333
0.81298655
0.980664504
0.9701865386666667
1.0085397306666668
1.0058118086666668
0.8000609679999999
0.664557288
1.0066604860000001
1.0142916546666667
1.0065543226666667
0.998365248
1.0014146506666666
1.0308457553333332
0.7926853313333333
1.00282926
0.998365248
1.0057764786666668
0.9979940740000001
1.005188002
1.006990914
0.9905938526666667
1.0018701633333333
0.9980868413333333
0.9950576413333333
0.9011964906666667
0.99470044
0.996835932
0.9714153586666666
0.8698051373333333
0.994285948
0.9294554793333334
0.658787836
0.6255095206666667
0.9927805686666668
1.002478158
0.9114762626666667
0.86874073
0.9975304939999999
0.46127636466666666
1.0048117386666666
0.87023692
0.9972409753333333
0.9729447480000001
1.009440466
0.9351420786666665
1.006012062
1.006342064
0.9683600426666666
0.8170229880000001
0.80876891
0.8705191326666667
0.987984748
0.8799449486666667
1.000574792
0.91213441
0.9013761666666666
0.9982260253333334
0.9976579360000001
1.0047412206666666
0.9717340426666666
1.042012542
1.0380836506666666
0.9924135346666667
0.995126806
1.0038723113333334
1.009428604
0.9070393326666667
0.9982724286666667
1.006896484
1.0029463486666668
1.0082319526666668
0.9984812959999999
1.0082792913333334
1.0341344733333333
1.0001670366666666
1.0314522806666666
0.9679453926666667
1.0024430613333335
0.9985625459999999
0.9949193393333333
1.1324300093333333
1.0008079453333334
1.00877661
0.9073746766666666
1.0342465346666667
1.005682276
1.0088832426666665
0.9534096133333334
0.9992130226666667
0.9894414153333334
1.0321339253333335
0.8218696086666667
0.7097887633333333
1.0017065980000002
1.0004932146666667
0.9160154193333333
0.8598360986666667
0.9773506193333332
0.9390061753333333
0.588633906
0.5864677573333333
0.6448996673333334
0.5642400826666667
1.0403340953333333
1.0341344733333333
0.9989225266666667
0.99955021
0.988314398
1.001566442
0.8225306746666666
0.9687750473333334
0.7633122666666666
1.0038371166666666
1.003708092
0.8956805339999999
0.43715792200000003
0.69841977
0.7520846293333334
0.7337497193333333
1.0032157560000001
0.8532765066666665
0.941156414
0.9944701239999999
0.9693982226666666
0.9946428513333334
1.001204554
0.9022282359999999
0.8708633266666668
0.8679068626666667
1.0063774346666667
1.000889574
0.9176790333333333
1.0095472386666666
1.006094542
0.860732138
0.9192699926666666
0.99894576
0.9982724286666667
0.7918742019999999
1.0153707006666668
1.0110563313333334
0.8418615759999999
0.66759939
0.8220426426666666
0.9990851833333333
1.0039544406666667
1.0300299286666668
1.0155507653333333
0.7673009906666666
1.0029463486666668
0.8697434886666666
1.0325433446666665
0.9992013993333333
1.002384572
1.0087292253333333
1.0298200006666667
1.0105924293333335
0.9402601433333333
1.006896484
1.0038957753333333
1.0348570693333332
0.9975536626666667
1.03422163
0.9234304346666666
1.0079007100000001
0.9949539113333333
1.0058118086666668
0.9965583773333333
0.8358650726666667
0.9995385786666667
0.9308857666666667
0.710669606
0.682775842
1.0049880773333333
0.7752228753333333
0.5663083266666666
1.0090017493333334
0.8803146806666667
1.0095709693333332
0.51380431
1.0349194093333334
1.009120284
1.0063892253333333
1.0059413753333333
1.004905778
1.0046119633333332
0.9707237646666668
0.938103748
0.9743684239999999
0.9390575019999999
0.9350402853333334
1.0091795613333334
1.0032626246666667
1.0389751193333334
1.0072270666666667
1.030821014
1.0077588153333332
0.9980984386666667
1.0094048806666667
1.0391510826666666
0.8849763653333332
0.996523694
0.7588281440000001
0.671057184
1.0004582566666667
0.7052433553333334
1.0319851260000001
1.003696364
0.9355902313333333
1.0112348686666666
0.8159209900000001
1.0145312439999998
0.6134922613333333
1.00197534
1.0374943646666668
1.0380334726666667
0.9960614793333332
1.006813872
0.8262809946666666
1.0328537273333334
0.9119504199999999
0.9992130226666667
0.936171432
0.923420508
0.995553538
0.7701904953333333
0.9672914046666666
1.0072388773333334
0.6029589853333334
0.8172717373333334
0.999515318
0.9122990953333333
0.9986089806666667
0.9991897766666666
1.009938932
0.9928953226666666
1.0061888220000001
0.9993060173333334
0.9696499066666667
0.9986322
0.9918863986666667
1.0068492753333333
0.9979708846666667
1.006896484
0.9815721946666666
0.9767949273333334
1.0079361900000001
1.0025834626666665
0.9998643473333333
0.9864190753333334
1.0027121986666665
1.0341967266666667
0.9988876786666666
1.00534094
1.008101796
1.004635462
0.8217202293333333
0.8991024179999999
0.9996083686666666
1.003825386
0.9115149506666667
0.9346129966666668
0.9722509753333334
0.5435360226666667
0.9463719846666666
1.0353560000000002
1.00509391
0.993699342
1.00813729
1.0390002533333333
0.9411873506666667
0.9946083013333333
1.0032157560000001
0.5502911373333333
0.9901142953333333
0.8408397293333334
0.99874831
1.033400454
0.5101820153333333
1.0032157560000001
0.6230504746666666
0.9931363913333333
0.96818541
1.0143036313333333
0.9706798866666666
0.5420064226666667
1.005458616
0.9966508786666667
1.0016481953333334
1.0043652913333334
1.0067902706666667
1.0072506879999998
1.000143746
1.0292277246666666
0.5500339113333333
0.9973683433333334
1.0005165213333334
1.0014380006666668
1.002770726
1.005906036
1.0018701633333333
1.0077351706666666
1.0006447266666667
0.9486085046666667
1.0059295953333334
0.9765395213333333
0.9126674306666667
0.9681963226666667
1.0047647253333334
0.998063648
0.999526948
0.592895866
1.00021362
0.9968475
0.9703399706666668
0.8194078653333333
1.0044592473333334
1.0342465346666667
1.0018351093333333
0.9846100033333334
0.9982724286666667
0.5416885546666667
1.00205716
0.9972641306666666
0.9410120713333334
1.0043300626666667
0.6452678439999999
0.929043326
1.00505863
1.00542331
1.0359178726666667
0.9988760633333333
1.0030400393333332
1.0029814806666666
0.8954097746666666
0.9987715353333333
1.00877661
0.9691029346666666
1.011425378
1.006530734
1.0015430866666668
1.0053056426666667
0.8726593039999999
1.0032626246666667
1.0132268506666666
0.9681963226666667
1.0075933226666667
1.009998306
0.961466566
1.0097252433333332
0.925559714
1.009250704
1.0326302326666668
0.6233579286666666
0.994631334
1.0031688926666666
1.0013913026666668
1.0016715553333333
1.0350316406666666
1.0140641486666666
1.0020922293333334
1.00245476
0.8661827759999999
0.9959228986666667
0.99713679
0.995738184
0.99814483
0.9213603406666666
1.0095828346666667
0.925649478
1.0067902706666667
1.008492368
1.006625096
1.0371561413333334
1.01876663
1.0322579573333335
0.6030351780000001
1.0038488479999998
0.9937798153333334
1.0038371166666666
1.0018467933333333
0.996211652
1.001858478
0.9292443306666668
1.0067194746666668
1.0010995386666668
0.6392224046666667
1.01140156
1.0085278893333334
1.003930974
0.9725041426666666
1.0335123553333332
1.0355557073333332
1.0041304786666667
0.9966971353333334
0.9976231760000001
0.9012626786666667
0.9950576413333333
1.002630272
0.9738271573333334
1.0106399893333333
0.97652842
0.9681417613333333
1.0030400393333332
1.0061063259999998
1.002864384
1.005352706
0.9870765066666666
0.9971946679999999
1.0020220926666665
0.9590941113333333
0.5498121146666667
0.3293194113333333
0.9996665339999999
1.0013913026666668
0.9170128633333333
0.929878064
0.9961538879999999
1.012176206
1.004964562
0.9670191706666666
0.9250314546666667
1.00534094
1.0015897986666666
0.5731360986666667
1.0041070033333335
0.5560800006666666
0.8403872846666667
1.0075578666666667
0.7788851240000001
1.0001321013333333
0.9985045093333333
0.60256563
1.0359303653333334
0.8215551893333333
0.8269571393333334
0.8179721553333333
0.39544132266666665
1.0347947373333333
0.4745794
1.0069555006666666
1.005023352
0.9948271593333334
0.6827107233333333
1.008125458
1.0123432086666666
1.036092802
0.998063648
0.826424086
1.0035556506666667
1.000178682
0.5083312873333333
1.0105210980000001
1.0031103186666666
0.9986322
0.9993874013333334
1.00371982
0.997298866
0.7124674113333334
1.0038605793333333
0.9957266413333333
1.0045179786666667
1.011365836
1.0317620073333333
0.7053707613333333
0.6310096666666667
0.329935418
0.9934694893333333
0.9895439986666666
1.005906036
1.002162376
1.0014963786666666
1.0379080486666667
1.040245906
1.008409494
0.9968937753333333
1.0371811873333332
0.998121634
1.019056694
0.6032892926666666
0.9346231660000001
0.9931134273333334
0.8852955913333334
0.8850675493333333
0.9298478666666666
1.0011928846666667
1.0126893166666666
0.9975073266666666
0.5581649033333334
1.0008196053333334
0.542136412
0.868494792
1.0104735486666667
0.998841218
1.009748982
1.0018467933333333
0.990868094
0.9994106566666666
0.6024937813333333
1.0079598446666667
1.0031103186666666
1.0006680406666666
1.0024313626666668
0.6345429326666666
1.006990914
1.034557942
1.0023494819999998
0.9991432880000001
1.0391887966666666
0.9131331220000001
0.9484828126666667
0.8339013673333334
0.7954158686666666
0.9979824793333334
1.0106518806666667
0.990810948
1.0311427393333334
1.0312541526666668
1.0376447573333334
0.8752289566666667
1.0062595433333332
0.9039562426666666
1.0023611786666666
0.6334246186666667
1.0097133746666667
1.0005514833333333
1.0047529726666666
0.9715581913333333
0.800359148
1.0081727866666668
0.6393223126666667
0.998829604
0.2582157606666667
0.9407338206666667
1.0054821539999999
0.446603892
0.980765276
0.993699342
1.0090847206666667
0.9970789186666666
1.0070853613333333
0.9964890133333333
1.00171828
0.9972409753333333
1.0058706986666666
0.9974146666666667
1.0114372873333333
0.9990038486666667
0.8694969826666668
0.9673458699999999
0.9797920166666666
0.5684933546666667
1.0084331706666667
1.008101796
0.7482847326666666
1.0083147973333333
0.6313575093333333
0.7370424200000001
1.002127302
0.8497229813333333
0.5867802386666666
1.0131431966666666
0.910008538
1.002770726
0.564225258
1.008468688
0.771172352
0.6307224060000001
0.6027939673333333
0.8965967260000001
1.0000040273333335
0.7328795466666667
0.8726327086666666
0.5578821486666666
1.0066604860000001
0.9983072333333333
1.0062831193333333
1.0043418053333333
0.8704926673333333
1.003907508
1.0057882553333335
0.9802504386666666
1.005847142
0.9942284073333334
1.0049292906666667
0.9354475906666666
0.783881896
1.0024664586666667
0.9187488866666665
1.0075460486666665
1.0038136553333334
0.4559268066666667
1.0022442266666667
0.9983420413333334
1.0099270580000002
0.9908338053333333
1.0007146706666668
0.9944125619999999
1.0087529173333334
0.9704715233333333
0.5841982746666666
0.997021054
0.8652404953333334
1.0353435213333333
0.845241382
0.9807764739999999
0.9363857406666666
1.0021389926666668
0.7296052620000001
1.0004466046666667
1.000283504
0.9081421099999999
0.7162755546666667
0.8981811006666667
0.900365242
0.3160271733333333
1.007475146
1.0060709753333335
0.6310282086666666
1.001987028
1.037732506
0.9711407986666667
0.9994339126666667
1.0363177973333333
0.7523019906666667
1.0010412066666665
0.9722069593333333
1.007120784
0.9999923853333333
1.0088713933333333
0.9185622193333334
0.9988528326666666
1.0082082853333334
0.9735733006666666
0.7759091113333334
1.008066304
1.0062595433333332
0.6929993299999999
0.9993641473333333
1.0004466046666667
0.6337377226666666
1.0000505960000001
1.0374442433333333
0.91083838
0.9453617046666667
0.7633936699999999
1.0075815033333333
0.8316971586666667
0.8699020306666666
1.0028526753333333
1.00171828
0.9964312166666667
1.0060474086666666
1.0076406006666667
0.9361204206666667
0.9984000593333333
0.9985393306666667
0.8511121606666667
0.9968822060000001
1.0036142766666667
0.9991084246666666
0.9663881773333333
1.00245476
1.005023352
0.995692016
1.0101289533333333
1.0368056233333334
1.0030986046666668
0.9914513613333333
1.0181628586666667
0.7961604746666667
0.8688637513333333
1.0300916886666667
1.0124386626666666
0.9995734726666666
0.929103618
1.0070263293333335
1.002337786
0.783688802
1.0037901946666665
0.9472277213333333
1.0069318926666666
0.9719209546666666
0.9865663546666666
0.9473635293333333
1.007215256
1.0105805399999999
0.9709432113333334
0.9997828853333334
1.0023026993333333
0.9185622193333334
1.0362052873333334
1.0344458133333332
1.0092744206666666
1.0040131133333332
0.9717890093333333
0.8682753226666667
0.9696499066666667
0.767273576
1.0096896373333335
0.9290634226666666
1.0021156106666667
0.46712353
0.45723001599999996
0.7227481966666666
1.0123909333333332
0.4882336826666666
0.8088450653333332
1.001858478
1.0091558493333335
1.004506232
1.0094997813333333
1.0077942853333335
0.9596512819999999
0.7790263993333333
0.99814483
0.8440039493333333
1.0607869633333333
1.005835364
0.9948271593333334
0.999631634
0.9992943919999999
0.972647296
0.9290835199999999
1.0036846366666667
0.9002142706666667
1.001987028
0.9357736906666667
0.985423264
0.964803454
0.6331724906666667
1.0135855233333333
0.934806246
1.0004233013333335
1.011330114
0.8599566106666666
1.0039661746666668
1.0131790466666666
0.7754468186666666
0.8001951213333334
0.9076527213333334
0.7028313593333334
0.9989922306666668
1.0037667353333333
0.33671756999999997
1.0068020713333334
1.0013913026666668
1.0090373066666667
1.0018351093333333
1.0144234146666666
0.932776044
1.0027239033333333
0.8961851426666667
1.0330152
1.0034266980000002
0.998063648
0.9981564286666667
1.0017065980000002
0.6332891913333334
0.8176684933333332
0.9971599406666666
0.62322225
0.8633100093333335
0.9305630646666667
1.0092151313333333
1.0069791093333333
1.0049292906666667
1.005564548
1.0061534646666668
0.9536424746666666
1.004694214
0.9627381186666667
1.0099864306666666
1.018005996
1.0033446546666667
0.9344706540000001
1.0121642793333334
0.6798577426666667
1.011330114
1.0013796286666667
0.9713164993333333
1.0008079453333334
0.9947119586666666
0.9291639180000001
0.9994106566666666
1.0029697693333333
0.9952190413333333
1.0382593119999999
0.99778541
0.9981912253333334
1.00245476
0.9352744426666666
1.0062831193333333
1.00404832
1.0329655106666666
1.0135496446666665
1.001788374
1.029153738
1.0346451693333334
0.9951844513333333
0.9966393146666666
0.9665839146666667
0.92732828
0.9982956313333334
1.0074160686666667
1.0024079673333335
0.8509351039999999
1.003532202
1.006589708
0.9778401513333334
0.7193527106666667
0.25577765933333335
1.0047529726666666
0.8309971646666666
0.350755604
1.0063774346666667
0.8719949033333334
0.37929344866666664
0.517020554
0.5426947046666667
1.008125458
1.0346451693333334
0.8126712006666666
1.0189720746666666
1.0297212406666667
0.8546518280000001
0.9984000593333333
0.9974030853333333
1.038987686
0.968425546
1.0026185693333334
1.0350815286666666
1.0027356086666668
1.0286854033333335
0.9626733826666667
0.9010452406666667
0.400816318
0.8158434966666667
0.736694762
0.7750270306666667
1.0037432773333332
0.9309866573333334
0.97767321
0.5418183913333333
1.0326923046666667
0.9714922633333334
0.9146401666666667
0.6769271366666667
0.593686732
0.9985277233333333
1.006837474
1.003825386
1.0090017493333334
1.0066722833333333
0.976606136
0.899639156
0.8218617453333333
1.0014730266666667
1.0007846246666667
0.9783970333333334
1.0070971686666668
0.8848669693333333
1.0052585833333332
0.840157136
1.0013212633333333
1.008160954
1.0054703846666666
0.9972409753333333
0.76684205
1.002653678
1.0013679553333332
1.0039544406666667
0.9953228266666667
1.0073569980000001
1.0144114353333333
1.0117112766666667
1.0018701633333333
1.003145462
1.0036611819999999
1.003192324
1.0080781346666665
0.96882968
1.0028878006666666
1.0073688113333332
0.9993874013333334
1.0094048806666667
1.029474424
1.0068256726666667
0.970866394
1.033301006
0.97211894
1.001928592
1.0014029766666666
1.003532202
0.9996781680000001
1.006059192
1.0010178753333332
1.00614168
1.0013329359999998
1.0062006079999999
1.00190522
1.0061181106666666
0.9999923853333333
1.0006796973333334
1.004259612
0.9200773973333333
0.9970904926666667
1.0078415826666667
0.8800711633333334
1.0004699093333334
0.5841823826666667
0.9228550273333334
0.9355800413333333
0.9967087
0.7876338340000001
1.0015781206666667
0.656030686
1.011330114
0.9855363233333334
1.0049763193333334
0.6225673006666667
1.0347448766666667
1.0002951526666668
0.49186805866666666
0.8220111766666667
1.001765008
0.8458989433333333
1.001111206
1.0037432773333332
0.38623980266666663
0.992012402
0.9663555620000001
0.8445101106666666
1.0022559206666666
0.9627381186666667
1.0092269886666667
1.0070381353333333
1.0160432666666668
0.9930904646666666
0.66782257
1.010449776
1.0020454706666666
1.0100814413333332
0.6827541346666667
0.9288825846666667
0.8550091166666666
0.8702457366666666
1.0074160686666667
0.9393039466666667
1.010925444
1.0063774346666667
1.0091677053333332
1.0013095913333334
1.0024196646666665
0.9999807446666668
1.0006913553333334
1.03188595
0.8979745339999999
1.008018986
0.879728664
1.011163446
1.000201974
1.0054468466666666
1.005352706
1.0016481953333334
1.0072506879999998
1.0106399893333333
1.0044005226666666
0.51196387
1.004905778
0.9942284073333334
1.0015781206666667
0.9933201420000001
1.0004349526666667
0.855647876
1.0082319526666668
0.8000013586666668
0.9972409753333333
1.0146031433333333
0.8501266386666666
1.0058706986666666
0.9973799233333334
0.8189625686666666
0.7075612093333334
0.9633967666666667
0.8182760433333333
0.8180656353333334
1.009120284
1.0188391306666666
1.003497032
1.006342064
1.0054350786666668
0.9182970846666667
1.008125458
1.0039427073333334
1.0071916366666667
0.996523694
1.0133702893333334
0.9995851039999999
1.013310518
1.0037667353333333
1.0062006079999999
1.010402234
1.0018818486666667
0.9700222000000001
0.86874073
0.6451127713333333
1.1251617146666668
1.033164296
1.0377701173333334
0.9889629733333333
0.9997712486666666
1.002209146
0.9983072333333333
1.0327916353333333
0.9889060466666667
0.995034588
0.528744766
0.706136164
0.968928034
1.00086625
1.0106756626666666
0.9969053446666667
0.8694089786666667
1.0020922293333334
1.001928592
1.009143994
1.0066722833333333
1.0064245986666667
0.8217045086666667
1.0017766906666667
1.0053880066666667
1.0015314093333334
0.9966740066666666
1.0105686513333334
1.0055292346666667
0.9608213006666666
1.002653678
0.953261488
1.0076997046666667
1.0003999993333335
1.0126654400000001
0.9968012293333333
1.002653678
0.9731982773333334
1.007120784
1.0044475019999999
1.0078179333333332
1.00210392
0.9997014366666668
0.6128488480000001
1.0351314219999999
1.0019402786666667
1.0035204786666667
1.00171828
0.9990387046666667
0.9972293986666667
0.5934898433333333
0.6234619886666667
1.0070381353333333
0.864552532
1.0063184853333333
0.99357291
0.9978897306666666
1.001987028
0.603221508
0.9525321126666666
1.033301006
1.0049292906666667
0.9931938060000001
1.0072388773333334
1.0011695466666666
0.4916372153333333
1.0012512346666667
1.0109373413333334
1.0062241813333332
0.7999417586666667
1.0357554913333333
1.003907508
0.5659911573333333
1.0050703893333333
0.8809556846666666
1.001204554
1.0077706386666667
1.0017766906666667
0.9934465100000001
1.005188002
0.6336115093333333
1.0035439266666668
0.9695404626666667
1.0028058453333333
1.01751159
1.0064245986666667
1.003532202
0.996627752
0.9685675006666667
1.0044475019999999
1.0121046506666667
0.9958767133333334
0.6335974886666667
0.9351522593333335
0.22783401133333334
1.003907508
1.0069673046666667
1.036055312
1.0057882553333335
0.912366924
1.0037667353333333
0.9934350206666667
0.984463308
1.0119496486666666
1.0019636526666666
1.0045297260000001
1.0034032560000001
1.00404832
1.0007146706666668
0.6446576753333333
0.9959228986666667
0.9069627173333333
0.9620157226666667
1.0012629053333333
0.6559705680000001
0.920965208
1.0075460486666665
1.0061298953333333
1.0000389533333334
0.9121828406666667
1.0020454706666666
0.9830887526666667
1.0035556506666667
1.0121404273333332
1.001216224
1.0320471206666666
0.9941823793333333
1.0027121986666665
1.0106994459999998
1.02759018
1.0031337473333333
1.029412738
1.0055527766666668
0.9130748846666668
0.7715879733333333
1.026669048
0.998713474
1.0000971686666666
0.831141894
0.6556251073333333
0.9295057666666666
1.0041304786666667
0.9735401993333334
1.0029463486666668
1.0038723113333334
1.0015781206666667
1.0011228733333335
1.0013679553333332
1.00031845
0.9707786166666666
1.0033680939999998
1.0068846813333332
1.0398429439999999
1.0059295953333334
1.010402234
1.0283282766666666
0.971393388
1.0253087993333334
0.9326241346666667
0.9700879286666667
1.002864384
0.9998410706666667
0.6229826953333334
1.0013095913333334
0.8653974
1.0032860606666667
0.5663792719999999
1.0034501413333334
1.0033446546666667
1.0013212633333333
1.0039427073333334
0.967760006
0.9348774626666667
1.0020805393333334
1.0008429273333332
0.9979476966666666
0.9942744393333334
0.99945717
0.9347350393333332
1.0068256726666667
1.0338855366666666
0.6337330473333334
0.9982956313333334
0.9992130226666667
1.03708101
1.0347573413333333
1.000621414
0.9966971353333334
0.778694484
1.0039779093333334
0.7964336
1.004647212
0.9972062446666667
0.7667530653333333
0.82200331
0.8963441186666667
0.9922988926666667
0.996963196
1.0025951646666666
1.0089898973333333
1.0087410713333334
1.000877912
0.9617033799999999
1.004635462
0.995634312
1.0008429273333332
1.0415324333333333
0.9320675553333334
0.6679523946666667
1.0112943953333333
1.009701506
1.0070735546666667
1.0040717926666667
0.8693121946666666
0.8907209393333333
1.0011695466666666
1.0075815033333333
1.00320404
0.9958651679999999
0.9993525206666667
0.6558103093333333
1.0200489953333334
1.0057764786666668
0.999259518
1.002653678
0.9693325873333333
1.006094542
1.005188002
1.0031337473333333
1.0064953533333334
1.00600028
1.0102477526666667
1.0015314093333334
1.0128087193333335
1.0021506846666666
0.8964937946666667
1.0097133746666667
0.9933316286666667
1.0090373066666667
0.6134134033333333
0.8518887073333333
1.0039896433333333
0.9789322366666667
0.8453411986666667
0.7452012313333333
1.0108897533333334
1.0068728786666667
0.754800762
1.0003533980000001
1.000737988
1.0032626246666667
1.003825386
0.9241755613333333
1.0032509073333333
1.0011695466666666
0.9834714393333334
0.9343690066666667
0.9968475
0.9993874013333334
0.9924020693333333
0.9956112326666666
0.87011351
0.402736878
1.011425378
0.9039467299999999
1.0360303206666668
0.9127644106666667
1.0034853086666666
1.038171474
0.999922542
1.0087529173333334
1.002747314
0.8910165953333333
1.0082911259999998
1.0049763193333334
1.0095828346666667
0.9951498633333334
0.5935841693333334
1.0009362253333334
1.0044944853333333
0.9013383340000001
1.0056469546666666
0.9894528126666667
1.000621414
0.6337096713333333
1.020303432
0.96780362
1.0073333713333332
1.0110444313333333
0.848665204
0.6342618133333334
0.8268536573333334
0.9665947913333333
0.9686658013333334
1.0030049033333333
1.0097845926666666
1.0084331706666667
1.0092032746666668
0.8128942273333334
0.9969400546666667
0.9348265926666667
0.7867465260000001
1.00063307
1.0161394206666667
0.9121828406666667
0.6134309253333333
0.9307647273333334
0.9124929193333334
1.0111277386666668
1.005282112
1.0132746586666668
1.0012629053333333
0.9240662013333334
1.005611636
0.999724706
0.9669647419999999
0.8168909019999999
1.0041304786666667
1.0077469926666667
0.9382062093333334
1.0076524206666666
1.0090136013333335
1.0067902706666667
1.0047999853333334
1.0069082866666665
0.9988063753333333
1.0040717926666667
0.9353355466666667
1.0032626246666667
0.8740000400000001
0.964521788
1.0052468186666668
0.8559718786666667
1.002478158
0.8174739566666667
1.003192324
1.012331278
0.8910165953333333
0.996523694
0.99777382
0.9954035633333332
1.0048234926666668
0.9474680233333334
0.9924479326666666
0.7835100966666667
0.6029970793333334
1.006566118
1.0268285926666667
0.602257226
1.002630272
0.5667043546666666
1.0051527153333333
1.001052872
0.997831772
0.9975189099999999
0.7753908206666666
0.9952997613333333
0.5683466606666666
1.0318115806666666
0.9241855046666666
1.0007962846666667
1.003907508
0.996916914
0.9970904926666667
0.9321585866666666
1.002653678
1.0085397306666668
1.0113063013333334
0.8799449486666667
1.0025249573333335
0.9960037326666668
0.825367968
0.9975536626666667
0.818151344
0.9964774533333333
0.9301398566666667
0.8175595413333334
1.0041891713333333
0.8447675733333334
0.8494792913333334
1.0024898573333334
0.6235570313333334
1.0057764786666668
1.0056234086666667
0.947259058
0.9388419686666666
1.009143994
0.9979013233333334
1.0074869626666667
0.9397458173333333
0.941042998
0.9179045746666668
0.880865346
1.03337559
1.0017299613333333
1.0078179333333332
1.0020220926666665
0.7977279526666666
1.0177285866666665
1.0113063013333334
1.0004349526666667
1.0118900446666665
1.002291004
0.8749169473333334
0.9982144253333333
1.0074869626666667
1.0317867933333333
1.000341748
0.9944010499999999
0.9990968039999999
0.939581352
0.6130981746666666
0.8137258879999999
1.0014029766666666
1.003696364
0.9968937753333333
0.9964080999999999
0.9930560220000001
1.0068728786666667
0.6029420560000001
1.0021506846666666
0.9734078133333334
1.0022208393333334
1.0026887893333332
0.9691138680000001
0.9993176426666667
1.0082201193333333
1.2694234486666667
0.4935382533333333
1.0029112193333334
0.8178553359999999
1.004858756
0.5820251506666667
1.0045297260000001
1.0064717673333332
1.0389751193333334
0.8175439793333333
1.0129400946666667
0.9998061586666666
0.9115729893333334
0.9983884553333334
1.0057293753333334
1.011092034
1.0075815033333333
1.00648356
1.0036142766666667
0.9672260546666667
0.9985045093333333
0.7797830926666667
1.0083503066666668
0.8560315900000001
1.0019987160000001
0.872145412
1.0081846193333335
1.001916906
0.7635090213333333
1.0717590700000001
0.971690074
1.0366054340000002
1.0468763593333332
0.845349518
1.0019519653333333
0.832914894
1.0004582566666667
0.998318836
1.0076169606666667
0.9679890233333334
0.9999458219999999
0.883247434
0.7664246853333334
1.00320404
0.6233715
1.0032977786666668
1.005847142
1.0359553526666667
1.0039544406666667
1.0058118086666668
1.0096303
1.0029229286666668
1.0067902706666667
1.0007146706666668
0.9413317473333334
0.8424395226666667
0.8113739233333334
1.0353560000000002
1.008551572
1.009487918
1.0082437866666667
0.6562812933333333
0.733273686
0.4792393813333333
0.8313429913333332
0.8180656353333334
0.9694638666666666
0.677001828
0.6154703186666667
1.0305489413333333
0.8848669693333333
0.9052041299999999
0.6957835193333334
0.8761395093333334
0.6570945786666667
0.44235374133333333
0.9963272006666666
1.00210392
0.9691357353333333
1.001916906
0.9697484273333333
1.0057411506666667
1.0009828806666665
0.9985161159999999
0.9939293013333332
1.015118718
0.9960730293333333
1.0103428126666667
0.8276104699999999
0.9982376253333334
1.0362052873333334
0.8150848386666667
0.752519478
1.0083029620000001
1.004658962
1.0004932146666667
1.0221002106666666
0.5934324413333333
1.001087872
0.82200331
0.9720419366666667
1.0082792913333334
0.9985741546666667
1.0063184853333333
1.0215046306666666
1.0026185693333334
0.9173360306666667
0.7757829773333333
1.0084331706666667
0.72630483
0.998794762
1.0149268153333335
1.00323919
0.751446444
0.92937503
1.0099864306666666
1.004694214
0.5930759813333333
0.9982028253333333
0.850269692
0.974832846
0.9689498933333333
1.0067902706666667
1.0053997746666667
1.008480528
0.9979476966666666
0.997588418
1.008149122
1.0021506846666666
0.8132713440000001
1.0042713533333334
0.8294404946666667
0.8698139446666667
0.999922542
1.0099864306666666
1.002700494
1.0130237153333335
1.009665902
1.0023026993333333
1.0005631373333335
1.0007496466666665
1.0108540653333333
1.0336615953333332
1.0099864306666666
0.9413523786666667
1.0108659613333333
1.00614168
0.992470866
1.0036611819999999
0.9958767133333334
0.6132251026666667
0.9070968026666666
0.8501602939999999
0.9071830213333333
0.6964435373333334
1.0009362253333334
1.0026887893333332
1.0057058246666668
1.000574792
0.9706360133333333
0.836475538
0.9639697666666666
1.0078652326666666
0.7291902946666667
0.9377350733333333
1.0343710746666668
1.0017766906666667
0.9296164186666667
0.9980056686666667
1.009891438
0.92510119
1.005823586
1.0081846193333335
1.0146271119999999
0.9975768326666666
1.0056351813333333
0.973518132
0.8128634579999999
0.9986786406666667
1.0084450093333333
1.0044709933333333
0.9976926979999999
0.8906932313333333
1.005140954
1.0008429273333332
0.8546348213333333
1.0045179786666667
0.9719209546666666
1.002665382
1.0026068666666668
0.9407544266666668
1.0383095119999999
0.5034777500000001
1.0015781206666667
1.0127370746666666
0.5887024866666667
1.0030283266666666
1.0092744206666666
0.9068095253333333
1.03358697
1.0099033106666668
0.8415646553333332
0.9949308633333334
0.9600481246666667
0.791815806
0.7837317039999999
0.9018682773333333
1.001216224
0.450279374
0.5502241646666667
0.8551708453333334
1.0027356086666668
0.9934579993333333
0.8175128566666667
1.00569405
1.0062359686666666
0.9982956313333334
0.9960268306666666
1.0032743426666666
0.8851222686666667
1.009298138
0.8906378206666666
0.7838032166666666
1.0088358473333332
0.4731052013333333
0.998017264
1.000143746
1.0070499413333334
1.0083147973333333
0.22474502333333332
1.0041891713333333
0.24949272133333333
0.903138888
0.9957150993333334
0.5416851386666667
0.7340318733333333
0.9975768326666666
0.9288524519999999
0.9966740066666666
0.96544323
0.8984065546666667
1.0024079673333335
1.0033446546666667
1.0047882313333334
0.930220438
1.003051752
0.9287118586666667
0.5887589766666667
0.9993060173333334
0.4087097513333333
0.31003878533333334
0.792626816
0.9314510353333333
1.0014847026666667
1.0021389926666668
0.963018744
1.006896484
0.97211894
0.5886258386666666
1.0040131133333332
0.9399411946666667
0.9979129160000001
1.0012979193333333
0.9953689606666667
1.0071089766666668
1.0048234926666668
1.0104735486666667
1.0013446086666666
0.8681173726666666
1.0005281746666665
1.0109611373333334
0.9984580846666666
1.003755006
0.82146091
0.8528190493333333
1.0206792606666666
1.00431832
0.884712038
1.0050115933333332
1.0053880066666667
0.8226488339999999
0.9998410706666667
0.9973567626666666
1.004353548
0.8311901486666667
0.9637318353333333
1.0044005226666666
0.835247376
0.5380310413333333
1.0040131133333332
0.9965352553333334
0.971690074
1.0003533980000001
0.6415378046666667
0.7520714599999999
0.9692560246666667
0.971931952
0.9979361026666667
0.9303514126666668
0.889558696
1.0058706986666666
1.008551572
1.1600338413333333
1.0322207446666667
0.7058518433333334
0.7518739739999999
1.0070499413333334
0.7838032166666666
1.008054474
1.0003883486666667
0.9994222846666666
1.002291004
0.6226079126666667
1.005682276
0.8748456626666666
1.0051174313333333
0.8220111766666667
0.9654866353333333
1.0768377326666667
1.0015897986666666
0.9699564806666667
0.9907766633333334
0.880251534
0.6228336313333334
0.998318836
1.002291004
0.656296336
0.8358081413333333
1.0334999206666666
1.0014146506666666
0.8386314866666666
0.5500444773333334
0.9741142853333334
0.8700870693333334
1.0079007100000001
1.0034853086666666
1.0007846246666667
0.9015180666666667
1.0299928766666666
0.94102238
1.0061298953333333
1.031501824
1.0055527766666668
0.9976463486666667
1.0297088973333333
0.936171432
0.9972757093333333
0.9976115893333334
0.9954035633333332
0.9987599226666666
0.9321282406666666
1.0062006079999999
0.6028193486666666
0.9059583393333334
0.9970441986666666
0.8908317873333333
0.7665888406666667
0.662067964
1.002700494
1.0042243906666666
1.010544874
0.6152278720000001
0.96789086
1.0009478886666667
0.6828464013333334
1.0076169606666667
1.0034735860000001
1.002700494
0.871800204
1.0117470253333332
0.8690835186666667
0.9076335406666667
0.9997596126666667
1.0024898573333334
1.008930642
0.9746226960000001
1.0036377286666667
1.0052350553333333
0.9235793640000001
0.7625059553333334
1.0067194746666668
1.0058942566666667
1.011782776
1.0001204566666666
0.9185622193333334
0.7870709186666667
0.907844576
0.708226254
1.001216224
0.729667238
0.8999596213333333
0.575416634
0.9532932253333334
1.009665902
0.9977274626666667
0.9998410706666667
1.0082319526666668
1.003930974
0.8965031513333334
0.7331610313333334
1.0394654506666667
0.978887614
1.026325582
1.0008429273333332
0.6357828246666666
0.809165074
1.002162376
0.9065606993333334
1.004353548
1.0088595446666666
0.9289127193333334
1.0024196646666665
0.9985045093333333
0.9994687986666666
0.9908795239999999
0.9680544766666667
0.9990968039999999
0.978452756
1.0052350553333333
0.996257868
0.6788476566666667
0.9534413606666667
0.9297170339999999
0.8502276126666667
0.708845752
0.7719277306666666
0.9294051966666665
0.9597263353333333
0.9180222926666667
1.0117231919999998
1.0082437866666667
1.0011345413333332
0.99713679
1.0036729093333334
0.593424242
1.0059884986666665
1.03636781
1.0009128993333334
0.9912454233333333
0.9730770073333334
0.8174972966666666
0.9909252466666667
1.0137529906666667
1.0168972666666667
0.9794010206666667
1.0050468706666666
1.001566442
1.001239564
1.0075933226666667
1.0401577313333334
1.0273935333333333
1.0044827393333333
1.0322207446666667
0.999817796
1.008480528
1.005517464
1.0045884653333332
1.009559104
1.005188002
1.00041165
0.9995618406666668
0.9972872873333334
0.7750480093333334
1.0008196053333334
0.931976542
1.0036142766666667
1.0007846246666667
1.005611636
0.969781272
1.0024313626666668
1.0121523533333334
0.9996781680000001
0.9960268306666666
0.837282718
0.9711956979999999
0.9974957433333334
0.9702303713333335
0.9669973986666667
0.5396738433333333
0.8174272819999999
1.009120284
0.9653889786666667
0.9987250860000001
0.9988876786666666
0.9992478933333333
1.0029814806666666
0.9985045093333333
1.0076406006666667
1.0077706386666667
0.998110036
1.0080426446666666
1.000831266
0.9981912253333334
0.9998061586666666
1.0036260026666668
1.0091677053333332
0.99777382
1.0059649366666665
0.9968822060000001
1.002653678
1.0000971686666666
1.0069318926666666
1.0033798146666666
0.8180734266666667
0.99533436
0.985581554
0.6029886133333333
1.0073333713333332
0.99814483
0.8273553893333333
1.0202670759999999
1.009772722
1.0011928846666667
0.9726913513333334
0.992000946
1.0364553433333334
1.0143036313333333
1.0055292346666667
0.7155237853333333
0.5774047233333334
1.0041656933333334
0.5936949386666667
1.0761901566666667
0.8506401726666666
1.0031571773333334
1.0019519653333333
0.9863737673333334
0.6312090493333333
0.9725702079999999
1.0378328086666666
0.9767171813333333
1.0004582566666667
0.5839202893333334
1.0016715553333333
1.0005864473333332
1.0073688113333332
0.9012154006666666
0.9957728126666666
0.9990154673333334
1.0006913553333334
1.03964158
1.000073882
1.0051997653333333
1.0013796286666667
1.0118900446666665
0.9238674299999999
1.0355931606666666
1.0053056426666667
0.8695233873333333
1.0045297260000001
0.9973915046666666
0.999794522
1.004095266
0.9995851039999999
0.8900103186666667
0.7917136346666667
0.7749291453333333
1.0015547646666667
1.004694214
1.0093218566666666
1.0014029766666666
1.022234008
1.0141958500000001
1.004506232
1.0389248546666665
0.9997712486666666
0.9926314286666668
0.8729519613333333
0.991417032
0.9293850853333333
1.0030634646666667
1.0025951646666666
0.971481276
0.8499752220000001
0.633835924
0.971031018
1.0020688493333334
1.0086107826666666
1.0030400393333332
1.0338855366666666
0.9942399146666666
0.9935958953333334
1.005211528
1.036055312
1.0049528046666667
0.9405793086666666
0.788060164
1.0322579573333335
1.0041304786666667
1.0053291739999999
1.0361427926666666
1.0090373066666667
1.0013212633333333
1.00509391
1.0042361306666667
1.0098676926666668
1.0029697693333333
1.0066958786666667
1.005847142
0.973110078
0.5839758653333333
1.003930974
0.8971679559999999
1.00952351
1.0070263293333335
1.010449776
0.6552750113333333
1.0033329353333333
1.0016949173333334
0.8439790713333334
1.0068610766666668
1.0054350786666668
0.8085024793333334
0.62308663
0.8034358686666666
1.0089187913333333
1.0028878006666666
0.471544338
1.0052703473333333
1.0067430726666666
1.0102239906666668
0.37192626333333334
0.9301197139999999
1.000504868
1.0031220326666666
1.0365428906666667
0.9942053926666667
0.8443855886666667
0.9349893973333333
0.9691029346666666
1.001286248
0.9985857633333334
0.9950806953333334
1.0058942566666667
1.0106280993333334
0.9952075113333334
1.0045179786666667
1.0025834626666665
0.9101821006666667
0.5935841693333334
0.9986670300000001
0.885322964
0.5659911573333333
1.0059531560000001
0.7182880193333334
0.9815385466666666
0.9130263593333334
0.8865565006666667
0.557972744
0.9716680913333333
0.9979013233333334
0.929777414
0.5191735826666667
0.985672028
0.6845551226666666
1.0059767173333334
0.9621342506666667
0.7476725006666667
0.8330360560000001
1.003755006
1.0092388460000001
1.0061888220000001
1.0021389926666668
1.0054703846666666
1.003321216
1.0098202053333334
0.9930445419999999
1.0064953533333334
0.9986670300000001
1.0092151313333333
1.005458616
1.0061298953333333
0.8410949586666667
0.999259518
1.008480528
1.0347448766666667
1.0356181313333332
0.5889002486666667
1.0029931920000001
0.9989806126666667
1.0040131133333332
0.9778067586666667
0.6828301173333333
0.9986438093333333
1.0039661746666668
0.991382706
0.9897948486666666
0.9916802806666666
1.0048352466666668
1.0100814413333332
0.7960129173333333
1.0355057733333333
0.9978433633333335
0.8167122653333333
0.9405381133333334
0.64467219
0.992918276
0.7883566986666667
0.9338306473333333
0.9704276686666667
1.012892318
1.0255291353333333
0.9004029926666667
1.010485436
0.8237058986666665
1.037318962
1.0123670706666668
0.9894072253333334
0.9998527086666666
1.0046824633333333
1.0157068726666667
1.0041187406666667
0.5754320526666667
1.0067194746666668
0.9716571
0.9920238586666666
1.0025951646666666
1.0066132993333334
1.0058942566666667
1.004600214
1.0013679553333332
1.0003999993333335
0.9475516353333334
0.8972335533333333
1.0278606926666667
1.000073882
0.9549570980000001
0.9236389493333332
1.0353060853333333
1.0353934393333335
0.9061399193333334
1.0015547646666667
1.0332512893333332
0.906149478
0.9368146526666666
1.0000855253333334
1.0009595526666666
1.0006563833333333
0.823090262
0.9974957433333334
0.5959438459999999
1.0343337093333334
0.8351824086666667
0.9307848986666666
1.0051527153333333
1.0047177166666668
0.9356717600000001
1.0071444006666668
1.0017533253333333
0.8901947866666666
1.00210392
0.6208259859999999
1.003930974
0.9928608933333333
1.0326923046666667
0.984632576
1.0080308153333333
0.491977926
1.033301006
1.0101527106666668
0.9943665166666666
1.0064363906666667
1.0100814413333332
1.0076997046666667
1.002864384
1.0364303320000001
0.7794363873333333
1.0017533253333333
1.0081727866666668
1.0001321013333333
1.036630454
0.9813927646666666
1.0012745766666666
0.834695474
0.9966740066666666
0.9677272986666667
0.9942169000000001
0.987428252
1.000365048
1.0091558493333335
1.0109968333333332
0.7297416226666666
1.00171828
0.676042766
1.0033798146666666
0.988268916
0.5342597173333333
1.0055527766666668
0.7137639153333333
0.39747238
1.0042948360000001
0.566734266
1.0200126573333335
0.9426746913333333
0.9713274826666667
1.0336367193333333
0.5621979286666666
0.999271142
1.0045297260000001
0.6385666406666667
0.9347960726666666
0.9353049933333334
0.8641785306666667
1.0030634646666667
0.45734199733333336
0.99743783
0.999596736
1.0083976559999999
0.677156598
1.0000389533333334
0.45134166600000003
1.0013913026666668
1.0055292346666667
0.85889898
1.0014263253333333
0.7340757833333333
0.8866754673333334
0.8484388793333333
0.7559698833333334
0.8355479826666666
0.42033551733333335
1.00086625
0.27923214133333335
1.001204554
1.0092388460000001
1.0029697693333333
1.0067194746666668
0.9864304026666667
0.9974030853333333
1.0062123946666668
1.0004932146666667
0.9474366726666668
0.9232617066666666
0.9035853986666667
0.7707018546666666
1.0356431033333333
1.0034501413333334
0.9291438173333333
1.0076524206666666
0.99699791
1.0142437499999999
0.9064650326666667
1.0355057733333333
1.0044475019999999
0.8800170666666667
1.001239564
1.0114372873333333
1.0100220573333332
0.9675201999999999
0.8498574913333333
0.7199918353333334
0.99814483
1.0091914180000001
0.9025221
0.9982376253333334
0.9337798906666667
1.0035087553333333
1.0009128993333334
0.9979129160000001
1.037131096
1.0018000573333334
1.000341748
1.0027239033333333
0.998713474
1.01484288
0.9700222000000001
1.001216224
0.9997596126666667
1.0014380006666668
1.0101051966666668
1.0009712166666667
1.0038488479999998
1.0033329353333333
0.998411664
1.0049175346666666
0.9976926979999999
0.8599824393333333
1.005823586
0.9984348733333333
1.006247756
0.8666022266666668
0.9947925966666666
0.9954843133333334
0.5933012799999999
0.9963040886666666
1.0049175346666666
0.976184396
1.0047999853333334
1.005611636
1.0100933186666665
1.010354696
0.8993942486666666
0.899808786
0.9968590686666666
1.0206186246666666
1.0051644773333335
1.004964562
1.0073569980000001
0.9060921279999999
0.9347553826666667
0.995311294
1.005458616
1.0036260026666668
1.0094760546666666
1.0069673046666667
1.0044240119999999
1.0367305433333334
0.971854978
1.0365929253333335
0.835873206
0.8657986366666667
0.9650961273333334
0.9660186673333333
0.9976463486666667
1.0031103186666666
0.98886051
0.9983304386666667
1.0084450093333333
0.9997130713333333
0.99874831
0.8138338206666668
0.9371928286666666
0.77941517
0.8445350193333334
0.7484607726666667
1.0045179786666667
0.9532509093333333
1.0088239993333332
0.7255196153333333
0.8891719553333334
1.005411542
0.8503706999999999
1.00289951
0.821814568
0.5928140313333333
0.9654323786666668
0.948367624
1.0012629053333333
1.007510596
0.9905938526666667
0.997831772
1.0024196646666665
0.633728372
0.9193782206666666
0.971514238
0.5581286366666667
1.0088950920000002
1.0008545886666667
0.997600004
0.9991897766666666
1.0005281746666665
0.9600052073333333
1.0086463126666665
0.8135871600000001
0.6558503666666666
0.6030986866666667
1.0059178153333335
1.01004581
0.9992246459999999
0.9235793640000001
0.9708773666666666
1.0056705019999999
1.0016131566666666
1.008160954
1.0118662053333334
0.9114279066666666
1.007120784
1.0323572046666667
1.0003999993333335
1.0197220486666667
1.0026887893333332
0.8962318946666666
0.9985625459999999
0.9233212506666667
0.9247028433333333
1.006247756
1.032270362
0.9694857499999999
0.971250604
0.9918863986666667
0.8750417246666666
0.997797
0.9945161786666666
1.0018818486666667
1.0352686526666666
0.9878370446666667
0.8133714539999999
1.0088358473333332
0.9410326893333333
1.0014730266666667
0.8655194759999999
0.5400708320000001
0.5340272173333334
0.47305309333333334
0.8996580006666667
0.9701207966666666
0.505025874
0.99814483
1.0354433626666668
0.9409193026666667
0.9996432666666666
1.2063667706666668
0.8649529853333333
0.827020834
0.9328368220000001
0.9693654039999999
0.901546452
1.0245872506666667
0.9997363413333334
0.99623476
0.990057236
0.7866240466666666
0.8721985453333333
0.998841218
1.002291004
0.9707895879999999
0.8221764
0.6227749286666666
0.848925206
0.33819172733333336
0.9981680273333333
1.0067666713333332
0.99828403
0.9995851039999999
1.0069318926666666
0.9986438093333333
0.9714922633333334
0.9358654473333333
0.8911182726666665
0.6330511673333333
0.998736698
1.0011928846666667
0.9974725773333333
1.0061063259999998
0.7914729053333334
1.0056351813333333
1.0098202053333334
1.0275778873333334
0.8146210506666667
1.0317867933333333
1.0325309333333332
1.004600214
1.0383722686666668
1.0011345413333332
0.971745036
0.9972409753333333
0.74741228
1.01660843
1.0355057733333333
0.99945717
0.9797249666666666
1.00245476
0.8698491766666666
1.0027941386666666
0.99862059
1.0368056233333334
0.9908223766666666
1.010402234
1.001052872
1.0044122673333333
0.9912683013333333
1.0005398286666667
1.0022208393333334
1.0005631373333335
0.997634762
1.001566442
1.0072743106666666
0.809134586
0.9989225266666667
1.0059295953333334
0.9994339126666667
0.9986438093333333
0.9417342286666667
1.0080308153333333
1.0318115806666666
0.873635592
0.8956151633333334
0.9998992633333333
0.9984580846666666
0.8696114146666667
0.9730329173333333
1.0017533253333333
0.8500004546666667
0.974633754
1.0046707126666667
1.03400999
1.002700494
0.8804049066666666
1.0016481953333334
0.9475411826666666
1.005493924
0.997298866
0.8911460073333333
0.9999109026666667
0.9891907453333333
0.835889474
1.0008196053333334
0.8268775359999999
0.9961538879999999
1.0138008486666665
0.9939983093333333
0.668768848
1.0080071573333333
0.99748416
1.008101796
0.9943550059999999
1.0045532206666667
0.9989341433333334
0.981875132
0.998063648
0.9614235213333333
1.0025132573333333
0.9928035173333333
1.0090847206666667
0.97359537
1.000574792
0.8497734173333333
0.6133258073333333
1.0040013779999999
0.6768791293333334
0.9985393306666667
0.9021713813333334
0.61313756
1.0048352466666668
0.9975189099999999
1.001928592
0.49362333733333336
0.9998294333333333
0.6336255306666667
0.99874831
1.0291660686666668
0.8233585033333334
1.0064599746666667
1.005764702
1.0037901946666665
0.591267524
1.001216224
0.998794762
1.0021156106666667
1.0095709693333332
0.8797556933333334
0.9980056686666667
0.9974725773333333
1.0076997046666667
0.9979245093333334
1.005752926
0.6129756726666667
1.0391636533333333
0.668030314
0.6029589853333334
1.0013796286666667
0.9938718013333334
1.0080426446666666
1.0386233713333333
0.9731872513333333
1.0013329359999998
1.0061652506666665
1.0041539546666667
1.0027239033333333
1.0295484566666668
0.8422577966666666
1.0060356266666666
1.0384726953333334
1.001916906
1.0018000573333334
1.0018351093333333
1.0067784706666667
1.0014496753333333
1.0048705113333334
0.7968177686666666
0.861310384
1.004858756
0.9090647453333333
0.5499740433333333
0.799979008
0.999817796
1.00323919
0.8745428306666666
1.0025483586666666
1.0056469546666666
1.0043300626666667
0.8689604353333334
1.0333631586666667
1.0289934706666666
0.7596401266666667
1.0066840806666668
1.0070499413333334
1.0019519653333333
1.0037784646666668
0.9929412313333333
0.8810279686666667
0.9280496326666666
1.033325866
0.9931478739999999
1.0055292346666667
0.99828403
1.0343337093333334
0.630991126
1.001157878
1.0030634646666667
1.0338606493333333
0.9995036873333334
1.002536658
1.002665382
1.0020922293333334
0.995588154
1.034732412
0.959136948
0.951888232
0.9688624626666666
0.7915677206666666
1.0006913553333334
1.0027356086666668
0.9415484253333334
1.0125102659999998
1.0045532206666667
0.8740533993333334
0.8384268486666666
0.8854781093333333
1.001987028
1.0036142766666667
0.969978386
0.9007051126666666
1.0009828806666665
0.65596055
1.0053291739999999
1.0082201193333333
0.923837622
1.1961198346666666
0.9356411853333334
0.968993614
1.0042948360000001
0.985773832
1.0100933186666665
1.0091321386666667
0.8500929853333333
0.9728676133333334
0.870554422
1.008978046
1.0032977786666668
0.7762316413333333
1.002864384
1.0060709753333335
0.8852682199999999
0.998794762
1.001286248
0.58417841
1.0006796973333334
1.0043887786666665
0.602992846
1.037168664
0.6330698293333333
1.0068728786666667
1.0011228733333335
1.0401199466666666
0.6335554306666668
0.9775508233333333
1.002864384
0.9689826833333334
1.0046707126666667
1.0127131953333333
0.505052598
0.998318836
1.0041656933333334
1.014171902
1.0071325919999998
1.031377974
0.90918983
0.6565571826666666
0.8175673226666667
1.0058589199999999
1.006754872
0.539812892
1.0004815613333333
1.0314522806666666
0.9686985726666667
1.0058589199999999
0.8302822973333334
1.0038723113333334
0.9968012293333333
1.003145462
0.7916552626666666
0.9956804746666666
0.990810948
1.01043789
1.006294908
0.941930434
0.7748522533333333
1.0012629053333333
0.9997363413333334
1.0055763193333334
1.003145462
1.0017416433333333
0.9464449746666665
0.8764613333333333
1.0042126506666667
0.9958305326666667
0.998794762
0.8955031213333333
1.0154547226666666
1.0025132573333333
0.9986554193333333
1.021881346
1.0026887893333332
1.0055527766666668
1.0070381353333333
1.0039544406666667
0.9958305326666667
0.9968012293333333
0.518972836
0.969934576
0.9965583773333333
1.00021362
1.0353560000000002
0.6557952886666667
0.9995385786666667
1.004259612
0.9751648473333333
1.0031688926666666
0.9984000593333333
0.999027086
0.6442563686666667
1.0127131953333333
1.004858756
1.0109611373333334
1.0019636526666666
1.0114491966666666
0.6445077313333334
0.9984348733333333
0.9981564286666667
0.998829604
1.0044240119999999
0.9952997613333333
1.016187504
1.0079953286666667
1.0017533253333333
1.011508748
1.0023026993333333
1.0027121986666665
1.002747314
1.00205716
0.9285411946666666
1.030796274
0.8649007313333333
0.9292744886666666
0.7126683859999999
1.0019402786666667
1.000877912
1.0043887786666665
1.0027121986666665
0.8711812853333333
0.9636129133333334
0.603225744
1.0066722833333333
0.9295258833333334
0.853836288
0.9175516026666666
1.0001553913333334
0.8047832586666667
1.0080899653333333
1.0036494553333333
1.0052350553333333
0.8263763833333334
1.0006447266666667
0.9963734273333333
0.9933201420000001
1.0683466733333333
0.37519151066666667
0.9928264666666667
1.0041070033333335
0.708915952
1.0111277386666668
1.005658728
0.9407544266666668
0.4764219053333334
1.0092744206666666
1.0200005453333334
0.5037877973333333
1.0104973226666667
0.8276503406666668
0.7599089333333333
1.0046237126666666
1.0114611066666666
1.0040131133333332
1.0061652506666665
0.9976463486666667
1.03536848
1.003696364
1.0000971686666666
0.8092946733333333
1.010354696
0.6000988246666666
1.0059649366666665
1.0013446086666666
0.8746942206666666
0.9464971179999999
0.999526948
0.912386306
0.9994455413333333
0.7400331333333333
0.9906167
0.6587827833333333
0.9239071773333334
0.9038801473333333
1.00021362
0.736410558
0.541893588
1.008196452
1.003145462
0.9375303793333333
0.786919502
0.6955299986666668
0.314011244
1.0070027186666666
1.0029580586666667
1.005517464
1.0044827393333333
1.0083621433333332
0.9246729813333333
0.8899181133333334
0.633704996
0.9949423866666666
0.8002696706666668
0.8551878733333333
1.00021362
1.0027239033333333
1.004964562
1.0079835006666666
0.8802425133333333
1.0041891713333333
1.0016481953333334
1.0042361306666667
0.47292808
1.004647212
0.8908317873333333
1.00509391
0.968993614
1.004635462
0.44893095066666666
0.944332816
0.7916990406666667
1.0071325919999998
0.9986786406666667
0.8130711979999999
0.998179626
0.9714702893333333
1.0097371126666668
1.0041774326666666
1.013238802
0.912541388
0.73406951
1.01723445
1.0049292906666667
0.99039969
0.8657724573333333
0.8476853366666666
0.558429792
0.7830601193333333
0.8803597913333333
1.0069200893333334
0.7506190766666667
0.5749737006666666
0.6007829533333333
1.0291167486666666
1.0059531560000001
0.7869771779999999
0.9751537773333333
0.9989225266666667
1.003321216
1.0047529726666666
0.8265910886666668
0.842819748
1.0059178153333335
0.9998527086666666
0.8396972173333334
1.0221731866666668
0.9080845080000001
1.0011695466666666
1.0015080553333333
0.996963196
0.8602408086666666
0.5417022186666667
1.005505694
0.4808678413333334
1.0013679553333332
1.0019636526666666
1.0028175526666667
0.9971483653333333
1.003755006
1.00063307
0.9993060173333334
1.0114611066666666
0.9996432666666666
1.002864384
0.9979476966666666
1.0156588346666668
0.9915658079999999
0.995034588
1.0041539546666667
1.0078415826666667
0.9972062446666667
1.0323944273333334
1.0023611786666666
0.9959113519999999
0.8131019833333333
0.9998410706666667
1.0000505960000001
0.9937453253333333
0.859603778
0.7667735986666666
0.8449919426666667
1.007877058
1.0004582566666667
1.0012979193333333
0.6991758446666666
0.5477785526666666
1.012629626
0.11993162266666667
1.0075460486666665
0.966475162
1.0023494819999998
0.9943089666666667
1.0053291739999999
0.5819817740000001
1.0058118086666668
0.771220818
0.9001482366666668
1.0119019653333332
0.8310695233333333
0.9374996826666667
0.7193466866666666
0.8857611613333334
1.0092388460000001
1.000190328
1.0307344299999999
1.0082319526666668
0.9411873506666667
1.0391133706666666
1.0038371166666666
1.0015781206666667
1.003825386
1.0119138853333334
1.00343842
1.0002252666666667
1.0000971686666666
1.0049410473333333
0.836109152
1.0039896433333333
0.8309408946666668
0.9792558726666666
1.0096421666666666
1.0120688766666668
1.0052585833333332
0.9987831486666667
1.0070027186666666
1.0048352466666668
0.9985509386666666
1.0024196646666665
0.8089898
0.8964002413333333
0.9704495953333333
0.97503202
1.0022325326666668
0.987065164
0.656105848
0.8386806146666667
1.0082792913333334
0.9971599406666666
0.9717340426666666
0.6129231873333333
1.0051997653333333
1.007120784
1.0019402786666667
1.0020805393333334
0.9760180199999999
0.6675423213333334
1.0048234926666668
1.0152506933333334
1.005188002
1.0065543226666667
0.8271482513333334
1.03518132
1.000201974
1.0078179333333332
1.0012979193333333
0.9409296093333334
0.9338204953333333
0.999027086
1.0129759306666666
1.0081727866666668
1.0064481826666667
0.6561459413333334
1.034944348
1.0055410053333333
1.03358697
1.0015080553333333
1.0136214046666667
1.0062006079999999
1.0068728786666667
1.0147589593333333
0.9997014366666668
0.99945717
1.0002485606666667
1.008018986
0.9964080999999999
0.9986786406666667
0.9972525533333334
1.0009478886666667
0.818260454
0.9970789186666666
1.002536658
1.0009362253333334
1.0009945453333333
0.9992827666666667
1.0035908253333334
1.0060356266666666
1.036380314
0.9965121333333333
0.9443535793333334
0.8892548
1.0086107826666666
1.0325433446666665
0.9985393306666667
1.0044592473333334
1.0040835293333332
0.5758872746666667
1.0065543226666667
1.0115921326666666
0.999689802
0.9234105813333334
0.999724706
1.0073924393333333
0.8266069973333333
0.9647817813333333
0.556324898
0.5114487146666667
1.0051174313333333
1.036680496
1.00813729
1.0268899693333333
1.0030166146666668
0.9966508786666667
1.0095353740000002
0.9817068106666668
1.001683236
0.8753359820000001
0.835637394
0.60058133
0.9941133453333334
1.00289951
0.9980520513333333
1.0025483586666666
1.0091914180000001
1.0015897986666666
1.004658962
1.0023962693333333
1.0000855253333334
1.0353435213333333
1.0068256726666667
1.0001088126666666
0.996523694
0.795401138
0.7959612853333333
0.9165921073333334
0.9728676133333334
0.9965815013333332
0.5933258686666666
0.9996083686666666
0.9963849846666667
1.0043418053333333
0.9297170339999999
0.7871718953333334
1.0365428906666667
0.9786199633333333
1.003461864
1.0014613506666665
1.0073569980000001
0.8603355826666665
1.0014380006666668
0.969868868
0.928631538
0.5847192166666667
1.0059413753333333
1.000504868
0.996211652
1.0355681913333332
1.0044357566666666
1.0025951646666666
0.970066018
1.0076642413333334
1.0062359686666666
0.9858982866666667
1.0032157560000001
0.8603959046666667
1.0005281746666665
0.996963196
0.6126914833333333
1.0089069413333334
0.5580343653333334
0.9575865726666666
0.9796244086666667
1.0057411506666667
1.0377450426666666
1.0087292253333333
0.9964196586666667
1.0019636526666666
1.0065779126666667
1.0090728666666666
0.8955217933333334
0.7430482153333334
0.7784827713333334
1.004858756
1.0068256726666667
1.0356431033333333
1.00648356
0.8798908673333333
1.0130356619999998
1.0020688493333334
0.9846212893333333
0.9764063193333333
0.35001669
1.0133224713333333
0.8314717446666667
0.8910443233333334
0.9656602953333333
0.91164071
0.9365286673333333
0.2989113346666667
1.0064128073333334
0.8853320886666667
0.9972641306666666
1.011985414
0.8560486519999999
0.628107444
0.9349385146666667
1.0034266980000002
0.9289227646666667
0.841342102
1.0011695466666666
0.7875255186666666
0.9488075853333333
0.880215454
0.9989225266666667
0.895493786
0.929153868
0.9973336033333333
1.0027941386666666
0.8750417246666666
0.9353049933333334
0.9180026706666666
1.003825386
0.9904339486666666
0.9724711133333334
0.9647926173333333
0.99623476
1.0144473746666667
0.99743783
1.0074396986666667
1.0349194093333334
1.0058706986666666
0.9999691033333333
0.7959539093333333
1.0070853613333333
0.9973567626666666
1.0036025506666666
0.8964470153333334
0.7833957673333333
0.520088312
1.0067784706666667
0.8246073333333334
1.00210392
0.85471986
1.0041774326666666
1.0102121099999999
1.0056234086666667
1.0011228733333335
1.033537226
0.9142605066666667
1.0003533980000001
0.9648901533333333
0.9971252153333333
0.8410867226666666
0.9963734273333333
1.0049528046666667
1.010532986
0.7706257986666666
1.0102477526666667
0.9841587720000001
0.97211894
1.0016598753333332
0.9973683433333334
0.8981153646666666
1.0011228733333335
0.996442776
0.99713679
0.9303312599999999
0.9378681726666667
0.9233907286666666
0.930462266
0.679900792
0.9550526553333334
0.9978549546666666
0.9397663793333333
1.0046824633333333
1.0094760546666666
1.01016459
1.006177036
1.002536658
1.0047764786666666
0.8996956919999999
0.9979824793333334
0.7751529193333334
0.397676634
0.5750853326666667
0.737093016
1.0086581566666668
1.0085870973333333
0.9707347346666667
0.59355956
0.9026833326666667
0.996789662
0.557762608
1.002162376
1.012772896
0.9979129160000001
1.0121285013333332
0.416166904
1.0026185693333334
1.0033446546666667
0.9953228266666667
1.0031220326666666
1.0053291739999999
1.0043652913333334
1.0358928873333333
0.9234999293333334
0.9984348733333333
1.0013212633333333
1.00275902
1.0036025506666666
0.9709871126666667
0.994723478
0.9663664333333333
1.007014524
0.9977274626666667
1.0372062346666666
0.968534738
1.0064953533333334
0.9415897086666667
1.00323919
0.9542039273333334
1.03814638
1.0045414733333333
1.0344208993333333
0.947300844
0.7785321606666666
1.039037956
0.9991432880000001
1.000877912
0.9985741546666667
1.0111396406666666
0.9832575480000001
0.850236028
1.002747314
1.0052703473333333
1.0123432086666666
0.28417333
0.974191618
1.0040835293333332
1.0044709933333333
1.076999748
0.9634940206666667
1.0089424926666668
1.006837474
1.0091914180000001
1.0034853086666666
0.37636194933333333
1.0034032560000001
0.9962694226666667
0.936467408
0.9957497266666666
1.00197534
0.9429333893333334
0.7915896046666667
1.0352062706666667
0.9470293033333333
0.5863236473333333
1.0062241813333332
0.6590759506666667
0.9122022146666666
0.999480428
0.8007620433333333
0.7330922040000001
0.6416096826666667
1.007168018
0.812302322
1.0047294686666668
1.0052468186666668
0.9982492260000001
1.0238179033333332
1.0047059653333335
1.0078534073333334
0.7791535906666667
0.61353608
1.0292400573333333
0.972096938
0.9966393146666666
1.0024196646666665
1.0044122673333333
0.919909892
0.968436464
1.011508748
1.0247705993333334
1.0023962693333333
1.001157878
1.0073451846666668
1.0005981026666666
1.0070971686666668
0.9988179893333333
1.0073806253333333
0.8227591466666666
1.0004932146666667
0.8453162426666666
0.9978665466666666
0.8345170733333332
0.5192049633333333
0.9965699393333333
0.861293112
0.7477831493333333
1.0014029766666666
1.0183197706666667
0.9352031653333334
1.0051644773333335
1.001916906
0.9961076813333334
0.647027312
1.015502742
1.0015547646666667
1.0005514833333333
0.9996432666666666
0.6957328
1.0114730166666666
1.0027121986666665
1.0042478713333334
1.0062241813333332
1.002747314
0.8897614086666668
0.9408059440000001
1.0045884653333332
1.003051752
0.998365248
0.7156251220000001
0.9666818133333333
0.970668918
0.995253634
0.729927652
0.9833926266666667
0.822885254
1.0055527766666668
1.0015547646666667
1.0371436186666667
1.0031688926666666
1.006566118
0.9258889346666667
0.9127547119999999
0.566420354
0.6028743493333333
0.994631334
1.0076051413333333
0.656316394
1.0016131566666666
0.8744716066666667
0.918572042
1.0013913026666668
0.9976811106666668
1.000143746
0.9800603093333334
0.6035054586666667
1.0055292346666667
0.9979592906666667
1.0053880066666667
1.0044475019999999
0.9186309826666668
1.0033563746666667
1.0041187406666667
0.9948156380000001
1.0026419746666666
0.7831386493333333
1.0008545886666667
1.0047647253333334
1.0125818786666667
1.0015314093333334
0.9998294333333333
1.03583043
0.9685456586666666
1.0200732213333334
1.0054703846666666
0.996442776
0.9991200453333332
1.001624836
1.0023962693333333
0.9072021833333334
1.0063066966666667
1.0049528046666667
1.0131431966666666
1.0017766906666667
1.0002602086666668
1.0107113380000001
1.0345205633333334
1.0033094973333334
0.9684037106666666
0.999027086
1.0030400393333332
1.003192324
1.0017766906666667
0.9237978806666667
1.0055410053333333
1.0031571773333334
1.0095353740000002
1.0014496753333333
0.998110036
1.0040131133333332
1.0024430613333335
0.999259518
1.0378829673333334
0.9945161786666666
1.0009362253333334
0.9952190413333333
1.038234214
0.7631156133333333
1.0022325326666668
1.0344333566666666
0.8229640913333333
0.8472756373333333
0.9940098119999999
0.9993641473333333
1.0066840806666668
0.7516634373333333
1.0337859953333333
1.004600214
0.9842377073333334
0.86433505
0.9710968833333333
1.002209146
0.712278362
1.002478158
1.003930974
1.037845348
1.000889574
0.7999417586666667
0.9999807446666668
0.90944973
1.0037784646666668
0.4224544146666666
0.9938373046666668
1.035855412
0.6446092986666667
1.0089187913333333
1.0082319526666668
0.6680043386666668
0.8700165693333334
0.9805749466666667
1.0067902706666667
0.9910167046666667
0.8969150266666667
0.9973915046666666
0.9705044166666666
0.7519397913333333
0.9842828193333333
0.99778541
0.99776223
1.0336864733333333
0.9788764593333333
0.48223652733333333
0.593022754
1.008504208
1.002291004
1.0073569980000001
1.0013212633333333
1.0023611786666666
1.0090017493333334
1.006177036
1.0277131226666667
0.633789158
0.9422403986666666
0.9353966579999999
0.7591097926666667
1.0036729093333334
1.0131312473333334
0.9927690946666666
1.0003999993333335
1.0048470013333335
0.9976579360000001
1.0082319526666668
0.575077632
0.597506632
1.005564548
1.0130476093333334
0.8696114146666667
1.034072228
0.593305378
0.439627956
0.7254951046666667
0.9980984386666667
0.7334051593333334
0.9112248686666666
1.0004815613333333
0.9354475906666666
1.0016014773333333
1.0363177973333333
0.8306998233333334
0.9816619346666666
1.011925806
1.0114730166666666
1.0083976559999999
0.6025064593333334
0.9937683186666666
0.9522997926666666
0.718961356
0.772080372
1.0091677053333332
1.00210392
0.9976695226666668
1.0322207446666667
1.0078652326666666
0.840502406
0.9025979666666667
0.568451972
1.0328040533333334
1.002337786
0.612459954
0.929033278
0.8160915273333333
0.9971020666666667
0.8451332733333333
0.6036284453333334
0.8695409913333333
0.5134633993333334
0.7959907880000001
0.9229145186666666
0.8049718013333332
0.8459322653333333
1.005847142
0.7295990653333333
0.9399206253333333
0.9011303126666667
0.79469471
0.6509054846666668
0.6529290506666667
0.5376303146666667
1.0043300626666667
0.870483846
0.994723478
0.9979013233333334
0.95372718
0.9283806273333333
0.9356513766666666
0.983527742
1.0008196053333334
0.995588154
1.0048822666666666
0.7644194813333334
0.8002249393333333
1.0074869626666667
1.0070853613333333
0.791545838
0.9968475
1.0056234086666667
0.9630619313333333
0.9650419153333334
1.0054821539999999
0.928119824
0.17852293666666666
1.0021857606666666
0.16401080266666665
0.9998992633333333
1.0096303
1.03931453
1.0011345413333332
0.8219167926666667
0.8264558906666666
1.0029346386666667
0.9877575306666666
0.6927981186666666
1.03518132
0.641576138
1.03068496
1.0095353740000002
0.500083518
1.004858756
1.03422163
1.0007263293333333
1.0154427186666666
0.9017641319999999
0.9192699926666666
0.7740423153333333
0.9930560220000001
0.6336582493333334
1.0358928873333333
0.9316429786666666
1.0023611786666666
1.010319046
1.0073451846666668
1.0023962693333333
0.6231408706666667
0.895801962
0.7757129199999999
0.4423605753333333
0.92955606
1.00343842
1.0108659613333333
1.004658962
0.4371267773333333
1.0087410713333334
1.0058589199999999
1.0227330146666667
1.0359678466666666
1.0061888220000001
0.9007806746666667
0.999271142
0.5747428753333333
0.91775747
0.8175673226666667
1.00813729
0.64504495
0.999922542
0.9349486906666666
0.6837595593333333
0.650358464
0.9705263466666667
1.005211528
0.375613146
0.603217272
1.0004815613333333
1.0035673753333334
0.8312223213333333
1.0121404273333332
1.0011812153333333
0.592818122
0.9191126153333333
1.0000040273333335
0.6610286106666666
1.0362552886666667
0.8044290373333334
1.013489852
0.6124075566666667
0.8955964873333334
1.0094523286666666
0.6307687206666667
1.0110206313333334
1.0087884573333334
1.0117231919999998
1.0031337473333333
0.9932627126666667
0.9401778133333334
0.7955337333333333
0.6334246186666667
1.00343842
0.9700441086666667
1.006896484
1.0024664586666667
1.000889574
1.0006680406666666
1.0049292906666667
1.003907508
0.7846623906666667
1.0006796973333334
1.0014146506666666
1.0135496446666665
0.918473824
1.0016715553333333
0.6770765353333333
1.0073215586666666
0.9916230406666667
1.004259612
0.999526948
1.0009712166666667
0.5910925726666667
1.0033680939999998
0.6127832693333333
0.9925970179999999
0.6738683466666666
0.9939293013333332
0.8715348453333333
1.003930974
0.6922788633333333
0.99713679
1.000143746
0.99699791
0.6031876213333334
1.0044005226666666
1.0230497106666667
0.9724270780000001
0.9962809779999999
0.9902969293333334
1.0064717673333332
0.9944470986666667
1.0042830946666665
0.9030344493333333
1.0030049033333333
0.9662359920000001
1.0626635566666667
1.0093218566666666
1.0057411506666667
0.6132207246666667
0.992000946
1.002478158
0.850555944
0.817956578
1.036355306
0.9990735633333334
0.8587186693333333
0.9402395593333334
1.00431832
1.0323075786666667
0.8266467713333333
0.9725591966666666
0.549622146
0.880188396
1.0033094973333334
1.0076051413333333
1.01016459
0.9234701446666667
0.9909023846666667
1.0008196053333334
0.9993874013333334
1.030054632
1.0029112193333334
0.9993641473333333
0.995634312
0.9999458219999999
1.0112229640000001
1.002876092
0.8803507686666667
0.9268680033333333
0.9853328353333333
1.0097252433333332
1.0098676926666668
0.8226251993333333
0.9351726206666667
0.9979592906666667
1.0445848493333334
1.0039192406666666
1.0103665800000001
1.0069436966666667
1.0112586786666666
1.0036611819999999
1.0342963473333333
1.0066604860000001
0.99748416
0.9996432666666666
0.8754341120000001
1.0095947006666668
0.9791777340000001
1.03358697
0.8190328466666666
0.6169157273333333
1.0132268506666666
1.035256176
0.8214530546666666
0.9702851680000001
0.8208486233333333
1.0329903546666666
0.7920786546666666
0.9963965426666667
0.9176300173333334
1.0083266333333332
0.9300492193333333
0.7789133753333334
1.005564548
0.5119272566666667
0.9704057426666667
0.9420337326666666
0.7329796053333333
1.010449776
0.5663792719999999
1.0042478713333334
0.99874831
0.60311139
1.0026887893333332
1.003145462
0.998841218
1.033475052
0.9923218186666667
0.7886317359999999
0.8909611453333334
1.0063184853333333
1.0064245986666667
0.9072405093333333
1.0059767173333334
0.9682399753333334
0.393629234
0.8770071866666667
1.0056705019999999
0.644633486
1.00569405
0.9907880913333333
0.9996781680000001
1.009808334
1.0044944853333333
0.9992362693333333
0.6677550813333333
1.0003533980000001
1.0062123946666668
0.9410120713333334
0.9704715233333333
0.5052486613333333
1.0037432773333332
0.9346129966666668
1.0366930073333334
0.9942974573333333
1.0220029259999999
1.0010178753333332
1.0090254539999999
1.033475052
1.0271232666666668
1.010485436
1.0064717673333332
0.9965121333333333
1.0042948360000001
1.005800032
1.0023728753333334
0.9694748086666667
1.0343088006666667
1.007782462
0.9963503133333333
1.0019519653333333
0.9966855706666667
0.9948732473333333
0.996928484
1.0088832426666665
0.9994687986666666
1.0017299613333333
1.0072624993333334
1.0128326033333332
0.9639589493333333
1.0381338333333334
1.0007846246666667
0.9919436693333333
0.9982260253333334
1.0111396406666666
1.0090965746666667
1.00509391
0.9178947666666666
1.0340224373333333
1.0319355353333333
1.0042830946666665
0.995668934
0.9996200006666667
1.0056469546666666
1.0019987160000001
0.8441781326666666
1.035867904
1.014135982
1.00171828
1.01016459
1.0317620073333333
1.00614168
0.995738184
0.99862059
0.633574122
1.007475146
1.0064953533333334
1.0031688926666666
1.0051997653333333
1.0075933226666667
1.0061181106666666
0.9403733706666667
0.9900800593333333
0.9966740066666666
0.7866312506666666
0.9694419846666666
1.0167407933333334
0.9985161159999999
0.935610612
0.996789662
0.5416578126666667
0.995011536
0.9959459926666667
0.9984696900000001
0.9686330320000001
0.8559633486666667
1.0041774326666666
1.0087410713333334
1.0329530886666667
0.549956438
0.9728125246666667
1.0044357566666666
0.998864448
1.0027356086666668
0.83880346
0.6959413586666666
1.0430880733333334
1.034159374
1.0037667353333333
1.0028878006666666
1.0312046326666666
1.011377744
0.9966971353333334
1.0082556213333334
1.005317408
1.005458616
0.8602925006666666
0.3857108353333333
0.9692997733333333
1.0016014773333333
0.9949308633333334
1.027959096
0.3625531106666666
1.0047647253333334
0.8411608493333333
1.000365048
0.81255589
1.0044475019999999
1.0063066966666667
0.575158494
0.9970441986666666
0.9972409753333333
1.0002252666666667
1.036843168
1.036392818
1.0328537273333334
1.0068492753333333
1.005458616
1.0008196053333334
0.9998061586666666
1.0016949173333334
0.9035663893333333
1.0092744206666666
1.0014613506666665
0.8441864293333333
1.002653678
1.0014496753333333
0.997322024
1.0017416433333333
0.9999923853333333
0.9986089806666667
0.99608458
0.9907995193333333
1.0005514833333333
0.8280652233333333
0.9700441086666667
0.999934182
1.0214438966666666
0.999689802
0.9733636933333334
0.9998759853333332
0.9356004219999999
1.0055527766666668
1.0090965746666667
1.006601504
1.0089187913333333
0.9996781680000001
1.0032860606666667
1.037131096
1.016680624
0.9920811446666666
0.999817796
1.0048234926666668
0.9287018173333332
0.999922542
0.5264795226666666
0.5664315586666666
0.9997130713333333
0.36542183733333333
1.0134181106666666
0.994769556
0.9991200453333332
0.9231525620000001
1.0299928766666666
0.8268138633333333
0.9135992886666666
0.999178154
0.7890591473333334
0.8744894113333334
1.0075578666666667
0.8808743786666667
1.0100101813333333
0.8454243973333334
0.9948386813333333
0.9184443626666666
1.0107708026666666
1.0033094973333334
1.0033680939999998
0.9223793693333334
1.0068728786666667
1.0020220926666665
1.0352686526666666
1.0059884986666665
0.60317915
0.8502444439999999
0.9948041173333333
1.0025483586666666
1.00343842
0.9631159213333333
1.0112943953333333
0.6230730713333333
1.0360178246666667
1.010747016
1.0106637713333333
0.5731896406666667
0.41876585466666666
0.9765506233333334
1.003755006
1.0114968373333333
0.6336348786666667
1.010485436
1.012796778
1.0116278726666665
0.9723610319999999
1.0134539806666667
1.00320404
0.9298881299999999
0.992975666
0.9973451826666666
0.8498911253333334
0.9999574626666666
0.8142504
1.0088950920000002
1.00256006
1.0013212633333333
1.000924562
0.998318836
0.99636187
0.8005605453333333
0.8545838066666667
1.0032274726666666
0.7871502553333333
0.7089276533333333
1.0376071546666668
0.6767618073333334
1.0033563746666667
0.9942399146666666
0.8500761600000001
1.0231106366666667
1.0045532206666667
0.9083245666666667
1.0008429273333332
0.500208738
0.993975306
1.001087872
1.0039896433333333
1.0002951526666668
1.0041304786666667
1.0005981026666666
1.0007030126666667
1.0039427073333334
1.0372813833333332
0.6126958533333333
1.002478158
0.99357291
0.9284107293333334
1.0037432773333332
0.9983536446666667
0.9936303753333333
0.972096938
1.0014613506666665
0.9923562100000001
0.9996200006666667
1.0008196053333334
1.002747314
1.0354433626666668
0.997739052
0.9672042733333333
0.9983420413333334
0.99814483
1.00275902
1.0119496486666666
1.0090136013333335
1.0062359686666666
1.0347573413333333
1.0029112193333334
1.0021389926666668
1.0353560000000002
0.9941478606666666
1.0016949173333334
0.966921204
1.0035087553333333
0.9974030853333333
1.039025388
1.0009828806666665
0.7627226113333333
1.0106518806666667
1.0007263293333333
0.7512821386666666
0.9958767133333334
0.8559121753333334
0.88804129
1.0067076766666667
1.0048117386666666
1.0024664586666667
1.002876092
0.6735301866666668
0.9938833006666667
1.0090254539999999
0.992608488
0.9977506406666666
0.999724706
0.7614245213333334
1.0110801326666667
0.9954035633333332
1.0078534073333334
0.999166532
1.0017416433333333
0.602853194
1.0033329353333333
1.0085634133333332
1.005505694
1.00282926
1.00086625
0.9718000033333333
0.63329386
0.8739200133333334
0.7527304953333334
0.6461269393333333
1.006813872
0.9996665339999999
1.0047059653333335
1.0085160486666667
0.8226645906666666
1.0009012366666665
1.0028526753333333
1.0274549773333332
1.007309746
0.8026026006666666
0.9179732399999999
1.0029463486666668
0.998864448
1.0099626806666666
0.9900914706666667
1.0030634646666667
1.0016949173333334
1.001204554
1.0387866533333332
1.0061534646666668
1.001111206
1.1158222713333332
1.000889574
0.8671708806666667
1.031848764
1.004905778
1.0107708026666666
1.0020922293333334
1.0028409673333334
0.990308346
0.9971946679999999
0.969868868
1.0001321013333333
0.999480428
0.7447877113333334
1.0062713313333334
0.4096316433333333
0.7104403766666666
0.9998527086666666
1.004095266
0.999178154
0.9661599173333334
0.7915677206666666
1.0065543226666667
0.9704386313333333
1.0028409673333334
1.0111158366666666
1.0035439266666668
0.99945717
1.0075815033333333
1.0015314093333334
0.934907988
1.024489492
0.8889695113333334
0.9993060173333334
0.965150346
0.47621060933333337
0.7443940026666668
0.9884849933333333
0.6081326566666667
0.9708883406666667
0.92050136
1.009333716
1.0338979806666666
1.006990914
1.0002485606666667
1.0025249573333335
0.9297673499999999
0.9708554206666666
1.0061181106666666
1.0066958786666667
1.035256176
1.0013212633333333
0.99828403
1.006636892
0.9992013993333333
1.0316257046666666
0.9972872873333334
0.9294755933333333
1.0043770353333332
0.9960499293333334
1.0378704273333332
0.8857885633333333
0.7632173179999999
1.0080308153333333
0.9948962926666667
0.8461572533333332
0.598147372
0.9952421033333333
0.8551963873333334
1.036818138
1.029474424
0.6448560953333333
0.9992246459999999
0.9985277233333333
1.0063774346666667
0.969934576
0.8679331706666666
1.001928592
1.0024898573333334
0.9953689606666667
1.0003533980000001
1.0070027186666666
0.6336769473333334
1.0044592473333334
1.0066840806666668
0.994631334
1.005564548
0.929978736
0.9128517100000001
1.0008429273333332
0.9927920426666667
1.0346077846666668
1.0000156686666666
1.0029931920000001
1.001683236
0.8272438406666667
1.021480336
0.8096608253333334
0.8653799633333333
1.001788374
1.012677378
0.7055040073333333
1.0316752653333332
0.9772283126666667
1.0052703473333333
0.9709322366666667
1.0080426446666666
1.0183076986666666
0.9968475
1.0019987160000001
0.9397458173333333
1.0023494819999998
0.7833457593333333
1.0090373066666667
0.9716790826666667
0.889494216
0.8563131986666668
0.9345113186666667
1.0076051413333333
0.9480745433333333
0.846098912
0.992608488
0.8174661773333334
0.896119698
1.0081727866666668
0.9996200006666667
0.997021054
0.8697875226666667
0.9712286406666667
0.869558596
1.0060709753333335
1.0002602086666668
1.0009012366666665
0.999480428
1.0048117386666666
1.005352706
1.0025951646666666
0.9618326006666666
0.9928608933333333
0.9937108373333334
0.5933832493333333
1.036042816
0.9991084246666666
1.0032626246666667
1.0017065980000002
0.9843617746666667
1.0079007100000001
1.0074515146666665
1.006601504
1.0285006513333332
1.0366679853333334
0.939889772
1.009120284
0.859707016
0.9402086853333333
0.3329380393333333
0.677161936
1.005517464
1.0107589093333333
1.0067312733333333
1.03036352
0.969496692
1.004600214
0.9990038486666667
1.002536658
1.0065425286666667
1.003755006
0.9772394299999999
1.0213588806666667
1.0087292253333333
0.9998527086666666
0.82649565
0.9947119586666666
1.0115683066666668
0.9952882293333334
0.7920713506666666
0.34925674
0.999526948
1.0007846246666667
0.7089803146666667
1.0012745766666666
0.9967087
1.0026185693333334
0.9995385786666667
0.9593190446666667
0.9408265526666667
0.8453744766666667
0.8968026593333334
1.0064717673333332
1.002384572
1.003145462
1.0010412066666665
1.0000971686666666
1.0022442266666667
0.9958998053333333
1.0064128073333334
0.9680326579999999
1.000877912
1.003825386
1.000201974
0.9973799233333334
1.0015547646666667
1.009808334
0.997032626
0.998841218
1.0015080553333333
0.6341634806666667
1.0271478306666666
1.002209146
0.9024936533333333
0.7788568753333334
1.003321216
0.831149936
0.995738184
1.012450596
1.0048117386666666
1.0037667353333333
1.0041070033333335
0.847635148
0.7025152193333334
0.8748100246666666
0.840996142
1.0347448766666667
0.6799653753333333
1.0055410053333333
0.774475002
0.6130237926666667
1.0064953533333334
0.9243346773333333
1.006754872
1.00985582
0.6798254593333334
0.6672260266666666
0.9973567626666666
0.9998643473333333
0.9045178420000001
0.7364547526666667
1.00256006
1.034769806
1.0080426446666666
1.00041165
1.0073806253333333
0.9970789186666666
0.9247227526666667
0.9998294333333333
1.0360803046666667
0.9967087
1.0393019553333334
1.0013446086666666
0.9292945953333333
1.03028937
1.0048352466666668
0.5841664913333333
0.99336609
0.818307224
1.000889574
1.0044709933333333
1.0207035173333334
1.001928592
1.0024313626666668
0.9982492260000001
0.9989341433333334
1.0083147973333333
0.991485692
1.0014847026666667
1.0103784646666667
1.0128326033333332
0.8308685586666668
1.0379331306666666
0.5941630880000001
1.0099626806666666
0.8649268573333334
1.040598754
0.9679890233333334
0.9933316286666667
1.0013679553333332
0.8954844506666667
0.6674333993333333
1.0011812153333333
1.0312170126666667
0.9900800593333333
1.0008429273333332
1.0321835346666666
0.8318099113333333
1.0104141193333334
0.8356861720000001
0.6203865773333334
1.0083147973333333
0.3107375133333333
0.9423541033333332
0.9724711133333334
0.6038321200000001
0.3766259753333333
0.8184865593333334
0.835848806
0.92937503
1.0002951526666668
0.6766605166666667
0.9752755646666667
1.0053644726666666
1.0015547646666667
0.9979476966666666
0.83936081
0.6126871126666666
0.9331509666666667
1.0331891500000001
0.9997363413333334
1.0157308933333333
1.006566118
0.9286214993333333
0.9957150993333334
1.0029112193333334
1.0060356266666666
1.0070263293333335
0.9997828853333334
1.0313903573333334
0.9951844513333333
1.0005398286666667
1.0018117406666667
1.0357929593333333
1.0047529726666666
1.0312789146666668
1.0023611786666666
1.003321216
1.0047177166666668
0.8163474673333333
0.9901142953333333
0.8995261053333333
1.0443562499999999
0.9067520920000001
1.0038605793333333
0.9946543686666667
1.0061652506666665
0.5838686926666666
1.0022208393333334
1.004306578
0.8699637013333332
0.49841218200000004
0.9968012293333333
1.0315389853333332
0.9733416346666667
0.9963503133333333
0.7867825559999999
0.9988179893333333
0.998365248
1.0111753493333333
1.0017533253333333
1.0002951526666668
0.8841747560000001
1.0116159586666666
0.9890540693333334
0.9717340426666666
0.9405690093333333
1.0070027186666666
1.0024313626666668
0.9930904646666666
1.012701256
1.0035790999999998
0.9963040886666666
1.001765008
1.0029814806666666
1.0359803406666666
0.9993874013333334
0.87558581
0.812840382
1.0233300286666667
0.613378362
1.0013796286666667
0.9989109106666666
0.9990735633333334
1.0009128993333334
1.0060827586666665
1.0025951646666666
1.0325681679999998
1.0030166146666668
1.0105686513333334
0.9975304939999999
1.0308828686666667
0.9197818413333333
0.9177672753333332
1.003461864
0.9484513946666666
1.000201974
0.7998821673333334
0.9187783673333333
1.0031571773333334
0.9307949839999999
0.8736444773333333
1.0021389926666668
1.0103903493333335
1.0085752553333334
0.8799719913333334
1.0070499413333334
0.7322735253333333
1.0030166146666668
1.0115563946666666
1.0121046506666667
1.00859894
0.7155178246666666
1.0026419746666666
0.999794522
0.8640915993333333
1.0099270580000002
1.001227894
0.9298478666666666
1.0082082853333334
1.0031571773333334
1.0133344253333334
1.0013679553333332
1.0036729093333334
1.000621414
1.007286122
0.8328341386666666
0.7021706633333333
1.0038019246666665
1.0031337473333333
0.9960152813333334
1.0317867933333333
0.999271142
1.0048705113333334
1.0041656933333334
0.9235197866666668
0.966475162
0.9737829993333333
1.003075178
0.82234169
0.9976579360000001
0.994677404
1.0032157560000001
0.9079309366666667
0.633214498
0.48558686866666667
1.0317620073333333
1.0045649686666667
0.3119925393333333
1.0008545886666667
1.000178682
0.9417858533333333
0.97751745
0.48547983733333333
1.006023844
0.831141894
1.0017299613333333
0.598147372
1.01084217
0.9690810686666667
1.005352706
1.005458616
1.0016131566666666
1.0371185746666667
1.0034032560000001
0.998318836
0.9628244473333333
0.9966393146666666
1.0302152306666668
1.0060709753333335
1.004353548
0.9963734273333333
0.8228616059999999
1.038548028
0.9968937753333333
0.9992362693333333
0.9986902513333333
1.009416742
1.0344208993333333
0.5910031026666667
1.0026770853333333
1.0032977786666668
0.9986786406666667
1.0342465346666667
1.0359178726666667
1.005211528
0.9968127966666666
0.8664448853333333
0.9977274626666667
0.9998061586666666
1.0090136013333335
1.0036611819999999
1.0046119633333332
1.0079835006666666
0.9711407986666667
1.0021506846666666
1.0347947373333333
1.0061298953333333
1.0009945453333333
0.9118826533333333
0.8310293226666666
1.0067312733333333
0.7054113093333334
1.003755006
1.002478158
1.0084331706666667
1.001928592
0.49416572733333336
1.0106518806666667
1.0065779126666667
0.9945046646666666
1.0162836853333332
0.99777382
0.9336885426666666
0.6640076213333334
1.0359928353333334
1.0075696846666666
1.036743056
1.0066840806666668
1.008421332
1.0348072026666666
0.967912672
1.002162376
1.0030049033333333
0.897130476
1.0070971686666668
1.026276534
1.0149388066666667
1.0016365153333333
0.8986227213333333
1.0006913553333334
0.9772616660000001
1.0023143946666668
0.9874396026666666
1.00859894
0.9603916046666666
1.0015080553333333
0.9946658859999999
0.913152536
1.0066840806666668
1.0042713533333334
0.901527528
0.836109152
1.014746972
0.7335178893333333
0.8935004466666666
1.000621414
1.0055292346666667
1.0074869626666667
0.5768308706666667
0.9966624426666667
0.7955926786666667
0.5842141673333333
0.6675008233333333
0.9836741586666667
1.0050821493333333
1.0073333713333332
1.005188002
0.8724200033333334
0.7831743506666666
0.9980984386666667
1.0054821539999999
1.0096065666666667
0.968316378
1.0070027186666666
0.6733453993333334
1.0071325919999998
0.46451412733333336
1.0123909333333332
0.9988528326666666
1.00614168
0.9686439546666668
0.99955021
0.9946083013333333
0.9960614793333332
1.0031337473333333
1.0380585606666666
1.0080308153333333
0.9949193393333333
0.8168442933333334
0.8452081146666666
1.0044122673333333
1.0025717613333334
0.9933431153333333
1.0004582566666667
0.9372541833333333
1.002747314
1.0059531560000001
1.0014847026666667
0.998841218
1.002536658
0.9990968039999999
0.9986670300000001
0.9547129826666666
1.001858478
1.03578047
0.6331118226666667
0.9989573773333333
0.759210432
1.0090136013333335
0.9989109106666666
1.0073924393333333
0.9916001466666666
1.0077942853333335
1.000236914
0.9657905819999999
0.9989225266666667
0.9998410706666667
1.034570402
0.9991200453333332
1.0057058246666668
1.0004699093333334
0.9993176426666667
1.0036494553333333
0.9977274626666667
0.8007097933333333
0.99862059
0.9658883193333333
0.31809271
1.0062595433333332
1.00517624
0.9677491033333334
0.8547879026666666
0.997171516
0.9115439693333333
0.625259102
0.8805763866666666
1.0331767226666666
0.9981564286666667
0.87071326
0.90114922
1.0276762366666667
0.9899203206666666
1.0033446546666667
0.998713474
1.0039779093333334
1.0003999993333335
0.924573454
1.00320404
0.8751665366666667
1.0322083406666667
1.0098320766666666
0.37446857266666667
0.9980520513333333
1.0088832426666665
1.0071798273333334
1.001928592
0.923629018
1.007829758
0.999061944
1.0056351813333333
0.9964196586666667
1.005764702
1.0110206313333334
0.9987599226666666
0.998318836
0.9666491779999999
1.0036611819999999
1.0048352466666668
1.0005864473333332
1.0036142766666667
1.001111206
1.0365428906666667
1.0011345413333332
0.8658946393333334
0.7794010266666668
0.8694089786666667
0.968272718
0.623290082
0.7122311153333334
0.7988556086666667
1.00509391
1.0073451846666668
0.99776223
1.0008196053333334
1.0299064313333333
0.9390575019999999
0.9661599173333334
0.999166532
0.996604626
0.6335133780000001
1.0094997813333333
1.0004349526666667
0.8257885033333333
0.999934182
1.00517624
1.0090610133333333
0.9845761466666666
1.0069673046666667
1.0052350553333333
1.0049528046666667
1.0017766906666667
0.9976926979999999
0.8734490406666667
0.8008590973333333
0.9986554193333333
0.8269332566666667
0.9935614173333334
0.9018872153333334
0.7440071533333333
0.737219536
1.0104735486666667
0.8956898733333334
1.005564548
1.0024196646666665
0.7955632046666666
0.9335059
0.9299988733333333
0.8223102013333333
1.00600028
0.8273952353333334
1.009440466
0.8001429453333333
0.5420030026666667
1.0040248486666665
1.00323919
0.9541085393333333
1.0010762046666668
1.0086344693333333
0.9353049933333334
1.003497032
1.0020337813333333
0.9128323086666666
1.0079835006666666
0.645490892
0.9604023426666666
1.0055763193333334
1.003930974
1.0050468706666666
0.990308346
1.00086625
1.0030986046666668
1.007203446
1.008421332
1.0107945906666667
0.9982028253333333
0.9037945553333334
0.9431922293333334
1.0006913553333334
0.9747111693333333
0.9972641306666666
0.9717890093333333
0.593399646
0.6232448586666667
1.0106162093333333
1.000178682
0.9985741546666667
1.0042478713333334
0.9993176426666667
0.9999109026666667
1.0007496466666665
1.03583043
1.0008429273333332
1.0097845926666666
1.0013212633333333
1.035118948
0.999817796
1.0036377286666667
0.8267740733333333
0.9988179893333333
1.0010178753333332
0.7556839113333333
1.0049763193333334
0.8544902953333333
1.0093218566666666
1.0027356086666668
1.037506896
0.968414628
1.0348446026666667
1.0080308153333333
0.999259518
0.9978433633333335
0.93674314
0.9745010713333333
0.9704605593333334
0.9701865386666667
0.9751094979999999
1.01050921
1.0260681333333335
1.004694214
1.0039779093333334
0.9368350866666666
1.009143994
0.9968243640000001
1.0098795653333332
0.9904339486666666
0.6555700673333333
0.8320355086666666
0.9972872873333334
1.0301781646666666
1.03931453
1.0372563326666666
0.988598756
0.9996200006666667
1.0000040273333335
1.0069318926666666
1.0014730266666667
0.8675036700000001
0.6448318913333333
1.006990914
0.9999458219999999
1.0329655106666666
0.8533019353333334
0.997739052
0.9955073873333334
0.9912568626666666
1.004306578
0.9955650766666666
0.8362638086666666
0.8801433026666667
0.519239486
0.9348978126666666
1.0019402786666667
1.033475052
0.6796802226666667
1.0053056426666667
0.9996083686666666
0.850143466
0.9963503133333333
0.8544307986666666
0.7636990873333332
1.0072388773333334
1.0422654086666667
0.9717890093333333
1.0008196053333334
0.9998061586666666
0.47021757133333336
0.9791330893333334
0.9975536626666667
1.0093218566666666
1.0010412066666665
0.9290533739999999
0.6448560953333333
1.0097133746666667
1.00534094
0.9996549
1.0075460486666665
1.03851036
0.897102368
0.997739052
0.835678042
0.5495026033333333
1.0086700006666667
0.9626518053333333
1.0057293753333334
1.0206186246666666
0.9995851039999999
1.0003068006666667
0.5799346873333333
0.8209349166666666
1.0205579953333332
0.40963554999999996
0.7791041226666666
0.9459238619999999
0.8598963506666667
0.9963503133333333
0.7913999866666667
1.0036377286666667
1.0040717926666667
1.0011928846666667
0.691704682
0.913540992
1.003532202
0.9954727766666667
0.8270367586666666
0.551495894
0.9570104719999999
0.7903805260000001
1.0070263293333335
0.9187292340000001
0.9292744886666666
0.7875327386666666
0.946757918
1.0179818673333332
0.5499388333333333
0.9944816373333333
1.035331042
0.8463490053333333
0.9070968026666666
0.9988760633333333
1.03708101
0.9986554193333333
1.0006563833333333
0.9960268306666666
0.54959753
1.0356930506666666
1.0125818786666667
0.5189446186666666
1.058056142
1.000073882
1.001928592
1.006990914
1.002876092
1.0088950920000002
1.0035673753333334
0.99828403
1.0028878006666666
0.9994455413333333
0.8919325273333334
1.0058589199999999
0.6331024906666667
1.0102358713333333
0.9972293986666667
1.0055763193333334
1.005611636
0.6335460846666666
1.0018467933333333
0.875380584
0.9709980886666667
0.7557038559999999
1.0049528046666667
0.99778541
0.9986554193333333
0.9404660313333334
1.0060827586666665
0.898754352
1.0047059653333335
0.9913369406666668
1.0014730266666667
1.0038723113333334
1.00534094
1.0076524206666666
1.0037432773333332
1.0070381353333333
0.9987831486666667
0.8148451493333334
1.0110444313333333
1.0007146706666668
1.00614168
1.005188002
1.0082792913333334
1.008847696
0.8400996186666666
0.9534519433333333
1.0031220326666666
1.0348196693333334
0.5540070420000001
0.8739466873333334
0.6331304886666667
1.0057175999999999
1.004635462
0.6031283286666667
0.8186269633333333
1.010283398
0.6806658206666667
1.0084331706666667
1.0005514833333333
0.9742800133333334
1.001788374
0.7997927966666666
0.8229798606666666
1.0055410053333333
0.7953348573333333
0.6554500126666667
1.000504868
0.9746890493333333
0.8741601373333333
1.0083029620000001
0.584170464
0.5751392393333333
1.0046237126666666
1.0089187913333333
1.0000855253333334
0.995969088
1.0071444006666668
1.0033680939999998
0.9982144253333333
0.9984348733333333
0.9984000593333333
0.9357533026666667
1.0035439266666668
1.013083452
1.0074278833333332
0.9433061639999999
1.0340971253333333
0.9931708393333334
1.0018234246666666
0.9655191913333333
0.9183167193333334
0.4640874906666666
1.0120808013333333
1.0035673753333334
0.9980984386666667
0.9988992946666667
1.0019987160000001
0.9870878493333333
1.0195163006666668
0.9953458933333333
0.8454243973333334
0.7255563846666667
0.9929527093333332
1.0125460706666667
0.8809014786666667
1.007782462
0.9988760633333333
0.5187565806666666
1.003825386
1.03636781
1.0061652506666665
1.002010404
1.008978046
1.0079007100000001
1.2474672286666668
1.0160432666666668
1.007475146
0.8393854159999999
1.0001553913333334
0.996916914
0.6335787953333334
1.01220006
0.9702851680000001
0.9973336033333333
1.0051056706666666
0.9960499293333334
1.0042948360000001
1.001356282
0.8404695113333334
1.03851036
1.006365644
1.0056469546666666
0.9475620873333334
0.6127220753333333
0.7054171020000001
0.8863186633333333
1.000761306
0.998597372
0.9291438173333333
0.9176104126666668
1.0062359686666666
0.7831814906666666
1.0112229640000001
0.6588636313333334
0.8743291933333334
0.8705014886666667
0.5191171066666667
1.0014730266666667
1.0015547646666667
0.9003746793333333
1.009298138
0.9956804746666666
0.9976463486666667
1.0053644726666666
1.000737988
0.623566084
1.0015080553333333
1.0037432773333332
0.8658684546666666
1.002162376
0.7229367606666667
1.000365048
0.574758258
0.9996665339999999
0.9985393306666667
1.0066840806666668
1.0039192406666666
0.9999109026666667
0.9980288593333333
1.002010404
0.8908687426666667
0.9838882313333334
0.9934694893333333
0.8946171126666667
0.9006484499999999
0.9998992633333333
0.9998992633333333
1.000889574
0.9540449586666667
0.999817796
1.003321216
1.0019402786666667
0.8852226046666667
0.737238518
0.8917658546666667
0.9999691033333333
0.8175050766666666
0.9033668380000001
1.0107232306666667
1.0033446546666667
1.0067902706666667
1.0123670706666668
1.0128564886666667
1.014028236
0.8845025113333332
1.0020220926666665
1.012211988
1.0080308153333333
0.7758460393333333
0.31147553466666666
1.000924562
0.9600373953333333
0.9008090133333333
0.4673395493333333
0.6554900260000001
1.0198794413333334
0.643860388
1.0044005226666666
0.479140474
1.0358054493333333
0.9875304186666667
1.0068846813333332
0.885040192
1.0100576866666666
0.9958882593333332
1.01084217
0.9968822060000001
1.0136333653333334
0.6128794559999999
0.894691656
0.9983420413333334
0.9230335253333333
0.8175517606666667
0.927268218
1.004095266
1.0008079453333334
1.0052585833333332
0.7156966713333333
1.0017766906666667
0.8705103106666667
1.0005631373333335
0.9998992633333333
0.826654726
0.9977158746666668
1.03957867
0.9995851039999999
0.6207586893333333
1.0021506846666666
1.0045532206666667
1.054652612
0.9297673499999999
0.800941238
0.905576304
1.0004233013333335
0.995265166
1.032518522
1.0030400393333332
1.0074160686666667
0.9719979393333333
0.9963965426666667
1.0058118086666668
0.9182578186666667
1.0044592473333334
0.9003746793333333
0.8052434586666667
0.8406011066666667
0.716030758
1.029869388
1.0082082853333334
0.997009482
1.0065189399999999
0.6419837066666666
0.7121130266666668
0.9996083686666666
1.0054821539999999
0.9732864920000001
1.0018818486666667
1.0044357566666666
0.999027086
0.9990038486666667
1.0045414733333333
0.8755501120000001
1.0035204786666667
0.9030534366666667
0.8800621466666666
1.00371982
0.9998876246666667
0.9996549
1.09652207
0.6129100673333333
1.013358334
0.99874831
0.9998527086666666
1.006530734
1.0067194746666668
1.0365053686666668
0.9857512066666666
0.9418787926666667
0.7751599146666668
0.9965699393333333
0.821885336
0.7711446593333333
0.9025789993333333
0.848665204
1.0045532206666667
1.0465957466666667
1.0044475019999999
0.8357593493333334
1.00614168
1.0085160486666667
0.904775078
0.6028828119999999
1.0288825453333335
1.0338979806666666
1.0020454706666666
0.9138228286666668
1.03358697
0.8748634826666667
1.0307839046666667
1.0079598446666667
0.9996781680000001
0.603136798
1.0075696846666666
1.0106280993333334
0.9998876246666667
1.0154667273333333
1.0317620073333333
0.725813872
1.0020688493333334
0.9672587286666667
1.0007030126666667
0.43329455666666666
1.0062831193333333
0.8695233873333333
0.9705153820000001
0.5364317086666667
1.0022559206666666
1.0004349526666667
1.0336367193333333
1.00063307
0.421283802
1.0049528046666667
1.0013212633333333
1.008492368
0.996963196
1.0001321013333333
1.0012629053333333
1.0062831193333333
1.0331021673333334
0.997298866
1.0134300673333334
0.971778016
0.9171107686666666
0.9702194126666667
0.9945852686666667
0.999166532
1.0008196053333334
1.0175598033333333
1.0049880773333333
1.000621414
0.9781185126666666
0.998365248
1.0071325919999998
0.9963156446666667
0.8744270973333333
1.0043418053333333
0.6233850713333333
1.0053644726666666
1.0335496613333333
1.001683236
1.0033680939999998
0.9978665466666666
0.9182381873333334
0.9689171046666667
0.9967433966666668
0.8468663333333334
0.9996781680000001
0.934724868
1.0024664586666667
1.013262706
1.0073215586666666
1.0020220926666665
1.0035439266666668
1.0107589093333333
1.0040248486666665
0.9980752446666667
1.0051997653333333
1.005493924
1.0007496466666665
1.0000040273333335
0.9635372506666666
1.006589708
0.9908452346666666
1.0404349019999999
0.9997712486666666
1.003930974
0.9986786406666667
0.8747565726666666
0.5295205053333333
1.0059531560000001
0.969868868
0.8247736026666667
0.9241457333333333
0.6012791866666667
1.0323572046666667
0.998864448
1.0323696119999999
1.0074160686666667
1.0014730266666667
1.0010295406666667
0.9997712486666666
1.0342589873333332
0.9983884553333334
1.0343586193333334
1.0339850973333333
0.9911196153333334
0.99699791
1.0042713533333334
1.0012629053333333
1.0006447266666667
1.0336615953333332
0.96471677
0.9955650766666666
0.6450304186666667
1.0044357566666666
1.000376698
0.8914789519999999
1.004894022
0.9756078673333333
0.995311294
1.0066132993333334
0.584170464
1.0096777693333334
0.7710477526666667
0.9997130713333333
1.0186337386666668
0.8268456986666667
1.0304747646666665
0.9902969293333334
0.9412182886666666
0.9958305326666667
0.67989541
1.0062006079999999
0.835361094
0.969288836
1.0049763193333334
0.968534738
0.9934005539999999
1.0124744633333334
0.999724706
0.7749710933333334
0.698760654
0.6025614026666666
0.826360484
0.9923218186666667
0.808746066
0.6390464513333333
1.0017533253333333
0.9289830413333334
1.008196452
1.0013095913333334
0.5437837633333333
1.03553074
1.0005631373333335
1.0009595526666666
0.9996665339999999
0.970866394
0.9987018626666666
1.0079480173333333
0.9252406926666666
1.0112824893333332
1.0049410473333333
0.3460362473333333
1.0065425286666667
1.0067430726666666
0.9891679633333333
1.0100933186666665
0.9712286406666667
1.0016598753333332
0.9869063973333333
0.633704996
1.0003999993333335
0.9917833293333334
1.0035556506666667
0.9282803006666667
0.8498827166666667
0.5751893046666666
1.0322207446666667
0.9998061586666666
1.009120284
1.0044475019999999
1.0009828806666665
1.0077706386666667
0.9961885460000001
0.995265166
1.119866318
1.008930642
1.01350181
0.9452576746666667
0.7839105106666666
0.9351522593333335
1.0006563833333333
1.0047882313333334
0.7404924519999999
0.9692669613333335
0.9349385146666667
0.6028447326666667
0.62564164
0.972063936
0.7366631726666666
0.5935144473333334
0.9351522593333335
0.9305731453333332
1.0092151313333333
0.99828403
0.9144356953333332
1.015826988
1.0057764786666668
1.0036142766666667
0.9988063753333333
1.01220006
1.00275902
1.004694214
1.0090847206666667
1.0018000573333334
0.9999691033333333
0.8736000519999999
1.0028058453333333
1.0010295406666667
0.8191968753333334
0.9997479766666667
1.003145462
1.0032157560000001
0.6130237926666667
1.037481834
0.923847558
1.0372187586666668
1.0170778733333332
0.9695404626666667
0.9993525206666667
0.995230572
0.9992246459999999
0.8313108093333333
1.007676062
0.8656066946666666
1.0100814413333332
0.8957272333333334
0.9971136406666666
1.0076997046666667
1.1347337640000001
1.0036377286666667
0.999271142
0.967879954
0.7600097846666666
0.8180890086666667
0.9946889219999999
1.0022676146666667
0.5648485673333333
1.0003300986666666
1.0023611786666666
1.0370058906666666
0.998829604
0.8497734173333333
1.0137649546666667
0.644599624
1.0311674960000001
0.9459967833333334
1.0191655106666666
1.0039779093333334
1.0016481953333334
1.0040717926666667
0.9399309100000001
1.033064894
1.005352706
0.9410636173333334
0.9988760633333333
0.99814483
1.0056351813333333
0.8959794926666667
1.007168018
1.002291004
0.5749005859999999
0.963159118
1.0025951646666666
1.00542331
0.5663307286666667
0.9974957433333334
1.0004699093333334
1.0009478886666667
0.8824036273333333
0.9986786406666667
1.0088950920000002
0.8089745620000001
1.0344458133333332
1.006342064
0.9709980886666667
1.0032509073333333
1.0018467933333333
1.0113539286666668
1.0045532206666667
1.004060056
1.0009828806666665
0.971162758
0.9906052759999999
0.92311288
0.6129844213333333
1.0056351813333333
0.9962232059999999
0.5981057233333333
1.0039192406666666
1.0034853086666666
1.0007962846666667
0.6182566753333333
1.00320404
1.009760852
0.9665730386666668
0.9998643473333333
1.0285991773333334
1.0010178753333332
0.9986322
0.8723934219999999
1.0073215586666666
1.0061534646666668
0.5932275273333333
0.8263127886666666
1.03305247
0.6859819513333334
0.8503622820000001
1.00542331
1.00289951
0.8305873713333334
0.59818486
0.8798638293333333
0.9459342786666666
1.0062006079999999
1.0374191846666665
1.0063184853333333
1.0118781253333333
1.00245476
0.9273483026666666
0.633943512
0.5052546053333333
1.0095353740000002
0.9302103646666666
1.03305247
1.0096896373333335
1.0121285013333332
1.002209146
1.0374943646666668
0.9166801406666667
0.7821830806666666
0.998794762
0.6130806713333333
0.8316005373333334
1.0011695466666666
1.0109730353333333
0.997426248
0.7756498793333334
1.0032626246666667
0.6571297660000001
0.9960499293333334
0.9993990286666667
0.995553538
1.03422163
1.0353560000000002
0.827084538
0.493555268
0.6478911013333333
1.007203446
0.9711517780000001
0.905452212
1.01016459
1.012916206
1.0110563313333334
0.6794544226666667
1.0014847026666667
1.0016598753333332
1.005211528
1.0087884573333334
1.014399456
0.9993990286666667
0.878927536
0.8454992906666666
0.9968822060000001
0.9289026746666667
0.8266069973333333
0.8903701013333333
0.9297472226666667
1.036517876
1.0047999853333334
0.880838248
0.9975304939999999
1.0043770353333332
0.9835164806666666
1.002384572
1.0072743106666666
0.9979013233333334
0.8493029126666667
0.9989573773333333
0.997322024
0.340358532
0.7629529426666667
0.9976695226666668
1.0008079453333334
0.999817796
0.9996200006666667
1.0320223213333333
0.995069168
0.9241755613333333
0.9780071493333333
0.9657905819999999
0.8503286106666667
0.931097662
0.584226088
0.6225537646666667
1.0351314219999999
1.0077469926666667
0.99488477
0.9999691033333333
1.002478158
0.9838431553333333
1.0111277386666668
0.7486107973333332
1.0021740686666667
0.9991084246666666
0.8268616166666667
0.5228774053333334
1.0041539546666667
0.8185099566666666
1.002630272
1.0075696846666666
0.628709678
0.7877349553333334
0.7367579479999999
0.770535934
0.6232810366666667
0.6005561366666666
0.8906285866666667
1.0031103186666666
1.00320404
0.9739044446666667
0.9952882293333334
0.868170016
1.0301040413333333
0.9993060173333334
1.0061652506666665
1.0073333713333332
1.0016481953333334
1.0359178726666667
1.0037901946666665
0.9743573719999999
1.0325805806666668
1.0318115806666666
1.0365929253333335
0.8744359986666667
1.0000040273333335
0.845183166
0.99549585
1.0070381353333333
1.008018986
0.7920640473333332
0.9349893973333333
1.0055998633333334
1.0318115806666666
0.9995036873333334
0.999689802
0.59367032
1.0065189399999999
0.999817796
0.442506418
0.9067616633333334
0.543711482
1.0075460486666665
1.0089069413333334
0.99116536
1.0067076766666667
0.9882348073333332
0.8184007806666667
1.0026068666666668
1.003930974
0.9990503239999999
1.005023352
1.002209146
0.9999574626666666
1.0409392266666666
1.0030986046666668
1.006247756
0.964575942
1.0003068006666667
1.0145312439999998
1.033325866
1.0071444006666668
1.0046824633333333
1.0004466046666667
0.970899314
0.9935154513333334
1.0121285013333332
1.0033563746666667
0.9351013586666667
1.0213345926666666
1.0059413753333333
1.0025834626666665
1.0373314886666667
1.0031806079999999
0.9947925966666666
1.0004932146666667
1.0059531560000001
0.64467219
0.9793005293333333
1.0090965746666667
0.9977506406666666
1.0049528046666667
0.998864448
0.9703947799999999
1.0044005226666666
0.9973104446666666
0.9984580846666666
0.993216774
1.0075460486666665
0.9022282359999999
0.779705234
0.8480451960000001
1.0002252666666667
1.001683236
1.0036142766666667
1.0005281746666665
0.999794522
0.8544902953333333
0.9976231760000001
0.686239522
0.996465894
1.0056469546666666
1.032419244
1.0041774326666666
0.9773283793333334
0.692535602
1.026742678
0.9766616553333334
1.0069436966666667
0.996246314
1.0100814413333332
1.0016949173333334
1.0015547646666667
1.0070263293333335
1.00256006
0.7302317033333334
1.00086625
0.996257868
0.8858799146666667
0.559991564
0.8798818546666667
0.7956221546666667
0.715631084
1.0069082866666665
1.0102358713333333
0.5643179253333334
0.5119272566666667
0.7631291726666667
1.0209097446666666
0.9410017626666666
1.0071562093333333
0.7441231660000001
1.000236914
0.9660512600000001
0.6341026226666667
1.0049880773333333
1.0014847026666667
1.0041070033333335
0.96914667
0.42235263466666667
1.0033329353333333
0.8229719759999999
1.0119973366666666
1.0085397306666668
0.9791330893333334
0.854532798
0.8501518793333332
0.9976926979999999
1.0006796973333334
0.9972178213333334
1.0312789146666668
0.8403379566666668
1.0103903493333335
0.99862059
1.0335496613333333
1.000271856
0.8646134466666667
1.0087529173333334
1.0028878006666666
0.9406823113333334
0.9956458526666667
0.9655734573333334
0.8406175593333334
0.7876699453333333
0.9751537773333333
0.96801084
1.0324316526666666
0.9009601846666666
0.792692646
0.8500761600000001
1.0020922293333334
1.00197534
0.77495711
1.0051056706666666
0.9868950586666666
1.0195163006666668
1.0322331486666667
0.9937798153333334
1.0145312439999998
1.004600214
0.8651794926666666
1.0014730266666667
1.0046824633333333
1.0093692973333332
0.9069531413333334
0.9997712486666666
0.47320684599999996
1.0060356266666666
0.5118570953333333
1.008054474
1.0065189399999999
0.8646482586666666
0.884794054
0.929465536
0.37661441599999995
0.9714483159999999
0.9976231760000001
0.899808786
1.008160954
0.9990387046666667
0.9070776453333333
0.9537483586666667
0.737187902
0.8984159513333334
0.8259790753333334
1.0094523286666666
1.0003883486666667
1.003696364
0.9995036873333334
0.9999923853333333
1.0007263293333333
1.0137529906666667
1.0001321013333333
1.0017065980000002
1.0042948360000001
1.0000855253333334
0.9654974866666667
0.9310673853333333
0.9700331546666666
1.0027239033333333
1.0079243633333335
0.9956573926666666
0.9294755933333333
0.9186309826666668
1.0343212553333332
1.032866146
0.767932074
0.9725371740000001
1.0025717613333334
0.9188471633333334
0.804579732
1.001087872
1.0133702893333334
1.0030634646666667
0.8744449006666667
0.9412389153333334
1.0014146506666666
0.999515318
0.715833848
1.010319046
0.4503761686666667
0.726028584
1.0050703893333333
0.8136565179999999
0.8181435513333333
0.8016588206666667
0.9968937753333333
1.0023026993333333
1.0322331486666667
0.9906966753333333
0.8589591006666666
0.6662220959999999
1.001566442
0.4657886526666667
1.006754872
1.0047177166666668
0.989737826
0.6338826973333334
0.9994455413333333
0.8734046360000001
1.004858756
1.0343088006666667
0.9967549626666667
1.000574792
1.0094641913333333
1.0367931093333334
0.8276662899999999
1.0017533253333333
0.8215630466666667
0.58675619
1.00197534
1.0113182073333333
0.8419110833333334
1.001286248
0.9984929026666667
0.9855137093333333
0.836467392
0.9985277233333333
1.0010762046666668
1.0049880773333333
0.9649443486666668
0.9179928606666667
1.0122597006666667
0.8213116793333334
0.8975710633333334
0.8043989053333334
0.9989806126666667
1.0003533980000001
1.0399562453333333
1.009250704
1.0039544406666667
0.8795575139999999
0.9992943919999999
1.0005864473333332
0.9127450133333334
1.0018818486666667
0.9754416880000001
1.0057882553333335
1.0040365839999998
1.0045179786666667
0.8974491553333334
0.9977042859999999
1.0332885760000001
0.5507215593333333
0.9705153820000001
0.995992184
1.0082911259999998
1.0350815286666666
1.0057293753333334
0.9759071340000001
0.8741067653333333
0.9361204206666667
1.000737988
0.8256297606666667
0.9735291653333333
1.0155387586666667
1.0141240086666667
0.9983768513333333
0.9978897306666666
0.9943204760000001
1.0339726506666667
0.9423644413333333
0.9567013700000001
0.9978433633333335
0.8908225486666667
0.6446189733333333
1.035718026
0.9956804746666666
1.0067312733333333
0.9715581913333333
0.9986089806666667
1.0051056706666666
0.623670214
1.0384601406666667
0.9747996586666666
1.0234153733333333
1.004306578
1.004095266
0.6236022993333333
0.9998992633333333
0.99412485
1.0082911259999998
0.8743380926666667
1.0038488479999998
0.6677966113333333
1.0106994459999998
1.031501824
0.8798548166666667
0.7519924533333333
0.8643437466666666
0.8744627046666666
1.0041774326666666
1.0074515146666665
1.0004233013333335
0.9996781680000001
0.9992246459999999
0.9985393306666667
1.0066722833333333
0.8354829686666667
0.9943434959999999
0.8178397626666667
0.464275616
1.0002252666666667
1.0117470253333332
0.593621088
0.9138131073333334
1.0292893886666667
0.90135725
0.6124992579999999
1.016752828
1.0066604860000001
0.999492058
1.0130954006666666
0.9707018253333334
1.0016014773333333
1.0041656933333334
1.0009012366666665
0.9948732473333333
0.7592171426666667
0.970274208
0.847016644
0.45043284866666666
1.0015430866666668
1.0092151313333333
1.0375194273333332
1.0063538539999999
1.0122954880000001
1.0088713933333333
0.9981680273333333
1.0062831193333333
0.996835932
1.0150467459999999
0.9747885966666666
1.0061534646666668
1.0044122673333333
0.999492058
1.0087055346666667
1.0028175526666667
1.0007263293333333
0.866847094
0.9995385786666667
1.0100695640000001
0.95682925
0.7961235799999999
0.9438658793333334
0.5498754666666666
0.8458656246666666
0.9294957086666666
1.001683236
1.0035439266666668
0.9294454219999999
0.9993990286666667
0.633728372
0.9957728126666666
0.8265433666666666
1.002876092
1.00197534
1.0044357566666666
0.971536214
1.0142078246666666
0.5665660553333333
1.000190328
1.0023728753333334
0.63280866
0.9957266413333333
1.0125699426666668
1.0009595526666666
0.8279455026666667
1.0025951646666666
0.9927690946666666
0.9985625459999999
0.9558497106666667
0.9497307333333334
0.8186425673333333
1.001111206
1.0424171873333332
1.0124983313333333
1.0033563746666667
1.0009012366666665
1.0362802913333333
1.0000040273333335
1.0249417833333334
1.0148189013333333
0.9382574486666667
0.923529716
0.7263969586666668
0.7114819139999999
0.7954453313333334
0.8699372700000001
1.003051752
1.0153586986666665
0.8910165953333333
0.994769556
0.994758036
0.8553326353333334
1.0042713533333334
1.001157878
1.0077706386666667
0.9068956893333334
0.99595754
0.9978201806666666
0.99192076
1.0013095913333334
0.9904796299999999
1.0117112766666667
0.9709322366666667
0.9982376253333334
0.9790772886666667
1.038234214
0.5838210726666667
1.0035087553333333
0.9916802806666666
0.5840949919999999
1.0075460486666665
1.012021182
0.9931134273333334
0.8642133073333332
1.0116874453333333
1.034557942
1.0027239033333333
1.0024079673333335
1.0047764786666666
0.5379535433333333
1.019734154
0.9976579360000001
0.9298981966666667
1.0021389926666668
0.9409605313333333
1.0010762046666668
0.9985393306666667
0.9986670300000001
1.036192788
0.9608105533333334
1.00404832
0.973485034
0.831005204
1.004894022
1.0020220926666665
1.0044122673333333
0.541968806
1.0071325919999998
1.0032626246666667
1.005317408
0.9283605599999999
1.0068846813333332
0.8745784473333333
1.0192985406666666
0.5772339993333333
0.6230323986666666
0.97600693
1.0034735860000001
0.647681042
0.993389066
0.9889857453333334
0.991039572
1.03536848
0.9681199386666667
0.9926658413333332
0.9876212506666667
0.9638291566666667
0.9663773053333333
1.0054821539999999
1.0002951526666668
0.9732313559999999
0.99862059
1.000574792
1.0119377273333332
0.9963387566666667
1.006601504
0.9550951313333333
1.0388494673333333
0.8217516733333333
0.584158546
0.9996200006666667
1.0222948366666667
0.8407162873333334
0.4462419593333333
0.6179453406666666
0.9990387046666667
0.5191892726666667
0.9993874013333334
0.8704573826666666
1.002864384
0.9176496233333334
1.0055763193333334
1.0073569980000001
0.9126965226666667
1.00542331
1.031898346
1.0036025506666666
0.7841681359999999
0.4571983793333333
1.0049410473333333
0.8683630973333334
1.0042948360000001
1.000341748
1.006837474
1.008054474
0.5279064013333333
1.008196452
1.0370058906666666
1.003461864
1.00323919
1.0025717613333334
0.6032384526666666
0.9648142906666667
1.0031220326666666
1.0120092593333334
0.9702084540000001
1.0039192406666666
0.6452920806666667
0.8864009773333333
0.9998759853333332
1.029042778
0.7408117593333333
0.9472486126666666
0.7876410559999999
0.9720419366666667
0.9997363413333334
0.9466640133333334
0.9728896506666667
0.9659426266666666
1.030054632
0.8694793806666666
1.001286248
0.7200582246666666
0.8940119053333333
1.0155267526666667
0.69202789
1.0026887893333332
0.9700441086666667
0.644730254
1.0078179333333332
1.0093099973333333
0.9714263439999999
1.036405322
0.9796244086666667
0.8546008113333334
1.0041070033333335
1.00904916
1.0141479546666665
0.8081297713333333
0.9030534366666667
0.969496692
1.0037784646666668
1.002536658
0.8280412759999999
1.0025015573333333
0.8644307286666667
0.814204092
0.9353762866666666
0.9715581913333333
0.543876724
1.0065425286666667
0.7331985793333333
0.60274744
0.886053534
0.9122603406666667
0.9831787693333334
0.9987250860000001
1.0036846366666667
1.0305736693333334
0.9967433966666668
1.0353060853333333
0.8313188546666667
0.9877234573333333
0.80456466
0.990342598
0.593239818
0.8220426426666666
0.9769060153333333
0.9996083686666666
1.0326302326666668
1.005517464
0.6365319186666667
0.9939523026666668
0.7866168433333334
1.027946794
0.9990387046666667
0.6330838266666666
1.0069791093333333
1.0072743106666666
1.0622299073333334
0.7641406766666667
1.0126176886666667
1.0013095913333334
1.032717136
0.9968822060000001
1.0062359686666666
0.655995616
1.0016481953333334
0.7262188639999999
0.8218224306666666
1.036492862
1.0092388460000001
0.9750652233333333
1.005317408
0.4823610933333334
1.00021362
0.8407409726666667
0.43531912266666667
1.006059192
0.969070136
0.491845528
1.0137649546666667
1.03205952
1.0330027766666667
1.013932482
0.9901599473333333
1.0369683346666667
1.0076524206666666
0.9982028253333333
0.9957497266666666
0.9215283746666667
0.9931823226666667
0.9727133806666667
1.0073451846666668
0.9235098580000001
0.9926428993333334
0.9324317866666667
0.9987831486666667
0.8134407760000001
1.0302399426666666
1.0020337813333333
0.9729557686666667
1.0119377273333332
1.0051644773333335
0.8192593793333334
0.7557969446666666
1.0037784646666668
1.0044357566666666
0.899563786
0.4983803726666667
1.007215256
0.791545838
0.9298378013333333
1.0380585606666666
1.0068492753333333
1.0036494553333333
0.999166532
1.0169093053333333
1.001204554
1.0020220926666665
0.8341119013333333
0.934318192
1.000365048
1.008812152
0.7506649940000001
0.6181721393333333
1.0381087413333332
0.7944154286666667
0.7335742666666667
1.009760852
0.995622772
0.9981912253333334
0.3700117846666667
0.5933873479999999
0.7518081686666667
1.0090847206666667
0.8443025940000001
0.9963503133333333
0.9984232686666666
1.008847696
0.423249566
1.013489852
0.9949078160000001
1.0125222006666665
1.0144353946666667
0.9870765066666666
1.0110087319999999
0.8957459139999999
0.7959760366666666
1.0111277386666668
1.0329530886666667
1.03553074
1.003497032
1.001566442
0.8788286213333334
0.9072309273333333
1.0045297260000001
1.0024196646666665
1.0111277386666668
0.6670239626666666
1.0074160686666667
0.9931823226666667
0.9970673453333334
1.015851014
1.0221610233333334
0.9940788313333334
0.995969088
0.9999109026666667
1.0015897986666666
1.0075342306666666
0.930230512
1.0159951966666665
1.0121285013333332
0.9997712486666666
1.0220029259999999
0.7437365986666667
0.9950461146666667
0.7970395733333333
1.00431832
1.0038136553333334
1.0051174313333333
0.9220526393333333
0.7224868026666666
0.74029462
1.0023962693333333
0.8961664433333334
1.0049410473333333
1.0007496466666665
0.99533436
0.9991316666666666
1.0347947373333333
0.4449867173333334
0.9704605593333334
0.9998527086666666
1.013238802
1.00542331
1.035318564
0.9473635293333333
1.0020454706666666
0.9828637813333333
1.0046119633333332
0.9607675673333333
0.9982492260000001
0.5110683486666667
0.7712415906666666
0.8219403866666667
0.9016978706666667
0.48072521199999996
1.0077706386666667
1.0006796973333334
1.0016014773333333
0.9168856173333334
0.929968668
1.0064717673333332
0.9368350866666666
1.0026419746666666
0.836027776
0.8413256213333334
1.0022442266666667
0.9664207946666667
1.0022442266666667
1.0326674753333334
1.002127302
0.48563353866666664
0.9662142553333333
0.846173924
1.0015080553333333
1.010271516
0.6855056813333333
1.009654034
0.9821894866666666
0.8859255973333334
1.0047177166666668
0.869558596
0.9963503133333333
1.000889574
0.9923332826666666
0.9570637853333333
1.0036729093333334
1.0018000573333334
0.8924700093333333
1.0208005553333335
1.0055763193333334
1.0105686513333334
1.0016365153333333
1.0007496466666665
0.8221685306666666
0.9986786406666667
0.9984464786666667
0.8761663193333333
1.00871738
0.9980752446666667
1.0094997813333333
1.0378704273333332
1.0235983020000001
0.9356411853333334
0.9312490746666667
1.0025132573333333
0.9952882293333334
1.0011228733333335
0.9250314546666667
0.7754748206666666
0.850025688
1.006813872
0.99862059
1.0062595433333332
0.94089869
1.011068232
0.7914874913333333
0.7624179746666667
0.9040323506666667
1.0028878006666666
1.0006913553333334
1.0310189753333334
1.007510596
1.003708092
1.0066958786666667
0.9983420413333334
1.0100101813333333
0.9999807446666668
0.8358081413333333
0.9312288839999999
0.821515904
0.66230278
0.9869404146666667
0.8696818493333334
1.0034032560000001
0.9998061586666666
0.933384178
0.9960961306666667
1.0046119633333332
0.9724931326666667
0.879728664
0.7295185133333333
0.9994222846666666
1.0047412206666666
0.9974609946666666
1.0069555006666666
0.9961192326666666
0.8620277973333333
1.0125341353333333
1.0030868913333333
1.0020454706666666
0.9297673499999999
1.002864384
0.6995744366666666
1.0034501413333334
0.9988876786666666
0.9985741546666667
0.9998759853333332
0.9964543346666666
1.0320223213333333
0.8162698933333333
1.0004699093333334
1.0004815613333333
1.0078061093333335
0.51236085
0.9695185766666666
0.9985741546666667
0.9294454219999999
1.011068232
1.026669048
1.0015080553333333
0.8454327186666666
0.5752085626666666
1.0067430726666666
1.0316628746666667
0.996442776
1.0115802193333334
1.0095709693333332
0.634182208
0.9714153586666666
0.8449919426666667
0.8309167813333334
1.03136559
1.0070263293333335
1.008812152
0.541958548
1.002162376
1.0208976113333332
0.9929527093333332
1.0142437499999999
0.6128925746666666
1.002747314
0.9899203206666666
1.0051997653333333
1.0022325326666668
1.00371982
0.9739265286666667
1.006012062
0.9980868413333333
0.9979013233333334
0.9221120273333333
1.0076878833333334
0.8085024793333334
0.7709785480000001
1.0362552886666667
1.0022208393333334
0.996604626
0.9413420626666666
0.6029589853333334
1.0051997653333333
0.9294253093333333
0.9418581380000001
0.9991316666666666
1.0027239033333333
1.005505694
0.8756393633333334
1.002864384
1.0348570693333332
1.0132866113333332
0.970493452
1.0373941273333334
0.9999807446666668
1.0366179439999998
0.9957959000000001
1.0293510593333333
0.9675201999999999
1.0089424926666668
1.0082437866666667
1.003321216
1.0016715553333333
1.0001321013333333
0.9739596573333333
0.9991897766666666
1.00542331
1.0065189399999999
1.003696364
0.6229781766666667
0.9699564806666667
0.9992478933333333
0.9977274626666667
1.00256006
0.9934809793333333
1.0068728786666667
1.0066958786666667
0.9979476966666666
1.0090017493333334
0.4556511026666667
0.895811304
0.9349690439999999
0.7785462726666666
0.8420844046666666
0.9719429493333334
0.8652492106666667
1.0137649546666667
1.0026419746666666
1.0155987933333335
0.8218538820000001
0.6929210673333334
0.9983072333333333
0.7407989819999999
0.791494784
1.0079716726666668
1.014171902
1.00320404
0.612905694
1.0028878006666666
1.0029346386666667
1.0058942566666667
1.0362302873333333
1.0051644773333335
0.998063648
0.87552334
1.0039779093333334
1.01450728
1.0232934566666667
1.0039661746666668
1.005282112
0.831962982
1.0054468466666666
0.8092718
0.972592232
1.0029463486666668
1.0044944853333333
0.929797542
1.0035790999999998
0.9692341513333335
0.6337611013333333
1.034944348
0.999492058
1.0023026993333333
1.0009128993333334
0.99743783
1.031638094
1.0360678079999999
1.005023352
1.0036377286666667
1.0089187913333333
1.0022559206666666
1.0120808013333333
0.9099410593333334
0.875353822
1.007888884
0.9763619266666667
1.036492862
0.9963040886666666
0.999724706
0.9996549
1.0041422166666667
0.9949078160000001
0.865066224
0.8598791346666667
1.0076287806666666
1.0373565433333334
1.0033563746666667
0.9275786226666667
0.8727390999999999
0.9983536446666667
1.00063307
0.7443746506666666
1.0335994073333332
0.9989109106666666
1.0039779093333334
1.006589708
1.004635462
1.0346825573333334
0.603424908
1.0003068006666667
0.995542
1.0362052873333334
1.0071325919999998
1.005752926
0.9992362693333333
1.0097964626666667
0.9182185559999999
0.9704824873333333
1.000889574
0.8553411526666667
0.8174350606666667
0.9738934026666667
0.8186113606666666
1.009440466
1.0028175526666667
0.857732592
0.885322964
1.0335247906666667
1.0029112193333334
1.0061063259999998
1.0060474086666666
0.9767393933333333
1.0375444906666667
0.9975304939999999
1.0045414733333333
0.9458197086666668
0.808449214
0.9271881473333333
0.8412349886666666
0.8958393306666667
0.9978433633333335
1.0106756626666666
0.958740858
0.43218492
0.5050318126666666
0.9988528326666666
1.0041891713333333
1.0051644773333335
0.9979592906666667
0.941104858
0.9478757699999999
0.9899887740000001
0.9984812959999999
1.001683236
1.0027121986666665
0.9408780786666666
1.0093218566666666
0.934653674
0.9252406926666666
0.9355392833333334
1.005493924
0.8357105626666667
1.0346077846666668
1.006059192
1.0032157560000001
1.00282926
0.9975420786666667
0.9293951413333332
0.9732423826666666
1.0008429273333332
1.005823586
0.9975304939999999
1.0069436966666667
1.0037667353333333
0.8511374606666666
1.003696364
1.009760852
1.011806612
1.003755006
0.9722069593333333
1.0000040273333335
0.5863756786666667
0.4934305226666667
1.001087872
1.0292770553333332
0.9651178140000001
0.9979013233333334
1.0012629053333333
1.00833847
1.002653678
0.867433588
1.0051644773333335
1.0205579953333332
0.9182970846666667
1.0029463486666668
1.0067430726666666
1.00323919
0.9673894466666667
0.78327433
0.982560234
0.929264436
1.0389751193333334
0.9038325939999999
1.0110801326666667
0.7874533246666666
1.0018701633333333
1.0375570226666666
1.0041891713333333
1.002536658
1.0072388773333334
1.0076642413333334
0.9063789506666667
1.005411542
0.9234999293333334
0.995588154
0.8630497933333333
0.9995618406666668
1.0037667353333333
0.7673146986666667
0.22508187333333335
1.0069673046666667
1.0119377273333332
1.0004699093333334
1.0359928353333334
0.9357023366666667
0.55786041
1.034944348
1.00343842
1.0068610766666668
1.0133702893333334
1.003461864
0.9718439826666666
1.001111206
1.0114134686666667
1.0045884653333332
1.0026419746666666
0.7190395926666667
0.7056836799999999
0.7793868826666667
0.9921269786666667
0.9973683433333334
0.9965468160000001
1.0349817573333333
0.826654726
1.0117470253333332
0.9779069433333334
0.9962925333333332
1.002384572
0.9985509386666666
0.9997363413333334
0.9986322
0.9707347346666667
0.7930658913333334
0.9994687986666666
0.6888369546666666
0.711753096
1.005505694
1.0038840433333334
0.96633382
0.9467787886666666
0.9659752140000001
1.0051527153333333
0.9951498633333334
1.0086700006666667
1.0040013779999999
0.995980636
0.9168464713333333
1.002127302
1.0345953233333334
1.0000855253333334
0.9656060200000001
0.9962809779999999
1.0114611066666666
1.0079716726666668
0.9500248393333333
0.9968012293333333
1.0022208393333334
1.0001088126666666
0.8997993599999999
1.001987028
0.9997130713333333
1.0007496466666665
0.998841218
1.0192259746666668
0.990125708
1.0032860606666667
0.9968243640000001
1.0000040273333335
0.9961654406666667
0.9977042859999999
1.004635462
0.9979824793333334
1.0062713313333334
0.8204409393333334
1.000889574
1.0034853086666666
0.6129538026666667
0.875300304
1.0030049033333333
0.7634004539999999
1.0098202053333334
0.9070297553333333
1.0048234926666668
1.0030986046666668
1.0061181106666666
1.0082556213333334
0.8773923773333333
0.9286716966666666
0.9461426593333334
1.0033446546666667
1.0056705019999999
0.998597372
0.935926628
1.0404979153333334
1.0038723113333334
1.029696554
0.860051322
0.875710778
0.315780878
0.7479329026666666
0.9989225266666667
0.6769751506666667
1.00282926
1.009298138
1.0089543433333332
0.992918276
1.0003533980000001
0.9843843360000001
1.006625096
0.9964890133333333
1.0090254539999999
0.9942744393333334
1.0022676146666667
1.00086625
0.8954471113333334
1.036242788
0.9932282579999999
1.0006563833333333
0.8638830373333334
0.8413173813333333
0.9615849586666666
0.9962925333333332
0.9972757093333333
0.7516437053333334
0.718810948
1.0036494553333333
1.0016014773333333
0.99945717
0.9975420786666667
0.8496893606666666
0.6224409866666667
1.0076642413333334
0.6337096713333333
0.8644394273333333
1.0055527766666668
0.9745231826666666
0.8891075313333334
1.003497032
1.005352706
1.0329655106666666
1.0004932146666667
0.9986670300000001
1.009381158
1.0036494553333333
0.9731652006666667
0.9971252153333333
0.9049657173333333
0.9685893433333334
0.8224125493333333
0.9001482366666668
0.5494393366666667
1.0059178153333335
0.9862831646666667
1.0389625526666666
0.9970904926666667
1.0077588153333332
1.0369558166666668
1.0060827586666665
0.5417090506666666
0.594504398
1.0036729093333334
1.0033446546666667
1.0039779093333334
0.9609287846666666
0.623054994
0.5837179233333333
1.035318564
1.0029931920000001
1.009381158
0.9222704333333333
0.912405688
0.9952882293333334
1.0071798273333334
1.0021389926666668
1.00813729
1.00021362
1.00505863
0.9993292686666667
0.7753488279999999
0.9527011439999999
1.038334614
1.0372062346666666
1.033537226
0.9997363413333334
0.9951383346666667
1.0009362253333334
0.9992478933333333
1.0101289533333333
0.9982260253333334
0.971514238
0.9986554193333333
0.9990387046666667
0.9229839353333333
1.0009712166666667
1.00041165
0.9477502720000001
0.9987018626666666
0.7626955226666667
1.0062006079999999
0.9241855046666666
0.679502796
1.0361177966666668
0.48372196133333334
0.935437404
1.0138247793333333
0.7154046013333333
1.001624836
0.8259314240000001
0.993033062
0.9377146
1.0031103186666666
0.9965930633333334
1.0283652093333333
1.0065189399999999
1.0363428033333333
1.001624836
1.0002485606666667
1.0029463486666668
1.0031337473333333
1.0030868913333333
0.798811036
0.7693144713333333
1.0099745553333335
1.002653678
1.0176200766666665
1.0070381353333333
0.9972062446666667
0.9987250860000001
1.0062595433333332
1.0000040273333335
1.005658728
1.0121523533333334
1.008196452
1.01484288
0.8756304373333333
1.013812814
0.996246314
1.006625096
1.0066486886666666
0.9289127193333334
0.9877461726666668
1.003825386
0.8203390819999999
0.9906966753333333
0.95352603
0.9702194126666667
0.9179732399999999
0.633728372
0.744587578
1.0112229640000001
0.6589343893333333
1.0014263253333333
0.9986902513333333
0.5117107346666667
0.9982376253333334
1.0384852500000001
1.0063774346666667
1.004647212
1.0100101813333333
0.5344724666666667
0.8964470153333334
1.0032626246666667
0.9958651679999999
0.9999923853333333
0.9654540806666667
0.8651097853333334
0.733330026
0.8040826546666667
0.9956458526666667
1.0304624033333334
0.2732480373333333
1.0061063259999998
1.00904916
0.9682836326666667
0.9293147026666667
1.0007263293333333
1.0278483933333333
0.9056240413333333
0.7920859579999999
0.9123475433333333
0.6033613306666666
0.9993292686666667
0.9304824239999999
0.8171939866666666
1.0374442433333333
0.9965815013333332
1.009665902
0.8955964873333334
1.0065189399999999
0.9980056686666667
1.0109730353333333
0.9994339126666667
0.9820435113333333
0.99828403
0.722845508
0.9480431526666666
0.5209904713333333
0.9970673453333334
0.6585858
1.0030986046666668
0.9985741546666667
1.035006698
1.0033915353333334
0.9935384340000001
1.0054468466666666
0.9867136773333334
0.835060622
1.001928592
0.9978201806666666
0.6154350413333334
1.0057882553333335
1.0358429213333333
1.0343461646666667
0.9998876246666667
0.9973915046666666
1.0030868913333333
1.0063302746666667
0.8947941739999999
1.0030986046666668
1.036768082
1.0020922293333334
1.0163678586666667
0.9962000986666667
1.0036142766666667
0.9998643473333333
1.0043418053333333
0.9999458219999999
0.9095460273333333
1.005564548
0.9991897766666666
1.0341967266666667
0.996246314
0.9740811466666667
0.9654215286666666
0.8223968013333333
0.978787228
1.0039427073333334
0.9072021833333334
1.0051056706666666
0.999271142
0.9656711513333333
1.0124863966666666
1.0043770353333332
0.9349995746666667
0.910683876
1.007215256
0.9902284333333333
1.0100576866666666
1.008551572
0.9965930633333334
1.0041422166666667
1.001227894
0.9971599406666666
1.0047412206666666
1.000201974
1.006177036
0.923718408
1.0037784646666668
0.8992247753333332
0.8388116506666667
0.9971020666666667
1.036630454
0.7746565953333334
1.0274303986666666
1.0353560000000002
0.612918814
1.007061748
1.004060056
1.0007846246666667
1.003825386
0.9351929833333333
1.0036846366666667
1.0070735546666667
1.0039661746666668
0.994055824
0.9944125619999999
0.9998061586666666
0.46722262000000003
1.036055312
1.0040131133333332
0.9979013233333334
0.9358450553333334
0.9974609946666666
0.633457316
0.8495549039999999
0.6925691033333332
1.0072624993333334
0.9115246233333334
0.5663307286666667
0.9236886093333333
0.8309489326666667
1.008978046
1.0031103186666666
0.6679420066666667
1.0357679806666666
0.9990851833333333
0.9710090646666666
1.024074224
0.5581866653333333
0.9643377106666666
1.0030400393333332
0.9874963606666667
0.8703427286666666
1.006012062
0.9776620826666668
0.6130937986666667
0.587125156
1.0043418053333333
0.9992130226666667
1.0030986046666668
1.0041539546666667
1.0103428126666667
0.6231589533333334
0.969070136
0.8265672266666667
1.0031103186666666
1.0006796973333334
1.0009128993333334
0.999515318
0.8549240206666666
1.004095266
0.9745784653333334
0.975652192
1.0005514833333333
0.7298284246666668
0.8170696173333334
1.0044475019999999
0.6832157193333334
0.5035043106666667
0.36195730600000003
0.9991432880000001
0.7710477526666667
0.9052804486666667
0.872987448
0.9948156380000001
0.9687641220000001
1.0072506879999998
0.6033782833333333
1.0115206593333335
1.0016715553333333
1.0091084293333332
0.997600004
1.037481834
1.0055292346666667
0.7668078226666667
0.971393388
1.0355432233333333
0.845307924
0.5667380046666667
1.0316628746666667
1.0091084293333332
1.031972728
0.6030309446666667
1.0050703893333333
0.9289328106666667
0.997032626
0.8519732000000001
0.8131866546666667
0.7751319353333334
0.9955189246666667
0.9911996713333333
0.6447012206666667
0.5101002153333333
0.9704495953333333
1.0042830946666665
0.9707237646666668
1.0225382226666668
1.0097133746666667
1.031638094
0.488433566
1.0045532206666667
1.0047647253333334
1.0304253193333335
1.0054821539999999
0.999526948
1.0005514833333333
1.0054468466666666
1.03205952
0.8131096800000001
0.9016505466666668
1.0004815613333333
0.593051414
1.0045179786666667
1.005493924
1.0383722686666668
1.0073451846666668
1.0010062100000001
0.9932856833333333
0.534007298
0.8733957553333334
1.0006796973333334
0.9222110246666666
0.9969516253333333
0.9668341393333334
1.0028175526666667
1.037406656
0.9532720666666668
0.9292543833333334
1.0010178753333332
0.8764971066666667
1.0068728786666667
1.0045414733333333
0.9972641306666666
0.6135273153333334
0.9736174406666668
1.0035673753333334
0.9972757093333333
0.8437635273333334
0.8746675006666667
1.0007962846666667
0.9476039
0.845241382
0.8757375613333334
0.7710685159999999
0.7059736666666666
1.007711526
0.9952997613333333
0.9635480593333333
0.9999923853333333
0.8355236013333334
0.8180578446666666
1.0082911259999998
0.4870350506666667
1.0060474086666666
1.0225990873333333
1.005411542
0.997739052
1.0088003046666667
1.012999822
1.0045649686666667
1.0020454706666666
1.0091084293333332
0.9006484499999999
0.947300844
0.998597372
0.8192828206666667
0.9910052713333333
1.0048234926666668
0.5933299666666667
1.002127302
1.0037901946666665
1.0018117406666667
0.9983884553333334
0.9793675213333333
1.0045649686666667
0.9279393533333333
0.5938426953333333
0.593248012
1.0332015773333332
0.9973451826666666
1.0069555006666666
1.0032860606666667
0.995542
0.613365222
1.0272706673333334
0.9353049933333334
0.5420269433333333
1.0014146506666666
0.9005729106666666
0.9693654039999999
0.6227388093333334
1.0105567626666665
1.00197534
0.547408526
1.006530734
0.8454077566666667
0.9989689946666668
0.8182682486666666
0.8239271206666667
1.0045767173333333
1.0029931920000001
0.9596191199999999
0.9988179893333333
1.004600214
0.9743573719999999
0.9990154673333334
0.9979940740000001
1.001788374
0.8632666293333333
0.9353661013333333
1.0118900446666665
0.9991200453333332
0.8215551893333333
1.0070735546666667
0.7088048086666666
0.7519266266666667
0.880838248
0.08999907400000001
1.0306354946666667
0.81778526
0.6229872133333333
0.6588484706666666
0.71151138
0.9961192326666666
1.0108659613333333
1.0036142766666667
1.0074515146666665
0.8265115553333333
1.0312541526666668
1.0002252666666667
0.9182970846666667
1.00190522
0.870695608
0.9975304939999999
0.8713138366666667
0.6126215693333333
1.001858478
1.000609758
1.0030166146666668
1.028057518
1.0018818486666667
0.5579618706666667
1.0083621433333332
1.0037667353333333
1.0349942273333332
1.0333631586666667
0.775103958
0.9975189099999999
0.9709322366666667
1.033064894
1.0020805393333334
0.9951037500000001
0.9937338293333334
0.9938948006666666
0.9685675006666667
1.0335620973333333
0.867827948
1.045105922
0.8754162686666667
0.9284006953333332
0.996211652
1.0370434486666666
1.0090254539999999
1.0249784733333334
0.9828975206666667
0.8444270920000001
1.0050703893333333
1.0022676146666667
1.0088003046666667
0.9998061586666666
1.03540592
1.0052232913333334
1.005752926
0.928551232
1.002384572
1.0030634646666667
1.001683236
0.9176300173333334
1.009440466
0.9983536446666667
0.969157604
1.00746333
1.0130356619999998
0.9819200273333333
0.9929412313333333
0.9430990306666666
1.0035556506666667
1.001204554
1.0041304786666667
1.0120092593333334
0.9935844026666667
0.9687750473333334
0.9945046646666666
0.9353049933333334
1.009345576
0.923787946
0.9935614173333334
0.831962982
0.8310132433333334
1.0051644773333335
1.0349318786666666
1.0067666713333332
1.0326178193333333
1.0016715553333333
0.9021429566666668
1.0027121986666665
1.005140954
0.8504717326666668
1.03528113
1.006023844
1.0013796286666667
1.0041070033333335
0.9919665793333333
1.0107945906666667
1.004658962
1.005517464
1.031130362
1.0002951526666668
0.9937453253333333
1.00245476
0.6025275906666666
0.9985277233333333
0.8256059546666668
0.8716675046666666
0.6127876406666667
1.0069673046666667
1.0104735486666667
1.032419244
1.005023352
1.002653678
1.0078179333333332
0.8446761973333333
0.9607138406666667
0.9978433633333335
1.0105924293333335
0.8701399519999999
0.8502276126666667
1.003192324
1.0064010159999999
1.0045179786666667
1.0058589199999999
1.033574534
0.999515318
0.841482214
1.0038136553333334
0.9961076813333334
1.0059413753333333
1.0250396286666668
1.0116636153333334
1.001227894
0.8797647040000001
1.000365048
1.0119377273333332
0.9999574626666666
1.038096196
0.9999923853333333
1.0024430613333335
1.00232609
1.007286122
1.005493924
0.901906154
0.7187327606666666
0.7194310333333332
1.029042778
0.6152543113333334
0.885624178
0.9665512866666667
0.8318501873333333
0.97346297
0.9343283546666666
0.6926417020000001
1.0046237126666666
0.6284107153333334
1.0093218566666666
0.8700870693333334
0.719376808
0.6957891553333334
0.5562888706666667
1.0101883493333332
0.5910315673333334
0.8226173213333333
1.0075933226666667
1.0758397113333333
0.9362734713333333
0.8216337713333334
0.5190951473333334
0.9963387566666667
1.0055410053333333
0.8735112153333333
0.9755967873333334
1.0366054340000002
1.0035790999999998
0.8736622486666666
1.0035673753333334
1.0014963786666666
1.0352436986666667
1.0002485606666667
1.0057411506666667
1.0046119633333332
0.9966508786666667
1.0024313626666668
1.0040365839999998
1.0038723113333334
1.0338855366666666
1.0000040273333335
0.977706594
0.9685675006666667
1.001683236
0.9405793086666666
0.9956573926666666
1.0043300626666667
1.0033094973333334
1.0059884986666665
1.0038136553333334
1.0475146753333333
0.7055793426666668
0.9698031693333334
1.0295731366666667
0.5582120566666666
0.835669912
1.004894022
1.022672134
1.0039427073333334
1.0010178753333332
0.9338611040000001
1.0366679853333334
1.0004699093333334
0.9653021893333333
1.0058118086666668
0.9001859693333334
0.638519174
1.0036377286666667
0.45170954666666663
0.9638291566666667
1.0029814806666666
1.014375498
1.0042713533333334
1.0295484566666668
1.0067312733333333
1.0005514833333333
0.8546858426666666
0.826718374
1.0287346819999998
1.0312665333333333
0.9180124813333334
0.8967184026666667
1.0103784646666667
0.9997596126666667
1.0040131133333332
0.9978897306666666
1.002747314
0.826638816
0.6958286086666667
0.9919780346666667
1.0013796286666667
0.580758074
1.0029463486666668
0.965399828
0.9966624426666667
0.9688406073333334
1.0037901946666665
0.9953689606666667
1.025492406
0.813379156
0.9184149033333333
1.0018117406666667
1.0386359293333334
1.0024664586666667
1.0005631373333335
1.0041304786666667
0.968906176
0.9979476966666666
0.9700550633333334
0.9537377693333333
1.002478158
1.022879158
1.034159374
1.0014146506666666
1.0083266333333332
0.9993292686666667
1.0137410266666667
1.0085278893333334
1.0058589199999999
0.9841249460000001
0.9951729220000001
0.9948732473333333
0.826098228
0.7119123646666667
1.0030634646666667
0.6994206399999999
0.9739044446666667
0.999526948
1.000889574
0.5581286366666667
1.0067666713333332
1.006294908
1.001987028
0.5689715773333334
1.0530235846666667
1.000190328
1.0096896373333335
0.999724706
1.0065779126666667
1.0068610766666668
1.035256176
0.9656060200000001
0.7670543273333332
1.008492368
1.0111753493333333
0.9974725773333333
1.0017766906666667
0.966899436
0.8755411873333334
0.817582886
1.0023026993333333
1.0004582566666667
1.0053880066666667
0.9998992633333333
1.1608647213333334
0.6129844213333333
1.026705862
0.6446576753333333
0.7916187846666667
0.998411664
0.9068956893333334
0.9352540766666666
1.000178682
0.9120181973333333
0.7629258379999999
1.012176206
1.0022676146666667
0.6671223886666666
1.0044709933333333
0.8268775359999999
0.8964750826666666
1.0109849340000001
0.927849144
1.00232609
0.9989922306666668
1.001916906
1.0343586193333334
1.0033446546666667
1.036780596
0.9957150993333334
1.007676062
0.972129942
1.0068728786666667
1.0318611593333333
0.9836178393333332
1.0380460166666667
0.9662468606666667
1.0006796973333334
1.0020220926666665
0.85925983
1.0065425286666667
0.95366365
0.8045194473333332
0.6129100673333333
1.02231917
0.9934350206666667
0.8216652086666666
0.7368274653333333
0.5863996966666667
1.000621414
0.991554362
0.989179354
0.8713315133333334
0.8705279546666668
0.8319710400000001
0.7375930233333333
1.0038605793333333
1.0056234086666667
0.9124347633333334
0.8855420086666667
0.9019440339999999
1.0330152
0.9538330826666667
0.8411773233333333
0.5577770946666667
1.0092388460000001
0.9916459360000001
0.929224226
0.9972062446666667
0.8449171393333332
0.9989689946666668
0.9979361026666667
1.0044475019999999
1.0036142766666667
1.000201974
1.0029931920000001
1.0021156106666667
1.001519732
1.0013679553333332
0.9536107140000001
0.9961885460000001
0.8449670066666666
1.003321216
0.8407245153333334
1.0028409673333334
1.0057764786666668
0.9468414046666667
1.0007496466666665
1.0009478886666667
0.9651828793333334
0.48540028
0.6955074726666667
1.0380460166666667
0.8698756026666666
0.912405688
1.0940779986666667
1.0026770853333333
1.004506232
1.003192324
1.0384350326666667
1.0017766906666667
1.0034032560000001
1.003145462
0.905270908
0.542256194
1.0038723113333334
0.9199690046666666
1.03636781
0.8509603933333333
1.003755006
1.0042830946666665
1.0020337813333333
1.0376948973333333
1.003075178
0.8446678919999999
0.9993408946666666
0.9942974573333333
0.6446867046666667
1.0018117406666667
0.9976811106666668
0.8748723933333334
1.0015781206666667
0.5189979213333333
0.9175124000000001
0.766862588
0.6731712633333333
1.0035556506666667
0.9939063006666667
1.0049763193333334
0.9672587286666667
0.8262094673333332
0.9959113519999999
0.8002249393333333
0.434374758
0.9954612406666666
0.912366924
0.450234532
0.748467294
1.0052232913333334
1.0010178753333332
0.7792101333333333
0.5842618513333333
1.001087872
0.891525214
1.0111872526666665
0.9567226813333334
1.0386233713333333
0.8041805153333333
1.0059295953333334
0.311368276
0.9982724286666667
1.0091914180000001
1.0356431033333333
0.5934201426666667
1.001519732
0.9998061586666666
0.8135409273333333
1.0134778946666667
0.9971946679999999
1.000201974
0.965562604
1.008978046
0.6447544506666667
1.007203446
0.5751893046666666
0.9983884553333334
0.965692864
1.0194921006666666
0.999596736
1.0314398953333332
0.986555024
1.0047999853333334
1.030796274
0.9955996933333333
0.9979940740000001
1.0396164153333334
1.0079480173333333
1.004647212
1.0051291926666666
0.997797
0.96599694
0.9999574626666666
0.9988876786666666
0.9990387046666667
0.8268775359999999
0.9180026706666666
0.9937798153333334
1.000761306
1.0015430866666668
1.0150227573333332
0.9724821226666667
0.8988672086666667
0.9988528326666666
0.9357329153333334
1.006294908
0.6801376593333334
0.8955217933333334
0.9898746906666667
1.00542331
1.0091321386666667
1.0029463486666668
0.9710968833333333
1.000761306
0.8699020306666666
0.9996083686666666
0.9962694226666667
0.9873601526666667
0.730014498
1.0018818486666667
0.9994339126666667
1.004658962
0.9590941113333333
1.003075178
0.9997014366666668
1.0119734919999999
1.0115563946666666
1.009665902
0.8963347653333333
1.0100101813333333
1.0036611819999999
1.0004582566666667
1.001087872
0.8758715033333333
0.9987599226666666
1.000271856
1.0284637093333333
0.9949423866666666
0.9707127946666666
0.9295258833333334
0.9234502893333333
1.0009595526666666
1.0026068666666668
1.008066304
0.733330026
0.9364776173333333
1.0014613506666665
0.9718329873333333
1.033064894
1.021577522
1.0042478713333334
0.8308524853333333
1.0090017493333334
0.656321408
0.9998527086666666
0.96818541
1.0073569980000001
1.0103665800000001
1.0369432986666667
1.0181990653333335
0.9999923853333333
0.9688733906666667
0.8218460193333333
0.998829604
0.9336073593333334
1.0253577546666668
1.008125458
0.995622772
1.0033915353333334
0.9965005733333334
1.0083147973333333
1.0113182073333333
1.001227894
0.9180222926666667
0.899441336
1.000178682
1.0052938773333333
1.006177036
0.9854910960000001
1.0006563833333333
1.0361302940000001
0.9979824793333334
1.027872992
0.593051414
1.0053291739999999
1.0049410473333333
1.0044240119999999
0.6031198593333333
1.0010762046666668
0.6956482853333333
1.0076051413333333
0.9993292686666667
0.59321114
1.006342064
1.0010762046666668
1.003075178
0.9993990286666667
0.9681417613333333
0.9707786166666666
1.0029346386666667
1.005505694
1.0100101813333333
1.0033446546666667
1.0018818486666667
0.934186098
0.9948386813333333
0.613391502
0.615483548
0.999027086
0.8000982286666667
1.0005864473333332
0.9934809793333333
0.9941823793333333
0.7124142313333334
1.0118304486666665
1.0060709753333335
1.004647212
0.7441940806666667
0.8658160899999999
1.0337984366666666
0.7945403460000001
1.010687554
0.7369349273333334
0.7886679393333333
1.0176080213333334
1.0131312473333334
0.9756300293333333
0.8172017613333334
1.0088713933333333
1.022051566
0.9999923853333333
0.824417394
1.008054474
0.7539262913333333
0.479413236
1.001356282
1.00509391
1.0382216653333334
0.8915344673333334
0.6128575926666666
1.034159374
0.9998294333333333
0.885468982
1.0149627913333334
1.0080899653333333
0.9994222846666666
1.00404832
1.0038605793333333
0.9353661013333333
0.7558501479999999
1.0095709693333332
0.8890523180000001
1.0017065980000002
0.7024750033333333
0.90221876
1.0014963786666666
0.80342084
1.0042361306666667
1.0012979193333333
0.9261584713333333
0.974169522
1.00063307
1.000365048
0.995126806
1.0153226946666667
1.0145432266666667
1.0026185693333334
0.886154082
0.7876266120000001
0.4347286893333333
0.8855237506666668
0.625910608
1.005658728
1.0095353740000002
1.0077942853333335
1.0014146506666666
1.0070499413333334
0.401763028
0.8359382813333334
0.9982492260000001
1.0133224713333333
1.0168972666666667
1.0070381353333333
0.9985161159999999
0.998713474
1.0040013779999999
1.0004349526666667
1.0353560000000002
1.0040248486666665
0.999271142
1.000365048
0.7997704566666667
1.0206428779999999
0.8404119506666666
1.005764702
0.9864870446666667
0.5342298133333334
0.9967665286666667
1.0386736066666666
1.0044122673333333
1.00289951
1.005140954
0.8749347706666667
0.9825939526666666
1.0071916366666667
1.0009945453333333
0.9237084746666666
0.7745797573333333
1.0025834626666665
1.00320404
0.7633461826666667
1.0079007100000001
0.6562662513333333
1.001519732
1.0047529726666666
1.0099626806666666
0.9906167
0.5672769566666667
1.009428604
0.6338406006666667
1.001916906
0.9977158746666668
1.0041422166666667
0.9068286713333333
1.0028526753333333
0.49338234200000003
1.0045179786666667
0.5752124146666666
0.6153733166666667
0.9975189099999999
1.0087529173333334
0.9344401573333333
1.0020922293333334
0.970844448
0.58465554
0.9081517113333333
0.7262986886666666
0.9039562426666666
0.6280431513333333
1.0015430866666668
0.9689826833333334
0.6104230780000001
1.0123074173333333
1.0029580586666667
1.0403466953333333
0.736682126
0.9718329873333333
0.997426248
1.0029112193333334
1.0017065980000002
0.90221876
1.033164296
0.9981912253333334
1.0349318786666666
1.0050115933333332
0.8693385886666667
1.0065425286666667
0.9954150986666667
1.0011812153333333
0.6225357173333333
0.9381139933333333
1.0069200893333334
1.0045297260000001
0.8448008053333333
0.8907117026666667
0.960552696
1.0132985646666666
0.6036114786666666
1.004353548
1.0002951526666668
0.9978549546666666
1.0108778573333335
1.005317408
0.5664502353333333
0.7669926866666666
1.003708092
0.9415897086666667
1.0038840433333334
1.0042009106666665
1.0018818486666667
1.007309746
1.0329282466666667
1.0018467933333333
1.032741968
1.0042478713333334
0.9350097519999999
0.612931934
1.0101764693333333
0.9292443306666668
1.0099626806666666
0.549477998
0.816479378
1.012092726
1.0094523286666666
1.007510596
1.0069082866666665
1.0056705019999999
0.6448948259999999
1.0055292346666667
1.014315608
1.03422163
1.00205716
1.0013095913333334
0.9974146666666667
0.5931496966666667
1.0047529726666666
0.6129450553333333
0.8962225433333333
1.0175236426666667
0.998063648
1.0033094973333334
0.8911922346666666
0.766479396
0.9977506406666666
1.0030049033333333
1.00323919
1.0102121099999999
0.8223574353333334
1.0262397513333334
0.5746775086666667
1.007203446
0.9730108733333334
1.0068256726666667
1.0035790999999998
1.0962282053333334
0.8750952113333332
0.812786544
0.9350606426666667
1.005682276
0.6452629966666666
0.870554422
0.8905824173333333
0.603136798
0.5321546913333334
0.602980148
1.0073333713333332
0.8320596873333334
0.8458323086666666
1.004905778
0.584373144
0.7988556086666667
0.999271142
1.0025249573333335
1.001788374
1.007404254
1.0469911986666667
0.9534625259999999
1.004060056
1.0041656933333334
0.8170696173333334
0.8694265780000001
1.0037784646666668
1.0015781206666667
1.0038488479999998
0.9999807446666668
0.9997130713333333
1.0006913553333334
1.0091914180000001
1.0089424926666668
1.0112943953333333
0.999526948
0.9753641566666666
0.9623929586666666
0.7963892966666667
0.51219893
0.9420853906666666
0.9828188
0.7600635833333333
1.0092862793333333
0.9968590686666666
1.0047764786666666
0.9972293986666667
0.9681417613333333
0.9471023953333333
1.0056469546666666
0.9954843133333334
1.0014496753333333
1.0122835586666667
0.9701317526666666
1.004658962
0.9952075113333334
1.0005398286666667
0.9950806953333334
1.0022559206666666
0.840568204
1.002291004
1.0028409673333334
0.99713679
1.0020688493333334
0.9076527213333334
0.422263358
1.0065425286666667
1.005752926
1.001624836
1.0066958786666667
1.003461864
1.0019402786666667
0.88614494
1.0321835346666666
0.96914667
1.0482177226666667
0.8267899893333334
0.924155676
0.7833529026666667
0.9964312166666667
0.913298168
1.0131431966666666
1.0336242813333334
1.0042361306666667
1.0161153806666667
1.0006680406666666
1.0048352466666668
1.0016481953333334
0.9358450553333334
0.939273134
0.9790438113333333
0.7418994666666667
0.772914024
0.5584080106666667
0.9474262226666667
1.0047529726666666
0.5839083813333333
1.0013329359999998
1.0039427073333334
0.9877007433333334
0.9827963106666666
1.0078179333333332
0.9952997613333333
0.998110036
0.603052112
0.9977274626666667
1.0085278893333334
0.566521216
0.9919551240000001
1.0054703846666666
1.0068020713333334
1.0016481953333334
0.8269491786666667
0.31802911466666667
0.9975189099999999
1.0029463486666668
1.0023611786666666
1.0055527766666668
0.928009528
0.5568947593333333
0.935325362
1.031080854
1.00534094
1.0019636526666666
0.966660056
0.9711517780000001
0.9067808079999999
0.5574911146666667
1.0067312733333333
1.0356805633333332
1.002864384
1.0406365733333334
1.005800032
0.9357838846666667
1.008018986
0.9126868253333333
1.0025717613333334
1.0026185693333334
1.0041539546666667
0.9019345639999999
1.0037432773333332
1.0146870386666667
1.005458616
1.0116278726666665
1.0059295953333334
1.0036377286666667
1.0031337473333333
1.027996002
1.00289951
1.035256176
1.0057882553333335
0.8411114299999999
1.0026419746666666
1.0011462093333332
1.0007729653333335
0.994539208
0.97503202
1.0384726953333334
1.0015897986666666
0.9989225266666667
0.9940098119999999
1.0302028746666667
1.0093099973333333
1.0110087319999999
0.9999691033333333
0.9745563513333333
0.64481737
0.8154330266666666
0.987371502
0.9661055853333333
0.6447108979999999
1.0316257046666666
0.9987018626666666
1.035480808
0.9789322366666667
1.0044005226666666
1.00190522
0.9721409433333333
1.0010062100000001
0.9297270966666666
1.016199526
1.0314398953333332
1.0010762046666668
1.0023962693333333
0.985276326
1.0323572046666667
0.9753309326666667
1.0041539546666667
0.9939293013333332
1.006365644
1.00086625
1.0029112193333334
0.9651178140000001
0.9069244146666666
0.7868834593333333
0.9920926026666667
1.0057058246666668
0.6231137493333333
0.9017262666666667
1.010747016
0.55163756
0.940816248
1.0105924293333335
0.644101782
0.30136843333333335
1.0075342306666666
0.623149912
0.9709651613333333
0.9466953126666667
0.9121440953333334
1.004858756
0.9852989286666666
0.9290734713333333
0.7515845160000001
0.8750506386666665
0.8646047440000001
0.8744983139999999
0.923311326
0.6926026086666668
0.9982144253333333
0.6026797766666667
0.9971252153333333
1.0099864306666666
0.998713474
0.9962000986666667
0.6549202953333333
0.9805413673333334
0.9591690780000001
1.0014613506666665
0.835889474
0.5498930673333333
1.0033915353333334
1.012605752
0.998121634
0.9995851039999999
1.0377826553333334
0.9841136713333334
1.03136559
0.9731762260000001
1.0025249573333335
0.932674766
0.997634762
1.000283504
0.9394683153333334
0.9986786406666667
1.0000156686666666
0.99192076
0.5226865066666667
0.9946658859999999
1.0083976559999999
1.0346451693333334
0.995253634
0.7713801066666667
1.0084450093333333
1.0004815613333333
1.0031571773333334
0.7714840259999999
1.001765008
0.6473637693333334
1.007723348
0.9689717533333334
1.0058824773333335
0.9948271593333334
1.0043418053333333
1.0322455526666665
0.9744015826666667
0.9999923853333333
1.0032509073333333
1.008492368
0.9976463486666667
1.0074278833333332
1.0348695373333334
1.036092802
1.0040248486666665
0.9929986233333334
1.010544874
1.0031571773333334
0.9982376253333334
0.9040323506666667
1.003075178
1.0096777693333334
1.0031103186666666
1.002747314
0.5932070433333333
0.86939138
1.0057293753333334
0.8892087733333333
1.006342064
0.9917604273333334
0.9299283973333333
1.0042009106666665
0.622905896
0.9706469813333333
0.970296128
0.9299988733333333
1.0023026993333333
1.000073882
1.0014847026666667
0.9526271853333332
0.9410842373333334
0.8637614220000001
0.48194972799999997
0.9982724286666667
1.002770726
0.7510062679999999
1.002384572
1.0307839046666667
0.9961769926666666
0.8414492426666668
0.9988179893333333
0.831793802
1.0138846113333333
0.9414349146666666
0.9966624426666667
1.0024079673333335
0.8803056593333334
1.0036377286666667
0.822262972
0.9932971693333333
1.008812152
1.0015781206666667
1.002162376
1.0010178753333332
0.8216337713333334
0.5754243426666666
0.039954764000000004
0.997588418
0.9972641306666666
0.9178457273333334
0.5958777013333333
1.0042009106666665
0.9349486906666666
0.9998643473333333
0.6564116846666667
1.012677378
1.03518132
0.6055902673333333
0.7404094773333333
0.586291632
0.9911767966666666
1.001624836
1.000924562
0.6079217686666667
0.9082861486666667
1.0033563746666667
0.42850260333333334
1.003755006
0.9880756639999999
0.948210594
0.8399846073333334
1.0052585833333332
1.0384726953333334
1.0051291926666666
0.8077270246666667
0.584361218
0.9986322
1.0057411506666667
1.0020922293333334
1.0016014773333333
1.0112586786666666
0.8896139719999999
0.7058344433333333
1.002770726
0.6131113026666667
1.0088003046666667
0.946924906
0.9250314546666667
0.858856042
0.7913489506666667
0.9700988846666667
1.0019402786666667
1.0195163006666668
0.9263282606666666
0.5749813979999999
0.6340324173333334
0.8276024966666667
0.902114534
0.99862059
1.0022559206666666
0.9952882293333334
0.9705482780000001
1.0023494819999998
1.0050351113333333
1.001987028
0.8129326926666666
1.2699301593333332
1.0043652913333334
0.9517616693333333
0.7963007046666667
0.4625107466666667
0.708781414
0.6178386693333333
0.9350911793333333
0.9887808313333333
1.0006563833333333
1.0048234926666668
1.0017065980000002
1.0027941386666666
1.0368556833333333
0.9240960239999999
0.99915491
0.8956151633333334
1.0053880066666667
0.92878215
0.7747614
0.9959113519999999
0.9478443926666668
1.0027356086666668
0.9410533073333333
0.8207623486666666
0.9333131886666667
1.0050703893333333
1.006754872
0.9931708393333334
1.0088358473333332
0.9833588533333333
0.8166734413333333
1.005517464
0.95352603
0.9973799233333334
0.8261141173333334
0.35499118066666663
0.7475748966666667
1.005835364
1.0022559206666666
0.8423073506666666
1.0022442266666667
1.0031688926666666
0.6336255306666667
1.0027941386666666
1.010354696
1.0077706386666667
0.9358654473333333
1.0080426446666666
1.00256006
1.005458616
1.000365048
0.7671913433333334
1.007215256
0.99955021
0.9762620573333334
1.0009362253333334
1.0384852500000001
0.9979708846666667
0.994435586
1.0059413753333333
0.8307399919999999
0.8705985380000001
1.001239564
1.00404832
1.004600214
0.7709024373333333
0.9751648473333333
1.0008196053333334
1.0037315486666667
1.0055763193333334
1.006837474
1.0136333653333334
1.0382091166666667
0.9929527093333332
0.9988760633333333
0.9999807446666668
1.033736232
1.0071916366666667
1.0064953533333334
1.0031337473333333
0.999480428
0.8747743893333333
0.9015748386666668
0.9296667233333332
0.7376943733333332
1.0034501413333334
1.0002951526666668
1.0031103186666666
1.0125460706666667
1.004353548
0.9998992633333333
1.0000971686666666
1.0021857606666666
0.9946428513333334
1.0028526753333333
0.8152086053333334
0.8742846986666667
0.8496725513333334
1.002864384
1.0344707286666668
1.0107232306666667
1.0086700006666667
1.002665382
1.0010412066666665
1.0091677053333332
0.872349124
1.031600926
0.9739044446666667
0.7557836446666667
0.9352438940000001
0.934206418
0.5415621946666667
0.9689608233333333
1.0030634646666667
0.501616666
0.8520746133333333
0.6651284653333333
0.9301297853333333
0.9960499293333334
0.9331408293333334
0.9741253320000001
0.6130456679999999
0.9982028253333333
0.7961014453333334
1.009120284
1.0037315486666667
1.003145462
1.00542331
0.5557346293333333
0.7415856233333333
1.0364178273333333
0.99778541
0.998318836
0.9972641306666666
0.726200446
1.0340473319999999
1.0017416433333333
1.0077706386666667
0.9124735326666668
1.025749566
1.0015430866666668
0.9978549546666666
0.623000768
0.8798458046666666
1.0042361306666667
0.8456074926666667
0.655930496
0.6450788586666667
1.0042713533333334
1.0052468186666668
0.9974146666666667
0.970361894
1.0110563313333334
1.0050703893333333
1.036242788
0.5935882713333333
0.8123100033333334
1.0049292906666667
1.0111039353333333
0.9183658086666666
1.0051056706666666
1.035056584
1.0336864733333333
1.0023494819999998
1.0018701633333333
0.9973799233333334
1.0073215586666666
0.850395956
0.9935154513333334
1.0090847206666667
0.9347452113333333
0.6127701553333333
0.9958420773333334
1.0014029766666666
1.0053291739999999
1.0047529726666666
0.9651395013333334
0.900138804
0.9669647419999999
0.9916230406666667
1.001157878
1.0055998633333334
0.5186250346666667
1.036380314
1.0043770353333332
0.9732975199999999
0.8536920319999999
1.0101764693333333
1.0018818486666667
1.0121642793333334
0.8691450733333332
0.9000161973333334
0.978553074
0.9679672073333333
0.9960961306666667
1.0056234086666667
0.9237283413333333
1.0098795653333332
0.7874749813333333
0.7832100546666667
0.9997014366666668
0.822262972
0.936304088
0.43690666666666667
1.026166194
0.9976463486666667
0.999178154
1.0072388773333334
1.0315637606666666
0.9995036873333334
0.8263843333333333
0.9998876246666667
0.7711515826666667
0.9991316666666666
1.006589708
0.7589152986666666
0.8767028566666666
1.0003999993333335
1.0016131566666666
1.0042948360000001
0.9997828853333334
0.9759736626666666
1.0032860606666667
0.8429107226666667
1.0068020713333334
0.7911958840000001
0.9838431553333333
0.7339879680000001
0.9587194573333333
1.0379832993333333
0.80871561
0.99862059
0.9980752446666667
1.0111158366666666
0.82326381
0.9934120426666667
1.001216224
0.81367964
1.0033446546666667
0.4837464786666667
0.588246928
0.7828246233333332
0.564269734
0.4490529873333333
0.9984929026666667
0.49804229
0.8230114006666666
0.2972624853333333
0.977684338
0.9361102193333333
1.009487918
0.6587474186666666
0.9717340426666666
1.0034149766666667
1.0057293753333334
0.997009482
1.0052350553333333
0.6031537379999999
0.99776223
1.0061181106666666
0.9740701006666667
0.8180734266666667
1.0025249573333335
0.9292744886666666
0.9657145773333333
1.0110444313333333
0.6343227013333333
1.0033094973333334
0.994193886
1.0180421906666668
1.0026068666666668
0.8227118659999999
1.0100933186666665
0.8429851706666667
1.020109564
1.008125458
1.010925444
1.0003999993333335
0.6927701820000001
0.6032384526666666
0.99828403
1.0015080553333333
1.0034032560000001
0.969934576
1.000376698
0.9736836573333333
1.0091677053333332
0.5052754093333333
1.011925806
0.8358406726666667
1.0015547646666667
0.9963503133333333
1.0164520453333332
0.9986670300000001
1.0052468186666668
0.8982374533333334
1.0044592473333334
1.0030166146666668
0.9996665339999999
1.008066304
0.7368653893333333
0.9297069713333334
0.9994687986666666
1.0083621433333332
0.661904712
0.3419777766666667
1.0077351706666666
1.0046707126666667
0.5538320173333333
1.0032860606666667
1.0003533980000001
0.9991897766666666
0.9553288173333334
1.0089661939999999
1.0387992153333332
0.75245356
0.9950576413333333
1.0092862793333333
1.0045884653333332
0.5345689246666666
0.9001954026666668
1.0367305433333334
1.0061298953333333
1.000889574
1.00210392
1.0189841626666667
1.0020688493333334
1.00952351
1.0017416433333333
0.969660852
1.001052872
1.0076642413333334
0.9409193026666667
1.0021857606666666
1.0021974533333333
0.9636993986666667
0.7875832826666667
0.9965005733333334
1.0414440406666665
1.0100814413333332
0.6455248473333334
1.0014380006666668
0.999027086
0.9955996933333333
1.0016481953333334
1.026423692
0.6679575886666667
1.005458616
0.991668832
0.9874055513333333
1.0349194093333334
0.7868546266666667
1.0038840433333334
0.9415381046666667
0.7449104273333333
0.633247174
1.0372563326666666
0.9302708086666667
1.0032743426666666
1.0315265980000001
0.33819439
0.7671707873333333
1.0040835293333332
0.528195304
0.479193932
0.9694091626666667
0.9733416346666667
1.0036142766666667
0.996963196
1.0010062100000001
0.9990851833333333
1.0122358433333334
1.0055998633333334
1.0052350553333333
0.8697787153333334
0.7551391693333334
0.7125028693333334
0.9673567639999999
0.8177541186666667
1.010485436
1.0365053686666668
0.770542846
1.0023728753333334
1.003930974
0.9990735633333334
1.0025249573333335
0.9972409753333333
0.9731762260000001
0.941723904
1.00197534
1.0067312733333333
1.002665382
0.85426935
1.0295237780000002
1.0064717673333332
1.012331278
0.95993011
0.6477103446666667
1.0096777693333334
0.8182214826666666
1.0012629053333333
0.8732980819999999
1.0010412066666665
0.997588418
1.0031806079999999
1.0003068006666667
0.9979592906666667
1.002337786
1.001683236
0.9969747666666667
0.99595754
0.804534518
0.8993565826666666
1.0339850973333333
0.603217272
0.9326848926666667
1.0100220573333332
1.037344016
0.9647276046666666
1.0000971686666666
1.1009772486666667
0.4507353806666667
1.0332885760000001
1.014028236
1.0331767226666666
0.88720663
1.0024079673333335
0.872801174
1.000178682
0.8863643913333333
1.0054821539999999
0.6560156553333334
0.8798458046666666
0.9980404553333333
1.0025834626666665
0.8313912693333333
0.6392271613333333
0.9921040613333333
0.272903396
0.7750759826666668
0.5951923193333334
1.005317408
0.878226622
1.0352312226666667
1.005317408
1.0109373413333334
0.9404351426666667
0.8092260566666667
1.0030986046666668
1.0019636526666666
0.6921840300000001
0.31536120333333334
1.008160954
0.7304676720000001
0.996986338
0.82200331
0.8080841573333334
1.0048352466666668
1.005835364
0.9385034733333334
0.9945852686666667
1.0037784646666668
0.999166532
0.8852499733333334
1.036768082
0.6954004933333334
0.5753241393333334
1.0121642793333334
0.47154175000000004
1.0022325326666668
0.9288323646666666
1.004060056
1.0090017493333334
1.0311427393333334
0.953356706
1.004306578
0.6224860933333334
1.0006563833333333
1.011330114
1.0049175346666666
1.000877912
1.0012629053333333
1.0318239753333334
0.999596736
0.9694529253333334
1.0014263253333333
1.0006796973333334
1.0064128073333334
1.000073882
0.9825152800000001
0.8500761600000001
1.0073451846666668
1.032779218
0.9038801473333333
0.595799174
0.60071153
1.000761306
0.9942284073333334
1.0009362253333334
1.0038019246666665
1.006530734
1.001624836
0.9947349966666668
1.004658962
0.799830032
1.008468688
1.0007962846666667
1.0117708586666665
0.8748902146666666
1.0011812153333333
0.9813479173333334
0.8544477966666667
0.6128138706666667
0.8457323753333333
0.62302788
1.0379205893333332
0.9934465100000001
0.9991200453333332
0.970625046
1.0193227313333333
0.9963734273333333
1.0030868913333333
1.0323696119999999
1.0077942853333335
1.0092744206666666
0.998841218
0.836605886
0.6992441426666666
0.9920696873333333
0.841878078
0.9339626406666667
1.0013212633333333
0.99778541
0.9688843186666667
0.415245504
1.0051644773333335
1.0054821539999999
0.7755518373333333
1.0014380006666668
0.9994222846666666
0.9997479766666667
1.019976322
0.9971020666666667
0.5841744373333333
1.0014496753333333
0.997588418
0.9666491779999999
0.9961076813333334
0.613391502
1.00256006
0.8799539626666666
1.0057882553333335
1.0047764786666666
0.9682618040000001
0.9733416346666667
1.0121881333333334
1.0110325313333333
1.0394277166666668
0.6963419146666667
0.636876434
1.00031845
1.0358429213333333
1.013083452
1.0032626246666667
1.0362927933333335
0.5417056346666667
1.0017416433333333
0.8550516706666668
1.009262562
1.00256006
0.8180422633333333
0.6443385233333333
1.0125818786666667
0.9704386313333333
0.9953920286666667
0.9410017626666666
1.0119377273333332
0.6618435133333334
1.0001670366666666
1.0357929593333333
1.004647212
0.9283705933333334
1.0030166146666668
1.0305613053333333
0.6031198593333333
1.0323696119999999
0.8648833146666666
1.0014146506666666
1.009416742
1.000504868
1.031328442
1.028045214
0.6174389813333333
0.850555944
1.001928592
0.4503549173333333
0.5301414293333333
0.8800531306666667
0.579347982
0.9942514226666667
1.0032626246666667
1.0009128993333334
0.99780859
0.9965815013333332
1.0070027186666666
0.972394054
1.0058706986666666
1.0044475019999999
1.0085870973333333
1.0299681766666666
1.0072388773333334
0.9070297553333333
1.005352706
1.030722062
0.5337650666666667
1.0144473746666667
1.00648356
0.879999036
0.9086608620000001
1.0380585606666666
1.0036142766666667
0.9237780113333334
0.7718653040000001
1.0034032560000001
1.003907508
1.03515637
0.99026268
0.8713933873333334
1.0116159586666666
0.6134703539999999
1.005282112
1.0380585606666666
1.006530734
0.593653908
1.0008545886666667
0.9168366859999999
0.7633122666666666
1.0036494553333333
0.9949193393333333
0.4449936326666667
0.9360694146666666
1.0084331706666667
0.896840112
1.0022325326666668
1.008018986
1.0008196053333334
0.9967665286666667
1.0029697693333333
0.971613138
1.0100814413333332
1.009808334
0.9305328226666667
1.0112229640000001
1.0048470013333335
1.008622626
0.9956458526666667
1.0111039353333333
0.7630546039999999
0.61285322
1.0060356266666666
0.9653781293333333
1.0062123946666668
1.0350815286666666
0.9854006553333333
0.8457573566666666
1.0131909973333333
0.9996665339999999
1.006247756
1.004905778
1.0023143946666668
0.939221784
1.0053056426666667
1.0032157560000001
1.0049410473333333
0.98604541
0.998318836
1.0019987160000001
1.009381158
0.78693392
1.0322455526666665
1.005800032
1.0038723113333334
0.822814314
0.87956652
1.0066132993333334
1.00534094
1.000341748
0.5935308506666667
0.845191482
1.0280329106666666
1.0099151846666667
0.5534680346666666
0.99603838
1.0081136266666668
0.39440639266666666
0.6924072086666667
1.0041187406666667
0.9957150993333334
0.97024133
0.9604452960000001
1.011925806
0.9982956313333334
0.9124541479999999
0.9068286713333333
0.9631267200000001
0.9972293986666667
1.034234082
0.835873206
1.002747314
1.001286248
1.0000971686666666
1.0004699093333334
1.0056351813333333
1.001239564
0.9876553173333333
1.0355057733333333
0.7756008553333332
1.007215256
0.9929527093333332
0.9998992633333333
0.8431423826666667
0.8746675006666667
0.8727834373333333
0.9969516253333333
0.8398696280000001
0.9993060173333334
1.009298138
1.0045297260000001
0.9998294333333333
0.549956438
0.6232855593333334
0.969945528
0.9413111160000001
1.011330114
0.43084743600000003
1.009250704
1.0017299613333333
0.971338466
0.9989573773333333
0.7760212653333333
0.37005482333333334
0.9685675006666667
1.0122358433333334
1.0109373413333334
0.9954150986666667
1.0120808013333333
1.0011462093333332
1.0322951726666667
1.0021857606666666
1.0027121986666665
1.016512188
0.6033740453333333
1.0011462093333332
1.0230375266666667
0.8001429453333333
1.0006913553333334
1.0004699093333334
0.9968822060000001
0.9575545486666667
1.000283504
1.0005398286666667
1.0061888220000001
1.0083029620000001
0.9343385173333333
1.0374943646666668
0.999934182
1.0021974533333333
1.0058706986666666
0.5121561753333334
0.999817796
1.0342589873333332
1.0019519653333333
0.557813316
0.9672805126666667
1.0013913026666668
1.008492368
0.9907766633333334
0.623403168
0.9176006099999999
0.968425546
1.0020337813333333
1.0064481826666667
1.0000040273333335
1.0007846246666667
1.0112943953333333
0.9976811106666668
0.9481477966666666
0.9685456586666666
1.002384572
1.0029931920000001
0.762932614
0.7517686906666666
0.3429430486666667
1.0178974266666667
1.000341748
0.9963503133333333
0.8309971646666666
1.0027356086666668
0.9970557720000001
0.9717340426666666
0.9679563
1.0403340953333333
1.0016365153333333
1.0001088126666666
1.002864384
1.0317000473333333
1.0033446546666667
0.997032626
0.9869404146666667
1.0041656933333334
1.009559104
0.9478234753333333
1.00021362
0.9988528326666666
0.9972062446666667
0.9040418653333333
1.027442688
0.9758738726666667
0.8040676013333333
0.4236085706666667
1.005564548
0.7056836799999999
0.9756300293333333
1.0011228733333335
0.623439364
0.6802399933333334
1.0036729093333334
1.014171902
0.941042998
0.9702632486666667
1.0030868913333333
0.999166532
0.998864448
1.0125102659999998
0.923847558
0.9972178213333334
1.0011928846666667
0.9315621506666666
0.9009979853333333
0.9985045093333333
0.7452270913333333
0.9349792206666666
0.76702693
0.5797507246666667
0.965834018
1.016067304
0.8674598673333334
0.9951729220000001
0.9468622786666666
0.5669250246666666
0.3007143186666667
0.9905710059999999
0.998365248
1.0030400393333332
1.0088003046666667
1.003930974
1.03337559
0.6034291466666667
1.0034032560000001
1.032518522
1.005211528
1.001566442
1.0236592933333333
0.8646395553333334
1.0290304506666665
1.005682276
1.003755006
0.8988578026666667
0.9295661186666666
1.0339602053333332
0.9584948046666667
0.9997130713333333
0.5049101026666667
0.9965815013333332
1.0034735860000001
0.9748107206666667
1.004694214
0.8492945159999999
0.9718879653333333
0.633564776
1.0004815613333333
1.0345828626666667
1.033773554
0.5751700473333333
0.9184640033333333
1.002209146
0.9478130173333333
1.0042009106666665
0.7760633313333333
1.00505863
0.9981564286666667
0.8226173213333333
1.0055292346666667
1.0012979193333333
1.0013212633333333
0.9979361026666667
0.999492058
0.7223652886666667
1.0012979193333333
1.0007030126666667
0.63382657
0.9960152813333334
0.583948076
1.0069082866666665
0.9911539233333333
0.6642129973333333
1.0018818486666667
1.0018818486666667
0.9986786406666667
1.1176079353333332
0.7480892306666667
0.8800080513333334
0.9276787973333334
1.0044827393333333
1.0017299613333333
1.0064128073333334
0.99776223
1.005682276
1.001239564
0.9985393306666667
0.9991084246666666
1.0006680406666666
1.0142677013333334
0.8699020306666666
1.001157878
0.7330796913333334
1.031600926
0.7297292246666666
0.9665947913333333
1.0117231919999998
0.557896642
0.9981680273333333
0.513936496
0.9919322146666667
1.00289951
1.010532986
0.963450794
1.0125699426666668
0.7119831733333334
0.09239797266666666
1.0028409673333334
1.0404349019999999
1.0045649686666667
1.0004582566666667
0.9974609946666666
1.0093099973333333
1.0101051966666668
1.00534094
0.9770060159999999
0.8420926593333333
0.995992184
1.0047412206666666
1.034620246
0.996627752
1.007475146
0.9999574626666666
0.9993990286666667
0.9337088406666667
0.9989225266666667
1.0007962846666667
0.9978549546666666
1.005282112
1.0400695713333332
0.7798609666666666
1.0094523286666666
0.7558168946666667
0.7711861986666666
0.8952977846666667
0.9982376253333334
0.9968012293333333
1.0073569980000001
1.036642964
0.99603838
1.0078534073333334
1.2762319806666667
1.0008429273333332
1.0059178153333335
1.0016365153333333
0.9175222006666667
0.896157094
1.0127609546666665
1.00205716
0.9733636933333334
0.8698491766666666
0.631329668
0.5924297106666667
1.00746333
1.00614168
1.0039192406666666
1.003708092
0.42237547933333336
0.631134846
0.9966740066666666
1.006566118
0.37099298999999997
1.0041304786666667
1.001356282
1.0038723113333334
0.9967665286666667
1.0023962693333333
0.8980214726666667
1.0298323473333333
1.0383722686666668
0.993033062
1.0013796286666667
0.7886172553333334
0.9293649753333334
0.7840679279999999
1.0077706386666667
0.49990598866666663
0.9260286746666667
0.267793588
1.0336615953333332
1.0007729653333335
1.0022793093333333
1.0020805393333334
0.6614001613333333
0.9978201806666666
1.039364832
1.0199521
1.0083266333333332
1.0043300626666667
1.0191171453333332
1.0079007100000001
0.999271142
0.9770060159999999
0.49511992466666666
0.8708280119999999
1.0042948360000001
1.0054821539999999
0.968928034
1.0387992153333332
1.0078534073333334
1.00256006
1.0065425286666667
1.0096896373333335
1.0097845926666666
1.0033329353333333
1.0139683873333334
0.8513821033333333
1.00371982
0.4852165746666667
1.0117112766666667
1.0005981026666666
1.0357679806666666
1.009262562
1.0030283266666666
0.895157836
0.9074417753333334
1.000143746
0.996442776
1.006813872
1.0030634646666667
1.0016598753333332
1.0098795653333332
1.00063307
1.0355182566666667
1.0334253186666666
1.0040717926666667
0.997600004
0.9998061586666666
0.999492058
1.007676062
0.995230572
0.918591688
0.7919472086666667
1.0035673753333334
0.934907988
0.997298866
0.47158058066666664
0.9296164186666667
0.9709541866666667
0.9706360133333333
0.9106356040000001
0.900506824
0.9934350206666667
1.003051752
0.9303312599999999
1.0121642793333334
0.861655976
1.032109122
0.9979940740000001
0.997565248
1.0007030126666667
0.8480117073333333
0.6028489633333334
0.9973451826666666
1.0032509073333333
0.935325362
0.9976579360000001
1.0364428373333334
1.0058824773333335
0.9994106566666666
0.994769556
1.0130954006666666
0.9958651679999999
0.947217276
1.0012745766666666
0.9988528326666666
1.0364678486666667
1.0035556506666667
1.0014146506666666
0.9709541866666667
1.00600028
1.0014496753333333
1.0134659373333335
1.0068020713333334
1.0066722833333333
0.9694419846666666
0.930613472
1.0044709933333333
1.0041304786666667
1.0092032746666668
1.001566442
1.0018467933333333
1.0090254539999999
1.0033094973333334
1.001624836
0.9972872873333334
0.9464866886666667
0.928009528
0.8752646286666667
0.6471735546666666
0.8697434886666666
0.912405688
1.004858756
0.9985625459999999
0.5498050766666667
1.0270373026666666
0.999934182
0.9941133453333334
1.0115563946666666
0.970361894
0.9960499293333334
1.0381338333333334
0.8520154526666667
1.0024079673333335
1.003075178
1.005352706
1.0065779126666667
1.001286248
0.9966740066666666
0.9646951013333334
1.00569405
1.0066722833333333
1.0015547646666667
1.0001553913333334
0.9984464786666667
0.8403050746666666
0.24460552666666668
0.93516244
0.8451415886666667
0.6587373153333334
1.0036025506666666
0.8213666526666666
1.0355806760000001
1.0003068006666667
0.9988179893333333
1.0035908253333334
1.0378077313333334
1.002782432
0.97905497
1.0211160553333334
0.7669652933333333
0.9231525620000001
0.9945046646666666
0.7159114053333333
0.6227342953333334
0.6737626353333334
0.864787536
0.3851435933333333
1.002478158
1.0018467933333333
1.0286854033333335
1.0354433626666668
1.0295731366666667
0.977784498
0.7714909553333333
0.9259088953333333
0.6209067613333333
1.0078534073333334
1.0032743426666666
0.772122012
1.0001553913333334
0.83559675
1.0082556213333334
0.9540131713333333
0.999027086
0.9816058453333334
0.9833926266666667
1.002384572
1.0099151846666667
1.0086344693333333
1.0079953286666667
1.0022325326666668
0.9700441086666667
1.0057882553333335
0.8450667593333333
0.729493732
0.9220031546666667
1.002653678
0.9864530586666667
0.6449093513333333
1.0035204786666667
1.1789482153333333
1.003696364
0.9949308633333334
1.0021156106666667
1.006813872
1.00323919
0.9952421033333333
1.0068492753333333
0.8815161979999999
1.0385856980000001
1.0036142766666667
0.9997363413333334
1.0102477526666667
1.0006796973333334
0.8669695793333334
1.0053056426666667
1.0033329353333333
0.9730659846666667
0.967879954
0.9724160693333334
0.8945239506666667
0.9413420626666666
0.994539208
1.0022208393333334
0.566241132
1.0036611819999999
1.0351438960000001
1.0088003046666667
1.0066722833333333
0.812978856
0.863596428
0.633574122
1.0362052873333334
0.9956458526666667
0.9998759853333332
0.9725702079999999
1.0063774346666667
0.623366976
1.005282112
1.0009012366666665
0.995807444
0.9973567626666666
1.0108659613333333
0.976872686
1.0146630666666667
1.0312170126666667
0.9997712486666666
1.005188002
0.8359057426666666
0.9716021479999999
1.003051752
1.0036377286666667
1.0086581566666668
0.9708883406666667
1.007829758
0.8656154173333332
0.9998876246666667
0.91912245
0.9963387566666667
0.8987919673333334
0.948179194
0.8733069600000001
0.971690074
0.9985625459999999
1.0063184853333333
0.990810948
1.0042126506666667
0.9996781680000001
0.9906395486666667
0.9408368573333333
0.6038575893333333
0.7958654146666666
1.0036377286666667
0.9904111093333333
1.0033446546666667
0.9358042739999999
1.0302522986666667
1.0102239906666668
0.9995851039999999
1.0041304786666667
1.0004349526666667
1.0006680406666666
0.998841218
1.0015547646666667
0.8541079613333333
0.9999691033333333
1.0246239153333332
1.0128087193333335
1.0076878833333334
1.039402562
0.9866570100000001
0.5931701766666667
1.0072743106666666
1.009760852
1.001204554
0.613242614
0.994331986
1.00614168
0.9677272986666667
1.0078061093333335
0.9514664873333333
0.971909958
0.8736444773333333
0.44481850266666667
0.992619958
0.8741601373333333
0.8491433959999999
1.0025132573333333
1.0155987933333335
1.0069673046666667
0.9996665339999999
1.0042830946666665
1.0074869626666667
1.0012512346666667
1.0296101586666666
0.8716851953333333
0.974987752
0.59355956
0.995253634
1.0024313626666668
1.005906036
1.0056705019999999
1.0082201193333333
1.01016459
0.999596736
1.0306107633333332
1.0046237126666666
1.0011928846666667
1.0051527153333333
1.0119734919999999
1.0012512346666667
1.000621414
0.869092312
0.935121718
1.005611636
1.0004582566666667
0.97121766
1.0054703846666666
0.6315199673333334
1.0054468466666666
0.5537820306666666
1.0014029766666666
0.6683161719999999
1.003461864
0.89579262
0.8307640953333333
0.775944156
0.63136215
1.001111206
1.0339353146666668
0.9987250860000001
1.007168018
0.4434590373333333
1.0010062100000001
0.9940903360000001
1.002384572
1.0285868606666666
0.8463490053333333
0.9979129160000001
1.0131670959999999
0.9995618406666668
0.9166899226666666
1.0071325919999998
0.9936763519999999
0.9247227526666667
0.9997363413333334
1.036405322
1.00171828
1.016680624
0.9648793153333333
0.9895326
1.007475146
1.0079007100000001
0.9997363413333334
0.9963503133333333
0.98365163
1.0017416433333333
0.4981376
0.8173728346666667
1.002209146
0.997021054
0.9986089806666667
1.0037432773333332
1.000376698
1.0069673046666667
0.9469875413333333
0.5886540753333334
1.0032977786666668
0.6792932286666666
1.0103428126666667
0.6503387686666666
1.002665382
0.8698579853333334
1.0026185693333334
0.9994455413333333
0.9286917773333333
0.9136478753333334
0.9718659733333334
1.006177036
1.002782432
1.0098676926666668
0.686261452
1.0067076766666667
1.0088239993333332
1.0085752553333334
1.001111206
1.010259634
1.0000040273333335
1.0016365153333333
1.008812152
0.907307588
0.9982724286666667
1.0050821493333333
1.0075933226666667
0.8263763833333334
1.0301287479999999
0.9290935686666667
0.7633461826666667
0.36486926133333336
0.9432129426666667
0.9686658013333334
0.6341119846666666
0.5579038886666666
0.38838782066666666
1.0018701633333333
0.9676182879999999
1.00404832
0.9984232686666666
1.0014847026666667
1.001788374
0.9990503239999999
1.000341748
1.0081727866666668
1.0055763193333334
0.8261061726666666
1.005317408
0.9941708726666667
1.000737988
0.4790496226666667
0.8141423566666667
1.0042361306666667
1.0022442266666667
1.0034853086666666
1.0009012366666665
1.0094048806666667
0.9970557720000001
1.0015781206666667
1.011425378
1.0019519653333333
0.800284582
1.0308704973333334
1.0018467933333333
1.00871738
0.9983768513333333
0.9945967846666668
0.9978781386666666
0.9696170706666667
1.011377744
0.9998410706666667
0.9945161786666666
0.999375774
1.0100576866666666
1.0020805393333334
1.0029814806666666
0.875148704
0.9998294333333333
0.9358042739999999
0.7671981953333333
1.0012512346666667
0.9239866826666666
0.971514238
1.0049410473333333
0.623217728
0.9963387566666667
0.9985857633333334
0.8700870693333334
1.0061063259999998
1.0090136013333335
1.004259612
1.0029112193333334
0.9998061586666666
0.9986554193333333
1.045373014
1.005188002
0.8222787146666666
0.8746051613333334
0.8403461773333334
0.936406156
1.0073924393333333
0.8714552693333334
1.0316752653333332
1.0124625293333334
1.005282112
0.9958651679999999
0.9987599226666666
1.0048234926666668
1.0025132573333333
0.969245088
0.9927117293333334
1.0028409673333334
1.0104735486666667
0.9949884853333333
1.0005864473333332
1.006990914
1.010354696
1.0274795566666666
1.01680097
0.8903793306666666
0.93025066
1.002700494
1.0111158366666666
0.8275626306666667
0.7564425433333334
0.920244964
1.0032274726666666
1.0047882313333334
1.0110444313333333
0.8721188480000001
0.9176202146666667
1.012379002
0.7194009073333333
1.0073806253333333
0.9993408946666666
1.0013679553333332
1.0102002293333334
1.0147229973333334
1.0117708586666665
0.870210472
1.0018117406666667
1.0038723113333334
0.6892017226666667
1.0280944313333333
1.0187907953333333
1.0101883493333332
0.827028796
0.7996960006666667
1.0004699093333334
0.656130906
1.00245476
1.0033329353333333
1.0005981026666666
0.9352235293333333
0.7751249406666667
0.870281004
1.2472860926666667
0.6341962546666667
0.9943895386666667
0.49813471133333337
1.034732412
1.0069673046666667
1.0082792913333334
1.0326923046666667
0.9989806126666667
1.0365679073333334
1.0106162093333333
1.003532202
0.9676182879999999
1.00343842
0.9987250860000001
1.0021506846666666
1.00813729
0.9294454219999999
0.9181498539999999
1.0019987160000001
0.9963965426666667
1.037506896
0.9729888306666666
0.8719594966666667
0.9973104446666666
1.0036611819999999
0.9272882379999999
1.0089661939999999
1.0020688493333334
1.0286854033333335
0.9985161159999999
0.9289930886666666
0.7869267113333334
0.9999574626666666
1.0395409273333334
0.994331986
0.8736267066666666
0.8462322766666667
1.00813729
0.6331351553333333
1.0051174313333333
1.008409494
0.9064841646666667
0.9974146666666667
0.9755303099999999
1.0053997746666667
0.8800170666666667
0.9885646246666667
0.9975420786666667
1.009262562
0.9010830486666667
0.9355290946666667
1.0015080553333333
1.0076878833333334
0.9965815013333332
0.8775088966666668
1.0103071633333334
1.0014380006666668
1.003075178
1.0047999853333334
0.8401900066666667
0.9410842373333334
1.0002252666666667
1.0038019246666665
0.6799599933333333
1.0035204786666667
1.0069200893333334
0.7753138366666668
0.6892846786666668
1.003461864
1.012772896
0.9978201806666666
1.0024196646666665
0.9291639180000001
1.0075224133333334
1.0066840806666668
0.855579696
1.002630272
0.9695951813333333
0.8451083293333332
1.0030400393333332
0.889346868
0.9972409753333333
0.8305231266666666
0.8183773893333334
1.0024196646666665
1.0121523533333334
1.0045297260000001
0.9703399706666668
1.0049292906666667
0.6232539026666667
1.0085397306666668
1.001052872
1.037168664
1.0069436966666667
1.0052703473333333
0.913055474
0.9711407986666667
1.0001553913333334
1.0085278893333334
1.0043887786666665
1.0005281746666665
1.0098320766666666
0.99470044
1.0006680406666666
0.9689389633333334
0.9966624426666667
0.91246384
1.0009828806666665
1.003532202
0.60311139
1.0019987160000001
1.0073569980000001
1.0067194746666668
0.9718659733333334
0.989145182
1.008930642
0.8158667433333333
1.0022559206666666
0.83974647
0.8041955726666666
0.8007993693333333
1.0114730166666666
0.8950552346666667
0.656491952
1.0115206593333335
1.0022676146666667
0.7406009853333333
1.0033329353333333
0.9119988313333334
1.0142437499999999
0.95846272
0.99814483
1.001916906
0.8178008313333333
1.0052938773333333
1.0003883486666667
1.0057882553333335
1.0384224793333332
1.0063066966666667
1.006365644
1.0049880773333333
0.9957497266666666
0.975286638
1.007888884
0.9291438173333333
1.0004233013333335
0.9928953226666666
1.0074160686666667
1.0053644726666666
0.9802280666666667
0.9976115893333334
0.9904910513333333
1.0007962846666667
1.0069318926666666
0.9971483653333333
0.53369874
1.001052872
0.9997596126666667
1.0072979340000001
1.000236914
1.009250704
0.989019906
1.0022208393333334
1.0114372873333333
0.9998294333333333
0.988394002
0.9983304386666667
1.0153586986666665
1.0125341353333333
1.0042243906666666
1.009333716
0.9626410173333334
1.0011695466666666
0.9985741546666667
0.999178154
1.006625096
1.0115802193333334
1.021031094
1.006566118
0.9969516253333333
0.845940596
0.9086320266666666
0.9972293986666667
0.812855766
1.0074396986666667
0.9738602793333333
1.0107826966666666
1.0312170126666667
0.9997363413333334
0.7834457826666666
1.0040365839999998
0.9979013233333334
0.8169685946666667
0.9301902186666666
1.0005631373333335
1.036242788
0.997171516
0.9181891113333333
1.012176206
1.0045297260000001
0.6918885393333334
1.002209146
1.0063302746666667
1.0011228733333335
1.0034853086666666
0.999259518
1.001356282
0.8977305313333332
1.0018234246666666
1.0043770353333332
1.0000971686666666
1.0014730266666667
0.9303211846666667
1.0070971686666668
0.9694638666666666
0.9718879653333333
0.9728565953333334
1.0048352466666668
1.0541995986666668
1.005352706
0.990982406
1.0318115806666666
0.992918276
1.006177036
0.9253802373333333
0.8905916506666668
0.802460142
1.0029697693333333
0.8231139233333333
1.01242673
1.002770726
0.9727904906666666
0.8454410393333333
1.0060709753333335
1.0061298953333333
1.0041891713333333
1.0011812153333333
0.8135101093333332
0.708401474
0.9937798153333334
0.6890800906666666
1.084806854
0.6557352146666666
1.008149122
0.8172250853333334
1.038096196
0.5845162966666667
1.0357929593333333
0.9173556239999999
0.9933201420000001
1.0037315486666667
1.005564548
1.0021857606666666
1.0052468186666668
1.026423692
0.9916344886666667
1.0024079673333335
0.9679672073333333
1.0007496466666665
0.9998643473333333
1.001566442
0.9893046706666667
1.0339850973333333
0.6450740146666667
1.0037315486666667
1.0016715553333333
0.9180419153333333
0.584763002
0.7831957726666666
1.0034735860000001
0.97669497
1.0068020713333334
0.6205882693333333
0.5770401173333333
0.8408973479999999
0.6414707333333334
1.0038136553333334
0.8885557073333333
1.0047177166666668
0.8267740733333333
0.8695233873333333
0.6442080526666667
0.886437566
0.9974146666666667
1.006342064
1.005211528
1.0033094973333334
0.9998527086666666
0.9011870359999999
1.0005981026666666
0.9528702346666668
1.0035673753333334
1.0090728666666666
0.8857702953333334
0.7021075313333334
0.8177619039999999
1.014028236
0.7914437360000001
1.002665382
1.000190328
0.4188659126666666
0.9965005733333334
0.6162385913333334
0.9125704713333332
0.9980404553333333
1.001111206
1.0059531560000001
0.655910462
0.999817796
0.9012343113333333
1.0072388773333334
1.0061534646666668
0.9994687986666666
0.8706779573333333
0.8183384073333333
0.7408820439999999
0.9407132159999999
1.0093930193333334
0.998829604
1.000365048
1.0096303
0.8858981873333334
0.9969053446666667
1.0082437866666667
0.9590512793333333
0.6336115093333333
0.991417032
0.884347708
0.8549920959999999
1.0004582566666667
0.7328795466666667
1.0045414733333333
0.9648684773333333
0.9992478933333333
1.0153947060000001
1.0041422166666667
0.9887011653333334
1.009938932
1.011782776
1.0109492393333332
1.00275902
1.008930642
1.0047882313333334
1.0089069413333334
1.004259612
1.0042361306666667
0.9693872826666667
1.0395912513333332
1.0039427073333334
1.0018117406666667
0.9292744886666666
0.9786311126666666
1.0062831193333333
0.870228104
0.8215787626666667
0.9998410706666667
0.997032626
0.3742434293333333
1.0017299613333333
1.0016715553333333
0.9419924106666667
0.8951391793333334
0.9688187533333333
0.3367650933333334
0.9347960726666666
0.5245152986666667
1.000073882
0.859062184
0.9112732026666666
0.6393889353333333
1.0050468706666666
0.9185425740000001
1.0029580586666667
0.9748439093333333
1.0036142766666667
1.0038019246666665
0.99699791
1.0071325919999998
0.9878256853333334
1.0047764786666666
0.9985161159999999
1.005458616
1.0348820046666667
0.9981680273333333
0.9952766973333333
0.7119418666666667
1.0069673046666667
1.0084331706666667
1.0016715553333333
0.997831772
0.994067328
1.00197534
1.0284513953333334
0.9178457273333334
0.9952075113333334
0.9918062320000001
0.7744261259999999
0.845116644
0.9967549626666667
0.9985857633333334
1.0098676926666668
0.9410636173333334
1.016957462
0.9989806126666667
0.999526948
0.9089493133333334
1.0054703846666666
1.0080899653333333
0.9746558713333334
1.0114134686666667
0.7519529559999999
1.0033915353333334
1.0099864306666666
1.0074515146666665
0.6233081726666667
1.0020220926666665
0.9990968039999999
1.0109730353333333
0.9672478373333333
0.8741334506666667
0.7368906746666667
0.971338466
1.0020220926666665
1.0112943953333333
0.9975420786666667
0.9968937753333333
0.8174117246666667
1.00031845
1.0015547646666667
0.9953920286666667
1.0040131133333332
0.42355635199999997
0.9979592906666667
0.8323822
1.00600028
1.0044357566666666
1.0006563833333333
1.0379707566666665
0.9256195546666666
0.940816248
1.008018986
0.6337096713333333
0.9957843559999999
1.0072270666666667
0.9962809779999999
1.004905778
0.8386396740000001
1.0379582146666666
0.623312696
1.0003068006666667
0.9964543346666666
1.0002252666666667
1.0399436553333334
0.7447102273333334
1.0114849266666668
1.0051997653333333
1.00614168
1.0332140046666667
0.96520457
0.8705279546666668
0.9743905293333334
0.9694748086666667
1.0103903493333335
1.002700494
0.9972062446666667
1.0442039060000001
1.0006563833333333
0.904613098
0.92403638
1.0003999993333335
0.49344185999999995
1.00256006
0.9709322366666667
1.0101764693333333
1.01043789
1.000283504
1.008812152
1.0323944273333334
1.0030986046666668
0.9980056686666667
0.998121634
0.9998643473333333
1.0035087553333333
1.031464666
1.013932482
0.8997333866666666
0.6350401866666667
1.001683236
0.999794522
1.0004932146666667
1.010283398
0.6336255306666667
1.0080781346666665
1.0022442266666667
1.0062713313333334
0.46709050933333335
0.9981564286666667
0.9971020666666667
1.0065543226666667
0.9987250860000001
1.0009362253333334
1.0094523286666666
0.9985045093333333
1.0103309293333333
1.0065071466666666
1.0026770853333333
1.00343842
1.0291660686666668
0.999480428
0.7917063373333334
1.0029229286666668
0.38732305866666666
0.9950461146666667
1.0050821493333333
1.0051997653333333
0.996963196
1.0003999993333335
1.03565559
1.0026068666666668
0.8753895046666667
1.0334999206666666
1.0106994459999998
1.0056705019999999
1.0018234246666666
1.0021506846666666
1.0033915353333334
1.007782462
1.034122024
0.972162948
0.9887808313333333
1.00871738
1.0032509073333333
0.9227063313333334
1.0098676926666668
0.9298378013333333
0.9361816353333333
0.9847115873333334
1.005458616
0.6231905999999999
1.0325805806666668
0.92460331
0.8459739206666667
0.9959344453333333
1.0008079453333334
0.9986438093333333
1.001893534
1.0078061093333335
0.900318058
0.9958536226666667
1.0400821646666667
0.9877802480000001
0.6030478786666666
0.8857246286666667
0.7517489533333334
0.4885696906666667
1.0000273106666666
1.0052468186666668
1.0042243906666666
1.0393019553333334
1.0358054493333333
0.9768060353333333
1.0021974533333333
1.0087647633333332
0.9650744419999999
0.9967549626666667
1.0375570226666666
0.9787091640000001
1.0008429273333332
0.998121634
0.9990154673333334
1.035044112
1.0010062100000001
1.0067902706666667
0.992505268
1.0016365153333333
0.9993525206666667
1.0015547646666667
1.0035790999999998
0.9994106566666666
0.8603614340000001
0.6180965213333333
1.0128087193333335
1.0030986046666668
0.976450716
1.003192324
0.6551450706666667
1.0044122673333333
1.0055292346666667
0.8353854660000001
1.0111753493333333
0.875300304
1.002384572
0.9346943553333333
0.8443606886666667
0.7409842993333333
0.584226088
0.7119300653333334
1.0090610133333333
0.9671716026666667
1.0321959373333334
1.0382593119999999
1.0088950920000002
0.75282945
0.782760422
1.00086625
1.1786408606666667
1.0017533253333333
0.9938833006666667
1.0056234086666667
0.5399723786666667
0.8864924553333333
1.0018117406666667
1.0090847206666667
1.0325433446666665
1.006023844
1.0349568173333334
1.0018117406666667
0.7157443793333333
0.9939178006666666
0.9843956166666666
0.7546946573333333
0.8134792926666667
0.60306058
0.8764702766666665
1.0336615953333332
1.0104260046666667
0.602870118
0.729493732
1.001204554
1.0058942566666667
1.0036846366666667
1.0034501413333334
0.9972178213333334
1.030796274
1.0053997746666667
1.0383471653333334
1.0030049033333333
1.0131551460000001
1.0741714926666668
0.999631634
1.012605752
0.9973336033333333
0.9728015073333333
0.9979361026666667
1.0305489413333333
1.0015080553333333
1.01167553
0.75598319
0.9954150986666667
0.5557777773333333
1.005188002
0.999934182
1.0107232306666667
0.40407058799999995
0.9186113346666666
0.7708055913333333
0.8951298513333333
0.661649792
0.9465701273333335
1.0019987160000001
1.0097845926666666
1.0024430613333335
1.0090136013333335
0.890351644
1.0044240119999999
1.0043770353333332
1.016199526
0.9452680766666667
1.0052938773333333
1.0334626186666667
0.6414084653333334
0.9949884853333333
0.8699548906666668
0.6746198533333334
0.9353966579999999
0.767417526
0.9912797406666667
0.9368248693333333
1.008018986
0.6444738826666667
1.0334874866666668
0.9993641473333333
1.0036611819999999
1.0025249573333335
0.9982376253333334
1.00289951
1.000621414
0.9989341433333334
0.9952766973333333
1.02991878
1.0062831193333333
1.0318239753333334
1.006177036
0.9927346746666668
0.8763272113333334
0.9995385786666667
0.5263827360000001
0.8688285986666666
0.7631834133333334
0.9977506406666666
1.0004233013333335
0.8850310733333334
0.9979476966666666
1.0009128993333334
0.9130651793333333
0.602806658
0.9939868073333333
0.9722839900000001
1.0377199693333334
0.9998527086666666
0.874088976
1.0266445073333332
0.9713824033333334
1.0096896373333335
0.859595176
1.0036846366666667
0.5864077026666666
0.5657190480000001
1.037732506
1.0067194746666668
1.0002951526666668
1.001519732
0.9976115893333334
0.6445706026666667
0.8041955726666666
1.0073806253333333
1.0095828346666667
1.0075578666666667
0.9239071773333334
1.0059413753333333
1.003825386
1.0029931920000001
1.005517464
1.0016949173333334
0.9802056953333333
1.0125818786666667
0.918287268
1.0058942566666667
1.0085160486666667
0.644551256
0.9320473286666667
1.0055292346666667
0.5846833966666667
0.822105582
0.9954612406666666
1.0053762400000001
1.0033563746666667
0.8555541313333334
0.9125801666666666
1.0035087553333333
0.9975420786666667
1.0099745553333335
0.9996083686666666
1.0035790999999998
1.0329282466666667
1.0055527766666668
0.9966161886666667
0.8466242786666667
1.0037432773333332
0.4731807793333333
0.9961769926666666
0.9352540766666666
1.0177044713333334
1.0035673753333334
0.7832886146666667
0.7595863886666666
0.8846847026666667
0.0
0.9904111093333333
0.93596742
0.775930138
0.36095043666666665
0.6190586913333334
1.033736232
0.979389854
0.698737918
1.0239399446666666
1.0151907006666667
1.0014730266666667
1.0009595526666666
1.0050468706666666
1.002162376
1.0075696846666666
0.9938603020000001
1.0073569980000001
0.9964196586666667
1.035094002
0.549632696
0.9722069593333333
1.03590538
0.9971483653333333
1.0059295953333334
1.0030400393333332
1.000271856
1.0093930193333334
1.0019987160000001
1.0053880066666667
0.40631638
0.9951613926666667
0.7957253373333333
0.6034969786666666
1.0052938773333333
1.0047882313333334
0.9525638013333334
0.8406011066666667
0.9675746913333334
0.997797
0.8982938133333334
0.9733526633333333
1.0189841626666667
1.0018818486666667
1.00343842
0.9692778986666667
1.0039192406666666
0.5666557553333333
0.9987018626666666
0.99412485
0.969781272
1.001052872
0.96672533
0.6446818666666666
1.0044122673333333
0.6108180753333333
0.9945046646666666
1.0082437866666667
1.002747314
1.0349069413333334
0.98974923
1.000190328
1.001788374
0.9059296760000001
1.0032743426666666
1.0052703473333333
0.9686330320000001
1.0106994459999998
1.0044592473333334
0.586960668
0.536093576
1.0027941386666666
0.8467745033333334
1.0044827393333333
0.9982724286666667
1.005752926
1.0044005226666666
1.0252598486666666
0.9025126173333333
1.0311922533333333
1.0009478886666667
0.8850493106666666
0.8598102786666667
0.999934182
0.9722179633333333
1.0030166146666668
0.8695762013333334
1.0002951526666668
1.0337611126666668
1.0010995386666668
0.9539813859999999
0.5710253666666667
0.9672260546666667
0.9004029926666667
1.0026887893333332
1.0014496753333333
1.0370058906666666
0.9293046486666667
0.9910167046666667
0.9980288593333333
1.0036729093333334
0.9291739693333334
1.000609758
1.0065189399999999
1.0231350086666666
0.9929412313333333
0.9982956313333334
1.0087647633333332
0.8403050746666666
1.0024898573333334
1.0048117386666666
1.006601504
0.8091955639999999
0.6259653413333333
1.031117984
1.007309746
1.009665902
1.006636892
0.884857854
0.8692330239999999
1.0041187406666667
1.0037784646666668
0.9984696900000001
0.972779474
1.0090373066666667
1.0106399893333333
0.9599515653333333
0.9125123059999999
0.7711515826666667
1.001624836
1.0018117406666667
0.9996665339999999
0.95366365
1.0092032746666668
0.7834243466666667
1.0057882553333335
0.8802244733333333
0.9310673853333333
0.6445174033333334
0.8157350306666667
1.0032509073333333
0.7477961686666665
0.7442134226666667
1.0027121986666665
1.0021974533333333
1.0053644726666666
0.9732864920000001
0.9997130713333333
0.9678472379999999
1.00282926
1.00904916
1.0096896373333335
1.0015314093333334
1.0007729653333335
1.0069200893333334
1.0066604860000001
1.0106756626666666
1.0022325326666668
1.0260436213333335
0.8546433246666667
0.9992362693333333
0.9996432666666666
1.0080071573333333
1.001624836
1.0362552886666667
0.9419097766666668
1.0084450093333333
1.0280821266666667
0.8778676126666666
0.9933775779999999
0.9998061586666666
1.0067784706666667
1.0051056706666666
0.9333131886666667
0.9938718013333334
1.0024196646666665
0.9988992946666667
0.7125797066666667
1.006813872
0.9362734713333333
0.9818190186666668
1.002536658
1.008018986
1.0037315486666667
1.0030049033333333
0.41998409
1.0002951526666668
0.998794762
0.9356208026666667
1.005752926
1.0037784646666668
1.0063774346666667
1.0268776933333335
1.0023962693333333
1.0075815033333333
1.0015314093333334
0.9951844513333333
0.9986438093333333
0.9891110126666668
0.7413744093333333
0.9986786406666667
1.038334614
1.031501824
0.863909102
0.9948732473333333
0.90306293
0.5934529406666667
0.9290533739999999
1.0017533253333333
0.9630835266666666
0.996142336
0.9909938386666666
1.0096421666666666
0.9961885460000001
1.0092388460000001
1.003321216
1.0369558166666668
1.0383220626666667
0.9988992946666667
0.9979708846666667
0.9974030853333333
1.0042009106666665
0.8439210293333334
0.9964774533333333
0.9988179893333333
0.971624128
1.0012629053333333
1.0006563833333333
0.7291655353333334
0.6675838246666667
0.5728112373333334
0.937182604
0.6129231873333333
0.9973683433333334
1.0048352466666668
1.000236914
0.9785084853333332
0.7866024366666667
0.967367658
0.6563815900000001
0.6831342173333335
1.0075342306666666
0.9991316666666666
1.0004233013333335
1.0038840433333334
1.0028409673333334
0.8804861253333334
1.0041539546666667
0.3914908026666667
0.970361894
1.034159374
1.000341748
0.9717340426666666
0.9951729220000001
0.92393699
0.9971946679999999
1.00256006
0.9835615266666667
1.0035556506666667
1.0045297260000001
0.9711956979999999
1.0119377273333332
0.9992362693333333
1.0087055346666667
1.0004582566666667
0.9944010499999999
0.999724706
1.005564548
0.8220662433333333
1.0336242813333334
0.6129406813333333
0.9991316666666666
0.9959459926666667
1.0011695466666666
1.004647212
1.0035204786666667
1.0077706386666667
0.744581124
0.91277411
0.80827425
1.0080899653333333
1.008385818
0.7367200346666667
0.5321612846666667
1.0024430613333335
0.6770765353333333
0.4935779553333333
1.002630272
1.0326302326666668
1.0025717613333334
0.812971162
1.0060827586666665
1.0346451693333334
1.0109492393333332
0.9834038846666667
0.365476254
0.9241357913333333
1.0033563746666667
0.501798344
0.9055285726666666
1.0030400393333332
1.0078061093333335
0.9238773666666666
0.9413008013333333
0.9056240413333333
1.0351937953333332
1.0059178153333335
1.001893534
1.0012745766666666
0.9068861146666667
0.8726593039999999
0.9048131993333333
1.000236914
1.0007962846666667
0.9950922226666666
1.0050351113333333
1.0025951646666666
1.000621414
0.9996665339999999
1.0321339253333335
1.0047412206666666
1.001356282
0.9706469813333333
1.0005281746666665
1.0289195173333332
0.9983536446666667
0.8310614826666667
0.9129875426666667
1.001052872
1.01579095
1.0022442266666667
1.0048234926666668
1.009843948
0.7966625793333333
0.4671997493333333
1.0030283266666666
0.9985393306666667
0.9906052759999999
1.1408676226666667
1.0004582566666667
1.0134778946666667
0.9984580846666666
1.0028526753333333
0.9180909753333334
0.8090050379999999
1.000365048
0.9896238006666668
1.0080308153333333
0.6336068353333334
1.005282112
1.008125458
1.0018351093333333
1.0062359686666666
1.0014496753333333
1.0055763193333334
1.0027941386666666
1.00569405
0.9729778093333332
1.0109016499999999
1.0054468466666666
0.7790405293333333
0.8798367926666667
1.0090847206666667
1.0007846246666667
0.9822231793333334
1.0031688926666666
1.0010762046666668
0.9043178706666666
1.009333716
0.6926249466666666
0.4791778933333333
0.9938028106666668
1.004635462
1.0030400393333332
0.9942629306666666
1.0059413753333333
1.037168664
1.0351064746666665
1.0073806253333333
0.9361000173333334
0.9937338293333334
0.9299384646666667
1.0005165213333334
0.7788709993333334
1.0081846193333335
1.008504208
1.002384572
1.0041070033333335
1.03400999
0.5754012159999999
0.8189313380000001
0.6433781426666667
1.0026419746666666
0.9701317526666666
0.9019819173333333
0.9925740786666667
0.9658665980000001
0.8314073626666667
0.5668576833333333
1.0059295953333334
1.00275902
0.8312464526666666
1.0021389926666668
1.00041165
0.9887694493333333
0.7954158686666666
1.0022793093333333
1.0032157560000001
1.0010762046666668
0.8094319413333333
1.00041165
0.9588371739999999
0.9967087
0.929153868
1.0321587293333334
0.8315683353333334
1.006294908
0.667858916
0.936059214
1.0073451846666668
0.978218762
0.8445516266666667
0.8190562753333334
0.6307779846666667
0.9766283433333333
1.0008079453333334
1.0090847206666667
1.0352187466666667
0.7055387753333333
0.8660867093333333
0.7916698546666666
0.8175206373333334
1.001765008
1.0314275106666668
1.008160954
1.000924562
1.0346825573333334
1.0060474086666666
0.8463490053333333
0.9293549200000001
0.9916459360000001
1.0108302746666666
0.9977506406666666
1.0023611786666666
0.99320529
1.0018351093333333
1.0004349526666667
0.826010846
0.9970789186666666
1.0016481953333334
1.0047999853333334
0.99814483
0.9760291099999999
0.571127876
0.6456364406666667
1.0014847026666667
1.0011345413333332
1.0347822713333332
1.0338357633333333
1.0030868913333333
0.997032626
0.9951383346666667
0.99894576
0.9668232573333333
0.8103635426666667
0.8034734440000001
1.0054703846666666
1.0219056593333333
1.0094760546666666
0.7485259933333334
0.6554300073333333
1.0029229286666668
1.0356306173333334
1.0351438960000001
0.8401900066666667
1.0042126506666667
1.0033680939999998
1.0074396986666667
1.0078179333333332
0.688698886
1.007404254
1.003051752
0.9968822060000001
1.00190522
0.99699791
1.008492368
0.79682516
1.0003533980000001
0.575108434
1.0366554746666667
1.010140832
1.035705538
1.00569405
1.002291004
0.9991316666666666
1.0024313626666668
1.0064717673333332
0.7793020333333334
0.942023402
0.8761216373333334
0.7552254786666668
1.0018351093333333
0.8217909813333334
0.8449337613333334
1.0096421666666666
0.9711298193333334
0.9123475433333333
0.9351318986666667
0.9359164306666666
0.44235601933333335
1.0021974533333333
0.99945717
1.0329903546666666
1.032605406
0.9706798866666666
1.0014730266666667
0.5264795226666666
1.0004699093333334
1.0086581566666668
1.0056234086666667
1.001286248
1.0398429439999999
0.9943895386666667
0.9000822119999999
0.8227906700000001
0.7824324446666666
0.44494753266666665
1.002782432
1.001987028
1.00256006
1.0025483586666666
0.9933431153333333
1.0029346386666667
0.99874831
1.0009828806666665
1.0047059653333335
1.0119377273333332
1.0005281746666665
1.0015314093333334
1.0077469926666667
1.0047529726666666
1.0295484566666668
0.9984464786666667
0.8971398453333332
1.0027356086666668
1.0033094973333334
0.9764285166666666
0.6135667566666667
1.0096421666666666
0.9236091559999999
1.008149122
1.0340846766666667
0.737187902
1.0072270666666667
0.7023084453333333
0.9011681273333334
1.0087529173333334
1.0032274726666666
1.0033798146666666
0.9901485339999999
0.99915491
0.999934182
1.011389652
1.006896484
0.9696936906666667
1.0003533980000001
0.8550091166666666
1.0037432773333332
1.0056234086666667
0.9760512906666666
1.002162376
1.0059413753333333
1.0022208393333334
1.0377951933333334
0.8922660606666667
0.5500479993333334
0.69259144
0.9987250860000001
1.0023143946666668
0.9922071973333333
0.7788639373333334
1.0258843206666668
1.0088595446666666
1.0008545886666667
0.9963734273333333
1.0045297260000001
0.9952421033333333
0.5842141673333333
1.0049528046666667
1.00190522
0.9639805846666667
0.8176840606666667
0.9778401513333334
0.6126783726666667
0.9993525206666667
1.002747314
0.9927002566666667
1.002747314
1.0005864473333332
1.0057882553333335
0.935325362
1.0346077846666668
0.9999458219999999
1.009654034
0.9232120926666666
0.9868270333333333
0.8786128846666668
0.593309476
0.8694617793333334
0.8959794926666667
0.9900115933333333
1.033475052
1.0130954006666666
1.0356306173333334
0.9241855046666666
0.99955021
1.000143746
0.7960940666666667
0.8263127886666666
0.968316378
0.34196688533333336
0.972129942
1.014902832
0.9818302406666667
1.006365644
0.821767396
1.0004932146666667
1.0072388773333334
1.0427335353333334
0.5963700013333333
1.0011812153333333
1.0033798146666666
1.0044357566666666
0.998318836
0.9721959566666666
0.9740369653333334
0.9325127653333334
0.8801162493333333
1.0094760546666666
0.99713679
1.0026419746666666
0.9929527093333332
1.0017766906666667
1.0051527153333333
1.0064599746666667
1.0037667353333333
0.9726693226666666
0.99636187
1.0137410266666667
0.9987599226666666
0.9305025826666666
1.0000505960000001
0.5498508280000001
0.875683996
1.0035556506666667
0.9993990286666667
1.003696364
0.8431341066666667
0.5175407646666667
0.9908795239999999
0.9896124
1.0069200893333334
0.8854507266666666
0.9961538879999999
1.008551572
0.3854183586666666
1.0015547646666667
1.0323447973333333
1.0022793093333333
0.9974146666666667
0.8313510373333334
0.8090431359999999
1.0212131713333332
0.9009979853333333
1.0042478713333334
0.9239270526666666
0.9016789399999999
0.8220426426666666
1.0020454706666666
1.0352312226666667
1.0062123946666668
0.9999109026666667
1.0050468706666666
1.0007729653333335
1.0038136553333334
1.0049410473333333
1.0047059653333335
0.9906738239999999
0.994539208
0.8962880033333332
1.0324068353333333
0.7943052406666667
1.01004581
1.01084217
1.0044709933333333
1.008930642
0.8004635633333333
1.001519732
0.9576506266666667
0.9899431373333334
1.0111158366666666
1.0391133706666666
1.009250704
1.028808608
0.6985560833333334
0.7668557420000001
0.9940443206666667
0.9994339126666667
1.0330152
0.8311821060000001
0.8984253480000001
0.934653674
0.7754888226666667
1.005800032
1.0371937106666667
0.9725591966666666
1.0017533253333333
0.954797878
0.6253364826666666
1.0056351813333333
0.9077870113333334
0.8698315606666667
0.836320802
0.9372541833333333
0.969978386
0.4349664326666667
1.009808334
0.9974725773333333
1.0036611819999999
0.980283998
0.7749431273333333
0.9808212693333334
0.8384514000000001
0.9237680766666667
0.864552532
0.97944569
0.4283743886666667
0.493796432
0.9663990493333334
1.0030868913333333
1.0042361306666667
0.9354272173333333
0.9331509666666667
1.032729552
1.0371060526666667
1.0387364073333334
0.98946421
0.9597263353333333
1.0380460166666667
0.9786311126666666
0.8952977846666667
1.0000971686666666
1.0005864473333332
0.45038797599999997
1.0072506879999998
0.6618537126666667
0.8913309460000001
1.0031688926666666
1.0053880066666667
1.0395660886666667
0.875898296
0.733348808
1.000831266
0.9980288593333333
1.0089898973333333
1.0068846813333332
0.995738184
1.0148308906666665
0.9427574593333333
0.6031495033333333
1.0021857606666666
1.0012979193333333
1.003825386
0.9982956313333334
0.9924938000000001
0.5496502813333333
1.0049175346666666
1.001765008
0.9679781153333333
1.0057175999999999
1.00289951
0.9012815913333334
0.62299625
1.0266322373333334
0.8752467920000001
1.0030166146666668
0.99777382
0.7554513033333333
0.99780859
1.0372939093333333
1.008160954
0.9983768513333333
0.5662262013333333
0.9071734406666666
0.7158457786666667
1.0047882313333334
0.9718000033333333
1.0094048806666667
1.005140954
0.999492058
1.0048705113333334
0.996835932
1.001928592
1.001239564
1.0116636153333334
0.9982724286666667
0.9780851013333333
0.773220148
0.9999458219999999
0.7997481186666667
0.8552815373333333
1.0075815033333333
1.0038723113333334
0.9685675006666667
1.0010178753333332
0.96780362
1.0114491966666666
1.0000971686666666
1.0068846813333332
0.8269252960000001
0.93674314
0.8241168346666666
1.0041656933333334
1.0047529726666666
0.9989689946666668
1.0062595433333332
1.0027121986666665
0.9165138693333333
0.9982956313333334
0.8466826926666666
1.0239155340000001
0.999934182
1.0007729653333335
0.9124541479999999
1.0021156106666667
0.9411873506666667
1.0057764786666668
0.9973799233333334
0.8324467326666666
1.0044827393333333
0.8131712586666666
1.033674034
0.9967318306666666
0.960294976
0.5838369453333333
0.804579732
1.010402234
0.9992827666666667
1.0092388460000001
0.9935269426666667
1.0396038333333333
0.9992943919999999
1.006094542
1.0018000573333334
1.0383973733333334
1.0003300986666666
1.0081727866666668
1.0038723113333334
0.990856664
1.037845348
0.9973915046666666
0.9304824239999999
0.45305323266666664
1.0178733033333334
0.966932088
0.960778314
1.0189599873333333
0.9965005733333334
1.000504868
0.9997596126666667
1.0048470013333335
1.0006796973333334
0.9906966753333333
0.8356130073333333
0.6447350933333333
1.0174754326666666
1.008504208
1.009250704
1.0058824773333335
0.5795942533333334
0.9871786006666666
1.0094048806666667
1.0358928873333333
0.9714922633333334
1.0061298953333333
1.0044592473333334
0.975740852
1.0065425286666667
0.9717340426666666
0.8709604559999999
1.011377744
1.00232609
0.8745784473333333
1.031080854
0.9464032646666666
0.831898524
0.7153509819999999
1.01167553
1.0024196646666665
0.9959459926666667
1.0066604860000001
0.73346152
1.0107113380000001
1.0022676146666667
0.9982144253333333
0.9942053926666667
1.0038840433333334
0.7630681606666667
1.0090728666666666
0.9354781526666667
1.0125102659999998
1.0078534073333334
0.970690856
1.0060356266666666
1.0029346386666667
1.0321959373333334
0.936998592
1.0024313626666668
1.0009362253333334
0.8736178213333333
1.0042009106666665
1.0039896433333333
1.0108064853333334
1.012092726
0.7953348573333333
0.970844448
0.7334114213333334
0.34773402800000003
1.0028409673333334
1.008196452
0.8173883900000001
1.0005514833333333
0.9967433966666668
0.966899436
0.9984348733333333
0.8452829693333334
0.7998225846666666
1.0007146706666668
0.9315015386666667
0.9960152813333334
0.9627057493333333
0.9019250933333333
0.8270925013333333
0.9992246459999999
0.840551754
0.6448512546666667
1.00256006
0.8394510393333333
0.9470919526666667
1.0109730353333333
1.0343337093333334
1.0360803046666667
1.0096065666666667
1.0036377286666667
1.005800032
1.0033563746666667
1.0102239906666668
1.0044827393333333
1.0101883493333332
0.8677753460000001
0.6234936666666666
0.8623047093333333
1.0181628586666667
0.5954357386666667
0.840963208
1.0029229286666668
1.0030400393333332
0.99915491
1.0032977786666668
0.841465728
0.9369679306666667
0.8309810866666667
0.9942629306666666
0.8646047440000001
0.8224755453333333
1.005752926
1.0007846246666667
0.8219875786666666
1.0024898573333334
1.0014146506666666
0.9476561706666666
1.00431832
0.947321738
1.0345330226666667
0.7910647306666666
0.99776223
1.00282926
1.0030868913333333
0.9942169000000001
0.9992943919999999
0.8215787626666667
1.0057411506666667
0.816588042
0.8355073473333333
0.9998527086666666
0.5643068033333333
0.8991588866666667
1.0076287806666666
0.9985625459999999
0.998864448
0.603331666
1.0020337813333333
0.9910967439999999
0.9069148393333333
0.6231589533333334
0.970668918
0.9920696873333333
1.012605752
0.996130784
1.0079598446666667
1.0071325919999998
1.0007846246666667
0.9300592893333334
0.7905114520000001
0.8446678919999999
0.9143091633333333
0.925649478
1.033412886
0.8363859473333334
0.9812918639999999
0.9884849933333333
1.0100695640000001
1.0058589199999999
0.5936251906666666
1.0325929933333333
0.8308364133333332
1.0000040273333335
0.7668762806666667
0.9966971353333334
1.0023728753333334
0.9033858393333333
1.0036494553333333
1.0079480173333333
1.00746333
0.8742758
1.0033329353333333
0.8963628253333333
0.9973336033333333
0.989566798
0.99814483
0.96914667
0.929535942
0.9656820073333333
0.5264311246666667
0.9740259206666666
1.08869781
1.0047529726666666
0.876345092
0.9082861486666667
1.0001204566666666
0.7914218606666666
0.9022566666666667
1.0059767173333334
1.0044709933333333
1.000365048
0.9621881366666667
0.9972293986666667
0.975264492
1.0014263253333333
1.0007962846666667
0.815719538
0.9007806746666667
1.001286248
0.8497902306666667
1.0016014773333333
0.9993176426666667
1.010544874
1.0022325326666668
0.9152541306666667
1.0056234086666667
1.0004582566666667
1.0065779126666667
0.9681963226666667
1.0014613506666665
0.7632987013333333
0.991382706
0.99777382
0.7335178893333333
1.000621414
1.0324316526666666
0.9929067993333333
0.9816170626666667
0.8697963293333334
0.885551138
0.9934350206666667
0.7327795153333333
0.47460299866666666
0.9721849533333334
0.8176684933333332
0.9122700286666666
0.9055381186666667
1.0032743426666666
0.9987831486666667
1.0001088126666666
0.8001280393333333
0.99945717
1.0065543226666667
1.005800032
0.995588154
0.9922071973333333
1.0056469546666666
0.9935844026666667
0.9231426413333333
0.968993614
0.9646084366666667
0.9242352233333333
0.9983420413333334
1.0058942566666667
1.0044827393333333
1.000574792
0.8648920226666668
1.000073882
1.000190328
0.997588418
0.9658231586666668
0.9242750026666666
0.9290031353333333
1.0390505246666666
1.0029229286666668
0.8695850046666667
1.0327543846666667
1.00323919
1.0090136013333335
1.0359428586666666
1.0385856980000001
0.995023062
1.0041539546666667
0.9681963226666667
1.0055763193333334
1.0153106933333333
1.00505863
1.0326674753333334
1.0319231386666667
0.8051076073333333
1.0043300626666667
1.002010404
0.9907538079999999
1.0076287806666666
1.0156348173333334
1.0013329359999998
1.0394151393333333
0.9368759573333333
0.748558608
0.4984613493333333
1.0061298953333333
0.99945717
0.9983536446666667
1.0047412206666666
1.07930022
1.007510596
1.0321339253333335
1.0400821646666667
1.001216224
1.0295484566666668
1.0081846193333335
1.0059531560000001
1.0298323473333333
0.946622284
1.0011228733333335
1.0335247906666667
0.9964312166666667
0.9336175066666667
1.00171828
1.0082082853333334
0.9027023046666667
0.5686589473333333
1.1175643146666667
1.035318564
0.6235253473333333
1.0010295406666667
0.9410120713333334
0.875683996
0.9875531253333334
0.9729667886666666
1.0045297260000001
1.020994686
1.0308704973333334
1.018223204
1.007014524
1.0092269886666667
1.0029112193333334
1.030079336
1.0049175346666666
0.9721079386666667
1.02281826
0.880630552
1.001519732
0.965910042
0.902019804
0.7937914313333334
1.0070499413333334
0.9964890133333333
0.9290734713333333
0.9234701446666667
0.964521788
0.996916914
0.99623476
1.0022793093333333
1.0025483586666666
1.0090017493333334
0.970592144
1.0069673046666667
0.9983420413333334
0.868064736
1.0000855253333334
1.0010178753333332
0.8321805999999999
1.0052232913333334
1.001858478
1.0051644773333335
0.5245441253333334
0.47927414199999996
0.97619549
1.0069791093333333
0.8083350986666666
0.9997596126666667
0.9998643473333333
0.906321572
1.0064363906666667
1.0323447973333333
0.9872693680000001
0.999631634
0.9050992133333332
0.9990387046666667
1.006530734
0.9032528486666667
1.0024196646666665
1.00282926
1.0018351093333333
1.0348944726666667
0.936293882
0.9487866253333334
0.9994222846666666
1.0017065980000002
0.9063693873333333
1.0024664586666667
0.8138877973333333
0.8452663340000001
1.0030166146666668
1.0043418053333333
1.001519732
0.9992943919999999
1.0005281746666665
1.004600214
1.0103665800000001
1.0015547646666667
1.004095266
0.9871105353333334
1.0057293753333334
1.0375570226666666
0.92557966
0.849277722
0.8460239126666667
1.0071444006666668
0.879431446
0.713147636
0.995230572
0.9953804946666668
1.0043300626666667
1.001916906
0.9936763519999999
1.0037667353333333
0.917257666
1.036630454
0.9962232059999999
0.9996665339999999
0.9992478933333333
1.040384496
1.000877912
1.0031103186666666
1.0028409673333334
1.0002602086666668
1.0370684893333333
1.0374943646666668
0.9349283386666666
1.0083503066666668
0.9948962926666667
0.9931708393333334
0.8220505093333333
0.999515318
1.0052232913333334
1.0063538539999999
0.9995385786666667
1.0021389926666668
1.039364832
0.7368843533333334
0.8207388226666666
0.9535683699999999
1.0018117406666667
0.9993525206666667
0.8047907986666667
0.871561374
0.9295862380000001
0.999934182
0.867100852
1.0090373066666667
0.9018682773333333
1.0359428586666666
1.0351064746666665
0.6240598773333333
0.9289930886666666
0.7677879306666667
1.0018117406666667
0.417715076
1.002127302
0.9486504093333333
1.0370684893333333
1.0063066966666667
0.9908909539999999
1.0080426446666666
0.9966740066666666
0.6445415833333333
1.00063307
0.968731346
1.0007962846666667
1.006601504
1.0064953533333334
1.0121642793333334
0.9971136406666666
1.0068610766666668
1.035468326
0.9637426473333334
0.9987018626666666
1.000889574
0.9669429726666667
1.009748982
0.7751809
0.6346742073333334
0.8368911633333334
0.9710419953333334
1.03528113
0.628921424
0.9740038313333332
0.8013596713333333
0.5497910006666666
0.974987752
1.0064245986666667
1.038334614
1.0010645386666668
0.998597372
1.0364553433333334
0.871278486
1.0082437866666667
1.001204554
0.907844576
0.9290131826666668
0.8097218826666667
0.9347859000000001
1.0056469546666666
1.0056705019999999
0.9982376253333334
0.9713824033333334
0.9699893393333333
0.9653021893333333
0.9953689606666667
0.9997828853333334
1.009772722
0.9224487053333333
1.0023728753333334
0.6447738086666667
1.0235373186666668
1.000376698
1.0042361306666667
0.9298378013333333
1.0090728666666666
0.9970789186666666
1.0371937106666667
1.0053056426666667
1.003461864
1.0005981026666666
0.944696308
0.8031579206666667
0.9384522073333332
0.6951978853333334
0.998133232
1.002337786
0.9179928606666667
0.8406422393333334
0.8268456986666667
0.4516382973333333
0.993963804
0.9076814946666667
1.001216224
1.034159374
1.0102002293333334
0.4654479273333333
0.8864192713333333
0.6444593773333334
0.9954150986666667
1.0087529173333334
1.035867904
0.9515718879999999
0.9984232686666666
0.9518460406666667
1.0151427113333333
1.0081136266666668
1.006365644
1.0048705113333334
1.0096184333333333
1.003696364
0.9972872873333334
0.9700879286666667
0.6127177046666666
1.0339850973333333
1.0108659613333333
0.9990387046666667
1.023464148
0.9692232153333332
0.6153424593333333
0.7633665333333334
1.037732506
1.0011695466666666
0.7441489513333333
1.0066486886666666
0.9985393306666667
1.0141479546666665
0.9410533073333333
0.8357756126666667
0.7298780346666668
0.5931496966666667
0.9359164306666666
1.0062123946666668
1.000621414
0.9299586
1.0074869626666667
0.6800999646666667
1.0131073493333334
0.6448125293333333
0.5037257573333332
0.9053854073333334
1.004964562
1.0362052873333334
0.9983884553333334
1.0083739806666667
1.030153456
1.0265954286666668
1.0105686513333334
1.00505863
1.0023728753333334
0.9967202653333334
1.002747314
1.0388620313333332
0.9954381693333333
1.0067194746666668
0.9018209353333333
0.786919502
1.0154307153333333
0.6585908493333333
1.0049528046666667
1.0049763193333334
1.0388745953333334
1.0299681766666666
1.000143746
1.000504868
1.0059884986666665
1.001519732
0.9238574940000001
1.00205716
1.0039192406666666
1.0296348413333334
0.8215080473333334
0.8280891713333334
1.009250704
0.6469201093333333
1.0049998353333334
1.0022559206666666
0.8221527926666666
1.0076406006666667
0.9966740066666666
1.0059413753333333
1.0014613506666665
0.9997014366666668
0.996130784
0.9967087
0.9237283413333333
0.9417032559999999
0.7954453313333334
1.0047177166666668
1.001893534
1.0088832426666665
0.4343835446666667
0.9887011653333334
0.7513478526666666
0.989658006
0.999178154
1.00197534
1.0014963786666666
1.0103309293333333
0.7339879680000001
0.9986554193333333
0.9209059673333333
0.9729667886666666
0.9718879653333333
1.001356282
1.0349318786666666
1.0099864306666666
1.0035439266666668
1.0053997746666667
0.9234999293333334
1.0001670366666666
1.0011928846666667
0.9952997613333333
0.9992362693333333
0.8995261053333333
1.0059413753333333
1.0000622386666667
0.9955189246666667
0.971701066
0.9912339853333333
0.6027981973333334
0.999526948
1.0331767226666666
0.9949884853333333
0.865031378
0.7871574686666666
0.6614714653333333
0.9953920286666667
1.0079125366666668
1.033574534
1.0025483586666666
0.7916771513333333
1.0052232913333334
0.9971830920000001
1.002630272
0.9993176426666667
1.03188595
0.7674792353333334
0.770985468
0.633985622
0.9899317286666666
1.0014730266666667
1.0362927933333335
1.005411542
1.0111396406666666
1.0066604860000001
1.000889574
1.0115683066666668
1.0114372873333333
1.00041165
1.0076878833333334
1.035118948
0.7367389913333333
0.8951018686666666
0.8462656239999999
0.9349588673333332
1.0034853086666666
0.9677163959999999
0.8174972966666666
1.0036611819999999
0.38925373266666663
1.0030166146666668
0.9718769693333333
0.7373587586666666
0.38134776133333337
0.8767386493333333
1.003497032
0.6132032146666666
1.00404832
0.5981432066666666
0.9940443206666667
1.000283504
1.0003300986666666
0.613544844
1.00245476
1.0000273106666666
0.962899998
0.9959228986666667
0.9351318986666667
0.8550857173333334
1.000178682
1.003755006
0.9012437666666666
1.0083621433333332
1.0033329353333333
0.7593715106666666
1.0033680939999998
1.0006563833333333
0.9590941113333333
0.9695185766666666
0.9484095073333333
0.9682836326666667
1.0395283473333334
0.9718769693333333
1.0018467933333333
0.9250812646666666
1.00600028
1.0004466046666667
1.0034149766666667
1.0073806253333333
1.0350690566666667
1.0079835006666666
1.0056234086666667
1.0184525793333334
0.9843617746666667
1.001858478
1.0061181106666666
0.9983768513333333
0.8959327673333334
1.0066958786666667
1.0292030613333334
0.8765865513333333
1.003051752
1.0011228733333335
0.923281554
0.7712623653333334
0.990868094
0.897411652
1.0010295406666667
0.5419961633333333
1.0097133746666667
0.31804677800000003
1.0375946213333334
0.9984580846666666
0.4504257626666667
1.0099151846666667
0.41993070800000004
1.0069791093333333
0.5580017406666666
1.0098676926666668
1.0093574366666667
1.0012512346666667
0.999178154
0.8171395706666668
0.91921097
0.9985741546666667
1.0076051413333333
0.9356004219999999
1.001087872
0.7631427319999999
1.0014496753333333
0.7735404459999999
0.8807208426666666
1.0026185693333334
1.001987028
1.0064481826666667
1.0038840433333334
0.551425088
0.538351378
1.0013679553333332
0.7334302073333333
0.47922601266666665
1.0057882553333335
1.002770726
0.572750128
0.999027086
0.9994687986666666
0.9948502026666667
1.0392390866666665
1.0034501413333334
1.0082319526666668
1.0020337813333333
0.59367032
0.935121718
1.0016949173333334
0.9763508286666667
0.9296667233333332
0.9309765673333333
0.9355494726666668
0.548733852
1.0015430866666668
0.6560256753333333
1.023647094
1.001087872
1.0079953286666667
0.6128619653333334
0.9709432113333334
0.950392728
1.0070971686666668
0.8349226393333333
0.28567220266666665
1.0086344693333333
1.0004233013333335
1.000609758
0.8652056353333334
0.6034630606666667
0.9415484253333334
0.9639373146666667
0.8088679146666666
0.5247524113333333
0.8846118173333333
1.0018818486666667
1.0020220926666665
0.9657580066666666
0.8741690333333333
0.9993525206666667
0.8543713106666667
0.7872584673333334
0.5500444773333334
1.001216224
1.0025951646666666
1.0095472386666666
1.0037901946666665
1.001893534
0.992837942
0.4504163153333333
1.002127302
0.91989019
1.032717136
0.5119242053333333
0.7369286053333334
0.9288725406666667
0.8084796506666666
0.24161879066666667
0.8699460806666666
1.0094760546666666
1.0035673753333334
0.9948386813333333
0.899450754
1.0009945453333333
1.0037315486666667
1.0059413753333333
1.0077588153333332
1.001087872
1.0089424926666668
1.0055410053333333
1.00190522
0.99894576
1.0092862793333333
1.0020454706666666
1.003755006
0.9968706373333333
0.9325937586666667
0.9649443486666668
0.5580923746666666
1.0339975433333335
0.9989225266666667
1.003075178
1.0194316053333334
0.9747885966666666
1.0068256726666667
1.005211528
0.9951383346666667
1.0002485606666667
1.0349942273333332
1.0085870973333333
1.0003300986666666
0.9479489926666667
1.00323919
1.010140832
0.8166734413333333
1.0067666713333332
0.9982724286666667
1.0072388773333334
0.9979361026666667
0.48549904466666666
0.9932856833333333
1.0033563746666667
1.0022442266666667
0.628245258
1.0322951726666667
1.0043770353333332
0.9651286579999999
0.6127002233333333
1.0030166146666668
1.008101796
1.0364303320000001
1.0047412206666666
1.001788374
0.8316568966666668
0.998133232
0.7914729053333334
1.0087529173333334
0.9998643473333333
1.0351438960000001
1.0030166146666668
1.0050115933333332
1.0003883486666667
1.0146510813333334
0.9795015326666666
0.8651620646666667
0.7674655213333333
1.0364803553333333
0.9912111093333333
0.8903977893333334
1.0064481826666667
1.0028878006666666
0.9741032386666667
0.712260644
0.9241457333333333
1.0073569980000001
1.010259634
0.9467996593333334
0.8467828506666667
0.9291940713333333
0.7711169693333333
0.5601485866666667
1.0021857606666666
1.00041165
1.1662075013333333
0.880756964
1.000236914
0.9935958953333334
0.9122312766666667
1.0005281746666665
1.0307591666666667
0.9712066786666665
1.0092032746666668
1.0000622386666667
1.003907508
0.9987599226666666
1.032109122
0.9970789186666666
1.00041165
1.0020922293333334
0.8500845726666666
0.9958420773333334
0.9960037326666668
1.03775758
1.0032860606666667
1.036042816
1.0027121986666665
0.42990944266666664
1.033388022
1.0173067326666665
0.7558501479999999
0.8655107553333334
0.79179391
1.0066840806666668
1.004600214
0.9911539233333333
0.821060466
0.6338593093333333
0.7513807133333333
1.0055763193333334
1.01334638
0.5795238686666666
0.7864800026666667
1.0344707286666668
0.7954158686666666
0.9892135280000001
1.0353809593333334
1.0120450286666667
1.0299681766666666
1.0007846246666667
0.9988992946666667
1.0079835006666666
0.8084644320000001
1.0036142766666667
0.623217728
1.0074869626666667
1.0030400393333332
0.9402498513333333
0.995634312
0.9733967833333332
0.9425919380000001
1.0056234086666667
1.0069318926666666
1.0031337473333333
1.0025483586666666
0.9419407626666666
0.9569038626666667
0.7592238526666667
1.0025717613333334
1.0049998353333334
0.9998294333333333
0.9986438093333333
1.0029931920000001
0.9135798553333334
0.9988179893333333
0.5753819446666666
0.5936087813333334
1.033412886
0.999515318
0.7672804293333334
0.9928608933333333
0.8178786973333334
0.8854415999999999
0.6587474186666666
0.9740811466666667
0.998736698
0.9994339126666667
0.505055568
1.0085634133333332
1.012796778
0.4176663306666667
1.00404832
1.0258598173333333
0.9999807446666668
0.8360196393333333
1.0059531560000001
1.0068256726666667
0.9849599926666667
1.0018234246666666
1.003755006
1.0053644726666666
0.8449088293333332
1.0012512346666667
0.9985625459999999
0.9964080999999999
1.0022559206666666
0.998133232
0.959940838
0.998411664
0.9934005539999999
0.80854053
1.005517464
1.006365644
0.9019440339999999
1.0059649366666665
1.0047177166666668
0.8257329366666666
0.9986438093333333
1.0361302940000001
0.998017264
1.0015897986666666
0.9982956313333334
1.005211528
0.821696648
1.0030283266666666
1.0047882313333334
0.9984348733333333
0.9946658859999999
1.0054350786666668
0.957394462
1.0375319586666667
1.0016598753333332
1.0340224373333333
1.0030049033333333
0.9710200413333334
0.9975189099999999
0.87322706
0.9934694893333333
1.0055763193333334
0.5492180193333334
1.0406617873333333
1.0021389926666668
1.0007496466666665
1.0061063259999998
0.918719408
1.0058942566666667
0.9995385786666667
0.9116213599999999
1.0051527153333333
0.9973567626666666
1.0029229286666668
1.0083029620000001
0.9937798153333334
0.9987018626666666
0.9984812959999999
0.5207093939999999
0.9986670300000001
0.9986554193333333
1.0390002533333333
1.0293633946666667
0.906723378
0.7474317899999999
0.89665288
1.0033680939999998
0.6228065366666666
1.0175718573333334
1.034159374
0.5192300706666667
1.0296101586666666
0.8409385093333334
0.9068765406666667
0.80134472
1.0004233013333335
1.002747314
1.0007146706666668
0.8689076960000001
0.9968937753333333
0.6228426633333334
1.0010412066666665
1.008125458
1.0026887893333332
1.000761306
1.0357679806666666
1.0287346819999998
0.8746853139999999
1.000341748
1.0250640926666668
0.9295862380000001
0.9744900160000001
0.971338466
0.9814824713333334
1.0369683346666667
0.996916914
0.8965780093333333
1.0355681913333332
1.008018986
1.0073451846666668
0.99915491
1.03814638
0.6443046926666667
0.9081325093333333
1.005823586
1.00320404
0.9755303099999999
1.0399562453333333
0.9675746913333334
0.9726803366666666
0.9730329173333333
0.9972293986666667
1.01140156
0.18807261533333333
0.7414256013333334
1.02882093
1.034209178
1.0010178753333332
1.0281436526666667
1.0177044713333334
1.0041774326666666
0.9117955386666666
1.0088595446666666
0.7874822006666666
1.00205716
0.9948271593333334
1.003907508
1.005282112
0.7964336
0.8431175553333334
0.9720199373333334
1.0008429273333332
1.0029931920000001
1.0010412066666665
1.028574544
1.023573908
1.0006913553333334
1.0111753493333333
0.9403116066666667
0.53060644
0.9031198973333333
1.0004932146666667
0.9170716040000001
1.008149122
1.0011812153333333
0.4760601753333334
1.0011695466666666
0.8999973379999999
1.00289951
0.612468688
0.625259102
1.0339726506666667
1.0012629053333333
0.9943665166666666
1.042442488
1.0022676146666667
0.9707566753333334
0.8957552546666667
1.0009712166666667
1.0321587293333334
1.001858478
1.0125222006666665
0.9979245093333334
0.8747743893333333
1.0036142766666667
0.9997712486666666
0.9736726206666667
0.9990968039999999
1.006837474
1.0059767173333334
0.6025698566666666
0.9965352553333334
0.941228602
0.8595779720000001
1.0299805266666666
0.9996549
1.0105686513333334
1.0329034053333332
0.9991200453333332
1.002630272
1.0354308813333333
0.9975304939999999
1.0070853613333333
1.016656558
0.9921040613333333
0.9998410706666667
0.986781688
0.47924740266666666
0.976250962
1.014052178
0.9975073266666666
1.0014613506666665
1.0034735860000001
1.038648488
1.0090610133333333
1.0060356266666666
0.9973451826666666
0.868064736
1.0013212633333333
0.8269810240000001
0.7223106206666666
1.0009945453333333
0.6029674500000001
1.0030166146666668
0.8364836833333333
0.7790334646666667
1.0021974533333333
1.0111753493333333
0.8439376120000001
0.9965005733333334
1.008409494
1.0071325919999998
0.997588418
1.001765008
0.8704750246666667
1.0380460166666667
0.9992827666666667
0.9945507226666667
1.0007030126666667
1.0250640926666668
1.0106756626666666
1.0362302873333333
0.885843372
0.9262483520000001
0.9919436693333333
0.9690154766666667
1.0007496466666665
1.0364678486666667
0.997739052
1.0070853613333333
0.8127942346666667
0.8008441646666666
1.0009012366666665
0.9909709733333334
1.001928592
0.9866796760000001
1.0066486886666666
0.886382684
0.9239866826666666
0.6262163266666666
0.7714355266666666
1.0056351813333333
0.9352235293333333
1.0062123946666668
0.9832350386666667
0.51928971
1.0022676146666667
1.00171828
1.0108897533333334
1.0032860606666667
0.9769393466666667
1.00289951
1.0325309333333332
0.5051595226666666
0.9990038486666667
0.9973683433333334
0.9247028433333333
0.9418168313333334
0.6336675979999999
0.9262783160000001
0.996627752
0.9945161786666666
0.9987018626666666
1.0049528046666667
1.0107113380000001
0.9689717533333334
0.9985393306666667
0.622887828
0.9409296093333334
1.002876092
0.9987018626666666
0.9963849846666667
0.934704526
0.9293348113333333
1.001356282
0.9059870053333334
1.012379002
1.1480953493333332
1.0014380006666668
0.9021619066666667
1.001052872
0.96599694
0.9802504386666666
1.0070853613333333
0.9722509753333334
0.934724868
0.7442134226666667
0.8404119506666666
1.000609758
0.549688972
1.00517624
0.5934980440000001
0.9689389633333334
0.9021713813333334
1.0072743106666666
1.0010995386666668
0.9244540506666667
1.001566442
0.9687204213333332
0.9369372706666667
1.03636781
1.005458616
1.0043652913333334
0.9997130713333333
0.9931823226666667
0.8655543613333333
0.9293649753333334
0.7087755659999999
1.0059413753333333
0.499987462
1.0055410053333333
0.929284542
1.0377701173333334
0.8174350606666667
1.012772896
0.771567182
0.9994339126666667
1.001893534
0.8266785926666667
0.70932573
1.000621414
1.0057411506666667
1.000201974
0.99894576
0.9296264793333333
0.7792030653333333
1.0048470013333335
0.8402146613333332
0.9985277233333333
1.0052585833333332
1.0121046506666667
1.1514811986666666
1.0007263293333333
0.8746942206666666
1.0014730266666667
1.004658962
1.037168664
0.990856664
1.0037784646666668
1.0165001586666667
0.971931952
0.9591583673333333
0.8133098453333334
0.7021017926666667
1.004353548
0.5756480006666667
1.0013212633333333
1.0375946213333334
1.009938932
1.0206550053333334
0.997171516
1.0076287806666666
1.070263468
1.0045297260000001
1.0360803046666667
0.995818988
0.9963272006666666
1.0073569980000001
1.0069673046666667
0.9911081793333333
0.9234800726666668
1.00871738
1.0299434773333334
1.0062831193333333
0.8854507266666666
1.0087529173333334
1.007014524
0.783402912
1.002010404
1.0075578666666667
0.997298866
1.0375194273333332
0.992470866
1.0046707126666667
0.9975189099999999
1.005752926
0.9951383346666667
0.6235117693333333
0.9821670259999999
0.9990154673333334
1.0089898973333333
1.0043887786666665
1.0068728786666667
0.63461794
1.0921861173333334
0.8998841973333334
0.9731982773333334
1.00517624
0.986158612
1.0025717613333334
1.004600214
0.9983884553333334
0.9972293986666667
1.0029463486666668
0.6033359033333333
0.9182480026666667
0.9692232153333332
0.623181558
0.9987018626666666
0.9910167046666667
1.00323919
1.0358928873333333
1.02762706
1.0083976559999999
1.001204554
0.8309971646666666
0.6446867046666667
0.995588154
0.5507851213333333
1.0004932146666667
0.658969774
0.997634762
0.9729116886666668
0.993607388
1.000574792
0.9715581913333333
1.005493924
0.5757251640000001
1.0316876560000001
0.7293636566666667
0.37665735266666667
1.00197534
0.8715083186666668
1.001987028
1.0161033606666667
1.002782432
0.9997712486666666
1.0078061093333335
0.6342571300000001
1.0364303320000001
1.003930974
0.9999691033333333
0.9972872873333334
0.919634134
1.0070027186666666
1.006247756
0.995069168
1.0043418053333333
1.0291290786666667
1.0358429213333333
0.9998527086666666
0.94102238
1.0102121099999999
0.8847393753333334
0.99955021
0.9952190413333333
0.928460904
0.6566023506666667
1.0003883486666667
1.0356680766666666
0.9941593666666666
0.9752534193333333
1.0329779326666666
0.9919894899999999
1.0038488479999998
1.0082437866666667
1.0016365153333333
1.000737988
1.0043300626666667
0.7163711306666667
0.8642567833333332
0.997634762
0.9582061206666668
1.0051527153333333
0.990365434
1.0165001586666667
0.6338920526666667
1.001858478
1.021395314
0.7525656279999999
0.9707457046666667
1.0049410473333333
1.003696364
1.004858756
0.5051922033333334
1.0051997653333333
1.037732506
1.0036494553333333
1.0359428586666666
1.0058824773333335
0.9932512273333334
0.9289629486666666
0.623366976
1.0090017493333334
0.9980520513333333
1.0038371166666666
0.6679108453333333
1.0021389926666668
0.9921842766666666
1.0076406006666667
1.0074515146666665
1.0091321386666667
1.0006447266666667
0.9999574626666666
1.0082201193333333
1.003930974
0.8858068320000001
0.9975536626666667
0.7716087666666668
0.6130894226666667
1.0062123946666668
1.0142197993333333
1.001111206
1.0375695553333333
0.9316227706666667
0.751025966
0.6561760146666666
1.0063892253333333
1.0010645386666668
1.0353809593333334
0.779408098
0.821319532
1.008468688
1.0356680766666666
1.0348570693333332
1.0155987933333335
1.0096777693333334
0.9996083686666666
1.01004581
1.0024079673333335
1.00086625
0.9040799253333333
0.96564944
0.9977506406666666
0.9994339126666667
0.8220426426666666
1.0030986046666668
0.9938603020000001
1.036405322
1.0343461646666667
1.008160954
1.0079480173333333
1.0060709753333335
1.0031220326666666
0.661863912
1.0032157560000001
1.00031845
0.9993641473333333
0.89586736
0.667029142
1.0010178753333332
1.00256006
0.985660718
0.9919894899999999
0.6919164046666666
1.0284513953333334
1.0016365153333333
0.8176140140000001
0.6446528373333333
1.032270362
1.0077706386666667
0.9986786406666667
0.9659426266666666
1.0082437866666667
0.9028730913333334
1.0003533980000001
0.9857172713333333
1.0283775206666665
0.9924479326666666
1.008551572
0.9181792966666666
0.8312625406666666
0.7752858466666667
1.0038723113333334
1.0000855253333334
1.005211528
0.9060252286666667
1.0200489953333334
1.0022208393333334
1.004635462
1.0080781346666665
0.9991432880000001
0.9960961306666667
1.002700494
1.0013212633333333
0.8097905833333333
1.0049175346666666
0.9951959813333333
1.0069555006666666
1.0221245346666665
0.8457740113333333
1.0188512146666666
0.9941363553333334
0.835531728
0.9702851680000001
0.8855420086666667
0.999631634
0.850236028
0.9994339126666667
0.6447544506666667
0.9767504993333334
1.0123432086666666
1.0035204786666667
1.0283159659999999
0.9965930633333334
0.999934182
1.0050821493333333
0.9988992946666667
0.9309059433333333
1.013788884
0.9343080293333335
0.928109796
0.6447447713333333
1.0036611819999999
0.79179391
0.8910535666666667
1.0052468186666668
0.8856150473333334
1.001052872
0.9676182879999999
1.004658962
0.8758357813333334
0.793292938
1.001928592
1.0064010159999999
0.804481774
1.0070381353333333
0.9128614113333333
0.62312731
0.9998061586666666
1.0236714919999998
0.5936826293333334
0.8264558906666666
1.0057175999999999
1.00534094
0.9966508786666667
0.7479719786666666
0.951824946
1.0015781206666667
1.0018000573333334
0.9296264793333333
0.9984580846666666
0.9654540806666667
0.9994222846666666
0.9068382453333333
0.9997014366666668
0.9829875026666667
0.6447108979999999
0.96801084
0.5497487773333333
0.443575826
1.0004815613333333
1.00171828
0.8745962566666667
1.0307344299999999
0.9620157226666667
0.9731872513333333
1.0008545886666667
0.9986670300000001
1.009120284
0.9472381666666667
0.9933431153333333
1.036843168
0.9357533026666667
0.9534413606666667
0.9008090133333333
0.997021054
0.7054171020000001
1.0056705019999999
1.066066148
0.6132294806666666
0.7916406706666667
0.8451997986666667
1.0072979340000001
0.6237653193333333
0.9844294613333333
1.0100576866666666
1.004506232
0.9680435673333333
0.999515318
0.9239171146666666
0.8813533946666666
1.0073451846666668
0.9998410706666667
0.991909306
1.00534094
1.0344208993333333
0.7668831266666666
0.998829604
0.6363904453333333
1.0336864733333333
0.9961769926666666
0.8083883486666666
0.946966662
0.9072596740000001
0.623344358
1.0342838933333334
1.0047647253333334
0.783338616
1.0030166146666668
0.9966624426666667
1.0090254539999999
1.0056234086666667
0.8267740733333333
1.0053644726666666
0.623054994
0.998017264
1.001157878
1.0392516593333334
0.9997014366666668
1.0040131133333332
0.9994106566666666
0.996211652
1.002478158
0.8486484346666666
0.8172406353333334
1.0020688493333334
0.998713474
0.8646134466666667
1.0047412206666666
0.9982260253333334
1.0055410053333333
0.9988063753333333
1.0032509073333333
0.9938718013333334
0.965399828
0.9355800413333333
0.9781630653333333
0.59352675
1.0007496466666665
0.9350097519999999
1.0004932146666667
0.9669973986666667
0.9223496573333333
0.6338826973333334
1.010140832
0.9993408946666666
0.774447072
1.012844546
0.9990387046666667
0.795084562
0.975286638
0.8481289273333333
1.001286248
1.0020220926666665
1.0028058453333333
0.9129778386666667
1.001286248
0.9921155193333334
0.8446014506666667
0.4702561846666667
0.9989341433333334
0.9428505906666667
0.8804861253333334
0.9902398486666666
1.014255726
1.009487918
1.0013095913333334
0.6131156786666666
0.8362393853333333
1.008385818
0.5841863553333333
0.613242614
0.9533461253333333
0.8177619039999999
1.0075696846666666
1.0135735633333334
1.030153456
0.9984348733333333
1.0345205633333334
0.970274208
1.004964562
0.990513894
0.96633382
0.8799719913333334
0.9761400233333334
0.99748416
0.9176986413333335
1.001683236
0.9979013233333334
0.9988063753333333
1.0003300986666666
1.0346327073333335
1.0031806079999999
0.9912111093333333
1.0322455526666665
1.006530734
1.0137051373333335
0.9781073753333334
1.008480528
1.000574792
0.912386306
0.7788921866666666
0.6027855073333334
0.8252093866666668
1.0312046326666666
1.0033915353333334
1.0016131566666666
1.000283504
1.0063184853333333
1.000831266
1.0391887966666666
1.0022442266666667
0.9797249666666666
0.8553326353333334
1.0016365153333333
0.9953228266666667
1.0358429213333333
1.0003999993333335
1.033437752
1.0030634646666667
1.0000971686666666
1.0016949173333334
0.99828403
0.863987306
0.9927576213333333
1.0213710246666665
1.0072388773333334
0.9688515346666666
0.8263922833333333
0.935325362
0.7406329133333334
0.870404462
0.9963387566666667
1.0009945453333333
0.9997014366666668
1.0010062100000001
1.001987028
0.644565766
0.9948156380000001
0.9990154673333334
0.9993641473333333
1.0323696119999999
1.0020454706666666
0.9975304939999999
1.0023611786666666
1.0000389533333334
0.8729253480000001
0.6177720186666666
0.993963804
0.9247725293333333
1.0000971686666666
0.7966995233333334
1.0069082866666665
1.0078061093333335
0.9686876486666667
1.012247772
1.1759140566666666
0.9991200453333332
0.9887239253333334
0.929606358
0.8345332886666667
0.8479782220000001
0.8049567146666666
0.7674380946666667
0.8304749493333333
1.0022793093333333
1.03578047
1.011068232
1.0095947006666668
0.8136642253333333
0.726243424
0.973518132
1.0399058860000001
0.907537648
1.0025132573333333
1.0122716293333334
0.8545072960000001
1.0022325326666668
0.9952190413333333
0.9402498513333333
0.8094090599999999
0.9710639493333333
0.5616465453333334
1.101330144
1.0089898973333333
0.4594702726666667
1.000236914
1.038171474
0.8795485080000001
0.9955189246666667
0.9347757273333334
1.000574792
1.0250518606666665
1.0070735546666667
0.9296164186666667
1.0102952806666667
1.0102358713333333
1.004858756
1.0008545886666667
0.9935614173333334
1.0132268506666666
1.0023143946666668
0.6594604966666666
1.015851014
1.0075696846666666
0.9034428473333334
1.0009478886666667
1.0010178753333332
1.008492368
1.0007263293333333
0.9971946679999999
1.0128684313333334
1.0035908253333334
1.0093574366666667
0.6101889253333332
1.0110801326666667
1.0296348413333334
0.8515171386666666
1.0086107826666666
1.0043418053333333
0.596072042
0.9027782019999999
0.998365248
0.8805854133333334
0.6229329993333333
0.9898404713333333
1.0081846193333335
0.9985277233333333
1.0080899653333333
0.9680872066666667
0.9974146666666667
0.9972757093333333
0.9972641306666666
0.7878072006666667
1.03305247
0.9920582293333333
1.0344956453333332
1.0000855253333334
0.9972525533333334
0.9991897766666666
0.6237336146666667
0.98284129
1.0057058246666668
0.9936878466666667
1.0029580586666667
1.0381589266666666
0.99955021
1.0339477593333333
1.0188391306666666
1.003461864
0.9956804746666666
1.0018117406666667
0.9990503239999999
1.0037432773333332
1.0010062100000001
0.9973336033333333
1.0033563746666667
1.0070735546666667
1.0001553913333334
0.9967665286666667
0.9330698766666666
0.9937683186666666
0.9355392833333334
0.6891077306666666
0.8647701233333334
0.99945717
0.7440909366666666
0.8709251333333333
0.6035521026666667
0.7788286286666667
0.998063648
1.0008196053333334
0.8129634673333334
0.7061303593333333
1.0299928766666666
1.0085752553333334
1.0062241813333332
1.005211528
0.6984652020000001
0.9694638666666666
1.0039192406666666
0.99410184
1.0082319526666668
0.999061944
0.8968962966666666
0.9991432880000001
1.0370184093333334
1.0091084293333332
0.9991084246666666
1.00320404
1.003708092
1.0032743426666666
0.7511901593333333
1.0073688113333332
1.00431832
0.9986322
0.9983536446666667
0.9994455413333333
1.0026419746666666
1.0064128073333334
1.0373690706666667
0.8404366186666666
0.6959469966666667
0.5795316886666667
0.9969747666666667
1.0016131566666666
1.0048470013333335
1.0035673753333334
1.0049292906666667
1.003930974
1.005352706
1.001916906
0.8080309473333334
1.004506232
0.9976115893333334
1.008018986
1.0136333653333334
0.9957266413333333
1.0106162093333333
1.0031103186666666
0.968491058
1.034657632
0.999689802
1.0054821539999999
0.9686221093333334
1.000190328
0.876202068
1.03636781
1.002127302
1.0025249573333335
1.0348570693333332
0.8241247413333334
1.0311551173333333
1.0012629053333333
0.9189651233333334
0.7755798466666667
0.9974030853333333
1.004905778
1.0001670366666666
1.0378829673333334
0.8698227526666666
1.0097845926666666
1.0009012366666665
1.0006680406666666
0.9466535806666667
0.9997363413333334
0.9946889219999999
1.0082437866666667
1.0364303320000001
0.8274908813333333
0.5662672613333334
0.7590427146666666
0.9725481853333334
0.9170422326666666
0.8906932313333333
1.0015314093333334
0.9972178213333334
0.9666383000000001
1.0024196646666665
0.8677315153333334
0.6038618339999999
0.99915491
0.890204012
0.9957266413333333
1.0339975433333335
1.002010404
0.9117665046666666
1.0106399893333333
0.8249082499999999
1.009440466
0.853607198
1.008978046
0.9665186600000001
1.001566442
0.9957266413333333
1.0014496753333333
1.0009712166666667
1.0238667166666668
1.009120284
1.0110444313333333
1.0043887786666665
1.006530734
0.998736698
0.9966740066666666
0.8443108926666667
1.0301287479999999
0.99945717
1.0034735860000001
0.9969516253333333
1.02910442
1.035056584
1.0049763193333334
0.872349124
1.0330897426666668
0.9880074753333333
0.795526366
1.0037432773333332
0.886071814
1.037895508
0.94314045
0.9985393306666667
1.002653678
1.0104973226666667
1.0014263253333333
1.0016715553333333
1.0027239033333333
1.0006563833333333
1.0034149766666667
1.002209146
1.0064481826666667
0.999922542
0.9476248073333333
1.005211528
0.9236588126666667
0.9403630759999999
0.9710968833333333
0.5751007333333333
0.99410184
0.9991897766666666
1.0024079673333335
0.850311776
0.8488329293333333
1.015971164
1.0039896433333333
1.0009945453333333
0.8854415999999999
0.8440537086666666
0.9470919526666667
1.0040717926666667
1.0172464966666666
1.000609758
1.0147709473333333
0.9061590373333334
1.012796778
0.7922832126666667
0.9983536446666667
0.962048046
0.7549135306666667
0.48248572399999995
0.3773721953333334
0.9240065606666668
0.9622204713333334
1.0021740686666667
1.0081846193333335
0.5339906993333333
0.5479078306666667
1.0109730353333333
0.526728104
0.4029446893333333
0.583991746
0.9953689606666667
1.0213831693333333
1.0056469546666666
1.0044357566666666
1.0043418053333333
0.9469875413333333
1.0294867619999999
0.7837460053333333
0.9025695153333333
1.0055880913333333
0.9299888046666667
1.0280821266666667
1.0122358433333334
1.007061748
0.972394054
0.999061944
1.0410527673333332
0.9991432880000001
1.0025951646666666
1.0070381353333333
1.0010062100000001
0.9990503239999999
0.9981912253333334
0.9324722746666666
1.0094760546666666
1.006094542
1.0083739806666667
1.0023143946666668
1.0005398286666667
0.9982144253333333
1.004095266
1.0344458133333332
0.9936533626666666
0.9402807280000001
1.0104141193333334
0.9304925033333334
1.0043418053333333
0.8904808626666666
1.0044240119999999
0.9999109026666667
0.5341268353333333
1.0090728666666666
1.0089424926666668
1.006012062
0.9934005539999999
0.9361306226666667
1.0022676146666667
0.7665477953333334
0.924752618
1.0126176886666667
0.996916914
1.001788374
1.0062831193333333
0.9064172073333334
1.0107945906666667
1.0038840433333334
0.9966855706666667
1.0068256726666667
0.9308857666666667
1.0015080553333333
0.612936308
1.03515637
1.0035087553333333
1.011330114
1.0365804159999998
1.0014613506666665
1.032171132
1.0017766906666667
1.0091558493333335
1.0037901946666665
0.9985277233333333
0.9427057280000001
1.0123193473333334
0.9625115793333333
1.0376322226666665
1.038686166
1.0367555693333335
0.588166372
0.6231905999999999
0.709290588
0.879719654
1.0067312733333333
0.9996665339999999
1.0088950920000002
0.526302108
0.8598705273333334
1.0333631586666667
0.6488160033333333
0.9934465100000001
0.902133482
0.9071447
0.8222236186666667
0.9380832586666668
0.5644143313333333
0.9712615859999999
0.6283509566666666
1.003708092
0.7909991706666666
1.005505694
1.0041187406666667
0.8308203413333334
0.9720199373333334
1.2022301739999999
0.907192602
1.0257373173333333
0.977762238
0.9666709346666666
1.0057882553333335
0.9318855466666667
1.0043300626666667
0.6128401033333334
1.000877912
1.00320404
1.0090847206666667
1.0026068666666668
0.6445028953333333
1.001928592
1.0045767173333333
0.9995385786666667
0.9910167046666667
0.989578198
1.0101170746666666
0.7591768826666666
0.4334126126666667
1.001624836
0.8447177293333332
1.007168018
1.0329655106666666
1.002536658
0.7711585053333333
1.014327586
0.9978781386666666
1.0056234086666667
1.036092802
1.000201974
0.8353204766666666
1.0074396986666667
1.0000273106666666
1.0337611126666668
1.031650484
0.999259518
1.0077588153333332
1.005682276
1.001683236
1.0038136553333334
0.79661825
0.6772366793333333
1.0032274726666666
1.0030868913333333
1.0009945453333333
1.0374567733333333
0.9998410706666667
1.00031845
0.998063648
1.0041891713333333
0.866777118
1.004600214
0.8235637466666667
1.0067194746666668
0.9068861146666667
1.004095266
1.0031220326666666
0.6558754053333333
1.0375444906666667
1.011389652
1.0040013779999999
1.0323696119999999
1.0000040273333335
1.003825386
1.0155507653333333
1.006247756
1.0025717613333334
0.9570637853333333
1.008267456
0.816813224
1.0367931093333334
0.9900800593333333
1.000609758
1.0107826966666666
1.0045532206666667
0.9985509386666666
0.8364429573333334
0.6008754093333334
1.0284883373333333
0.958184744
0.6588383640000001
0.9698469673333334
0.9997130713333333
0.6140184986666667
0.586275626
0.9223298499999999
0.9071063819999999
1.0014613506666665
0.8745784473333333
1.002665382
0.9082669406666667
1.00648356
1.0014263253333333
1.0288702213333332
0.8268297806666666
0.3252654246666667
1.0020805393333334
0.994758036
1.0065543226666667
1.003930974
1.00086625
1.003051752
0.9968937753333333
0.7656322613333334
0.9709432113333334
1.0270373026666666
1.0059884986666665
0.86698708
1.000609758
1.002747314
1.003497032
0.8440620026666668
0.5934939433333333
0.9999807446666668
0.9985509386666666
1.0040131133333332
1.0031806079999999
0.9758517
0.9921155193333334
0.912037564
0.8664711046666667
0.8597930666666667
0.9837868166666667
1.0083976559999999
1.0104260046666667
1.0086818446666665
1.000341748
1.008978046
0.9997596126666667
0.9999923853333333
0.8551112540000001
1.002782432
1.0063774346666667
0.8085176993333333
1.0055998633333334
1.0039779093333334
0.9016884053333333
0.8715702173333334
0.9942284073333334
1.0071325919999998
0.8043311166666667
0.767932074
1.003755006
1.0025834626666665
1.0092388460000001
1.0046119633333332
1.008267456
1.001227894
1.0118662053333334
0.999480428
0.9633319419999999
1.0084568486666667
1.0370434486666666
0.941383328
0.998179626
1.002747314
0.9985857633333334
0.9184541833333333
0.92963654
0.9815161159999999
1.0089898973333333
1.0051056706666666
0.9904339486666666
1.0041187406666667
0.9354475906666666
0.9830212506666667
1.000574792
0.935284626
1.005211528
0.998365248
0.8310695233333333
0.7551723626666667
0.6004679766666666
0.7872151793333334
1.0325061113333334
0.9233014020000001
1.0037432773333332
0.9956458526666667
0.9110605706666667
0.8646482586666666
1.0348944726666667
1.0062713313333334
1.005611636
1.0373314886666667
1.0002951526666668
0.6448851426666666
0.6338406006666667
1.0032860606666667
1.0070499413333334
0.9701098399999999
1.0026887893333332
1.0010645386666668
0.969781272
0.6127832693333333
0.9708005593333334
0.65495525
1.00534094
0.9177966933333334
0.9963040886666666
1.0064010159999999
0.9070489106666667
0.9592761926666667
1.001765008
1.0173549273333333
1.0015080553333333
1.039754838
0.994378028
1.0013212633333333
0.9937453253333333
0.850463312
0.9986902513333333
0.9931593566666667
0.505971844
0.5935226486666666
0.8549410386666667
0.9989806126666667
1.0029463486666668
0.5750545326666667
1.0102477526666667
1.007404254
0.94089869
0.8598963506666667
0.9977274626666667
1.0323323906666666
0.9997828853333334
0.8699372700000001
1.0031688926666666
1.0101764693333333
1.0004699093333334
0.8761037660000001
0.9874396026666666
1.0073451846666668
0.6394270120000001
1.0061652506666665
1.00190522
0.7405052193333332
0.9989109106666666
1.0382593119999999
0.9159177473333333
1.002770726
1.012701256
0.9930675026666667
1.0321587293333334
0.9998061586666666
0.9352438940000001
0.999492058
0.7998374793333334
0.6924072086666667
0.9087762206666666
0.5580923746666666
0.9671171573333333
0.9545432373333333
1.0021740686666667
1.0031806079999999
0.8228537233333333
0.5665324253333334
1.0088950920000002
0.9349283386666666
0.7641882633333333
0.87525571
1.0005281746666665
0.998318836
1.0103309293333333
1.0100220573333332
1.0029697693333333
1.0009362253333334
0.984294098
1.0143395633333332
0.9583023293333334
0.9935499253333334
1.0091677053333332
1.0048470013333335
1.008196452
0.9984696900000001
0.9962232059999999
0.8308926693333333
1.0056234086666667
1.0041891713333333
1.0237934986666668
0.8678630193333333
1.0047999853333334
0.995992184
1.002770726
1.0079361900000001
0.9816619346666666
1.005505694
1.0367055193333334
1.0044005226666666
0.654326632
1.0005864473333332
1.00534094
1.007782462
1.0014263253333333
0.940095498
0.4383626133333333
0.9666818133333333
1.0002485606666667
1.0027356086666668
0.7027221153333333
1.0010062100000001
1.053010676
0.971525226
1.0026185693333334
0.6797555226666667
1.0004699093333334
0.868170016
0.902010332
1.0058706986666666
0.9993990286666667
1.0011345413333332
0.7943786960000001
1.007676062
1.0016131566666666
1.0009712166666667
1.0122239153333332
1.037895508
1.0012745766666666
1.035468326
0.998365248
1.038171474
0.9712945333333334
1.003907508
1.0073688113333332
0.9952421033333333
1.058708168
1.0138247793333333
1.0054468466666666
1.014112036
0.8778676126666666
1.0093692973333332
1.0347448766666667
1.033723792
0.908747378
0.8219718473333334
1.0027239033333333
0.7521570693333333
0.9695185766666666
1.01004581
0.9709871126666667
0.75157794
0.9126286446666666
1.002536658
1.0363052953333332
0.8337637673333333
1.0043887786666665
1.0096421666666666
1.0333507273333333
1.007309746
0.846098912
0.8224440460000001
1.0061063259999998
1.0018234246666666
0.96989077
0.8549665666666666
1.006094542
0.98927049
0.9627057493333333
1.0045649686666667
1.0083739806666667
1.010687554
1.01140156
0.9953804946666668
0.999027086
0.9712066786666665
1.0052350553333333
1.0000855253333334
1.0020454706666666
0.9973104446666666
1.0354558440000001
0.998841218
1.0055880913333333
0.9706360133333333
0.99595754
0.992505268
1.0049763193333334
0.9967087
0.999794522
0.9957150993333334
1.000201974
0.986328464
0.9070872240000001
1.0028175526666667
1.03636781
0.6445851133333333
1.0084450093333333
1.0038840433333334
0.6475296886666667
1.0028878006666666
0.831141894
0.6124905233333333
0.9996665339999999
0.8653799633333333
1.0362802913333333
1.03205952
0.6125866179999999
1.00509391
1.0043418053333333
0.841465728
0.6558954373333333
0.99778541
1.0025015573333333
0.9186801053333333
1.0085278893333334
0.996246314
1.0044709933333333
0.9979013233333334
0.9907766633333334
0.9068286713333333
0.999526948
1.0074160686666667
1.0000622386666667
0.841284422
1.0181507906666667
1.0359803406666666
0.9971020666666667
1.0006563833333333
1.0001204566666666
1.0070853613333333
1.0013212633333333
0.9951959813333333
0.9654323786666668
1.0356805633333332
1.0296842106666666
0.7831529293333334
0.999934182
1.005682276
0.942478176
1.001356282
1.0020337813333333
0.5755014466666667
1.0122239153333332
0.9989225266666667
0.5934201426666667
0.953356706
0.786336012
0.9731541753333333
0.403162176
1.0073924393333333
1.0033446546666667
1.0318239753333334
0.8986509246666666
1.0079716726666668
1.0078061093333335
0.9484618673333333
0.932138356
1.03583043
0.668430584
1.0014380006666668
1.00813729
0.9994455413333333
0.9987250860000001
1.005847142
0.996916914
0.7991826313333332
0.9931249093333333
0.7823896853333334
0.94089869
0.9274183880000001
0.8176451440000001
0.5662821933333333
0.485411252
0.9533038046666668
0.9594154773333333
0.9399411946666667
1.0031571773333334
1.00320404
1.0033329353333333
0.9961192326666666
0.9993641473333333
0.9906281246666667
1.0030634646666667
0.9966740066666666
0.9990735633333334
0.9964774533333333
0.623321742
1.0049410473333333
1.00041165
0.9949884853333333
1.0375570226666666
1.006342064
1.006566118
1.0020922293333334
0.9691794733333333
0.999724706
0.91921097
0.9980056686666667
0.936304088
1.0103309293333333
0.6133345653333333
1.0059178153333335
1.0014029766666666
1.0025015573333333
1.0003068006666667
0.7916479666666667
0.9992362693333333
1.0326426466666667
1.03583043
1.0366554746666667
1.0024898573333334
0.901972446
0.7636311953333333
0.8653015073333332
1.0114849266666668
0.9370394773333334
1.003755006
0.5417295486666667
0.9991432880000001
0.9661707840000001
0.5494217653333333
0.99814483
1.0116993606666667
0.9412492293333333
1.0055527766666668
1.0011812153333333
0.8912477139999999
1.00086625
1.0015430866666668
0.8222551013333333
1.0027121986666665
1.0376322226666665
0.942044064
0.9981680273333333
1.0042126506666667
0.9708773666666666
0.8679770213333333
0.99945717
0.9986322
1.0025249573333335
0.9954843133333334
1.0009128993333334
1.002337786
0.9930101026666667
0.9949308633333334
0.9778624140000001
1.0001553913333334
0.9995618406666668
1.0012512346666667
1.000341748
0.9710749273333332
0.9982492260000001
1.0028175526666667
1.0051174313333333
0.667687606
0.920540818
1.0392893813333333
1.0138367453333335
1.0134539806666667
1.0024313626666668
0.9977158746666668
1.0088950920000002
0.899309504
1.0106399893333333
1.0043300626666667
1.035331042
0.9960152813333334
0.63382657
1.0038957753333333
0.99320529
1.0355931606666666
1.0360678079999999
1.0066722833333333
1.031501824
1.0361802886666667
0.9958305326666667
1.0366054340000002
1.0032274726666666
0.9983420413333334
1.03515637
0.8974304033333332
0.9965930633333334
0.807833372
1.002630272
0.9979940740000001
1.0025132573333333
1.0055292346666667
0.6064881733333334
1.0037667353333333
0.9979361026666667
1.0334253186666666
1.0311674960000001
1.0017299613333333
0.9653781293333333
1.0029814806666666
0.998597372
1.0111515433333333
0.870730912
1.0052350553333333
1.00021362
0.8805041760000001
0.7091676166666666
1.0045179786666667
1.0030986046666668
0.998736698
0.8963534719999999
0.994769556
1.0024898573333334
1.0307344299999999
0.8497061706666666
0.850311776
1.00859894
1.01140156
1.0062241813333332
0.8698051373333333
0.6231544326666666
1.009345576
0.7918669020000001
1.0018818486666667
0.9772394299999999
1.0085634133333332
1.0030283266666666
1.0244528366666668
0.9304118746666666
0.7481543866666666
0.72385056
0.8856333093333333
0.7523612933333333
1.0003300986666666
0.854235368
0.9346129966666668
0.7369412493333333
1.0060709753333335
1.0404223000000001
1.0012629053333333
1.007215256
1.0014847026666667
1.003708092
1.0040835293333332
0.9727133806666667
1.0087410713333334
0.8999784793333333
0.8558098466666667
0.850269692
1.0341095746666666
1.0108302746666666
0.5018921646666666
1.0068728786666667
1.0041891713333333
1.002010404
1.0096303
0.43449999733333333
0.9986902513333333
1.011068232
0.8216416306666666
1.008196452
1.009891438
0.996246314
0.6679575886666667
1.001356282
1.0101764693333333
0.9700988846666667
1.0073688113333332
0.986770352
0.999515318
0.9998759853333332
0.9315621506666666
0.9952190413333333
1.0020220926666665
1.0092862793333333
1.0351937953333332
0.9674657153333333
0.8694001793333334
1.0399688360000001
1.0380836506666666
0.9984812959999999
0.5342995953333334
0.99603838
1.0140402066666667
1.012211988
1.0096777693333334
1.0090373066666667
0.8266467713333333
0.8401817886666666
1.005493924
1.0716788419999999
0.973518132
0.9984232686666666
0.7754608199999999
1.0020220926666665
0.9972525533333334
0.8477940993333334
0.8962786513333334
1.0009945453333333
0.9708334753333333
1.0003533980000001
1.0000389533333334
0.9227063313333334
1.001216224
1.0014380006666668
1.004600214
0.9710419953333334
0.6677187466666666
0.9973799233333334
0.87609483
0.9978201806666666
1.00323919
1.00245476
1.0354932906666667
0.90114922
0.9957266413333333
1.0296348413333334
1.004095266
1.0035087553333333
0.9686439546666668
1.0364178273333333
0.9875304186666667
1.0018234246666666
0.9997014366666668
1.012916206
1.00320404
0.9735733006666666
1.037168664
1.0393774086666667
1.00517624
0.8953164473333333
1.0013212633333333
1.008054474
0.8990835966666667
0.9704715233333333
0.99777382
0.9988063753333333
0.965910042
1.0109611373333334
1.0374567733333333
0.9971252153333333
0.941104858
0.998017264
1.0023026993333333
0.9730659846666667
1.0038488479999998
0.806513618
1.0315389853333332
0.9282903326666666
0.6444690473333333
0.822105582
0.987428252
0.636513052
1.0038488479999998
0.9415587453333333
1.0044592473333334
0.9985741546666667
0.9647492746666667
0.913366146
1.0025132573333333
1.0372939093333333
0.995703558
0.899808786
1.00232609
1.0011695466666666
1.01350181
1.0044592473333334
1.0009945453333333
0.9118245753333334
0.8749258593333334
0.7498655286666667
1.0055410053333333
0.9946543686666667
1.0177285866666665
0.8335453206666666
0.8970929986666667
0.9979708846666667
0.9978897306666666
1.080033016
0.9607890600000001
0.9971830920000001
1.0063184853333333
0.829672822
1.0346327073333335
1.0063892253333333
0.9967665286666667
0.9344808200000001
0.9688515346666666
0.9944010499999999
0.9358960366666667
0.8755054926666667
0.9692341513333335
0.9991432880000001
0.8179721553333333
1.000201974
0.946622284
0.5751546426666666
1.0014146506666666
0.676809798
0.996986338
1.00746333
1.00232609
1.0007146706666668
1.0374943646666668
1.0369558166666668
1.033263718
0.996916914
1.0091321386666667
0.7876121686666667
0.9903768526666666
1.0047764786666666
0.9993990286666667
1.000877912
1.03600533
1.0068610766666668
0.99265437
0.9988528326666666
1.0014029766666666
1.00282926
1.0008196053333334
0.9003369313333333
1.0014380006666668
1.00404832
1.008385818
0.9977274626666667
1.0505509126666668
1.0125341353333333
0.9826164326666667
0.9239270526666666
0.5841664913333333
1.0038840433333334
0.9966161886666667
1.002700494
1.0302522986666667
0.9684473826666667
1.0009128993333334
1.000283504
0.9353355466666667
0.999689802
1.0378578873333333
1.0002252666666667
0.870554422
1.0260068553333335
0.822089846
1.0103903493333335
0.9251111533333333
1.0131670959999999
0.9189159693333333
1.0007846246666667
1.0361052993333333
0.8497902306666667
0.7788427513333332
0.895456446
0.8866388586666667
0.9688733906666667
0.692557936
1.0315389853333332
0.9976926979999999
0.5753780906666667
1.0045649686666667
0.845307924
0.9955189246666667
1.0064481826666667
0.9693107113333334
1.000178682
0.9910853093333334
1.0069791093333333
0.9964774533333333
1.0029697693333333
1.0334874866666668
0.8312223213333333
1.0063774346666667
1.006625096
0.9986089806666667
1.00323919
1.0052232913333334
1.0028058453333333
0.9314106360000001
0.989658006
1.0146750526666666
0.9940443206666667
1.0103784646666667
0.7914145693333333
0.9948041173333333
1.0081136266666668
1.0008545886666667
0.9711407986666667
0.968491058
1.0058589199999999
0.9711517780000001
0.800553084
0.9777177220000001
0.6925411853333333
0.6953779753333333
0.5016195946666667
0.5137305613333333
0.48549081266666666
0.3766441406666667
1.0058589199999999
1.0357430026666665
0.9489857806666667
1.0026068666666668
0.566345664
0.9843279353333334
1.0026068666666668
1.0027941386666666
0.8426626566666667
0.6145368466666666
0.7993536813333334
1.0054703846666666
1.008066304
1.0064128073333334
1.0013095913333334
0.9973336033333333
0.6992726039999999
0.971536214
0.8016139339999999
1.2486640486666667
1.002536658
0.989350248
1.0096777693333334
1.0073215586666666
0.593194754
1.0333507273333333
0.9294957086666666
0.4918286313333333
1.0081727866666668
0.8821770726666667
1.0052585833333332
0.924653074
0.991474248
1.0034266980000002
0.49836880666666666
1.0004699093333334
0.8802244733333333
0.8607407626666667
1.0104616626666667
1.0010295406666667
0.8309087433333334
0.8853320886666667
0.78630722
0.8799900213333334
1.0384475866666667
0.9285713073333333
0.9780405553333333
0.7480110586666666
0.9981680273333333
0.6033359033333333
0.9997479766666667
0.8134715893333334
0.9679672073333333
0.39649633933333334
0.9968012293333333
1.030821014
0.9978897306666666
0.5865078
1.0006563833333333
1.0041187406666667
0.9744457973333333
1.0038957753333333
1.0000971686666666
0.99874831
0.997797
0.9700550633333334
0.8741601373333333
1.004060056
1.0069436966666667
0.9996549
0.9229145186666666
0.8267581586666667
0.5175407646666667
0.8906285866666667
0.59321114
0.884411444
1.0000505960000001
0.64186378
0.9851633266666666
0.9840234826666666
0.99549585
1.0030166146666668
0.9124541479999999
1.0024079673333335
0.7927804373333334
1.001683236
1.0000622386666667
0.9992827666666667
0.8709692866666666
0.7194973186666667
1.0039544406666667
0.9908909539999999
0.5068705133333333
0.9017168013333333
1.0062006079999999
1.0023728753333334
0.6040741626666667
0.7369791853333333
1.0072270666666667
0.8846027073333333
1.0300052273333333
0.5748428766666667
0.9651069706666667
1.0067312733333333
0.9983536446666667
1.000178682
0.566790358
0.9999458219999999
1.025088558
0.9953574266666666
1.0382216653333334
1.0041187406666667
1.0288948686666666
1.0277746046666667
0.6391463046666667
0.9968706373333333
1.0034853086666666
1.0116397866666667
1.006365644
0.998829604
0.9974957433333334
0.6130062940000001
0.9982956313333334
1.0002951526666668
0.9811685693333334
1.0109135473333335
1.003192324
0.9603164473333333
0.8032705793333333
0.8174428393333333
1.00869369
1.0022325326666668
1.0034032560000001
1.00871738
0.9583985573333332
0.9984464786666667
1.0062006079999999
0.9992943919999999
1.0004349526666667
1.002630272
1.01004581
1.0014963786666666
1.0017065980000002
0.9990038486666667
1.0002602086666668
1.006566118
1.0045884653333332
1.0080781346666665
0.9521625659999999
1.00086625
1.0010295406666667
0.9188373346666667
1.005800032
1.0082319526666668
1.0789206433333334
1.0080781346666665
1.0108659613333333
0.9824253846666667
0.9074034320000001
0.9746005799999999
1.0036846366666667
0.8173806119999999
0.817147344
0.993274198
1.005023352
0.5916462626666666
0.6799492286666667
0.9006578933333333
0.9834601793333333
1.00869369
1.0383973733333334
0.9834038846666667
1.0006796973333334
0.999689802
0.997426248
0.9973567626666666
1.000737988
0.999480428
0.9814824713333334
1.0370058906666666
1.0054350786666668
1.0011345413333332
1.0034501413333334
1.005764702
0.8354585906666666
0.9951498633333334
0.989133792
0.9728015073333333
0.6448803013333334
0.922765804
1.002864384
0.957415804
1.024110852
0.9954727766666667
0.9901371206666666
1.0038019246666665
1.0064363906666667
1.005764702
0.9974030853333333
0.8268377393333334
1.0048352466666668
0.9777733679999999
1.0105686513333334
1.0068610766666668
1.015238694
1.0051174313333333
1.00320404
0.8650139566666667
0.8297369346666666
0.9061399193333334
1.0303758793333333
0.7861992686666668
1.000341748
1.0118304486666665
0.975774104
0.8851222686666667
1.0038488479999998
0.999724706
1.0064717673333332
0.8559548193333333
1.0064128073333334
0.582072478
0.976217678
1.00404832
0.9980404553333333
0.9654540806666667
1.0058706986666666
0.8170696173333334
0.5398536033333333
0.938965118
0.7263232540000001
1.0061888220000001
0.656130906
0.9282000553333334
0.8901578866666667
0.8867303853333333
0.9996083686666666
1.0313408246666667
1.0078179333333332
1.0025834626666665
0.9386162779999999
0.8752824659999999
0.8497734173333333
0.898838992
1.0016598753333332
0.6558804126666666
0.9342368993333333
1.0041891713333333
1.001157878
1.1327585439999999
0.48873369733333333
0.960531214
1.0665956333333333
1.0010645386666668
0.9939178006666666
1.024269602
0.845382796
1.0084331706666667
0.9904453686666668
0.6330278413333333
1.0009595526666666
1.0152626926666666
0.9987715353333333
1.0075815033333333
1.0157068726666667
0.9991897766666666
0.999178154
1.0026068666666668
0.7465483473333334
0.8264558906666666
1.0299681766666666
1.0022676146666667
1.0008429273333332
0.18495331133333331
1.0072743106666666
1.0107589093333333
0.8692154326666667
1.0014496753333333
1.0098320766666666
0.6561158706666667
1.013250754
1.00648356
1.0078415826666667
1.001519732
0.9882575459999999
0.9975768326666666
0.901915624
1.0009828806666665
0.9999458219999999
1.007475146
0.9975420786666667
0.8443108926666667
0.8225543033333333
1.0000389533333334
1.0030868913333333
1.0065425286666667
1.0339850973333333
0.8004635633333333
0.9959344453333333
1.0024664586666667
1.0329779326666666
1.038987686
1.0038019246666665
0.9953574266666666
1.0102952806666667
0.9988876786666666
0.8378707380000001
1.00509391
0.986079368
1.0031806079999999
1.0017065980000002
1.0083976559999999
0.9532297526666667
1.009654034
1.009808334
1.003907508
1.010402234
0.9942053926666667
1.0037315486666667
0.9941133453333334
1.0102239906666668
0.931774354
1.0047529726666666
1.0027356086666668
1.0039779093333334
1.0119734919999999
0.6029547526666666
0.9985161159999999
1.0387238460000001
0.7634004539999999
0.9240662013333334
1.00275902
1.0363177973333333
1.0057411506666667
1.0373815986666666
0.9097964953333334
0.8268536573333334
0.6894949226666666
1.034570402
0.7969138686666667
1.0131431966666666
0.6128444753333333
1.0040365839999998
1.0004582566666667
0.9976115893333334
0.9976231760000001
1.0009712166666667
0.9130457686666666
1.0087292253333333
0.9301398566666667
1.008930642
0.9305529833333334
0.9982028253333333
1.0280944313333333
0.969781272
0.9964890133333333
0.9989225266666667
0.8480117073333333
0.9964890133333333
0.997739052
0.6448609366666667
1.004894022
1.0124983313333333
1.0079361900000001
0.5619037226666667
0.8502191973333333
0.6419981013333333
0.05484525133333333
0.935121718
0.7954306
1.007711526
0.935559662
0.9901599473333333
1.0111872526666665
1.0030868913333333
0.9595012113333334
1.001227894
1.001239564
1.0032977786666668
0.9960037326666668
1.0028058453333333
1.0365428906666667
0.9669865126666667
0.9662251233333333
1.0372563326666666
0.7668215133333333
0.8963721793333334
1.0050351113333333
1.001624836
1.0053880066666667
1.0064717673333332
1.0007846246666667
1.0075342306666666
1.004694214
0.602992846
1.0332512893333332
0.7583391093333333
0.641245668
0.6232991273333334
1.0006913553333334
0.702159184
1.019661526
1.0043652913333334
1.0075342306666666
0.9944586113333334
0.9962809779999999
1.0331891500000001
1.0062595433333332
1.0308457553333332
0.936253062
0.8704397420000001
0.38224205533333333
0.7326170226666666
1.00190522
1.0071089766666668
0.9692560246666667
1.0021974533333333
1.0335620973333333
1.003708092
1.0071325919999998
1.029462086
0.8657811839999999
1.0372939093333333
1.0058118086666668
1.0153226946666667
0.6132163473333333
1.0042478713333334
1.00171828
0.6446528373333333
1.0013446086666666
0.443566664
1.000283504
1.0032274726666666
1.0055527766666668
1.0019987160000001
0.9967318306666666
0.7961899926666667
0.9686985726666667
0.49147969066666664
0.90589146
1.0364303320000001
1.0126415633333332
1.0033563746666667
0.9955189246666667
0.9998527086666666
1.0037784646666668
1.036242788
0.9091513386666668
1.0000855253333334
1.002770726
0.999178154
1.0050115933333332
1.004647212
0.984294098
0.9533038046666668
1.0114968373333333
1.001087872
0.9977042859999999
1.0165362466666668
1.0591911853333333
1.0035908253333334
0.9067999526666667
0.999259518
0.9240463200000001
0.9923218186666667
1.0007496466666665
1.0100220573333332
0.923946928
0.8246231653333332
1.0001204566666666
0.8903331873333333
1.0034149766666667
0.9093727073333333
0.6434504333333333
0.865118498
0.747874296
0.46727091000000004
1.001227894
0.8697875226666667
1.011163446
1.0326178193333333
1.014004296
0.6033486166666666
1.0022325326666668
1.0037901946666665
1.0007729653333335
1.0000505960000001
1.006023844
1.0044827393333333
0.9682181486666667
1.001087872
1.0012979193333333
1.008196452
1.0039896433333333
1.0083621433333332
1.0109373413333334
0.99140559
1.037845348
1.0009012366666665
0.9912683013333333
0.9968475
1.0326674753333334
1.0072979340000001
1.0011695466666666
1.0063066966666667
1.0047059653333335
1.0072506879999998
0.8357105626666667
1.0031806079999999
0.9418581380000001
0.9745010713333333
0.617980906
0.966605668
1.0011345413333332
1.0001321013333333
1.0013679553333332
0.97767321
1.0071562093333333
0.82146091
0.9233311753333334
0.8794584573333333
0.991382706
1.0048470013333335
1.031477052
0.8320677466666666
0.9592761926666667
0.971613138
0.9368146526666666
0.783067258
0.9691248013333333
1.018355988
1.0178733033333334
0.9708773666666666
0.946789224
1.0016365153333333
0.8602752693333333
0.9739927873333333
0.974633754
1.0023494819999998
0.6123944586666666
0.8657899099999999
0.8760322873333333
1.0007496466666665
0.8090202766666666
0.71218978
1.0015314093333334
0.7332298713333333
0.8212881213333333
1.0053997746666667
1.007215256
1.0109492393333332
0.6236385186666666
0.9944931513333333
0.89579262
0.7336494506666666
0.64226211
0.968512898
0.97121766
0.8320919273333334
1.0016014773333333
1.0017766906666667
0.8315602853333334
1.0067430726666666
0.86924182
0.8803417466666666
0.9687969
1.0028878006666666
0.9976811106666668
0.6564718833333333
0.9883485126666666
1.00877661
0.9966161886666667
0.9974494119999999
1.0038957753333333
1.001052872
0.8600341006666666
0.9708115313333333
0.7589957666666666
1.0008196053333334
1.037682362
0.903138888
0.987632606
0.6590001066666668
1.0381338333333334
1.0031571773333334
0.995126806
0.9993176426666667
1.0002602086666668
1.000365048
0.9720859373333333
1.0362927933333335
0.9380115526666667
1.0048470013333335
1.013932482
1.0095828346666667
1.0079007100000001
0.9993176426666667
1.0020922293333334
0.9658883193333333
1.009345576
1.001111206
1.0001553913333334
0.971745036
0.9983420413333334
0.9549358653333334
0.971184718
1.0035790999999998
1.003532202
1.0119138853333334
0.9033668380000001
1.0065779126666667
0.584707276
1.001227894
1.0075696846666666
1.0017299613333333
1.000889574
1.001356282
1.00859894
0.98922492
0.9157517526666668
0.9691904086666667
1.0126415633333332
0.9902398486666666
1.0058589199999999
0.9914628046666667
0.9978433633333335
1.0001088126666666
1.00210392
1.0039427073333334
1.00063307
1.0344084426666666
0.9970557720000001
0.8648658986666666
0.970296128
1.0023494819999998
1.009938932
1.0042478713333334
0.9346231660000001
1.0014847026666667
0.6921896073333333
0.9234701446666667
0.9978781386666666
1.0031220326666666
1.0310313500000001
0.7877277313333334
0.9975420786666667
0.99357291
1.0014263253333333
0.999794522
1.0029580586666667
0.9980868413333333
0.9997014366666668
1.0035790999999998
0.9954612406666666
1.0073569980000001
1.0000040273333335
1.008551572
1.0047647253333334
0.9932627126666667
0.9131137086666666
0.991474248
1.0047059653333335
1.0504609826666667
0.934521486
0.9929297539999999
0.7637262473333334
0.996928484
0.9946428513333334
1.0030634646666667
1.0115802193333334
0.988223438
1.0022559206666666
1.00877661
0.9181989260000001
1.0109849340000001
1.0013329359999998
0.7931977093333333
1.0305118519999998
1.03931453
0.8219325220000001
0.9122312766666667
1.0031571773333334
1.0007496466666665
0.8475598766666667
0.63213807
1.000761306
1.0040835293333332
0.992918276
0.9887694493333333
1.010271516
0.5840671913333333
0.5795825213333333
0.9084494473333332
0.8968120220000001
0.864239392
0.9916001466666666
1.0324688806666666
0.999166532
0.9997479766666667
0.9970789186666666
1.0846561766666667
1.0153106933333333
0.9912225466666668
0.8761037660000001
0.602870118
0.9972525533333334
0.7515384866666667
0.6078572406666667
0.4986668013333333
0.9235892946666666
0.5049932153333333
0.736707398
0.46034934266666666
1.0046824633333333
0.7954747966666668
0.485422224
1.0028409673333334
0.9293549200000001
1.0001670366666666
1.0022442266666667
1.005505694
0.9468935913333333
1.0108064853333334
1.0014380006666668
1.007829758
1.0164279906666667
1.0364678486666667
0.9238873033333332
1.0036025506666666
1.002337786
0.9346841846666666
0.650422482
0.923440362
1.001683236
0.8817876706666666
0.7962268933333333
0.996963196
0.8601805080000001
0.8757018506666666
0.751407004
1.0111753493333333
1.00320404
0.7867753500000001
0.9738934026666667
0.6648144533333333
1.005505694
1.00871738
1.03540592
0.593678526
0.9985393306666667
1.0009945453333333
1.0092032746666668
0.994067328
0.8404448413333333
0.984587432
1.0062241813333332
0.9313702406666666
0.7558235453333333
0.94715461
0.5386619633333333
0.383340604
0.98946421
0.9976579360000001
0.718853056
0.9711517780000001
1.00275902
0.6771779513333334
0.8457740113333333
1.0029697693333333
1.0061298953333333
0.8757197053333333
0.9289026746666667
1.0419493446666668
0.7635361673333333
1.0069791093333333
0.62330365
0.8853503386666667
0.9969516253333333
1.0033094973333334
0.9931478739999999
1.005658728
0.9951844513333333
1.0096065666666667
0.7719416046666667
1.0006563833333333
0.6130587933333334
0.9918291353333334
1.005140954
1.0097252433333332
1.0152986926666667
0.999492058
1.0292153933333335
1.0347947373333333
1.0021389926666668
1.016067304
1.006566118
1.0007496466666665
1.0129639846666667
0.998713474
0.9303816426666667
0.9968243640000001
0.9948732473333333
0.96789086
0.9393758506666666
1.00232609
1.001519732
1.000190328
0.6339341553333334
1.0043300626666667
0.9663881773333333
0.6234438893333334
0.9681744973333333
1.004658962
0.870739738
0.9998759853333332
0.844809114
1.0001321013333333
0.8793684253333333
0.8906932313333333
1.0067312733333333
1.0210553673333334
0.9836628946666667
0.9697922206666667
0.7827104946666666
0.9948962926666667
0.530115256
0.5935964753333334
0.6448028486666666
1.0352936073333334
0.6309262413333333
0.7487804626666666
0.97404801
0.8361742633333333
1.0094760546666666
1.0050468706666666
0.5421945853333333
1.0038957753333333
1.001765008
0.6743021106666667
0.9981680273333333
0.9767504993333334
1.0122954880000001
0.9992827666666667
1.0329903546666666
1.037318962
1.0071798273333334
0.9947925966666666
1.00343842
1.0040013779999999
1.0147229973333334
1.01004581
0.988997132
0.994378028
0.708682006
1.0004699093333334
0.9356513766666666
0.9979592906666667
0.9972178213333334
1.0054703846666666
0.9715472026666666
1.0104260046666667
0.9953228266666667
0.8643437466666666
0.6767884679999999
0.8753984260000001
0.9973799233333334
1.0071798273333334
0.9951152780000001
1.0029229286666668
1.0066958786666667
1.0014613506666665
0.999492058
1.0025249573333335
0.9883030273333334
0.9988876786666666
0.9961538879999999
0.999166532
0.9841474960000001
0.992470866
0.9462260373333333
0.6765272853333333
1.0063302746666667
1.0134300673333334
0.9406205066666666
1.0021974533333333
0.7508880993333333
0.8948314593333333
1.006294908
1.0373064353333332
0.550502736
1.0431640766666666
0.7956958540000001
0.7870492840000001
1.0022793093333333
1.0011228733333335
0.995011536
0.9844520253333333
0.9978781386666666
0.966431668
1.0029814806666666
1.0012979193333333
0.881272016
1.0292523893333334
0.865118498
0.6028870433333333
0.5398332466666667
0.7954747966666668
0.9975536626666667
0.9951037500000001
1.0033563746666667
1.0366679853333334
0.971909958
1.0137290633333333
0.9989225266666667
1.0390128206666667
1.0100220573333332
1.0025717613333334
1.0018234246666666
0.99488477
1.208811386
0.9872239819999999
1.0009595526666666
0.9412595433333333
1.000190328
0.9982608273333333
1.0116517006666665
1.0023728753333334
0.9541191373333333
0.9937453253333333
0.917816306
0.9290634226666666
0.998829604
0.9974957433333334
0.9968127966666666
1.0391887966666666
1.0323075786666667
1.003461864
0.972647296
0.974014876
1.001916906
0.99874831
0.9996549
0.9954035633333332
0.8312947193333333
0.9965930633333334
1.0021974533333333
0.7120244853333334
1.0018701633333333
1.006589708
1.0038723113333334
0.9349181633333332
0.968381876
1.028796286
0.9937453253333333
0.994378028
1.0060709753333335
1.0042478713333334
0.9730880306666666
0.9997130713333333
1.0088595446666666
1.0044357566666666
1.0014380006666668
0.9976579360000001
0.7267534086666666
1.0050115933333332
1.009998306
1.007475146
0.8682753226666667
0.9999807446666668
0.8599996586666666
0.880215454
1.00323919
0.711758994
0.900318058
1.0026185693333334
0.6421948873333333
1.0143515413333333
1.0014263253333333
0.5921764953333333
0.928179996
1.0366054340000002
0.7798468066666666
1.0024430613333335
0.8728721260000001
1.0033915353333334
0.3185964806666667
1.017403126
0.9310774773333332
0.7094370373333333
0.733217354
1.0326426466666667
0.655120088
1.001157878
0.97669497
1.0376698266666666
1.0007263293333333
0.9989225266666667
1.026252012
0.99814483
0.9072405093333333
0.9982028253333333
1.0119734919999999
1.006813872
0.9249019740000001
1.0028175526666667
1.00404832
1.0322083406666667
0.9979824793333334
1.0053880066666667
0.6132907759999999
1.0042243906666666
0.9845987173333333
1.0040248486666665
0.997009482
1.0145432266666667
0.9954612406666666
1.001239564
0.8668645899999999
0.9700112466666666
0.7752788493333334
0.9645542793333334
0.9011303126666667
0.9972409753333333
1.003497032
1.0051174313333333
1.0026068666666668
1.005835364
1.0098202053333334
1.0034735860000001
0.9989225266666667
1.00282926
1.0362302873333333
1.0067312733333333
0.9640779566666666
0.9980752446666667
0.80447424
1.0265340873333333
1.0220150853333332
1.0074987793333332
1.00431832
0.6132382359999999
1.0030868913333333
0.5263085573333334
0.8276343919999999
0.9753087846666667
1.0007263293333333
0.40309596000000003
0.5283999993333334
1.0041422166666667
1.0004582566666667
0.9976811106666668
0.9965468160000001
1.0098202053333334
1.0036025506666666
0.9040894406666666
0.934216578
0.6131857053333333
1.01121106
0.8271641813333334
0.997634762
0.9749545540000001
0.8444021893333333
0.969868868
1.002630272
0.9927920426666667
0.969781272
0.835279864
0.9987831486666667
1.002747314
0.869972512
0.6706589993333334
1.0015430866666668
1.0022208393333334
0.7911011579999999
0.9996083686666666
0.9294755933333333
0.6233895953333333
1.0158990706666666
1.0346950206666667
1.005505694
1.0110563313333334
1.0107589093333333
0.9237680766666667
1.0001088126666666
0.7516042446666666
0.9926314286666668
1.0017416433333333
1.002665382
0.7480827160000001
0.859707016
0.9715911586666666
1.0015080553333333
0.999259518
1.0060356266666666
1.0007962846666667
0.9998759853333332
0.9990968039999999
1.0109730353333333
1.034557942
0.9757851886666667
1.0060827586666665
0.8047832586666667
0.9335363353333334
0.57473903
0.9726252693333333
0.645064326
1.0094641913333333
1.0019636526666666
1.0295484566666668
1.0025717613333334
0.9789433933333334
1.0367305433333334
1.0084568486666667
1.004694214
1.0037784646666668
1.0343337093333334
1.004858756
1.007215256
0.9714593026666667
1.0046119633333332
1.0353560000000002
1.0231837566666666
0.9950922226666666
1.0330152
1.0019402786666667
1.0017416433333333
1.0066958786666667
0.9987831486666667
0.9271180966666668
1.004095266
1.0045884653333332
0.9976463486666667
0.6130631686666667
1.0076878833333334
0.9199788579999999
1.006625096
1.0024196646666665
0.99185204
0.8555541313333334
0.7294751466666667
1.0092862793333333
0.997021054
0.8160992806666666
0.965291342
0.87596082
0.997600004
0.633845278
1.010283398
1.003696364
1.0023143946666668
1.0329655106666666
0.9522047859999999
0.99320529
0.9701317526666666
1.0127251346666666
1.0097964626666667
0.9294454219999999
0.791604194
1.000761306
1.006990914
1.0348820046666667
1.0023494819999998
1.0052938773333333
0.9987599226666666
1.0030283266666666
0.9537907186666666
1.0010645386666668
0.747919878
0.7550064246666668
1.0016481953333334
0.6443288573333333
0.9028351333333333
0.9977274626666667
0.8405270793333334
0.992723202
0.8492441366666666
1.0029229286666668
0.635933444
1.0076642413333334
0.7121779706666667
0.9014329213333334
0.9991316666666666
1.0040835293333332
1.0173067326666665
1.0064599746666667
1.0020922293333334
1.007711526
0.9713494500000001
1.0058118086666668
1.03957867
1.0336491573333333
1.0025951646666666
1.0006913553333334
0.968076296
1.0053880066666667
1.0036025506666666
1.0094641913333333
0.9970557720000001
0.9986322
0.989760634
1.0041774326666666
0.8436806553333333
1.01016459
1.0017065980000002
0.9992478933333333
0.9838656926666666
0.9982724286666667
0.62342579
1.002653678
0.9993525206666667
1.0057175999999999
0.9971136406666666
1.002782432
1.0016014773333333
0.9938028106666668
0.6797447646666667
0.9992130226666667
0.6601649726666667
0.9997828853333334
0.9998992633333333
0.9032243560000001
1.0297953093333334
0.8905824173333333
1.000621414
1.011806612
0.9745010713333333
1.0066132993333334
1.0084450093333333
0.903186368
0.9684473826666667
0.999259518
1.0040365839999998
1.0089898973333333
0.9177868873333334
1.0081846193333335
0.9988760633333333
0.831141894
1.00509391
0.9965468160000001
0.9984232686666666
1.0335496613333333
0.9982376253333334
0.9989806126666667
1.0847246613333332
0.9968012293333333
1.0012745766666666
0.9864304026666667
1.0031688926666666
0.967422132
1.0291167486666666
0.984722876
0.9941363553333334
0.99116536
1.0105686513333334
0.9974725773333333
0.9662468606666667
1.0397170826666666
1.0362927933333335
1.0005165213333334
0.9973567626666666
0.9992943919999999
0.9181694826666666
1.01167553
1.0201459086666667
0.8437220893333334
0.8799088933333334
0.9999923853333333
1.0676959953333334
1.0455638773333333
0.9774840793333333
0.8357512180000001
0.5498965873333334
1.0044475019999999
0.9965352553333334
1.0039896433333333
0.8913679426666666
1.0048234926666668
1.0022442266666667
0.9985625459999999
0.644677028
1.0049175346666666
1.0037432773333332
0.9957150993333334
0.901177582
1.0299311286666666
1.0035439266666668
0.6683525713333334
0.8175673226666667
0.9343791706666666
0.8480786866666667
0.994723478
0.5474643473333333
1.00275902
0.9038801473333333
1.0016365153333333
0.9997363413333334
1.0020337813333333
1.0336615953333332
0.7293946226666667
0.8178164033333334
1.009250704
0.91246384
0.9958882593333332
0.3756164306666667
1.00833847
0.804451638
0.8298812259999999
0.85889898
1.0064363906666667
0.998736698
0.8606286533333334
1.0012512346666667
0.9097097793333334
0.8310936453333334
0.7056662880000001
0.9915314706666667
1.0000156686666666
1.0134300673333334
0.7345151726666667
0.5838329773333333
1.0071444006666668
1.01043789
1.0001670366666666
0.863987306
1.0075696846666666
0.9314409353333334
0.9503506693333333
0.299141384
0.199815642
0.995992184
1.0354308813333333
0.9936878466666667
1.0081136266666668
0.9975189099999999
1.0193348273333334
1.0021156106666667
1.0081727866666668
1.0009362253333334
0.9994106566666666
1.0292153933333335
1.0032743426666666
0.8735378646666666
1.0185733453333334
1.0291660686666668
1.006342064
1.0027239033333333
1.0022325326666668
1.0012629053333333
1.036405322
0.9069052639999999
0.9975073266666666
1.0107589093333333
1.053604802
1.0038136553333334
0.9990503239999999
1.0036494553333333
1.0083976559999999
0.9998294333333333
0.9399926233333334
1.004353548
1.0014496753333333
1.0094641913333333
1.0061888220000001
0.9993874013333334
0.6551850466666667
1.0036494553333333
1.0016949173333334
1.0088950920000002
0.9947810760000001
0.8862180786666666
0.9966740066666666
1.0324937006666668
0.872225114
1.0040717926666667
0.9998410706666667
0.644478718
1.0219907666666666
0.9972872873333334
1.03518132
0.9935039606666666
0.9966971353333334
1.009772722
0.7714493833333332
1.0368807146666665
0.655755238
1.0100339333333332
0.9902740959999999
0.8979463726666667
0.9292945953333333
1.036780596
1.000201974
1.0073688113333332
1.0070971686666668
0.5500303893333333
1.005564548
0.855733116
0.3112825226666667
0.9983304386666667
1.0035790999999998
1.0095353740000002
0.9730770073333334
1.0008429273333332
1.0372563326666666
1.009772722
1.005505694
1.031464666
0.9685456586666666
0.9993525206666667
1.009891438
1.0085634133333332
0.9352744426666666
1.0060474086666666
1.000574792
0.9973683433333334
0.9834264020000001
0.9996781680000001
0.9665077853333334
1.0037315486666667
1.0008429273333332
1.038698726
1.004635462
1.005411542
0.9160154193333333
0.9131622433333334
1.1690803246666666
0.8994601726666667
0.9360184146666667
1.0145552093333334
1.0032977786666668
1.00517624
0.5399316493333334
0.996789662
0.87607696
0.519280292
1.0235129273333334
0.8740800813333334
1.0065425286666667
0.8752467920000001
1.009298138
0.7212613853333334
1.006012062
0.8605165733333333
0.9354679653333333
0.782197326
1.0063302746666667
1.0052350553333333
1.0050821493333333
0.25027998933333334
0.9714483159999999
1.0042361306666667
1.0492932906666668
1.0000040273333335
1.0776753386666666
1.006896484
0.981774132
0.9729227086666666
0.9643810166666668
1.00320404
1.0055763193333334
1.001227894
1.0371811873333332
1.002536658
0.9946889219999999
1.0045767173333333
1.0363052953333332
0.996835932
0.9980056686666667
0.8862180786666666
0.9120569313333333
1.0020220926666665
1.0347074840000001
1.005823586
0.8794854706666667
0.5934939433333333
1.0001670366666666
1.0020688493333334
0.8174972966666666
1.0047764786666666
1.001286248
1.0070499413333334
1.0295237780000002
0.9894870053333334
0.779167726
1.00833847
0.9999458219999999
0.4409481533333333
0.8262253613333334
0.6186886146666667
1.00404832
1.008468688
0.8413585833333334
1.0245139300000001
1.0146151273333333
0.880215454
0.968807826
1.0016715553333333
1.0045414733333333
0.9842038766666666
1.0104616626666667
0.9963734273333333
1.003532202
1.0011928846666667
0.8550006066666667
0.941042998
1.0144833173333334
1.0062713313333334
1.00245476
1.0013446086666666
1.0061298953333333
0.9978201806666666
0.7368401066666667
0.9885646246666667
0.9989109106666666
1.0074396986666667
0.9989573773333333
0.6452387620000001
1.013992326
1.0365929253333335
1.0119377273333332
1.0020454706666666
1.000574792
1.001893534
1.0027239033333333
1.0085870973333333
1.0042948360000001
0.838868992
1.0334501846666666
1.0082911259999998
0.9674875086666666
1.0342589873333332
0.8357593493333334
1.0131670959999999
1.0006913553333334
1.0015080553333333
0.8997993599999999
0.9967549626666667
1.021031094
0.993699342
0.6340183779999999
1.000504868
1.0121404273333332
0.9676509886666667
0.9290634226666666
1.034072228
0.7766738026666666
0.8490762486666666
0.8739733626666666
0.99488477
0.5772805506666667
1.0014847026666667
0.9931478739999999
1.002653678
1.038811778
1.0030400393333332
1.003497032
0.9970673453333334
0.9232617066666666
0.8312464526666666
0.6128575926666666
1.0173308293333332
1.005188002
0.8802785953333334
1.0148908413333333
1.0013095913333334
0.6233081726666667
0.9963272006666666
1.001052872
0.998179626
0.9996549
1.006094542
1.0019519653333333
0.5933873479999999
1.0029931920000001
0.8365814426666668
0.9938258066666668
1.0087647633333332
0.998597372
0.999492058
1.0035790999999998
1.000143746
0.976484016
1.0343710746666668
0.8456657666666667
0.8916177526666667
0.8360928753333333
0.87109294
1.0094641913333333
1.005458616
1.0106399893333333
0.9989341433333334
0.584619728
0.9972293986666667
1.00323919
1.006365644
0.9123959966666666
0.9989341433333334
1.0034032560000001
1.0038605793333333
0.9989806126666667
1.00534094
1.00371982
1.0299558266666666
0.873093926
0.995023062
1.0045767173333333
0.5662971266666667
1.0024430613333335
1.0032509073333333
1.0021389926666668
0.840996142
1.0045532206666667
1.036380314
0.8008068346666667
0.9993176426666667
1.0062006079999999
1.0083147973333333
1.038949986
1.0061181106666666
1.0071916366666667
1.0001553913333334
1.035468326
0.9947349966666668
1.037845348
1.0047647253333334
1.0024196646666665
1.0014146506666666
0.9367533553333333
1.0269636306666667
1.005352706
0.9943665166666666
1.00404832
1.0361552906666667
0.6333592326666667
1.0116040453333333
1.0005631373333335
1.0109016499999999
1.0129639846666667
1.037344016
1.0029814806666666
0.584393022
0.9951844513333333
1.0272829526666667
1.0035439266666668
1.0009945453333333
0.5840949919999999
1.012450596
0.9599086560000001
1.001227894
1.004095266
1.010687554
0.8316810533333334
0.9976579360000001
1.033263718
1.0057764786666668
0.9232617066666666
1.003532202
0.6229917313333334
1.0067194746666668
1.0416082106666666
1.003461864
0.9941708726666667
0.9993874013333334
1.0010178753333332
1.0047529726666666
1.0079480173333333
1.00877661
1.0343088006666667
0.9968590686666666
1.0009945453333333
0.9695842373333333
1.03565559
1.036242788
0.924364518
1.033400454
1.0079480173333333
0.999794522
1.0345205633333334
0.9973799233333334
0.7916333753333333
0.712609264
0.812356096
0.6444545420000001
1.0035439266666668
0.8784242026666668
1.0043418053333333
1.0031220326666666
1.001216224
0.882068368
1.0349069413333334
1.0198794413333334
0.9935154513333334
1.006059192
1.0090254539999999
0.9293850853333333
1.0031103186666666
1.006365644
0.999724706
1.0009478886666667
1.000621414
0.8750417246666666
0.9988528326666666
0.928039606
1.0015430866666668
0.9966161886666667
1.0090610133333333
1.0016481953333334
0.9976115893333334
1.002127302
0.9968822060000001
1.0018234246666666
0.999934182
1.0034149766666667
1.0035439266666668
1.034072228
0.992975666
0.8985757193333334
0.5886702113333333
0.9946658859999999
0.645418142
1.0281805726666666
1.0060827586666665
0.9954381693333333
0.6040401799999999
1.001216224
0.965150346
1.002700494
0.9942514226666667
0.9951844513333333
0.56401409
1.001286248
1.0068610766666668
0.851255546
1.0037432773333332
0.8183695926666666
0.5563140893333334
0.43472428933333335
1.0056705019999999
1.0298817353333334
0.9883485126666666
1.0002485606666667
0.6672001146666666
0.8308685586666668
0.7024290486666667
1.007404254
1.0160432666666668
0.6103363333333334
0.9937453253333333
0.972647296
0.8267502013333333
1.0342963473333333
0.998841218
0.9975189099999999
0.8269014153333333
0.9237581426666667
0.9057768326666666
1.0382969613333333
0.869690654
0.7372575006666666
0.978519632
1.013238802
1.009345576
0.66779142
1.00323919
0.534156728
1.0081846193333335
1.0038019246666665
1.003145462
1.0064010159999999
1.000761306
0.9943665166666666
0.9729006693333334
0.9994222846666666
1.010283398
1.0032977786666668
0.8864924553333333
1.0316257046666666
1.0037432773333332
1.0369558166666668
1.034234082
1.0038723113333334
0.997322024
0.39867145266666665
0.9960961306666667
1.0051997653333333
0.960133972
1.0369808526666666
0.9775508233333333
0.9989225266666667
1.000831266
1.038711286
1.006294908
0.9608213006666666
0.9402086853333333
0.997831772
0.8804319780000001
1.0009128993333334
1.002653678
0.8897245446666667
0.988030204
0.7752228753333333
0.832575828
1.0021857606666666
0.5987018453333334
0.9898062539999999
0.9648142906666667
1.0372563326666666
1.0315513726666667
0.8598533126666666
0.9958536226666667
0.9982376253333334
0.49497727333333336
0.8182214826666666
1.0111396406666666
0.9295057666666666
0.7552985246666667
1.0037901946666665
0.8499920433333333
0.8135948660000001
1.0048117386666666
0.7637941553333334
1.0011345413333332
0.9953689606666667
0.9910967439999999
1.002337786
0.9654866353333333
0.9730659846666667
1.0101289533333333
0.9003841173333333
1.005764702
0.970493452
0.6858066946666667
1.0374191846666665
0.8267502013333333
1.075220252
0.8189391453333332
0.922518052
0.7628648586666666
1.0056234086666667
0.6280890733333333
1.008160954
0.9465075466666667
0.970866394
0.9718989613333333
0.8026026006666666
0.8406175593333334
0.8861266573333334
1.00859894
0.795518998
0.6677654633333333
1.0393271053333333
0.9302103646666666
1.000283504
0.8951485073333333
1.009701506
0.9976463486666667
0.917443804
1.0049292906666667
1.002653678
0.9281900253333333
0.5055876746666667
0.971514238
0.808395956
0.6683109726666666
1.0021156106666667
0.8002174846666666
1.0084450093333333
0.9743905293333334
1.005658728
1.0061652506666665
0.9173556239999999
0.9767282866666667
0.9997828853333334
1.0071916366666667
0.7668968199999999
0.8409385093333334
0.7704806426666667
1.0109016499999999
0.9071063819999999
1.0017065980000002
0.48547983733333333
1.0362052873333334
1.0026068666666668
0.998017264
0.9962232059999999
0.5842141673333333
1.0005398286666667
1.0042243906666666
0.9963965426666667
1.0041070033333335
1.0343461646666667
0.922835198
0.9967433966666668
1.0071562093333333
0.9959228986666667
0.6032299799999999
1.0154547226666666
0.809050756
1.0304500413333333
0.8550516706666668
0.9592333433333333
0.570721852
1.0062831193333333
0.6283693426666667
0.6837922173333333
0.7754888226666667
1.001928592
0.41755263666666664
1.0000156686666666
1.0013446086666666
1.006059192
1.038686166
0.7154522700000001
1.0002252666666667
1.0070853613333333
0.9238773666666666
0.7833886233333333
1.0066958786666667
1.0084568486666667
0.779075858
1.021929974
0.5771060226666667
0.520819894
0.9975304939999999
0.6026417233333333
0.530960656
1.0042713533333334
0.99945717
0.779556638
1.0043770353333332
0.9996665339999999
1.00205716
1.0036025506666666
1.0090728666666666
1.0098795653333332
0.9591155293333333
1.0045414733333333
1.0017533253333333
0.9228054566666667
0.901007436
0.645093392
0.9524581806666667
1.0029931920000001
1.0065189399999999
1.0003999993333335
0.7592439846666666
1.0094523286666666
1.0033798146666666
0.9986554193333333
0.74795244
1.0087410713333334
1.0021974533333333
0.9707018253333334
1.00600028
0.9955304620000001
1.0018818486666667
0.9754195346666668
1.0337859953333333
1.020194372
1.0372939093333333
0.9686548779999999
0.918984786
0.8951205233333334
0.6029420560000001
0.6333265446666667
0.822121318
1.0111396406666666
0.633681622
0.634065178
0.8412597046666667
0.9995618406666668
1.0038488479999998
1.0031103186666666
1.0029112193333334
1.0083503066666668
0.9725151533333333
1.0004699093333334
1.0055763193333334
1.0091321386666667
0.901054692
1.0020922293333334
1.0001204566666666
1.0065543226666667
1.0035673753333334
1.005458616
1.0024196646666665
1.0065425286666667
0.9734740019999999
1.0338357633333333
1.0000273106666666
0.6337844813333333
0.5398366393333334
0.8250825660000001
1.0040131133333332
0.945549016
0.5399146813333333
1.0094997813333333
1.0019402786666667
1.037268858
0.9173360306666667
0.7747893526666667
0.831141894
0.8986791293333334
1.0109968333333332
1.001765008
0.6235253473333333
1.0069555006666666
0.9972872873333334
0.6619200133333333
0.4053748966666667
1.0164159633333334
0.6230233613333334
1.003461864
0.822656712
0.932887476
0.8546518280000001
1.001204554
0.864552532
0.8801974146666667
1.0006913553333334
1.0048705113333334
0.7832957573333333
0.8701840260000001
1.0015547646666667
1.0384852500000001
1.0082911259999998
1.0089543433333332
0.7918450026666666
1.1656061593333333
0.9658774586666666
0.9961769926666666
1.0004932146666667
0.42245025933333336
0.99915491
0.9721079386666667
1.0022325326666668
1.0000855253333334
0.9731872513333333
1.0072506879999998
1.0088832426666665
0.823824396
0.9999807446666668
0.9321585866666666
0.9980288593333333
1.0131073493333334
1.0383220626666667
0.9715581913333333
1.0108897533333334
0.57534726
1.0028409673333334
0.995692016
0.9972293986666667
1.0062359686666666
1.0153226946666667
1.008101796
1.0058706986666666
0.9590619866666666
0.9728125246666667
0.991051006
0.7515121859999999
0.8742846986666667
0.991188234
1.015106722
1.0097371126666668
1.0326923046666667
1.0054821539999999
0.7379605493333333
1.0037432773333332
0.99320529
0.770487554
1.0302152306666668
1.0040248486666665
1.0090728666666666
0.9681199386666667
1.0129639846666667
0.8821136580000001
0.855392258
0.6338873746666667
0.4937680473333333
0.49664858466666667
1.0029931920000001
1.005317408
0.6032384526666666
1.0360678079999999
1.0037432773333332
1.0062595433333332
1.0013446086666666
1.031910742
1.0009478886666667
1.0277131226666667
0.9928608933333333
0.9978897306666666
0.6242730393333333
0.999596736
0.625136242
1.0032743426666666
0.9347146966666666
0.972096938
0.9991200453333332
0.9935958953333334
0.8962131933333334
1.007723348
0.55860047
0.9709322366666667
1.0054703846666666
1.0371060526666667
0.9772394299999999
1.009748982
0.9955766153333334
0.63917484
1.0004582566666667
0.9993525206666667
0.8000311626666666
1.0005398286666667
0.8539466346666666
1.00320404
0.8747654806666666
1.0020337813333333
1.0064245986666667
0.9240264399999999
1.0044357566666666
0.5340703806666667
0.871791356
0.6445609293333333
1.0093930193333334
1.0042713533333334
1.0071562093333333
1.0033798146666666
1.0320099226666666
1.004894022
0.9903768526666666
1.0112943953333333
0.9397458173333333
1.002384572
1.0021857606666666
0.7631834133333334
1.0042126506666667
0.6105402213333333
1.0109730353333333
0.9978781386666666
1.0002252666666667
1.0088003046666667
0.9984696900000001
0.6447786486666667
1.00197534
1.003075178
1.006813872
0.9965583773333333
1.004647212
1.00746333
0.9998643473333333
1.0030868913333333
0.9985857633333334
1.0006680406666666
0.9896922126666666
1.033077318
0.9950576413333333
0.9960268306666666
1.0101883493333332
0.8690395566666667
0.97751745
0.9053854073333334
1.0316876560000001
0.864665666
0.994758036
1.0330152
0.9355698513333334
0.9945507226666667
0.9936188813333333
0.9998759853333332
0.6026586353333333
0.9992246459999999
1.0039779093333334
0.9965583773333333
1.034732412
1.010485436
0.7790122693333332
1.0357679806666666
1.0324688806666666
0.9704057426666667
0.9690810686666667
0.8698051373333333
0.8663924506666667
0.8224282973333333
0.890139438
1.0143874766666665
0.6334526446666666
0.9893616426666667
0.8306596580000001
1.0006447266666667
0.934419828
1.0080308153333333
1.00833847
0.557936502
1.0057175999999999
1.0023143946666668
0.999724706
1.0027356086666668
0.9945276933333332
0.9983304386666667
1.0379456726666667
1.0065779126666667
1.1356188566666667
0.902114534
0.869884412
0.9853554406666667
0.8498658993333333
0.673641108
0.963807528
1.0124625293333334
1.0051291926666666
0.9986322
0.7830030166666667
1.0122835586666667
0.8172872886666668
0.9177084453333334
0.695023512
1.033773554
1.0002252666666667
1.005835364
1.0351064746666665
1.0151907006666667
1.002291004
0.98450844
1.000831266
1.0103665800000001
0.911050908
0.8656764813333333
1.0344707286666668
0.9977158746666668
0.9982608273333333
1.0049528046666667
1.0121165760000002
0.86947058
0.5844685713333333
1.0034149766666667
0.692044616
1.0032157560000001
0.9685893433333334
1.005823586
0.9032718453333334
1.009950806
0.44364684600000004
0.9659752140000001
1.0079835006666666
0.9954612406666666
1.0029112193333334
0.8450251926666666
1.0006796973333334
0.8687758753333332
0.9952421033333333
0.9925626093333334
1.0116278726666665
0.99894576
0.9988528326666666
1.0095709693333332
0.9681963226666667
1.00404832
0.8804319780000001
0.9957959000000001
0.9352235293333333
0.786897876
0.9119504199999999
0.99776223
1.0001088126666666
0.999631634
0.9722179633333333
0.64487546
1.007309746
0.9943089666666667
0.930623554
0.84789452
1.005140954
1.009428604
0.5581576493333333
1.0079361900000001
0.5887549413333334
1.016921344
1.0066604860000001
1.0025132573333333
0.935325362
0.6029759153333334
0.9994339126666667
0.6338031866666667
1.0278483933333333
1.0039779093333334
1.0102239906666668
1.0015080553333333
1.0020922293333334
1.0061652506666665
0.8364348119999999
1.0008545886666667
1.034657632
0.870730912
1.0032743426666666
0.5723303546666667
0.845349518
0.9967665286666667
0.7918742019999999
1.015851014
0.9987831486666667
1.0022559206666666
1.0331021673333334
1.006625096
1.005188002
0.997739052
0.9985741546666667
0.9909138153333333
1.02762706
0.990536738
0.9745563513333333
0.880549306
1.0006563833333333
0.8189938019999999
0.998063648
0.6155894073333333
0.9588478773333333
1.0010178753333332
0.7751319353333334
0.3221318086666667
0.6500926779999999
1.0075342306666666
1.002127302
1.0103428126666667
1.1703067606666666
1.0125102659999998
1.001356282
0.9948041173333333
0.9992013993333333
0.999480428
1.0062123946666668
0.9998876246666667
0.7732967173333333
0.9951498633333334
0.9964312166666667
0.9952766973333333
1.0374943646666668
0.850210782
1.008492368
0.9972872873333334
0.5933340646666666
1.0042243906666666
1.0341095746666666
0.9358960366666667
0.9957497266666666
0.8908225486666667
0.990034414
1.0000040273333335
1.007286122
1.009440466
0.9984580846666666
0.9927346746666668
0.99828403
1.0024430613333335
1.0045649686666667
1.0059413753333333
1.00232609
1.0018117406666667
1.0016014773333333
1.0007962846666667
1.0024430613333335
0.9795238713333333
1.0106637713333333
1.0044709933333333
1.0010295406666667
1.008551572
0.9982144253333333
0.8714375879999999
1.0053880066666667
0.9994339126666667
0.997739052
1.0111753493333333
0.8693473866666667
0.7405690606666667
1.006837474
1.0226599593333334
0.9996781680000001
0.87605909
0.9283404940000001
0.931006838
0.593022754
1.0042830946666665
1.0015897986666666
1.006059192
1.037732506
0.9357329153333334
0.645117616
1.0051644773333335
1.001858478
1.006813872
1.0073924393333333
1.003907508
0.9989109106666666
0.9720749366666667
1.0311922533333333
0.9984348733333333
1.0005981026666666
1.0021974533333333
1.0349568173333334
0.7830030166666667
0.6571549026666667
0.89370496
0.83149589
0.9912797406666667
1.038560584
0.9996200006666667
0.9072788393333333
1.0043418053333333
1.003907508
0.942695382
0.6649173753333334
0.5138012366666667
0.999027086
0.8473090673333333
0.6986015333333333
0.5822342366666666
0.05925960533333333
0.69034273
0.9762953446666667
1.0075815033333333
0.9590726946666667
0.9295661186666666
0.7673078446666667
1.0323696119999999
0.9961192326666666
0.5002990513333333
1.0055998633333334
0.8798277813333334
0.79242208
1.000271856
1.0080426446666666
0.6315106813333333
1.0016949173333334
0.8956618553333333
1.007475146
0.999922542
0.999271142
1.005752926
1.0092269886666667
0.7964483686666667
0.966660056
0.992470866
1.0044005226666666
1.002630272
0.8729342186666667
1.0017533253333333
0.9902170186666667
1.005458616
0.9973104446666666
1.0053291739999999
1.0047882313333334
0.999271142
0.8699372700000001
1.0005981026666666
0.9040133226666667
0.9987831486666667
1.0019402786666667
1.001356282
1.00232609
0.996789662
0.9932856833333333
1.0025483586666666
1.036642964
1.0013329359999998
0.854048518
1.0034266980000002
1.0259946
0.9982260253333334
1.0318115806666666
1.0362552886666667
0.71238469
0.97024133
0.9346231660000001
0.4673700626666667
0.8449171393333332
0.532329476
0.47478924999999994
1.000609758
1.0050468706666666
1.0318611593333333
1.000201974
1.0070853613333333
0.9409502240000001
0.9721739506666666
1.0101883493333332
1.0165963986666666
1.0048117386666666
1.0063302746666667
1.001519732
1.0056351813333333
0.9979708846666667
1.0344956453333332
1.0316628746666667
1.000737988
0.9791888959999999
0.9845987173333333
0.996928484
0.9979245093333334
0.923827686
0.8724200033333334
0.71473196
0.9990851833333333
0.9357227226666667
1.0028175526666667
1.0035556506666667
0.9920926026666667
1.0018818486666667
1.00431832
0.9689389633333334
1.01167553
0.9758627866666667
1.0014847026666667
0.9373257740000001
0.998063648
0.701792042
1.0039779093333334
1.0041070033333335
0.4615713206666667
0.7515121859999999
1.0085752553333334
1.0067312733333333
1.0089898973333333
0.8961477446666666
1.009333716
1.0096896373333335
1.0092151313333333
1.0005398286666667
0.999271142
1.007286122
1.0005514833333333
1.0028526753333333
1.0012629053333333
1.0034501413333334
1.0465957466666667
1.001788374
1.0344707286666668
0.9683491260000001
1.003192324
0.9843504946666667
1.0063892253333333
0.9991200453333332
0.8799629766666667
1.0051644773333335
0.83658959
0.9996549
0.38729686333333335
0.9769060153333333
0.7974539386666667
1.0349692873333334
0.830884632
1.036042816
0.697829692
0.9886556473333333
0.755723802
0.8319790979999999
1.034620246
0.5340737006666667
0.9298881299999999
1.0024898573333334
1.016259638
0.9409811466666667
1.00171828
1.0321959373333334
0.99320529
1.0084568486666667
0.8903331873333333
1.0055410053333333
0.6587019553333334
1.005023352
0.8045571239999999
1.010449776
0.9293951413333332
1.0027239033333333
0.9920238586666666
1.0342963473333333
0.8688549633333333
0.9990038486666667
0.9987250860000001
1.009748982
1.002010404
0.9973451826666666
1.0008079453333334
0.9912339853333333
1.0060827586666665
1.0007146706666668
1.003461864
0.7443488493333332
1.0001670366666666
0.99915491
1.037582088
1.0031688926666666
1.0035204786666667
1.0005281746666665
1.0049763193333334
0.976606136
0.9233808026666667
0.9073267553333333
1.0003999993333335
1.0013796286666667
0.5416441513333333
1.0052468186666668
0.9850616493333334
0.8104399986666667
0.6056671266666667
0.5534074173333333
0.770273372
0.928842408
1.0034149766666667
1.0039896433333333
0.9987831486666667
0.9013667080000001
1.0037784646666668
1.0106162093333333
1.0016715553333333
0.9196144433333334
0.976484016
0.822577934
1.0099745553333335
1.0085278893333334
1.0004815613333333
1.0410149173333332
0.9979129160000001
0.9957728126666666
1.0033563746666667
1.0049528046666667
0.9958651679999999
1.0001321013333333
1.002665382
0.9992130226666667
0.9649443486666668
0.9681744973333333
1.005682276
1.0040365839999998
1.001286248
1.0141240086666667
0.9683709593333333
0.9921957366666667
1.0086818446666665
1.005823586
1.0064363906666667
1.01016459
1.001087872
1.0023728753333334
0.998736698
1.0031806079999999
0.9986902513333333
1.004858756
1.0099033106666668
1.00171828
0.890037984
1.0064245986666667
1.0365303833333335
0.5935308506666667
0.9334856106666666
0.6120497473333333
0.8599824393333333
1.003696364
0.8447011160000001
0.9453825133333333
1.0064717673333332
1.0044827393333333
1.0009828806666665
0.9705811773333333
1.0001088126666666
1.001111206
0.999526948
0.130041762
1.0359303653333334
1.0038488479999998
0.7837746099999999
1.0063892253333333
0.9989109106666666
0.9726693226666666
0.9993408946666666
0.7443746506666666
1.0058706986666666
0.9683709593333333
0.6125647753333333
0.9945507226666667
0.9995618406666668
1.004905778
1.011163446
0.9283404940000001
0.9978897306666666
1.0200974493333332
1.0009595526666666
1.0088713933333333
1.0066486886666666
0.9692997733333333
0.995553538
0.9994339126666667
1.0068256726666667
0.989418622
0.9957728126666666
0.8701840260000001
0.9911196153333334
0.9979013233333334
0.929113668
0.9955650766666666
1.034944348
0.9369168320000001
0.9960268306666666
0.9965583773333333
0.9729778093333332
1.0022676146666667
1.0347822713333332
1.0052938773333333
0.9981564286666667
0.9247924413333334
1.0063066966666667
0.9029964773333333
1.0370559693333332
1.0194074093333334
1.0080899653333333
0.9978201806666666
0.9978897306666666
1.005411542
1.0169093053333333
1.0021389926666668
0.938595766
1.0030283266666666
0.9284006953333332
0.9882802860000001
1.0353934393333335
0.9965699393333333
0.9120569313333333
0.6129231873333333
1.0020922293333334
1.0100576866666666
0.996604626
1.0066486886666666
1.0104735486666667
0.9997130713333333
0.5934365413333333
0.9978549546666666
1.0135974833333332
1.0024664586666667
0.9994222846666666
1.0029697693333333
0.9984232686666666
1.0041656933333334
1.002770726
0.999480428
1.0045532206666667
1.0084331706666667
0.909228324
0.969288836
0.999166532
0.9177868873333334
0.9404145513333333
0.9993990286666667
0.800157852
1.0019402786666667
0.895456446
1.0056469546666666
0.9964080999999999
1.0049880773333333
1.00256006
1.003145462
1.0002602086666668
1.005023352
0.9761733026666667
1.0048822666666666
0.8862363653333334
1.00282926
1.009998306
0.999922542
0.8732448146666667
0.6830635986666667
0.9979708846666667
0.645156378
0.9979129160000001
0.8753716633333334
1.0345205633333334
0.9975536626666667
1.0016481953333334
1.034508104
0.9346841846666666
0.985276326
0.41370558733333335
0.8361417066666667
1.009808334
1.002700494
0.9783413166666666
1.0034149766666667
0.8403461773333334
1.000190328
1.0348944726666667
0.8265831346666667
1.0385982553333333
1.00232609
0.9974609946666666
0.9130748846666668
1.035468326
1.0036729093333334
1.0074160686666667
0.8898812366666666
0.9652696473333334
0.9503506693333333
0.99862059
0.9933431153333333
0.9998294333333333
0.8172795126666667
1.0114968373333333
0.9979013233333334
1.0052350553333333
0.759143336
1.0023728753333334
1.0051997653333333
1.001356282
1.00031845
0.9334450353333333
0.559885714
1.0001088126666666
0.9816731533333334
0.9644784693333333
0.4915696926666667
0.9997363413333334
1.0038605793333333
1.001765008
1.005023352
1.002291004
1.0004466046666667
1.001052872
0.9217459213333333
1.0349069413333334
1.0014847026666667
1.0334874866666668
0.9889743593333332
0.991028138
1.0084450093333333
0.9184640033333333
0.9985277233333333
1.0033329353333333
0.9942399146666666
0.9864190753333334
0.937612246
1.0021857606666666
1.0277008266666667
1.0092269886666667
0.9067138066666667
0.9960268306666666
0.8961477446666666
1.059583144
1.0045297260000001
0.9238873033333332
1.008018986
1.006813872
0.9773394993333333
1.0042478713333334
0.9990735633333334
0.9410636173333334
0.8942073446666666
0.5747851793333334
1.002291004
1.004894022
1.0011928846666667
1.0041656933333334
1.008066304
1.010354696
0.9660295313333332
0.9902855126666666
0.6444593773333334
0.69244628
0.9965583773333333
0.7710546739999999
1.0357430026666665
0.7225901220000001
1.0033798146666666
0.5213256333333333
0.9182381873333334
0.9999807446666668
1.0031220326666666
0.5579220066666667
1.0116397866666667
0.967912672
1.004259612
1.0090017493333334
1.0000505960000001
1.010259634
1.0369432986666667
1.0058589199999999
1.0015080553333333
1.0006447266666667
1.0095116453333333
0.9825265186666667
1.0042126506666667
0.7839105106666666
1.0413430386666667
0.9350911793333333
1.008409494
1.0049410473333333
1.0083976559999999
1.0401955186666667
1.0152146966666666
1.005282112
0.9258589959999999
0.9968127966666666
0.9963156446666667
0.9532191746666667
1.0088950920000002
1.0076406006666667
1.007014524
0.9979824793333334
0.9973567626666666
0.7685917033333334
1.004964562
0.9408780786666666
0.850143466
0.997565248
0.8913586933333333
0.9949884853333333
0.498071168
0.74069039
0.9985277233333333
0.9985045093333333
0.8300897346666667
0.9932971693333333
0.831149936
1.0064953533333334
0.971250604
0.5418047213333334
0.9698798186666666
1.0033915353333334
1.003075178
1.0303758793333333
1.0049410473333333
1.0018818486666667
0.946820532
0.9684692199999999
1.01220006
0.9851746253333334
1.00031845
1.0000389533333334
0.79964389
0.7890736433333333
0.9324419079999999
1.0057882553333335
0.25754376933333334
1.0010062100000001
1.038748968
0.999061944
0.890250142
1.0098676926666668
0.8956618553333333
1.0006563833333333
0.8598360986666667
1.0005631373333335
0.7450331833333333
1.005517464
1.0017533253333333
0.9985161159999999
0.9978665466666666
0.9993874013333334
1.0034266980000002
0.9997130713333333
1.0059531560000001
1.0303511606666667
0.998017264
0.9264581413333334
1.0002485606666667
0.9068573926666667
1.0087529173333334
1.0023026993333333
0.8177774746666667
0.8042784
1.00746333
1.0173669766666666
1.019867332
0.835954552
1.005835364
1.0003883486666667
0.988997132
1.0018234246666666
0.5667267873333334
0.99945717
0.64441103
0.32641614333333335
1.0042713533333334
1.0053762400000001
0.9981912253333334
1.0053762400000001
0.4716738006666667
1.0046237126666666
1.0032743426666666
0.824203816
1.0336615953333332
0.8491182146666667
0.997298866
1.0063774346666667
0.826424086
0.668097858
0.9990503239999999
0.9403321940000001
1.028968818
1.0028878006666666
1.0004699093333334
1.0002951526666668
0.9321585866666666
0.9242849479999999
0.5748775006666667
1.000271856
1.0029112193333334
1.0009478886666667
1.0032860606666667
1.004694214
0.667537134
1.0038840433333334
1.03337559
1.00404832
1.0096896373333335
0.5841625186666667
0.997831772
1.0036377286666667
1.001087872
1.0090373066666667
0.9986902513333333
0.999480428
1.006754872
0.7338249393333334
0.964532618
0.7191058066666666
0.5885855059999999
0.5684105946666667
1.0022676146666667
0.9980288593333333
0.9978201806666666
1.0027121986666665
1.0003300986666666
1.005023352
0.8177385493333333
1.0031688926666666
0.985445874
1.00197534
0.9918062320000001
1.0302522986666667
1.0114134686666667
1.0070735546666667
0.9684473826666667
1.0383471653333334
1.009891438
1.0010412066666665
0.8311660206666667
0.566797838
0.969070136
0.9988063753333333
0.9978781386666666
0.4543400433333334
1.009701506
0.9966393146666666
1.0014029766666666
1.0016949173333334
1.0232812666666666
1.0188512146666666
1.0034501413333334
1.0020220926666665
1.002864384
0.9882007006666667
1.0380334726666667
0.9692560246666667
1.0029463486666668
0.990982406
1.0364178273333333
0.99129118
0.7874966393333334
0.9922874293333332
0.989350248
1.025088558
0.7668283586666667
0.9984580846666666
0.9824928046666667
1.00323919
1.0024313626666668
1.004647212
1.0418356086666667
0.840650466
0.7153331106666666
0.6207138326666667
0.8472338533333333
1.0081727866666668
1.0012629053333333
1.0313903573333334
1.0047882313333334
0.811956802
0.9942169000000001
0.90589146
0.9773394993333333
1.035730514
0.9991897766666666
1.005906036
0.9921728166666667
0.964500128
1.0074869626666667
0.9668450213333334
1.0040248486666665
1.0021389926666668
0.9841587720000001
0.9906281246666667
1.0042948360000001
0.8698756026666666
0.7639028346666668
0.9963387566666667
0.9965815013333332
0.5666183766666666
1.0047412206666666
1.032866146
1.0070499413333334
1.0338606493333333
0.990057236
0.9225378673333333
1.0061652506666665
0.7192503153333334
0.95352603
0.9871445666666667
0.937100812
0.954182728
1.0016598753333332
0.815727284
0.8732448146666667
1.028549912
1.0109968333333332
0.9993060173333334
0.9940443206666667
0.9894984033333334
0.994055824
0.988610134
1.0138846113333333
0.7958359206666668
0.722359214
0.7481609033333334
0.9878143253333332
1.00282926
0.6900155506666666
0.9358042739999999
1.004060056
1.03036352
0.9824590933333334
1.0288825453333335
1.0015897986666666
0.4749021213333333
1.0008079453333334
0.9014423806666667
1.0296471833333334
1.0355557073333332
0.9019345639999999
0.9960037326666668
1.0036611819999999
0.9844858733333334
0.9856833386666667
0.9978433633333335
1.0023728753333334
1.0004699093333334
0.5846436026666667
0.9857851446666667
1.00614168
1.0067312733333333
0.9985741546666667
0.8650052453333332
0.9359572213333333
0.756249414
0.9673022973333333
0.53964672
0.935926628
1.0033680939999998
1.0124028653333332
1.0079716726666668
0.8507075673333334
1.0279836993333333
0.923529716
0.6709995226666666
0.6774449793333334
0.7336055913333333
0.6710466993333334
0.91852293
1.020812686
1.0312417726666665
1.000073882
0.999375774
0.9835502646666667
0.8967371246666667
0.993389066
1.0206186246666666
0.9651069706666667
0.9812694446666667
0.93025066
0.9913255000000001
0.99748416
1.0245628093333332
0.999515318
1.0299805266666666
1.0117351086666666
1.0209825506666665
0.842695724
0.9817853533333334
1.0012745766666666
0.8961477446666666
0.9130166546666666
0.5752162666666667
0.7791889293333334
1.0034032560000001
0.9691138680000001
1.0076287806666666
1.0058589199999999
1.030821014
0.850210782
0.6130325426666666
1.0257618153333332
1.0080781346666665
0.9971020666666667
0.8742846986666667
0.743858968
1.0118900446666665
0.362836422
1.0167046906666666
1.000341748
1.0278975913333335
1.0101051966666668
0.9509819426666666
1.0094997813333333
1.0143395633333332
0.9242053913333332
0.985423264
0.9980520513333333
1.0067902706666667
0.5417876346666667
1.0369933713333332
1.0068846813333332
1.0301163946666667
0.6440534886666667
0.9980752446666667
1.0246361373333335
1.0040248486666665
1.0295361166666666
1.0009012366666665
0.9345519873333332
0.9978665466666666
1.0250273966666668
1.0104973226666667
1.0271355486666667
1.0029697693333333
0.9893616426666667
1.0159110853333333
0.9806085286666666
0.9689171046666667
1.0009595526666666
1.0099270580000002
1.001052872
1.0314027413333333
0.947008422
0.9747775346666667
0.9909366780000001
0.9359164306666666
1.0020922293333334
1.0021740686666667
0.8407245153333334
0.995634312
0.9964890133333333
0.8647091866666666
1.0339602053333332
1.0083147973333333
1.033773554
0.644836732
1.0387238460000001
1.000201974
0.6130237926666667
0.9786199633333333
1.0038371166666666
0.7583725846666666
0.8899549933333333
0.9982144253333333
0.4346868913333334
0.9358348593333333
0.9968012293333333
0.9976926979999999
0.9987018626666666
1.0082201193333333
0.9991897766666666
1.0199278793333333
1.001157878
0.97658393
0.9935154513333334
0.959136948
1.0391510826666666
1.0003999993333335
0.8216101953333333
1.013657288
1.003907508
1.0197462593333333
0.9990154673333334
1.0212738786666666
0.972096938
0.9982492260000001
1.0375444906666667
0.9704605593333334
0.9978433633333335
1.0010645386666668
0.895167164
0.8824942819999999
1.0181628586666667
0.524665872
0.9992943919999999
0.9904682093333332
0.9284709393333332
0.9969747666666667
0.9414658693333334
1.00245476
0.9993525206666667
0.9567226813333334
0.8268456986666667
0.9918176833333333
1.0115683066666668
0.593637498
0.8121794366666666
1.01140156
1.0011228733333335
1.0152986926666667
1.0045414733333333
0.9779180766666666
0.8267263306666667
1.002162376
0.9951844513333333
0.9988876786666666
1.0334999206666666
1.0022793093333333
1.0056234086666667
1.0378328086666666
0.8003666053333333
0.9991316666666666
1.0099745553333335
0.9996083686666666
0.998133232
1.0295731366666667
1.0221123726666665
0.9232517833333334
0.9605741786666667
0.986634344
1.0053291739999999
0.9972641306666666
1.0348072026666666
1.0033094973333334
1.0004815613333333
0.9918176833333333
0.8302903226666667
0.9928494179999999
0.572383746
0.9915887
1.0376948973333333
1.025516892
1.0090017493333334
1.0009945453333333
0.9877348146666667
1.0318735546666666
0.9968475
0.9976231760000001
1.0008079453333334
1.0022559206666666
0.9792112206666668
1.007309746
0.740620142
0.9661055853333333
0.7488914400000001
0.9922071973333333
0.982155796
0.7823469306666666
0.998864448
1.0108064853333334
0.55169779
1.0022793093333333
0.9844181793333334
0.8983971586666667
0.9795015326666666
0.9176986413333335
0.5838210726666667
0.9925740786666667
1.003192324
1.01407612
0.6558904286666667
0.9834151433333334
1.0055998633333334
0.999271142
1.0032860606666667
1.0034032560000001
0.51896343
1.0556895326666667
1.0069082866666665
0.9919894899999999
1.0273935333333333
0.991051006
0.9418994486666667
0.612446854
1.0156828526666666
0.9380935033333333
1.0025483586666666
1.020109564
0.9792112206666668
1.0324937006666668
1.002127302
0.8506991426666667
1.0377826553333334
1.0011228733333335
1.0250029346666667
1.0202670759999999
1.0011345413333332
1.015418712
1.0329903546666666
0.8889879113333333
0.9780405553333333
0.9012343113333333
0.9372746366666667
0.9930560220000001
1.0005398286666667
0.9916001466666666
1.0306973266666668
1.0216139713333334
1.0246728053333334
1.0252353753333334
0.8792064146666667
0.9566054826666667
1.0187424653333335
0.6618741113333333
0.7798114086666667
0.5264504826666666
0.903651938
0.8952231393333333
0.9846100033333334
1.0040131133333332
0.9693872826666667
1.0062713313333334
0.8354829686666667
0.9733416346666667
0.8641437559999999
0.9976811106666668
0.9318147846666668
1.0050821493333333
1.0114372873333333
1.0045414733333333
0.7959907880000001
0.9290634226666666
1.005835364
0.9996432666666666
0.6038957966666667
0.9975073266666666
0.9427160739999999
0.8220111766666667
0.9978897306666666
0.6772366793333333
1.0029814806666666
1.035867904
0.971624128
1.003051752
0.7293574633333333
1.0053880066666667
0.8003666053333333
1.0016131566666666
1.012701256
0.7373207833333333
0.5517934766666667
1.0007846246666667
1.005140954
0.5810251953333333
0.8973366546666666
0.9889288166666667
0.7510390993333333
0.5748736533333333
0.9936878466666667
0.9062833226666667
0.962802864
1.0250029346666667
0.9986438093333333
0.8540315359999999
1.0021389926666668
0.9951152780000001
0.8239271206666667
0.7654616946666667
0.6336442266666666
1.0115563946666666
0.990810948
1.005458616
1.0054821539999999
1.005611636
0.971184718
0.9875644786666666
1.0276762366666667
1.002782432
1.0060356266666666
0.8493365033333333
1.0258598173333333
0.9944125619999999
1.031130362
0.5119455626666667
1.037506896
0.8089669433333333
0.902854112
1.0009828806666665
0.752414014
1.0004932146666667
0.5937113526666667
0.9722289666666667
1.0363052953333332
1.0023962693333333
1.0253577546666668
1.0314522806666666
1.0035790999999998
1.0322827673333332
0.991188234
0.9956458526666667
0.9747111693333333
1.002127302
0.9967202653333334
1.0370058906666666
1.0032743426666666
1.0165603066666666
0.9820547386666667
1.1195598093333332
0.9303715659999999
0.9939868073333333
1.006294908
0.6447641293333334
0.999259518
0.8497481986666666
0.8997051159999999
1.0219907666666666
1.0371811873333332
1.0001670366666666
0.6034503426666666
1.0027121986666665
1.0128684313333334
1.01499877
0.9963387566666667
1.0135257266666668
1.001087872
0.9071638599999999
1.0035087553333333
0.9968937753333333
0.9983768513333333
1.0183922073333334
1.0079361900000001
0.9410533073333333
0.8654409946666667
0.8897153293333334
0.997426248
1.0071325919999998
0.9361102193333333
1.0043300626666667
0.6030140113333333
1.0071916366666667
0.98683837
1.0204488813333334
1.0024664586666667
1.0107232306666667
1.0005864473333332
0.93376974
1.003321216
0.7085358679999999
0.9933775779999999
1.0146151273333333
0.9606923513333333
0.9768837953333334
0.9238873033333332
1.010319046
0.9979824793333334
0.8710311093333333
0.823090262
0.9945852686666667
0.7234116479999999
1.0061534646666668
0.998841218
1.0098202053333334
0.8705808906666667
0.679900792
0.9952421033333333
0.9971136406666666
1.0119019653333332
0.8352311333333333
0.8178709099999999
0.995738184
0.47786636266666666
1.0045767173333333
0.9125607766666667
0.8492273446666666
0.7916406706666667
1.0353809593333334
0.8756036606666666
0.6237653193333333
0.9962809779999999
0.9785642213333334
1.0210189573333335
0.9186309826666668
1.0385354713333332
0.9541933273333334
0.77264289
0.9327051466666667
1.0144952986666667
0.9880870293333334
1.0028058453333333
1.0014730266666667
0.9955996933333333
1.0000040273333335
1.0335994073333332
0.8934168086666667
1.029412738
1.0109373413333334
1.0105210980000001
0.612739558
0.9986089806666667
0.9990154673333334
0.6352797093333333
1.008847696
0.9973451826666666
0.9408780786666666
1.0244528366666668
1.0288702213333332
0.5753048733333334
0.7189914453333334
0.9890540693333334
1.0068610766666668
1.0075815033333333
0.998133232
1.0201337933333332
1.011794694
0.9824815673333332
1.030153456
0.971338466
0.9929527093333332
1.0081846193333335
1.0160192313333334
0.8452081146666666
0.8221370553333333
1.0220880493333333
0.9999574626666666
1.0362052873333334
0.758908594
0.9294353653333333
0.8407821186666666
0.997565248
1.0220394053333333
0.98321253
1.0047999853333334
1.0360178246666667
0.996627752
0.9838206193333334
1.0283528979999998
0.9826051926666667
1.0040365839999998
1.013358334
1.004259612
1.0344458133333332
1.0102952806666667
1.0034266980000002
0.9800267646666666
0.9838206193333334
1.0007030126666667
1.0009012366666665
1.0060474086666666
1.0302152306666668
1.002876092
0.9976579360000001
1.0190204273333334
0.942478176
1.0302152306666668
0.6228833113333333
1.037318962
1.0024898573333334
0.7853941713333333
1.0100695640000001
0.7302875766666667
1.0062006079999999
1.0005981026666666
0.7951360806666666
1.0000505960000001
0.6389894066666667
1.026166194
0.8725529320000001
0.29430686933333333
0.9863964206666667
1.035480808
1.0327047200000001
0.692535602
0.9982028253333333
0.770667282
0.8096379306666666
0.974987752
0.6006401233333334
0.9755857073333333
0.9975304939999999
0.6455588066666667
0.9298176713333334
0.9920696873333333
0.9977158746666668
0.8310132433333334
0.729450368
0.9951844513333333
0.9965352553333334
1.0437471406666667
0.6231544326666666
0.7016659253333334
1.0016365153333333
0.9943204760000001
0.9975189099999999
0.880215454
0.28559432
1.004600214
0.9994687986666666
1.010544874
0.42965570200000003
0.9880642986666667
1.0046824633333333
1.0018000573333334
0.8457490293333334
1.0581734473333333
1.0321959373333334
0.7330296453333334
1.0004815613333333
0.8221606613333333
1.0323075786666667
1.0093574366666667
1.0069555006666666
1.008468688
0.9755967873333334
1.0066132993333334
0.9126480373333333
0.9903882713333334
1.0019402786666667
0.9952190413333333
0.924573454
0.9938718013333334
1.0156468253333335
0.9248322686666667
1.1072071606666667
0.9963734273333333
0.9801385886666667
0.9941823793333333
0.9963503133333333
0.9984812959999999
1.02608039
1.0181025213333335
0.968534738
0.9754749193333334
0.7914656133333333
1.002700494
0.9955996933333333
0.6105402213333333
0.8258837786666666
0.982065966
0.9782967473333333
0.8329956646666666
0.987008456
1.0041774326666666
1.005752926
1.002536658
0.99945717
1.038234214
0.994723478
1.0066132993333334
1.0310066006666665
1.0026419746666666
1.0298446940000001
0.933384178
0.9982144253333333
0.6673763593333333
0.9868270333333333
0.999492058
1.0025834626666665
0.8075295979999999
0.7190636693333332
0.9176202146666667
0.9519726253333334
0.7440200419999999
0.7957179666666666
1.0021740686666667
1.014171902
1.0357679806666666
0.818050054
1.0380460166666667
1.0276393533333332
0.9990038486666667
0.6153997686666667
0.7868113826666666
1.033263718
1.008196452
1.02033979
0.9942169000000001
1.0026068666666668
1.0362302873333333
1.0256760786666668
1.0195647046666667
1.02631332
1.008551572
0.96780362
1.033611844
1.0336989126666667
1.0028878006666666
1.0050351113333333
1.0069791093333333
0.8364918286666666
0.8393362053333333
1.01084217
0.996928484
0.5381557586666667
1.0072624993333334
0.566536162
1.0100576866666666
0.8761216373333334
0.9239071773333334
0.6474857606666667
1.0205701206666666
0.7752088833333334
0.7554114419999999
1.0036260026666668
0.7332048373333334
1.002770726
0.9737167686666667
0.982088422
0.9980288593333333
1.0079716726666668
1.023500732
0.970921262
0.6898326873333334
1.0014496753333333
1.000236914
0.9944931513333333
0.549674902
0.8739822546666666
0.796344998
1.0020337813333333
1.0029814806666666
1.029301722
0.9125704713333332
1.0366554746666667
1.0314522806666666
1.005493924
0.9496992326666667
0.9846438626666666
0.87825356
1.034732412
0.9968937753333333
1.0089187913333333
1.001519732
1.0072979340000001
1.0314027413333333
1.0006680406666666
0.9953689606666667
0.9849374053333333
1.0355557073333332
0.9841813233333334
1.0083147973333333
0.9759403966666667
0.9271781393333334
1.00371982
1.0366179439999998
0.9982608273333333
1.0106637713333333
1.0355557073333332
0.9998061586666666
0.6130500426666666
0.9573197733333333
1.0040717926666667
1.0061534646666668
1.0001321013333333
0.9410017626666666
1.028045214
1.0018701633333333
0.8656066946666666
1.000621414
0.8681349199999999
0.9931363913333333
1.0292893886666667
1.00086625
0.54983675
1.0092032746666668
1.001566442
1.0098676926666668
1.0334626186666667
0.998829604
0.9833813686666667
0.9993408946666666
1.0271109853333333
0.9984696900000001
1.0254067146666666
1.0299681766666666
0.9479489926666667
0.9980056686666667
1.0087884573333334
1.0280944313333333
0.9771282666666666
1.021577522
0.9662794686666666
1.0044944853333333
0.822656712
1.0091914180000001
1.0020922293333334
0.9807204860000001
1.0343337093333334
1.0261416766666667
0.9948041173333333
1.016993582
0.9802056953333333
0.6229104126666667
0.9799485026666667
1.0466212506666668
0.9942284073333334
1.0024313626666668
1.011794694
1.0000505960000001
0.994067328
0.99265437
0.9851746253333334
1.0033094973333334
0.9902398486666666
0.9880415686666667
0.880107232
0.7874533246666666
1.00323919
1.0220150853333332
0.5414905026666667
1.0101764693333333
0.575320286
1.0003999993333335
0.9015180666666667
1.0055998633333334
0.9965005733333334
1.0040131133333332
0.8126404479999999
1.0325681679999998
0.53964672
1.000877912
1.0040131133333332
0.7402372046666666
1.0261171613333333
1.0413935373333334
1.0075224133333334
0.9840234826666666
0.9754638419999999
1.006754872
1.021128194
0.965834018
1.001683236
0.8133560513333333
0.8756661426666666
1.0130237153333335
1.0005864473333332
1.0241963266666667
0.9842828193333333
0.9918634926666667
1.0368556833333333
1.0092744206666666
1.0068020713333334
0.9905710059999999
1.030227586
0.9999691033333333
1.0097133746666667
0.7527766706666666
1.0116159586666666
0.9937223333333333
0.990513894
0.8445433226666668
0.9724711133333334
1.0790832860000001
0.9120763000000001
1.0032274726666666
0.631042116
0.6334713306666667
0.9997479766666667
1.010925444
0.96818541
0.9681199386666667
0.9881552293333332
1.01167553
0.9193191839999999
1.0017299613333333
1.0119377273333332
0.9894984033333334
1.033388022
1.002665382
1.0024430613333335
1.1238368513333332
0.9928149920000001
0.9988063753333333
1.00833847
0.9781853433333334
0.9154297
0.9763397313333333
0.6448512546666667
1.0360803046666667
0.998411664
0.9678690486666666
0.996523694
1.0359303653333334
1.0144473746666667
0.99265437
0.6128969479999999
1.0236592933333333
0.993389066
0.9995385786666667
1.0335123553333332
0.9973567626666666
1.0227939026666666
1.011985414
1.0005514833333333
0.99780859
1.0133941993333333
0.7750270306666667
0.7710477526666667
0.9411357913333332
1.013681212
0.519267736
0.9068956893333334
1.006342064
0.6364281653333334
0.5212022686666666
0.932178818
1.0079598446666667
0.602992846
1.000504868
1.0058824773333335
0.8853138393333334
0.809805852
1.0061534646666668
0.9807540779999999
0.933627654
1.0050115933333332
0.775516828
1.029400402
0.9349181633333332
0.9997014366666668
1.0147589593333333
1.0391008013333334
0.9942629306666666
0.9888035953333333
1.0368932306666667
0.8447675733333334
1.0083976559999999
1.0014613506666665
0.6563815900000001
0.9286014220000001
0.9816058453333334
0.9982956313333334
1.0297335846666666
0.9973683433333334
1.0192138813333333
1.0372813833333332
0.9805861406666666
1.0036729093333334
0.919752296
0.6619761246666667
1.005517464
1.0600800426666666
1.0348196693333334
1.024306244
0.6030394113333334
1.0283405873333333
1.00205716
1.0130476093333334
1.007309746
0.8389591153333334
1.025321038
1.0046707126666667
0.9724601039999999
0.9724380866666668
0.8900840966666667
0.9083341713333333
0.93376974
0.6232855593333334
1.0057293753333334
1.00197534
1.0325929933333333
0.9962809779999999
0.6556951713333333
0.9297170339999999
1.0297212406666667
1.0074515146666665
0.9946198173333334
1.0284267693333333
1.0001204566666666
0.9891565726666666
1.0079125366666668
0.9848696493333333
1.011270584
0.9823130379999999
0.9967433966666668
0.9932971693333333
1.0059413753333333
1.0351937953333332
1.0126415633333332
1.0030986046666668
0.7636379839999999
1.0000389533333334
0.9249916106666666
0.6800891953333333
0.9605097326666667
1.025443438
1.000924562
0.9699893393333333
0.9414349146666666
0.874783298
1.0035908253333334
0.9853215326666667
0.9741253320000001
0.99862059
1.036042816
1.0088239993333332
0.8490510713333334
0.9911767966666666
1.002337786
0.9935958953333334
0.8317615846666666
0.9980404553333333
0.8261538439999999
1.0044944853333333
0.7870420726666666
0.9961885460000001
1.0270004653333333
0.9067808079999999
0.8178475493333334
0.6027305226666666
0.965562604
1.0064010159999999
1.0009362253333334
1.030054632
1.0079716726666668
1.0039544406666667
0.9993990286666667
1.0031688926666666
0.9735401993333334
1.033723792
1.0065779126666667
0.9363449126666666
0.9241457333333333
1.0043418053333333
0.9942514226666667
0.8957459139999999
0.9957843559999999
1.0067194746666668
0.59334636
1.0307591666666667
1.0359553526666667
0.96989077
1.02648502
0.9812806546666667
1.0368807146666665
0.5938016446666666
0.8408561913333333
0.9972757093333333
0.8461989313333333
0.6889419240000001
1.025774064
1.0149867766666667
0.996523694
0.7677810679999999
0.9191716253333334
0.8319952146666666
1.0036260026666668
0.52844876
0.99915491
0.847635148
1.0059295953333334
0.9978549546666666
1.0031103186666666
1.0336491573333333
0.8395166726666666
1.039364832
0.9732313559999999
1.0032509073333333
0.9996083686666666
0.6328692693333333
1.012379002
1.0207035173333334
0.9802504386666666
1.028968818
0.9963156446666667
0.9888149773333333
0.9952421033333333
0.9961654406666667
1.0032860606666667
1.0036260026666668
1.0161394206666667
1.01407612
1.0079007100000001
0.9985161159999999
1.0313160593333333
0.999375774
0.967422132
0.9483152746666667
0.9887011653333334
0.9850955393333334
0.875951888
0.983876962
0.7406137566666666
0.6890911460000001
0.8598791346666667
0.6939006226666667
0.8805312533333334
0.9296868473333334
1.025810814
0.63640459
0.9694201033333334
1.00041165
1.0306478606666667
0.6205255066666667
1.0173549273333333
0.6960090253333333
0.7159352726666666
1.0190083386666666
0.9695623493333333
0.9657688646666667
1.007120784
0.9594476253333334
1.0106162093333333
0.9804965973333333
1.0168852286666668
0.851897156
1.011330114
1.0063184853333333
0.5259508573333334
0.9826951213333334
0.9979940740000001
1.0049528046666667
1.022234008
1.0114611066666666
1.0127131953333333
1.005411542
1.0062123946666668
1.0018117406666667
0.9916573839999999
1.0120092593333334
1.0258843206666668
0.972999852
1.016813006
0.8591395126666667
0.9242053913333332
1.0107589093333333
1.0013329359999998
0.6559054533333333
1.009345576
0.9901827753333333
1.029869388
1.000609758
1.009998306
1.0080308153333333
1.0033798146666666
0.7831672100000001
1.0104973226666667
1.0049410473333333
0.9805189820000001
1.2474491126666667
0.9895439986666666
1.01121106
0.7595057953333333
1.0105924293333335
0.6927981186666666
0.8799900213333334
1.0096303
0.8995449453333334
0.42689904866666667
1.027614766
0.5685196926666667
1.019310636
1.0013796286666667
0.8711371106666667
1.0113539286666668
0.7743981999999999
0.8494624900000001
1.0039779093333334
0.6131988373333334
1.0086581566666668
1.0156468253333335
1.0124983313333333
1.0049998353333334
0.9812806546666667
1.0219542906666668
1.0164039366666666
1.039754838
0.5841664913333333
0.8595607693333333
0.94311974
0.9756854373333333
1.003907508
0.9992943919999999
1.003321216
1.0203640306666666
0.974921358
1.0119973366666666
1.0040248486666665
1.0052468186666668
1.0053291739999999
0.8313349453333334
0.7125678846666667
1.002770726
0.9810901253333333
1.035855412
0.9760512906666666
0.9951383346666667
0.5935964753333334
0.8766223346666667
0.98330257
0.88080212
0.9414452326666666
0.584134712
1.0253332766666667
0.8451665346666667
1.012331278
0.6321892453333333
0.816999676
0.9063311346666666
1.0063892253333333
1.0155267526666667
0.985445874
1.028968818
0.9125123059999999
1.0029229286666668
1.0017533253333333
1.0113182073333333
1.0168852286666668
1.0080899653333333
1.0142078246666666
0.9918176833333333
0.9986554193333333
0.897711768
1.0059884986666665
0.9982260253333334
1.0090847206666667
1.0003883486666667
1.0047412206666666
1.008385818
1.0168611533333334
0.9921155193333334
1.0344458133333332
1.0050351113333333
0.9945161786666666
0.90184934
0.7876266120000001
0.9602520366666666
0.9966393146666666
1.0044122673333333
0.8527428539999999
0.7553715853333333
0.9588264713333333
0.831511988
1.0268285926666667
1.0072388773333334
0.9358756433333333
1.0306725933333334
0.5751738986666667
1.002630272
0.912812908
1.0113420213333333
1.0089543433333332
1.0096303
1.0045179786666667
1.0003999993333335
0.9534942766666666
1.0106637713333333
1.015094726
1.0046119633333332
1.0025717613333334
1.0206428779999999
1.0099626806666666
1.0161754826666667
1.00431832
1.0062359686666666
0.9076047706666667
0.9868156966666667
0.9299586
1.0193348273333334
1.0389374206666666
1.007120784
1.0258230640000001
1.0050703893333333
1.0047999853333334
1.0081136266666668
1.0261171613333333
1.0230618953333332
1.0105686513333334
1.0135257266666668
0.9754970746666666
0.9095363966666667
0.8273872653333333
0.9724490953333333
0.9999458219999999
0.9846100033333334
0.5192457633333334
1.0004932146666667
0.9923791393333332
0.824583586
0.9967780953333333
0.895493786
0.7954968966666667
1.008385818
0.8359464166666667
0.9987599226666666
1.0146510813333334
0.8132482453333334
1.000889574
1.01751159
0.98704248
0.9992362693333333
1.005835364
1.0234031799999999
1.0176924139999999
1.00404832
0.800359148
1.0079598446666667
1.020594372
0.9719759426666666
1.019238068
1.0023962693333333
0.9468935913333333
0.831898524
0.9069244146666666
0.9771171513333333
0.983055
1.0064481826666667
0.9954266333333334
0.9988528326666666
0.9705811773333333
1.008480528
1.0040013779999999
0.9841926
1.0231228226666667
0.997831772
0.96520457
0.9744236893333333
0.840535304
1.0297335846666666
0.9927117293333334
1.0061888220000001
0.9691685386666666
1.0054703846666666
1.006754872
0.9911767966666666
0.994631334
1.0109611373333334
0.8347765899999999
0.9972178213333334
0.979088448
0.999794522
1.0040013779999999
0.9837755499999999
1.0160432666666668
1.0091677053333332
0.9676400879999999
0.7373461
0.9927117293333334
0.668030314
0.969781272
0.9699017206666667
0.9096134473333333
0.97767321
0.9579069286666666
1.0051056706666666
0.9698469673333334
0.9901941893333333
1.0014613506666665
0.9331813786666666
1.0000505960000001
1.040409698
0.9758406146666666
0.6678485313333333
1.0294250746666667
1.0229522453333333
0.813025024
0.7790405293333333
0.9921155193333334
0.9979245093333334
0.9966508786666667
0.9683491260000001
1.0074987793333332
0.8854872373333332
1.058590744
1.0034266980000002
0.999271142
1.0038605793333333
1.0316752653333332
1.0318115806666666
1.0223070026666665
0.755398156
1.0278975913333335
0.9918062320000001
1.0032274726666666
1.0090254539999999
0.584301594
1.0160793226666667
1.0150347513333333
1.0148069126666666
1.0093692973333332
1.027688532
1.0308952406666667
0.9939408019999999
0.991714628
0.9256893786666667
1.0325929933333333
1.0021156106666667
0.612918814
1.037318962
1.0138367453333335
0.9887694493333333
0.997739052
1.0332015773333332
1.00289951
0.7788498133333333
1.0378077313333334
0.99336609
0.5546509413333334
0.6452048366666667
0.6330744946666667
1.0065071466666666
0.9292141746666667
1.029462086
1.0021389926666668
0.9977506406666666
0.613246992
1.0013095913333334
1.004259612
0.841020844
1.0208005553333335
0.7122665499999999
0.49196947333333335
0.996246314
0.9865210333333333
0.9809892866666667
1.0089187913333333
0.9951498633333334
0.977017128
0.970690856
0.9493423726666667
0.5343394786666666
1.011389652
0.856688966
0.9061877153333333
1.0018701633333333
1.008054474
1.008018986
1.0344458133333332
0.5755477186666667
1.0079598446666667
0.8594231706666666
0.9995385786666667
0.9957728126666666
0.5602216506666667
1.033773554
0.6529290506666667
1.0054350786666668
1.0159951966666665
1.0030986046666668
0.9850616493333334
0.3964707186666667
1.0199399893333332
0.9814824713333334
1.001683236
0.989954546
0.8078713593333333
0.996523694
0.968731346
1.0007030126666667
1.0078179333333332
0.8138723746666666
1.0055998633333334
1.0367931093333334
1.0025015573333333
1.0377701173333334
1.0254311966666667
1.037895508
1.0340971253333333
0.972768458
0.9319158766666666
0.6421276786666666
1.0241841153333333
0.9835390033333333
0.9705263466666667
1.0322083406666667
0.9975189099999999
0.9787203153333334
0.9991200453333332
0.9941478606666666
1.0012512346666667
1.0580691746666666
1.0085752553333334
1.009381158
0.8491685786666667
1.0023143946666668
0.971536214
1.0014263253333333
1.0346700946666667
1.0038840433333334
0.9014707613333334
1.033412886
0.6234348393333333
1.0242085386666666
1.028857898
1.0238789206666667
1.0027356086666668
0.8451000146666667
0.6562411833333333
0.869690654
1.0093574366666667
0.6568031713333333
1.033064894
0.9268480013333333
1.028057518
0.9980404553333333
0.6685918673333333
1.02608039
1.033748672
0.9416619626666667
1.0159110853333333
0.9923332826666666
1.0066486886666666
0.9305731453333332
0.6803746913333334
0.9308958553333333
1.0009828806666665
0.9965352553333334
1.0031571773333334
1.0016481953333334
0.9711517780000001
0.815270502
1.0079125366666668
0.9010641439999999
0.9934809793333333
1.0252843233333333
0.998841218
1.0307591666666667
1.0280821266666667
0.813286744
1.0070027186666666
0.6742703533333333
0.9293046486666667
0.90752806
1.0329406673333332
1.0118423673333334
1.0029931920000001
1.0087410713333334
0.5843294166666667
0.995023062
0.8974772853333334
1.0028409673333334
1.0024430613333335
1.040964456
1.0042948360000001
0.9435030253333333
1.0070853613333333
1.0125699426666668
1.00323919
0.9643701899999999
0.9897948486666666
0.9703838173333333
0.6365979613333334
1.0061181106666666
0.9842828193333333
0.8315200373333334
0.7186666159999999
1.0345330226666667
0.9349181633333332
1.0050351113333333
1.0359303653333334
1.0046237126666666
1.0010412066666665
1.012844546
1.001928592
0.9928494179999999
1.0013329359999998
0.995634312
0.9942284073333334
0.9790326526666666
0.94561147
0.996442776
1.0120450286666667
0.992723202
1.031464666
0.995738184
0.995034588
0.986600348
0.575513014
1.00245476
0.9750652233333333
1.0021389926666668
1.0013212633333333
1.002127302
1.0010062100000001
1.024171904
1.0059531560000001
0.9981680273333333
0.977250548
0.9962694226666667
0.9314409353333334
1.00323919
1.025982346
0.9936188813333333
1.0378578873333333
0.9963503133333333
0.979412188
0.9939868073333333
1.03515637
0.9984000593333333
0.8314717446666667
0.695698992
1.0263991626666666
0.6334760026666667
0.8805222273333334
1.0414440406666665
0.9945046646666666
0.9071447
0.6590001066666668
1.002162376
0.9303413359999999
0.9951037500000001
1.0022325326666668
0.9950576413333333
0.9020671666666668
0.9606816073333333
0.9657145773333333
0.4396752106666667
0.9124250713333333
0.44225125600000004
1.0067666713333332
1.0081846193333335
0.9928264666666667
1.0089543433333332
0.9893274586666666
1.0096184333333333
1.0127490146666667
0.9655191913333333
1.0094997813333333
0.9909938386666666
0.976073472
0.932037216
0.61307192
0.9850277613333333
0.9881324946666666
1.0196252160000001
0.9868156966666667
1.247304204
0.9888491266666667
1.0049292906666667
1.0025132573333333
0.7998523746666667
1.0219786073333332
1.0101289533333333
0.9994339126666667
0.981437616
0.8126712006666666
1.0076287806666666
1.0348446026666667
1.0516055273333333
1.0005981026666666
1.001683236
0.970274208
1.014399456
1.0009478886666667
1.0243795353333334
1.00171828
0.475101746
0.7187748593333334
1.007676062
1.037131096
0.7963819133333333
1.0070263293333335
0.9826951213333334
0.8976554806666667
1.003825386
0.65596055
1.0156228086666668
1.0023494819999998
1.0070027186666666
0.969923624
1.029758274
1.0041187406666667
0.970066018
0.8323983326666666
0.8999407639999999
0.6926919706666665
0.9650635993333334
1.001204554
1.0007962846666667
1.003192324
0.9958767133333334
1.0286114946666667
1.0071325919999998
0.9900458253333333
1.0026887893333332
0.9770060159999999
1.0006796973333334
1.0006913553333334
0.9493423726666667
0.6232403366666667
0.9943204760000001
1.0018351093333333
1.0201822553333333
1.0339353146666668
0.5933709526666666
1.0044357566666666
1.0284267693333333
1.0016949173333334
1.010532986
0.9943665166666666
1.00041165
0.5473527166666667
0.999631634
1.0092269886666667
1.003497032
1.0070027186666666
0.8077574066666666
1.0020220926666665
1.0242207506666667
1.01220006
0.9897720386666666
1.0116636153333334
1.00985582
0.9363857406666666
0.91787515
0.7990562499999999
0.7628580833333334
0.8959981840000001
0.5662672613333334
0.9985509386666666
0.84824618
1.0004932146666667
0.986079368
0.998411664
0.9301499286666667
0.9430990306666666
1.0013913026666668
1.006365644
1.0065779126666667
1.0353809593333334
1.0281559593333334
1.003192324
1.0071325919999998
1.0283898326666667
1.0295484566666668
0.9978433633333335
1.012176206
0.9994222846666666
0.980283998
0.9871786006666666
1.0225382226666668
0.64167199
0.9911310506666667
0.99862059
0.9818863553333333
0.941228602
0.9719209546666666
1.0339850973333333
0.8803958833333333
1.0043652913333334
0.8055681773333334
1.0247461486666667
0.6447060593333334
0.7909627526666666
1.0018000573333334
1.0103903493333335
0.9675964893333333
0.990810948
1.0014146506666666
0.6589444986666667
0.9933201420000001
1.033263718
0.997009482
0.9018398713333333
0.9957843559999999
0.764371866
0.8597156199999999
1.016512188
1.0013212633333333
0.995807444
0.9954381693333333
0.804142874
1.0331145926666667
0.8178553359999999
0.7084190006666666
0.820950608
0.670554292
0.9349283386666666
1.0206307513333333
0.8900840966666667
0.584241982
0.9901371206666666
1.006601504
0.81339456
1.0004815613333333
0.966692692
1.033040046
1.0306354946666667
0.8697346826666666
1.007475146
1.0317867933333333
0.9189749546666667
0.9978665466666666
0.9995734726666666
1.0021156106666667
0.9824478566666667
0.9927346746666668
1.0356930506666666
1.0314522806666666
1.0022793093333333
0.5933873479999999
0.9016316186666666
1.039037956
0.7673626813333334
1.0315637606666666
1.0023494819999998
0.5515029753333334
0.503507262
1.0054468466666666
0.991188234
0.9994687986666666
0.8410784873333333
1.013250754
1.0020337813333333
0.9967318306666666
1.0047999853333334
1.002162376
1.001987028
0.9958536226666667
0.9391191006666666
1.010259634
0.9958420773333334
0.9909138153333333
1.0274918473333334
0.6794866706666667
0.9808212693333334
0.996246314
1.018827046
0.9872466746666667
1.0238911246666667
1.0392013686666666
0.994677404
0.990868094
0.7597946673333332
0.998829604
0.8939560813333333
0.6679575886666667
1.004353548
0.9985045093333333
0.7463278126666667
0.9621989146666666
0.984722876
0.9932856833333333
0.9800826733333333
1.002630272
1.004894022
0.6332751853333334
0.986793024
0.9442912913333333
1.0000389533333334
1.001893534
0.8320274493333333
0.898697934
0.9970673453333334
0.984316656
0.7335429446666667
1.0178974266666667
1.0354558440000001
0.8217909813333334
1.0012745766666666
0.9964312166666667
0.9977042859999999
1.037682362
1.00648356
1.0350815286666666
0.984722876
1.0315885373333333
0.9727574419999999
0.9694091626666667
1.00517624
0.6987436013333332
1.1524235413333335
0.83636966
0.8262174146666666
0.9958651679999999
0.6680770739999999
1.0079716726666668
0.9951498633333334
1.0231715693333334
0.6446673513333333
0.99862059
1.023732492
1.0086344693333333
0.48539479399999996
0.8115655673333334
1.0089424926666668
0.8600168793333334
0.7516437053333334
0.3427692533333333
1.01004581
0.9688187533333333
0.929113668
0.9997130713333333
0.9830887526666667
1.0037901946666665
0.9661707840000001
0.4983601326666667
1.0578476626666666
1.008421332
1.0185008826666666
1.002782432
1.0025951646666666
1.0261539353333333
0.7959981646666667
0.9974030853333333
1.0010762046666668
0.9741253320000001
1.0112824893333332
1.0339850973333333
0.564158556
0.8368911633333334
1.0322207446666667
1.0033915353333334
1.0056469546666666
0.947405324
1.0257985633333333
1.036392818
0.8255345439999999
0.8174117246666667
0.6228787946666666
0.8858616426666668
1.0341095746666666
0.9017641319999999
0.8804500266666667
1.012211988
0.644948088
1.0283775206666665
1.0011345413333332
1.0033563746666667
1.02608039
0.7843256566666668
1.0319479326666667
1.0363177973333333
0.8313832226666666
1.006530734
0.9386778193333333
0.9430162026666666
1.0190808733333334
1.0048234926666668
1.0020337813333333
0.9083245666666667
1.030858126
0.8953724413333333
0.8131404680000001
0.40071347999999996
0.6588333106666666
0.12934914733333333
0.9961076813333334
1.0257863139999999
0.625564184
1.0015430866666668
1.0010762046666668
1.0003999993333335
1.0349942273333332
1.020764164
0.9946658859999999
0.9986438093333333
0.9918863986666667
1.03422163
0.8683718753333333
1.005611636
0.9604130806666668
1.0042126506666667
1.0320967213333334
1.0017766906666667
0.9846664366666668
0.997009482
0.9906052759999999
1.0140402066666667
0.982717606
1.005611636
0.994435586
0.8508002526666667
0.8726238433333333
1.000504868
0.9990387046666667
0.836752576
0.9966508786666667
0.9986089806666667
0.9935499253333334
0.9901713613333333
0.972162948
1.0017766906666667
0.5958529013333334
1.0062359686666666
1.0310684773333334
0.9920696873333333
1.0616785020000001
1.0118900446666665
1.0009945453333333
1.0071798273333334
0.8875824913333332
0.7956442626666667
0.9989689946666668
0.9910167046666667
0.950392728
1.0052468186666668
1.0302646553333334
0.9958882593333332
0.8405435286666667
1.006813872
1.0001553913333334
1.0218691893333334
1.00275902
0.9965815013333332
1.000271856
1.055715482
1.0132746586666668
1.005505694
1.025982346
1.009120284
0.8462656239999999
1.0025717613333334
0.998794762
1.012331278
1.0022793093333333
1.004353548
0.9808548680000001
0.9941823793333333
1.0125818786666667
0.959179788
0.5750506833333333
1.000504868
0.9939178006666666
1.0042009106666665
1.0389751193333334
0.9720749366666667
0.8850675493333333
0.9851746253333334
0.9989806126666667
0.9931363913333333
1.0015080553333333
1.0054468466666666
0.96780362
0.9923791393333332
0.60306058
0.9937453253333333
1.0343337093333334
0.9894414153333334
0.9935269426666667
0.6135842873333334
0.923420508
1.0345828626666667
0.8920251506666667
0.9660947200000001
0.9977506406666666
0.8212096053333333
0.8746407826666667
1.004905778
0.7301696313333333
1.0005981026666666
1.0062241813333332
1.00245476
0.9996549
1.0164279906666667
0.99699791
1.0083976559999999
1.01181853
1.114287978
1.0009595526666666
1.0000971686666666
0.9957497266666666
1.0211888906666666
0.9921498966666666
0.9704715233333333
0.989099624
1.016584368
0.991554362
0.9966393146666666
0.9728565953333334
1.0235861046666668
1.0007846246666667
0.9914399180000001
1.0362927933333335
0.7997927966666666
0.9801833253333333
1.004095266
1.0006913553333334
0.7407351006666666
0.988428122
0.35592078466666666
1.0325805806666668
0.8411361386666667
1.0288455753333332
0.49028187666666667
1.0023962693333333
1.002209146
0.5932889866666667
0.9968012293333333
1.0046237126666666
1.0062123946666668
0.9993060173333334
0.9896124
0.8862820846666667
0.8375929593333333
0.8329391233333334
0.7837460053333333
1.0034149766666667
1.0236836913333334
0.9964196586666667
0.9878256853333334
1.0307715353333333
1.0187183020000001
1.0078061093333335
1.0092032746666668
0.9970441986666666
0.9064076433333333
1.0309076126666668
1.0253822346666668
0.9943665166666666
1.013788884
0.9966508786666667
1.0042830946666665
1.0153106933333333
1.0020454706666666
0.995588154
1.0045179786666667
1.0023962693333333
0.7442456626666667
0.821806706
0.9819873786666667
1.0303882386666667
0.9567333366666667
0.9672587286666667
0.702532456
0.7680213326666667
1.033674034
0.9803399366666666
0.9683600426666666
1.0036377286666667
1.0086581566666668
0.9071351200000001
0.8215394746666665
0.9950806953333334
1.0355557073333332
0.972162948
0.906321572
0.9600159359999999
1.003145462
0.9720529360000001
0.9961654406666667
0.9895553986666668
1.0024898573333334
0.7955337333333333
1.0038136553333334
0.9873034106666667
1.0044827393333333
0.9575332006666666
1.0126654400000001
1.0342465346666667
1.0273443833333333
0.9231823266666667
0.99410184
1.0217597946666666
0.984768032
1.030796274
0.9013950840000001
0.9470919526666667
1.0019519653333333
0.6339528693333333
1.0076642413333334
0.9863624413333334
0.982886274
1.0030166146666668
1.027307524
1.0067076766666667
1.0082201193333333
0.97473329
0.906044342
0.6134046426666666
1.0036377286666667
0.9874055513333333
1.0056705019999999
0.6231453913333334
0.7760633313333333
0.8552815373333333
1.0183197706666667
0.991542916
0.7709923879999999
0.9658448780000001
1.0057882553333335
1.0132866113333332
1.0339228693333333
0.8898904559999999
0.9896238006666668
0.9880529333333334
0.6884836086666666
0.9898176593333333
1.0062831193333333
1.0335247906666667
1.0786361353333334
0.9932512273333334
0.9879165719999999
0.991771878
0.9245137486666666
1.0002951526666668
0.8224204226666667
1.0294374113333333
0.9510135279999999
1.013860678
1.0050821493333333
1.0184042813333334
1.0116278726666665
1.0252109026666667
1.00404832
1.003825386
0.822908904
0.971931952
1.0238301060000001
0.9966393146666666
1.0111039353333333
1.0010412066666665
0.7787721406666667
0.8008740306666667
1.0397296673333334
0.9980056686666667
0.9967202653333334
0.9991432880000001
1.0124983313333333
0.99488477
1.001157878
1.0032509073333333
1.0074278833333332
1.0034032560000001
0.999027086
0.9975304939999999
1.0010645386666668
0.8550942293333332
1.005023352
0.9783747453333334
1.0302399426666666
1.0346950206666667
0.9969400546666667
1.014112036
0.9991432880000001
1.0297088973333333
0.9960499293333334
1.0038371166666666
1.0240864333333335
0.9665186600000001
1.0112348686666666
1.0252109026666667
1.00210392
0.9933086553333332
0.996789662
0.8224834200000001
0.5101820153333333
1.008978046
0.6636587726666666
1.0339975433333335
1.0470039606666666
1.0018351093333333
1.0033446546666667
1.0091795613333334
1.0260068553333335
0.993699342
0.8743647920000001
0.9147375666666667
0.97258122
0.9525426753333333
1.008125458
1.0116040453333333
1.0352436986666667
0.8975710633333334
1.0033446546666667
0.9973799233333334
1.0342963473333333
1.0372563326666666
0.9952766973333333
1.0041187406666667
0.9993525206666667
0.9942629306666666
0.83906565
0.9993408946666666
1.0000156686666666
1.001765008
0.9942053926666667
1.0095353740000002
0.9967318306666666
1.002700494
1.009654034
0.9946889219999999
0.9241656186666667
1.0366554746666667
1.0009012366666665
0.8056588440000001
0.9724160693333334
0.7206079153333333
0.976983792
0.9943550059999999
0.8500172766666666
0.9874963606666667
0.8552474753333332
0.831198192
1.003192324
1.0021156106666667
0.9864417306666666
0.8957832786666666
0.9993874013333334
1.0332388606666667
0.8512892913333333
1.0058824773333335
1.035331042
0.6030478786666666
1.0066722833333333
0.5753279926666667
1.008267456
1.000073882
1.0791103979999999
1.0037432773333332
0.9868950586666666
0.9991316666666666
0.9831000033333334
0.9968475
1.0199399893333332
0.633943512
1.0218084113333332
0.8403626200000001
0.9731431506666666
0.9914284746666667
1.0370935313333334
0.9988179893333333
0.8545753046666666
1.055949082
1.0046237126666666
1.0376447573333334
0.8650139566666667
1.0317620073333333
1.0133941993333333
1.0271355486666667
1.0270127439999999
0.7754188186666667
0.8646134466666667
1.0079361900000001
0.96633382
0.9949193393333333
1.0088832426666665
1.0014380006666668
1.0016131566666666
0.9949308633333334
0.8265990426666667
0.9924250006666666
1.0076406006666667
0.603094452
0.4503077
1.0302770126666665
0.9997363413333334
0.634238398
0.9652262613333334
1.0001088126666666
0.9974957433333334
0.9054713013333333
1.0005631373333335
0.9661599173333334
0.8223338173333333
1.0028526753333333
0.5886621433333333
0.9153028933333334
1.0130356619999998
0.9994687986666666
1.1648158646666666
0.989373038
1.0026185693333334
1.0038957753333333
1.012892318
1.016921344
0.8406175593333334
0.9660947200000001
0.9840347553333333
0.6562461966666666
0.9940098119999999
0.5932193333333333
0.8184943586666666
1.001893534
1.0000505960000001
1.0088003046666667
1.0114372873333333
1.0130476093333334
0.8602580386666667
0.9993060173333334
1.0266076979999998
0.9269980353333334
1.0336615953333332
1.0288332526666666
1.031972728
1.0101527106666668
1.0219056593333333
1.0104260046666667
0.9974030853333333
0.9975304939999999
0.9027402520000001
1.0023611786666666
1.0025249573333335
0.9798031926666666
1.0008196053333334
0.9430369086666667
0.9855250160000001
0.7957400800000001
0.9586445613333333
1.028069822
1.0005631373333335
0.9597048906666668
1.003192324
0.5953697066666667
0.9967087
0.998365248
0.6585858
1.0080899653333333
0.7913999866666667
1.005906036
0.9975536626666667
1.0255536233333333
1.0339602053333332
0.99223012
1.0044357566666666
1.0817331273333333
0.8455991686666666
1.03305247
0.9029205433333333
1.00205716
1.0198915499999999
1.0348072026666666
0.9467683533333334
1.0304871266666666
1.0016481953333334
0.9873261066666668
0.8271641813333334
1.0343835306666667
0.6052702313333334
1.01181853
0.6447786486666667
0.38798609733333334
0.9907766633333334
0.4436858013333333
0.9964774533333333
0.999794522
1.0011345413333332
1.009843948
0.662542872
1.01751159
0.9399514800000001
1.0194800006666667
0.9960499293333334
1.00086625
1.01016459
1.018186996
0.8758000626666667
0.6338312473333334
0.5047439593333334
0.9989109106666666
0.9994339126666667
0.9802728113333332
0.9712286406666667
1.0350191693333333
1.0237202913333334
1.0009712166666667
1.0043770353333332
0.996442776
0.9998643473333333
0.9944931513333333
1.02910442
1.0077588153333332
0.575042984
0.9906395486666667
0.99179478
0.9944125619999999
0.992046772
0.8745784473333333
0.9976115893333334
0.994424074
0.9830100006666667
1.0051997653333333
1.0082201193333333
1.0013679553333332
0.9932512273333334
0.99713679
0.9986089806666667
0.9939293013333332
0.58406322
0.9826838793333333
1.004306578
1.0375319586666667
1.001111206
0.90508014
1.0268408673333334
1.00371982
1.031229392
0.5935677626666667
1.0003533980000001
1.0128326033333332
1.000190328
0.8402064433333333
0.5931578886666667
1.0020688493333334
1.010271516
0.9525532379999999
0.6708161206666667
0.7235457033333333
0.6440969520000001
0.895820646
0.9847002993333334
0.822388928
1.0112467733333332
1.0000505960000001
0.8703427286666666
0.514478246
0.5155806533333334
1.012176206
0.5395924813333334
1.0245383686666667
1.0163678586666667
1.0006796973333334
1.033773554
1.0031688926666666
0.9628352400000001
1.0035556506666667
0.9937683186666666
0.9203435606666667
0.998318836
1.0013212633333333
0.9190732793333334
0.7708886006666666
0.997009482
1.0008079453333334
0.9937338293333334
0.6588990086666667
0.7297292246666666
0.8652230653333333
1.0029580586666667
1.0044240119999999
1.0065425286666667
1.0130476093333334
0.99814483
1.0063302746666667
0.5933545573333333
0.9238574940000001
0.9378784126666666
1.0336615953333332
1.0079598446666667
0.8671708806666667
1.0035790999999998
0.737238518
0.6737996306666666
1.0098795653333332
1.00431832
0.9297069713333334
1.0271109853333333
0.987632606
0.99470044
0.9815273313333334
0.94715461
1.0136931746666666
1.0298323473333333
1.0328909853333332
1.039402562
0.9938258066666668
0.8267740733333333
0.9979013233333334
1.000073882
1.001916906
1.016993582
0.9934120426666667
1.0021740686666667
1.0243673193333334
1.00323919
0.9695404626666667
1.000190328
1.009250704
0.92937503
1.00505863
0.985185924
1.0046707126666667
0.8364592473333333
0.723210658
0.9817629113333334
1.0059767173333334
0.9352133466666668
1.0392893813333333
1.011330114
0.8886384373333334
1.0303758793333333
0.9962925333333332
1.010485436
0.8698315606666667
0.995738184
0.9996200006666667
0.987632606
0.998365248
0.9930675026666667
1.001858478
0.997588418
0.45591228733333333
1.00323919
0.6152631246666667
0.6501517226666667
1.0251130246666667
0.8652317806666666
1.0113420213333333
0.9048417926666666
0.9707237646666668
1.0046119633333332
0.9595333653333333
0.9234800726666668
0.7914437360000001
0.47350943133333334
0.8799629766666667
1.0030868913333333
1.00505863
0.9171009773333334
1.0103903493333335
1.018211134
1.0341842753333335
1.0225990873333333
0.999375774
0.8655630826666667
0.633461988
1.0213345926666666
0.9963965426666667
0.7754608199999999
0.9671498239999999
1.0182714846666665
0.8463740226666667
1.001987028
0.9803287486666666
1.0358429213333333
1.1009772486666667
0.8906193526666666
0.8802785953333334
1.009701506
1.0343088006666667
1.0028058453333333
1.0078061093333335
0.9940443206666667
1.0296595253333334
1.0083739806666667
1.0282421106666668
1.0299434773333334
0.77632284
1.0273566706666668
1.0016598753333332
0.9973336033333333
1.018355988
0.9969516253333333
1.0009828806666665
0.9874396026666666
1.0005165213333334
0.9905824293333333
1.0068256726666667
1.0028878006666666
0.967760006
0.9351115386666667
1.0024898573333334
0.9992246459999999
1.0091321386666667
1.0045179786666667
0.996986338
1.0009362253333334
1.0272706673333334
1.024929554
0.9993641473333333
0.9999458219999999
1.003755006
0.99945717
0.9941478606666666
1.0329530886666667
1.0325061113333334
0.976484016
1.0295237780000002
0.8652056353333334
1.0350191693333333
1.0290920906666667
0.7711031253333334
0.8545753046666666
0.6055817286666667
0.9690482713333334
1.018005996
0.9945046646666666
1.010140832
0.974888164
0.9905024726666667
1.017342878
1.035094002
1.05909977
1.004905778
0.9471441666666667
1.0037901946666665
0.9959344453333333
1.0265954286666668
0.9956573926666666
0.9354679653333333
1.0114849266666668
0.7703700846666667
1.0302152306666668
0.932178818
0.9912568626666666
0.744594032
0.686305316
1.0262152313333333
0.3089304446666667
0.9834601793333333
0.9978549546666666
0.9176202146666667
0.99777382
1.0191534186666666
0.7717127473333333
0.991382706
0.6130981746666666
1.0076169606666667
0.623276514
0.990034414
1.0186578979999998
0.9178849579999999
1.0000855253333334
1.005140954
0.9960499293333334
0.6208888093333333
1.0320099226666666
0.6107703013333333
0.7749641013333334
0.9873034106666667
0.9948732473333333
1.0356805633333332
1.03528113
1.0226599593333334
0.8758625726666668
0.801539134
0.935518906
0.8535393426666666
0.5843055686666666
0.8857976973333332
0.593309476
1.0020688493333334
0.612936308
1.0055998633333334
0.8221764
0.9900115933333333
0.977873546
0.9919894899999999
0.9820322840000001
1.0041891713333333
0.6393318293333333
1.034657632
0.9754638419999999
0.5926626966666667
0.8034058113333333
1.0243551033333333
1.0055527766666668
1.0296595253333334
0.845050132
1.004259612
1.005611636
0.27077426866666665
0.9352337113333333
0.8800260826666666
0.973451938
0.969343526
1.0035204786666667
1.017379026
1.0014613506666665
0.8405928813333333
1.0251497266666667
0.9990735633333334
1.0021740686666667
0.9968475
0.984294098
0.9722399713333333
0.8267740733333333
0.9992130226666667
0.7834815113333334
0.9973683433333334
1.001893534
1.0012512346666667
1.02334222
1.0086818446666665
0.9860227733333333
1.00833847
0.9588050666666666
1.0050468706666666
0.9963272006666666
1.0025834626666665
1.0049998353333334
0.8456074926666667
0.9782521826666666
1.0015547646666667
1.0068728786666667
0.9979245093333334
1.0031337473333333
1.0023026993333333
1.04071222
0.9923791393333332
0.9921613566666666
1.0041422166666667
1.0012979193333333
0.9901827753333333
1.0076642413333334
0.7864080006666666
0.7755378326666668
1.0036846366666667
0.97669497
0.6680614866666666
0.9948041173333333
1.0300916886666667
0.9949769606666667
1.004506232
0.9824029133333333
1.0133702893333334
0.9484095073333333
0.9986902513333333
0.8050396986666666
0.994631334
1.0009945453333333
1.0101051966666668
0.940136654
1.0227208380000001
0.9997363413333334
1.0014380006666668
0.8310293226666666
0.8681787906666667
1.001566442
1.0094523286666666
0.99713679
1.0100220573333332
1.0192622566666667
0.9850729453333333
1.00871738
1.007168018
0.8905270213333333
0.9915085813333333
1.0016949173333334
1.0332015773333332
1.0014613506666665
0.9838431553333333
0.7447295973333333
0.9948732473333333
1.0229157
0.9725371740000001
0.6675630726666667
1.0101764693333333
1.0089187913333333
1.024110852
0.9960037326666668
1.0080308153333333
1.0258843206666668
0.9965583773333333
1.008196452
0.999689802
0.826471794
0.9998410706666667
0.603085984
0.6183189793333334
0.99780859
0.9961769926666666
1.0036025506666666
0.974224764
0.8465408433333333
0.998864448
0.6033359033333333
1.0019402786666667
0.9964890133333333
0.996627752
1.0120092593333334
0.9292744886666666
1.0353934393333335
0.647212564
0.9915314706666667
1.0041187406666667
1.021771948
1.0341718246666667
0.861872112
0.850345446
0.9167681906666667
0.99915491
0.6395317453333333
1.0252109026666667
0.9963272006666666
1.0116278726666665
0.6032808186666667
0.9984696900000001
1.0016715553333333
0.9992478933333333
0.9956573926666666
0.9841813233333334
1.0049410473333333
1.0028526753333333
1.0000855253333334
0.996627752
0.8491433959999999
0.978207622
0.6230640326666667
1.001204554
0.978452756
0.999027086
1.0109968333333332
1.0381338333333334
1.018355988
1.0291783993333334
1.0014496753333333
1.0069200893333334
1.0284513953333334
0.5520346126666666
0.8807659946666666
0.9333233293333333
0.9951152780000001
0.9934579993333333
1.034769806
1.0075578666666667
0.9728345593333333
0.9757962733333334
0.8645612333333333
0.8452164313333332
1.004647212
0.8450917006666667
0.998864448
0.9880642986666667
0.8499331713333332
0.9110025973333333
0.9759182213333334
0.9986438093333333
1.0038019246666665
0.9874396026666666
1.0142677013333334
0.8449753186666666
0.9773506193333332
1.00614168
0.8507581206666667
0.6583889346666667
1.0028058453333333
1.1067364033333333
1.0029697693333333
0.5121103753333334
0.9970904926666667
0.9953458933333333
0.9684583006666667
0.8904716313333333
0.9978665466666666
1.0036142766666667
0.8134869966666667
1.1428256333333333
0.9957843559999999
0.9363244993333333
1.0086463126666665
0.9923447460000001
0.9734409066666667
1.0030049033333333
1.006012062
1.0104141193333334
0.9965121333333333
0.9000256273333332
1.0121404273333332
0.794746178
1.0074160686666667
1.0241963266666667
1.028069822
0.9398486373333333
1.015851014
1.016849116
1.0153346953333333
0.994562238
0.9945507226666667
1.005505694
1.0022442266666667
0.9360082153333333
0.9890085193333332
0.999492058
1.0079480173333333
1.0113182073333333
0.5378188173333333
1.0022559206666666
1.0017065980000002
1.0069082866666665
0.8853777153333334
0.993699342
0.7405116026666666
0.9984000593333333
0.9804294513333333
1.0123432086666666
0.9735622666666667
1.0218935026666667
0.9973915046666666
0.9946889219999999
0.8923958353333334
0.8318662993333334
0.9956804746666666
1.0205458706666666
0.8357512180000001
1.0281559593333334
1.0033915353333334
0.924633168
1.0320471206666666
1.0156948626666666
0.9840009386666667
0.9991432880000001
0.9850729453333333
1.0048117386666666
0.9663664333333333
0.9595333653333333
1.0009712166666667
0.9767171813333333
1.002162376
0.9973915046666666
0.906445902
1.0062713313333334
0.9774173446666667
1.0294374113333333
0.98767803
1.0317000473333333
0.9946083013333333
0.8217123693333332
1.0000505960000001
0.9971252153333333
1.0067902706666667
0.9982376253333334
0.8892824186666667
0.99533436
1.0034149766666667
0.9247725293333333
0.8796926266666666
1.0021389926666668
0.984463308
1.021771948
1.0077706386666667
0.9757297686666667
0.9999807446666668
0.96062789
0.7792242706666666
1.01660843
1.0004815613333333
1.0333382966666667
0.9835840506666667
0.9963040886666666
1.0274058213333332
0.993607388
0.9888377433333333
1.0015781206666667
1.0069436966666667
1.0101289533333333
1.0134778946666667
0.9129972460000001
1.0158990706666666
0.8363452306666667
0.9818863553333333
0.9780182846666666
1.0355432233333333
0.9364163640000001
0.7962933226666667
0.9668014939999999
0.6772260006666667
0.991188234
1.026190712
1.0002602086666668
1.0032509073333333
1.0319355353333333
0.996257868
1.0351688446666667
0.9699674333333334
0.977695466
0.6131244313333333
0.9997828853333334
0.8861266573333334
0.63381254
0.9972409753333333
0.6227207513333334
1.0225503946666665
0.9974957433333334
0.9515824293333334
0.9937338293333334
1.0282790373333335
0.84699994
1.0158390006666667
0.723149774
0.98704248
1.0325061113333334
0.998841218
1.0288825453333335
0.9951152780000001
0.8816519133333333
0.65299854
1.007888884
0.93352619
0.4321675246666667
1.012999822
0.99603838
0.9973683433333334
0.9893046706666667
0.9529759473333334
0.80093377
0.9942399146666666
1.0243795353333334
1.024685028
0.8369645520000001
1.0356805633333332
0.9907081013333333
1.0039192406666666
0.9390985666666667
0.9971252153333333
1.0083976559999999
0.5934447406666666
0.9912454233333333
0.9152638826666666
1.0104973226666667
1.0235861046666668
1.0018234246666666
0.488639172
0.9667797313333334
1.0024664586666667
0.9815049006666666
0.9348367660000001
1.022672134
0.935518906
0.982773822
1.0000505960000001
0.8442611026666667
1.039037956
1.0293880659999999
0.990023004
0.8042708693333334
0.8646221493333334
1.006094542
0.9804070706666667
1.0099864306666666
1.0295237780000002
1.0274795566666666
0.90221876
1.026276534
0.930916032
0.9072500913333333
1.012331278
1.003051752
0.667614956
0.612988796
0.9928035173333333
1.0111515433333333
0.859062184
0.6239964106666667
1.01579095
1.0022676146666667
0.8180578446666666
1.0029229286666668
0.8132636446666667
0.9753863073333333
1.004506232
0.9885873786666666
1.018283556
1.0131192980000001
1.0032626246666667
0.966899436
0.9964312166666667
1.0131909973333333
1.01499877
1.0000855253333334
0.8705808906666667
1.0473869500000001
1.0233909873333333
0.9990735633333334
1.0285868606666666
1.0357929593333333
0.6451709146666667
1.025957838
1.025663832
1.0250640926666668
1.0025132573333333
1.0261784526666666
0.999922542
0.645020732
0.7477636206666666
1.0314027413333333
0.3024603553333333
0.5104973433333334
0.771671152
1.0064245986666667
1.0643885100000001
0.9298478666666666
0.5953119413333333
1.0263623713333334
1.0308333846666666
1.0005514833333333
1.0293387246666665
0.9283003646666667
0.9295258833333334
0.929465536
0.971536214
0.8470584059999999
0.9535366146666667
0.8583925846666666
1.020061108
1.0016131566666666
0.9737057313333333
1.0384601406666667
1.0013095913333334
0.9929871446666666
0.9992013993333333
0.846499132
0.9633103353333332
0.9969053446666667
0.6645367233333334
0.9854684846666667
0.9972641306666666
1.01486686
0.593534952
1.0303388020000002
0.6332238333333333
0.9875417713333333
1.0079716726666668
1.0038840433333334
1.0304376806666666
1.0006563833333333
0.6337564253333333
1.019032516
1.018114588
1.0127251346666666
1.012605752
0.9982260253333334
1.0142916546666667
1.0263010573333333
0.8802605539999999
0.9930101026666667
0.8748545726666667
1.0121046506666667
0.99357291
0.501452682
0.9950576413333333
1.0165001586666667
1.030536578
0.907863766
0.8090126573333334
1.02910442
1.0334253186666666
1.0015547646666667
0.9119116946666667
1.025443438
1.0014963786666666
0.9970441986666666
0.8991965366666667
1.028106736
1.0328288893333333
0.9887466866666667
1.0242207506666667
1.0208248173333334
0.9999109026666667
0.6669255653333332
0.9694638666666666
1.0207399046666665
1.0230862653333335
1.002864384
0.99179478
1.08326098
0.9933775779999999
1.000504868
0.950876672
0.9905710059999999
1.0000273106666666
1.0058589199999999
0.8140420566666666
1.0032626246666667
0.9924020693333333
1.0076997046666667
0.7371056659999999
1.00275902
0.8358325393333333
1.0053997746666667
1.0055410053333333
0.95865526
0.9795015326666666
1.002536658
0.9720309366666667
0.3627904493333333
1.0321835346666666
0.9845761466666666
0.5194058886666667
1.014088092
0.879872842
0.9992362693333333
0.48683355133333334
0.9830100006666667
0.6171018686666666
0.6228020206666667
1.0007962846666667
0.8806666659999999
0.9940213146666667
0.9937568219999999
0.8736889066666667
0.9290935686666667
0.8131635606666667
0.9983072333333333
1.0177768213333334
1.001566442
1.0383220626666667
0.931339946
1.0295978173333333
0.999271142
0.6442998600000001
0.9362122453333334
0.8361254286666667
0.7146070953333333
1.0225382226666668
0.9980984386666667
0.9877121000000001
1.0015430866666668
0.9986554193333333
1.00371982
0.8329795093333334
1.0039661746666668
1.0011695466666666
0.9920696873333333
1.0091795613333334
0.7444004533333334
0.8773744539999999
0.9964890133333333
1.0064128073333334
1.1881453713333334
0.9823355053333334
0.987632606
0.8868036206666667
0.9965352553333334
0.912318474
0.7159173726666667
0.804376308
1.0079480173333333
1.0292153933333335
1.0319355353333333
0.9767171813333333
1.0018234246666666
1.0323075786666667
0.8306275293333333
1.002478158
1.001111206
0.7712831406666666
0.6263213433333333
1.0067784706666667
0.8311177693333334
0.8418450753333333
1.0016598753333332
1.0143036313333333
0.9294957086666666
0.97172305
1.007286122
0.9762398673333333
1.008978046
0.9870878493333333
0.9980288593333333
1.033040046
1.0303388020000002
0.6130237926666667
0.7868762506666667
0.891552974
0.9410945473333333
1.0035087553333333
0.9992013993333333
1.018114588
0.9850051706666666
1.0335247906666667
0.9921155193333334
0.9993408946666666
0.9832575480000001
0.9934235313333334
1.0033915353333334
1.0010295406666667
0.9247924413333334
0.8400256793333333
0.9976695226666668
0.9296164186666667
1.0305613053333333
0.9418478113333334
0.973132126
0.9951498633333334
0.9291337673333334
0.79661825
0.6885884706666667
0.9961654406666667
0.7953569493333332
1.0200974493333332
0.985276326
0.9966161886666667
1.0017299613333333
0.6096649013333333
0.9867023433333334
0.9849599926666667
0.995807444
0.9274083753333333
0.997032626
1.0090373066666667
0.999922542
0.9985161159999999
1.0025717613333334
1.015778938
0.9768282513333334
1.0000040273333335
0.9196636713333334
0.8631191686666666
1.0185612673333333
0.9940098119999999
1.0029229286666668
0.9984812959999999
1.0072979340000001
0.9974146666666667
0.9574264753333334
1.0047412206666666
1.0236348960000001
0.779967184
1.0371436186666667
0.9939523026666668
1.0032977786666668
1.0015314093333334
0.9080845080000001
1.0338233213333332
1.0386610473333333
1.0038723113333334
1.0008079453333334
0.8394018206666667
0.6028785806666667
1.0001321013333333
1.008504208
0.995969088
1.00746333
0.900601236
1.033127018
0.9967318306666666
0.9912683013333333
0.96989077
1.0370684893333333
0.962252808
0.55001278
1.025921078
0.99129118
0.7299214493333334
0.9916459360000001
0.3756854273333333
0.8280652233333333
0.9987250860000001
0.4659453006666667
0.759096376
0.9992246459999999
1.0090965746666667
0.771290066
1.0024313626666668
0.9240860826666667
1.031229392
1.0336367193333333
1.022708662
0.8450667593333333
1.034832136
1.0228304386666667
0.989646604
0.99533436
1.029079762
1.0304994893333332
0.9995036873333334
0.990251264
0.9894528126666667
0.9942053926666667
0.9976926979999999
1.03775758
1.0256515853333334
0.8356292646666668
1.002876092
1.0083621433333332
1.016752828
1.026350108
0.9882802860000001
1.0025015573333333
0.9855702460000001
0.9964080999999999
1.0021857606666666
0.9944701239999999
0.925559714
1.0079953286666667
0.987008456
1.0019987160000001
1.0297088973333333
1.0070735546666667
0.9962232059999999
1.0134181106666666
1.0018818486666667
0.8268456986666667
0.7899080973333333
0.997298866
1.143068956
1.1114908313333334
0.9125219999999999
1.0262029713333334
0.9475829933333333
1.0107232306666667
0.9185032873333333
1.0195284013333332
0.9304118746666666
0.9829537573333333
0.9217459213333333
1.103367234
0.9699017206666667
0.8556563993333333
0.9920238586666666
1.02991878
0.9940328173333334
1.0363177973333333
1.0044357566666666
0.9951613926666667
1.007014524
0.6271215406666667
1.0068846813333332
1.0291783993333334
1.0029931920000001
1.0135855233333333
0.9787203153333334
0.5419311946666666
1.0167648626666668
1.026288796
1.0314522806666666
1.0299558266666666
1.0040248486666665
1.0256393393333332
0.6446915433333333
0.9992943919999999
0.8358569393333334
0.8217202293333333
1.0181628586666667
0.9954843133333334
0.9941363553333334
0.612656524
0.9778178893333334
1.0017416433333333
0.92955606
0.541722716
0.584472548
1.0044827393333333
1.00952351
0.8234137513333334
1.0313160593333333
1.0046824633333333
1.004635462
1.0087884573333334
0.9945276933333332
0.982762578
0.909729048
0.850791826
0.6561509533333334
0.999259518
1.0099864306666666
1.0044592473333334
0.9595440839999999
1.0091677053333332
0.84235691
0.8219639820000001
1.00289951
0.6445947873333334
1.00869369
0.9995036873333334
0.9968706373333333
1.0185371126666667
1.0002252666666667
1.004905778
0.9764285166666666
0.9980868413333333
1.1349136706666667
1.034719948
1.0223921766666668
0.9671824926666667
0.9992013993333333
1.0069318926666666
0.6023670326666667
0.9907195273333333
0.9786980133333333
1.0302399426666666
0.9882461766666667
0.60317915
1.0111158366666666
0.990856664
1.003497032
0.9996665339999999
1.0003999993333335
1.0178129999999999
1.0316628746666667
0.8643698393333334
0.770501376
1.0074396986666667
0.6681394306666667
1.0334501846666666
0.9016505466666668
0.9998876246666667
0.8455991686666666
0.7160128526666667
0.6679627826666666
0.9988876786666666
0.9288825846666667
1.0111872526666665
0.6338499553333333
0.6889916573333333
0.9979592906666667
1.0033915353333334
1.027909892
1.0277008266666667
1.0047882313333334
0.991474248
1.034557942
1.0296471833333334
0.9603164473333333
0.9464032646666666
1.0298940833333332
0.928099768
0.998110036
0.913288458
1.0108064853333334
1.0175598033333333
0.8930638446666667
1.0088239993333332
0.6420076973333333
1.002127302
1.0271846786666667
0.8652492106666667
0.5817413493333333
0.5387193926666667
1.026669048
0.8965592933333334
1.0106043193333334
1.02024284
0.9489123979999999
0.7589555306666667
1.0647447313333334
0.8717471193333334
1.0854099813333333
0.9898176593333333
1.0245628093333332
0.6034291466666667
1.0341967266666667
0.991577254
1.0016014773333333
1.0147589593333333
0.9985857633333334
1.0018467933333333
0.9764618153333332
0.9874736566666668
0.644865778
1.0006796973333334
0.8691450733333332
0.880441002
0.8703603653333333
1.0078179333333332
0.9736064053333333
0.99699791
0.9727243953333333
0.9953228266666667
1.016788934
0.6033104786666666
0.9840122106666666
1.0082556213333334
1.000574792
1.0215896713333332
0.992746148
1.0000622386666667
0.5666632313333334
0.9953689606666667
0.8751130413333333
1.0326674753333334
1.0026770853333333
0.76020484
1.004635462
1.0031103186666666
1.0086463126666665
0.992046772
1.0018818486666667
1.0040013779999999
1.0079007100000001
0.7916552626666666
0.9990387046666667
0.7226995506666667
0.6284383
0.9252406926666666
1.00021362
0.978887614
0.99780859
1.0241841153333333
1.0232568873333332
0.9681526733333333
0.8687583026666666
0.6127920126666667
1.0065071466666666
1.0282790373333335
1.0247461486666667
0.9996200006666667
1.002162376
1.0311551173333333
0.9951729220000001
0.999271142
1.035468326
1.047706322
1.0293387246666665
0.9860567293333333
0.9849261119999999
1.0066958786666667
1.0044592473333334
1.0338855366666666
0.8758268513333334
1.0312789146666668
1.003145462
1.0047177166666668
0.98613597
0.872721366
0.990868094
1.0070263293333335
1.0045767173333333
0.8089059999999999
0.898462936
1.0000622386666667
0.968436464
0.842224764
0.8504969939999999
0.99955021
0.8855602673333333
0.9971830920000001
0.9698469673333334
0.9932512273333334
1.0023143946666668
0.9686985726666667
1.0365553993333334
0.84333277
0.8708280119999999
0.8706250093333333
1.0111277386666668
0.9369883713333333
0.8545838066666667
0.9984812959999999
1.0055880913333333
0.967760006
0.5932644013333334
0.9898518773333334
1.0067902706666667
1.0466084986666666
1.0029814806666666
1.0237446926666667
0.984057302
0.9600588546666666
0.9944816373333333
0.5499458753333333
0.9298378013333333
0.8405435286666667
0.918120414
1.01167553
1.0299805266666666
0.46581896333333334
0.9470815106666667
0.8450002546666666
1.001788374
1.0092744206666666
0.9863850940000001
0.893770052
0.799956658
0.9572984353333333
0.9844520253333333
0.8792334126666667
1.000504868
1.0251374926666668
0.9038421046666667
0.5884443846666666
1.0014029766666666
0.8506654446666666
0.9665947913333333
1.0022559206666666
1.003075178
0.985830398
1.0136333653333334
1.000236914
0.7842683693333333
0.6927701820000001
0.824979552
0.9731872513333333
0.986963094
0.995980636
0.8542268733333334
1.0145192619999999
0.6232584253333333
1.0281928793333333
1.00256006
0.995126806
1.0204125146666667
0.9653130373333333
1.0117112766666667
0.7558235453333333
0.9371212586666667
0.8707662186666666
1.0032157560000001
0.8036538546666667
1.0311798746666667
0.9998643473333333
0.9849712866666667
1.0076524206666666
1.0153947060000001
1.0320347206666667
0.9979129160000001
0.9973567626666666
1.0170297053333335
1.0039544406666667
0.999934182
1.0052585833333332
0.8033832693333334
0.6337236966666667
0.8909149413333333
1.007676062
0.9993990286666667
0.947008422
0.940476328
0.9931938060000001
0.6338218933333334
1.0068610766666668
0.8501855373333332
1.0243917513333334
0.44922676933333333
0.976983792
1.030079336
1.0332388606666667
1.0137051373333335
0.8503201933333333
0.974191618
0.9908795239999999
1.0021974533333333
1.0278606926666667
0.8406340126666667
1.027959096
0.598122382
1.0330027766666667
0.9993990286666667
0.9716351186666667
1.0107232306666667
1.0296224999999999
1.0027356086666668
0.9681526733333333
1.0017299613333333
0.9424264753333333
0.5940603600000001
0.9327456586666667
1.0014847026666667
1.0049763193333334
0.9996549
0.99533436
1.0157669266666667
0.9906052759999999
0.8754965693333333
0.9883712566666667
0.6989198466666666
1.001683236
0.9938373046666668
1.033325866
0.9993525206666667
1.0054468466666666
0.9996665339999999
0.993975306
1.0038371166666666
1.0191534186666666
0.9842151533333334
0.9963272006666666
1.0206186246666666
1.0013212633333333
1.0037784646666668
0.8183228153333333
0.9700002926666667
0.7788074446666666
0.9079597273333334
0.947217276
0.9792447093333333
0.6710466993333334
0.999271142
1.0029463486666668
0.979412188
1.092658474
0.9837755499999999
0.9805637533333333
0.9997712486666666
1.0252598486666666
0.9973799233333334
0.999515318
1.02932639
0.996211652
0.8582039113333334
1.0047882313333334
0.6337657773333334
1.0117351086666666
1.0308704973333334
0.995980636
1.0193711173333333
0.9976811106666668
0.9945046646666666
1.0023494819999998
0.9968475
0.99915491
0.6240462766666667
0.9826276733333335
0.9933431153333333
1.0303140853333332
1.020594372
1.0047294686666668
0.98767803
0.62302788
0.9999458219999999
0.8863552453333333
0.5777659046666667
1.016199526
1.0126654400000001
1.0155147473333332
0.6127876406666667
1.0189720746666666
1.00833847
1.0342589873333332
0.9989922306666668
1.0236348960000001
1.0021389926666668
1.0004932146666667
0.9324216653333333
0.978285606
0.9932512273333334
0.9074130180000001
0.9951959813333333
1.0080899653333333
1.0362302873333333
1.0253577546666668
0.992539672
0.9968475
0.9983072333333333
0.9943665166666666
0.8752646286666667
0.9999691033333333
0.736776906
1.000365048
0.9070584886666667
0.7920129260000001
1.0359428586666666
1.033412886
0.934663844
0.9882916566666666
0.7340130559999999
0.9868043599999999
1.005505694
0.9933431153333333
0.8305391866666667
0.7962711786666667
0.880188396
0.929535942
1.000737988
1.0039779093333334
1.0005281746666665
0.996916914
0.9931478739999999
1.0202913126666666
0.9995385786666667
1.0075696846666666
0.5661030586666667
0.9992013993333333
1.0299681766666666
0.6029420560000001
1.030141102
1.0343835306666667
1.0138846113333333
0.9851294313333333
0.9048417926666666
1.015562772
0.8089364706666667
0.88472115
0.9739927873333333
0.9957959000000001
1.0295114386666668
1.0038136553333334
0.92573926
0.991577254
1.0039661746666668
0.9938258066666668
1.030079336
0.8944028686666667
1.0024196646666665
1.0311922533333333
0.9973567626666666
1.0052703473333333
1.0356930506666666
0.9985857633333334
1.005023352
0.9883371406666667
1.0048822666666666
0.99814483
0.929465536
0.9972293986666667
0.9956804746666666
0.6795834326666667
0.999596736
1.0007263293333333
0.705602526
1.0032743426666666
0.6445367473333333
0.8920436773333332
0.9889857453333334
0.9976463486666667
1.0103903493333335
0.9697593753333333
1.0064245986666667
1.000190328
0.9998410706666667
0.8406422393333334
1.0045767173333333
0.8760501559999999
1.0053291739999999
1.0012512346666667
0.7841609773333333
0.869884412
0.9873034106666667
1.0266322373333334
1.0229887926666668
0.997797
1.0176803573333333
0.9725591966666666
1.0283282766666666
0.9918978526666666
0.978597666
0.994193886
0.9186801053333333
0.8000237113333333
1.0002602086666668
0.9885418713333334
0.9719979393333333
1.035056584
0.8261300073333333
0.6503141513333334
0.4238531253333333
0.976250962
0.5242912
1.0075815033333333
0.6554250066666667
0.7476529780000001
0.8510278386666668
1.036630454
0.747991518
0.3081911513333333
0.7444456126666668
0.997426248
0.9302909580000001
0.6236792706666667
1.0390882313333334
0.9864304026666667
1.0015314093333334
1.0039779093333334
1.0044240119999999
0.9303312599999999
0.9912225466666668
0.9795797233333333
0.9979013233333334
1.0034853086666666
1.0025132573333333
1.0038957753333333
0.993607388
1.0163197579999999
1.005505694
0.9949423866666666
1.0282051866666668
0.9985741546666667
0.929948532
0.9703838173333333
0.8433658893333333
0.8649181486666666
0.6285808593333334
1.0325805806666668
0.5641400306666667
1.0299064313333333
1.0036142766666667
0.99777382
1.0223313366666666
0.9712286406666667
0.9674875086666666
1.0021156106666667
1.0033329353333333
1.0302770126666665
0.8224991706666667
1.010687554
0.8758089920000001
1.006012062
1.0032743426666666
0.9832800586666667
1.0269881866666666
0.9987018626666666
0.8875091273333334
0.9991084246666666
0.5459056506666666
0.9782744646666667
1.033313436
1.0035439266666668
1.029264722
0.8450584453333333
0.9921040613333333
1.0221610233333334
0.9975304939999999
0.923440362
1.007014524
1.0112229640000001
0.8427535973333333
1.0078415826666667
1.02268431
0.5156332666666666
0.9009129379999999
0.9880870293333334
0.9743352679999999
0.633966906
1.0012979193333333
0.8328422139999999
1.025602602
0.6235253473333333
1.013202948
0.9832462933333332
1.0312541526666668
0.8326646046666667
0.977628702
0.5888275860000001
1.0037784646666668
0.7647869966666667
0.9663773053333333
0.6131113026666667
0.9245137486666666
1.004095266
0.9861472906666666
0.9716790826666667
1.0318115806666666
1.00985582
0.9852876273333333
1.025602602
0.9089493133333334
0.9945046646666666
0.999259518
1.0263991626666666
0.9944010499999999
1.016752828
1.0083029620000001
0.994378028
1.0047177166666668
0.976606136
0.6862559693333332
0.9971483653333333
0.752783268
0.996465894
1.0028526753333333
1.0298323473333333
0.53419659
0.998794762
1.0007729653333335
1.0357430026666665
0.8410043753333333
0.6127177046666666
0.6773381426666667
0.7293822360000001
0.9939983093333333
0.9976463486666667
0.9631159213333333
1.0200853353333335
0.9720749366666667
0.8777240913333333
1.002700494
1.033611844
0.6229872133333333
0.9992478933333333
0.99608458
1.035094002
0.8311660206666667
0.9938833006666667
1.0009828806666665
0.9920353153333333
0.98350522
1.0275164286666667
1.0054468466666666
1.0275164286666667
0.9965352553333334
1.0388745953333334
1.0275778873333334
0.9864417306666666
0.6502550766666667
1.0075460486666665
1.0067194746666668
0.8961757926666667
1.0053056426666667
1.0249173246666665
0.991028138
1.025663832
1.0001088126666666
1.0119496486666666
1.0131790466666666
1.027762308
0.859405974
0.9728676133333334
0.9974725773333333
1.0284637093333333
0.8799269206666667
1.014315608
0.8260823386666666
1.0283652093333333
1.0000855253333334
0.9902740959999999
0.7088048086666666
1.0267181333333333
0.9317844613333334
1.0048234926666668
1.0334253186666666
1.0364178273333333
0.99894576
1.008066304
0.9991316666666666
1.0170297053333335
0.8748011153333334
1.0000040273333335
0.9991316666666666
1.0374442433333333
0.8313832226666666
1.0080781346666665
1.0219056593333333
0.6955806880000001
0.9782521826666666
1.0235617113333333
0.9697922206666667
1.0228060813333333
0.9967202653333334
0.9994455413333333
0.9680872066666667
0.7516437053333334
0.6707899286666666
1.0067784706666667
0.8682840993333333
0.4716893413333333
0.89586736
0.459861376
0.8432748166666667
0.5498050766666667
0.40178182
0.9759403966666667
1.0351438960000001
1.0029931920000001
1.0060827586666665
0.7337058486666667
1.0032509073333333
0.9335870660000001
0.8481791746666666
0.991417032
0.9175320006666667
1.034122024
1.03188595
0.8498322673333334
0.698391378
0.9964543346666666
1.0015781206666667
0.9296466006666666
0.7713801066666667
1.0379205893333332
0.990342598
0.9889857453333334
0.999178154
0.765352572
0.8458239799999999
0.8272757086666667
0.971031018
0.8448423500000001
1.0336242813333334
0.908401412
1.002010404
0.990023004
0.9166801406666667
1.0306231286666667
0.92252796
1.0370559693333332
0.6354159893333333
1.0344458133333332
1.0061063259999998
0.9943434959999999
0.997634762
0.9841926
1.0150707353333335
0.6027981973333334
1.033574534
0.9407647293333333
0.7836459053333333
0.954426572
0.9870311386666667
0.812855766
1.0317372226666666
0.4361767766666667
1.0086700006666667
0.8454160773333333
0.9313803393333333
0.9801385886666667
1.0075342306666666
0.9844181793333334
1.0160432666666668
0.9919322146666667
1.230596764
1.015118718
0.9941708726666667
1.020461004
1.0094048806666667
0.8974491553333334
0.9990851833333333
0.9649877093333333
0.6029124326666667
1.0315265980000001
1.0123909333333332
0.9983768513333333
1.012987876
1.0217476406666666
0.49692727666666664
0.9937223333333333
1.0007263293333333
0.997588418
0.9898860979999999
0.8230744886666667
0.9070872240000001
1.0365428906666667
0.8870508786666667
0.9841474960000001
1.0365303833333335
1.025492406
1.0043652913333334
0.9422403986666666
0.7714840259999999
1.0042478713333334
1.007168018
1.0304624033333334
0.8204409393333334
1.01084217
1.000178682
1.010271516
0.9715472026666666
1.0373690706666667
1.0070499413333334
1.0374442433333333
1.0283775206666665
1.0084450093333333
0.9986438093333333
0.9089877873333333
0.8340552086666666
0.62533193
1.0255658673333334
1.0064953533333334
0.993975306
1.010283398
1.017017664
1.0086700006666667
0.956989148
1.009120284
0.9743573719999999
0.990868094
1.0273812453333333
0.9926428993333334
0.9960268306666666
0.70267038
0.9922415813333334
1.0062241813333332
0.92991833
1.0381338333333334
0.567610572
0.8318501873333333
0.7870564953333332
0.9349995746666667
0.9876553173333333
0.9418994486666667
0.3038114513333333
0.5105003766666667
1.0044240119999999
0.729754022
1.03581794
0.9986554193333333
0.967236946
1.0029463486666668
1.009938932
0.8376828086666667
1.02214886
0.5502911373333333
0.9832012766666667
0.99778541
1.0232325093333334
1.000201974
0.9722839900000001
1.015887056
1.024281816
0.99488477
0.990308346
1.006636892
1.0264359566666668
0.594072686
1.0073924393333333
0.8671533726666667
1.0285252813333334
0.9943895386666667
0.9119504199999999
1.0213588806666667
0.9854006553333333
1.0215289266666667
0.7092613053333333
0.083796964
1.0316257046666666
0.9967780953333333
0.9790772886666667
0.9793675213333333
0.969923624
1.011854286
0.8797556933333334
1.0075224133333334
1.0033094973333334
1.0025834626666665
1.005764702
1.0020805393333334
1.0012512346666667
0.900450186
0.8451083293333332
0.7915896046666667
0.9692560246666667
1.0034266980000002
1.006365644
0.7374537126666667
0.9092379479999999
1.0020220926666665
0.8870325586666666
0.945913446
0.8016962293333333
0.9732534093333334
0.9998061586666666
1.0080426446666666
1.011092034
0.9484513946666666
1.0183439153333333
0.9975304939999999
0.999061944
0.9321080113333334
0.9309059433333333
1.00542331
0.7870060186666666
0.8995449453333334
1.0314027413333333
1.0032743426666666
0.6623283133333333
0.6490856506666667
0.7133134526666666
0.9013383340000001
0.6229826953333334
1.0112467733333332
1.0330027766666667
0.9990387046666667
0.397698728
1.0326550606666667
0.9915085813333333
0.90819972
0.9977506406666666
0.9248521833333333
0.9647492746666667
0.8093633013333333
1.031848764
1.0061298953333333
1.0086818446666665
1.0274058213333332
0.6128838286666667
1.0292400573333333
0.9973799233333334
0.986793024
0.9716021479999999
1.0086581566666668
1.004259612
0.993699342
1.001858478
1.0111515433333333
1.0330027766666667
1.0124983313333333
1.0024430613333335
0.8087917546666666
0.9972409753333333
1.029301722
1.0244406193333333
1.007723348
1.0006913553333334
1.0021389926666668
1.0030986046666668
0.7061419686666667
1.0608786700000001
1.0303140853333332
0.8219797126666667
1.0146390966666665
0.9718219926666667
0.8960729580000001
1.005505694
1.0103665800000001
0.8039020513333334
0.874186826
0.9023704046666666
1.0005398286666667
0.504996184
1.0398303566666667
0.895904734
1.0224895360000001
1.0016131566666666
0.8308765953333334
1.0024430613333335
0.999061944
1.0355432233333333
1.0261049039999999
0.9471337233333333
1.0191776033333333
0.9739927873333333
0.9826276733333335
0.8956898733333334
1.015586786
1.009772722
0.8131866546666667
1.033674034
0.9932282579999999
0.992619958
1.0013446086666666
0.992539672
1.002864384
1.0213588806666667
1.033723792
0.9302708086666667
0.9693107113333334
1.0027239033333333
1.002337786
0.8826847173333334
1.0013095913333334
0.9536318880000001
1.00086625
0.9743905293333334
0.9932512273333334
0.6029082006666666
1.0016365153333333
0.9759403966666667
1.016849116
1.0070381353333333
1.0323820193333333
0.99748416
1.0237690953333334
0.9908338053333333
0.9780516913333333
0.999922542
0.9952075113333334
0.9269580213333334
0.9370701433333334
0.5668651653333333
1.040384496
0.99140559
0.9240065606666668
1.0065071466666666
0.9825714733333333
1.0346327073333335
0.9995385786666667
0.7436850866666667
0.68303101
0.818361796
1.009843948
0.9757076026666667
0.9951498633333334
0.9349588673333332
0.8047832586666667
0.9675637926666667
0.83631266
0.817894272
0.8647788293333333
1.02236784
0.6339341553333334
0.6589546086666667
0.9966855706666667
0.6479204226666666
1.0220637266666666
0.9284307986666666
1.002700494
0.988758068
0.9990851833333333
0.800941238
0.9709432113333334
0.9670518306666667
1.0295114386666668
0.661644696
0.6230188426666667
0.8861266573333334
0.9532509093333333
1.0060709753333335
1.0318363693333334
1.0034266980000002
0.9923676746666666
0.5961423666666668
1.0213710246666665
0.991874946
0.9829875026666667
0.840625786
0.9746226960000001
0.997171516
1.0123432086666666
1.032779218
1.0074515146666665
0.9998992633333333
0.860430378
0.99945717
0.633447974
1.0251864313333334
0.924583406
1.0010412066666665
0.9812246086666667
1.0269267986666668
0.9181400406666667
0.9926658413333332
0.6336535746666667
0.7997257813333334
0.992608488
1.0007496466666665
1.0079598446666667
0.9847115873333334
0.613856146
1.0118662053333334
1.0044122673333333
1.0023026993333333
1.0042830946666665
1.0244406193333333
0.9977158746666668
0.967128046
0.9942629306666666
0.9781185126666666
0.971031018
1.004635462
1.0033094973333334
1.034719948
0.978675712
1.00569405
1.036780596
1.0015314093333334
0.95387545
0.9330698766666666
1.039402562
1.0050821493333333
0.8176062319999999
1.0067666713333332
0.9997130713333333
0.9874850086666667
0.9877234573333333
0.5938673286666666
0.9840009386666667
1.0335496613333333
0.990856664
0.9973336033333333
1.006294908
0.815270502
0.9963272006666666
1.0041187406666667
1.0005514833333333
0.9124250713333333
0.8205663373333334
1.0361802886666667
0.8965125073333333
0.5362609153333333
0.9988876786666666
0.7407862046666668
1.0086581566666668
0.7836673533333333
0.8460739106666667
0.7960129173333333
0.831302764
0.6737309286666667
1.0104141193333334
0.8954284426666667
0.9908223766666666
0.9129002173333334
0.786264036
1.0018701633333333
1.0329406673333332
0.9907766633333334
1.0308952406666667
1.0365679073333334
0.9345621553333334
0.9769949033333334
0.8050396986666666
0.6987549693333334
0.9986322
0.9189258
0.8456158166666667
0.7668831266666666
1.029782964
0.9068669666666667
0.8648920226666668
1.00171828
0.998411664
0.9915314706666667
0.9951729220000001
1.000365048
0.971745036
0.871048774
1.0016014773333333
0.718684654
0.7373271126666667
1.00614168
0.995980636
0.644580276
1.009250704
0.9989573773333333
1.0094760546666666
0.9988528326666666
1.009760852
0.9962809779999999
1.000504868
0.875612586
0.9918405873333332
1.011425378
0.9893958293333334
0.99780859
0.6362820246666667
0.8657288293333333
0.8261220626666667
1.0072743106666666
0.9911539233333333
0.9451328686666667
1.0044709933333333
1.0004466046666667
0.986623012
1.002010404
1.0057764786666668
0.6420220926666667
1.0081727866666668
1.0031103186666666
0.9984812959999999
1.0362677900000001
1.025516892
1.0387740913333334
0.9998759853333332
0.978887614
0.9980868413333333
0.9982144253333333
1.0285129659999999
0.9879961113333334
1.00086625
1.0320347206666667
0.9358960366666667
0.7674449506666666
1.0164640733333334
1.0083739806666667
0.98247033
1.0027121986666665
1.00041165
0.6340090186666666
0.995034588
1.001893534
1.0140402066666667
0.5755515753333333
1.0225869133333334
0.971778016
0.9902284333333333
0.986634344
0.988553248
0.9876666733333334
0.9042797913333334
0.7552254786666668
0.9972872873333334
1.005764702
0.7711031253333334
0.9772616660000001
0.9993641473333333
0.8087765246666666
0.6524529526666667
1.0285252813333334
0.9985509386666666
0.3227005846666667
0.9990154673333334
1.0021506846666666
1.0077351706666666
1.035044112
1.007829758
0.9242948933333334
0.9982376253333334
0.9967665286666667
0.6444738826666667
1.0072506879999998
0.93025066
0.999061944
1.0111753493333333
0.9966393146666666
0.998829604
1.0251619613333334
0.8594833646666666
0.9904682093333332
0.9966393146666666
1.0408761593333333
1.027442688
1.0046824633333333
0.922765804
1.0546396633333335
1.0017299613333333
1.02033979
0.9653564306666668
0.9740701006666667
0.9869857746666667
1.0044005226666666
1.1523771606666666
0.995634312
1.0065779126666667
0.9128226086666666
1.0062359686666666
0.80065755
0.9854571786666667
0.9657471493333334
0.787446106
0.9976115893333334
0.8500088653333334
0.9962694226666667
0.904184606
0.9948502026666667
0.9947119586666666
0.9816955913333333
1.0106043193333334
1.0210796413333334
1.0340473319999999
0.9954612406666666
1.0024313626666668
0.9944931513333333
0.7873739266666666
0.9882461766666667
0.875460878
1.0222218433333334
0.9945161786666666
1.030969478
0.8042407493333333
0.9998759853333332
0.8269412173333334
0.6286912720000001
0.9990387046666667
0.246218824
1.0010295406666667
0.61307192
0.407465092
0.443628516
1.0050115933333332
1.0316876560000001
0.9858530266666666
1.0087529173333334
1.0274672666666667
0.8126788893333334
0.9691248013333333
0.9607675673333333
0.9986786406666667
0.8686353113333333
1.0012745766666666
1.0282913466666668
0.9948156380000001
1.0018818486666667
1.003907508
0.7955926786666667
0.6128575926666666
1.0000389533333334
0.8043537113333333
0.9937108373333334
0.5934980440000001
1.0284021446666667
0.9236886093333333
0.3508673553333333
1.0232203206666666
0.6927254873333333
1.00813729
0.9989689946666668
0.8684860113333334
0.6338312473333334
1.0003533980000001
0.8615522693333334
0.9834376606666666
0.98100049
1.012892318
1.0060474086666666
1.0323572046666667
1.030709694
0.9983536446666667
0.8913679426666666
0.9925167353333333
1.0044827393333333
0.5984265646666667
0.6101369153333334
0.906426772
1.0306725933333334
0.562404056
0.9989689946666668
1.0004233013333335
0.99470044
1.0041187406666667
0.9917489773333333
0.9712615859999999
0.9980404553333333
0.9011586733333333
0.593194754
0.7959907880000001
1.0018000573333334
0.5743854626666667
1.0090254539999999
1.0013212633333333
0.9915658079999999
0.8797466833333333
0.5343128893333333
1.002337786
0.8740978706666667
1.0317991873333334
0.8177307646666666
0.4643433786666667
1.0114730166666666
0.8295926939999999
1.0006913553333334
0.980765276
1.0035439266666668
0.9829200146666667
0.994067328
1.0044357566666666
1.0079125366666668
0.7394534193333334
0.8267024613333332
1.0398807086666668
1.03814638
0.897552306
0.9571171046666667
1.0270864233333334
1.0232568873333332
1.012772896
1.0345330226666667
0.9304521873333333
1.0312170126666667
0.9905481606666667
0.9263182713333334
1.0007496466666665
0.9868610446666667
0.8396069353333334
0.9944125619999999
1.0371060526666667
0.9674657153333333
1.0281805726666666
1.0123670706666668
1.009654034
1.0067902706666667
1.011794694
0.907508884
0.8473592173333333
1.03422163
0.9863737673333334
0.9742800133333334
0.9965930633333334
1.0116159586666666
0.9247725293333333
1.0010762046666668
1.0097252433333332
1.000236914
0.9056908813333333
1.009891438
1.0040365839999998
1.0096184333333333
1.005317408
1.0318115806666666
0.9983536446666667
0.8747120346666667
1.0011928846666667
0.8182838379999999
0.9961654406666667
0.9969747666666667
0.7512952806666667
1.0162476153333333
1.0308952406666667
1.0227939026666666
1.0030986046666668
0.9893616426666667
0.8806666659999999
1.0332015773333332
1.0094641913333333
1.0134061553333333
1.0079007100000001
0.9168171146666667
0.9934694893333333
0.9998992633333333
1.0317867933333333
1.00534094
0.9972757093333333
0.9501299213333333
0.9956112326666666
1.035006698
0.9609932866666666
0.9891907453333333
1.0145312439999998
1.0299805266666666
1.0143395633333332
0.9779403433333334
0.864839776
1.0022208393333334
0.9751427073333333
0.9236985419999999
1.0340224373333333
1.0308828686666667
0.8439873640000001
0.7444198066666666
0.921439408
1.0305736693333334
0.9982724286666667
0.8547368693333333
0.8761931306666667
1.0348820046666667
0.5579147593333333
0.9999574626666666
1.0030986046666668
0.812279278
1.0011928846666667
0.935121718
1.0299434773333334
0.8550176273333333
1.0306354946666667
1.016752828
0.791742824
1.0100576866666666
1.0044709933333333
0.8917473386666667
0.9833926266666667
0.9648793153333333
1.0047764786666666
1.0061063259999998
0.8364103786666667
0.9125898619999999
1.0092744206666666
0.9985045093333333
1.012987876
0.6614510906666667
0.7714978840000001
1.00431832
0.9942514226666667
1.009416742
1.0064363906666667
0.9179732399999999
1.032171132
1.0099151846666667
0.989509802
1.0324812906666667
0.9973567626666666
0.6792771133333333
1.025945584
0.6334526446666666
0.981774132
0.9907195273333333
0.9858077706666666
0.9902284333333333
0.5665324253333334
1.0222461733333332
1.0017766906666667
0.9873942013333333
0.841704842
0.9931823226666667
1.0043887786666665
0.9929297539999999
0.9979940740000001
0.9667797313333334
0.9879733846666666
0.9930560220000001
1.0144473746666667
0.9921842766666666
0.9169737066666667
1.00859894
0.978218762
1.0376071546666668
0.9422403986666666
1.0038840433333334
0.9987599226666666
0.994539208
0.9057768326666666
0.9657471493333334
0.8404859586666666
1.0187062206666666
1.0354558440000001
1.01660843
0.9945967846666668
0.9824253846666667
1.0177406453333333
0.989726422
1.000283504
1.0045297260000001
1.0322579573333335
0.9990968039999999
0.9039277053333333
0.7051159953333334
1.0023494819999998
0.9725261633333333
0.5268637926666667
0.8919603126666666
0.967040944
0.9644459826666666
1.0362302873333333
1.0183197706666667
1.0020805393333334
0.9992130226666667
0.99915491
1.0011345413333332
0.9958536226666667
1.0361552906666667
0.9985045093333333
0.9971830920000001
0.9982376253333334
1.005835364
0.998794762
1.000877912
1.057639266
1.00256006
1.016813006
1.0357430026666665
1.0220150853333332
0.956914522
0.9839783946666667
0.7674038139999999
1.00985582
1.0064717673333332
0.9868723826666667
1.0017416433333333
0.9241755613333333
0.99357291
0.9996665339999999
1.0009478886666667
1.000341748
1.02669359
0.6232991273333334
0.5753048733333334
0.7563159993333334
1.0014847026666667
0.8263922833333333
0.7501078093333334
0.831149936
0.7486042733333333
0.5574911146666667
0.4824965646666667
0.7298780346666668
0.8639525466666668
0.999934182
0.8044591720000001
0.9993292686666667
0.9678363333333333
0.9927920426666667
0.9536742373333333
0.937837454
0.46890592866666664
1.0125341353333333
1.0135257266666668
1.0325061113333334
1.0362552886666667
0.9183952646666667
0.9985741546666667
0.9818975793333334
0.9964196586666667
0.9804070706666667
1.002478158
1.0215896713333332
0.9979361026666667
0.9700222000000001
1.0207399046666665
1.001227894
0.9996781680000001
0.8278098620000001
0.970668918
1.0032274726666666
1.0100933186666665
1.0695971353333333
0.8961944926666666
0.8677402813333334
1.0093218566666666
0.9723060006666666
0.9987831486666667
0.9958420773333334
1.0069791093333333
1.0304747646666665
0.9420027406666667
0.7873955793333333
0.7832671873333333
0.9651069706666667
0.9351726206666667
1.005517464
1.006625096
0.99814483
0.6231905999999999
0.9959228986666667
0.9330293373333334
1.0332512893333332
1.0175959666666665
0.8930359913333333
1.0066840806666668
1.0135257266666668
1.0160192313333334
0.8551282793333334
0.7923636039999999
0.9484304506666668
1.0162836853333332
0.9888035953333333
1.0016949173333334
0.9957497266666666
1.000504868
1.0035204786666667
0.9647817813333333
1.0348820046666667
0.5501713033333333
0.746107408
0.8168287586666667
0.913725624
1.01622357
0.9965699393333333
0.9895439986666666
1.0045884653333332
1.01660843
0.7690458560000001
1.0263378446666667
1.0234885366666668
0.8009785806666667
1.017391076
0.6338593093333333
0.9958536226666667
1.0034266980000002
0.99623476
1.0177768213333334
0.75931781
1.002700494
0.99713679
1.0329282466666667
1.0025951646666666
0.9871899453333334
0.9988063753333333
0.9961885460000001
1.0182594139999999
1.0061534646666668
0.983055
0.9700002926666667
0.9965930633333334
0.9931134273333334
0.9024083233333334
0.9239071773333334
0.9968127966666666
1.0252598486666666
1.0023962693333333
0.9982724286666667
1.2288714886666667
0.9972872873333334
0.8355479826666666
0.9920926026666667
1.00431832
1.0363052953333332
1.000831266
0.9986554193333333
0.8596726006666666
1.037168664
0.9602520366666666
1.030808644
1.0061534646666668
0.9900800593333333
0.9528385253333332
1.0369057473333334
0.501130884
0.980283998
1.001683236
0.8803146806666667
0.988109762
0.9872126366666666
0.966475162
0.9914399180000001
0.9901485339999999
0.8745962566666667
0.9344299926666666
1.003755006
1.0023728753333334
0.9746116380000001
0.8750238966666667
0.8310695233333333
1.0357554913333333
0.44613766466666666
0.6922174973333334
0.9246232153333334
1.0042009106666665
1.0094641913333333
0.9846551493333333
1.0013913026666668
0.9775730726666667
0.5840711626666667
0.9877916066666667
1.0014963786666666
1.02762706
0.7214188786666667
0.9822344106666666
0.9069052639999999
0.9001105073333333
1.0322083406666667
0.9949078160000001
1.0032157560000001
1.0004349526666667
0.7753138366666668
0.9287721073333334
0.8960636106666666
1.034122024
0.9426643466666667
0.367387958
0.8774192639999999
1.0185733453333334
1.0276393533333332
1.0316752653333332
0.9409089966666667
0.875978686
1.0042126506666667
0.6232312933333334
1.0209097446666666
1.0213467366666666
0.8955684760000001
1.0285991773333334
0.870483846
1.0049528046666667
1.0014613506666665
1.0009595526666666
0.8263922833333333
1.006342064
0.8863003740000001
0.9980056686666667
1.0224651946666665
0.7562893633333333
1.0067784706666667
0.9589549199999999
0.9994687986666666
1.0027121986666665
0.9904796299999999
1.02652182
0.8809105126666666
0.5343328313333333
0.8401078353333334
0.575462892
0.9171891080000001
1.0010412066666665
0.9993408946666666
0.9970557720000001
0.995311294
1.000073882
0.8591996673333333
0.97519806
0.9865097033333333
1.00813729
0.9932856833333333
1.0194679013333332
0.8702898213333333
1.0116993606666667
1.024269602
0.6448028486666666
1.00232609
0.9752091313333333
0.9934809793333333
0.979557382
1.001286248
0.9927920426666667
1.005411542
1.0008079453333334
0.9920238586666666
1.0059531560000001
1.0003883486666667
0.976872686
0.623910298
1.0075696846666666
0.562234726
0.997426248
0.9979361026666667
1.0015314093333334
0.5361772326666666
0.8797827246666667
0.8212488613333333
1.0278483933333333
0.8412267499999999
0.9976463486666667
1.0296595253333334
1.0322331486666667
0.9972872873333334
0.9997479766666667
0.996130784
1.0038723113333334
0.9979361026666667
0.9918062320000001
0.999724706
0.9817404700000001
1.0218691893333334
0.9958420773333334
1.009143994
1.03528113
1.0225747406666665
0.98422643
0.992918276
0.6227478386666667
0.9821670259999999
0.9912339853333333
0.9904453686666668
0.9753973826666666
0.9295862380000001
0.8862180786666666
1.0002252666666667
1.0342838933333334
1.0049528046666667
1.008385818
1.01751159
0.9860680486666666
0.8658597266666668
0.965530044
1.027295238
1.0379707566666665
1.0319479326666667
0.99743783
0.6240508100000001
0.9969747666666667
1.0113420213333333
0.8543883059999999
1.0291783993333334
0.5932848886666666
1.0100933186666665
1.0010178753333332
1.0027239033333333
1.0384224793333332
0.9363244993333333
0.9792223833333334
0.7964114473333334
0.9979708846666667
0.9832350386666667
1.0093574366666667
1.0047647253333334
1.0000505960000001
0.5819778313333334
0.8128019259999999
1.0044944853333333
1.0102952806666667
0.996523694
0.9938833006666667
1.00542331
0.9942284073333334
1.036780596
1.0256393393333332
1.025492406
1.0017416433333333
0.9865776853333333
0.8551112540000001
1.028562228
0.996465894
1.0020337813333333
1.0364678486666667
0.6672674913333334
1.0020805393333334
0.9970673453333334
1.0311056073333333
1.0042126506666667
0.8308605219999999
0.998736698
0.8799179073333333
0.730486308
1.032419244
1.0008196053333334
1.014315608
1.001519732
0.9843392146666666
0.8444353933333334
0.5841943013333334
0.7333237653333334
1.0245261493333333
1.0348196693333334
1.0361302940000001
0.8679945626666666
0.6971274393333333
1.0092151313333333
0.8947289326666668
0.9348978126666666
0.7792101333333333
0.9885646246666667
0.9713164993333333
0.9615419033333332
0.989418622
0.8593457906666666
0.99336609
0.8265751806666667
0.9943895386666667
1.0003999993333335
1.0294991
0.99814483
0.8042633386666667
1.0284637093333333
0.9323913026666667
0.9998759853333332
0.9718659733333334
0.9988528326666666
1.0043887786666665
0.9998876246666667
0.6561559653333334
0.9808996699999999
0.9180026706666666
0.840625786
0.9825489953333334
1.0061298953333333
0.9973683433333334
0.9972641306666666
1.035256176
1.0006447266666667
0.994055824
1.0289071933333334
0.8691362793333333
1.0011462093333332
0.9918634926666667
1.0051644773333335
0.9949769606666667
0.9294755933333333
0.99699791
0.9957612693333334
0.9932397426666666
0.612765784
1.0647315333333334
1.0023494819999998
0.6259014866666667
1.007475146
0.9293448653333333
1.0385856980000001
0.9952421033333333
0.9737940386666667
1.0014963786666666
0.5936908353333333
0.9916230406666667
1.0239765633333333
0.7333801133333333
0.9535154453333333
0.7678497000000001
0.997588418
0.8222078786666666
0.9763286346666668
0.7439427179999999
1.0064010159999999
1.0089543433333332
0.657799044
0.7153688539999999
0.9901713613333333
1.0376948973333333
0.9984348733333333
1.0044475019999999
0.8360928753333333
0.9736174406666668
0.9850729453333333
0.792648758
0.8222236186666667
0.7092847313333334
0.9992478933333333
1.007782462
0.9179241926666667
0.662517322
1.0011228733333335
0.9996549
0.9891224026666667
0.8310614826666667
0.6445174033333334
1.0275164286666667
0.7634683046666667
0.725329702
1.0306478606666667
0.968065386
1.0270741426666667
0.9971830920000001
0.9982608273333333
1.028303656
1.002010404
1.001566442
1.0134181106666666
0.9346231660000001
0.8909703866666667
1.0087647633333332
0.9990851833333333
0.9301096426666666
0.8745695426666666
0.850353864
0.9907652353333333
1.0085870973333333
0.9961885460000001
0.11304077533333333
0.971712058
1.002770726
0.7636311953333333
1.0118781253333333
0.8742935973333333
1.2185341433333332
0.9900001833333334
0.584277748
1.0320471206666666
1.0317991873333334
0.58700479
0.75569056
0.8373561753333333
1.0086818446666665
0.47950957866666666
1.014579176
1.005140954
0.9399103406666667
0.9947119586666666
0.9873374546666667
1.0218935026666667
0.8184631633333334
0.9472068313333333
0.8392296020000001
0.6476859260000001
0.9965583773333333
0.998841218
0.9416619626666667
0.7709024373333333
0.6971557286666666
1.00275902
0.7092027473333332
0.9282903326666666
0.9904339486666666
0.9942169000000001
0.994758036
1.0016949173333334
0.98704248
0.9935269426666667
0.9960268306666666
1.0226964853333333
0.9748771
0.9992362693333333
0.978218762
0.9936303753333333
0.9802616246666667
0.593883752
1.0013679553333332
1.0038957753333333
1.0012745766666666
1.0023494819999998
0.9190044500000001
1.036918264
0.9704167053333334
1.0090136013333335
0.9362122453333334
0.998794762
0.62312731
1.027872992
1.0325681679999998
1.0213710246666665
1.0041070033333335
0.9357227226666667
0.7785392166666667
1.0032274726666666
0.5792073493333333
0.5285950953333334
1.0338606493333333
0.5704641180000001
1.0324812906666667
1.0298446940000001
0.6427619213333333
1.0308828686666667
0.9402189766666667
0.901177582
1.0047412206666666
0.9995385786666667
0.9999574626666666
0.6497337200000001
0.9990387046666667
0.2512190973333333
0.6349650800000001
1.005847142
0.633704996
1.0193832139999999
1.0280083046666666
1.0299558266666666
0.958537588
1.0313903573333334
0.7961383373333333
1.0015314093333334
0.9935154513333334
1.019976322
1.2496449746666667
1.009938932
0.9637102106666666
1.0057058246666668
0.9979013233333334
0.9972872873333334
1.0007962846666667
0.8361417066666667
0.996835932
1.0211039173333334
0.9807092893333333
0.9351726206666667
0.5946031626666667
0.924404308
0.8419688493333333
0.9287118586666667
1.003497032
0.9951383346666667
0.9998876246666667
1.0313036773333333
1.0340473319999999
1.0152986926666667
1.0018234246666666
0.9871559113333332
0.9770060159999999
0.9941478606666666
0.9939178006666666
0.985185924
0.791735526
1.0290304506666665
1.0279344933333334
0.9805637533333333
0.39249791400000006
1.0033094973333334
0.9714702893333333
0.7476790086666667
1.030153456
1.0346825573333334
0.892683328
1.0013095913333334
0.9948271593333334
0.9994339126666667
0.593879646
1.0324316526666666
1.0091795613333334
1.0171501333333335
0.9960499293333334
0.605825176
1.0304376806666666
1.040787878
0.9881211280000001
0.8235716426666666
0.8741334506666667
0.7487739360000001
1.0032509073333333
1.0011928846666667
0.603145268
1.0019987160000001
1.0142197993333333
0.9192306433333333
0.9921384373333334
1.0007030126666667
1.0277377146666666
1.0352936073333334
0.41517325266666666
0.99894576
0.9993176426666667
1.0049410473333333
0.8101877493333333
1.0313903573333334
1.00320404
1.0163919106666668
0.9675964893333333
1.0330897426666668
1.0330152
1.0354184006666667
0.7258261380000001
0.8823764346666667
0.9674330273333334
0.998179626
0.8224597953333334
1.0185129586666668
1.0140162659999998
1.0076997046666667
1.0360803046666667
1.0128684313333334
0.9968590686666666
0.9969053446666667
0.9927117293333334
1.0229157
0.9954035633333332
0.9987599226666666
1.0261784526666666
1.0203640306666666
0.7913125006666667
0.9949884853333333
0.5772029693333333
1.0017766906666667
0.983156264
0.9466535806666667
1.0018234246666666
0.9984348733333333
0.89305456
1.01751159
0.9967087
0.9472486126666666
0.5790121393333333
1.0335620973333333
0.9687969
0.998133232
0.9974957433333334
1.0125102659999998
0.7554180853333334
1.026350108
1.029758274
1.0014263253333333
0.9971136406666666
1.0034149766666667
1.0090728666666666
1.0042478713333334
1.0062831193333333
0.9737609213333334
0.8867303853333333
1.006294908
1.0060356266666666
1.0065425286666667
0.7262741253333334
1.0306602266666667
1.0114491966666666
1.0154547226666666
0.9942514226666667
0.986328464
0.584460618
1.004506232
0.9603486566666667
0.990868094
0.667775846
0.9797249666666666
1.0221123726666665
1.0015547646666667
1.003145462
1.0224651946666665
1.003532202
1.0073806253333333
1.0267549506666667
1.006589708
1.0334874866666668
1.0285375966666668
0.9932282579999999
0.850345446
0.9402292680000001
0.9946543686666667
0.7027623593333333
0.39244591133333334
1.0043887786666665
0.48663497533333333
0.7447877113333334
0.9969747666666667
0.8962412453333333
0.936681852
0.906646816
0.770674196
0.9943550059999999
1.0027121986666665
1.0009828806666665
0.9991200453333332
0.9893388533333334
1.0216139713333334
0.9973567626666666
1.0008545886666667
0.9973683433333334
0.9839445813333333
0.984801902
0.9031104026666666
0.9842038766666666
0.8708544973333334
0.9998643473333333
1.005411542
1.0016365153333333
1.0339228693333333
0.9891565726666666
0.8373072026666667
1.0056234086666667
1.0277377146666666
0.9864530586666667
1.0049175346666666
1.001765008
0.977695466
0.8508592446666666
1.0000505960000001
0.989669408
0.6853908186666666
0.8313349453333334
0.555889274
0.81294808
1.0099626806666666
1.0199521
0.8241484619999999
0.8984817313333333
1.0059178153333335
1.0050821493333333
1.022355672
0.9611223166666667
1.0225747406666665
1.0195163006666668
0.9832575480000001
1.027872992
1.011199156
0.923946928
0.922825284
0.9883257693333334
1.0024664586666667
0.9964543346666666
1.0081136266666668
1.0365804159999998
1.0237202913333334
0.8049718013333332
0.8662526566666667
0.6127832693333333
0.996442776
1.0025015573333333
0.9719869413333333
0.3976250906666667
0.9589121
0.9958305326666667
0.9720309366666667
0.9973336033333333
1.031972728
0.9908223766666666
0.996246314
0.5838329773333333
0.9878484053333333
1.0251619613333334
1.0029346386666667
0.9904453686666668
0.633704996
1.014579176
1.0026185693333334
1.0010295406666667
1.0275778873333334
0.8680735079999999
0.5414017680000001
1.03636781
1.0021506846666666
1.0347822713333332
1.0211767506666667
1.0074278833333332
0.8216416306666666
0.9762287726666666
1.0327543846666667
0.899290674
0.9406102066666667
1.0065071466666666
1.035056584
0.613207592
0.9900458253333333
0.9400337706666666
1.0142916546666667
0.9938603020000001
0.9984929026666667
0.9977506406666666
1.0091084293333332
0.860749388
0.866847094
0.9954150986666667
1.0088239993333332
1.0308704973333334
0.9799261446666666
0.6556751513333333
1.0266813193333335
1.0283282766666666
1.0270127439999999
1.0063538539999999
1.0109373413333334
1.0283159659999999
1.009250704
0.997831772
0.9995036873333334
1.028857898
1.0371185746666667
0.8737600033333334
1.00542331
0.9863511153333334
1.0042361306666667
1.0014380006666668
1.023756894
0.801860872
0.679561928
0.9075568246666667
1.0025015573333333
0.9128808133333334
0.9262084033333334
0.7010817953333334
1.003907508
0.48214179199999996
0.9988992946666667
0.7010474653333334
0.7548140273333334
0.36019819799999997
0.994435586
1.021152472
1.002747314
1.0043770353333332
0.8700870693333334
0.899676846
1.0231228226666667
0.9943550059999999
0.99862059
1.0322579573333335
1.0180180606666667
1.0192985406666666
1.0260558773333335
1.0100101813333333
1.0150707353333335
1.0261784526666666
1.0037784646666668
0.9904796299999999
1.001157878
0.9918062320000001
1.0095353740000002
1.0045767173333333
0.8458572953333334
0.9973336033333333
1.0014496753333333
1.010319046
0.9542463273333333
1.0009945453333333
0.9747001093333333
1.0274303986666666
0.9942169000000001
0.941177038
0.9967549626666667
0.859741434
0.80879937
0.9794903640000001
0.9940443206666667
0.9813142846666666
0.645816042
0.9804630233333333
1.029462086
0.9648576393333332
0.989760634
0.997634762
0.8221291866666667
0.9779069433333334
0.99748416
0.9905824293333333
0.9589121
0.7091032206666668
0.9851294313333333
0.8927204373333334
0.9862039
0.7512821386666666
0.6956708206666667
0.6434745333333334
1.0068492753333333
0.8972054386666667
0.6934972706666668
1.0011345413333332
0.6440196873333334
0.9358552506666666
0.9931823226666667
0.9941133453333334
0.9938718013333334
1.001052872
0.5982723513333333
1.037268858
0.6132207246666667
1.00343842
1.0037432773333332
1.0028058453333333
0.9951729220000001
1.005458616
1.0249540126666667
0.9974494119999999
0.995692016
1.0344458133333332
0.9926773126666667
0.7927072766666666
0.9982608273333333
1.000621414
1.019734154
0.997171516
1.0316628746666667
0.9119697840000001
0.7906205906666667
0.6553850006666666
1.00952351
1.0343586193333334
0.9908338053333333
1.0068256726666667
0.8010682166666667
0.9953574266666666
0.541510984
1.003051752
0.40953204266666665
0.9872693680000001
1.0035556506666667
0.9286516166666667
1.0016598753333332
0.9904339486666666
1.0020805393333334
0.9598335746666666
1.0349817573333333
0.9593833306666667
0.9118632926666668
0.7870709186666667
0.9007995673333333
0.9834826993333333
0.89589539
1.038648488
0.8492609286666667
0.75931781
0.787121404
0.3056035306666667
1.0027941386666666
0.9072117646666668
0.9997712486666666
0.9984696900000001
1.0036260026666668
0.8178631226666666
0.9744568513333334
1.0315761486666666
0.8750595526666666
1.0321587293333334
1.003825386
1.001624836
0.9641320606666667
1.0072270666666667
0.9737167686666667
0.9923218186666667
0.6236158813333333
1.031477052
1.0033094973333334
1.00171828
0.9905938526666667
0.964532618
1.0077706386666667
0.613957058
0.9248820566666667
1.0201337933333332
0.8554263313333332
0.948241996
0.9233808026666667
0.8489671573333334
1.0251007913333332
0.5210726406666667
0.8849672479999999
0.9962694226666667
1.00404832
1.0019402786666667
0.9978433633333335
0.8414080313333334
0.9857285833333334
0.9911196153333334
1.0008429273333332
0.7340757833333333
0.6559505313333334
1.0036494553333333
1.007203446
0.9999691033333333
0.8870508786666667
0.9295460006666667
1.0138965786666667
0.8254076233333334
0.9834264020000001
0.6033401413333334
1.0306973266666668
0.99862059
1.0005631373333335
1.0020922293333334
0.7741748613333332
1.0068020713333334
0.9525215499999999
1.0069082866666665
0.6446818666666666
0.9680544766666667
0.9848244833333333
0.880756964
0.9930675026666667
1.0054350786666668
1.0100814413333332
0.9995385786666667
0.9993292686666667
1.027811498
1.0053291739999999
0.960219834
1.0004699093333334
0.9364265726666666
1.0065189399999999
0.9669429726666667
1.0303511606666667
1.0000622386666667
0.9954612406666666
0.967367658
0.8797106446666667
1.003321216
0.89976166
0.8087308373333334
0.9867250120000001
1.0355432233333333
0.9997014366666668
0.9830325
1.001216224
1.001893534
1.0187787126666668
1.0225138786666665
1.0270127439999999
0.9296667233333332
1.000621414
0.6236430466666667
1.0028175526666667
0.9378067373333333
0.9889743593333332
0.9936303753333333
0.994424074
0.9858982866666667
0.9798814313333334
1.0267672233333334
1.0067666713333332
0.9943550059999999
0.9240960239999999
0.8299934866666667
1.021310306
0.9988063753333333
1.0122954880000001
1.0248561840000001
0.9351726206666667
0.9998992633333333
1.0054350786666668
1.03581794
1.0075342306666666
1.003696364
1.0016949173333334
0.5665735293333333
0.97731726
0.817396168
0.9900686473333333
0.8805763866666666
0.9608750393333333
0.9626410173333334
0.9123475433333333
0.9990387046666667
0.9982492260000001
1.0255903566666666
0.9990968039999999
1.0389248546666665
0.9815721946666666
0.9248720986666668
0.89337035
0.7393134053333333
0.5440868640000001
0.6445319113333333
0.923629018
0.7364358113333332
1.0054821539999999
1.0263378446666667
0.9659860773333333
0.997634762
0.6767938
1.002209146
0.9234502893333333
0.9813254953333334
1.003321216
0.7520319546666666
1.002384572
0.5517474013333333
1.0015080553333333
1.0092032746666668
0.5953078153333333
0.9271581246666666
0.9981564286666667
0.9711737373333333
0.986793024
0.9885760013333333
0.9746116380000001
0.8692154326666667
0.8278178393333333
0.822097714
0.9793563553333333
0.991771878
1.0331891500000001
0.993814308
0.8355642379999999
1.0004349526666667
0.864683074
0.9936303753333333
0.6927031426666668
1.013071504
0.9995618406666668
0.9974609946666666
0.9242849479999999
0.346871854
0.92393699
0.66788488
0.952152012
1.025774064
1.001566442
1.0011695466666666
0.981953702
1.0206186246666666
0.7837317039999999
0.9383701939999999
0.6797178706666667
0.783281472
0.9183952646666667
0.9945737533333333
0.8654409946666667
0.667775846
0.8004859419999999
1.025480164
0.800359148
1.0073806253333333
0.6030775153333333
0.9294051966666665
0.9846100033333334
0.9878824873333333
0.9330901480000001
1.0250151653333335
1.0218935026666667
0.8896508266666666
0.871614436
0.9988992946666667
0.97377196
1.0016598753333332
0.9960499293333334
1.0093930193333334
1.0296224999999999
1.0200853353333335
1.0328164713333334
1.002478158
0.9635048279999999
1.0089069413333334
1.0242573886666668
1.0305983986666667
1.0373064353333332
1.0057058246666668
1.0350815286666666
1.0389625526666666
0.924653074
0.7709716286666667
0.8135101093333332
0.6422044893333333
1.0268285926666667
1.0023728753333334
1.0244161846666666
0.8134099646666667
1.0139803566666665
0.6339247986666666
0.6421900859999999
1.0005398286666667
0.9984232686666666
0.9811685693333334
0.774670568
0.969157604
0.9974146666666667
0.953769538
0.9931019460000001
1.0021974533333333
0.8698579853333334
0.9721079386666667
1.0275164286666667
1.0297953093333334
0.9231227999999999
1.002162376
0.9354272173333333
0.8671621266666666
1.0274181100000002
1.0110325313333333
0.9938488033333333
1.0306725933333334
0.9923332826666666
1.0039779093333334
0.986623012
1.0022208393333334
1.0096303
0.9971599406666666
0.9918405873333332
1.00569405
1.0023611786666666
0.9917833293333334
0.996442776
0.9951037500000001
1.0017065980000002
1.0009595526666666
0.9909023846666667
0.8092489273333334
0.9134147073333334
0.9146401666666667
0.813063502
0.9422920786666666
0.9547129826666666
0.7518147486666666
1.0348196693333334
0.767376392
1.0155747786666667
0.8455076126666666
0.6611659846666667
1.0023494819999998
0.7956074166666667
0.9920696873333333
1.0297212406666667
1.0037315486666667
1.0399562453333333
0.8975616846666666
1.0030400393333332
0.9665404106666666
1.0063892253333333
0.9148544733333334
0.998713474
0.60292936
0.9721739506666666
0.9932512273333334
0.896774572
0.6924909380000001
0.9922874293333332
0.9964543346666666
1.002162376
0.9407853366666666
1.0047882313333334
1.03267989
0.8744270973333333
1.0014380006666668
0.9969747666666667
1.0225017073333333
0.923946928
0.6307965126666666
1.0296101586666666
0.8702545533333333
1.0045532206666667
1.0036494553333333
0.9345723226666667
1.119399324
0.799986458
0.998179626
0.9986902513333333
0.9719869413333333
0.8043687753333334
0.7915312506666667
1.027614766
0.990354016
1.0115563946666666
0.9978781386666666
1.006365644
1.0040717926666667
1.0360178246666667
0.9720749366666667
0.8502865253333333
0.8974585319999999
0.9666165453333333
1.0216139713333334
1.009654034
0.9693216493333333
0.9130166546666666
0.9015369900000001
0.8686616633333333
0.975652192
1.0131551460000001
0.9793563553333333
1.0186699780000001
0.6558754053333333
0.9102206793333333
0.7952612246666666
0.9944931513333333
1.0362802913333333
1.0106399893333333
1.0045767173333333
0.9997828853333334
1.0013796286666667
1.03315187
1.0233178373333334
0.9407647293333333
1.013250754
1.01181853
0.8367770293333333
1.0070263293333335
1.0295607960000002
0.9915314706666667
1.005211528
1.018114588
0.9845648613333333
1.0062359686666666
1.000201974
0.8698227526666666
1.0044592473333334
0.4855017886666667
0.860051322
1.0253944746666666
1.0031688926666666
0.7838890493333334
1.0097133746666667
1.0013329359999998
1.000236914
1.0044709933333333
1.0047294686666668
1.0153226946666667
0.8309891253333334
1.0130356619999998
1.03305247
0.9988876786666666
0.9014329213333334
0.8699460806666666
1.0378704273333332
1.0387740913333334
1.0314275106666668
1.034944348
0.9537483586666667
0.9948156380000001
0.9999574626666666
1.0364678486666667
1.0101289533333333
1.0007263293333333
0.998110036
1.0291660686666668
0.9922071973333333
0.9943895386666667
0.8963347653333333
1.0281436526666667
0.987428252
1.001286248
0.9708005593333334
0.9139881246666667
1.0083029620000001
0.9956573926666666
0.9845310079999999
0.8838927173333333
0.9990735633333334
1.0302399426666666
0.8766044426666667
1.0097133746666667
1.0027121986666665
0.9990387046666667
0.9959113519999999
0.9812806546666667
1.0029229286666668
1.0020805393333334
1.0024196646666665
0.994378028
1.0016715553333333
1.0512065826666668
0.995992184
1.0249662426666668
1.0212860206666665
0.9114762626666667
1.0030986046666668
0.9909023846666667
0.80421816
0.9955189246666667
0.8620624013333332
0.998318836
1.0229035193333333
0.9973336033333333
0.9183952646666667
0.9930445419999999
0.6147523506666667
0.994331986
1.0685593113333334
1.0193348273333334
1.017583912
1.0117708586666665
0.9480431526666666
0.9887466866666667
0.5934078446666666
1.0011695466666666
0.99116536
0.9290533739999999
1.00245476
1.0051056706666666
0.442292244
1.023476342
1.0284267693333333
0.740869264
1.0052585833333332
0.8362068233333333
0.528318752
0.929103618
0.9817629113333334
0.8220111766666667
0.9187587133333334
0.7631698526666667
0.9013856253333333
1.0202307226666667
1.0029346386666667
1.0304747646666665
0.927038052
0.8501771226666667
1.0118781253333333
0.9720199373333334
0.6333639026666666
0.9137839446666667
1.000178682
0.9825152800000001
0.9934005539999999
0.9529653746666666
1.013513768
0.9986670300000001
1.008930642
0.9354475906666666
1.0225503946666665
0.9516456826666666
0.7717612813333333
0.840650466
0.64203169
0.9949654353333334
1.0114968373333333
0.7524865173333333
1.006365644
1.0030049033333333
1.0042713533333334
1.0018117406666667
0.935437404
1.01660843
1.0109016499999999
1.0023728753333334
0.8969337573333334
1.0020220926666665
0.9486399326666667
0.9067425199999999
0.7488849106666666
0.808707996
0.8744538026666667
1.0007146706666668
1.0024430613333335
0.9992478933333333
0.46571289266666666
0.9983884553333334
1.0087884573333334
0.9787649226666667
0.994193886
0.998794762
0.9963156446666667
1.0265954286666668
0.9964196586666667
1.0016598753333332
1.0044827393333333
1.0302152306666668
0.821767396
1.021577522
0.99533436
1.0359553526666667
1.0185008826666666
0.9806197233333334
0.982122108
0.9720199373333334
0.9977042859999999
1.0193227313333333
1.0119138853333334
0.986951754
1.0018117406666667
1.0005398286666667
0.9943665166666666
1.0083147973333333
0.9916344886666667
0.9999574626666666
0.9962809779999999
1.0010412066666665
1.0281682653333335
0.6444883886666667
1.0050351113333333
0.9956804746666666
1.03422163
0.9962694226666667
1.0327916353333333
0.9071159606666667
0.9965699393333333
0.9988876786666666
0.9784750473333333
1.0282421106666668
1.0258720686666667
1.02429403
1.033400454
1.0045179786666667
1.0374567733333333
0.9702632486666667
0.994769556
0.9994106566666666
1.008551572
1.0051291926666666
0.99915491
0.988621512
1.0330897426666668
0.8927482713333333
1.0308333846666666
1.0050351113333333
0.9856494080000001
0.9914971366666667
0.9859209179999999
0.7593043859999999
1.012211988
0.8372745573333333
1.0100576866666666
0.929867998
1.007309746
0.9729667886666666
0.41196948800000005
0.9735291653333333
1.0315761486666666
1.0101170746666666
1.0087410713333334
1.0038840433333334
1.007510596
1.0097964626666667
1.0116278726666665
0.8682314419999999
0.91921097
1.0108540653333333
0.6797340066666666
0.8633794266666667
1.029301722
1.01485487
1.0016598753333332
1.0323820193333333
0.9984232686666666
0.9231327206666666
0.7987738953333334
0.9066659553333334
1.003907508
0.8444769013333333
0.783838978
0.834946986
0.9724050613333334
1.0000505960000001
0.935355916
0.8235084786666667
0.8499499913333334
0.6475248073333333
0.6499992126666667
1.0088950920000002
0.9962232059999999
0.8884086699999999
0.9951729220000001
0.9997479766666667
0.5264020906666667
1.0014029766666666
1.019092964
1.0071562093333333
0.9745895226666667
0.9991897766666666
0.8226488339999999
1.0051056706666666
1.0044709933333333
1.0110206313333334
1.0346825573333334
0.8688461746666667
0.779075858
0.5521126726666666
0.6335601033333333
1.0088832426666665
1.005906036
1.001157878
1.012701256
0.9873034106666667
1.0004582566666667
1.0194074093333334
1.0029463486666668
1.0202307226666667
0.8415151886666666
0.8544138013333333
1.002536658
0.9150883766666668
1.0040717926666667
0.9992827666666667
0.7914729053333334
1.014579176
1.038234214
1.029042778
0.6617517366666666
1.0109849340000001
0.8595091646666666
0.71218978
0.6124817886666667
1.0090373066666667
0.9938603020000001
1.005282112
1.0069200893333334
0.9985393306666667
0.9910167046666667
0.9747443506666666
0.9992246459999999
0.9873828513333333
0.9961885460000001
0.9912568626666666
1.003321216
0.7717474139999999
0.9996083686666666
1.0147110106666668
1.0209461466666667
1.0150707353333335
0.8941701113333334
1.004600214
0.49857128866666667
1.0070499413333334
1.0014613506666665
1.0283652093333333
0.7191840753333333
0.8709604559999999
1.0326426466666667
0.7432539533333333
1.00256006
0.702739362
1.008054474
0.3560019146666667
1.004694214
0.9995618406666668
1.0115325706666667
1.0003300986666666
0.835694302
0.6238513926666667
1.0003068006666667
0.9651286579999999
1.0025132573333333
0.9976579360000001
1.0204731266666667
1.0344084426666666
0.9574264753333334
0.9934809793333333
0.8855967866666666
0.5480057026666667
0.7966995233333334
0.8227197453333334
0.8998276373333333
0.5749967933333333
0.985660718
0.73601304
1.0042830946666665
0.4333032993333334
0.9932856833333333
0.9131137086666666
1.0111158366666666
0.477659096
1.014088092
0.99780859
1.0191171453333332
1.00320404
0.9791219286666666
0.9986322
1.0172946853333333
0.9719649446666667
1.0117351086666666
1.007782462
1.0018351093333333
1.005658728
1.011758942
0.9534307780000001
0.9171793146666667
1.0007846246666667
1.0320347206666667
0.8043913726666666
0.6337470740000001
0.7335742666666667
0.9982956313333334
0.62836015
0.9996549
0.9980288593333333
1.0009945453333333
0.9931708393333334
0.9105197733333332
1.009333716
0.9962925333333332
0.9936418686666666
1.0021740686666667
1.016187504
0.8179721553333333
1.0363428033333333
0.8805041760000001
1.012904262
0.974832846
0.9830775013333334
1.029462086
0.9416929326666666
1.0238911246666667
0.9912225466666668
0.9236488806666666
1.031229392
0.990810948
0.9871105353333334
0.8038870053333333
1.003696364
1.0142317746666667
1.0014380006666668
1.1446378293333335
0.9979708846666667
0.9970789186666666
1.0109373413333334
0.9961076813333334
1.0268776933333335
1.0219907666666666
0.8702016566666666
1.0034032560000001
0.7135860333333334
1.024098642
1.0021857606666666
1.0192622566666667
0.7339001746666666
0.9968822060000001
0.9412182886666666
0.997600004
0.8760322873333333
1.0314027413333333
1.0178491806666665
1.0152626926666666
0.9883712566666667
0.999166532
1.0115325706666667
0.5417432153333334
0.9969516253333333
0.9681526733333333
0.9016978706666667
1.0301781646666666
1.0056234086666667
0.9068765406666667
0.9995851039999999
0.6928819426666667
0.9899887740000001
0.9354883406666666
0.9639048646666667
0.8039095753333333
0.8133098453333334
0.558139516
0.9842377073333334
0.9918978526666666
0.99026268
1.0325061113333334
1.0104616626666667
0.9475829933333333
1.0250518606666665
1.035468326
0.9936188813333333
1.027946794
1.0312665333333333
1.016584368
0.9121925273333333
1.0005165213333334
0.991382706
0.8167743906666667
0.9824029133333333
0.9574691626666666
1.0135735633333334
0.99713679
0.9250812646666666
1.0341967266666667
1.001286248
1.0014613506666665
1.0023962693333333
1.0279836993333333
1.0257128213333333
1.009143994
1.0007146706666668
0.9946658859999999
1.0044592473333334
0.9986554193333333
0.9967318306666666
1.0022208393333334
0.9931249093333333
1.026190712
0.9009129379999999
0.7874388873333334
0.9537483586666667
1.0116159586666666
0.6390702233333333
1.0010762046666668
0.9714483159999999
0.869505784
0.8412349886666666
1.0014496753333333
0.9995618406666668
0.993975306
0.9984696900000001
1.0048470013333335
0.990354016
1.0126176886666667
0.7091500533333333
0.9928608933333333
0.9961885460000001
0.8327614726666668
0.9352642593333333
0.7918377033333333
0.7751809
0.6126740033333333
1.0348196693333334
0.989566798
0.5928917733333333
1.0270373026666666
1.0070971686666668
0.9943434959999999
0.3285585993333333
1.0370935313333334
0.9877916066666667
0.8180188926666666
0.570411084
0.8443938886666666
0.9180222926666667
0.9841813233333334
0.799197502
0.99894576
0.4661121713333334
1.031477052
0.9935384340000001
0.9838206193333334
1.0191776033333333
0.9918405873333332
1.0154427186666666
1.0149507986666668
0.8179955233333334
1.0318735546666666
0.989760634
0.9986438093333333
1.0029463486666668
1.0023143946666668
1.0243551033333333
1.0001553913333334
1.0119496486666666
1.0187303833333334
0.96062789
0.9130263593333334
0.9084206253333333
0.9960037326666668
1.000504868
0.9854684846666667
0.9692778986666667
0.9995851039999999
0.8741690333333333
0.9975304939999999
0.8092565513333334
0.895157836
1.00746333
0.9034428473333334
0.7833243293333333
0.830210076
0.5119608186666667
0.9929527093333332
1.0000971686666666
0.995311294
1.004964562
1.0136931746666666
0.9978897306666666
1.031600926
0.9778067586666667
1.0074396986666667
1.0319851260000001
0.9954150986666667
0.7673558266666667
0.9784973393333333
1.0300052273333333
0.8730495573333332
1.0110444313333333
1.0053762400000001
0.9989341433333334
0.836475538
1.0266813193333335
0.996963196
0.999178154
1.0028878006666666
0.8218932
0.983854424
0.9872580213333334
0.875327062
0.6279605086666666
0.9792558726666666
0.35009800333333335
1.0004932146666667
0.868731944
1.0324316526666666
1.0026887893333332
0.9021619066666667
1.0031806079999999
0.929465536
0.9779292099999999
0.821547332
1.0324937006666668
1.0324688806666666
1.0069791093333333
0.9999109026666667
0.9940903360000001
0.9834826993333333
1.0187907953333333
1.0214074593333333
0.9954266333333334
1.0004233013333335
0.9952075113333334
1.006094542
0.9854119593333334
0.9240065606666668
1.0096065666666667
0.989350248
1.0192622566666667
1.013788884
1.002478158
0.5339309546666666
0.7682617466666667
0.9417135799999999
1.00256006
1.0353435213333333
1.000271856
0.78748942
0.9901827753333333
1.03851036
1.0162476153333333
0.8853685893333333
1.0134420233333334
0.986770352
0.6669203873333334
1.0029814806666666
0.9925970179999999
1.0031103186666666
1.0132746586666668
1.001204554
0.995126806
1.0004466046666667
1.000504868
1.007404254
0.8288962366666667
0.8543543153333334
0.49039943533333336
1.0305983986666667
0.65787965
0.6798469813333333
0.7796910793333334
0.999375774
0.8260823386666666
0.5662336666666666
0.5137735786666666
1.0063774346666667
0.677354166
0.9906167
0.9934694893333333
0.9123475433333333
1.0004932146666667
0.994746516
0.6074703573333333
0.775020038
1.0006796973333334
0.987008456
0.9978897306666666
1.0011228733333335
0.9818077966666666
0.987428252
1.007120784
0.9965121333333333
0.9974030853333333
0.9987018626666666
0.9842715406666667
1.0261539353333333
0.9998410706666667
0.9890426813333334
0.6239284253333334
1.001916906
0.885943872
1.0123909333333332
0.99336609
1.0305242146666667
0.9959113519999999
1.0045767173333333
1.0039661746666668
0.998713474
1.0376071546666668
1.0111158366666666
0.9823804426666667
1.0107945906666667
1.0126535013333333
1.0085397306666668
0.970361894
1.0029814806666666
1.00289951
1.0019636526666666
1.0000505960000001
1.0116636153333334
1.0050351113333333
0.9531980193333334
0.8263684333333334
1.0047999853333334
0.7790052046666667
1.0304376806666666
1.0945938366666665
1.0171380893333333
0.8959327673333334
1.0076524206666666
0.900469064
0.854983586
0.8724377246666666
0.9942399146666666
1.0116993606666667
1.001788374
0.685992908
0.9746005799999999
0.976184396
0.8765954966666667
1.0020220926666665
1.0278606926666667
1.0133344253333334
0.771220818
0.8782356013333333
0.6228065366666666
0.9976115893333334
0.7631223926666667
1.0023962693333333
1.0052468186666668
0.7664999146666668
0.69610491
0.989977364
0.9976926979999999
1.016825042
1.0123074173333333
1.0231959446666667
0.9822793393333333
0.4359554086666667
0.8587701786666666
0.999480428
0.9980984386666667
0.996789662
1.0022559206666666
0.5935472553333333
0.9967780953333333
1.0178974266666667
1.023244698
1.0135974833333332
1.0258843206666668
0.997171516
1.000178682
0.987053822
1.0049528046666667
1.0266076979999998
0.8981435360000001
0.9303312599999999
1.004894022
1.0079953286666667
1.0286854033333335
1.003532202
0.999259518
0.935610612
0.8533188886666667
0.6560206653333333
0.9999923853333333
0.6739106406666666
0.990730954
0.6443578573333333
1.0057764786666668
0.990730954
1.007014524
0.9801721406666667
0.9948041173333333
1.03109323
1.0070499413333334
0.8790714513333334
0.9941708726666667
0.9930101026666667
0.9942053926666667
0.912958432
1.0049292906666667
0.9874055513333333
0.8357349553333333
1.006012062
0.9851294313333333
0.8264558906666666
0.9926887846666667
0.8314395526666667
0.9874055513333333
0.977272784
0.9988760633333333
0.986407748
0.36559758400000003
0.9401572333333333
1.037995842
1.0037784646666668
1.0111753493333333
0.935926628
1.0041656933333334
1.0051527153333333
1.0064953533333334
0.986102008
1.0215896713333332
1.030141102
0.993963804
1.003321216
1.0031806079999999
0.9985741546666667
0.9910052713333333
0.8915714813333334
0.8638309120000001
0.9735733006666666
1.0066132993333334
0.8209192253333334
0.9792000586666666
1.0099151846666667
1.0221975146666666
0.59298591
0.9738492386666667
0.9927805686666668
0.822388928
0.943855508
1.006589708
0.971514238
0.8220269093333333
0.8307078566666667
0.9828750279999999
0.9219338853333333
0.9589870373333333
0.8806756946666666
0.673984668
1.0156228086666668
0.584134712
1.0023728753333334
1.0003883486666667
0.9947925966666666
1.0255903566666666
1.0023026993333333
0.9982724286666667
1.0725218306666666
0.9993292686666667
0.8965873673333333
0.9756078673333333
0.9897834433333335
1.008492368
1.0052350553333333
0.5502276893333333
0.8268138633333333
0.998133232
0.9724601039999999
0.9961076813333334
0.7667188460000001
1.0304624033333334
0.863622476
0.9898518773333334
0.9990387046666667
0.9953804946666668
1.0048470013333335
0.9978433633333335
1.0032860606666667
1.001239564
0.8399763933333334
1.1325494546666668
1.0058824773333335
0.9169051913333333
0.9289629486666666
0.8448922080000001
0.7230584673333332
0.9964890133333333
1.0342589873333332
0.968906176
0.9366307846666667
1.009120284
0.9184247233333334
0.9259088953333333
0.9983768513333333
0.9995036873333334
0.9029490173333333
0.9999109026666667
0.9188766506666666
0.9420647266666666
0.9240860826666667
0.9068573926666667
0.935406844
0.9960037326666668
0.9901941893333333
0.9888491266666667
1.0330027766666667
0.5750968826666666
0.7356033526666667
0.8173806119999999
0.5378558606666667
0.9624576573333333
0.5839004433333334
0.99595754
0.9978897306666666
1.0300916886666667
1.001111206
0.7755238293333333
0.7877349553333334
0.653077974
1.0153226946666667
1.0104260046666667
0.7919618113333333
0.8266308606666667
0.7952759500000001
0.9594047613333334
0.496907154
0.9930560220000001
1.0178129999999999
1.0089069413333334
0.8747654806666666
0.877428226
1.0297953093333334
0.9962000986666667
0.9318046766666667
0.823145474
0.9693216493333333
1.002010404
0.8912662086666666
1.0218327219999999
0.9774507106666667
0.8980778053333334
1.0201701393333333
1.076743246
1.001227894
0.9914628046666667
1.0022793093333333
0.7190636693333332
0.9941478606666666
1.0080899653333333
0.866882086
0.6925244353333333
1.0086344693333333
0.9952882293333334
0.622856212
1.0072388773333334
0.9680544766666667
0.8641437559999999
1.0242207506666667
0.8127250233333333
0.5843771193333334
1.0010645386666668
0.9733747226666666
1.0220150853333332
0.6647167073333333
0.9515929713333333
0.9974146666666667
1.03305247
1.0083976559999999
0.995588154
0.9853215326666667
1.0330027766666667
1.0256760786666668
0.9764618153333332
0.7152020806666666
0.98422643
0.7554114419999999
0.5516552733333333
1.0325433446666665
0.8090812373333334
0.6498369413333334
1.030969478
0.7362969373333333
1.0281928793333333
1.0311056073333333
0.90135725
1.0322827673333332
1.0349069413333334
0.9849599926666667
0.9684692199999999
0.6035224193333334
0.982661396
0.9944931513333333
1.03305247
1.0014613506666665
1.0366054340000002
0.9826501546666667
0.9970441986666666
1.000283504
0.9763397313333333
0.9591476573333333
0.9808996699999999
1.0018467933333333
0.998318836
0.9247028433333333
0.994055824
0.9986322
0.8596639973333334
1.0029580586666667
0.8482796866666666
1.0129400946666667
0.9812694446666667
1.0099745553333335
0.990810948
1.0269759086666665
0.5415280533333334
1.0016715553333333
0.9410842373333334
0.6989937826666666
0.9967549626666667
1.0086107826666666
1.0304376806666666
0.988621512
0.9995734726666666
0.9060156726666667
0.7965813133333333
0.6769858213333334
0.9989806126666667
1.0038605793333333
0.948179194
0.998597372
0.991542916
0.9732644366666666
0.9879506586666666
0.6706171126666667
0.8262333086666666
1.0271232666666668
1.000283504
0.9231426413333333
0.987167256
0.9353966579999999
1.0014730266666667
1.0028878006666666
0.6330045166666667
0.6483214153333333
0.69651695
0.9998527086666666
1.0057175999999999
1.0000273106666666
1.0036611819999999
1.004306578
0.995542
0.729754022
1.02608039
1.0010762046666668
1.0095353740000002
1.0185129586666668
0.935325362
0.9749324226666666
0.9805973346666667
1.0029112193333334
1.0015897986666666
0.7424381013333333
1.0211039173333334
0.7123315219999999
0.9901599473333333
0.7831672100000001
0.9846100033333334
0.9919665793333333
0.9892932766666667
0.9957843559999999
0.9963040886666666
0.9921155193333334
0.9205210886666667
1.0049528046666667
0.6234438893333334
0.8771952606666668
1.0154667273333333
1.0269267986666668
0.8981811006666667
0.99349247
0.61331267
1.01016459
0.7673078446666667
0.9986089806666667
0.9461843466666666
0.9929641873333334
1.0052938773333333
0.8326403906666666
0.965910042
0.7293698493333333
0.986623012
0.993216774
0.667817378
1.0265463553333334
0.9907423813333334
1.0295731366666667
1.0071089766666668
1.0052350553333333
1.0306973266666668
0.7296176566666667
0.9998294333333333
1.00869369
0.9733747226666666
1.009891438
0.8826484373333333
1.030981852
0.8883167966666666
0.9958420773333334
1.0059649366666665
0.9736395120000001
0.8688198113333333
1.008385818
1.0230497106666667
0.6329672013333333
0.9349283386666666
0.978229902
0.9160642626666666
0.8123253666666667
1.0061298953333333
1.0246728053333334
0.9855589379999999
0.999631634
0.9975536626666667
1.0320471206666666
1.0069082866666665
0.875451956
1.0175598033333333
1.002700494
0.9755303099999999
0.973518132
1.000178682
0.9946543686666667
1.0280329106666666
0.9849374053333333
0.7335116253333334
1.0048117386666666
1.03267989
1.0229157
0.35088168733333336
0.4517926993333333
0.7054750366666667
0.9979940740000001
0.8470584059999999
1.01967363
0.9944010499999999
1.018114588
1.0035673753333334
0.99862059
0.9949769606666667
1.009120284
1.0102239906666668
0.96673621
0.9935039606666666
1.0311798746666667
0.6342992813333334
0.788233718
0.7878144260000001
0.8133637526666666
1.01004581
1.0044357566666666
0.6128969479999999
1.0224773653333334
0.5842539033333334
0.9358348593333333
0.995311294
1.0233300286666667
0.7599223786666667
0.795312766
0.6425167246666666
1.0083739806666667
0.991542916
0.6451418413333333
1.0052350553333333
0.970066018
0.602768588
1.0049998353333334
1.0068610766666668
1.0181507906666667
0.993389066
0.9859661846666666
1.0013679553333332
0.6887706746666666
0.9929297539999999
0.9067616633333334
1.0017416433333333
0.9496887333333334
0.9463615580000001
1.0265954286666668
0.9120278806666667
1.0364553433333334
1.0102239906666668
1.026705862
0.9971136406666666
0.9478130173333333
1.0298570406666665
0.6337751293333334
1.0068728786666667
0.999689802
0.989646604
0.8086394786666666
1.02648502
0.6555150366666667
1.02759018
0.9992130226666667
1.0014029766666666
0.9304723446666667
1.0210917793333334
1.0328040533333334
1.0349692873333334
0.9300794299999999
0.935518906
1.0330276226666666
1.0001088126666666
0.971393388
0.972592232
0.5483835386666667
0.9734740019999999
1.026669048
0.5750160386666666
1.0174754326666666
0.5935513566666667
0.996442776
1.001087872
0.9969516253333333
0.976206584
0.8800982146666667
0.9960730293333333
1.0189479006666666
0.9984929026666667
1.01484288
0.9979940740000001
1.0401703266666666
0.9822456426666666
1.02882093
1.021942132
0.8500509233333334
1.0343088006666667
1.0305118519999998
0.9237680766666667
0.978218762
0.99603838
1.0205579953333332
1.0041656933333334
0.9990968039999999
0.9409296093333334
1.0174995373333333
0.9931363913333333
1.0040248486666665
0.9013761666666666
0.998794762
1.0348196693333334
0.9752977113333333
0.9881552293333332
1.00021362
0.8969150266666667
0.8649007313333333
1.0016365153333333
0.7225718866666666
0.3475848773333333
0.987984748
0.865031378
0.9874736566666668
0.5845043646666667
0.955988002
1.026288796
0.984632576
0.9899431373333334
0.6334199473333333
0.8804590506666666
1.01121106
1.017017664
1.031377974
0.8503791186666667
0.99776223
1.0015314093333334
0.9978781386666666
0.9993641473333333
0.975175918
1.0146750526666666
0.877293808
0.869998946
0.999817796
0.9718439826666666
1.000609758
1.0383095119999999
0.8593543880000001
0.6418110260000001
1.030066984
1.0056351813333333
1.0265340873333333
1.0120331053333333
0.9106645666666666
0.753067048
0.6770605253333333
1.0125699426666668
1.0141838760000002
0.8263048399999999
0.8509603933333333
0.988621512
0.983798084
1.008421332
0.912939026
1.0310561013333333
0.998829604
0.9744347433333334
0.6101065806666667
1.0113539286666668
0.9412904866666666
1.032518522
0.8963534719999999
1.0001088126666666
0.9666383000000001
0.9230335253333333
1.004506232
0.9992943919999999
1.003075178
1.0041774326666666
0.9925167353333333
0.6053128833333333
0.9720859373333333
0.8175595413333334
0.996963196
1.0245383686666667
0.9604023426666666
1.0369432986666667
1.0037432773333332
1.0074396986666667
1.0187424653333335
1.0039427073333334
1.0025249573333335
0.9972757093333333
0.8658946393333334
1.0268899693333333
0.9721409433333333
0.90135725
1.002384572
1.0392013686666666
0.9989341433333334
1.0281559593333334
1.0035204786666667
0.992608488
0.9293649753333334
1.0035673753333334
1.040245906
1.0324440613333332
0.995265166
0.9230136886666666
0.9928035173333333
1.0322827673333332
0.9476039
1.0147829353333333
1.0029814806666666
0.993699342
0.99410184
1.0171742226666667
1.0021506846666666
0.9892021366666667
1.0077588153333332
0.8447011160000001
1.0120569526666667
1.0086107826666666
0.9991432880000001
0.9835164806666666
0.989760634
1.0040835293333332
0.9900458253333333
0.9837530166666667
1.004905778
1.012629626
0.982852536
1.0311674960000001
1.021929974
1.0018351093333333
1.0103071633333334
0.936171432
0.99828403
0.7788568753333334
1.010449776
1.0086463126666665
1.0361427926666666
1.0042243906666666
0.9305731453333332
0.6451806059999999
0.8816971613333333
1.0083739806666667
1.000236914
0.9953228266666667
1.0109492393333332
0.8910350806666667
1.0359928353333334
0.8172795126666667
1.0034853086666666
1.0046824633333333
0.8741957226666667
1.0310561013333333
1.0035556506666667
0.9960614793333332
0.992012402
1.006294908
0.9804518320000001
0.840625786
0.9812134006666667
1.0039544406666667
0.6700417
0.9969516253333333
1.0189237273333334
1.019250162
0.8909703866666667
0.9109832746666666
0.8221764
0.5665884773333333
0.9946543686666667
0.712349244
0.991577254
1.0226356093333333
0.5889042866666667
1.0056234086666667
1.0034853086666666
0.9362734713333333
0.6005393426666668
0.9799596826666666
1.030932358
1.0155387586666667
1.1876032893333333
1.0066604860000001
1.0061181106666666
0.9978665466666666
0.9602520366666666
0.919338862
1.003145462
0.4571983793333333
0.9948271593333334
1.0202670759999999
0.9954381693333333
0.771698882
0.9897720386666666
0.9609502846666667
0.9007995673333333
0.992746148
1.022075888
0.9998410706666667
0.990536738
1.0088713933333333
0.9912797406666667
0.7518147486666666
1.0042361306666667
0.7292583913333333
0.9976115893333334
0.9976926979999999
0.9176986413333335
0.98669101
1.013920514
0.9068286713333333
0.9016410826666666
0.8386806146666667
1.026742678
0.99488477
1.0103071633333334
1.0009595526666666
1.0310189753333334
0.995622772
1.0192743506666668
0.9826051926666667
0.9957612693333334
1.021031094
1.008492368
1.0075342306666666
0.9975073266666666
0.5753549673333334
0.9367329246666667
0.7948344246666668
1.0170658306666667
1.0045414733333333
0.9271581246666666
0.895764596
1.0392013686666666
0.9290634226666666
1.0005631373333335
1.0341469233333334
0.8755322633333333
0.9993060173333334
1.02669359
0.9853780473333333
1.00323919
1.0284760233333332
1.0037901946666665
1.0253087993333334
0.9185523966666667
0.9212516453333333
1.02631332
1.0143395633333332
0.6336769473333334
0.989977364
0.9862491926666667
0.997298866
0.760285582
1.016211548
0.981493686
1.0321587293333334
0.9921040613333333
0.9419924106666667
0.8256059546666668
0.86078389
0.9972178213333334
0.855162332
0.859655394
0.05724222733333334
0.9064076433333333
0.5795590586666667
1.0097845926666666
1.004894022
0.8499920433333333
0.997009482
0.9999923853333333
0.9832688033333333
0.9240065606666668
0.9136381573333333
0.8368748566666666
1.008978046
0.9701646233333333
0.96801084
0.8920066246666667
0.6567027453333334
1.0194558026666667
1.0072388773333334
0.9823018046666666
0.992470866
0.80447424
0.8746229719999999
0.38622070000000003
1.0004815613333333
0.9922645046666666
1.0042948360000001
0.9716461093333334
0.21082698266666666
0.999480428
0.999480428
1.0007846246666667
1.0356805633333332
0.8702721866666667
0.9959228986666667
1.0104735486666667
0.9978549546666666
1.0266076979999998
1.0032157560000001
1.006059192
1.01004581
1.0122835586666667
1.0049528046666667
1.0275410113333334
1.0309076126666668
0.9982028253333333
1.0187062206666666
0.969704638
0.8223653086666667
1.0038136553333334
1.0022676146666667
1.032779218
0.9337798906666667
0.9810116933333334
0.850311776
0.9948502026666667
0.7330046246666667
0.5319997886666666
0.9025979666666667
1.0307591666666667
0.5622089673333334
1.024013184
0.9687422713333333
1.0171019586666665
1.0120688766666668
0.9946428513333334
1.0249784733333334
1.0364678486666667
1.0338730926666666
1.000924562
1.0014380006666668
1.030808644
1.0033915353333334
0.8813081826666667
1.0002602086666668
0.875327062
0.9951959813333333
1.0000971686666666
0.9978201806666666
0.927548574
0.9973683433333334
1.1121384026666665
1.00275902
0.8427949406666667
0.9925626093333334
1.0127490146666667
1.006990914
1.002209146
1.0299434773333334
1.036355306
0.995265166
0.8311821060000001
1.00021362
0.99410184
1.0047764786666666
0.9718219926666667
1.0020454706666666
1.03536848
0.995011536
1.0369307813333333
0.995034588
1.0239765633333333
1.0348446026666667
1.011330114
1.0150347513333333
1.0326923046666667
0.944031848
0.895820646
0.7678359726666666
1.0166926573333332
0.9916917293333333
0.7123728739999999
1.002876092
0.8807208426666666
1.007404254
0.692535602
0.9225576833333333
0.8175751046666666
0.997171516
1.0240375993333333
0.9934465100000001
0.9945967846666668
1.0006680406666666
1.0315389853333332
1.01888747
1.0357929593333333
1.002782432
1.0012979193333333
0.9421370539999999
0.8046701753333333
0.8996203126666666
1.0257618153333332
0.9866456766666667
0.623290082
0.9512136193333334
1.000609758
1.0339726506666667
1.0011345413333332
1.0031688926666666
1.0105805399999999
1.0271109853333333
0.9951383346666667
0.9169737066666667
1.0353560000000002
0.9929067993333333
1.0141240086666667
0.9949193393333333
1.0044005226666666
1.0114372873333333
0.9990154673333334
0.9122700286666666
0.9233609513333334
1.0368556833333333
1.0145671926666666
0.902304054
0.8640046866666666
1.0004699093333334
1.0001553913333334
0.8523536246666666
1.021225312
0.9070680666666667
0.9962809779999999
1.0356680766666666
0.9345316526666667
0.870933964
0.6551100953333333
1.01450728
1.0316628746666667
0.967062718
0.9951844513333333
0.9750541553333334
0.9298378013333333
1.0144353946666667
0.9919894899999999
1.0079480173333333
0.891812146
1.0100101813333333
0.9724931326666667
0.8354667166666666
1.001683236
1.0042126506666667
1.0348196693333334
0.995542
0.9932856833333333
1.0069318926666666
0.9985509386666666
1.0120092593333334
1.0025132573333333
0.9981564286666667
1.0281805726666666
0.9930789833333333
1.0009945453333333
1.031117984
0.9957843559999999
1.0132148986666667
0.9987831486666667
1.0368681986666668
0.9841700473333334
0.9934235313333334
0.912289406
0.999178154
0.9122797173333334
0.9968590686666666
1.0080426446666666
1.0020922293333334
1.00086625
0.995969088
0.9294152526666667
1.0306725933333334
1.033773554
0.7439427179999999
0.9877575306666666
0.8714906346666667
1.0321587293333334
0.8822948666666666
0.9933201420000001
1.0048822666666666
1.0000855253333334
0.6027178353333333
0.9918978526666666
0.9125995573333333
1.0150227573333332
0.7798751273333334
0.999526948
1.0066840806666668
1.0033563746666667
0.9906167
0.9487027953333333
1.002665382
0.97418057
0.8041052360000001
0.989350248
1.00509391
1.033674034
1.011092034
1.005023352
1.0602108826666665
0.9995036873333334
1.0326178193333333
0.9932627126666667
1.0025834626666665
1.0345953233333334
1.0121523533333334
0.971481276
1.000889574
1.027823796
0.9998876246666667
0.8542013893333332
0.9066276773333334
1.001087872
0.393384072
0.9937338293333334
0.7791253226666666
1.0146870386666667
0.999375774
0.9828188
1.0206913893333334
0.9967318306666666
1.007782462
0.9915887
0.9957612693333334
0.9980520513333333
1.0249540126666667
0.9935614173333334
0.9760623813333333
0.9832012766666667
0.7366189526666667
1.0042478713333334
1.026742678
0.9971830920000001
1.0382467626666667
1.0027239033333333
1.0289934706666666
1.0086818446666665
1.0032509073333333
0.9976579360000001
0.9270680673333332
0.9003558046666666
0.9986902513333333
1.0105805399999999
0.9957150993333334
1.001286248
0.9623713946666667
1.019238068
1.0040248486666665
0.6445319113333333
0.9940098119999999
0.978207622
1.0101170746666666
1.0085397306666668
0.9972757093333333
0.9676836913333333
0.9864417306666666
1.0079480173333333
0.9184443626666666
0.9680326579999999
0.9973915046666666
1.038171474
0.9361612293333332
1.0294867619999999
0.908670474
1.0045884653333332
0.338179744
1.0168370786666665
0.8698139446666667
1.019661526
0.8902316893333333
1.0029112193333334
1.0131551460000001
1.0280944313333333
0.995668934
1.0083621433333332
1.0019987160000001
0.9701646233333333
0.9974030853333333
1.0044944853333333
0.9993292686666667
1.013609444
1.004964562
1.0340348846666667
1.0106399893333333
1.0326426466666667
1.029301722
0.9602735059999999
0.9957959000000001
1.036680496
0.9774173446666667
0.8651010726666667
1.0021156106666667
0.994769556
0.8447841893333332
0.9686767246666667
0.9807764739999999
0.7711654286666667
0.586816316
0.8444021893333333
0.8210369219999999
1.0101883493333332
0.759163464
1.0281313473333333
0.6035266593333334
0.902721278
0.8543713106666667
1.008421332
1.034159374
1.0112229640000001
0.8354504653333333
1.0170778733333332
0.9986322
1.0059649366666665
1.006365644
1.036517876
1.0245505886666666
1.0102239906666668
0.7756498793333334
0.9980288593333333
0.9020008599999999
1.0096303
0.5933299666666667
0.9699674333333334
0.7928170226666666
0.9970441986666666
1.003461864
1.0336615953333332
0.999061944
0.9421887233333334
0.8311821060000001
0.96767279
0.9684692199999999
1.0020337813333333
1.0016949173333334
0.9960152813333334
0.8907948346666668
1.0020337813333333
0.9294554793333334
0.999631634
0.8265672266666667
1.0133224713333333
0.9934694893333333
0.969343526
0.9534519433333333
0.9996781680000001
1.00245476
1.0025132573333333
1.022075888
0.8285044939999999
0.600249786
0.9984580846666666
1.0053762400000001
1.0020220926666665
0.9699674333333334
1.0101527106666668
0.9341251446666666
1.0014613506666665
1.02679177
1.0016014773333333
0.9918863986666667
0.7909991706666666
1.0069082866666665
1.011782776
0.9955073873333334
1.0037667353333333
0.7228150953333333
0.7123138013333333
0.5246594626666666
0.9685893433333334
1.0092269886666667
0.47905763733333334
1.0000389533333334
1.026350108
1.0005864473333332
0.9967665286666667
1.0249907033333334
0.7841251866666666
0.822286586
1.0157188826666668
1.0066840806666668
1.0359803406666666
0.9239071773333334
1.029153738
0.9973567626666666
0.9883257693333334
1.02608039
0.97944569
0.9964196586666667
0.9948271593333334
0.8857063633333334
1.0322331486666667
1.010354696
1.004647212
1.0026185693333334
0.995011536
1.035056584
1.0013095913333334
0.9922645046666666
1.0363428033333333
0.844684504
0.9878484053333333
0.6330744946666667
1.0301163946666667
0.6232448586666667
1.0332512893333332
0.6054963553333333
1.0372312826666665
1.0101527106666668
1.0231837566666666
0.645107926
0.995542
0.9444574099999999
1.0291167486666666
0.9964312166666667
1.0199521
1.0140402066666667
1.0318611593333333
0.6622108753333333
0.9703180486666667
0.9898290653333334
1.0052232913333334
1.0005281746666665
0.911960102
1.0013212633333333
1.031910742
1.002700494
0.7791041226666666
0.9980404553333333
0.8896968993333333
1.0285252813333334
0.633704996
1.0312170126666667
0.9828975206666667
1.037344016
0.9832350386666667
0.99039969
1.0335247906666667
1.0059767173333334
0.9295761786666666
0.9931363913333333
0.946977102
0.9878938486666666
0.929465536
1.0029346386666667
0.786264036
1.0326302326666668
0.9823916779999999
1.0377701173333334
0.9240960239999999
1.0121642793333334
1.0118781253333333
0.9934005539999999
1.0083739806666667
0.991051006
1.0368932306666667
1.0029346386666667
0.7486695186666668
0.989977364
0.8229010206666667
0.45418389533333337
0.9993060173333334
0.9928264666666667
0.9199887106666667
1.0331767226666666
1.0347074840000001
1.0057411506666667
0.5934201426666667
0.9788653046666667
0.8402639753333333
0.975375232
1.0088358473333332
1.0310189753333334
0.9811573626666666
1.0180180606666667
0.94788623
1.0050821493333333
0.9968937753333333
0.8973835266666667
0.7594386466666666
0.8404201733333333
0.47909504399999997
1.0411032373333333
0.8908687426666667
1.026669048
1.0262029713333334
1.0370684893333333
1.0073924393333333
1.0026068666666668
0.5934898433333333
0.994285948
0.9858643413333332
0.9115342959999999
0.911350548
1.0062359686666666
0.9846100033333334
1.0094997813333333
1.0007263293333333
0.9181400406666667
0.5931742726666667
0.7517423746666667
0.9240264399999999
0.9543099353333334
1.0344707286666668
0.8405435286666667
0.999934182
0.999061944
0.5418559873333334
1.031328442
0.9684473826666667
0.633966906
0.9626518053333333
1.0110206313333334
1.005564548
0.6559505313333334
0.969726532
0.9884508693333334
1.0040013779999999
0.6337470740000001
0.928109796
0.9240463200000001
1.0383973733333334
0.9995618406666668
0.99828403
0.825740874
0.9991316666666666
1.0047177166666668
1.0386610473333333
1.0060474086666666
0.8958767033333334
1.0085160486666667
1.0025132573333333
0.6005225486666667
0.8748100246666666
0.9418787926666667
1.0124386626666666
0.8694793806666666
1.03188595
1.0021156106666667
1.023427566
1.0015547646666667
0.9702194126666667
1.0095828346666667
1.000143746
0.9737388446666667
1.0222096786666666
0.9884963686666667
1.0160552853333333
0.8911829886666666
1.0110563313333334
0.9122700286666666
0.9383906959999999
1.0054468466666666
1.014902832
0.8603269659999999
0.9691138680000001
0.9003369313333333
0.993607388
1.01043789
0.989179354
1.004647212
0.9234900006666666
0.9904567886666668
0.99915491
1.0041187406666667
0.9655517506666667
0.9962809779999999
1.0272338133333332
1.0106994459999998
0.7792313393333333
0.973054962
1.0047529726666666
0.9918634926666667
0.7877999753333333
0.7194129573333333
0.9701098399999999
0.775495824
0.7202755846666667
0.9740811466666667
0.9900458253333333
1.0054703846666666
1.0260926466666667
1.0033094973333334
0.8264081846666667
0.9384317026666666
0.7875471793333333
0.873795556
0.860990958
0.4983514586666667
0.77495711
0.9987250860000001
0.995311294
0.6336675979999999
0.754654876
0.7329796053333333
0.732823276
0.850168708
0.9768060353333333
1.0021974533333333
0.979311694
1.0026419746666666
1.0045884653333332
1.028981144
0.9739044446666667
1.0263746346666667
1.069876894
1.022708662
1.0088003046666667
1.0050115933333332
0.8326161786666667
0.8919417886666666
0.9524793026666666
1.0097845926666666
1.0304253193333335
1.0299805266666666
0.9965583773333333
1.0266199673333334
0.97576302
0.9024652080000001
1.0059413753333333
0.9406308066666668
1.0003068006666667
0.42367960866666665
0.997298866
1.008622626
0.9796914453333334
0.9982144253333333
0.6028785806666667
0.9976695226666668
0.37116130666666663
0.7781795166666667
0.26545899666666667
1.0001321013333333
0.7154343940000001
0.8370216413333332
1.026914522
0.7336995813333334
1.0547173593333334
1.0265463553333334
0.8264479393333333
0.9995036873333334
1.0238301060000001
0.9949078160000001
0.9912225466666668
0.9943665166666666
1.0302028746666667
0.9970673453333334
0.9968475
0.8742846986666667
0.975264492
0.998411664
0.9917031786666667
0.9072500913333333
0.9882916566666666
0.9970441986666666
0.9299384646666667
1.0128684313333334
1.0296224999999999
0.9281699666666666
0.8963628253333333
0.986192578
1.001519732
1.0032977786666668
0.9816731533333334
0.6038024093333333
0.9981564286666667
0.9929871446666666
1.0317372226666666
0.975751936
0.8653189406666667
1.0254067146666666
0.7115231673333333
0.985185924
1.0199278793333333
0.7135860333333334
1.0343212553333332
1.0334501846666666
0.6236656859999999
1.0072979340000001
1.002478158
1.0110563313333334
0.9909252466666667
1.0043652913333334
1.0004932146666667
1.0120331053333333
0.8655718046666666
0.8757197053333333
0.9087569919999999
1.0255413793333334
0.8345008586666666
0.9955073873333334
1.0228304386666667
1.0130117686666666
0.9927117293333334
1.0339975433333335
0.9815161159999999
1.0053762400000001
1.0023494819999998
0.9992013993333333
1.012450596
1.021711182
1.0023026993333333
1.0351937953333332
1.0372813833333332
0.997021054
0.9863397893333334
1.0089424926666668
1.0102358713333333
1.0098320766666666
0.9919665793333333
1.0086581566666668
0.9954727766666667
0.968229062
1.0131551460000001
0.936569512
0.8095387380000001
0.9405793086666666
1.00569405
0.895456446
0.8694529786666667
0.8707838726666667
1.0380460166666667
1.0075224133333334
1.0222096786666666
0.993607388
1.0064599746666667
1.0230375266666667
0.973451938
1.0035790999999998
0.9223694653333334
0.999724706
0.9993176426666667
0.9230732006666668
1.0064717673333332
0.8587186693333333
1.007723348
1.024489492
0.5579582466666667
1.001087872
0.9068669666666667
1.0041070033333335
1.0232568873333332
1.0227939026666666
0.9569678253333334
1.00904916
1.0026770853333333
0.9953228266666667
0.8880045686666668
0.9353355466666667
0.6446528373333333
0.9950461146666667
1.0340224373333333
0.9039086813333334
1.0020688493333334
1.0363052953333332
0.9546599306666667
1.025321038
1.0073215586666666
1.0007263293333333
1.0041774326666666
0.84555755
1.0266567773333333
0.6033952366666666
1.0245505886666666
0.612708964
1.007782462
1.0173067326666665
0.517528292
0.9292543833333334
0.8966996806666666
1.03207192
0.979568552
1.0324440613333332
0.7054344813333334
1.0219178166666667
0.8964002413333333
0.9836178393333332
1.0083029620000001
0.9354781526666667
1.0331021673333334
1.010271516
0.92278563
1.00205716
1.0123551393333334
0.987065164
0.9373666880000001
0.9942974573333333
0.9914399180000001
0.9977042859999999
1.0097371126666668
0.9282803006666667
0.9894756073333333
0.9250513779999999
1.0261539353333333
0.9985045093333333
0.64467219
1.0348570693333332
0.9955304620000001
0.9808884693333333
1.024281816
0.826638816
0.9833138260000001
0.783417202
1.0079598446666667
0.9890540693333334
1.0022325326666668
1.0095353740000002
0.5797781160000001
0.9973104446666666
1.0037784646666668
1.0007263293333333
0.9655083393333332
0.9485456546666666
0.9115923373333333
0.8136488106666667
0.9963040886666666
0.995668934
1.0202913126666666
0.9932397426666666
0.6958060633333333
0.510239594
0.9860567293333333
0.33003936666666667
0.9482629313333334
0.9957959000000001
1.016584368
1.009654034
0.9243545706666667
1.027959096
1.0086700006666667
1.003461864
0.9905938526666667
0.9854006553333333
0.9769171253333334
0.9140173006666668
0.7758600546666666
0.5266635146666667
0.941156414
1.034620246
1.0322579573333335
0.7087638693333334
0.9939178006666666
1.0047882313333334
0.9131137086666666
1.0351937953333332
0.639341346
0.9078157926666666
1.0369307813333333
0.9944586113333334
0.9996665339999999
0.9998061586666666
0.6028489633333334
0.9931593566666667
1.025688326
0.8968682033333333
1.0255536233333333
0.9960499293333334
0.9243247313333333
0.6501714066666667
0.8646308526666666
0.8452164313333332
1.0199157693333334
0.9313197513333333
0.98107892
0.4716090606666667
0.7950698439999999
0.67983622
1.031898346
0.729673436
0.795401138
1.0171260453333333
1.0369307813333333
1.0009828806666665
0.9972062446666667
1.0000971686666666
1.0083621433333332
1.0265463553333334
0.9774395886666666
0.9287620653333334
0.6801592006666667
1.003930974
1.0032977786666668
0.9970441986666666
1.0097133746666667
1.0244650546666667
1.0265340873333333
0.9924823326666666
1.024758374
0.8169608246666666
1.025480164
1.0058589199999999
0.9410636173333334
0.9828075546666667
0.999178154
1.0050115933333332
1.0066722833333333
1.0047764786666666
1.0063302746666667
0.999934182
1.000609758
1.0098202053333334
1.0331394440000001
1.0291414079999999
1.0152626926666666
1.0030868913333333
0.9398280713333333
0.985660718
1.0321587293333334
1.0271846786666667
0.9927920426666667
1.0018117406666667
0.8865107526666667
1.0003999993333335
0.60338676
0.971184718
1.00904916
0.9825827126666666
0.9991432880000001
1.0043652913333334
1.0318735546666666
0.612459954
0.9603701299999999
1.0287223613333334
0.9984000593333333
0.8754162686666667
1.0264114273333333
0.6132557479999999
1.006059192
1.0029697693333333
0.9931363913333333
0.9945276933333332
1.031477052
1.0048705113333334
0.9952075113333334
0.870978118
0.9789210806666666
0.6226846386666667
1.0231106366666667
1.0231715693333334
0.322176512
0.9914513613333333
0.8603872866666668
0.99192076
1.0044944853333333
0.965291342
1.0100933186666665
0.9855476306666666
1.01242673
0.8224282973333333
0.8924421926666667
1.0005631373333335
0.9061590373333334
0.5835989506666667
0.5617089813333334
0.850269692
1.0002252666666667
1.0249417833333334
0.937612246
0.9013194193333334
0.6026163566666667
1.027996002
0.9923791393333332
1.0304376806666666
1.00320404
0.9562114806666667
1.031291296
0.8215394746666665
1.0255413793333334
1.0366054340000002
1.0030868913333333
1.0068728786666667
0.7526051893333333
1.031650484
0.6126783726666667
0.8547879026666666
1.0030400393333332
1.0065071466666666
1.008054474
0.9985741546666667
0.97731726
0.6228381473333333
1.0151307146666666
0.9988528326666666
1.0296101586666666
1.0077351706666666
1.006589708
1.0295731366666667
0.5816192426666666
0.9815161159999999
0.9493213893333333
1.0058824773333335
1.0136453266666667
1.0344707286666668
1.0010762046666668
0.8581438966666667
1.0010295406666667
1.006023844
1.0063184853333333
0.9839220406666667
1.00343842
0.998365248
0.9544159673333333
1.0356680766666666
0.8310132433333334
1.0135496446666665
1.0015897986666666
1.008421332
1.0177888800000001
0.9983420413333334
0.9743794766666667
0.9036044086666667
0.9956804746666666
0.5938139593333334
1.0006796973333334
1.0126415633333332
0.8750060700000001
0.9904339486666666
1.0013796286666667
1.0048352466666668
1.000073882
0.9596405613333333
0.902190332
1.0190808733333334
0.9297069713333334
0.9968590686666666
1.0281559593333334
0.9489962646666666
1.0014146506666666
0.8800350986666667
0.79978535
1.0053997746666667
0.844576538
0.9127644106666667
0.9937108373333334
0.8796656006666667
0.7516305513333333
0.9715801693333332
1.0004582566666667
0.9940903360000001
0.9919665793333333
0.9992246459999999
1.0163438073333333
0.948660886
1.0218448773333333
0.8879862086666667
1.0140162659999998
1.0095828346666667
0.9939178006666666
0.9907081013333333
1.0373314886666667
1.0139683873333334
0.8650488006666667
0.9919322146666667
1.0110206313333334
1.0108302746666666
0.9947349966666668
0.8995072666666667
0.9352337113333333
0.9939293013333332
0.9773394993333333
0.9940328173333334
1.004858756
1.0108778573333335
1.0047999853333334
0.817582886
0.46731921000000004
0.9938488033333333
0.520816736
0.8650836479999999
0.997565248
1.004306578
0.9678363333333333
0.9417135799999999
1.0226234353333332
1.0097845926666666
1.0023611786666666
1.00190522
0.99780859
1.034072228
0.8773386093333333
0.7328795466666667
1.0023611786666666
0.7295866713333333
0.5500233453333333
0.995703558
0.997021054
0.9688843186666667
0.9359368253333333
1.000877912
1.0015547646666667
0.8399517526666667
0.8919417886666666
0.9949769606666667
0.6333265446666667
0.996246314
1.011508748
0.814026628
1.013681212
0.9910167046666667
1.030808644
0.9131137086666666
1.0240864333333335
0.9935499253333334
1.0280206073333333
0.9133175893333334
0.8361254286666667
0.9698141186666667
0.8170929333333333
0.6028743493333333
0.8657899099999999
0.999178154
0.9989573773333333
0.9960268306666666
1.0000622386666667
0.9834038846666667
0.7780596900000001
0.8942632
1.0349568173333334
0.9980520513333333
0.613019418
1.0304747646666665
1.0384350326666667
0.9981564286666667
0.9938718013333334
0.8236585093333333
0.7056199146666666
0.9430058506666666
1.0357554913333333
1.0284513953333334
0.603314716
0.8171628906666667
1.0013679553333332
0.9830887526666667
0.9691794733333333
1.0255413793333334
0.9302708086666667
1.0365804159999998
0.9667035713333333
0.6031622086666666
1.0246239153333332
1.030821014
0.9876553173333333
1.0237812966666666
1.0246728053333334
1.0282298026666667
0.9897036159999999
0.9532191746666667
0.9926773126666667
0.8223180733333334
0.8314234573333333
1.00031845
1.0213710246666665
1.0075696846666666
1.0012629053333333
0.722882006
0.6029505206666667
0.729493732
0.6616243106666667
1.0068492753333333
0.9800826733333333
1.0051056706666666
1.0326674753333334
0.9738934026666667
1.0267304053333335
0.9957150993333334
0.9885191193333334
0.9980520513333333
1.0255658673333334
1.0236958913333334
0.981953702
0.8652230653333333
0.9980752446666667
0.9597156126666667
1.027368958
1.039352256
1.004600214
0.9759182213333334
0.977272784
1.001566442
1.0124983313333333
1.0032509073333333
0.9943204760000001
1.0123074173333333
0.850395956
0.99116536
1.0069082866666665
1.013382244
0.9985857633333334
0.8996108906666667
0.9844520253333333
0.9534519433333333
1.1610687039999998
1.0061652506666665
0.9877461726666668
0.775187896
0.7452335566666667
0.9838431553333333
1.0212374533333333
1.0051174313333333
0.5840949919999999
0.771227742
0.9724160693333334
0.9171499366666667
0.997171516
1.032109122
1.000271856
0.9319057666666666
1.0329406673333332
0.684997296
0.9660838546666667
0.6559555406666666
0.9979013233333334
0.9596405613333333
0.9880870293333334
0.6255915193333333
1.031043726
1.004060056
1.0330152
0.6440921226666667
1.0029463486666668
0.9429540913333334
1.010532986
1.00245476
0.6029886133333333
0.9839896666666667
0.9979476966666666
1.006625096
0.994758036
1.007877058
1.03205952
0.9811685693333334
1.0065189399999999
0.61285322
0.9948156380000001
1.0000156686666666
1.0047764786666666
1.035094002
0.9950806953333334
1.0330152
0.9891907453333333
1.0049763193333334
1.0022559206666666
0.8496641466666667
1.009938932
1.008421332
0.9998992633333333
1.0239399446666666
1.0155267526666667
0.998713474
0.9838656926666666
1.004353548
0.9783078893333333
1.0072624993333334
0.9912225466666668
0.6137377266666667
0.9920696873333333
0.584202248
1.00289951
1.0352187466666667
1.0208976113333332
1.0378829673333334
0.9734740019999999
0.7089510573333334
0.6980905646666666
0.44736213666666663
0.9986322
0.988223438
1.0036377286666667
0.994723478
0.6235253473333333
1.0029463486666668
1.0244161846666666
0.6129581766666666
1.005611636
1.0120688766666668
0.9777288506666667
1.0055763193333334
1.005611636
0.998365248
0.9582061206666668
0.9949193393333333
1.0086107826666666
0.7264829660000001
1.0037315486666667
1.0064953533333334
0.9991897766666666
1.0129759306666666
1.03337559
1.0179215506666666
0.9881665966666666
1.0114372873333333
0.9965699393333333
0.9990968039999999
1.0016715553333333
0.9820771939999999
1.0032274726666666
1.0282421106666668
0.9840009386666667
0.8650226673333333
0.8761037660000001
0.712437866
0.6988743553333334
0.9186211586666667
1.030141102
1.012021182
0.8588818046666666
0.9905938526666667
0.612739558
0.9997363413333334
0.9411357913333332
0.6313807126666666
0.8221764
0.6088136613333334
0.6281441886666667
0.8961477446666666
0.737447382
1.0074396986666667
0.6228020206666667
0.6148799646666666
1.040044386
0.9116794126666667
0.9990038486666667
0.9226567766666667
0.6825317106666666
0.998110036
1.001111206
1.0047999853333334
1.0195647046666667
0.8504380526666667
0.9480954713333334
0.9895439986666666
0.9955766153333334
0.5836029153333333
0.9986322
0.8928781866666666
1.0019987160000001
0.9643701899999999
0.869972512
1.005493924
0.5840671913333333
0.667692796
1.001987028
1.0015897986666666
1.00205716
1.0286730846666665
0.902199808
1.0047999853333334
0.9713164993333333
0.9967433966666668
0.7872440373333334
0.9909252466666667
0.6029674500000001
1.0362302873333333
0.9722619800000001
1.0091321386666667
1.028574544
1.009345576
1.0011928846666667
0.593662114
1.009938932
1.030153456
0.9982608273333333
1.007120784
1.0050115933333332
1.0219664486666666
1.0003999993333335
1.0278360946666667
1.0137410266666667
0.995034588
1.0285868606666666
0.990308346
1.0315637606666666
0.9966971353333334
1.0285129659999999
1.0291783993333334
1.0031688926666666
0.584241982
0.9954035633333332
1.0094641913333333
0.534186624
1.00041165
0.9968127966666666
0.999794522
1.0093692973333332
1.022866978
0.9980288593333333
1.0050115933333332
1.0006913553333334
1.0268285926666667
1.008480528
1.034620246
0.9619079953333334
0.9988528326666666
0.5934160433333333
1.033412886
0.9948732473333333
0.8164017786666666
0.9354272173333333
0.9982492260000001
0.9643918440000001
0.968065386
1.038548028
1.000236914
1.005282112
1.0128684313333334
0.9987250860000001
0.9403630759999999
1.0091084293333332
0.98922492
0.9931938060000001
0.997634762
0.8601805080000001
1.0267549506666667
0.9239568666666668
0.999689802
0.9970441986666666
1.001566442
1.0018818486666667
1.030858126
0.9734298753333334
0.9280195533333334
0.7913270806666666
1.011365836
0.999271142
0.41535593666666665
1.0358803953333333
0.935437404
0.9902398486666666
0.9233212506666667
0.92513108
0.8407080586666666
1.0043652913333334
0.9990735633333334
0.7050928439999999
0.9961076813333334
0.8678893246666667
0.9976695226666668
1.0006680406666666
1.002337786
0.9971252153333333
0.7968916899999999
1.0185612673333333
0.8449753186666666
0.9913941473333333
1.0023728753333334
0.999794522
1.0029463486666668
1.0025015573333333
0.99862059
1.0128087193333335
0.9984000593333333
0.9995385786666667
1.0029112193333334
1.037131096
0.9692232153333332
0.63381254
0.960466774
1.0343710746666668
1.0115563946666666
1.0076287806666666
0.9938718013333334
0.99106244
1.0262274913333334
1.0152026986666667
0.981639498
1.000190328
1.011925806
0.9875417713333333
0.9921498966666666
0.9828300446666667
0.9895895986666666
1.0214196046666666
0.9191421193333333
0.6130981746666666
1.0070381353333333
1.0216868773333334
1.0112586786666666
0.854983586
0.9946198173333334
0.992470866
0.9973336033333333
0.9951498633333334
0.86939138
1.0130476093333334
0.835580494
1.0329655106666666
1.0084450093333333
1.0198431153333332
0.8161380500000001
0.770826342
0.9933201420000001
0.5851095366666667
0.9953458933333333
1.0062359686666666
0.973121102
0.5847829066666667
1.012450596
1.0190204273333334
0.8497061706666666
1.0054821539999999
0.5840155686666667
0.891155252
1.0092032746666668
0.9087858353333332
1.000178682
0.9871899453333334
1.0191655106666666
0.9954150986666667
1.0034853086666666
0.855392258
1.0343212553333332
1.0165603066666666
0.8128634579999999
0.8322773560000001
0.9331915166666666
0.9873828513333333
0.8163009213333333
1.0090610133333333
0.997600004
1.0071562093333333
0.9927920426666667
1.007404254
1.0347573413333333
1.0065425286666667
1.0009712166666667
1.0260436213333335
0.996627752
0.993975306
1.001683236
1.0056469546666666
1.0082792913333334
1.0243795353333334
1.0020220926666665
0.98547979
1.141883736
1.0000389533333334
0.9913483813333334
1.0171260453333333
1.0223313366666666
0.6582123606666667
0.910008538
0.8748545726666667
0.9946083013333333
0.977873546
1.0077469926666667
1.0089898973333333
1.004306578
0.9968822060000001
1.0793951560000001
0.9989573773333333
0.9346943553333333
0.6801753580000001
0.994067328
0.6565822753333334
0.9898975053333333
1.0003883486666667
0.970866394
0.9304219526666667
1.0044005226666666
1.0125580066666666
0.9966740066666666
1.0074160686666667
0.821696648
1.0090847206666667
0.8962038426666666
1.000143746
0.7260040393333334
0.9347757273333334
0.7879734153333334
1.00505863
0.997171516
0.9346435046666667
0.9894528126666667
0.683786774
0.9932512273333334
0.7793939546666667
0.6584949246666667
0.42969868800000005
0.997565248
1.0056469546666666
0.9788764593333333
1.0320223213333333
1.0270495826666668
1.033400454
1.0187183020000001
0.9632239193333333
0.9987250860000001
1.0008545886666667
1.0125818786666667
1.0056705019999999
0.997797
1.0282790373333335
1.0019519653333333
0.8752111213333332
0.9990503239999999
0.9893844340000001
1.0082319526666668
0.8224361713333332
1.0143395633333332
0.9999458219999999
0.9986902513333333
0.9175516026666666
0.9826951213333334
1.0038371166666666
0.9933316286666667
1.0111515433333333
0.989236312
1.00431832
0.8124406120000001
1.0164039366666666
0.7874749813333333
1.0048352466666668
1.0014146506666666
0.952141458
0.7766106060000001
0.9773617393333334
0.9901713613333333
0.99743783
0.9812246086666667
1.0062241813333332
1.0295114386666668
0.946789224
1.0319231386666667
1.0114968373333333
1.0332140046666667
1.0025834626666665
1.0361302940000001
0.9253403633333334
1.0106043193333334
0.865310224
0.75212414
0.584389046
1.033127018
0.80447424
1.0095116453333333
1.0182714846666665
1.0259333306666667
1.0241230613333334
1.0352686526666666
0.612918814
0.9992827666666667
0.9930560220000001
1.0105805399999999
1.003145462
1.038698726
1.00275902
1.0366930073333334
1.001788374
1.000609758
1.0006563833333333
0.9700988846666667
1.01167553
1.0031103186666666
0.9664860359999999
1.0070499413333334
0.6231227893333333
0.9795462113333333
1.0403592953333334
0.9190044500000001
0.8644655259999999
0.6563565126666666
1.0011928846666667
0.9804854059999999
1.0393271053333333
0.9993408946666666
1.0003999993333335
0.7565624666666666
1.0312170126666667
1.0356805633333332
0.9916802806666666
1.035855412
0.8694001793333334
0.9660838546666667
1.006294908
1.0348820046666667
1.0054350786666668
0.9524476193333333
0.9986438093333333
1.0088595446666666
0.6180698366666666
1.03422163
0.9224784246666666
0.995622772
1.0167287586666667
0.992975666
1.025492406
1.0324937006666668
0.9026738466666667
1.0380836506666666
1.00063307
0.9965815013333332
0.8700518180000001
0.7514595913333333
0.7796769253333333
1.003051752
0.9972178213333334
0.972933728
0.9890882346666667
1.0082319526666668
0.9686439546666668
0.8273872653333333
0.6207048626666667
1.021711182
0.9995385786666667
1.0038136553333334
1.0301781646666666
0.9225477753333333
0.6587019553333334
1.0074278833333332
1.00205716
1.0081136266666668
0.8309087433333334
0.9888491266666667
1.0005398286666667
0.9778178893333334
0.9994222846666666
0.9732644366666666
1.0350815286666666
1.0188632993333333
0.6675838246666667
1.0041304786666667
0.9920353153333333
0.9542675293333334
0.9535154453333333
1.0098795653333332
0.990730954
1.0090728666666666
0.9994687986666666
0.24332300133333334
0.7767089166666666
0.6337611013333333
1.00197534
1.006754872
0.9858643413333332
1.0146151273333333
0.997009482
0.7996885560000001
1.0194921006666666
0.986770352
0.99945717
0.969671798
1.0047412206666666
0.9921613566666666
1.0071444006666668
0.9938718013333334
1.028266728
0.9096423446666666
0.7440716006666667
1.0015781206666667
1.0183439153333333
0.9974146666666667
1.0018000573333334
0.6619200133333333
1.0221366973333335
0.991485692
1.0037432773333332
1.0195768060000001
0.99106244
0.8634141393333332
1.0321463273333333
1.0249907033333334
1.0022442266666667
0.6337751293333334
1.0184042813333334
0.9980868413333333
0.9902170186666667
0.9993874013333334
1.0022442266666667
0.8322370386666667
1.0018351093333333
1.0080308153333333
1.0036611819999999
1.0333382966666667
1.0095947006666668
1.0080071573333333
0.8671358646666666
0.9941363553333334
0.89589539
0.706292928
0.97944569
0.9122990953333333
0.6337751293333334
0.9920353153333333
0.59367032
1.001788374
0.9988760633333333
1.0344333566666666
0.9934465100000001
0.9778846786666666
0.8451249586666666
1.0023143946666668
1.0091795613333334
1.0274058213333332
1.0017299613333333
0.598122382
1.0043300626666667
0.9410326893333333
0.992723202
0.9958882593333332
0.9968127966666666
0.4918877746666667
0.7669173606666666
1.0199157693333334
0.8789994873333333
0.8048285013333334
0.8751308726666667
0.7488522679999999
1.0042243906666666
0.9963387566666667
0.886474158
0.5657190480000001
0.9967202653333334
0.9185032873333333
1.0082319526666668
0.7337121153333332
1.0276762366666667
0.936365326
0.8172872886666668
0.8604389966666666
0.9864870446666667
0.9626625940000001
0.9977158746666668
0.9908909539999999
1.0006563833333333
1.0011928846666667
0.9912225466666668
1.00063307
1.0349069413333334
0.8695409913333333
0.8375602913333334
0.7626616646666666
1.031501824
0.9887922133333333
1.0001321013333333
0.35220672466666664
0.9288223213333334
1.0293633946666667
1.036818138
1.00952351
1.0193711173333333
0.9912454233333333
1.0307344299999999
0.986226546
1.0064128073333334
0.991542916
0.5509688266666667
1.0049410473333333
1.001356282
0.869505784
1.0317124386666665
0.9871105353333334
0.8923494826666667
0.8602235786666667
1.0340846766666667
0.6679004586666667
1.0255046493333333
1.01751159
1.0053644726666666
1.0222218433333334
1.0051997653333333
0.6221479546666667
1.0381840213333333
0.633845278
0.8754965693333333
0.9788429953333333
1.044241988
1.0177768213333334
0.989737826
1.0220272453333334
0.8702721866666667
1.0351937953333332
0.9937108373333334
0.9964312166666667
1.0292153933333335
1.032518522
1.0284513953333334
0.8688285986666666
1.0839991660000001
1.0126535013333333
0.7566424366666666
0.4448392346666667
1.0245383686666667
0.8908225486666667
0.7293698493333333
0.5684971173333333
0.47625021333333334
1.0010995386666668
0.8134253699999999
1.0012629053333333
0.835873206
1.0308457553333332
0.9977506406666666
1.00648356
0.933080012
0.818759612
0.9783413166666666
1.0189479006666666
0.584806794
0.970350932
0.9256095806666668
0.9459655299999999
1.0394528726666667
0.9929641873333334
0.958195432
0.9658665980000001
1.0020337813333333
0.583135418
0.7398801533333333
1.0082911259999998
0.9637318353333333
1.005517464
1.0089069413333334
0.948524706
1.0163197579999999
0.8655718046666666
1.0286730846666665
0.6863546693333332
1.008149122
0.9993176426666667
0.9801385886666667
1.0080308153333333
1.0023611786666666
1.0024898573333334
1.0006796973333334
0.997634762
0.8174428393333333
1.0284390826666665
1.0055998633333334
0.8181903086666666
0.8988672086666667
0.9929641873333334
0.9843617746666667
1.00869369
1.0248684113333333
0.9721409433333333
0.7914874913333333
0.9987831486666667
1.0323199846666666
0.5666258519999999
1.0356306173333334
0.846140584
0.9441563633333333
1.001566442
0.8090202766666666
0.8088374486666666
1.0069555006666666
0.8647788293333333
1.0040365839999998
0.9896009993333333
0.997831772
1.0084568486666667
1.0039661746666668
1.0340348846666667
0.8364348119999999
1.0086107826666666
1.0038371166666666
1.0067784706666667
1.01081838
1.0001088126666666
1.0125699426666668
0.57728443
1.0308828686666667
1.008421332
1.002770726
0.9979824793333334
1.0096184333333333
1.01016459
0.9340743559999999
0.8006799393333334
1.0029229286666668
0.9881665966666666
1.0043887786666665
1.0045414733333333
0.999259518
1.00648356
0.9733526633333333
1.0125580066666666
0.6558954373333333
1.0356181313333332
0.8690483486666667
1.0057764786666668
1.002770726
0.972129942
1.0210068213333334
1.006094542
1.0146271119999999
0.90571953
1.0057411506666667
1.002864384
0.9954035633333332
1.0035204786666667
0.603213036
1.0030049033333333
0.9998643473333333
0.9133370113333333
0.9938833006666667
0.9360898166666666
0.7090739533333333
1.0060356266666666
1.026669048
0.831045402
0.602920896
1.002127302
1.0114611066666666
1.029412738
1.0041656933333334
1.0086818446666665
1.0009595526666666
0.9313298486666666
0.817396168
1.0368306526666666
1.0302152306666668
0.67347738
0.6923848846666667
0.9949423866666666
0.9954497046666667
1.0227817246666666
1.0365679073333334
0.9784861933333333
1.0059295953333334
0.907739046
0.7198590933333333
1.0163558326666666
0.9992130226666667
0.9011681273333334
1.005847142
1.0010412066666665
0.31137617666666667
0.9993641473333333
1.0326674753333334
0.8405599786666667
0.9880983953333333
1.0346700946666667
0.984316656
1.0073215586666666
1.0064481826666667
1.0012745766666666
0.9291237173333334
0.9922645046666666
1.0329282466666667
0.9669756273333334
0.99828403
0.9872693680000001
1.0025483586666666
1.0221002106666666
1.0074515146666665
0.9247028433333333
0.9295158246666666
0.9875644786666666
1.01140156
1.0012629053333333
0.5578241826666667
0.831198192
0.9842489853333333
1.002010404
0.99874831
1.002291004
1.0311056073333333
0.9943434959999999
1.0038840433333334
1.0059413753333333
1.012677378
1.0024430613333335
1.0044475019999999
0.8787297286666667
1.0355681913333332
0.61285322
0.8647353013333333
1.032717136
1.0022793093333333
0.9979361026666667
0.9965121333333333
0.9881552293333332
1.0100101813333333
0.9965121333333333
1.017017664
1.0010995386666668
1.021031094
1.0039427073333334
1.0112348686666666
1.002209146
0.9989806126666667
1.002536658
1.0324688806666666
1.0187545473333333
1.0022793093333333
0.7589555306666667
0.9893274586666666
1.0020922293333334
0.8095082213333333
1.0011228733333335
0.8085709733333333
1.0312046326666666
1.0083147973333333
0.7517226386666667
1.00952351
1.013513768
0.8972991606666666
1.0328537273333334
0.9950922226666666
1.008504208
1.0091914180000001
0.912357234
1.0206913893333334
0.60282781
1.03315187
1.0022325326666668
0.9262982933333332
0.785458806
0.9824478566666667
0.9951729220000001
1.0037667353333333
1.0277992
1.00323919
1.0004932146666667
1.0041774326666666
1.0079953286666667
0.804587268
0.9865436933333334
1.0055292346666667
0.978229902
0.997032626
0.9978201806666666
0.9970557720000001
0.999492058
0.9906167
1.0003533980000001
0.8941328813333332
0.997171516
0.9737498826666666
0.9957843559999999
1.0072270666666667
0.9941708726666667
1.0036846366666667
0.9945276933333332
0.8452247479999999
1.009428604
0.8229246706666666
1.003696364
1.0024898573333334
1.0109016499999999
1.004353548
1.0341967266666667
1.0045767173333333
0.997600004
1.033437752
0.719635956
0.9794233546666666
0.98344892
1.0057175999999999
1.0289071933333334
0.9343385173333333
1.0306478606666667
0.9984812959999999
0.8705191326666667
1.0087647633333332
0.972647296
1.005458616
0.7931537653333333
0.9788653046666667
1.0115444826666666
0.8090050379999999
0.6990791120000001
1.0044709933333333
0.876971372
0.9986438093333333
0.9824928046666667
0.8940491253333332
0.8415646553333332
0.98627184
1.0350690566666667
0.6619149133333334
0.9404145513333333
0.9510767059999999
0.9894984033333334
0.9967087
1.000190328
1.0336989126666667
0.9830887526666667
0.8908225486666667
0.825836138
0.9875985413333332
1.023732492
1.0069673046666667
0.8737777793333333
0.8930359913333333
1.03315187
0.9909138153333333
1.0014263253333333
0.8681173726666666
1.0191534186666666
1.0115444826666666
1.001111206
0.99814483
1.0068020713333334
1.0333631586666667
1.0292770553333332
1.0028058453333333
0.6123595333333334
1.0116636153333334
1.029301722
0.8307640953333333
0.8361905433333333
1.019032516
0.9771060366666667
0.9885191193333334
1.0016598753333332
0.59280994
0.9854910960000001
1.0075342306666666
0.9960499293333334
0.8741957226666667
0.8599135666666666
0.8620537500000001
0.8913032
1.0028526753333333
0.9945737533333333
0.9968937753333333
1.0092151313333333
0.7090154259999999
0.8126250726666667
1.0064010159999999
0.8347360300000001
0.7710339106666667
0.455600352
1.0144473746666667
0.9357125293333334
0.8218932
0.8622181553333333
0.9707786166666666
0.9407235186666667
0.9739044446666667
0.9422817426666668
0.461330866
0.972162948
1.0276516473333333
0.9960730293333333
1.016993582
0.9934465100000001
0.8786937733333332
1.005658728
1.0180301253333333
0.9832462933333332
0.9942053926666667
1.031477052
1.012677378
0.9826276733333335
1.0345828626666667
0.9963156446666667
1.0038840433333334
1.0082082853333334
1.0011462093333332
0.934521486
0.954946482
0.982886274
1.0022208393333334
0.9933546026666666
1.0338108786666667
0.9669647419999999
0.9667035713333333
1.0145432266666667
1.0209097446666666
0.977650956
0.9714043733333333
1.0115206593333335
1.0045179786666667
0.955413822
0.6284796813333333
1.0066958786666667
1.0234885366666668
1.00904916
0.53353631
0.9777288506666667
1.0261171613333333
0.9744900160000001
1.0174151759999999
0.998133232
1.2034766013333333
0.541640736
1.007676062
0.9993874013333334
0.9975420786666667
0.995311294
0.9055572106666667
0.9371928286666666
0.952141458
0.6338686646666667
1.0090610133333333
0.8269889853333334
1.0031571773333334
0.997426248
0.9966161886666667
0.8984159513333334
0.9998992633333333
0.9793786873333333
1.0016949173333334
1.0047177166666668
0.9796355813333333
1.005517464
1.0041070033333335
0.9981564286666667
1.0236592933333333
0.9125898619999999
0.99410184
0.8318582433333332
1.0064953533333334
0.9999574626666666
1.0042948360000001
0.655720198
1.0046119633333332
0.9995036873333334
1.0091795613333334
0.98767803
0.96914667
1.0333507273333333
0.9719539466666667
1.0285991773333334
0.861405394
1.0035439266666668
0.9768171426666666
0.9967202653333334
0.9691138680000001
0.9533038046666668
0.9415277846666666
1.043252762
0.9841474960000001
0.6593896253333333
0.9804294513333333
0.7094663346666666
1.008101796
0.827020834
1.008421332
1.0109492393333332
1.0029580586666667
0.6420652826666667
1.0100814413333332
0.338135814
0.8805944406666667
0.68535254
1.0015430866666668
0.9784750473333333
0.882920608
0.9407647293333333
1.0066604860000001
1.0297212406666667
0.902721278
0.6126128306666667
0.6025740833333334
1.0264359566666668
0.9754749193333334
1.0114372873333333
0.9941823793333333
1.031464666
1.0302399426666666
0.9997363413333334
1.0273320966666666
1.00877661
1.0044005226666666
1.0095828346666667
0.8689868073333333
1.0037432773333332
0.96564944
0.644739932
1.0023728753333334
0.84205964
0.9536742373333333
0.6922174973333334
1.0270250233333333
1.0049292906666667
1.0209097446666666
0.9998759853333332
0.8593629853333333
0.644493224
1.0119496486666666
1.0136931746666666
1.0291290786666667
1.005517464
0.9842377073333334
0.9713714186666667
0.99470044
1.0344084426666666
1.0007263293333333
1.0025951646666666
1.013310518
0.9942399146666666
1.000831266
1.0316257046666666
0.8793684253333333
0.9933431153333333
0.76396398
0.9972525533333334
0.437144574
1.011389652
0.9935039606666666
0.7470807613333333
1.0007496466666665
0.7947902986666666
0.7955705733333333
0.9346841846666666
1.007711526
0.6930161026666667
0.9259088953333333
1.0015897986666666
0.31122049333333335
1.0064717673333332
0.9948962926666667
0.9006390066666666
0.984406898
0.940888384
0.5932152366666666
0.9397972246666667
0.5868804633333333
0.9405690093333333
1.030821014
0.5622788893333333
0.4840326933333333
1.0315761486666666
1.0030166146666668
1.021577522
0.9288524519999999
0.9981680273333333
0.8089593246666666
1.0036025506666666
0.5643030960000001
0.9997828853333334
1.002864384
0.992619958
1.0045414733333333
0.7152437666666667
0.6235117693333333
0.9929067993333333
0.7750689893333333
1.001227894
1.021128194
1.0240253913333333
1.0235495146666667
0.9894528126666667
0.7991231526666667
0.9306538019999999
1.007286122
1.0334874866666668
1.0080308153333333
0.9969516253333333
0.8638309120000001
1.0306973266666668
0.6336302046666666
0.9792670366666666
0.9968127966666666
0.6680355086666667
0.9932397426666666
0.9998061586666666
0.9399823373333334
1.0061652506666665
1.009416742
0.9966161886666667
1.0032743426666666
0.5505556613333333
1.0042009106666665
1.000924562
0.9271481173333334
0.9226171366666668
0.9629971513333333
0.8455159353333334
0.7403520440000001
0.8750149833333333
0.9831787693333334
0.9075951813333333
0.99131406
1.0074987793333332
1.0061534646666668
1.0044005226666666
1.0014730266666667
0.8650923606666667
0.9777288506666667
1.0042126506666667
0.9306941353333333
0.930260734
0.9878143253333332
0.9971136406666666
0.874587352
1.0083739806666667
0.958516196
1.0070853613333333
0.5930022846666667
0.9289830413333334
1.0039544406666667
0.7210858
1.0028409673333334
1.0033798146666666
1.0002485606666667
0.9290634226666666
0.603225744
1.0322579573333335
0.9707457046666667
0.9948156380000001
0.9129778386666667
0.9995618406666668
1.0000156686666666
0.9884167479999999
0.9942629306666666
0.900365242
1.001765008
1.0339353146666668
0.9954497046666667
1.000365048
0.9653455820000001
1.0070263293333335
0.683047304
1.002782432
1.0055763193333334
0.8039471946666666
1.0054468466666666
1.000283504
0.9988876786666666
0.885514622
0.9535048613333333
0.938770146
0.972999852
0.7433311346666666
0.624155102
0.8552219306666666
1.004060056
1.0334626186666667
0.9974957433333334
0.9996083686666666
1.019443704
1.0005398286666667
0.9205309533333333
0.9892590973333334
0.9872126366666666
0.8192437526666666
0.9884508693333334
0.9959113519999999
1.0333631586666667
0.9724490953333333
0.9237780113333334
0.997634762
1.0039544406666667
0.8942352713333334
0.9991897766666666
0.9564563626666667
0.8699548906666668
0.827626418
0.924583406
0.8168520613333333
1.0089661939999999
0.9846100033333334
0.9211528539999999
0.99743783
1.0049528046666667
0.9895212006666667
1.034557942
0.9863737673333334
0.9023704046666666
1.0350815286666666
1.0369307813333333
0.9186408066666666
0.9348164186666666
1.0128087193333335
0.8774103013333333
0.7329420799999999
1.009654034
1.0012629053333333
0.6565772566666667
0.9868950586666666
1.0269022453333334
0.9812358173333333
1.0062359686666666
0.9124735326666668
1.0308704973333334
0.8265592733333333
1.0175598033333333
0.993021582
1.024269602
1.0079835006666666
0.8312866746666667
0.998017264
0.9716571
0.9769060153333333
0.9352133466666668
1.01220006
0.936293882
0.718810948
1.008551572
0.9725261633333333
1.050782232
1.0002252666666667
0.9992827666666667
0.9884394953333334
1.0075460486666665
0.9960614793333332
0.9991200453333332
0.9271180966666668
1.0040717926666667
0.9779514766666666
1.032866146
0.9985393306666667
0.6683317713333333
0.9907423813333334
0.7749431273333333
1.0377450426666666
1.0060709753333335
0.994562238
0.9752423466666668
0.8806215239999999
1.0005864473333332
1.0016598753333332
0.9343690066666667
1.024733924
1.0289195173333332
0.9967318306666666
0.9300995713333333
0.8483802226666667
0.9296868473333334
0.7638077386666667
1.031898346
0.799658778
0.9991897766666666
0.7917136346666667
1.0344582713333332
1.040145136
1.0043887786666665
0.8497397926666665
0.9747775346666667
0.8504969939999999
0.9659643513333334
0.9951152780000001
0.9934235313333334
0.9873828513333333
0.863778794
0.753067048
0.0
0.04399407
0.9900914706666667
1.0362177873333334
1.0218570333333334
0.9821333366666666
0.9504768566666667
0.6335040333333333
0.996257868
1.0013212633333333
1.0081846193333335
1.000574792
0.6562261433333333
0.7714840259999999
0.2197959793333333
1.036918264
1.0112348686666666
1.000283504
1.0384350326666667
1.0338855366666666
0.8698139446666667
0.6334386313333333
0.8792964133333333
1.0314275106666668
0.9758406146666666
0.9929067993333333
1.0086581566666668
0.9883598846666667
1.00534094
0.5122966806666667
0.9130069506666667
0.9815834113333334
0.9983884553333334
0.9686002653333333
1.0026887893333332
1.0100339333333332
0.979110768
0.9930101026666667
0.9998294333333333
0.3655120226666666
0.8404366186666666
1.036630454
0.9940213146666667
1.0200974493333332
1.0204246366666667
1.003145462
0.9736615839999999
1.0007962846666667
1.035867904
1.0057293753333334
0.931057294
1.0029814806666666
1.0108778573333335
0.997797
0.9978781386666666
1.0361427926666666
0.9989573773333333
0.935610612
0.9122603406666667
0.9960614793333332
1.0133344253333334
1.0101764693333333
1.009440466
0.8987637553333334
0.9987599226666666
1.0215167786666666
0.99549585
0.6142292466666667
1.0119734919999999
1.027762308
1.0306231286666667
1.0047294686666668
0.9678363333333333
1.0051056706666666
0.8954657806666667
1.0142197993333333
1.017089916
0.99713679
1.002782432
1.0343461646666667
1.0034853086666666
1.002291004
0.9239171146666666
1.0077469926666667
1.0102239906666668
0.7872945446666666
0.9983072333333333
1.010259634
1.0123551393333334
1.0278975913333335
0.9312086933333333
0.5116253966666666
1.002770726
0.8748011153333334
0.8659819333333333
1.0004582566666667
1.0062595433333332
1.0094048806666667
0.9985509386666666
0.9872693680000001
0.5938139593333334
0.7793091033333334
1.0242329633333334
0.7954526980000001
0.6447931686666667
0.9969400546666667
0.991039572
0.9957266413333333
0.898312602
1.0061181106666666
1.008930642
1.018597502
0.679707114
0.8267263306666667
0.5374890246666666
1.033437752
0.9821670259999999
1.0027356086666668
1.008978046
0.9842489853333333
0.6549103086666667
0.8957272333333334
0.821901064
0.99636187
1.0126535013333333
0.6029378240000001
0.9226865086666667
0.8632579533333332
1.0044357566666666
0.996211652
0.9316126666666668
0.9629755600000001
0.812978856
0.9023609253333335
1.0312665333333333
1.0261539353333333
1.0182594139999999
0.875202204
0.997797
0.7451947666666666
1.0383471653333334
1.0285991773333334
0.973308548
0.8717559666666667
0.9245037986666667
0.9715911586666666
1.0181628586666667
0.791735526
0.9931363913333333
0.4917920253333333
0.9734188446666667
0.7836673533333333
0.6334993613333334
1.033301006
0.8754787233333333
0.9987018626666666
0.9970904926666667
0.6679679773333334
0.9946658859999999
1.021674726
0.8085100893333333
0.9848809413333334
1.0150347513333333
0.87830744
0.9772950213333333
0.9908909539999999
1.0049880773333333
0.898697934
1.0293633946666667
1.0053291739999999
1.00289951
1.0066840806666668
0.808860298
0.633214498
1.0034149766666667
1.0221731866666668
1.0293387246666665
1.0103309293333333
0.6338639866666667
0.9293348113333333
1.0263868986666667
0.9079309366666667
1.0093930193333334
0.9846664366666668
0.9016978706666667
0.9935384340000001
0.9972178213333334
1.004259612
0.49177513266666667
0.8786128846666668
0.9997828853333334
0.9955766153333334
1.0286854033333335
1.0336491573333333
0.6133301866666666
0.9961076813333334
1.0064245986666667
1.006094542
0.9934694893333333
1.0106043193333334
1.0144952986666667
1.0111872526666665
0.9409914546666667
1.001624836
1.0387364073333334
1.0206792606666666
0.991771878
0.850135052
0.8302983479999999
1.012247772
1.033164296
1.02601911
0.9238972406666667
0.297732316
1.0057058246666668
1.000504868
1.0014146506666666
0.9872807153333333
1.0014263253333333
1.010402234
0.9986322
0.995969088
1.0069673046666667
0.8800531306666667
1.0355557073333332
1.0088003046666667
1.007475146
1.002384572
0.74076704
0.9910738746666666
1.0056351813333333
0.8457157226666666
0.9883485126666666
0.8373235266666668
0.6676357113333333
0.8328745146666667
0.7226265946666668
0.8798908673333333
0.986770352
1.0017299613333333
0.9369066133333334
0.9998876246666667
1.0247094753333335
1.029301722
0.855392258
0.6228426633333334
1.0018000573333334
0.998829604
1.0067312733333333
1.0357554913333333
1.0061298953333333
0.8311579786666666
1.0302646553333334
0.7122193046666666
0.9725261633333333
1.0245261493333333
0.9587301573333334
0.9953574266666666
0.9972293986666667
0.9190732793333334
0.9344096633333333
1.01220006
0.971360434
1.0343337093333334
0.528507284
0.9960614793333332
0.5140041519999999
0.8623999386666666
1.042720878
0.7704322699999999
0.99862059
0.6032808186666667
1.0212981633333333
0.998597372
1.0272215293333333
1.0321215233333334
1.0075815033333333
1.0104616626666667
0.8904347086666666
0.864665666
1.0145192619999999
0.9980752446666667
0.6127308166666666
1.027909892
0.9954266333333334
1.0047412206666666
1.0056351813333333
1.0111872526666665
0.5577445
0.9931249093333333
0.9884394953333334
0.59121869
1.0002252666666667
0.84000925
0.8701223239999999
0.9993060173333334
1.0212860206666665
1.0047059653333335
1.0048822666666666
0.9904453686666668
1.0050115933333332
0.953600128
1.03267989
0.7115231673333333
0.9880756639999999
1.032171132
0.9990387046666667
0.9894072253333334
0.987428252
1.0311798746666667
1.0041187406666667
1.002478158
0.9848131926666667
1.0200126573333335
1.003696364
1.0103665800000001
1.026705862
0.5578495413333333
1.024269602
0.7584931206666666
1.0412799226666667
1.0329779326666666
1.0247217
1.0018818486666667
0.9899089126666666
0.9606601193333333
1.005906036
1.0307344299999999
1.0036260026666668
1.0076287806666666
0.9677709093333333
0.6234710393333334
1.0092032746666668
0.9791219286666666
0.9227063313333334
1.0014029766666666
1.0359428586666666
0.649748464
0.42334551933333336
1.0013329359999998
1.0101051966666668
1.005282112
0.8365651473333334
0.682607644
1.026669048
1.0322827673333332
0.8878301833333333
0.9968475
0.9314813366666668
0.9708773666666666
0.796802986
0.5934611406666667
0.999689802
0.9514243333333334
0.9988760633333333
1.0253822346666668
1.0107351233333335
1.0052468186666668
0.999794522
1.0260558773333335
1.0322455526666665
1.033537226
0.8434072926666666
1.001111206
0.8906285866666667
1.0286730846666665
0.775271852
0.645020732
1.0023611786666666
0.9354272173333333
1.0052350553333333
1.035480808
0.5860196473333333
0.7788709993333334
0.593428342
1.035331042
0.995807444
1.0107232306666667
1.0289564926666668
1.026816318
0.9912454233333333
1.0052938773333333
0.998411664
0.9973683433333334
1.0342589873333332
1.0246728053333334
0.9854006553333333
1.0008545886666667
1.0817876193333333
1.0094641913333333
0.9968243640000001
0.9800044026666667
0.8408808846666668
1.0117351086666666
0.5069752173333333
1.0116278726666665
1.0071916366666667
0.7865592206666667
0.449104638
0.9901599473333333
0.7537873580000001
0.8501518793333332
1.0071325919999998
1.0296224999999999
0.8406916033333334
1.0044475019999999
1.0057882553333335
0.971712058
0.8947662126666668
0.8387870786666667
0.9788429953333333
0.995992184
1.0217476406666666
1.01598318
1.0241963266666667
0.6341400726666666
0.6130850466666666
0.9951383346666667
0.4322740906666667
1.0001321013333333
0.9067520920000001
0.9951959813333333
0.930230512
1.0090136013333335
0.5317034193333333
1.0212010306666666
0.972162948
1.0160793226666667
0.8596467906666667
0.9913026199999999
1.0036377286666667
1.026252012
0.8795575139999999
0.9924020693333333
1.002653678
0.999271142
1.0231959446666667
0.95926548
0.9992246459999999
1.00505863
0.5933955466666666
1.01220006
1.0005981026666666
0.9961654406666667
1.0147229973333334
1.028968818
1.014171902
1.0005631373333335
1.0075933226666667
1.003532202
1.03337559
1.00171828
0.9935614173333334
1.0269022453333334
1.006177036
1.0065189399999999
1.0061063259999998
0.9214987173333334
1.034570402
0.9843956166666666
0.998133232
1.0005514833333333
0.9840009386666667
1.0022559206666666
1.0316133153333333
0.8182292766666667
0.9094882466666666
1.0139683873333334
0.46411256533333334
1.0050468706666666
0.9691685386666666
0.9710749273333332
0.976872686
0.9923676746666666
1.0137529906666667
0.819572044
1.0181628586666667
0.915820096
0.9984464786666667
0.7750480093333334
1.0009828806666665
0.8647788293333333
0.9139200546666666
0.5971826246666667
0.9412389153333334
1.0100695640000001
0.8772669293333334
0.99828403
0.9975768326666666
1.0354558440000001
1.253529258
1.001239564
0.9472277213333333
0.9902398486666666
0.8686528793333333
0.6247543213333333
0.7480827160000001
0.7675546713333333
0.9662794686666666
1.0059884986666665
0.787229608
1.033388022
1.00210392
0.6236204086666667
1.0325309333333332
0.996142336
1.0067784706666667
1.0352062706666667
0.984294098
1.0009478886666667
0.9594261933333333
0.6333312139999999
1.0061888220000001
0.9848809413333334
0.9879052100000001
1.0067076766666667
1.0109135473333335
1.0032509073333333
0.9231624833333334
1.034234082
0.7715741119999999
0.9034998626666667
1.2469239779999999
0.9406823113333334
0.6334526446666666
1.007475146
0.9363449126666666
0.6533213613333333
0.6336068353333334
0.9468831533333334
0.45016374733333336
1.014794924
0.5934078446666666
1.0276762366666667
1.0269390753333334
1.0101527106666668
0.656125894
0.9881324946666666
0.9986786406666667
1.003755006
1.0004233013333335
0.7564425433333334
1.0074160686666667
1.001928592
0.9032243560000001
0.9362326533333333
0.6341728440000001
1.009559104
0.9969747666666667
1.02429403
0.9998759853333332
1.02429403
0.8454826466666667
1.0085752553333334
0.9955073873333334
1.0044475019999999
1.0282544193333334
1.0324937006666668
0.903290842
1.0017065980000002
1.002782432
1.0010178753333332
0.9998410706666667
1.0302646553333334
0.9990503239999999
0.9997479766666667
0.9998876246666667
1.001765008
1.0360803046666667
1.031997524
1.0075933226666667
1.0304994893333332
0.99955021
1.0394151393333333
0.7692524666666667
0.989145182
0.9953458933333333
1.0372312826666665
0.8651620646666667
1.027762308
1.0158390006666667
1.0296842106666666
0.9754527646666667
1.032605406
1.026865418
1.0007496466666665
1.0336989126666667
0.9985393306666667
0.92311288
0.9883826293333333
0.8040826546666667
1.0115683066666668
0.7835958653333334
1.0064010159999999
0.997831772
1.01242673
0.9937223333333333
1.0309199853333333
0.93175414
1.0014496753333333
1.0002951526666668
0.9551588526666667
1.0013796286666667
0.9986322
0.6030013120000001
0.9822793393333333
1.0249784733333334
1.0227817246666666
0.9923447460000001
1.0051291926666666
1.004905778
0.999178154
0.8745161206666666
1.005317408
1.021395314
0.630981856
0.934704526
1.0006563833333333
1.0116159586666666
0.9990968039999999
0.9990503239999999
0.9987018626666666
0.7634004539999999
1.0102477526666667
1.013908546
0.9951037500000001
1.0075578666666667
1.0031688926666666
1.0176562439999999
1.0382593119999999
1.00534094
1.0084568486666667
1.0065189399999999
1.0062359686666666
1.0256515853333334
0.935050464
1.002337786
0.9582274986666667
0.7186064946666667
1.004259612
1.033164296
1.03427144
1.016440018
1.0053762400000001
1.025810814
1.0284390826666665
1.0119734919999999
1.0108540653333333
0.9963272006666666
1.0044709933333333
0.8615004253333334
0.901811468
0.9877007433333334
0.9777177220000001
0.6032384526666666
0.9884963686666667
0.994055824
1.0075224133333334
1.003145462
1.0047059653333335
0.644967458
0.9821670259999999
1.005211528
0.9842715406666667
0.55819392
0.8818419853333334
0.973451938
0.9709761373333334
0.634749246
1.0041187406666667
0.981247026
1.0038840433333334
0.9348164186666666
0.7749221546666666
1.0215289266666667
0.972317006
1.0012629053333333
0.7922832126666667
0.9940213146666667
1.00869369
0.999027086
1.0361427926666666
1.0040717926666667
0.8361254286666667
0.999375774
0.99945717
0.5839599853333334
1.0124744633333334
1.0032977786666668
1.0050821493333333
1.0005514833333333
0.51226002
1.0181266553333332
0.62348009
0.9818863553333333
0.998179626
0.994067328
1.007877058
1.0325433446666665
1.0016014773333333
0.995588154
0.9993408946666666
1.027811498
0.8653189406666667
0.584277748
0.9936648573333333
1.001204554
0.998864448
0.9125219999999999
0.9689171046666667
0.9965121333333333
1.0022325326666668
1.0061534646666668
1.0022442266666667
0.982976254
1.0010412066666665
0.78350295
0.821680928
0.8402064433333333
1.0168370786666665
0.709003722
1.0000156686666666
1.008492368
0.9971830920000001
0.8753984260000001
0.8757197053333333
0.7952023286666666
1.0005514833333333
0.9002708793333333
0.9780739646666666
0.9385137273333333
1.0023494819999998
1.00371982
0.865066224
0.9993060173333334
1.0027941386666666
0.9064076433333333
1.0214681893333333
0.6575825120000001
0.638899106
1.0045179786666667
0.9241755613333333
0.9910167046666667
0.9794233546666666
0.5382063366666666
1.0036611819999999
0.9937568219999999
0.9993874013333334
1.008160954
1.0085870973333333
0.8228616059999999
0.9736726206666667
0.6988288706666668
1.0301287479999999
1.0036260026666668
0.9035949033333333
1.019346924
1.0074515146666665
0.62322225
0.8763629733333334
0.9760623813333333
0.8964002413333333
0.8769176559999999
1.0038840433333334
0.978664562
1.0056705019999999
0.9965699393333333
1.0334501846666666
0.928119824
1.0007496466666665
1.0412041926666666
0.7823113053333334
0.7335867966666666
1.0201580239999999
0.830330452
0.6442515366666667
1.1228819453333334
0.9744015826666667
0.9909938386666666
0.9364265726666666
0.59321114
0.9972872873333334
0.9229343513333333
0.8216337713333334
0.9757851886666667
1.011794694
1.0289195173333332
0.8978619006666666
1.0044122673333333
0.6129275606666666
1.0032860606666667
0.8909149413333333
1.0042009106666665
1.0031688926666666
0.9713494500000001
1.0017766906666667
0.9967318306666666
0.8216259126666667
0.9984232686666666
0.9303010333333334
1.0203276706666666
0.64544239
1.0046707126666667
1.0328040533333334
0.9979361026666667
0.996986338
1.0339726506666667
0.804466706
0.6934300906666667
1.009250704
1.0354308813333333
1.033263718
1.020606498
1.020109564
1.0074160686666667
0.845307924
0.9843392146666666
0.9818302406666667
0.6024135006666667
1.0099745553333335
0.9928035173333333
0.9769504573333334
1.0272092453333332
0.9991084246666666
1.0115921326666666
0.7072699166666666
0.6633820066666667
1.0079243633333335
1.033574534
0.9994455413333333
1.007829758
0.980530174
1.0056234086666667
1.0029931920000001
0.990034414
0.9836628946666667
1.0030049033333333
0.9940903360000001
1.0112467733333332
1.0302770126666665
1.0085634133333332
1.0208369493333334
1.0032274726666666
0.8138955093333334
0.9998061586666666
1.0072388773333334
0.9841587720000001
1.0038957753333333
0.8518718106666667
0.9845761466666666
1.014004296
1.0343212553333332
0.99533436
1.0032626246666667
0.785925926
0.8079093506666667
0.49848738333333337
1.030586034
1.039402562
1.0228426179999999
1.0087055346666667
1.0128087193333335
0.986328464
1.0377951933333334
1.000924562
0.997171516
1.0024196646666665
1.035118948
0.9891224026666667
1.0083266333333332
1.0332264326666667
1.003321216
1.0039192406666666
0.90389917
1.0063184853333333
1.0069673046666667
0.8129403860000001
1.0303017273333333
1.0124147973333333
0.9928264666666667
1.0303882386666667
1.0014847026666667
0.515314656
0.6970765240000001
0.9739486140000001
0.9807092893333333
1.0304871266666666
0.9778512826666667
1.0004349526666667
1.003145462
1.023464148
1.002337786
0.9149226826666667
0.6802130606666666
1.0168972666666667
1.0338606493333333
1.0123551393333334
0.9948041173333333
0.7744959506666668
1.0359178726666667
0.9958998053333333
0.796766032
0.995126806
0.9232517833333334
0.9010452406666667
1.031501824
1.0116874453333333
1.000190328
0.91775747
1.000737988
1.0057293753333334
0.9238972406666667
0.9423127526666667
0.8097600479999999
1.0390128206666667
1.00371982
0.8363859473333334
1.0033446546666667
0.7257280226666667
0.5988938573333333
1.0073924393333333
0.8272518073333334
1.0219786073333332
0.8547453746666667
0.9993292686666667
0.6890137639999999
1.027614766
1.0380711053333334
1.033325866
0.9973799233333334
1.0134778946666667
1.0188028786666667
0.8862363653333334
0.898989502
0.9928494179999999
0.9972178213333334
0.990856664
0.9882461766666667
0.9293649753333334
0.6560056353333333
0.528198552
0.8826484373333333
1.0020454706666666
1.0024664586666667
1.00210392
0.5838131373333333
0.989954546
1.0106162093333333
0.9976811106666668
0.8262492033333333
0.9856380986666666
0.9857851446666667
1.0108064853333334
0.9863964206666667
0.8305713093333333
0.9979013233333334
0.8362393853333333
1.0330027766666667
1.0113182073333333
0.986600348
0.8357105626666667
0.9921269786666667
0.9707237646666668
0.8226330773333334
1.0142916546666667
0.5843174926666667
1.0208248173333334
0.9990038486666667
0.6128269866666667
1.0124028653333332
0.7335492086666666
1.005493924
1.0010995386666668
0.99945717
1.0025015573333333
1.0428727893333334
1.030709694
1.0096065666666667
0.9636237233333333
0.85744149
1.0092388460000001
1.0069555006666666
1.0092862793333333
0.9515824293333334
1.0664102533333333
1.0108540653333333
0.9898975053333333
0.9883371406666667
0.9233411006666666
0.7826962306666666
0.9021240079999999
0.7477245666666666
1.0061063259999998
1.0265708913333333
0.8979745339999999
1.007309746
0.9857851446666667
1.0008196053333334
1.0316628746666667
1.0036142766666667
0.9885191193333334
1.026742678
0.9876439613333333
1.0069791093333333
0.6450497940000001
0.990034414
0.9931593566666667
0.992619958
1.00517624
0.9180713506666666
1.0157429040000001
1.0134420233333334
0.9083918053333333
0.9652262613333334
0.9941133453333334
1.0109849340000001
0.9862152226666667
0.9449769079999999
0.8004411866666666
1.0111039353333333
0.9933431153333333
0.6447350933333333
1.0012979193333333
0.9345723226666667
0.9952997613333333
1.0049292906666667
1.0075815033333333
0.9970789186666666
0.9240562606666667
1.00323919
0.8764971066666667
0.4643408686666667
1.0092388460000001
0.8244569573333334
1.0115444826666666
0.9883485126666666
1.0151307146666666
0.8748278433333333
1.002209146
0.9604452960000001
0.9842151533333334
1.0013329359999998
0.8758268513333334
1.0078179333333332
0.7157920933333333
0.971767022
0.8911644973333334
0.9120763000000001
1.0038840433333334
1.0391259413333334
1.025749566
1.0011928846666667
1.0261049039999999
0.9529759473333334
1.000236914
1.0242207506666667
0.6019913233333334
1.0168731906666666
1.0145552093333334
1.0373314886666667
1.0047059653333335
0.9996549
1.020764164
0.6129450553333333
0.9787649226666667
0.9996665339999999
1.0321339253333335
1.000341748
0.9177378593333333
1.0269513526666667
1.0075578666666667
0.9725041426666666
1.0052468186666668
0.9364980366666666
1.0030049033333333
0.921914096
0.9586873573333334
1.0048470013333335
1.0149388066666667
0.6337330473333334
1.0145432266666667
0.9747885966666666
1.0032157560000001
0.9847002993333334
0.9989225266666667
0.8132328466666666
1.0115921326666666
0.6565019866666667
0.9971136406666666
1.0622955893333332
0.626198066
0.9471128373333333
0.9692341513333335
0.9934694893333333
1.01484288
1.004635462
1.0105924293333335
1.006294908
1.0353809593333334
1.000609758
1.0215896713333332
0.8622095006666667
1.001239564
0.906723378
0.8752289566666667
1.0005398286666667
0.7738261526666667
0.813386858
1.030957104
1.0017416433333333
0.9351318986666667
0.9957497266666666
0.6445028953333333
1.0047647253333334
1.019734154
0.9984464786666667
0.9706798866666666
0.849899534
0.9979592906666667
1.0071798273333334
1.0049998353333334
1.0041656933333334
0.8798548166666667
0.460063338
1.0306354946666667
1.0004233013333335
1.001519732
0.9181400406666667
0.623566084
1.032270362
0.928551232
1.0017065980000002
1.01043789
1.0005981026666666
0.804406438
1.0113182073333333
0.6956764546666666
1.004905778
0.7523349353333333
0.9948041173333333
0.9284910113333333
0.9427160739999999
0.77651934
0.9717890093333333
0.8222472306666667
1.0062359686666666
0.9989689946666668
0.8182136886666667
0.9591155293333333
1.0007496466666665
1.003051752
1.0268285926666667
1.006094542
0.9376020119999999
1.0019987160000001
0.6227297806666666
1.0054468466666666
0.6345288713333334
1.0018117406666667
1.0230984506666667
1.0082082853333334
1.00190522
1.0059295953333334
1.004905778
0.99623476
1.0145432266666667
0.9586980573333334
1.013992326
0.9065128633333334
1.008066304
1.0024898573333334
0.968731346
1.0163919106666668
1.0007146706666668
1.030957104
0.9028825813333333
1.0393396806666666
1.0244039679999999
1.01751159
0.9859209179999999
1.0329779326666666
1.0022208393333334
0.9968822060000001
1.0067784706666667
0.9996549
0.9860567293333333
0.5751738986666667
0.8122715966666666
0.9952997613333333
1.0023962693333333
1.0165603066666666
0.9981680273333333
0.9941133453333334
1.0009478886666667
1.0183318426666665
0.8693385886666667
0.8668121046666667
1.0026185693333334
0.9918405873333332
0.9951383346666667
1.011925806
1.001286248
1.0334874866666668
1.020194372
1.0339228693333333
1.03708101
0.92937503
0.9874055513333333
1.0042009106666665
0.844451996
1.0000273106666666
1.005023352
0.9115826633333333
0.9988179893333333
1.0006913553333334
1.0349817573333333
0.9137159046666667
1.0060827586666665
1.0296471833333334
0.9979592906666667
0.99862059
1.0218084113333332
1.0302399426666666
0.8175206373333334
1.0087410713333334
0.6308799033333333
1.0262152313333333
0.9711298193333334
1.0030634646666667
1.008978046
1.007711526
0.9459238619999999
0.9999923853333333
1.0007146706666668
0.5936128833333333
1.0257985633333333
1.0152266953333333
0.729716826
0.9924020693333333
0.8806756946666666
0.9393347613333334
0.9945507226666667
0.9919322146666667
1.0131670959999999
0.8959421120000001
0.9991316666666666
1.0014847026666667
0.98613597
0.9328976080000001
0.9918291353333334
0.6563364526666666
1.0078179333333332
1.012796778
0.921350458
1.0213467366666666
0.8308203413333334
1.0047177166666668
1.000924562
0.45040923
1.0040131133333332
1.0061888220000001
0.9997596126666667
0.9755524680000001
1.0247094753333335
0.99349247
1.0294250746666667
1.019056694
0.9978549546666666
1.0191776033333333
0.997032626
1.029412738
1.003145462
1.0316752653333332
0.9733636933333334
1.0055292346666667
1.016656558
1.03267989
0.8313671293333333
0.9698798186666666
0.5497487773333333
1.0073569980000001
0.9814488299999999
1.00197534
1.0041656933333334
1.004694214
1.0078061093333335
1.0011812153333333
0.8598533126666666
0.8633620713333333
0.8265115553333333
0.9663990493333334
0.9726803366666666
1.0089187913333333
1.009416742
1.0021857606666666
1.0042830946666665
1.0095353740000002
0.988997132
1.012176206
1.0146390966666665
0.869673044
1.024428402
0.980843668
0.9014518406666666
1.010283398
1.0107351233333335
1.0195768060000001
0.8400749706666667
0.9704715233333333
1.0031103186666666
0.8749793313333333
1.0116874453333333
0.9125704713333332
1.0043300626666667
0.9478025586666666
0.8615090660000001
0.8822767426666666
0.8812177713333333
0.9974030853333333
0.9476352613333333
0.7257402853333333
0.633728372
0.8961290466666666
0.5911739326666666
1.0100933186666665
1.0373064353333332
1.0302152306666668
1.029782964
0.9982260253333334
0.970910288
1.017017664
0.9972293986666667
0.9418478113333334
1.0227573693333334
0.9945276933333332
0.8361498453333334
1.0009595526666666
1.037481834
0.8315441853333333
0.9233609513333334
0.987008456
1.0037784646666668
0.970668918
1.0079125366666668
0.9999458219999999
1.0028175526666667
1.0094523286666666
0.971393388
1.0014263253333333
1.0202186053333333
1.0214196046666666
1.029462086
0.9966855706666667
1.000143746
0.9996200006666667
0.9954612406666666
0.9118536133333334
0.9030154633333334
1.0053997746666667
0.922498238
0.9806421133333333
0.9852989286666666
1.006601504
0.9016032279999999
0.8641350626666667
0.7878722326666666
0.9853780473333333
0.9973567626666666
1.033574534
0.9240960239999999
1.029671868
1.0065071466666666
1.006813872
1.0086463126666665
1.0031103186666666
1.000236914
1.0302646553333334
0.9933775779999999
1.0047177166666668
1.0029346386666667
0.9409296093333334
0.9818639086666667
0.6923793033333333
0.576896728
1.0130117686666666
1.008421332
1.0006796973333334
0.9995851039999999
1.025443438
1.0061652506666665
0.9991897766666666
1.0343088006666667
1.0088950920000002
0.9942053926666667
0.9754084586666666
0.95876226
1.000761306
0.9885646246666667
0.799204938
1.009998306
0.6335787953333334
0.9872580213333334
1.005764702
0.9945737533333333
1.026276534
1.000271856
1.0279836993333333
0.9989341433333334
1.0010178753333332
1.0003533980000001
1.0112229640000001
1.0119973366666666
1.009891438
0.9877575306666666
0.8914049426666667
0.8320274493333333
0.8499836326666667
0.996142336
0.982965006
0.83996818
1.0081727866666668
0.7125619733333333
1.0271109853333333
0.5192332086666667
0.9627489093333333
1.0313036773333333
1.001858478
1.0295361166666666
0.8788016486666667
1.0268776933333335
0.7788568753333334
0.9934809793333333
0.9522786786666667
1.009772722
0.644696382
0.9974725773333333
1.0041539546666667
1.0029463486666668
0.9992478933333333
0.8799900213333334
1.0018234246666666
0.8694353779999999
0.9905024726666667
0.9671933826666667
0.995692016
0.8175439793333333
0.3813545333333333
0.43468909066666667
0.9998294333333333
1.0018701633333333
0.9979013233333334
0.9130166546666666
1.0316257046666666
0.8916455179999999
0.9986786406666667
1.0315142106666668
0.875451956
0.5658420233333333
1.0405735426666667
1.03814638
1.0047999853333334
0.8314395526666667
1.0046824633333333
0.9328266919999999
0.9987831486666667
0.8265751806666667
0.698368666
1.0047529726666666
1.0016949173333334
0.6448028486666666
0.7636311953333333
0.9953804946666668
0.8547538800000001
1.0318735546666666
1.0035908253333334
0.968076296
0.8537514253333334
1.0235495146666667
0.5087527820000001
1.015971164
0.9867250120000001
0.8142272453333333
0.8996674233333333
1.0298076546666666
1.030079336
1.0304129593333333
0.6327853520000001
0.9127353146666666
1.0330276226666666
1.0087529173333334
0.5838805986666668
0.9354883406666666
0.9831450113333333
1.0044240119999999
0.9936648573333333
1.0025249573333335
1.0050703893333333
1.0953196206666667
1.023244698
0.885341214
0.9888149773333333
0.995622772
1.0343337093333334
0.9058436953333333
0.9988876786666666
0.9992246459999999
1.000190328
1.0374567733333333
1.0262029713333334
0.7056952746666666
1.0375444906666667
0.878460136
0.9789880206666667
0.5929449773333333
0.994193886
0.8046249513333333
1.000924562
1.0148788506666666
1.0034149766666667
1.0251864313333334
0.9466431479999999
0.7958654146666666
1.0024079673333335
1.0110325313333333
0.9773951019999999
1.008622626
0.989669408
1.037582088
1.0332885760000001
0.9749102933333333
1.0551837793333334
0.9738492386666667
0.9988179893333333
1.0249907033333334
1.0002602086666668
1.0065189399999999
1.0297706186666666
1.0276516473333333
1.008468688
0.9256195546666666
1.0068846813333332
0.9791219286666666
0.824045682
0.9283906613333334
0.9715691799999999
0.8301378666666667
0.9995618406666668
1.00289951
0.9951152780000001
0.9978897306666666
0.8878668906666667
0.99357291
1.0237934986666668
0.9981564286666667
1.013071504
0.9913483813333334
1.0071089766666668
1.0155147473333332
1.0165963986666666
1.0281190413333334
1.0270495826666668
1.0117351086666666
1.0357679806666666
0.99623476
1.03405978
0.9114956059999999
1.005317408
1.00171828
1.0315265980000001
0.996442776
0.9066946653333333
1.0321215233333334
1.0257985633333333
1.0006447266666667
0.947300844
0.5839560153333333
1.0069555006666666
0.9129293233333333
1.0361302940000001
1.0052232913333334
0.98247033
1.03305247
0.998736698
0.90339534
1.03315187
0.7297292246666666
0.5416783066666667
0.9063885146666667
0.4541118633333333
0.994285948
1.0032626246666667
1.0022676146666667
0.6130981746666666
0.9973567626666666
1.0130595566666667
0.9998876246666667
0.9938948006666666
0.9881211280000001
1.0038371166666666
0.8387133699999999
0.971514238
1.0053644726666666
0.8414162733333332
1.0306602266666667
0.997021054
0.997426248
0.856210774
1.0044475019999999
0.7161382093333334
1.014746972
0.9004218693333333
1.0220272453333334
1.02429403
1.005023352
0.44270026533333334
1.0078061093333335
1.003930974
1.0401073526666667
0.9545220233333332
0.792641444
0.9940328173333334
0.9895212006666667
0.9976579360000001
1.0142677013333334
0.9718769693333333
0.9986670300000001
0.6562863073333333
1.000236914
1.0057058246666668
1.0101883493333332
1.0352436986666667
1.0061181106666666
1.0194921006666666
1.0107113380000001
0.6449916720000001
1.0321959373333334
1.0097964626666667
0.9885191193333334
0.9816731533333334
0.692144988
0.5839560153333333
1.0007263293333333
0.4421966166666667
0.9923332826666666
0.9947810760000001
0.9257791686666667
0.9229641013333333
1.0014963786666666
1.00063307
0.9843956166666666
1.0276024726666666
0.9236886093333333
0.9984464786666667
0.9889402020000001
1.0296595253333334
1.037406656
1.0041774326666666
0.656778062
0.8291442653333333
0.6131594433333333
0.9351929833333333
0.9987250860000001
1.0073569980000001
0.9993641473333333
1.0076997046666667
1.006837474
0.8312866746666667
0.9931938060000001
0.8037140093333334
1.0081136266666668
0.9286516166666667
0.9889857453333334
0.844659586
0.9838318873333333
0.996257868
0.9970904926666667
1.001624836
0.9889060466666667
1.021152472
0.9954612406666666
0.7995620146666667
1.001204554
0.9388009260000001
0.890951904
0.6511669993333333
1.024342888
1.0009362253333334
0.38998890399999997
1.0252598486666666
1.0112348686666666
1.0127251346666666
0.9774840793333333
1.0271232666666668
1.0212010306666666
0.9797361413333333
1.004095266
0.9086416380000001
0.9840122106666666
1.0048705113333334
1.0001553913333334
0.48826143466666666
0.655815316
1.0235373186666668
0.9934809793333333
1.0004582566666667
0.9880188393333333
1.00404832
0.835247376
0.9924479326666666
0.929153868
0.999271142
1.0147589593333333
0.9974725773333333
1.008160954
0.9725481853333334
0.8960916533333334
1.0171862673333334
0.9992013993333333
1.0322827673333332
1.0033329353333333
1.0048470013333335
1.0281559593333334
0.7047457553333334
0.9968937753333333
1.030709694
1.0138367453333335
1.0074869626666667
1.064098432
0.5458466780000001
1.0145312439999998
1.028660766
1.0344956453333332
0.935406844
1.0059295953333334
1.0322455526666665
0.771525602
0.56576376
0.6340604973333334
1.0088950920000002
1.00205716
0.8191421913333333
0.7477961686666665
0.9972525533333334
0.9879733846666666
0.9919894899999999
1.0066486886666666
1.0036729093333334
1.0107708026666666
0.6337330473333334
1.0282298026666667
1.0092388460000001
0.5985308073333333
1.0351438960000001
0.983291314
1.0472592553333333
1.0147589593333333
1.0175477493333334
1.0261539353333333
1.005800032
1.0017299613333333
1.0036611819999999
0.9983536446666667
1.0036611819999999
1.0035908253333334
0.8968026593333334
1.0357929593333333
0.6285210686666667
1.0007729653333335
1.0091914180000001
0.9401778133333334
1.1206406346666666
1.009487918
1.0012512346666667
0.9957959000000001
1.0324937006666668
0.9924479326666666
1.0062123946666668
1.0285991773333334
1.0000505960000001
0.8770161406666667
1.0000505960000001
1.0237446926666667
1.0035556506666667
1.005505694
0.953060534
1.0056705019999999
0.9947349966666668
0.6244908866666666
1.0100339333333332
1.00282926
1.0317744
1.0144952986666667
1.0111396406666666
1.0011228733333335
0.9416619626666667
1.0085752553333334
1.008622626
1.002864384
0.8293123693333334
1.0116397866666667
0.9237084746666666
1.0035908253333334
0.6121893306666667
1.0019636526666666
0.9071255406666667
0.8443274906666667
1.0197220486666667
1.0332761466666667
0.613540462
1.0032743426666666
1.0036846366666667
0.836109152
0.6448706186666666
1.0020337813333333
0.9305025826666666
0.8219403866666667
0.8964095959999999
1.0221731866666668
1.0073215586666666
0.6130500426666666
0.9909252466666667
0.318783292
1.000737988
1.0258230640000001
1.005517464
1.0013329359999998
0.994746516
1.001683236
0.9948041173333333
1.0096896373333335
1.0102952806666667
1.0089424926666668
1.0005165213333334
0.9923332826666666
0.9350301073333334
1.0246116933333334
0.904470222
0.973275464
0.9729667886666666
0.6266411773333334
1.0144353946666667
0.8317374240000001
1.0111753493333333
0.603302004
0.9068861146666667
0.9958882593333332
0.7261145046666667
0.9070393326666667
0.9854684846666667
0.9181596679999999
0.999271142
0.36276440400000004
0.8697258766666667
0.9679890233333334
1.033164296
1.005023352
0.9243048393333333
1.005823586
1.0028526753333333
0.49332850466666667
0.9936303753333333
1.0000389533333334
0.9767060753333333
0.9820098306666667
0.81334835
1.0130595566666667
1.0040365839999998
1.0053762400000001
1.0047882313333334
1.0028526753333333
1.000365048
0.5621390626666666
0.9666274226666666
1.0287346819999998
1.0130595566666667
1.000143746
1.0083029620000001
0.776442132
0.9965815013333332
1.0322455526666665
0.9973915046666666
0.9953228266666667
0.9995385786666667
0.9723610319999999
1.0012745766666666
1.0027239033333333
0.999492058
0.575166196
1.0044592473333334
0.976373024
1.0298446940000001
1.0072624993333334
1.0217233346666668
0.9925167353333333
1.0134420233333334
1.0043652913333334
1.023573908
0.9748549726666667
0.7590829600000001
0.8257011873333333
0.743981378
0.99336609
0.7518608120000001
0.9964196586666667
0.825987018
1.0232568873333332
1.012211988
1.0073333713333332
1.0222461733333332
1.0124863966666666
0.9172674606666666
0.9989109106666666
0.8455492266666667
0.9909938386666666
0.8354260893333333
1.036380314
0.8213509453333333
1.0345205633333334
1.0331145926666667
0.9916230406666667
1.0062713313333334
1.005611636
0.9062163953333333
0.4210958673333334
0.9879733846666666
0.8897890586666667
0.9936533626666666
1.00282926
0.9293348113333333
0.33581192
1.007510596
0.9927690946666666
0.9970557720000001
0.9702851680000001
0.9973799233333334
1.0312417726666665
0.9990968039999999
0.6128401033333334
0.929968668
1.0019987160000001
0.5883798946666666
0.5958157046666667
1.003532202
1.031972728
0.9942744393333334
1.0139564186666667
1.016584368
1.0305736693333334
0.7591366273333333
0.6129406813333333
1.0038019246666665
0.8651533513333334
0.9372746366666667
0.998318836
0.998110036
1.0212131713333332
1.0341842753333335
0.9999109026666667
1.0111872526666665
0.9924823326666666
0.9113892259999999
0.7789275013333332
0.8487826046666668
1.0076997046666667
0.9043749966666667
1.0259333306666667
0.80456466
1.0017416433333333
1.0090610133333333
0.992746148
0.6792878566666667
0.556638538
0.9979592906666667
1.0048352466666668
1.0018467933333333
1.0002951526666668
0.998411664
1.0044475019999999
0.9693544653333334
0.9988528326666666
0.9932512273333334
1.0101051966666668
0.9972525533333334
1.0029346386666667
1.0019402786666667
0.9952997613333333
1.0289564926666668
1.0111753493333333
0.9937223333333333
0.7750060533333334
1.0047882313333334
0.9190831133333333
0.9907538079999999
0.517173082
0.8311177693333334
0.6674282133333334
0.9935269426666667
0.9967087
1.025578112
0.80938618
0.8216259126666667
1.0116517006666665
0.992000946
0.9797808413333334
0.6565622013333333
1.018186996
0.9663664333333333
1.008149122
0.9933546026666666
0.5038646293333333
1.0014146506666666
0.9872126366666666
1.012211988
0.969923624
0.9704057426666667
1.0330152
1.005211528
0.9305328226666667
0.9915658079999999
0.9699126726666667
0.8947662126666668
1.0205579953333332
1.010532986
0.99828403
0.99780859
1.0315389853333332
1.0221245346666665
1.0290920906666667
0.9964890133333333
1.022453024
0.9070680666666667
1.0337611126666668
0.5191861339999999
0.9960268306666666
1.0293510593333333
0.9291739693333334
0.8604820933333334
0.7956368933333333
0.9981564286666667
0.9971020666666667
0.6027897373333334
1.0067784706666667
1.0048117386666666
0.9986554193333333
0.9233708766666667
1.027922192
0.9981680273333333
0.999515318
1.0298817353333334
0.9245236986666667
0.6794920453333333
0.9966855706666667
0.9971136406666666
0.9618756820000001
0.995011536
0.6554450113333333
0.9998643473333333
1.0071444006666668
0.9722289666666667
0.87552334
0.9653130373333333
1.00245476
1.0000855253333334
1.033127018
1.000341748
1.03515637
0.9985741546666667
0.9072596740000001
1.007782462
0.999596736
0.995311294
0.5841227953333333
1.0109611373333334
1.0025834626666665
0.8757375613333334
0.8558354266666667
0.9995734726666666
0.986555024
1.0188391306666666
1.0238667166666668
0.9952882293333334
1.0004699093333334
1.0095472386666666
0.8530138319999999
0.9994455413333333
1.0065071466666666
0.936253062
1.000271856
0.9966161886666667
1.0036846366666667
1.028710042
0.9978665466666666
1.034719948
0.9813367066666666
0.848556218
0.8355073473333333
0.8138415313333334
0.6029843806666667
0.6333685726666667
1.0023611786666666
0.7919399073333334
1.037682362
0.7258874733333334
1.00197534
1.0326674753333334
0.8218538820000001
0.9302708086666667
0.54350851
0.9883712566666667
0.9741253320000001
0.9789099253333334
0.6675734486666667
0.9410739273333334
1.0014029766666666
0.58183986
0.833229988
0.999631634
0.9879052100000001
1.009654034
1.0020805393333334
0.5400266926666667
1.039402562
0.934186098
0.9712396226666666
0.992505268
0.9843730553333333
1.0075696846666666
0.974633754
1.0061534646666668
0.9369168320000001
0.8425469426666666
0.8267740733333333
0.9929641873333334
0.6337704533333333
0.8579296266666667
1.0076878833333334
0.6345663706666667
0.9393758506666666
0.8904531699999999
1.0119138853333334
0.8034358686666666
0.998794762
0.7594923646666666
0.9960037326666668
0.9239270526666666
1.0010178753333332
0.995703558
1.0035204786666667
1.005823586
0.9805189820000001
0.86078389
1.02731981
0.9189159693333333
1.0131909973333333
0.8365651473333334
0.5929572566666667
0.9589442146666667
0.7600501326666668
0.8088298326666666
0.67412748
1.0340473319999999
0.6394936566666667
0.9653781293333333
1.0339850973333333
0.9994339126666667
1.0082201193333333
1.0022559206666666
0.9875190653333334
1.0076997046666667
1.0298076546666666
0.9410120713333334
0.9927805686666668
0.8012101806666666
0.991771878
0.999596736
1.0309447306666666
1.0022559206666666
1.0109611373333334
0.865275358
0.7439169466666667
1.0019636526666666
1.031328442
0.970296128
1.000574792
1.006636892
1.0090847206666667
1.0373815986666666
0.9838882313333334
0.7377767406666667
1.005517464
0.7222013093333334
0.7720179199999999
1.0074160686666667
0.9420750586666666
0.9893274586666666
0.520649428
0.9880983953333333
1.006012062
1.0085870973333333
0.8909703866666667
0.997797
1.0163438073333333
1.0226964853333333
0.837217434
0.9739375713333334
0.7979280273333333
0.9875417713333333
0.8686792326666667
1.0194195073333334
