1.009879566
1.004569668
1.005009242
1.004755324
1.0032016959999999
1.017909488
0.982384936
0.9966670679999999
1.002653678
1.011184872
1.00554336
1.005468032
1.006078046
1.005150364
1.005152716
1.01304044
1.007860502
1.008142022
1.008333736
1.0054703839999999
0.9861654059999999
0.98671141
1.0054727380000001
0.996630064
1.006497712
0.999952806
1.00301193
1.004172736
0.987189946
1.005828298
1.00592724
1.00818462
1.004269004
1.00161082
1.000493214
1.010214486
1.0089259019999999
1.004278398
1.008246154
1.002400948
1.005263288
1.008149122
0.9959182799999999
1.009924684
1.0091108
0.993812008
0.984777064
1.011215822
1.004581416
0.98397614
1.006974388
1.003783156
1.00357441
1.00573644
1.004029542
1.0038981219999998
0.997799318
1.000376698
1.007031052
1.004543822
1.005331526
1.0059743620000001
1.001643524
1.011349166
1.00210392
1.011492074
0.98396487
0.98384541
1.006092186
1.004395826
0.986602614
1.007595686
1.002478158
0.983622344
1.003762044
1.004205606
0.9979198720000001
1.008336102
1.01117535
1.004395826
0.993065206
1.002742632
0.997574516
1.0089448619999999
0.99828403
1.005901324
1.00614875
1.003250908
1.007083
1.00695314
1.005049222
1.01181138
1.00269113
1.0074089800000001
0.9920559379999999
1.00700508
1.006580272
1.011313446
0.998841218
1.00633499
1.002651338
1.0060167740000001
0.999168856
1.0067100359999999
1.000772966
1.007387714
0.9998690020000001
0.983097754
1.003171236
1.006214752
1.006250114
1.009295766
1.006712396
1.0080213519999999
1.00021595
1.010749394
0.9843753120000001
0.9910761619999999
1.006337348
1.00859894
1.004745922
1.007153848
1.00157345
1.0098202059999999
1.006257186
1.003107976
1.030717114
1.004057708
0.889113052
1.010281022
1.00315952
1.008461584
1.003206384
1.002010404
0.999043352
1.003407944
0.9869767020000001
1.005696406
1.007368812
1.005887188
1.004137522
1.00542331
1.00440522
0.904167474
1.005451554
1.005371532
0.99874831
1.005910748
0.9933683879999999
0.944623588
0.999085184
0.99637805
0.984957734
1.009328972
0.991836006
1.007555504
1.004433408
0.9986229120000001
0.994960826
0.9996665339999999
1.00392628
1.004323018
1.00278009
0.986960826
1.005906036
1.006259544
1.0067005980000001
1.001078538
1.005920172
0.995018452
0.9951245
1.007269586
1.003618966
1.008428436
1.006608582
0.9832462940000001
1.00051186
1.003382158
1.004715366
1.005538652
1.003457174
1.011277726
1.003478276
0.9846212900000001
1.002850334
0.989500684
1.00371982
1.000516522
0.990139404
1.005960224
1.0059955680000001
1.002043132
1.003452486
1.0063963
1.0076311439999999
1.0041633460000001
1.01813631
0.98797793
1.003330592
1.0010202080000001
1.014993972
1.00336575
1.003033012
0.999489732
1.001814078
1.01547393
1.007543686
1.008125458
1.004682464
1.0025624
0.994253724
1.002920586
1.002787114
1.004522678
1.001445006
0.982735594
0.945112072
1.0199351460000001
1.0163895059999999
0.9975930519999999
1.007988232
0.979651222
1.011789926
0.995862858
0.984673208
1.006936614
1.00409996
1.001867826
1.00760987
0.9940949379999999
0.990212452
1.000742652
1.0060591920000002
1.00940488
0.99588826
0.994493152
0.98616314
1.004013114
1.005086854
1.016962278
1.005336234
1.000770634
0.984795128
1.004884618
1.002801162
1.006042696
1.003436076
0.99934322
1.002438382
0.989213528
1.0075153239999999
1.004715366
0.9819604359999999
0.908374514
1.001935604
1.016606024
0.997051142
1.005465678
1.001561772
1.00573644
1.01660843
1.007250688
1.002639634
1.004045972
1.007236516
0.908872376
1.00417039
1.0044475019999999
1.0056187
0.998413984
1.002230194
1.00118355
1.002681768
0.98217601
1.001909894
1.01476855
1.019223556
1.004757674
1.0058919
0.892618394
0.77824579
1.001328268
1.010449776
1.00278009
1.003684636
1.004494486
1.003722166
1.001181216
1.004203258
1.01403063
1.003229816
1.00628312
1.005129192
1.00578119
0.986131442
1.002751996
1.007052302
1.003363406
0.98779615
1.001937942
1.004771778
1.0021273019999999
1.0022933440000001
1.001678564
1.0015804560000001
1.01232412
1.00071234
1.007730442
0.983982904
1.00592724
1.005463324
1.007236516
1.006042696
1.00131893
1.002333108
1.006504788
1.00281287
1.000125114
0.991119616
1.0054798
0.9822658599999999
1.000588778
1.012235844
1.00188886
1.004114046
1.005317408
1.006839834
1.002890142
0.99798248
1.0035791
1.008033182
1.007132592
1.001522068
1.007049942
1.002167054
1.006884682
1.00359786
1.005209176
1.003025984
1.0057175999999999
1.00578119
1.00255304
1.007153848
1.00610397
1.010086192
1.002548358
1.00356503
0.9851949640000001
1.001613156
1.01052823
1.007257774
1.005227996
1.006134608
1.006818592
0.983784564
0.994806422
1.003487654
1.0072743100000001
1.004196216
1.004635462
1.0072625
1.1579009599999999
0.995249022
1.003586136
1.00356034
0.9873170280000001
1.0032649679999999
1.0052585840000001
0.986425872
1.006898844
1.005825942
1.003618966
0.983982904
1.005851854
1.009089462
1.005235056
1.005009242
0.997727462
0.987339724
1.003665872
0.985366744
1.00456262
0.998564868
1.00314312
1.0027145400000002
1.003494688
1.000367378
1.004461596
1.013528118
0.983514228
1.000383688
0.982477072
1.006707676
0.984736422
1.007423158
1.004438106
0.9938580020000001
1.003363406
1.00570347
0.9997107439999999
0.945873866
1.005378594
1.005350352
1.00535506
1.008475792
1.008397656
1.005522172
1.005399774
1.004001378
1.000004028
0.986068048
1.01280872
1.006724194
1.004311274
0.985375786
1.0054021279999998
1.00119055
1.006702958
1.005748216
1.004623712
1.00570347
1.00474122
1.0030611219999999
0.9814510719999999
0.99727571
1.005840076
0.893264442
1.010585296
0.9832935660000001
0.991522314
1.007016886
1.003513444
0.999368798
1.004520328
1.000080868
1.004330062
1.00503276
1.006677002
1.003534548
1.005345646
1.003813656
1.004358246
1.004269004
1.002634954
1.003989644
1.003785502
1.007224704
1.0068776
1.0030353539999999
0.9976301280000001
1.006205322
1.00511508
1.007749358
1.00508215
1.0065071460000001
0.9917627179999999
1.005138602
1.005315054
1.003042382
1.0043347599999999
0.9949585200000001
1.001409982
1.004247872
0.985235644
0.987809782
1.0041750839999999
0.988555524
1.004997484
0.908151712
0.983676412
1.007236516
0.96282013
0.982409654
1.006401016
1.0029580580000002
1.005757636
1.003665872
1.003044724
1.007820298
1.004433408
0.928204068
1.00757914
1.0053221140000002
0.984594204
1.002897168
1.00574586
1.003900468
1.00305878
1.005199766
0.994065026
0.98371246
1.002644316
1.0058565640000001
1.004395826
0.910207176
1.004125784
1.00128158
1.00747042
1.0042126500000002
1.002384572
1.005889544
0.99686601
1.0030962620000001
1.003867618
1.0015571
1.004097614
1.009018342
1.004344154
1.00611811
1.004459248
0.995535078
1.00153608
1.003180608
0.984531008
0.9863896240000001
1.00079162
0.9986995399999999
0.9828772760000001
1.006608582
0.985567984
1.004029542
0.985660718
0.997532812
1.004344154
1.003079864
1.002473478
1.002939322
0.9846054900000001
0.845888948
0.984643862
1.005218586
1.004088224
0.987237598
0.986695544
1.0032157560000001
0.982117616
1.005152716
1.004602564
1.0062878339999999
1.00319701
1.005818876
1.005752926
1.015005966
1.00510567
1.002288666
0.996468206
1.003543926
1.0032251300000001
0.987382852
0.9252147820000001
1.003450142
0.8940174879999999
0.778695896
1.003260282
0.983275556
1.005108022
1.005049222
1.004602564
0.994488546
1.005145658
0.999275792
1.002663042
1.003628348
1.0029721120000001
1.004752972
0.9860046640000001
1.0029299539999998
1.002029106
1.003429042
1.00325325
0.99642197
1.00345952
1.00486581
0.998648454
1.006238326
1.004769426
0.8901357480000001
1.000052924
0.9863216680000001
0.982924514
1.004473342
0.890951904
1.005818876
1.00512684
1.002983822
0.996426594
1.00668644
0.9834579280000001
1.00325325
1.00646705
1.014917222
1.0002555499999999
1.004391128
1.0042924880000001
1.005767058
0.982540004
0.982962756
1.003661182
1.004088224
0.981359128
1.0015314100000001
0.9814264020000001
1.001115872
1.003572066
1.00406475
0.998483618
1.001856142
1.003398568
1.005463324
1.004675412
1.006816232
1.00430423
1.007612234
1.003297778
1.00256942
1.004219694
1.004409918
1.005943732
1.003935668
1.006986192
1.002515598
0.993653362
0.99414786
0.985468484
0.999299042
0.997261816
1.003628348
0.9853577020000001
1.005628118
1.001937942
1.004076488
1.0104949460000001
1.016584368
1.001587464
1.001295586
0.98406632
1.005016298
1.002043132
0.893074986
0.89455376
0.995276698
0.985638098
1.003199354
1.005023352
1.0023541599999999
1.0084592159999999
1.005173888
1.0067949919999999
1.00411874
1.003206384
1.019530822
0.993246634
0.9996502460000001
1.003827732
1.003513444
1.004564968
1.0054256639999999
0.9277108580000001
1.00104354
1.003801924
1.005538652
1.000768302
0.99588826
1.006377434
1.000530506
1.006002636
1.0309991760000001
0.9966346899999999
0.999466474
1.01084455
0.984528752
1.006596786
1.003701056
0.984910302
1.005990854
0.982854784
1.002744974
1.006844554
1.01029528
1.004572018
1.005037464
1.000549152
1.00355096
1.007080638
0.9939776060000001
1.004254916
1.00164586
1.00574586
1.0053032899999998
1.00075431
1.0164039360000001
0.905091584
1.006231254
1.00171828
1.00542331
1.001230228
1.0055574840000001
1.008260356
1.00190522
1.004107004
0.9965190700000001
1.0081538540000001
0.981819018
1.00184212
1.008213018
1.003797232
1.003900468
1.00342201
0.995484314
1.0068421939999999
1.006448182
1.0041774319999999
1.0053221140000002
1.018300456
1.002038458
0.92345426
0.7382218420000001
1.0041774319999999
1.003532202
1.008726856
1.00235884
1.0039028140000001
1.003851194
0.982557986
1.00356503
1.00256942
1.0058494980000001
0.9996665339999999
1.000735656
1.004435756
0.981592384
1.004409918
0.9942261059999999
1.004327714
1.0069555000000001
1.007243602
0.983577294
1.005529234
1.005917816
1.006122824
1.00059344
0.983931056
1.0056139899999998
1.000295152
1.0067265539999999
0.9068439899999999
1.0062619
1.005119784
0.99744478
0.928454882
1.002681768
0.993697042
0.947382336
1.005289172
1.00611811
1.005541006
1.013257926
1.00573644
1.00836451
1.004640162
1.0047341699999999
1.006304338
0.999066592
1.004955156
0.98684744
0.9338001920000001
1.003654146
1.0006400640000002
1.004851704
1.006080402
1.004548522
1.003778464
1.004409918
1.006172322
1.004503882
0.998778504
1.011730342
1.002265276
1.0008079460000001
1.005284466
1.005934308
1.0009548879999999
1.00256708
0.895047774
1.002499218
1.007612234
0.982501794
1.00574115
0.9840595560000001
1.003818348
1.006849276
1.005284466
0.9842580080000001
0.998871416
1.00145668
1.003072836
1.006030914
1.0038089639999999
1.015579582
1.005771768
1.003750314
1.004257264
1.00991281
1.0066888
1.006224182
1.00486816
0.984111416
1.002592824
1.000852256
1.001503384
1.006325558
1.003548616
0.9815991159999999
1.003250908
1.004024848
0.9822186860000001
1.004207954
0.8928522
0.984133966
1.011582602
0.9850277620000001
1.006205322
1.007087724
1.003187638
1.001884186
1.007331008
1.005216234
1.0093740420000001
0.9862990180000001
0.982780568
1.00356503
0.999506014
0.9832823100000001
0.908374514
1.0137697399999999
1.0026185699999999
0.98466418
1.00377612
1.001732298
1.0022933440000001
1.001209222
1.00410935
1.0013259319999999
1.00245476
1.005668148
1.006766672
1.00455322
1.0015314100000001
1.004532076
1.0021577
0.9098562419999999
0.985246944
0.9840212279999999
1.000208962
0.985265024
1.006804432
1.006639252
0.999150262
0.99623476
1.004125784
1.005691696
1.009305254
0.98301675
0.982513032
1.0046378120000001
1.000999212
1.0036869819999998
0.9833385899999999
0.99924092
1.001701926
0.946315686
1.005079798
1.00844501
0.999331594
1.004346502
1.002241888
1.003914548
1.005665792
1.001895872
1.00408353
0.988300754
1.016868376
1.002019754
1.005769412
1.005413896
1.005103318
1.004985726
1.004264308
1.005300936
1.005564548
1.002192776
0.915767374
0.999454844
1.003895776
1.006957862
1.003771428
1.006155822
1.0086581559999999
1.005089206
1.002730926
0.982582712
1.008243786
1.007510596
0.98780751
1.007139678
1.008149122
1.000420972
1.004283094
1.013619012
1.0024875180000001
0.954214526
0.7150841960000001
1.000670372
1.006092186
1.006129896
1.005468032
1.005138602
0.997998712
1.0023027
1.003473586
1.004346502
0.928143892
1.004957508
1.007302658
1.00539036
0.986906398
1.001582792
1.003501722
1.003689328
1.004240826
1.004499184
1.001491708
1.003562686
1.0054350779999999
1.006023844
0.999399028
1.0057859
0.987925662
1.005906036
1.006490636
1.002211484
0.995952922
1.006445824
1.002405628
1.004442804
1.002941664
1.00429014
1.0056187
1.004226738
1.008636838
0.998890002
0.8776613160000001
1.00536212
1.002478158
1.016921344
1.004269004
1.001066872
0.988214344
1.007529504
1.002475818
0.984926112
1.0033704380000001
1.004644862
1.0169020819999999
1.00456027
1.005437432
0.983581798
1.009680144
1.002031444
1.004543822
0.982427632
1.011184872
1.001246566
1.001935604
1.0012675739999999
0.944405492
1.005352706
0.992126978
1.005089206
1.005835364
1.0033704380000001
0.99919675
0.884324036
1.007234152
1.004339456
1.00614168
1.0062548279999999
1.0044240119999999
1.003293092
1.005663438
0.99964792
0.985549892
0.999589756
1.0009175639999999
1.005312702
1.002670064
1.004574368
0.993717734
1.004788232
1.007851042
1.011830448
1.003982602
1.001468356
1.0040483199999999
0.9047884199999999
1.011380126
1.00497632
0.983289064
1.004308926
0.997227082
1.002178746
0.931018946
1.002819894
1.004663662
0.984334702
1.001881848
1.00513625
0.997996392
1.00473182
0.983780056
1.00351579
0.984253496
1.006096898
0.983962616
1.0093028819999998
1.005519818
1.005413896
1.007264862
1.004564968
0.982322024
1.004825844
1.0048281940000001
0.984693526
0.9873601519999999
0.9809624
1.000877912
1.008376348
1.00655904
1.010347566
1.0025998459999999
0.982050248
1.007794286
1.000208962
1.002522618
1.007132592
0.890983324
1.0039028140000001
1.003649456
1.00430423
0.994711958
0.995145252
1.001482368
1.005152716
1.015358698
1.004576718
1.004102308
1.00068436
1.004360594
1.00411874
0.99895273
1.005124488
1.0055928
1.011909118
1.00245242
1.001613156
1.0044686440000001
1.000087854
0.984817708
1.0050633340000001
1.00706647
0.924197436
1.00510567
1.00789598
1.004811738
0.985152028
1.003696364
0.999013144
1.007822664
1.00858473
1.00619118
1.00563989
1.000565468
1.00655904
0.997433198
1.003075178
1.005352706
1.006297266
1.006226538
1.002333108
1.006580272
1.0062171100000001
1.003668218
0.98609748
1.00573644
0.990913816
0.982771574
1.002871408
1.007898344
0.986881452
1.008134924
1.0037080919999999
1.005065686
1.013169486
0.83722233
1.00289951
1.003091576
0.9852785860000001
1.006639252
1.005880122
1.003541582
1.006202966
1.0059955680000001
1.004041278
1.005197412
1.004003726
0.99727571
1.0042971840000001
1.002934638
1.003595516
0.995548922
1.005366826
1.004097614
0.983329586
0.9843753120000001
0.982557986
0.985500142
1.004419314
0.98663661
0.876912284
0.983091002
0.9936372720000001
0.9296164179999999
0.99769965
0.985002912
1.004435756
0.993973006
1.0043817320000001
1.00171828
0.997676476
1.00063307
1.003541582
1.0044686440000001
1.000980548
1.000551484
1.002522618
1.00440522
1.006273688
1.003445452
1.010240624
1.003785502
1.00358848
1.004057708
1.003086892
1.002031444
1.00535506
1.004341806
1.005432724
1.002787114
1.00414926
1.00245944
1.004832896
0.98302125
0.84447524
1.007921998
1.012240614
0.9843504940000001
0.9888286359999999
1.003110318
1.003921588
1.005625762
1.0054798
1.000696018
1.008909312
1.00061209
1.005705824
1.001099538
1.0037596979999999
1.003445452
1.006563758
1.004076488
1.011530188
1.003855886
1.00598143
0.9989759659999999
1.002920586
1.0062288959999999
1.005110374
0.98399192
0.9929527100000001
1.008859544
1.003199354
1.004395826
1.005253878
1.000290494
0.876123424
0.909447804
1.005880122
1.007732806
1.003288404
0.877146892
1.005289172
0.984485874
1.000551484
1.004694214
0.98514299
1.00442871
1.006266616
1.007574412
0.9996223280000001
1.004494486
1.004757674
1.001666884
1.003276686
1.004153954
0.986095216
1.005042166
1.011685062
1.004536774
0.99748416
1.004348852
1.003368094
1.0043206679999999
1.00996743
1.006125182
1.002864384
1.004985726
0.91043292
1.00570818
1.00051419
1.00678319
1.005583382
0.9999504779999999
1.005002186
1.002932296
0.9920857280000001
1.002075864
1.003501722
0.980951198
0.9997945220000001
0.92899108
1.004548522
1.00600028
0.996984024
1.005792966
0.9849599920000001
1.01033806
1.003783156
1.002709858
1.0018491299999999
1.0084355379999999
1.004125784
1.001372624
1.00633499
1.003445452
1.0031478059999999
1.005743506
0.99967584
0.990159948
0.891268058
0.9816709100000001
1.004435756
0.998534688
1.00473652
1.004196216
0.985441352
1.003452486
1.008196452
1.005623408
1.0026185699999999
1.00309392
1.006530734
1.00161082
1.007581504
1.005604572
1.008954344
0.99556046
1.003321216
0.995115278
0.998068286
0.986468918
1.0021506839999998
1.004085876
1.002008066
0.997701968
1.0081065280000001
0.993713136
0.99828171
1.001440336
0.9867612840000001
1.006976748
1.006698238
1.00057013
1.002791798
0.998513794
1.00518565
1.006648688
1.004069446
1.000789288
0.8790768480000001
1.003499376
0.998244586
0.943710336
0.9813927640000001
1.021113628
1.00356972
0.982243396
1.004649562
1.004266656
1.00127691
1.002784774
1.00202443
1.006731274
0.889464742
1.000190328
1.012947262
1.005844786
0.91400174
0.982915516
0.98551597
0.9996572260000001
1.006811512
1.0072719479999999
1.004894022
1.004698914
1.0042149980000001
1.0093242279999999
0.985335096
1.00145668
1.01940015
1.003466552
0.923017656
1.006259544
0.984176814
1.004981022
0.99852308
0.997523544
1.005098614
1.01420543
1.001101872
0.985317012
1.005188002
0.9996502460000001
1.000968884
1.00515742
0.983286812
1.004572018
0.8925071
0.998079884
1.006092186
1.01084455
1.006311412
1.005317408
0.99454842
0.9922071979999999
0.9254520199999999
1.004062404
1.004440454
1.002698154
1.007468056
1.005482154
1.006368002
1.001393638
0.999782886
0.999127018
1.004459248
1.00486581
1.005630472
0.9969146
0.9955581539999999
1.004804686
1.006570836
0.9913621100000001
1.007678426
0.984109162
1.004137522
1.008123092
1.007479872
1.004811738
0.9855612
1.0054350779999999
0.9922507500000001
0.9838206199999999
1.00484465
1.002333108
0.983446668
0.94502889
0.9949861799999999
1.009357436
0.983331836
1.012784836
1.005651664
0.9827468380000001
0.9447316339999999
1.006575554
0.984203876
0.995089916
1.003773774
1.00655904
1.00386058
1.002801162
1.0039450540000001
1.002082878
1.006250114
1.003900468
0.9975397619999999
1.007416068
1.0149484
1.00523976
1.004564968
1.013152756
1.01260814
1.004414616
0.995802826
1.00719636
1.003527512
1.004886968
1.0068634379999999
0.8946730199999999
1.0053832999999999
1.000700682
1.004473342
0.982068212
0.9823040519999999
0.983620092
1.004198564
0.9931915099999999
1.003989644
1.0028409679999999
0.984540036
1.00631377
1.007886518
0.893147416
0.9933201420000001
1.006759592
1.003600206
0.981825752
1.007773004
1.004593164
1.0050304079999999
1.004847002
1.002496878
1.016447234
1.00702633
1.005089206
1.002085216
1.000504868
1.003004904
0.988105216
1.0034056
1.003363406
1.002801162
1.0044475019999999
1.001564106
1.0026747440000001
1.007950382
1.003129062
1.015581982
1.006351496
1.018853632
1.006247756
0.9842670299999999
0.983334088
1.00535506
1.004278398
1.003832424
0.985023244
1.011923422
1.000577124
1.004952804
1.002330768
1.006372718
1.003344654
1.005552776
1.003689328
1.002419664
0.985733108
0.985769306
0.99620241
1.000817274
1.008127824
1.002817552
1.005199766
1.002216162
1.003016614
1.020868492
1.008954344
1.002953374
1.007380626
1.0062878339999999
1.006563758
1.005188002
0.989646604
0.993432722
0.983629102
1.003557996
1.00032078
1.008570518
1.001522068
1.008885612
0.983858932
1.005611636
1.014595952
1.00403189
0.99912237
1.008873764
0.993667156
1.004590816
0.9662468599999999
1.003891082
0.9100471019999999
1.007057026
1.002195114
0.993966104
1.0030845480000001
1.007160932
1.003654146
1.0053291739999999
1.0095353740000002
1.004590816
1.004130478
1.0062878339999999
1.006179394
1.005701116
1.001001544
1.00456262
0.99293205
0.878300256
1.0060262
1.006304338
0.92719215
1.00384181
1.00425022
1.00111354
1.005098614
1.000365048
1.002108596
0.9959898739999999
1.002698154
1.004078834
1.0001158
1.004964562
1.004172736
1.00749878
1.00157812
1.004125784
0.9907606640000001
1.006257186
1.0052209380000001
1.000936226
0.98616767
1.0128803739999999
1.00425022
0.985172366
0.86131902
0.985149768
1.016878006
0.9979384219999999
1.013858284
1.002616228
0.9457967979999999
1.004278398
1.002908878
1.004160998
1.003747968
1.001671556
1.005578674
1.010961138
0.985034538
0.999161884
1.005091558
0.998407022
0.99873902
1.00090357
1.002260598
0.91049082
0.9155936259999999
1.005225644
1.003107976
0.9715889600000001
1.00867237
1.010571028
1.002644316
1.0189285620000001
0.987001652
1.0030213
1.00275902
0.996877578
1.003658836
1.004856406
0.994028216
0.982522024
0.996683258
0.9830145
1.003124376
1.003762044
1.0062548279999999
1.003063464
1.001057538
1.007097168
1.007073554
1.0032181
1.004832896
1.01015271
1.001895872
0.981484714
1.0058494980000001
0.999801504
1.00706411
1.012832604
0.9825624820000001
0.9862899599999999
1.002794138
0.982068212
1.003213414
1.006384508
1.0006307399999999
1.0028784339999999
1.009891438
0.893156704
1.009255448
0.9983002719999999
0.9995339259999999
1.001627172
1.00697911
0.982348986
1.007090084
1.004053014
0.8911145760000001
0.984409154
1.003363406
1.003089234
0.89455935
1.005192708
0.99870883
1.002571762
0.997600004
0.846986578
0.9833093239999999
1.003769082
1.00320404
1.00549157
1.00255538
1.00678555
1.0006074280000001
0.9938603020000001
0.998576476
1.00451563
1.005755282
1.005757636
0.992351624
1.004797634
1.005710534
0.984512954
0.990996126
1.006667564
1.004503882
1.0016224999999999
1.014586366
1.003487654
1.003949748
1.002389252
1.009836826
1.007040496
1.0042737019999999
1.0028690679999999
0.998915556
0.9829200140000001
1.002801162
1.005411542
1.001900546
1.001377294
1.007699704
0.981987378
1.00122556
1.0044240119999999
1.016394316
1.007054664
0.98163501
1.00316655
1.005590446
0.998186586
1.000898904
0.999920214
1.000488554
1.006761952
1.0050045380000001
1.007217618
1.005901324
1.00151039
0.9840798479999999
1.001757998
1.011530188
1.0057859
1.0036869819999998
1.00410935
0.985841712
0.9836696540000001
0.986355646
0.9986020160000001
1.00223721
1.005536296
0.987212636
0.9991061
1.003731548
1.005065686
1.00908472
1.0049692639999999
0.944899986
1.004534424
1.003818348
1.005009242
1.00021129
1.003391536
0.985332836
1.003051752
1.00637036
0.9811730519999999
0.99748416
1.005880122
1.005482154
0.98384541
1.004038932
0.9861359700000001
1.0022863260000001
1.001274576
1.0060450520000002
1.018138722
1.005748216
1.006908286
0.987430522
0.92895692
1.006459974
0.9916619640000001
1.003553306
1.007264862
0.978865304
0.987548584
1.004022502
1.000360388
1.005211528
1.0059955680000001
1.004006072
0.98323954
0.983095504
1.002223178
0.8901431280000001
0.993724632
1.003600206
1.004226738
1.00739244
1.005331526
1.007042858
0.999962118
1.0041774319999999
1.003004904
1.006441108
0.984996134
1.001332936
1.0111515439999998
1.005300936
0.928472946
0.986688742
1.0086605260000001
0.964913998
1.007773004
1.005771768
0.9862673099999999
0.982310792
1.002312056
1.008246154
1.004849352
1.004146912
0.775329232
0.998239946
1.0006913560000001
0.949739134
1.00913451
0.877281264
1.005997924
1.002040794
1.006455258
1.005792966
1.010697068
1.00455322
0.982160288
0.982519776
0.848175824
1.004144564
1.00508215
0.9833836199999999
0.985862078
1.000269526
1.005138602
1.003213414
0.9718066
1.00834794
0.999475776
1.00419152
1.006257186
0.984465564
0.98648478
1.00412813
1.006120468
1.005331526
0.985620004
1.00333528
1.010704202
1.002588144
1.006891762
1.006681722
1.00651894
1.003290748
1.005715244
1.0087126419999999
1.005011594
1.00397791
1.0011392080000001
1.00338919
0.996958568
1.00442636
0.89009701
1.005823586
0.996348002
1.005541006
1.00844501
1.0054350779999999
0.9988528320000001
1.005124488
1.00614168
1.007316834
1.00330481
0.9965121339999999
0.9983443620000001
0.994751124
1.005637536
0.895475116
0.998052052
1.002934638
1.007903076
1.013159926
1.00569405
1.007914902
0.982771574
1.005411542
1.004931642
1.005021
1.00025322
1.00724124
1.004691864
1.0018234240000001
1.00274029
1.008260356
1.004475692
1.003044724
1.0055998640000001
0.9881552299999999
1.006714756
1.007378262
1.005901324
0.997743688
1.005972004
0.9915932780000001
1.004797634
1.0172754099999999
0.9820188120000001
1.006820952
1.007328646
1.002113272
1.00292527
1.018281142
1.008357408
1.007576776
1.005108022
1.003801924
1.002862042
1.005477446
1.002976796
1.004114046
1.006957862
1.0008872420000001
1.005068038
0.98137034
1.00603327
1.004724768
0.999610694
1.002307378
1.007472784
0.986231076
1.005510402
1.003384502
0.9114182359999999
1.003914548
0.94671618
1.006861076
0.988241628
1.005300936
1.004835246
1.005795322
1.000220608
1.00309392
1.006792632
1.01960101
1.00440757
1.006238326
1.004400522
0.927474464
1.005013946
1.0076406
1.008075768
1.004877564
1.008023718
0.996271734
0.98626278
1.004517978
0.997217822
1.004193868
1.011584984
1.006533094
1.004153954
0.9830325
1.005757636
0.9822793400000001
0.982137828
1.002852676
1.004684814
1.008430804
0.998885356
1.007333372
1.005484508
0.98530571
1.004966914
1.004489786
1.00574586
0.992913686
1.007040496
0.9832485440000001
0.982261368
1.00664161
1.0025624
0.9853554400000001
1.003436076
1.006106326
0.850582896
1.0037080919999999
1.00478588
1.006247756
0.987752988
1.0043183199999999
0.997910598
1.003586136
1.008646312
0.982967256
1.002312056
1.015025156
1.001162546
1.002176406
1.00625247
1.00729321
1.003858234
1.000987546
1.004527376
1.004130478
1.00511508
1.000810278
1.006639252
1.003865272
0.98378231
1.003769082
1.007848678
0.99805669
1.004078834
1.0050045380000001
1.01248401
1.004466294
1.0080000599999999
1.003178264
0.999333918
0.997176146
1.00145201
1.002883118
1.005550422
1.008123092
1.00517624
1.002730926
1.000271856
0.9826816300000001
0.984908044
1.15492745
1.07368814
1.004658962
1.006257186
0.98485384
1.008326634
1.005267994
1.005044518
1.00544214
1.00393332
1.006096898
1.017521232
0.990842948
1.004346502
1.005686986
1.010958758
0.9939224
1.005541006
0.999468798
1.004952804
1.002962744
1.004198564
1.003609586
1.004809388
1.004266656
1.001636516
0.989133792
1.006941336
1.007836852
1.004269004
1.006665204
1.00202443
0.988682958
1.00631377
0.9999854
1.00392628
1.0039051620000001
1.00373624
1.005611636
1.000828934
0.983676412
0.984542292
1.003037696
0.9873851220000001
1.0041750839999999
1.018071148
1.000479232
1.000786956
1.008314798
1.005152716
0.982452352
1.0046613119999999
1.0025998459999999
1.008807412
0.9966763200000001
0.998750632
1.009665902
1.002782432
1.00102954
1.0010202080000001
0.998311874
0.996734144
1.00455322
1.003107976
1.004823492
0.5602516120000001
0.410465496
1.004886968
1.009514018
1.004586116
1.0054962779999999
1.0050633340000001
1.0053762400000001
1.0042149980000001
0.986129178
0.994249122
1.00098288
1.00412813
1.011351548
1.006393942
1.01668303
0.985929972
1.003330592
1.006915368
1.0053832999999999
1.003694018
1.004421662
1.0050727419999999
1.00105054
0.9821962240000001
0.995166004
1.0148117079999999
0.9940765300000001
1.000232254
1.0042149980000001
1.004231434
0.988287108
1.005654018
1.002501558
1.006356212
1.002422004
0.993508556
1.0030353539999999
1.0043676400000001
1.00186549
1.002962744
1.00375266
1.003874658
0.990064082
1.006901204
0.9974818440000001
1.004017808
1.00118355
1.000959552
1.0029112199999999
1.002908878
1.0153538979999999
0.98562679
1.000090182
0.691803842
1.015399506
1.001561772
1.00697911
1.003473586
1.0176900020000001
0.982137828
1.003440764
0.98165969
0.9874623060000001
0.999836416
1.002908878
1.004097614
1.007210532
1.005315054
1.0048705119999999
0.999571146
1.002405628
1.006898844
1.00692245
0.983901754
1.003072836
1.008381084
1.005267994
0.98480416
1.003213414
1.00616525
1.005604572
1.002216162
1.002012742
1.005931952
1.004238478
1.002541338
0.991815392
1.002770726
1.006247756
1.008066304
0.998188906
1.003309498
2.24007724
1.005237408
1.00359317
1.0030353539999999
1.004020154
1.0031571780000001
0.999445542
1.0041750839999999
1.0011298739999999
1.00385354
0.9870424799999999
1.006804432
1.006172322
1.006049766
1.0058565640000001
1.005117432
1.0016832359999999
1.003794886
0.99982245
1.00265836
0.987092386
1.008869024
1.004776478
1.0043676400000001
1.00064939
1.015380302
1.0085089440000001
0.9954820059999999
1.015973566
1.003023642
1.001928592
1.004705966
1.004358246
1.00711606
1.001902882
1.004849352
1.015267492
0.9996921280000001
1.007427884
1.004750622
1.01015271
0.99692617
1.005665792
1.004431058
1.0075720479999999
1.004717716
1.000090182
1.005289172
1.004416966
1.0021881
1.001097206
1.004144564
1.004997484
1.002082878
1.0051009659999999
0.9980265399999999
1.004579066
1.0067265539999999
1.003037696
1.017998758
1.00847816
1.001216224
1.003818348
0.691780442
0.990447652
1.00648356
0.987612166
1.002141332
1.0056445999999999
1.0037409320000001
0.992814992
1.010863582
1.00620768
1.007323922
1.003168892
1.006712396
1.009606566
1.001097206
1.006516582
1.007309746
1.006853996
1.006504788
1.003611932
1.00143333
1.005016298
1.00232843
1.006476484
1.005359766
1.006415166
1.000146076
1.015315494
0.988121128
1.0088311079999999
0.97999993
1.007690248
1.000430292
1.005602218
1.002787114
1.012080802
1.00805684
0.999331594
1.007264862
1.005298584
0.99790828
1.00611104
1.0045085820000001
1.004461596
1.003199354
1.006368002
0.997495744
1.006368002
1.005851854
1.005140954
1.004043626
1.0025998459999999
0.984262518
1.006174678
1.0068421939999999
1.004313624
1.004205606
1.003628348
1.004205606
1.002883118
0.996743396
1.0056187
1.003000218
1.0045085820000001
1.007671334
1.00163418
1.004398174
1.0035111
1.0039028140000001
1.004116394
1.0049692639999999
1.005529234
1.00616525
1.004541474
1.006712396
1.004123436
0.9850571300000001
1.001445006
1.007820298
1.00190522
1.00871501
1.009151108
1.01048068
1.005588092
1.005988498
1.0038371160000001
0.985491096
1.004854054
1.005500986
0.998966672
0.986722746
1.005223292
1.008331368
1.000936226
1.004365292
1.004311274
1.003907508
0.982171518
1.012438662
0.9938878999999999
0.977017128
1.009224618
1.002471138
1.00256474
1.013468328
1.0051433060000001
1.000525844
1.005077446
1.002536658
1.005531588
1.002377554
1.002679426
1.00486816
1.004854054
1.010133704
1.019535662
1.000090182
1.004116394
1.00397791
1.00410935
0.987171794
1.00305878
1.0028690679999999
1.003637728
1.006342064
1.005124488
1.00274029
1.006019132
1.007165656
1.007168018
1.006259544
0.99942461
0.98946421
1.004658962
1.008840586
1.006707676
1.000840596
1.00664397
1.004694214
0.984427204
1.003839462
0.998534688
0.991513158
1.00496221
1.001132208
1.001454346
0.9831360100000001
1.004727118
1.002501558
0.9832958159999999
1.0031478059999999
1.005119784
1.00569876
1.003295436
1.003696364
0.997051142
1.005428018
0.982151304
1.0026747440000001
0.994177776
1.004623712
0.984937406
1.004111698
1.006695878
1.005964936
0.990201038
1.006618018
0.9841677919999999
1.004001378
0.9831292580000001
1.01831977
0.9922530420000001
1.000943224
1.008861914
1.006514222
1.006023844
0.99701874
0.984858358
0.999336244
0.994997706
1.000376698
0.995807444
2.2440918
0.998249226
1.002531978
1.00195664
1.003124376
1.000877912
1.000584116
1.00388639
1.000964218
0.996389608
0.99528131
0.999319968
1.004886968
0.998794762
1.000164708
0.99959441
1.00650243
1.0013259319999999
1.004160998
1.003928628
0.563088304
1.0028690679999999
1.034565418
1.004219694
1.002475818
1.004090572
1.00204547
1.004891672
1.002169392
1.001332936
1.00629255
1.004694214
1.013860678
0.984761258
0.9882711900000001
1.003757352
0.987777976
0.536172548
1.003820694
0.983104504
0.9855860780000001
0.984957734
0.985457178
0.985748944
1.005406834
0.995892878
1.004121088
1.00144267
1.008101796
0.9989341439999999
1.00492694
1.002340126
1.00304004
0.994177776
1.006257186
1.002466458
1.003710438
1.006603862
1.00392628
1.002407968
1.011430142
1.01363815
1.0020548219999998
1.003921588
0.99558123
0.99978754
1.002503898
0.563326854
1.385719174
1.0028690679999999
0.998107716
1.00273795
1.007163294
0.984395616
0.98663661
1.005324468
1.004609614
1.008101796
1.003980256
1.0042971840000001
1.004959858
1.00169258
0.9991339920000001
1.003361062
1.0088216300000001
1.01800117
1.003968522
0.9865550240000001
1.007302658
1.00851368
1.005235056
0.998179626
1.001344608
1.00630198
0.984880942
0.998557904
1.005536296
1.004727118
1.00456027
0.979349656
1.00573173
0.999073564
0.99780859
1.005764702
1.004139868
0.999962118
1.0046072639999999
1.004196216
0.98450167
1.007851042
1.005611636
1.000148404
1.003407944
1.006318486
0.999254868
1.00527976
1.003478276
1.00245008
1.003497032
1.002993192
1.0040506679999999
1.0094974079999999
1.006085116
1.00451328
1.0038230399999999
1.003893428
1.00610397
1.004280746
1.002386912
1.004959858
1.00516683
0.993255822
0.9843234240000001
1.004807038
0.6915933
1.004229086
1.005246818
0.9933109520000001
1.00510567
1.002939322
1.006601504
1.004564968
1.006993274
1.01407612
1.00614875
1.004701264
0.994154764
1.004670712
1.00664161
1.006986192
1.002864384
1.004811738
1.004379384
1.00218576
0.9846054900000001
1.007851042
1.001944954
1.009782218
1.012381388
1.00385354
1.003557996
1.004395826
0.982571474
0.9842805640000001
1.007342822
1.0045579199999999
1.005788256
0.5631148819999999
0.92818802
1.002955716
0.9992781159999999
1.005002186
1.004278398
1.005310348
1.004278398
1.010865962
1.005060982
1.0032016959999999
1.004001378
1.00274029
1.00523035
1.007777732
1.004092918
1.00323919
1.011866206
1.002117948
0.984763516
0.990395122
1.004088224
1.000297482
1.012772896
0.999997042
0.9908909539999999
1.00496221
1.001073872
1.0037596979999999
0.994311268
1.003536892
1.007874694
1.0039028140000001
1.0063161280000001
1.010014932
1.00630198
1.006917728
1.003787848
1.0015524279999999
0.99680123
1.004525028
1.005830652
1.002241888
1.0169020819999999
0.9999434939999999
1.001283914
1.007869962
1.004903426
0.9830662499999999
1.015966358
1.0031642060000001
1.004821142
0.984262518
1.0076311439999999
1.00031845
1.005946088
1.00637036
1.006092186
1.0061369660000001
1.005628118
1.002698154
1.006554322
1.001664548
1.0029440059999999
1.018281142
1.003769082
0.9853577020000001
1.006887042
1.0066274560000001
1.004456898
1.004703616
1.00557632
0.999713072
1.00826509
1.004097614
1.00324622
1.008201186
1.016969502
0.9959136620000001
1.007127868
1.003729202
1.00490813
0.9847251340000001
1.014373102
1.00695314
1.007193998
0.99786191
1.001741644
1.007328646
1.004151608
1.00952351
1.005583382
1.005776478
1.007808474
1.004517978
1.008956714
1.001858478
0.984312144
1.00539742
1.01140156
1.004705966
1.004915184
1.004146912
1.0038113100000001
0.998409344
1.0033235600000001
1.0040483199999999
1.004825844
1.004081182
1.006172322
1.007423158
1.004231434
1.00811836
1.003907508
1.002609208
1.006693518
0.98700392
0.9856222659999999
1.0021389920000001
1.006318486
1.007522414
1.00409996
1.00598143
1.004797634
0.997743688
1.008757656
1.00532682
1.002700494
1.005818876
0.987219444
1.00355565
1.004412268
1.003527512
1.002744974
1.002581122
0.999210698
0.9989387900000001
0.9998922800000001
1.002344804
1.0038230399999999
1.011344402
1.002260598
1.001220892
1.004034238
1.005529234
1.00911317
0.994062726
1.003328248
1.0018725
1.013645326
1.0040483199999999
1.0109421
1.00550334
1.006655768
1.007061748
1.007832122
1.005284466
1.002436042
1.0062006079999999
0.9841745580000001
1.00325325
1.004964562
0.9980729260000001
1.001863152
1.004135174
0.986095216
0.6914864079999999
1.002983822
1.004461596
1.004995132
0.9816462279999999
0.984824484
0.995567384
1.003332936
1.004628412
1.0015711139999999
1.012574716
1.004572018
1.001613156
1.003989644
0.983933312
1.00587541
1.001440336
1.00484465
1.007260136
1.00535506
0.99755598
1.014567192
1.00406475
1.003429042
0.9846054900000001
1.006832754
1.0061581800000001
1.004219694
1.001844456
1.00262325
1.006389226
1.006438748
1.005209176
1.007342822
1.008641576
0.985669766
1.006009706
1.00271688
1.004635462
1.004546172
0.987562208
1.0043511999999999
1.0057270200000001
1.005188002
1.0056187
1.00678319
1.006577912
1.005835364
1.003513444
0.98448136
1.00603327
1.006021488
1.003400912
1.00592724
1.005851854
1.00294869
1.013011768
0.9851678460000001
1.0050045380000001
1.00541625
1.005767058
1.00415865
1.0055151100000002
1.0069035659999999
1.005632826
1.002368196
0.563121526
0.984625804
0.984100142
1.002744974
0.983620092
1.007945652
1.003234504
1.010416496
0.9822568740000001
1.004463946
1.00440757
1.016394316
1.007966942
0.99656994
0.9827873140000001
0.9935866999999999
1.0102239899999998
1.0176924139999999
1.00383477
1.003623658
1.000479232
1.005762346
1.00478588
1.0083219
0.9976926979999999
1.00330481
0.996678632
0.997727462
1.00519506
1.005505694
1.005804742
1.0063868660000002
0.9979291459999999
1.0045837659999999
1.001704262
1.002232532
1.003689328
1.00456262
1.002513258
0.983678664
1.002798822
1.002773068
0.99608458
1.004001378
1.0040483199999999
1.000635402
1.005235056
1.001052872
1.002901852
0.99060756
1.004226738
0.984027992
1.0071845499999998
1.0013842979999998
0.983935566
1.00977747
1.005865988
0.998787794
1.020366454
0.9850526119999999
1.006993274
1.006481202
1.006021488
1.00369871
1.003000218
0.992782864
1.0047647259999999
0.9901348379999999
1.009068126
0.9858801819999999
1.001176548
1.002464118
1.0038089639999999
0.984880942
1.005129192
1.002815212
1.002283988
1.004564968
0.9991246939999999
1.004795284
1.018798046
1.0077895559999999
0.98375527
0.983568284
0.9997107439999999
1.001148544
0.9843211679999999
2.2447955339999996
1.00650243
0.987108266
1.002274632
1.003436076
1.00423613
1.005164478
1.009763226
1.0020548219999998
1.006721834
0.985468484
1.006391584
1.001919244
1.001757998
1.00278009
1.0076287800000001
1.001477698
1.005192708
1.003051752
1.018242516
0.9848764240000001
0.9996665339999999
0.56343253
1.006398658
0.9834489200000001
1.00157345
1.004752972
0.9936740519999999
0.983728232
0.99955021
1.009442838
1.00345952
1.004499184
1.00614168
1.0043183199999999
1.004931642
0.9910121319999999
1.0066274560000001
0.98217601
1.016480912
1.0048822659999999
1.005519818
1.0197511019999999
1.009364552
1.0073759
1.004470994
0.991870364
0.984210642
0.983928802
0.9990154680000001
1.000910566
1.001881848
1.00499278
1.002670064
1.004057708
1.003016614
1.001725288
0.9971784619999999
0.99922697
1.004774128
0.999976088
1.005868342
1.003004904
1.004586116
1.004057708
1.005468032
1.00220213
1.000048268
1.0052727
0.985145248
1.001802394
1.017615254
1.0042924880000001
1.00519506
0.985271806
1.00179071
0.98365163
0.986908666
1.007361724
2.2426271019999997
1.006573194
1.002529638
1.001522068
1.00750587
1.004546172
1.004445152
0.986706878
0.982117616
1.008123092
0.992152188
1.002351822
1.018114588
1.0047341699999999
0.999629308
1.001902882
0.98188411
1.006162894
1.002836284
0.99486403
1.003257938
0.994870942
1.002754338
0.983221534
1.005489216
1.006960222
1.008885612
1.006865798
1.0086605260000001
1.005621054
1.003715128
1.00350641
1.00337747
0.98656862
1.002351822
1.0032181
1.006389226
1.006259544
1.002808186
1.00316655
1.003949748
1.009200904
0.9982608279999999
0.995996804
0.987067432
1.005948444
1.003762044
1.004795284
1.00858473
1.00491048
1.00578119
1.004701264
0.989199858
1.003016614
1.001765008
0.983514228
1.003281374
1.006096898
1.003626002
1.004705966
1.003797232
1.00296977
1.003726858
1.00512684
0.9839152779999999
1.0042924880000001
1.0038371160000001
1.003089234
0.984309888
1.0052068219999999
0.9968058559999999
1.005609282
1.007307384
1.00083593
1.001199886
1.006530734
1.00440522
1.006511864
1.000616752
0.99448394
0.986781688
1.0022910040000002
0.98492837
1.004644862
1.004694214
1.002494538
1.002075864
1.006667564
1.005192708
1.0064741259999999
1.008456848
1.00339388
0.9961977879999999
1.006438748
1.00664161
1.000826602
0.986718212
1.004851704
1.000775298
0.982315284
0.998439516
1.0012535679999999
1.003818348
0.9879802019999999
1.004628412
1.005044518
1.005366826
1.003122032
1.001809404
0.9954566260000001
1.019201788
1.003743278
1.005642246
1.006193536
1.006943696
1.004123436
1.002513258
1.000022654
1.002826918
1.0042455240000001
1.003140776
1.0033704380000001
1.004715366
0.982827796
1.005098614
1.016353428
0.984650634
1.020938866
1.001041206
1.004675412
1.005602218
1.004891672
1.004903426
1.005972004
1.017058606
1.008933012
1.002019754
1.0023471419999999
1.004205606
1.013262706
1.010174094
1.0064741259999999
1.004254916
1.008733964
1.003382158
0.9997642680000001
0.982807554
1.0133296440000001
1.005884834
1.0029650860000001
1.001650532
1.004642512
1.001309592
1.002517938
1.005317408
0.98378231
1.00063307
1.003801924
1.004078834
1.000458256
1.0018491299999999
1.009075238
1.00212964
0.982857034
1.003227472
1.014818902
1.0054256639999999
1.0064529
1.00445455
0.9854752680000001
0.691929782
1.002641974
1.000206632
1.001821088
1.0039192399999999
1.00473887
1.003461864
1.004654262
1.001150876
1.0027192219999999
1.0057859
1.0020548219999998
1.004748272
1.00403189
0.9950161460000001
0.983219282
1.003973216
1.0015524279999999
1.00269113
1.000838262
1.002803504
0.5599908339999999
1.005232702
1.00569876
1.00596258
0.98569465
1.012689316
1.018322184
0.9862741039999999
1.0042455240000001
1.006908286
1.005380946
1.00658263
0.9894368560000001
1.0019145680000001
1.0037080919999999
1.006865798
1.005960224
0.997509644
0.983084252
1.001867826
1.00323216
0.981323254
1.002876092
0.994951606
1.00451328
1.001342274
1.004720068
0.980769756
0.995518924
1.005972004
0.998223706
1.00631377
0.9839693780000001
1.000090182
0.994594482
1.0031571780000001
1.018827046
1.007151486
0.999820124
1.003635384
1.005880122
1.005738796
1.000971216
1.007269586
0.980937756
1.00310329
1.004919886
1.008762394
0.9874872779999999
1.000453596
1.001328268
0.993444212
1.00706411
1.001503384
1.00557632
1.004034238
1.002153022
1.00378081
1.0033751260000001
1.0034853080000001
0.9849057840000001
1.003175922
0.9861133280000001
0.9972409760000001
0.9869018620000001
1.003091576
1.007664242
1.002592824
1.007302658
1.00364242
1.007104254
1.003372782
1.0038113100000001
0.993182322
1.007118422
1.004647212
0.9831382599999999
0.984032502
1.003675254
1.00112754
1.00375266
1.001409982
1.003126718
1.001199886
1.014991574
0.991254574
1.017217586
1.004590816
0.9994920580000001
1.003726858
1.005152716
1.005013946
1.0056799220000001
0.9812335759999999
1.020684112
1.003830078
1.0033587179999999
1.004153954
0.99498157
1.008421332
0.9869313439999999
1.003557996
0.995352814
1.00585892
1.005788256
1.00747751
1.0027028340000002
1.00415865
0.980460784
1.003297778
1.003271998
0.983608828
1.0039192399999999
0.9836268499999999
1.000756642
0.985724058
1.0054727380000001
1.004941048
1.00179071
0.982151304
1.018616828
1.006431674
1.00574115
1.00197534
1.0060262
1.006412808
1.004076488
1.002550698
1.004247872
1.0051621259999999
0.987450954
1.00359317
1.00523035
0.986591284
1.001316594
0.98407534
0.9963826739999999
1.004760024
1.005051574
1.006264258
1.005955512
0.986061258
0.998646132
1.001073872
0.9850910199999999
1.002665382
0.984440744
1.00717038
1.0160528819999999
1.005275054
0.9972595
1.016543464
1.004821142
1.000647058
1.003487654
1.003473586
1.00348062
1.007000358
0.9840866140000001
1.006608582
1.001568778
1.013128858
0.9965329420000001
1.0051433060000001
1.006606222
1.0023564999999999
0.98016543
1.001603814
1.003705746
1.005246818
1.004621362
1.003935668
0.9918634919999999
0.998355966
1.004762376
1.003715128
1.005778834
1.002227856
1.002433702
1.001690244
1.00535506
1.0060874720000001
1.007851042
1.00160615
1.0042126500000002
1.007773004
1.00235884
1.003117348
1.008144388
1.013812814
1.005635182
1.006554322
1.00358848
1.004760024
1.0067761100000001
0.9974864760000001
1.00520447
1.0056799220000001
1.004619012
0.9950876120000001
1.002433702
0.987746172
1.004717716
1.008724488
1.003773774
1.005811808
1.004727118
1.000588778
0.984571632
1.0166854379999999
0.985604172
1.00769734
0.9854820519999999
1.005133898
0.9867476820000001
0.9985068300000001
1.004189172
1.003771428
1.004837598
0.9914399180000001
1.005275054
1.005352706
1.003269656
1.00678319
1.005307996
1.004412268
1.000749646
1.004017808
1.00761696
1.0060167740000001
1.004017808
1.004280746
1.008115994
1.00692245
1.005835364
1.006393942
1.004144564
1.008205918
0.9951106660000001
1.00360724
1.006712396
1.000980548
1.0054021279999998
1.006957862
1.005458616
1.003630692
1.011475398
1.004231434
1.007380626
1.006375076
1.005025704
1.004579066
1.0183246000000001
1.000901236
0.985518232
1.000460588
1.006250114
0.99054816
1.0045109300000001
1.005873054
1.00209223
1.007595686
1.01368839
1.0046613119999999
1.0039028140000001
1.01948726
0.981987378
0.9987065079999999
1.001330602
1.000504868
1.001858478
1.0049692639999999
1.0008919059999999
1.00765242
0.563091994
1.0043206679999999
0.99673183
1.002232532
1.004701264
1.00970388
1.006186464
1.00401546
1.002503898
1.00358379
1.011315826
1.000150734
1.005522172
1.0056469540000001
1.003070492
0.985782882
1.004433408
0.9867295460000001
0.999092156
1.003614276
1.0055151100000002
0.981731494
0.984461052
1.002810528
1.0044475019999999
0.993072096
1.000700682
1.008480528
1.003206384
0.994898598
1.00574586
1.003234504
1.000560806
0.9975397619999999
1.00164586
1.014102458
1.0063609279999999
1.0061016120000001
1.006846914
1.003497032
1.007019246
1.003787848
1.021613972
1.004379384
1.002538998
1.00677847
0.996468206
1.002894826
1.004001378
1.012333664
1.0141838760000002
1.009786966
1.00079162
1.02005384
1.004045972
1.01086834
1.001346944
1.00342201
0.98419711
1.0040506679999999
1.005140954
0.999464148
1.015154708
0.9815250879999999
1.003192324
0.982695122
0.989808534
1.003346998
1.006273688
1.00497867
0.997354446
1.002634954
1.00088491
0.9866388779999999
1.0050045380000001
1.0053927139999999
0.99794074
1.007382988
1.004067098
1.003539236
0.982027794
0.992241582
0.988908324
1.005117432
1.0040483199999999
1.002017418
1.005512756
0.98696763
1.00350641
1.005743506
1.004024848
1.00399199
1.006441108
1.010202606
1.006658126
1.005830652
1.0163871
1.003302466
0.983989666
1.005246818
1.000239244
0.9830662499999999
1.00440522
1.00747042
0.984312144
1.002908878
0.9847567420000001
1.0072743100000001
1.005068038
1.005430372
1.006125182
1.00339388
0.98832577
0.999578126
0.998439516
1.004266656
1.0056139899999998
1.001867826
1.0021834219999999
0.9983165159999999
0.993267306
1.003199354
1.000206632
1.008250888
1.005251524
0.984355006
1.005357412
0.988466794
1.004527376
1.007489326
1.00275902
0.982740092
1.00298148
0.985314752
1.00630198
0.986072576
1.004055362
0.9990689159999999
0.9841677919999999
1.00488932
1.003288404
1.005533942
1.004137522
1.009767974
1.01851779
1.009566224
1.00092223
1.00771389
0.9821805020000001
1.005604572
1.00635857
1.002531978
1.002803504
1.016194718
1.0029112199999999
1.006226538
1.000288164
1.006049766
1.006379792
1.001400642
1.005906036
0.9813837959999999
1.001209222
1.0006400640000002
1.0119591860000001
1.007255412
1.004456898
1.004952804
1.014095276
1.00455322
1.0050045380000001
1.003414976
1.007874694
1.001942616
0.982737842
1.001071538
1.018295628
1.002075864
1.00343842
1.0001530619999999
1.0013702899999999
1.006332632
1.002113272
1.009336088
0.9833228319999999
1.00426196
0.98464612
1.006820952
0.9945184819999999
1.0054703839999999
1.012579492
1.005145658
1.002913562
1.00546097
0.692107066
1.001987028
1.0038981219999998
1.005065686
0.9847161019999999
0.981915538
0.985963922
1.0020548219999998
1.002890142
1.003999032
0.9846212900000001
1.007725712
1.00335403
1.005545714
1.00911317
1.001309592
1.0043676400000001
1.003009588
1.00151039
1.00455322
1.003339966
1.005199766
1.002531978
1.004586116
1.0050045380000001
1.003987296
1.002382232
1.011092034
1.01681782
1.0090776080000001
1.004130478
1.002443062
0.981352402
1.0057340860000001
1.00573644
1.005946088
1.00397791
0.997030312
0.98403701
1.001115872
1.007033414
0.99964792
0.982605192
1.003562686
1.007427884
1.0084189639999999
0.985185924
1.005411542
0.983750764
1.006818592
1.005150364
1.0046072639999999
1.00376439
1.000332428
1.004668362
0.983462432
1.018271484
1.007846312
1.005124488
1.007189274
1.001765008
1.00603327
2.242791054
0.984404642
1.00269113
1.005920172
1.007555504
0.989767476
0.985660718
1.000376698
1.00614875
1.014090486
1.004107004
1.005774124
1.004034238
1.002641974
0.9846709520000001
1.002466458
2.242556846
1.003675254
1.012076032
0.9824815680000001
1.022063726
1.007588594
1.0048611079999998
1.0047083159999999
0.9838206199999999
1.00776118
1.00869132
1.004767076
1.012472076
0.999233944
0.984822226
1.003640074
0.9845896900000001
1.014603144
1.00131893
1.005122136
0.999050324
1.002503898
1.00364242
1.002106258
0.989079124
1.001330602
1.018015648
0.9850277620000001
1.004626062
1.003661182
1.008430804
0.9997642680000001
1.0048611079999998
1.00287375
1.00057013
1.017150134
1.004456898
1.006542528
0.989598718
1.004957508
1.0086107819999999
1.006115754
1.004879916
1.0010342060000001
0.9844114100000001
0.996900716
1.005767058
1.003344654
1.007416068
1.002754338
0.997442462
0.982859284
1.005357412
1.001951966
1.00557161
1.003124376
1.00356972
1.011956802
0.999385076
1.00481409
1.004856406
1.007142038
1.00303067
1.002524958
0.983358854
1.00335403
1.004010766
1.0057175999999999
1.0019145680000001
0.987612166
1.005324468
1.002730926
0.99774137
1.010923064
1.00616525
1.013322472
1.007269586
1.00679027
1.004682464
1.003461864
1.004269004
1.003262624
0.998070606
1.019615534
1.00513625
1.0037034
1.002527298
1.0051433060000001
1.005997924
0.999036382
1.0035181340000001
1.002536658
0.9834511720000001
1.009689638
1.001958978
1.004362942
0.987893848
1.002616228
1.002602186
1.001760336
1.004022502
1.003724512
1.006773752
1.00409996
1.010048186
1.005873054
0.9997805580000001
1.003618966
0.9998992640000001
1.005171534
0.983568284
1.003311842
1.005880122
0.9999854
1.004487438
1.00376439
1.00499278
1.006476484
0.995057642
1.014478524
1.008456848
1.00445455
0.9927415580000001
1.003738586
1.005778834
1.002349482
1.004182128
0.986471184
1.0021577
0.9874645759999999
1.004550872
1.00040466
1.003999032
1.004574368
1.004369988
1.007728076
1.008125458
0.9980497319999999
1.001767344
0.981446586
1.005807098
0.9834264020000001
1.005654018
1.004847002
1.00771389
1.0041633460000001
0.995452012
1.004981022
1.004496834
0.999247894
1.00515742
1.005757636
1.005079798
0.983653884
1.004597864
1.002857358
1.000586448
1.002344804
1.008196452
1.006391584
1.003980256
1.002515598
1.00574115
1.006002636
1.005795322
1.005428018
1.004743572
1.005505694
0.9880688440000001
1.004550872
1.00442871
1.003339966
0.995449704
1.00517624
1.0039966839999999
1.0033704380000001
1.006809152
1.001828098
1.008570518
1.001083204
1.004917534
1.006337348
0.9842963539999999
0.980561514
1.006856356
0.997970884
1.000066896
1.0010062100000001
0.982333258
0.985219822
1.00478588
1.0029369799999999
1.001942616
0.9976880619999999
1.002630272
0.986407748
0.985769306
1.0038066159999999
1.00497632
1.002363518
0.996826678
1.002485178
1.0047083159999999
1.00204547
0.999178154
1.00032544
0.98484255
0.99893182
1.003661182
1.0048822659999999
0.982958256
1.006846914
1.007255412
0.9840550480000001
1.0054727380000001
1.00455557
1.007215256
1.002630272
0.9964081
0.984479104
1.00194729
1.0064859179999999
0.982857034
1.0003068
0.984149752
0.987519066
1.003745622
0.9876348779999999
2.2447134099999997
1.007092446
0.9838995
1.003122032
1.01857576
1.001912232
1.0008919059999999
1.004010766
1.002826918
1.006080402
1.003489998
1.004271354
1.00423613
1.009390646
1.00422439
1.001821088
1.006910648
1.000656384
1.005604572
1.00478353
1.006235968
1.009635046
1.00430423
1.0019145680000001
1.0043817320000001
1.007612234
1.00478588
1.00499278
1.004600214
0.987174062
1.004748272
1.004306578
0.984300866
0.98845087
1.010426004
1.0061275379999999
1.002148346
1.00417039
1.006766672
1.00090357
1.005068038
0.98407083
1.005265642
1.005451554
0.9836674000000001
1.007974038
0.985742158
1.005293878
1.0066888
1.004440454
0.983264302
1.002838626
1.005665792
1.002274632
1.0038066159999999
0.984025738
0.984384336
1.006066262
1.006099256
1.003557996
0.999526948
0.998966672
1.008400024
1.0029721120000001
1.003525168
1.0097537300000001
1.009364552
0.985764782
1.0029510320000001
1.004327714
1.0030611219999999
0.9856539320000001
0.99749111
0.982827796
1.020664708
0.9978642280000001
1.0008919059999999
0.9984348740000001
0.983532246
1.003297778
0.999173506
1.007888884
1.004959858
1.006677002
0.984339214
1.00165754
0.984682238
0.999768922
1.003429042
1.002508578
1.002583462
1.0032251300000001
0.996357248
1.000689024
1.00324622
1.001708934
0.9962994660000001
1.020320398
1.0062453980000001
1.003874658
1.00232375
0.998943436
1.0036799459999999
1.006186464
1.002174068
1.005628118
0.999652574
1.003712784
1.005364472
1.003858234
1.002052484
1.008023718
0.998957378
1.004207954
1.004207954
1.004461596
1.004776478
1.0053856540000001
0.9847815799999999
0.982893022
1.000465248
1.0062453980000001
0.995749726
0.998362928
1.005990854
1.0052068219999999
1.004576718
1.005049222
1.019661526
1.000535168
0.999834088
1.004713016
1.0040365839999998
1.007193998
1.00541625
1.00143333
0.38917543
1.017993932
1.00765715
1.003626002
1.00040932
0.986722746
1.00715857
1.005016298
1.002211484
1.0064953540000001
1.008362144
0.983491708
1.005049222
0.9994199579999999
1.002644316
1.005917816
1.003271998
0.984682238
1.004903426
1.00348062
1.003185294
1.004995132
1.000761306
1.00065172
1.001001544
0.9968197360000001
1.00047457
0.9848786820000001
0.9835390039999999
0.983174268
1.007768274
1.002698154
1.003075178
0.9840122099999999
0.985850764
1.00071467
0.984923854
1.002641974
0.987330646
1.002531978
1.006674642
1.001781364
1.005976718
1.00619825
1.0059578679999999
1.007227066
1.005430372
0.988139316
1.005851854
1.007420794
1.0069271720000001
0.998771536
1.002232532
0.992126978
1.003107976
1.00430423
1.0071373160000001
1.005931952
1.006264258
1.0055574840000001
1.0036048960000001
1.002246566
1.005931952
1.00478118
1.006908286
1.003959134
1.00090357
1.006174678
1.005823586
1.004527376
1.00399199
1.007966942
0.983453424
1.002082878
0.982749086
1.006740712
1.0050962620000001
0.989573638
0.98349396
1.0042971840000001
1.223529346
1.007666606
1.007052302
1.00654017
0.99969911
1.005444494
1.00255304
0.995338974
0.985366744
1.011689828
0.99328109
1.001360952
1.005988498
1.005637536
1.004745922
1.006462334
0.999345544
0.996863696
0.9884349459999999
0.98284129
1.0005584760000001
1.007550776
1.0010342060000001
1.00546097
1.003351686
1.00345952
1.0049363439999999
1.003243876
1.002794138
1.002939322
1.00188886
1.014922018
0.998615946
1.007071194
1.005767058
1.002019754
1.001982352
1.004287792
1.000031968
0.9859254439999999
1.018102522
1.007364086
1.002520278
1.006019132
1.003206384
0.99558123
1.000896572
1.0086036779999998
1.00481409
1.005039814
0.996130784
2.241562006
1.004229086
1.001769682
0.9840933780000001
0.984476848
1.004748272
1.004196216
0.98337011
1.002632612
1.00210392
1.003975562
0.999280442
0.983644872
1.01304283
1.003229816
0.99964792
1.00351579
1.01168268
0.98594355
1.003832424
1.006488278
1.004938696
0.991542916
0.984630318
1.005338586
1.000574792
1.009521136
1.006042696
1.00455557
1.00568934
1.006134608
1.003553306
0.993106538
1.005011594
0.99713679
1.0191389100000001
1.004231434
1.001954304
1.0013819640000001
1.001230228
0.984199366
1.001860816
1.00504687
1.0033188720000001
1.0032251300000001
1.004137522
1.00342201
1.0063868660000002
0.9994385640000001
1.001874838
1.005519818
1.002503898
1.0064505400000001
0.9845174680000001
1.000236914
1.01160881
1.00360724
1.00629255
1.008975676
1.008310064
1.003649456
1.0164159640000001
1.004419314
1.006677002
1.008842956
1.004062404
1.008795566
0.999371124
1.00843317
1.0061699640000001
0.984813192
1.004344154
1.0006913560000001
0.9833746139999999
1.004750622
1.004499184
1.006530734
1.011053952
1.0059743620000001
0.983532246
1.003007246
1.01155163
1.003900468
1.0066274560000001
1.0035791
1.01292815
0.984210642
0.983390374
1.005844786
1.0052585840000001
1.004416966
1.001185884
1.000334758
1.0044475019999999
1.007633508
1.005658728
1.003797232
0.9997107439999999
1.001512726
1.004569668
1.00265836
1.00142866
1.00473652
1.0036048960000001
1.0049363439999999
1.006478842
0.9999854
1.0071137
1.003307154
1.004597864
1.007104254
1.00865105
1.005418602
1.00255304
0.996579188
1.015430716
1.001951966
1.004891672
0.999997042
1.005432724
1.008802674
1.006943696
1.002047808
1.004701264
0.986376032
1.0103142920000001
1.005658728
0.988541872
0.988214344
1.001704262
0.9846190319999999
1.00882637
1.006818592
1.006818592
1.001078538
1.00839292
1.003694018
0.56311562
1.00087558
1.008703166
1.005840076
0.99864381
1.004344154
1.00400842
0.9994199579999999
0.982551244
1.00426196
1.0077990140000002
0.9856222659999999
1.004680114
1.0063232020000001
1.001192884
1.008814522
1.0005328359999999
0.9973266559999999
1.0054798
1.000243902
1.00378081
1.005065686
0.9863805640000001
1.013334426
1.0032157560000001
0.999396704
1.002693472
1.003733894
1.0045085820000001
0.988555524
1.002723904
1.002443062
1.006342064
1.007723348
1.007858138
1.008636838
1.00419152
1.0078344879999999
0.99769965
0.995615848
0.999694456
0.99981314
1.00194729
1.003436076
0.984120436
1.00508215
1.015291492
1.006960222
1.0054986320000001
1.005169182
1.005164478
1.005060982
0.983028
1.015502742
1.005364472
1.002700494
1.01990366
1.0171983119999999
1.000896572
1.00408353
1.004142216
1.003180608
1.003956788
1.0098154560000001
0.982695122
1.005637536
1.003466552
1.00296977
1.004959858
1.001487038
1.00385354
1.009732366
1.005797676
0.999371124
0.999494384
1.005762346
0.987630336
0.9848719079999999
0.98845997
1.006021488
1.00527976
1.002169392
1.000961886
1.003961482
1.006233612
0.999034058
1.015966358
1.007229428
1.005350352
1.005188002
1.0094974079999999
0.9875712919999999
1.002340126
0.9849916160000001
1.007827392
1.0095068999999999
1.004811738
1.007134954
0.691669036
1.001800058
1.003140776
1.005129192
0.99912237
1.001204554
0.9859163919999999
1.0038230399999999
0.993223664
1.000551484
0.984039264
0.691490862
1.005065686
1.001508056
1.006577912
1.001008544
0.993745326
1.0060450520000002
0.9849035260000001
1.001311926
1.005086854
0.9941823799999999
1.006297266
1.0052138800000001
1.008189352
1.00749878
1.009255448
1.004252568
0.99759537
1.002815212
1.005696406
1.002773068
1.005861276
1.0085089440000001
0.9952213480000001
1.006884682
0.9968313040000001
1.008002426
1.015202698
1.005800032
1.004757674
0.9988992940000001
1.020065954
1.002485178
1.00957097
1.004062404
1.002918244
1.00678555
1.006250114
0.987319298
1.0056728560000001
1.018698972
0.996491326
0.984032502
0.560446076
1.011296776
0.98281655
1.00364242
1.00163418
0.9844114100000001
1.002995534
1.003295436
0.987798422
1.006299624
1.00603327
1.006415166
1.003300122
1.007118422
1.0043371079999999
1.008350306
1.006948418
0.996870638
1.007411342
1.0050727419999999
1.002094568
1.004576718
1.000605096
1.007437336
1.0035462720000001
1.00393332
1.002543678
1.003851194
1.0122191440000001
0.987008456
1.0048705119999999
1.003206384
1.006865798
1.0094713100000001
1.006478842
1.0014963780000001
1.005060982
1.004022502
0.9846664359999999
1.005246818
1.003431386
1.00269113
1.00379254
1.001753326
0.9846009739999999
1.003082206
1.005317408
1.0044921359999999
1.0076406
1.01852262
1.0034853080000001
1.002379894
1.00486816
1.0063467799999999
1.00616525
1.004788232
0.9838634399999999
0.9853961339999999
1.004384082
1.0044686440000001
1.00345483
0.985158806
0.984937406
1.004445152
1.002473478
1.004062404
1.009129768
1.0040483199999999
1.002417326
1.004104656
1.005946088
1.002693472
1.001449676
0.984014466
1.001017876
1.006443466
1.003250908
1.007912536
0.990367718
1.010599564
1.003257938
1.004144564
1.005002186
1.001094872
1.004445152
1.005324468
0.998249226
1.014699024
1.004348852
0.984373056
1.019840694
1.002019754
1.004680114
0.984458794
0.6917492439999999
1.008127824
1.003018958
1.005887188
1.004034238
0.9859842919999999
1.005129192
1.00638215
0.9850255019999999
1.00578119
1.0046378120000001
1.004416966
1.0059578679999999
0.9819716620000001
1.006993274
1.00388639
1.004330062
1.0045109300000001
1.01075891
1.005635182
1.006415166
1.0013842979999998
1.003051752
1.003956788
1.004520328
1.001821088
1.005809454
0.994875552
0.9840122099999999
0.994009812
1.006757232
1.017887776
1.003684636
1.004642512
0.9951544760000001
1.0066133
1.004017808
1.000863918
1.00102954
1.002520278
1.00301193
1.00041165
1.00573644
1.006306696
1.004355896
1.005053926
1.004010766
1.004402872
0.984113672
1.006724194
1.00539742
1.004964562
0.984950958
0.9833048219999999
1.007593322
1.00456027
1.003072836
0.9924525200000001
0.983529994
1.006445824
1.0006004339999999
1.005013946
0.995772812
0.999966776
1.00619825
0.98163501
1.005023352
1.003938014
0.9861767260000001
1.004038932
1.004933994
1.016723946
1.005039814
1.005409188
1.00303067
1.003618966
1.00278009
0.9976162239999999
0.999517644
1.0056728560000001
1.008357408
1.007356998
1.003236846
1.0068634379999999
1.016943014
1.006721834
1.003016614
1.003473586
1.007342822
1.01086834
0.9973660280000001
0.9899317280000001
1.002773068
0.9828345420000001
1.0036025499999999
1.006769032
1.0054468460000001
1.030410486
0.878997688
1.003710438
1.004546172
1.00585892
0.9845264939999999
0.9997456499999999
1.003473586
0.461063932
0.981576682
1.000346408
1.0030213
1.002153022
1.011118218
1.0005002060000001
0.985359962
0.998657742
1.002663042
1.004588466
1.005324468
1.00146135
1.006424598
0.998592728
1.005089206
1.0059531560000001
1.006078046
0.994157066
0.981493686
0.9818571739999999
1.001851468
0.980758558
1.0044803900000001
0.9883530620000001
1.003797232
1.00600028
1.006995636
1.003086892
1.007049942
0.9853531799999999
1.002894826
1.0042149980000001
0.978662332
0.560277192
0.994589876
1.003065808
0.9867590159999999
1.001982352
1.006035626
1.003466552
1.007139678
1.002499218
1.005437432
1.004306578
1.004325366
1.005011594
1.001435666
1.006993274
1.0020805400000001
1.006606222
1.003722166
1.002707516
0.998214426
1.004588466
1.004111698
1.005833008
1.001071538
1.001715944
1.008276924
0.999429262
1.010773182
0.983847664
0.9969030299999999
0.9817000779999999
1.002342464
1.002634954
1.00334231
0.98503228
1.007501142
1.004264308
0.989177076
0.9988528320000001
1.010081442
1.00429014
1.006094542
0.982110878
1.004198564
1.005197412
1.005155068
1.003543926
1.0033188720000001
1.003689328
1.005936664
0.994221502
1.016899674
0.985208524
0.99833276
0.98399643
1.000348738
1.004825844
1.019847958
1.004285442
1.00199404
0.985660718
1.006946058
1.007153848
0.987167256
0.563145892
0.994384934
0.987382852
1.006738352
1.0053832999999999
1.005152716
1.002857358
1.00356034
1.005451554
0.995807444
1.011696978
1.002571762
1.0028409679999999
1.004663662
1.006868158
1.004013114
1.003818348
1.001386632
1.003938014
1.003895776
1.00481644
1.004414616
1.003844156
0.98397614
1.007404254
1.001454346
1.005964936
1.00129325
1.00292527
0.983951344
0.9999947140000001
1.000847592
1.005023352
1.003689328
1.005345646
1.00563989
0.9947396039999999
1.0009129
1.006738352
0.985773832
1.006634532
1.0114277600000001
0.9838904860000001
1.005510402
1.005943732
1.003417322
1.004104656
1.007215256
1.007877058
1.008014254
0.9864983740000001
1.003722166
1.002211484
0.993536136
0.99711364
1.00279648
0.991295756
1.008492368
0.988560074
1.0065236579999999
1.00802845
1.005583382
0.996778096
1.003400912
1.002405628
0.9832530460000001
1.002581122
0.981356886
0.9835457599999999
0.98480416
0.99958743
1.00385354
1.00315952
1.007642964
1.0047083159999999
1.004416966
1.000341748
1.00697911
0.997379924
1.0074137060000001
1.0006004339999999
1.004369988
1.007775368
1.000360388
1.00383477
0.981419676
1.005225644
1.003942708
1.004266656
1.004774128
1.011327732
0.9976301280000001
1.004788232
1.004222042
1.004769426
0.984996134
1.00620768
1.0056728560000001
1.005651664
0.983671906
0.9825175279999999
1.002274632
1.00398495
1.00235884
0.984357262
1.003562686
1.00488932
0.991481114
1.006028556
1.002819894
1.007012164
1.006556682
0.995689708
1.004116394
1.003935668
0.9892932759999999
1.00614168
0.9849735460000001
1.005267994
0.98168886
1.011275346
1.002775408
1.003461864
1.001587464
1.002510918
1.003848848
1.00304004
1.007052302
0.9944424940000001
1.004691864
1.003553306
0.985506926
1.003799578
1.004971616
1.005430372
1.003715128
1.00411874
1.00183511
1.00610397
1.002040794
0.986034092
1.0143611240000001
0.983791324
1.007229428
0.985409698
1.0051127279999998
0.982490558
1.005155068
0.990116578
1.002747314
1.0048705119999999
1.001629508
1.0053291739999999
0.998636844
0.985620004
1.006481202
1.002167054
1.006757232
1.005581028
1.000847592
1.007345184
1.000164708
1.004053014
1.0052209380000001
1.004915184
1.000369708
0.98406632
0.9536551799999999
1.005110374
1.0139492380000001
0.983719218
0.998388456
0.99409954
1.003872312
1.004950454
1.007068832
0.9968197360000001
1.002646656
1.005025704
1.00801662
1.00380427
0.996019902
0.995800518
1.013834352
1.004393476
1.000218278
1.007460966
1.001767344
1.0136668580000001
0.997261816
0.988009748
1.004146912
1.003848848
0.999364148
0.937485358
1.00292527
1.006901204
1.004299532
1.004995132
0.9993083420000001
0.9998736579999999
0.9838611859999999
1.008357408
0.9822883259999999
1.005307996
1.002644316
1.003912202
1.0031571780000001
0.994058124
1.00490813
1.00104354
1.00320404
1.003466552
1.005868342
1.0060167740000001
1.003332936
0.9984975460000001
0.999976088
0.996773468
1.003115004
1.002775408
1.014754164
1.00572231
1.01428926
1.007614598
0.998258506
1.006306696
0.9838251259999999
1.004034238
1.004633112
1.002574102
1.005847142
1.0062949079999999
0.994983876
1.01459116
1.00571289
1.009234104
1.003628348
1.005757636
1.0050633340000001
1.003773774
1.005317408
0.98472965
1.003328248
1.004057708
1.005500986
1.003952094
1.0042971840000001
0.985127172
1.016887636
1.0028316019999999
0.9952167359999999
0.982578218
1.002630272
1.003330592
1.005227996
1.007997694
0.9988644480000001
1.015094726
0.99977823
1.006068618
1.004287792
0.988655648
1.002075864
0.999506014
1.004529726
1.004623712
0.9944655179999999
0.691704682
0.999168856
1.001540752
1.013391808
0.99202615
0.9986345219999999
1.002267614
1.012567556
1.000959552
1.007328646
1.005086854
1.00500689
1.008239054
1.002113272
1.00232609
1.004501534
1.0054703839999999
1.006047408
1.00590368
1.0026747440000001
0.69132947
1.00387935
1.0057175999999999
0.983847664
1.0009758819999999
1.000299812
0.983419646
0.982036774
0.691839502
1.006224182
0.9967873479999999
0.98167764
0.9854956180000001
1.0136859980000001
1.004062404
1.00440757
1.006818592
0.985366744
1.004259612
1.0075176860000001
1.00373624
1.005465678
1.0067100359999999
1.007016886
0.992108644
1.00523035
1.004379384
1.00085692
1.005941376
1.000097168
1.00311969
1.004247872
1.005941376
1.0032649679999999
1.002787114
1.005512756
1.005880122
1.0053221140000002
1.004456898
0.999836416
1.0053032899999998
1.001083204
1.0039474
1.005606926
0.9852853659999999
1.007125508
1.003912202
0.984996134
1.003557996
0.9986647080000001
1.00368229
1.002590484
1.007267224
2.2457462759999998
1.002464118
1.005037464
1.0017860379999999
1.004137522
1.005018648
0.992502974
1.011077752
0.98663661
1.0054256639999999
1.004943398
0.9874872779999999
1.001951966
1.000758974
0.989548558
1.00377612
1.00360724
1.0075153239999999
1.006735994
1.010300034
1.005661082
1.008047376
1.00822722
1.006771392
1.002073526
0.98263217
1.00511508
1.00211561
1.01698395
1.002609208
1.01181138
1.004915184
1.007260136
1.004832896
1.006297266
1.01485487
1.002541338
1.003762044
1.002712198
1.005065686
1.002517938
0.984052792
0.997759912
0.999624654
1.009597074
0.9833070719999999
1.00201508
0.996486702
1.015685254
0.982906518
0.999613022
0.995267472
1.005129192
1.002656018
1.002372876
1.002075864
0.999834088
1.004247872
0.98660488
1.017342878
1.008291126
1.00518565
1.0029721120000001
1.0046613119999999
1.0030611219999999
1.002160038
0.998671674
1.003018958
1.010711338
1.003783156
1.001856142
1.005529234
1.002234872
0.991721498
1.0154547219999999
1.006342064
0.984542292
1.002941664
0.9973706600000001
1.002892484
1.003733894
1.002522618
1.00407414
1.009509272
1.0068374740000001
1.0167720839999999
1.004506232
1.005188002
1.005399774
1.00359786
1.00536212
1.005178592
1.004153954
1.00473887
0.997058086
0.999792194
1.005357412
1.003337622
1.003051752
1.0019145680000001
1.00181174
0.986425872
0.9847070720000001
1.005084502
1.003033012
1.002026768
1.007820298
1.007661878
0.993237446
0.992564904
1.005042166
0.9979013240000001
1.004360594
1.006698238
1.004071792
1.005021
1.0013842979999998
0.999659554
1.007118422
1.011623108
1.003891082
1.005145658
1.001498714
1.002466458
1.0036799459999999
1.007690248
1.0081869860000001
1.006134608
1.004971616
0.9993036919999999
0.995899806
1.009701506
1.0002625379999999
0.986720478
1.00278009
1.003916894
1.006622736
0.9918795260000001
0.983962616
1.007964576
1.004623712
0.9851316920000001
0.999164208
1.003989644
1.003675254
1.001970666
0.983602072
1.003457174
1.008947232
1.0016832359999999
1.008132558
1.009219874
1.004088224
1.0027028340000002
1.00161082
1.003525168
1.003051752
1.009810708
1.00334231
1.005249172
1.005623408
1.0011392080000001
1.00063307
1.0054798
1.003621312
1.0045085820000001
1.005755282
1.002838626
1.003626002
1.0080000599999999
1.008066304
1.008257988
0.981780864
1.005967292
0.984420436
1.001286248
1.000285834
1.006905926
0.98284129
1.006577912
1.002288666
1.0012535679999999
1.005964936
0.998518438
0.997372976
1.004854054
1.005359766
1.00397791
0.9980636479999999
1.009879566
1.005138602
0.987516796
1.019811636
1.00836451
1.00789598
1.0074137060000001
1.013774526
1.003236846
1.006146394
1.013159926
0.984377568
0.984786096
1.001793048
1.007354636
1.006365644
1.005406834
1.002066512
1.006997996
1.004485088
0.56360776
1.007846312
1.0027332679999998
1.004564968
0.99786191
1.0044240119999999
0.986142762
1.013430068
1.002833942
1.004247872
1.00505863
1.002384572
1.005757636
1.010461662
1.015056342
1.003644764
1.0036025499999999
1.002433702
0.983723726
0.999652574
1.003276686
0.9986020160000001
1.00227697
0.999696782
1.00388639
1.006184108
1.000723998
1.004388778
0.9823759479999999
1.00376439
0.982884024
1.006431674
1.004717716
1.00153608
0.9825444999999999
1.005757636
1.00075431
1.007406616
1.004416966
1.0008685819999998
1.005910748
1.010100446
1.002681768
1.00536212
0.9835998180000001
1.00650243
1.0053927139999999
1.005298584
1.005011594
1.005002186
1.008636838
1.005451554
1.006752512
0.983430906
1.006151108
1.004525028
0.987623522
1.002585804
1.006339706
0.998128592
1.0055574840000001
0.9851655859999999
1.0062171100000001
0.9846190319999999
1.001856142
1.005244466
1.005701116
1.005508048
1.006849276
1.004644862
1.00235884
1.0013702899999999
1.00348062
0.993533838
0.998465048
1.000950222
0.9841452420000001
1.00414926
1.00281287
1.005585736
1.0057340860000001
1.005315054
1.005056278
1.009549612
1.006740712
0.983978394
1.010939722
1.004193868
0.999506014
1.006469408
1.006056836
1.007614598
1.002770726
1.001802394
1.004067098
1.002578782
1.004006072
1.006766672
1.006469408
1.005976718
1.0028222359999999
1.007087724
1.000187998
1.003694018
1.013642934
1.002506238
1.005804742
1.006870518
1.004034238
1.006936614
0.98461226
1.001732298
0.9870311380000001
1.003192324
1.003105634
1.00587541
1.001300254
1.007378262
0.985504664
1.003858234
1.007057026
1.002763702
1.00491048
1.004586116
1.009068126
0.983865692
1.004886968
0.984039264
1.004832896
0.98441818
1.008142022
1.003206384
0.9854255239999999
1.004142216
0.985782882
0.9873102199999999
1.003023642
1.005529234
1.0038981219999998
1.0056799220000001
0.984939664
1.00610397
1.001309592
1.01501796
1.001260572
1.0005584760000001
1.007555504
1.004151608
1.00408353
1.007590958
1.00516683
1.004151608
1.0076689699999999
0.9848832
0.5602983880000001
1.00700744
1.0039028140000001
1.006695878
1.005630472
0.994665886
1.006318486
1.00826509
1.0059743620000001
1.004330062
1.006634532
1.002850334
1.008909312
1.00630198
1.007038136
0.998297952
1.007446788
1.001538416
1.004713016
1.008134924
1.00523035
1.002510918
0.986009192
1.004727118
0.999773576
1.00368229
1.005270348
1.0049363439999999
0.9825849600000001
1.004856406
0.983106754
1.007061748
1.0159831799999999
1.003994338
1.002260598
1.002634954
1.0050045380000001
1.0011952179999999
1.004184476
1.016726352
1.004184476
1.015380302
1.00765715
0.9922347039999999
1.007142038
1.0051433060000001
1.0062288959999999
1.009409626
0.98541422
1.00235884
1.009551984
0.985719534
1.004755324
1.00542331
1.002433702
0.998755278
1.006070976
1.005129192
1.00198469
1.0023564999999999
1.005788256
1.002379894
1.005986142
1.004346502
1.003072836
0.387765766
1.006195894
1.0035111
1.003100948
1.002915902
1.002524958
0.986360176
1.005873054
1.0065071460000001
0.985850764
1.005068038
0.9864032180000001
1.003302466
0.984239962
1.00393332
0.983847664
1.004959858
1.005002186
0.9871513740000001
1.0060591920000002
0.9836583879999999
1.005960224
1.003595516
1.004330062
1.008160954
1.002794138
1.002344804
1.002017418
1.005366826
1.0022582599999998
0.9985811200000001
1.0013889679999999
0.999889952
1.003813656
0.9862514579999999
1.014907628
1.006724194
1.003999032
0.981738226
1.0042149980000001
1.02214886
1.008828738
1.014260516
1.007853408
1.00298148
1.002260598
0.984610004
1.00090357
1.006014418
1.003529858
1.005086854
0.988739858
1.0071444
1.003783156
0.980711528
0.9824388679999999
1.006969666
1.00877898
1.001377294
1.000206632
1.007529504
1.0059790739999999
0.998764568
1.002370536
1.00837398
1.007111338
1.008279292
0.996010662
0.98720129
1.012192904
0.9993083420000001
1.001884186
1.001874838
0.9863896240000001
1.005661082
1.004442804
1.004630762
1.001795384
1.003999032
1.000744984
1.006115754
1.005009242
1.003412632
1.004964562
1.007541322
1.00440757
1.002335446
1.000831266
0.994083434
1.002312056
0.983854424
0.98614729
1.0041633460000001
1.0049363439999999
1.004628412
1.005767058
0.987348804
1.005960224
0.995682784
0.996567626
1.004611964
1.003000218
1.003487654
1.003609586
1.0050633340000001
1.0047083159999999
1.006153464
1.007281398
1.00614875
1.005788256
1.003391536
1.004440454
1.0054986320000001
1.001694918
1.00175099
1.009566224
0.998996878
1.001192884
1.004034238
1.005851854
1.020199218
1.002962744
1.004886968
0.984795128
1.005192708
1.004308926
1.00535506
1.005249172
1.00445455
1.019230812
1.007581504
0.984048284
1.005990854
0.99772051
1.0136668580000001
1.006603862
1.004259612
1.008085232
1.007245964
1.004644862
1.005150364
1.004346502
1.006813872
1.007926728
0.99685444
1.001491708
0.983235038
1.0024875180000001
0.999589756
1.007751722
1.008959084
1.00009484
0.99748416
1.004240826
1.007142038
1.000372038
1.00294869
1.004222042
1.006151108
0.981421918
1.0060167740000001
1.012720358
1.004896374
1.007172742
1.005776478
1.00527976
1.002040794
1.005037464
1.010575784
0.9991595579999999
1.000297482
1.003426698
1.004973968
0.986845172
1.005430372
1.0033235600000001
1.000933892
1.007914902
1.0080923320000001
1.0012535679999999
1.006268974
1.006014418
1.005122136
0.998901618
0.9945253900000001
1.006990914
1.002113272
1.00313609
1.007976404
1.001143876
1.00220213
1.008914052
1.001323598
0.996352624
1.020987404
1.006134608
1.005437432
1.006634532
0.998174986
0.9988598019999999
0.985391612
0.983676412
1.003600206
1.00423613
1.002022092
1.003581446
0.997528178
1.008066304
1.0074137060000001
1.0126869299999999
1.0067265539999999
1.005122136
0.984248986
1.005023352
1.004257264
1.01065188
1.005828298
0.99886677
0.983007752
1.003661182
1.003468898
1.004825844
1.00776118
1.00327903
1.00638215
1.004287792
0.984165538
0.98913607
1.005569256
1.005830652
1.0010202080000001
1.000388348
0.998437194
1.001097206
0.993458
1.00255772
0.985660718
1.005180944
1.005352706
1.005293878
0.998650776
1.006936614
0.997099752
1.005169182
1.018505712
1.007054664
1.0028597
1.005906036
1.015507544
0.995094528
1.004604914
0.989965956
0.9854843120000001
0.985681076
1.00523035
1.005901324
1.005444494
1.0037080919999999
1.006677002
1.003921588
1.003339966
1.005814164
1.006580272
0.999136316
0.999394378
1.007888884
1.0086581559999999
1.00687524
0.9971529960000001
1.005602218
1.004325366
1.006648688
1.00076597
1.0063467799999999
0.9967572760000001
1.00596258
1.001533744
1.003527512
0.999375774
1.002075864
1.011563542
0.557583754
1.006179394
1.00643639
0.992555728
1.006365644
1.00930051
1.006363286
1.003063464
1.003536892
1.004894022
0.997880456
0.9963156440000001
0.987335186
0.983462432
0.999540904
1.003848848
1.008179886
1.002857358
1.015706872
1.004966914
1.00578119
0.985255984
1.019826164
0.984133966
0.691745902
1.00496221
1.008951974
1.004588466
1.006745432
1.003037696
1.007142038
0.9983443620000001
1.002824576
0.997899004
1.00146135
1.006568476
1.004156302
1.007068832
1.006530734
1.004466294
1.0064741259999999
1.006096898
1.000605096
1.0056187
1.006551964
1.005505694
1.003738586
1.0074184320000001
1.00403189
1.003082206
1.005955512
1.00752005
1.017923964
1.0145935560000001
1.008769502
1.005972004
0.990753808
1.005188002
0.985192704
0.984305376
1.006226538
1.005588092
1.0078439479999999
0.999433912
1.005668148
1.003658836
1.008324266
0.981902068
1.004123436
0.987221714
1.003745622
1.0021881
1.002789456
1.0086131520000001
0.99711364
1.00824852
1.0044921359999999
1.006273688
1.003295436
1.001073872
1.0014123160000001
1.003110318
0.99715068
1.006108684
1.011418232
1.00542331
1.004901076
1.00422439
0.9851316920000001
1.003473586
1.000125114
1.008923532
1.004264308
1.00181174
1.003199354
1.01341811
1.004964562
1.005171534
1.002298022
1.007267224
1.002709858
1.007309746
0.983541256
1.0062878339999999
1.006544888
1.00591546
1.00355096
1.005251524
1.0054727380000001
1.005155068
0.983570536
0.98171803
0.984537778
1.000793952
0.983883724
1.006839834
1.006556682
0.998564868
1.001459016
1.00544214
1.004433408
0.982097404
1.00161082
1.004666012
1.014754164
0.984752228
1.004057708
1.001851468
0.998808698
1.006797352
0.99606379
1.004463946
0.9978387259999999
1.003644764
0.9958536219999999
1.0174730220000001
1.007690248
1.008144388
1.002365858
1.0049692639999999
0.985633574
1.005983786
1.005588092
1.006974388
1.001615492
1.009737112
0.982540004
1.005788256
1.004952804
1.002592824
0.983962616
0.9840798479999999
1.0052562299999999
1.006257186
1.005623408
1.005253878
0.998913234
1.004964562
1.006273688
1.00315952
1.00519506
1.01935902
1.00511508
1.003750314
1.012677378
0.9842963539999999
1.00301193
1.00570347
1.005159772
1.006818592
1.008255622
0.998075244
1.002817552
0.98547979
1.006476484
1.003907508
1.004642512
1.004534424
1.004931642
1.0095828340000002
1.00542331
1.005060982
1.005936664
0.9884326720000001
0.98664341
1.002443062
1.0041633460000001
1.005757636
1.00398495
1.00600735
0.99901082
0.985217562
0.98665021
1.0028597
1.003771428
1.00223721
1.008437906
1.004071792
1.003302466
0.997764548
1.008793196
1.0052138800000001
0.9840933780000001
1.0018725
0.98634432
1.003543926
1.007661878
1.00822722
1.00153608
1.003743278
1.004564968
1.006528376
1.00342201
1.0139492380000001
1.000011012
1.004264308
1.004856406
1.009276792
1.011503984
1.002637294
1.00212964
1.005277406
1.002967428
0.9998271059999999
0.9839152779999999
1.000863918
1.003801924
1.008144388
2.244736874
0.996267112
0.9994781020000001
1.015783744
1.00314312
1.00175099
1.006735994
1.0094950360000001
0.9978201800000001
1.004165694
0.985767044
1.003668218
0.993035358
1.005830652
1.002022092
1.006894124
1.008805044
1.0076311439999999
1.005802388
1.004409918
1.00282926
1.008608414
1.004053014
0.9820547380000001
1.007600414
0.999468798
0.9867612840000001
0.5660306900000001
1.005338586
1.0032181
1.004499184
1.00296977
1.0036517999999999
1.006146394
1.000516522
1.006759592
1.002117948
1.005616344
0.981574438
1.002499218
1.007123146
1.00598143
0.986700076
1.005590446
1.005021
1.0019145680000001
1.005413896
1.0044522
1.005486862
1.0062006079999999
1.008516048
1.003236846
1.002527298
1.020153178
1.003450142
1.003054094
1.004971616
1.008007158
0.984449768
1.0053738859999999
1.003009588
1.001220892
0.998725086
1.017121228
1.0019215799999999
1.009364552
1.004391128
1.005056278
1.004948102
1.00422439
1.004952804
1.018095282
1.003168892
1.00827219
1.0036517999999999
0.985755732
1.004400522
1.00430423
0.98626278
1.006002636
1.003140776
0.986974434
0.995825914
1.001757998
1.0057270200000001
0.998256186
0.98656862
1.007858138
0.9996921280000001
1.005246818
1.009139252
1.006004992
1.003297778
0.98464612
0.9831472619999999
1.004271354
1.004104656
1.005406834
1.00307752
1.004647212
0.987040212
1.004776478
1.007125508
1.002153022
1.006037982
1.01238616
0.993609686
1.005237408
0.997509644
0.99713216
1.005108022
1.007168018
1.002791798
1.00817752
0.99743088
0.986559556
1.003536892
1.004348852
1.002478158
1.0038230399999999
1.006941336
1.005990854
1.006188822
1.006325558
1.007092446
1.004165694
1.005880122
1.009568596
1.007971672
1.001550094
1.000227596
1.00164586
1.003346998
1.003361062
1.002008066
1.005039814
1.003316528
1.0099721799999999
0.99562508
1.000863918
1.004536774
1.006667564
1.012646338
1.0057175999999999
1.00865105
1.00494575
1.000623746
0.996456646
0.99970609
1.005630472
1.0031571780000001
0.9957959
0.9958143700000001
1.006747792
0.984003192
1.000344078
1.001620164
1.002120288
1.00032544
1.002763702
0.999350196
1.007172742
1.0072719479999999
1.004948102
0.9957866639999999
1.00719636
0.9980868420000001
1.006172322
1.002124964
1.00535506
1.001395972
1.00423613
1.007678426
1.006478842
1.0061275379999999
1.0027192219999999
1.0062878339999999
1.006655768
1.00265836
1.005529234
1.001599142
1.000945556
1.00692245
1.00392628
1.004677762
0.993483278
1.003107976
1.00677847
1.0036635280000001
1.005223292
1.008115994
1.012877986
1.003150148
1.000905902
1.01133964
1.020827244
1.005275054
1.001227894
1.015313094
1.004130478
1.000432622
0.9949792660000001
1.004299532
1.00702869
1.004020154
1.006401016
1.0016809
1.003206384
1.002522618
0.9846867539999999
1.012801554
1.00874581
1.001891196
1.002071188
0.983703448
1.0004
1.0058565640000001
1.007950382
1.003572066
1.005569256
1.00212964
0.985000652
1.002644316
1.006186464
0.9837372440000001
0.997963928
1.006825672
1.0000738820000001
1.002997876
1.00532682
1.005482154
1.005931952
1.0044522
1.007420794
1.006455258
1.005289172
1.011227726
1.0055928
1.002962744
0.9997642680000001
1.002768384
1.0044686440000001
1.008026084
0.9873942019999999
1.00769734
0.995879022
1.019538082
1.002536658
0.98281655
0.985857552
1.005548068
0.988696614
0.9857150100000001
1.006146394
1.00325325
1.004818792
1.0061817499999999
1.00822012
1.004743572
0.985810034
1.01066615
1.004377036
0.982301804
1.004501534
1.003973216
1.002934638
1.00926019
0.986054466
1.008040278
1.004092918
0.995604308
0.984118182
0.554839386
1.007898344
1.005484508
1.007678426
1.00677847
1.006144036
0.987298872
1.005569256
1.004130478
1.0051621259999999
1.003891082
1.007423158
0.998012626
1.005366826
0.9903197619999999
1.00373624
1.0030962620000001
1.0006400640000002
1.007227066
1.007990598
1.0048752140000001
0.9833791159999999
1.004358246
1.0053950680000001
1.0038089639999999
1.008570518
1.0042948360000001
0.983557022
1.005284466
0.991739818
1.0046143140000001
1.001239564
1.00544214
0.9997642680000001
0.9995664940000001
0.983167516
1.002178746
1.001989366
1.0066888
0.98645759
1.019574386
1.008059206
1.0069271720000001
1.006894124
1.006740712
1.005835364
1.006828032
1.00394036
1.004107004
1.001704262
1.00658735
1.007295572
1.005463324
0.986845172
1.002330768
1.006365644
0.991371264
1.007645328
1.00279648
1.004299532
1.00309392
1.008646312
0.9986322
1.006401016
1.0047224179999998
0.99666013
1.008125458
0.99362118
1.009936558
1.007661878
1.00811126
1.004160998
1.006870518
1.002321412
1.007423158
1.005623408
1.000586448
1.000031968
0.991616172
0.984822226
1.002751996
1.006740712
1.008887982
0.9840573020000001
1.003236846
0.9986298779999999
1.004222042
1.006592068
1.004520328
1.0039028140000001
1.00646705
1.00642224
1.0053762400000001
1.004546172
1.00377612
0.691719164
1.005809454
1.000908234
1.006021488
1.002986164
1.0107660459999999
0.994407958
0.985179144
1.0051127279999998
1.005152716
0.999824778
1.003297778
1.005084502
1.006665204
1.00143333
0.9866003480000001
0.9979917540000001
1.00603327
1.004619012
1.006570836
1.004912832
1.00678319
1.00871501
1.006792632
1.003572066
1.00473652
0.9851023179999999
1.000961886
1.009627926
1.008052108
1.006856356
0.983478196
1.001795384
1.00604034
0.982638914
1.004252568
1.011515894
1.004020154
1.014365916
1.006884682
0.985828136
1.005199766
1.001870164
1.004193868
0.9916459360000001
0.9854752680000001
0.9972131900000001
0.99933857
1.01366925
1.003769082
0.983906262
1.0044686440000001
1.0048281940000001
0.998625234
1.0026185699999999
1.002653678
1.010485436
1.006092186
1.002106258
0.998871416
1.005305642
0.985728584
1.000525844
1.006681722
1.002728586
0.98477029
0.98670461
1.006306696
0.982315284
1.007342822
0.995389722
1.002915902
0.989831346
1.006660486
0.99787582
1.0052209380000001
1.005880122
1.003124376
0.9979616099999999
0.9977715020000001
1.0018304359999999
1.004506232
1.017162178
1.0080000599999999
0.985158806
1.005682276
1.004123436
1.010219238
1.00882637
0.554611548
1.019555024
1.005350352
0.99809612
1.0078841539999999
1.004196216
1.004409918
1.009428604
1.005625762
1.005621054
0.984242218
0.985672028
0.99731276
1.006938976
0.988635166
0.982274846
1.006566118
1.002538998
1.004948102
1.008961454
1.007264862
1.007472784
1.004818792
1.006516582
1.007016886
0.98991804
1.003846502
0.986031828
0.9978340899999999
1.006511864
0.99146967
0.9963965419999999
1.004189172
1.002574102
0.996230138
1.004071792
1.005145658
1.006719474
1.0060733320000002
1.015296292
0.987008456
1.004757674
1.00804501
1.007042858
1.004668362
1.00330481
1.002798822
1.008059206
1.005312702
1.006596786
0.9997898679999999
1.0134468060000001
1.008546836
0.9953920279999999
1.00399199
1.015442718
1.004311274
0.68779893
1.005129192
1.002993192
0.999652574
0.99945717
0.982387184
1.001024874
1.00335403
1.002124964
1.00473652
1.0003953380000001
1.004142216
1.007257774
1.006533094
1.005209176
0.991732948
1.007817934
1.007177466
0.997396136
1.004847002
1.005077446
0.982070458
1.004675412
1.004055362
1.0008242699999998
1.00041165
1.004520328
1.016981542
1.000847592
1.0085397299999999
1.005103318
1.0062878339999999
1.0039051620000001
1.008026084
1.016346212
1.00668644
1.00523976
0.994060426
0.993115724
0.992289722
1.004640162
1.0037409320000001
1.00122556
1.003522824
1.005830652
0.992502974
0.9984859380000001
0.9951544760000001
0.997092808
0.99905962
0.993343116
1.0210529400000001
1.0082343200000001
1.00679027
1.003581446
0.983226036
1.00268879
1.01432519
0.9832733060000001
0.998892324
1.003661182
1.0052138800000001
1.004473342
0.9959552300000001
1.001529074
1.003973216
0.9850661679999999
1.0067336340000002
1.006273688
0.986802092
1.005068038
1.002819894
0.691714708
0.997634762
1.01192819
1.001346944
0.998065968
1.0030213
1.005628118
0.9930789839999999
1.002417326
1.003309498
1.00239627
1.0039192399999999
1.00488932
1.00619118
0.984463308
1.006424598
1.004959858
1.004715366
1.007153848
1.0047083159999999
0.98693361
0.983190022
0.987616708
1.004398174
1.002211484
1.003290748
1.002162376
1.005023352
1.003412632
0.9989550540000001
1.003750314
1.00079162
0.985190444
1.00698383
0.997252554
0.9863941559999999
1.001919244
0.988298478
0.983701194
1.009606566
1.003075178
0.995939064
1.006391584
1.006134608
1.00274029
1.003794886
1.002967428
1.006832754
1.00677847
0.691738104
1.007619324
1.004658962
0.98874441
0.986006928
1.01361662
0.566238146
1.004901076
0.989637482
1.00318998
0.999510666
1.00350641
0.985084242
1.002761362
1.0081704200000001
1.005246818
1.008078134
1.008362144
1.007832122
1.016651746
1.001491708
1.00981783
0.9988365720000001
0.812179436
1.01067804
1.005538652
0.982308544
1.004438106
1.016687844
1.007964576
1.016875598
0.982286078
1.00858236
1.004964562
1.004412268
1.0001670360000001
1.008168054
1.009151108
1.00425022
0.9989178799999999
0.987199022
1.003658836
1.006660486
1.005524526
1.0036776
0.984772548
1.00122556
0.99457836
0.98443623
1.003590826
1.007090084
1.00415865
1.006389226
1.018631322
1.003194668
1.0048423
0.9923401599999999
1.009087092
0.987065164
1.00826509
1.006172322
0.985149768
1.007974038
0.987287524
1.0029580580000002
0.985583816
0.982692872
0.99318462
0.999645594
0.9840122099999999
1.00687996
1.004445152
1.005896612
1.003033012
1.007650056
1.00629255
1.006401016
1.001181216
1.00456262
0.9989713179999999
1.015918294
1.0038089639999999
1.0067005980000001
1.002536658
1.0035040659999999
1.000528174
0.984003192
1.007168018
1.0043676400000001
1.009459446
1.009146366
0.998070606
1.007777732
2.243306484
1.004365292
0.9823916779999999
1.004461596
1.004985726
1.017128454
1.00926019
1.018785962
0.9926819020000001
1.00456027
1.004353548
1.006563758
1.0045837659999999
1.004062404
1.002211484
1.006792632
1.0072058080000001
0.995872096
1.003816002
1.007607506
0.563326854
1.006806792
1.002667722
1.003893428
0.985224342
1.003171236
1.0040506679999999
0.9926406040000001
1.004621362
1.005428018
1.006193536
1.004473342
1.003014272
1.0071373160000001
0.999603716
0.993563716
1.012379002
1.00075431
1.00491048
1.006205322
1.005800032
1.0062854780000001
1.00725305
1.0092720480000001
1.000637732
1.006320844
1.004330062
1.004186824
1.015080332
1.007501142
1.004720068
1.001304922
1.0024921980000001
1.003044724
1.006901204
1.011508748
0.99225992
1.0049363439999999
1.004421662
1.008331368
1.0042173460000001
0.98294251
1.006872878
1.00704758
1.012130886
1.006761952
1.005755282
1.005529234
1.003731548
1.014790128
1.001099538
1.004847002
1.0075649580000001
1.004649562
1.003813656
1.0195792259999998
1.009231732
1.017020072
0.983946836
0.997544396
1.008456848
0.996664756
1.004604914
1.006419882
1.00392628
1.003351686
0.984413666
0.987575832
1.006398658
1.011353928
0.9824928039999999
1.001041206
1.005569256
1.008741072
1.008156222
1.000493214
0.9854730060000001
1.004710666
1.005056278
1.004499184
0.98560191
1.008845326
1.00334231
0.9850119479999999
0.980877268
1.0005328359999999
1.00841423
1.007607506
1.00668408
1.006012062
1.006960222
0.985226602
1.0064741259999999
1.005884834
1.000770634
1.006028556
0.984230942
0.984917078
1.00692009
1.004517978
1.006476484
1.005752926
1.0061016120000001
1.0054727380000001
1.00661094
1.003611932
0.997328972
1.003274342
1.0086581559999999
0.997472578
1.00427605
1.004809388
1.000393008
1.005028056
1.007458604
1.00507039
0.989058624
1.0039474
1.015152308
1.007411342
1.0045109300000001
1.010483058
1.002529638
1.00440522
1.004922236
1.006849276
1.004362942
0.9994199579999999
1.006441108
1.0060262
1.007475146
1.003452486
1.005159772
1.015008364
1.0005584760000001
0.99948508
1.003938014
1.005119784
1.00527976
1.005310348
1.009708628
1.004266656
1.006438748
1.00032777
1.005086854
1.010311916
1.006917728
1.0054962779999999
1.0058706979999998
0.992778274
1.003994338
1.00438643
0.993483278
0.9837349900000001
1.000360388
1.005830652
0.985393872
1.006080402
1.0056139899999998
1.001304922
1.0041633460000001
0.9994501920000001
1.005583382
1.00206885
1.002485178
1.003536892
1.002496878
0.37602749999999996
1.001071538
1.002169392
0.98607484
1.007635872
0.985889234
1.005562194
1.01622357
1.0043347599999999
1.009927058
1.003199354
1.0065236579999999
1.008307696
1.009331344
1.006752512
1.001143876
1.003586136
1.003851194
1.0090823500000001
1.0038113100000001
1.0069720260000001
1.019758366
1.002941664
1.003825386
1.009965056
1.00505863
1.005573964
1.005738796
1.004684814
1.001517396
0.5574158680000001
1.00199404
1.003494688
0.9856177420000001
1.0036776
1.00757914
1.0199738999999999
1.010067188
0.993317844
1.006297266
1.010321422
1.0050727419999999
1.005500986
1.003255594
1.004546172
0.985843976
1.004391128
0.98436403
0.987598542
1.0071491240000001
0.691786012
0.9983652479999999
1.00625247
0.986425872
0.999910902
0.995302068
1.004189172
0.9818975799999999
1.006566118
1.005755282
0.999922542
0.988009748
0.986181256
0.9823894299999999
1.003536892
1.003023642
1.00355096
1.00653781
1.00816332
1.0093266
1.005715244
1.007151486
0.9862809
1.000656384
1.007692612
1.006004992
1.0049363439999999
1.01804943
1.008684214
1.008146756
0.984993876
1.00096655
1.000299812
1.012209602
0.9830595
1.015670844
1.0054492
1.0062288959999999
1.0046378120000001
0.996278666
1.00177669
1.005696406
1.0064505400000001
1.009345576
0.9908338059999999
0.985604172
0.991247712
1.0013889679999999
1.004673062
1.008284026
1.0010062100000001
1.019455802
1.008885612
1.00611811
1.00101321
1.011830448
1.00603327
1.008326634
1.006462334
0.998680962
1.00557161
1.000118128
0.9998852960000001
1.006049766
1.00222084
0.9906806800000001
1.00698383
1.0046072639999999
0.987362422
1.006551964
1.004071792
1.018426014
0.98388147
1.002340126
1.0028316019999999
1.002644316
1.005701116
1.006481202
1.01155163
0.981946966
1.008456848
1.003122032
1.001309592
1.001529074
1.01185667
1.010328552
1.0028597
1.0076736979999998
1.0053950680000001
1.004461596
1.007097168
1.005352706
1.00488932
1.006648688
1.00378081
1.006464692
1.003089234
1.0080213519999999
0.9859367600000001
1.0052585840000001
1.001655204
0.9977668660000001
1.006094542
1.00926019
1.013355944
1.007319196
1.004409918
0.987746172
1.00859894
1.0046378120000001
1.0043183199999999
1.006377434
1.00702869
1.003363406
1.00118355
1.009132138
1.013908546
1.006224182
1.0054350779999999
1.004522678
1.006122824
0.985782882
0.984106906
1.000062238
0.984889974
0.9816709100000001
1.002136654
0.999078212
1.011425378
1.005477446
1.005651664
1.004654262
0.9854933579999999
0.985210784
0.9846393480000001
1.0048611079999998
0.9856177420000001
1.006533094
0.98208393
1.003368094
1.00590368
1.0021553619999999
1.013473112
1.005769412
0.994603694
0.991233986
0.985346398
1.002274632
1.02029616
1.009727618
1.006030914
1.006372718
1.0035040659999999
0.99168257
1.002934638
1.003794886
1.007331008
1.003729202
0.563237466
1.01337268
1.0204804
1.00845448
0.983590808
1.007702068
1.004564968
0.999080536
1.005444494
1.008007158
1.00654017
1.004964562
0.984847066
1.004353548
1.00536212
0.993336224
1.007841582
0.980845908
1.010017308
1.003959134
1.006426956
1.00351579
1.0053832999999999
1.0063467799999999
1.007874694
1.002241888
0.984140732
1.006769032
1.009061014
1.0080000599999999
0.98695629
1.000332428
1.006349138
1.0060262
1.003407944
1.007222342
1.00514801
1.001582792
0.999461822
1.004461596
1.002908878
0.6513862420000001
1.006735994
1.00549157
0.9839152779999999
1.002543678
1.011051572
1.004125784
1.004017808
1.005084502
1.004097614
1.00246178
1.005686986
1.017114002
1.004602564
1.00350641
1.009170076
1.005550422
1.009148736
0.9864462620000001
0.984908044
1.007661878
1.003297778
1.007250688
0.99727571
1.001216224
0.98472965
1.002407968
1.005630472
1.004579066
0.9870197980000001
1.002855018
1.00477883
1.010920686
1.0065213
1.006589708
0.9963503140000001
0.9885191200000001
1.00625247
1.003858234
0.9892932759999999
1.002967428
1.0053291739999999
1.001582792
1.0040483199999999
1.006910648
1.005585736
0.989097346
0.985914128
0.9821962240000001
2.244185606
1.00318998
1.004130478
0.9822209340000001
1.007394802
1.009798838
1.005075094
1.006603862
1.007264862
1.006721834
1.003959134
1.008359776
1.00299085
1.006651048
1.002414986
1.006469408
1.003508756
1.003590826
1.00505863
1.005275054
1.007302658
1.00086625
1.001982352
1.008639206
0.999415308
1.005227996
0.9949032059999999
1.005606926
1.006056836
1.005192708
1.003321216
1.002754338
0.984765774
1.868433156
1.002763702
0.9994408899999999
1.009499782
0.9935775059999999
0.9826883759999999
0.995643544
1.0017206159999998
0.9881597759999999
0.999713072
1.0010598720000001
1.003037696
1.013033272
1.004705966
1.008201186
1.005244466
1.00096655
1.004125784
1.007810838
1.005533942
0.996979396
1.006153464
0.9993548459999999
1.005084502
1.003122032
1.0042924880000001
0.9849125599999999
1.006651048
0.982996502
0.9869812379999999
1.010133704
1.006856356
1.002295682
1.003063464
1.007134954
1.004654262
1.0090254539999999
1.006672284
1.005021
1.006167608
1.004724768
1.00504687
1.009587582
1.00133994
0.9966
1.00066804
0.9828660300000001
1.00077763
1.005774124
0.9819604359999999
1.00265836
1.008762394
1.011215822
0.986602614
1.007255412
1.003696364
0.999720052
0.9837057
1.007201084
1.003133748
1.008579992
1.0042924880000001
0.985208524
0.984034756
1.001027208
1.0042173460000001
0.994647458
1.011161066
0.98576252
1.0050962620000001
0.9863805640000001
1.006488278
1.0111325
1.003379814
1.0049057780000001
1.00570347
1.003959134
1.000348738
0.982663644
1.004440454
1.006606222
0.982416396
1.0017206159999998
1.006233612
1.007288484
1.004506232
0.999173506
1.0044475019999999
0.994711958
1.0072743100000001
0.986573154
1.005103318
0.9879574760000001
0.9997456499999999
1.014270096
1.005931952
1.0077635440000001
0.99948508
1.006620378
0.995332054
0.984183578
0.9926474879999999
1.005795322
1.005548068
1.005663438
0.983203528
0.9852898880000001
0.9821692719999999
1.002241888
1.002008066
0.691750358
1.007123146
1.013822386
0.999834088
1.011644552
1.00574586
1.013709922
1.003140776
1.004013114
1.009184304
0.98545944
1.004602564
1.006221824
1.00555984
0.996556066
0.9990410279999999
1.003963828
1.014972386
1.0029440059999999
1.004238478
1.006080402
1.005686986
1.01194488
0.99934322
1.003297778
1.004071792
1.003665872
1.007250688
1.000523514
1.014655876
1.004832896
1.00573644
0.995133724
1.004574368
1.005246818
0.984625804
1.002815212
1.003140776
1.006844554
1.007380626
1.006464692
0.995101444
1.003844156
1.007434972
1.0033235600000001
1.0056445999999999
0.98667061
0.9861042720000001
1.0042924880000001
1.0045085820000001
1.006290192
1.006938976
1.005691696
1.005522172
1.006603862
1.008786088
1.005588092
1.011118218
1.004259612
1.00245944
1.004445152
1.008591834
1.006205322
0.999482754
1.0067879100000001
1.012658276
0.985445874
1.006028556
1.003827732
1.003478276
1.003356374
1.007104254
0.9896124
1.00555984
1.006618018
1.002082878
1.002499218
1.000148404
1.002414986
1.0081988179999999
1.0054798
1.004412268
1.002707516
0.98286828
1.008814522
1.00096655
1.004369988
1.00478118
1.009148736
1.0086273639999999
1.00743261
0.992198028
1.004807038
1.00145201
1.002864384
0.9849125599999999
0.998330438
1.002894826
0.984503926
0.983624598
1.010647124
1.008267456
1.0068634379999999
1.008428436
1.002351822
1.006818592
1.00262091
0.998701862
1.006620378
1.005887188
1.010611454
0.99033803
1.010556762
1.009680144
1.005068038
0.987425982
1.00159447
0.992012402
0.984357262
1.004564968
1.003865272
0.995491236
1.004020154
1.0080213519999999
1.002705176
1.0151907
0.9840888680000001
1.00481409
1.0051621259999999
0.9869449499999999
1.001363286
1.004586116
1.00849
1.003884044
0.99731276
1.006271332
1.0000738820000001
1.006146394
1.00611104
1.002022092
0.999908574
1.004891672
1.0059955680000001
2.244854198
1.01075891
0.9828188
1.012116576
1.000285834
1.004475692
1.007198722
0.982519776
1.00687524
1.004369988
1.004604914
1.0036517999999999
0.982189486
1.006802072
1.017805764
1.0150851300000001
1.0016738920000001
1.009953182
0.992344746
1.00527976
1.00720817
0.98374175
0.9960129719999999
1.00245008
1.002494538
1.006712396
1.0097157479999999
1.004196216
0.985045834
1.0036025499999999
1.008556308
0.9834556760000001
0.9844903859999999
1.007768274
1.006957862
0.9855250160000001
1.0062949079999999
1.00517624
0.988778554
1.004680114
1.007061748
1.003398568
1.003541582
1.019656684
1.01418627
1.003311842
1.005825942
1.003689328
0.987314758
0.9833228319999999
1.001687908
0.984091122
0.998483618
1.004341806
0.560273538
0.992968778
1.01061621
1.004280746
1.0035791
0.999292066
1.010689932
1.004233782
1.006368002
1.003346998
0.9835795460000001
1.003869964
1.00481644
1.002810528
1.010575784
1.005564548
0.9971529960000001
1.008260356
1.018355988
1.007142038
1.004257264
1.005486862
1.003848848
1.00486816
1.004121088
1.0039966839999999
1.005437432
1.005103318
1.003912202
1.003534548
1.00687524
1.000386018
0.9987227639999999
0.984179068
1.0050633340000001
0.9812627199999999
1.004311274
1.003654146
1.000605096
0.982692872
1.009846322
1.001538416
1.005108022
1.008975676
1.007841582
1.00110654
1.002436042
0.983097754
2.2428613260000003
1.003921588
0.984170048
1.004475692
0.99668557
0.990854378
1.003846502
1.004102308
1.000609758
0.988994854
1.004207954
0.9849486980000001
1.003956788
1.0076027779999999
1.007139678
1.002815212
1.008468688
1.006516582
1.00496221
1.000873248
1.0021553619999999
0.9989341439999999
1.005606926
1.0081988179999999
1.003844156
1.005164478
1.002211484
1.002712198
1.00721998
1.005232702
1.004898724
1.0063467799999999
1.00611811
1.0101123239999998
1.004532076
0.986906398
1.00999593
0.997736734
1.006125182
1.005898968
1.005894256
1.003968522
1.006280762
1.005752926
1.011003972
1.006280762
0.992262212
1.00935032
1.0035181340000001
0.999624654
1.006304338
1.000427962
1.009492664
1.006986192
1.003621312
0.9980404559999999
1.007725712
1.003154834
1.012715582
0.9913621100000001
1.0143946640000001
0.9990084960000001
1.0032157560000001
1.000220608
0.99860898
1.007189274
1.004520328
1.007023968
1.0032251300000001
1.002480498
1.005002186
1.007097168
0.9905869979999999
1.007078278
1.003414976
1.005486862
1.016206738
1.004499184
1.006405732
1.008142022
1.017738234
1.0069318919999999
1.007976404
1.007567322
1.009170076
1.00651894
0.98697897
1.001454346
1.00572231
0.984630318
1.0031642060000001
0.9975884180000001
1.007191636
1.00963742
1.0139253
0.983885978
1.009478428
0.996486702
0.9832845600000001
1.004675412
1.0051009659999999
1.0048423
1.005197412
1.004196216
1.001923918
1.011253916
0.989101902
1.0056728560000001
1.003063464
0.999454844
1.002298022
1.00337747
1.003799578
1.0086036779999998
1.001482368
1.005988498
0.999136316
0.996426594
1.0192937020000001
1.00668408
1.0126869299999999
1.005307996
0.98407083
1.006872878
1.006948418
1.01421022
1.005188002
1.0080805
1.00041398
0.984546806
1.0062194660000001
0.986598082
0.9994920580000001
1.0047341699999999
1.002148346
1.003447798
1.007012164
1.00478118
1.0070995299999999
1.008662894
0.984630318
1.000721666
1.008343204
1.0117208100000001
1.004041278
1.003494688
1.001435666
1.0051009659999999
1.010642368
0.9838792160000001
1.009984056
1.003541582
1.003447798
1.0051009659999999
1.006162894
1.007969306
1.006177036
0.985719534
1.0064741259999999
1.005465678
0.9827873140000001
1.006240684
1.004041278
0.9852424240000001
1.00711606
0.985063908
1.005823586
1.008653418
1.009613686
1.00546097
1.000546822
1.001041206
1.0042737019999999
1.006620378
1.005284466
1.005986142
1.002372876
1.006405732
1.005463324
1.011942496
1.007635872
1.017101958
1.008054474
1.00403189
1.004433408
1.005661082
1.004543822
1.005098614
0.9827895640000001
1.005319762
1.007120784
1.0053032899999998
1.009011232
1.006858716
0.9988365720000001
1.003832424
1.007879424
1.004550872
1.00417978
1.00211561
1.000448936
0.997790046
1.009385902
1.004752972
1.007803744
1.0023471419999999
0.9840640660000001
1.0017439799999999
1.000423302
1.0125603939999999
1.004642512
1.007191636
0.99041111
1.01033806
0.9858032459999999
0.995308988
1.00400842
1.0049057780000001
1.003757352
1.005456262
1.00579061
1.0069318919999999
1.007061748
1.00417039
1.002213824
1.005519818
1.005807098
1.004362942
0.997078918
1.00756023
1.017241678
1.005211528
1.003494688
0.989126958
0.9822815859999999
1.007808474
0.997199298
0.984343726
1.0042948360000001
0.997648666
2.2428964639999998
1.00603327
1.004365292
1.006193536
1.002735608
0.994776468
1.001027208
1.004362942
1.015094726
1.005456262
1.00299085
1.0060262
1.002588144
1.0062453980000001
1.0030353539999999
1.008561046
1.005298584
1.0057859
1.00473652
0.9852017439999999
0.981516116
1.004088224
1.003888736
1.005305642
1.003494688
1.005865988
1.00371982
1.004315972
1.002433702
1.005209176
0.9998736579999999
1.009208018
1.003952094
0.998569512
0.996419658
1.00851368
1.005458616
1.0062854780000001
1.000295152
1.008305328
1.001973002
0.99795929
1.005931952
1.005906036
0.985692388
1.005581028
1.007482236
1.006235968
1.00359786
1.008115994
1.00678555
1.009851072
0.98590734
1.007465694
1.000355728
1.005955512
1.004306578
1.00201508
1.000460588
1.0062548279999999
0.989655726
1.004222042
1.00227697
0.985522754
1.00713023
0.99888071
1.00120222
1.003567376
1.004431058
1.000772966
1.008132558
0.9908886680000001
1.005997924
0.9964658940000001
1.004435756
1.006677002
0.992564904
0.98667741
1.007290846
1.00516683
1.005265642
1.006891762
1.014286864
1.002583462
1.011444432
0.998627556
1.00417978
1.011530188
1.004114046
0.985258244
0.98641681
1.005696406
1.005541006
0.986559556
1.001564106
1.002934638
1.006429316
0.985572508
1.000190328
1.005164478
1.005964936
0.996516758
1.003930974
1.004414616
1.005630472
0.985391612
0.982526518
1.008302962
1.0054492
0.9858394500000001
0.998191226
1.003452486
0.984919336
1.006669924
0.9810609920000001
1.00011347
1.00756023
0.9971298460000001
1.020727776
1.001793048
1.0056187
0.98693361
0.9984047020000001
0.747861274
1.001954304
0.987732544
0.984388848
0.9986345219999999
1.002616228
1.0017439799999999
1.005505694
1.004995132
1.003520478
1.002403288
1.005211528
1.000621414
0.992255336
0.998444158
0.9959182799999999
1.0000738820000001
1.00355565
0.987453224
1.006240684
1.006745432
0.622677416
1.00851368
1.003473586
1.002955716
1.006012062
1.000036624
0.747379766
1.0052727
1.00610397
0.984865132
0.9833633559999999
1.005783544
1.008333736
1.005581028
0.983111256
1.00811126
1.001704262
1.007562594
1.007215256
1.006351496
1.004346502
1.003522824
1.001650532
1.017497126
1.007338096
1.003227472
0.98314276
0.983570536
1.002705176
0.999592084
1.004609614
1.00638215
0.995352814
0.997581466
1.0062453980000001
1.0062878339999999
1.00544214
1.005656374
1.004727118
1.00440522
0.996223206
1.002316734
1.000374368
0.99798248
1.0060450520000002
1.006403374
1.007371174
1.006393942
1.002122626
0.747126246
1.004684814
1.001459016
1.002808186
1.005800032
1.005428018
1.006761952
1.0086131520000001
0.986960826
0.747607428
1.005282112
0.99435961
1.007489326
1.004995132
1.003766736
1.005762346
1.005512756
1.005752926
1.003539236
1.007212894
1.006575554
1.0071444
1.006809152
0.998653098
1.004541474
1.002412646
1.006511864
1.006443466
1.003018958
1.004675412
1.002805846
1.004456898
1.003846502
1.004943398
1.005802388
1.00255304
1.002747314
0.984237708
1.00455322
0.746910566
1.005286818
1.0036869819999998
1.002333108
0.747404476
1.003520478
0.9819110480000001
0.9838792160000001
1.005119784
1.0124673020000001
1.0029299539999998
1.001272242
1.00394036
1.006434032
1.00697911
1.009701506
1.0096564080000001
1.005103318
0.998690252
1.010808864
0.9992571920000001
1.006247756
0.998890002
0.996428906
1.001155544
1.00687524
0.985312492
1.00581652
1.008175152
0.983953598
1.009988806
1.0096635280000001
1.0101123239999998
1.008859544
0.9835457599999999
0.9933109520000001
1.003311842
1.005976718
0.9838634399999999
1.002744974
1.006825672
1.004750622
1.0076547839999999
1.00478353
1.013858284
0.98401672
1.006193536
1.003710438
1.000828934
1.000689024
1.008194086
1.00146135
1.004095266
0.98808021
1.006250114
1.003466552
1.004003726
1.00358848
1.008494736
1.015649228
0.9981773060000001
0.999955134
1.002295682
1.006766672
0.9822815859999999
0.74706127
1.0054468460000001
0.99570125
1.001286248
1.008516048
0.9854956180000001
1.001048206
1.005851854
1.0062854780000001
1.004771778
0.984831258
0.99478338
1.008276924
0.992120104
1.00651894
1.005188002
0.994253724
1.0004722400000001
1.00447804
0.98543909
1.008385818
1.00380427
1.007248326
1.00869132
1.002543678
1.00133527
1.003839462
1.002248904
1.006068618
1.004682464
0.98686558
0.986332994
1.003874658
1.007496416
0.99634338
0.992255336
0.9853192719999999
0.998525402
1.010689932
1.003229816
1.003914548
1.004788232
1.01146587
1.006488278
1.0048705119999999
0.982027794
0.985158806
1.0047224179999998
1.0048752140000001
1.003056436
1.001090206
1.004438106
1.00544214
1.0068303939999999
1.007692612
1.003766736
1.001402976
1.001991704
1.009680144
1.001262906
1.003628348
1.005677566
0.985018724
1.00051186
0.985993346
1.00533388
1.00704522
1.004229086
1.004299532
1.004668362
1.004995132
1.00320404
1.00611104
1.00624304
0.999717726
0.747050874
1.00563989
1.0033587179999999
0.747134044
0.995276698
1.00523976
0.9983814919999999
0.983428654
1.003520478
1.005835364
1.005275054
1.00275902
0.98648478
1.003487654
1.006375076
1.003543926
0.986459856
1.00369871
0.982135582
1.006962582
1.005830652
0.622838148
0.984106906
0.9833363399999999
1.004896374
1.006471768
1.006514222
1.0044921359999999
1.005331526
1.005310348
1.005863632
0.984761258
1.001818752
0.982582712
1.006823312
1.00734991
0.984806418
1.00375266
1.004088224
0.9861042720000001
0.998499866
1.007546048
1.004398174
1.002061836
1.00590368
1.011985414
1.004323018
1.00316655
1.002515598
1.0053221140000002
0.9972965500000001
1.001902882
0.747163938
1.0030845480000001
0.99938275
1.002826918
1.0063538539999999
0.98530345
0.747269236
1.002033782
0.9840775939999999
1.007411342
1.00523035
1.004647212
1.000761306
1.004689514
1.00572231
0.999422284
1.007281398
1.000546822
1.006238326
0.983115756
1.004160998
1.003595516
1.0071444
1.008369246
1.003309498
1.001489374
1.005049222
1.002920586
1.004858756
1.008606046
1.007217618
1.003283716
1.006849276
1.005235056
0.999215348
0.994433284
1.006957862
1.00539036
1.01658918
1.007971672
1.000756642
0.991771878
1.000924562
1.003222786
0.995032282
1.00759805
0.995805136
1.00546097
0.9852627639999999
0.99029008
1.00513625
1.0060591920000002
1.005908392
1.000283504
1.001631844
1.001650532
1.0030213
0.98789612
0.984133966
0.98656862
0.983084252
1.003548616
0.994983876
1.006327916
1.004750622
1.0059790739999999
0.7469040720000001
1.010939722
1.005522172
0.746857314
1.0046519120000001
1.007808474
1.011413468
1.003701056
1.009106058
1.0053927139999999
1.001307258
1.006853996
1.004543822
1.0053832999999999
1.006049766
1.00706411
0.9874645759999999
1.004365292
1.0094808
0.984034756
0.9886397180000001
1.001099538
1.0028784339999999
1.003973216
1.003982602
1.00718219
0.995023062
1.0077895559999999
1.002527298
1.000337088
0.986548226
1.006327916
1.006792632
1.003098604
1.013645326
1.002206808
1.006330274
1.006264258
1.00571289
0.9866864759999999
1.007486962
0.74741358
1.0109325820000001
0.9943043619999999
1.002810528
1.002424344
1.00376439
1.00579061
0.9857466819999999
0.9877870639999999
1.00410935
1.002424344
0.746880692
1.000693686
0.9842963539999999
0.997303498
0.997067346
0.997472578
0.988516844
0.99484329
1.007347548
1.004499184
0.9900754940000001
1.002508578
1.003773774
1.0009175639999999
1.00573644
1.007912536
1.01181138
1.008302962
0.987326106
1.002117948
1.005661082
1.007817934
1.003726858
1.0040506679999999
1.00041398
1.014571986
1.00850184
1.00059344
1.004243176
1.003325904
0.983334088
0.982243396
1.003710438
1.006172322
0.981870642
1.006115754
1.003023642
0.9863918899999999
1.016805784
1.009751356
1.020065954
1.003616622
1.003684636
1.00568934
1.00040932
1.005065686
1.007139678
1.002272292
1.005183298
0.998216746
1.005444494
1.004144564
1.0048281940000001
1.004955156
1.006681722
1.004186824
1.005013946
0.9932741979999999
0.9834038839999999
1.006004992
1.005993212
0.9953135999999999
0.747067766
1.003433732
1.006891762
0.991101318
1.006943696
1.005833008
1.018788378
0.98753269
1.00051419
1.0016224999999999
1.005251524
0.983759776
1.00838345
0.985421004
1.0045579199999999
1.005197412
1.000623746
0.983316078
1.004941048
1.002667722
1.004694214
0.983151762
1.012689316
1.005317408
0.998571832
1.004308926
0.984027992
1.003384502
1.006311412
1.006747792
1.00369871
0.98720129
1.002918244
0.747228934
1.004283094
1.0063963
1.005350352
1.008179886
1.006212394
1.0045109300000001
0.998578798
1.004649562
0.995396642
1.004114046
1.007314472
1.0085752559999999
1.005541006
1.00484465
1.0056728560000001
1.007543686
1.007021608
1.0069318919999999
1.009620806
0.983559274
0.984969028
1.0059508
0.9879370239999999
1.007855772
1.004701264
1.00568463
0.9870424799999999
1.003684636
1.007924364
1.005129192
1.005531588
1.0070027179999999
1.00398495
1.008426068
1.01407612
1.005056278
0.9984766540000001
1.010920686
1.006224182
1.020914598
0.98670461
1.001793048
1.00262091
1.003154834
1.0101242019999999
1.0036025499999999
0.987648504
0.999243244
0.992893028
0.984068576
1.013798456
1.006929532
1.006476484
0.998184266
1.00980596
0.9999434939999999
1.004506232
1.008132558
1.00956385
0.9862039
1.006233612
1.0056139899999998
1.001459016
1.015603596
1.009514018
1.003668218
1.014310818
1.004402872
1.003621312
0.984043774
0.984485874
1.007659514
0.984255752
0.9982770679999999
1.0096943840000001
0.98753723
0.98443623
0.998615946
1.008928272
0.9850797240000001
1.001860816
0.9855860780000001
1.00136562
0.994527694
0.981612576
0.984034756
0.983192274
0.984050538
1.000031968
1.003973216
1.00593902
1.00568934
1.007397166
1.001980016
1.00112054
0.998453442
1.021089352
1.0134635459999999
1.004299532
1.003311842
0.9920169839999999
1.005611636
1.004898724
1.004301882
1.005307996
1.005835364
1.004658962
1.006681722
1.006851636
0.98441818
0.9999807439999999
1.002026768
1.014162322
1.008400024
0.984497156
0.98720583
1.0053927139999999
1.008760026
1.0031524920000001
1.004858756
0.995722024
0.983255298
0.747161338
1.002281648
1.003930974
1.003508756
1.002960402
1.0048423
1.007508232
0.9979013240000001
0.9836583879999999
0.74736936
1.0048822659999999
1.001022542
1.004691864
0.74749553
1.022083184
1.002087554
1.002003392
1.006712396
0.746793682
1.004435756
1.000553814
1.003271998
1.00919379
0.994306664
0.746884588
0.984485874
1.002637294
0.414995942
1.0084971040000001
1.0091795620000001
0.9973590779999999
1.0053762400000001
1.002679426
1.000302142
0.985450396
0.9840775939999999
1.008023718
1.004219694
0.984307632
1.007619324
1.005103318
0.9910235639999999
0.747089858
1.016598806
0.998019584
0.98774163
1.004243176
1.002817552
1.004807038
1.004027196
1.006596786
1.00776591
0.999896936
1.007522414
0.983412892
1.00171127
1.0066463300000001
1.006846914
0.995371268
1.004710666
0.998804052
1.00711606
1.004955156
1.005444494
1.0035462720000001
0.747141842
1.006080402
1.008608414
1.0152434940000001
1.005597508
0.9911081799999999
1.006974388
1.006929532
1.00734991
0.9844384860000001
1.00757914
1.0045085820000001
0.7469846099999999
1.012357526
1.000146076
1.003794886
1.000206632
1.005715244
0.9997153980000001
1.006009706
0.99412255
1.008082866
0.984095632
1.006327916
0.7468729
1.009098946
1.007851042
1.004872862
1.004229086
0.747331648
1.014231774
1.004588466
1.00563989
1.00325325
0.747122348
1.0088761339999999
1.006488278
0.993476384
1.005211528
1.009756104
1.005023352
1.006745432
1.007465694
1.006075688
1.004517978
0.990360866
1.003726858
1.002363518
0.999624654
1.0023143939999999
1.005110374
1.001891196
1.0054492
1.012553232
0.746104816
0.9836696540000001
1.004038932
1.006761952
1.002064174
0.9838273799999999
0.98451521
1.00032311
1.00400842
1.0067949919999999
1.0058494980000001
0.985380308
1.00532682
0.999401354
1.001094872
1.00692245
1.006212394
1.004520328
1.006372718
1.004950454
1.005906036
0.9970604019999999
1.008736332
1.001454346
1.00474122
1.00473887
1.007168018
1.0021577
1.013733848
0.9921178119999999
1.003431386
1.005519818
1.003124376
1.007612234
1.000635402
1.005293878
0.7481413539999999
1.004210302
1.00616525
1.010378464
1.003494688
1.006651048
1.005783544
1.005028056
0.984316656
1.004416966
0.9976440320000001
0.9835998180000001
1.0022582599999998
0.991407878
1.007976404
1.003429042
0.9929527100000001
1.011053952
0.972629674
0.993749924
1.006938976
1.004933994
1.005009242
0.747017092
1.007950382
1.006318486
1.002817552
0.988346238
1.0084355379999999
0.9941823799999999
0.747161338
1.000441944
1.0041633460000001
1.0078652319999999
1.0047083159999999
0.99684056
1.007829758
1.006212394
0.998065968
1.004901076
1.014922018
1.005840076
0.9973706600000001
1.0043347599999999
1.0107755600000001
1.005774124
1.007992964
1.015202698
1.001386632
0.7467729080000001
1.006153464
1.008260356
0.99404202
0.9945691480000001
1.007687884
1.00523976
1.003717474
1.0044522
0.9954150979999999
0.9983002719999999
1.014727792
1.005701116
1.004966914
1.008461584
1.00698147
1.009390646
1.008482896
0.746636598
1.0086273639999999
1.005675212
0.998683286
1.003072836
1.003787848
1.0038089639999999
1.00456027
0.999754958
1.001445006
1.00604034
1.020012658
1.0068421939999999
1.004872862
0.995872096
1.008262722
0.99610075
0.997421616
1.002880776
0.99964792
1.0036799459999999
0.993168544
1.009585208
1.00412813
1.000535168
1.0115563939999999
0.999247894
1.01123963
1.003295436
1.00262325
0.998342042
1.008525522
1.006023844
1.017755116
0.747097656
1.004609614
1.006901204
0.984813192
1.005931952
1.003527512
1.018261828
0.746338188
1.005552776
1.00910843
1.006570836
1.005868342
1.007678426
1.007988232
0.9880756639999999
0.9869268080000001
0.98388147
1.007976404
1.000132102
1.000197316
0.9813098
1.012985486
0.986892792
0.998328118
0.9844881299999999
1.00555984
1.005352706
1.00076597
1.001176548
0.984233196
1.007035774
1.00702633
0.747202934
0.98352549
1.007031052
1.006266616
1.004943398
1.004269004
1.00692481
1.00910843
1.008260356
1.003543926
1.007134954
0.996930798
1.000546822
0.986598082
0.988585104
1.00510567
0.983196774
1.020448882
1.008624994
1.006891762
1.006917728
1.007543686
1.00924359
0.987955204
1.001529074
1.0129759299999999
0.982854784
1.00801662
0.986725012
1.006735994
1.007094808
1.00642224
0.990788092
0.984661922
0.98764169
1.0054703839999999
0.9979430579999999
1.002113272
1.0049057780000001
0.985000652
1.005590446
1.0055951539999999
1.00410935
0.99671564
0.986215222
0.995479698
1.009053902
1.0184694859999999
1.00298148
1.008719748
1.005630472
1.00507039
0.999808486
1.008007158
1.004597864
1.007773004
1.004271354
1.00541625
1.006825672
1.004377036
0.985267284
1.006035626
1.00184212
1.005025704
1.003112662
1.004090572
1.0062453980000001
1.00668408
0.998669352
1.0176032
1.0034853080000001
1.00669116
1.004809388
1.004985726
0.983931056
1.003072836
1.005068038
1.004938696
1.003379814
1.0042924880000001
0.997078918
1.005359766
1.008400024
1.0039474
1.002665382
1.0055551299999999
1.006851636
1.0072790360000001
0.746983312
0.999866674
1.004950454
1.005263288
1.005486862
0.747102854
1.002866726
1.003649456
1.007858138
0.985941288
1.006174678
1.005623408
1.002531978
0.987162718
0.9842895859999999
0.9987366980000001
1.005823586
1.003105634
0.999317642
0.997011796
1.009129768
1.0049363439999999
1.00098288
0.98945965
1.005665792
1.016452046
0.747235434
1.0041633460000001
1.008144388
1.008653418
1.007356998
1.008760026
1.006636892
1.002667722
1.008880872
1.003051752
1.0016481959999999
1.0048611079999998
1.00118355
1.00445455
1.007215256
1.017092324
0.990938964
1.005035112
1.008231952
1.006634532
0.999882968
1.005597508
0.984294098
0.984492644
1.005623408
1.0000925120000002
0.746849522
0.6122966780000001
1.000763638
1.0042455240000001
1.0063467799999999
1.008845326
1.000423302
1.003241534
1.006809152
1.010311916
1.001512726
0.999575798
1.0025975059999999
0.9991456120000001
1.007950382
1.004912832
1.005411542
0.998232986
0.7472146340000001
1.006047408
1.0075696840000001
1.00040932
0.987219444
0.983557022
1.0050045380000001
1.003361062
1.011053952
1.003302466
0.996810482
0.980288474
1.004433408
1.007694976
1.000106484
1.0001158
1.006648688
0.747167838
0.98440013
1.0050045380000001
1.005581028
1.004496834
0.99963396
1.019869754
1.001283914
0.998047414
1.002370536
0.985172366
1.003839462
1.0028690679999999
1.0053762400000001
1.002583462
1.004311274
1.006721834
1.005413896
1.003489998
1.002513258
1.01489324
1.006273688
1.007872328
1.010278646
1.00415865
0.982122108
1.006120468
1.002508578
0.985145248
1.008194086
1.0054986320000001
0.989256818
1.006660486
1.009874816
0.992658958
0.984415924
1.005420956
1.008203552
1.006634532
1.004353548
1.005218586
1.0021389920000001
1.016733572
1.003527512
1.009184304
0.74794202
1.007087724
1.003248564
1.006620378
1.0046613119999999
1.007094808
0.9334409779999999
0.747267936
1.00851368
0.995934446
0.995782048
1.0037080919999999
1.0071845499999998
1.00278009
1.0201313699999999
1.00398495
1.0064505400000001
1.006089828
1.000453596
0.980776474
0.992376846
0.747078162
1.00552688
1.0062194660000001
0.986559556
1.001421656
1.004325366
0.9851023179999999
1.00780138
1.004285442
1.009665902
1.017639366
1.009725244
0.9999877300000001
1.009044418
1.005357412
0.986722746
1.003131404
0.98645759
0.7471925340000001
1.006504788
1.005960224
1.0055998640000001
0.985240164
0.985409698
1.016216356
1.003431386
1.006075688
0.985748944
0.98565167
1.012152354
1.00336575
1.007012164
1.004832896
1.009428604
1.004658962
0.999906246
1.01409288
1.006094542
1.00780611
1.001255902
1.002031444
1.006349138
1.007964576
1.007881788
0.987637148
1.008426068
1.004409918
1.000826602
1.004792932
1.0038089639999999
0.99995979
1.010511588
1.008336102
1.00687996
1.0079361900000001
1.002047808
0.999750304
1.003630692
1.005331526
1.001547758
1.004997484
1.004252568
1.004710666
1.0057199540000001
0.9867431480000001
1.004973968
1.004903426
0.99732434
1.0033235600000001
0.9848877159999999
0.985891498
1.003412632
1.006889402
0.7473940720000001
1.00296977
1.003140776
0.987868854
1.02006353
0.9868066280000001
1.006108684
1.0062619
1.004588466
1.00523976
1.000710008
1.003961482
0.980879508
1.003884044
1.003091576
1.001487038
1.005764702
1.009746608
1.004111698
0.999168856
1.0052138800000001
0.992913686
1.015262692
0.9872103680000001
0.98759627
0.986752216
0.99987133
1.00304941
0.984910302
1.007057026
0.986443996
0.985039056
0.982733346
1.004898724
0.9988110219999999
0.999043352
0.9977622300000001
1.00429014
1.006306696
1.003260282
0.984483616
1.004226738
1.004412268
1.00393332
1.008002426
0.9998643479999999
1.005183298
1.003257938
1.004024848
1.008004792
1.00619118
1.003891082
1.0084592159999999
1.003959134
1.00568934
1.004182128
1.0121261160000001
1.004132826
1.004271354
1.00355565
1.006056836
0.983807098
0.984894492
1.000733324
1.006469408
1.012076032
1.005611636
1.0032110699999999
1.006693518
1.00598143
1.0022185
1.001620164
1.00420091
1.003968522
1.010687554
1.004346502
1.011913886
1.001547758
0.9887626199999999
0.9850932800000001
0.993989108
0.9827468380000001
1.00827219
0.9845490640000001
1.005788256
1.005800032
1.0043817320000001
1.005277406
1.004095266
1.005388006
0.999415308
1.0060262
1.005774124
0.984343726
0.98635791
1.003609586
1.001825762
0.622546546
1.0079172680000001
1.005868342
1.00633499
0.746966422
1.001998716
1.0097537300000001
0.9860408820000001
1.002656018
1.002337786
1.003426698
0.9851746259999999
1.006304338
1.001358616
0.98696763
1.004931642
1.0063232020000001
1.003801924
1.007671334
1.003283716
1.0070027179999999
0.9952282659999999
1.003356374
1.005701116
1.00448274
1.002501558
1.008305328
1.005611636
0.99653063
0.999108424
1.002791798
0.986940414
1.000730992
1.011294396
1.0082248520000001
1.004398174
1.006665204
1.002052484
1.007345184
1.0037080919999999
1.006469408
1.007368812
1.0069271720000001
1.0033704380000001
0.985086502
1.0034056
1.0037596979999999
1.003314184
0.9888901080000001
0.999443216
1.019525982
1.004952804
1.007328646
1.006212394
1.004144564
1.006622736
0.986700076
0.998219066
1.006177036
1.00289951
1.00517624
1.0060874720000001
1.002379894
0.985393872
1.0015314100000001
1.014121614
0.98690413
0.7471561400000001
1.004973968
1.01278006
1.0008242699999998
1.008748178
1.00364711
0.986632078
0.990959542
1.003820694
1.002744974
1.006662846
1.0056187
1.00520447
1.0077351700000001
0.997660254
0.9998992640000001
1.000763638
1.005767058
1.010713716
1.004835246
1.00572231
0.9998992640000001
0.996900716
1.020141062
1.005044518
1.004146912
1.005910748
0.983680918
0.747137944
0.747650374
0.994025916
1.004445152
1.00104354
1.006030914
1.004595514
1.005451554
1.0160360560000001
1.007255412
1.008688952
1.004184476
1.003065808
1.003126718
1.004189172
1.006853996
1.00412813
1.006599144
1.00692245
1.007078278
1.002295682
1.00425022
1.0080923320000001
1.001545422
1.002471138
1.0048611079999998
1.004955156
0.9944194700000001
1.005305642
0.74750854
1.001155544
1.0185709299999999
1.006445824
0.998794762
1.00202443
1.002986164
1.003851194
0.995512002
0.9846709520000001
1.01983585
1.0046072639999999
1.005218586
1.001372624
1.005913104
1.004362942
1.00658735
1.0070995299999999
1.00007854
1.005750572
1.006464692
0.9835660319999999
1.003539236
1.005456262
1.006330274
1.000085526
1.005840076
1.0069318919999999
1.003820694
1.000376698
1.00859894
1.004402872
0.983798084
1.002986164
1.006662846
1.003614276
0.999545558
1.003914548
0.982638914
1.007245964
1.007777732
1.019760786
0.9830099999999999
1.006806792
1.004092918
1.002379894
1.004229086
1.006299624
1.004705966
1.004564968
1.007839218
1.006948418
0.7471171480000001
1.000826602
1.0023143939999999
0.9862673099999999
1.0067100359999999
0.9830662499999999
0.996489014
1.00474122
1.004924588
0.99743088
1.006735994
1.006759592
1.004243176
0.986799826
0.981552006
1.007193998
0.997115956
0.985106836
1.005967292
1.00195664
1.005002186
1.004720068
1.0026724040000001
1.005675212
1.01069469
0.7469495359999999
0.9981309119999999
0.983674158
1.00129792
0.990045826
0.9943987479999999
0.9963826739999999
1.018389792
1.0048281940000001
1.005298584
1.00742552
1.001734634
1.003942708
1.01904944
1.003830078
1.01084455
1.003539236
1.004151608
1.00455557
1.008002426
1.001269908
1.007411342
1.007595686
0.747076862
0.984650634
1.00499278
1.0041750839999999
1.003553306
1.005300936
1.00517624
0.995122194
1.002496878
1.002012742
1.008395288
1.0052962300000001
1.00318998
1.00338919
1.006544888
1.00581652
1.00399199
1.00407414
1.0056728560000001
1.004527376
1.007959844
1.010290528
1.004877564
1.002588144
1.004186824
1.00112054
1.006132252
1.0067879100000001
1.003970868
0.983361104
0.999689802
1.002641974
1.0039192399999999
0.996583814
1.000038954
1.000551484
1.002363518
0.985898286
1.004151608
1.0042149980000001
0.981361372
1.004013114
1.007038136
1.007210532
0.982310792
1.0067949919999999
1.0057859
1.008217752
1.00047457
0.9953458940000001
1.0091108
1.005138602
0.996828992
1.0029112199999999
1.007434972
1.00227697
1.008291126
1.004901076
1.014718202
0.985206264
1.01668303
1.000066896
1.00071467
1.005797676
1.005475092
1.00385354
1.002922928
1.005764702
1.007153848
0.996775782
1.007286122
1.003194668
0.994898598
1.0053832999999999
1.00552688
1.004818792
1.00500689
1.001706598
0.999022438
1.015505142
1.005103318
1.005604572
1.003694018
1.004762376
1.017145316
1.00503276
1.004919886
1.00324622
1.008449746
1.00406475
0.983361104
0.9933109520000001
1.0034431080000001
1.0033235600000001
0.987823414
1.00611811
1.009122654
1.002632612
1.00451328
1.00544214
1.008302962
1.00203612
1.007777732
1.01496519
1.00239861
1.000225266
0.99555123
1.0056139899999998
1.004847002
1.006698238
1.002684108
1.00425022
1.004207954
1.0017206159999998
1.001998716
1.019656684
1.000420972
1.011813762
0.9981773060000001
0.9862039
0.982528766
0.995922898
1.008302962
0.9933936619999999
1.00359786
0.746924854
1.001942616
1.000062238
1.004713016
1.00729321
1.00570818
0.982546748
1.01503715
0.993931602
1.009442838
0.996149268
0.9953643459999999
0.9888536800000001
1.006589708
1.006125182
1.00811126
0.997931466
1.0048611079999998
1.01086834
1.0041750839999999
1.009034936
0.9852989280000001
1.014701422
0.7474812200000001
1.00131893
1.001440336
1.002335446
1.002536658
1.00277775
1.006075688
1.008596572
1.003072836
0.985219822
1.004409918
1.0061275379999999
1.00455322
1.004160998
1.012999822
0.997708922
1.006429316
0.985914128
1.00965166
0.987364692
1.007867598
0.98407083
1.0053927139999999
1.0067053160000001
0.983928802
1.006811512
1.003140776
1.00620768
1.0063609279999999
1.004647212
1.005131544
0.747630854
1.005060982
0.983933312
1.004097614
1.007000358
1.004710666
0.999747976
1.001568778
1.007702068
1.0052068219999999
0.986985774
1.004809388
1.006311412
0.9943457979999999
1.005809454
0.622550156
1.008563414
1.00650007
1.003757352
1.004374686
1.010661394
1.00600735
1.005642246
1.010197854
1.00579061
1.002330768
1.0081538540000001
1.008250888
0.982627674
1.00412813
1.015291492
1.003489998
1.0023564999999999
1.0020805400000001
1.005409188
0.983946836
1.00426196
0.997604638
1.003881696
1.00900649
0.998121634
1.0075153239999999
1.0082082860000001
0.990543592
1.016967094
1.004402872
1.004097614
1.003701056
0.998328118
1.007264862
0.7471002539999999
1.008298228
1.006620378
1.005477446
1.0044686440000001
1.00262325
1.003921588
0.74715354
1.00839292
1.002766044
1.000176352
0.998583442
0.99979685
1.0063232020000001
0.9989271740000001
0.9874214419999999
1.0044686440000001
1.006754872
1.000290494
1.004981022
1.004034238
0.986242398
1.005578674
1.009333716
1.004135174
1.00711606
1.011463488
0.997479526
0.985039056
1.009132138
1.008492368
1.002876092
1.003337622
1.006012062
1.011670764
0.9987227639999999
1.009298138
1.008733964
0.991856622
0.996341068
0.9842512400000001
1.003222786
1.0033704380000001
0.9980636479999999
1.00262091
1.005124488
1.005428018
0.985703698
1.006544888
1.003963828
1.00752714
1.004581416
1.0099175599999999
1.004485088
1.0051127279999998
1.001108872
0.747024886
1.010361826
1.005663438
0.747105452
1.008511312
1.002274632
1.007784826
0.9857466819999999
1.00385354
1.005310348
1.0026724040000001
1.011003972
1.005738796
1.00357441
1.00409996
1.002641974
1.01036658
1.00484465
1.003332936
1.006391584
1.005103318
1.007746992
1.00930051
0.995754344
0.98424673
1.002712198
1.004456898
0.985323794
0.984483616
0.9953643459999999
1.006544888
1.003696364
0.999908574
1.004851704
1.001765008
1.003489998
1.006835114
0.999143288
1.0050045380000001
1.0044803900000001
1.006264258
0.972279588
0.9856539320000001
1.004818792
1.006577912
1.0034853080000001
1.005863632
1.00596258
0.99031063
1.008506576
1.005988498
1.006441108
0.983773296
0.988748964
0.9848606160000001
1.004029542
1.006669924
1.006356212
1.0006400640000002
1.006745432
1.004886968
1.001891196
0.999824778
0.6129153159999999
0.9841474960000001
1.008705534
1.0062784040000001
1.007877058
0.9851655859999999
0.999429262
0.999003848
0.986015982
1.005562194
1.003288404
1.005778834
0.993497066
1.00299085
1.008191718
1.004715366
1.010473548
0.747182136
1.007104254
1.00738535
1.008402392
1.006804432
1.018078388
1.005863632
1.0089685640000001
1.00742552
0.986879186
1.004642512
1.005861276
0.9963503140000001
1.00496221
1.005418602
0.998841218
0.987752988
0.7472250340000001
1.007810838
1.006202966
0.9983374
1.00611811
0.998181946
1.0069720260000001
1.005293878
0.984165538
1.0045579199999999
1.0033751260000001
1.005482154
1.0079361900000001
1.004952804
1.005797676
0.982274846
1.009053902
1.005818876
1.0046519120000001
1.001080872
0.982450104
1.01216905
1.005315054
1.004243176
1.007000358
1.00473182
1.005769412
0.7471080520000001
1.0015314100000001
1.007869962
0.9857466819999999
0.747753206
0.987900666
0.99121111
1.005338586
0.986061258
0.98089967
1.00658735
1.007163294
1.004358246
1.0045837659999999
1.00112754
1.004142216
1.007548412
1.006214752
0.985267284
1.00585892
1.00380427
1.01310735
0.999727034
1.00316655
1.0062171100000001
1.004602564
1.005656374
1.003778464
1.01021211
0.998495224
1.006648688
1.008340838
1.005275054
1.0024454
0.983160764
1.004623712
1.004743572
1.00301193
1.004715366
1.0039966839999999
1.005493924
0.998446478
1.008196452
1.006861076
1.00519506
1.006950778
0.986405482
1.005432724
1.000710008
0.99682205
1.004943398
1.00400842
1.004971616
1.005894256
1.012343208
0.985755732
0.9897834440000001
1.00304941
1.001961316
1.000148404
1.004172736
1.0004559259999999
0.9918268440000001
1.004703616
1.004102308
0.993623478
1.011242012
1.002438382
1.0052727
0.983480448
1.010088568
1.008035546
1.0071137
1.002213824
1.003025984
1.0023027
0.9966
0.9984766540000001
1.010117074
0.7474265880000001
1.004933994
0.985800982
1.017764762
1.005993212
1.0081065280000001
1.0060262
0.997143736
0.982526518
1.0045837659999999
1.0082698239999999
1.003658836
1.009910434
0.983897246
0.7470573699999999
0.987074238
1.008999378
1.003881696
1.008355042
1.002576442
1.008842956
1.006773752
0.633216364
0.98225912
0.9973104439999999
1.004600214
1.004226738
0.98696763
1.004593164
1.006551964
1.005378594
0.989231756
0.990836092
1.004647212
1.013021326
1.005482154
1.005277406
1.011789926
1.006950778
0.997950016
1.00031146
1.001809404
1.005249172
0.997363712
1.004788232
0.999243244
1.0086273639999999
1.013212508
1.005913104
0.9830527499999999
0.747070366
1.008281658
1.004602564
1.005569256
1.019753524
1.006544888
1.000218278
1.007316834
0.984998394
1.005482154
0.747143142
1.000085526
1.006514222
0.9824995480000001
1.000647058
1.0082745579999999
1.0029721120000001
1.007033414
1.007775368
1.005188002
1.006946058
1.010544874
0.997085862
1.010138456
1.006202966
1.005710534
1.00542331
1.008523154
1.007380626
1.007444426
1.00406475
1.002632612
1.006375076
1.004339456
1.008525522
1.010511588
1.000297482
0.99033803
1.008869024
0.990349448
1.004144564
1.002847992
0.9846190319999999
1.0046613119999999
1.006455258
1.01415035
0.9855747699999999
1.0017393060000002
1.015973566
0.74703658
1.004752972
1.003100948
1.010100446
1.006368002
1.00583772
1.009234104
0.982133336
1.005086854
0.9977529580000001
1.011008732
1.00425022
1.003407944
1.004673062
0.9934648939999999
1.00614168
1.0201580239999999
0.995272084
1.0073522719999999
1.004847002
1.006193536
1.006632174
1.008854806
0.9838995
1.002073526
1.0042737019999999
1.0057175999999999
1.005180944
0.9841474960000001
1.00220213
0.9911219019999999
1.002206808
1.009713374
1.008978046
1.004966914
1.00911317
1.004966914
1.003492342
1.002295682
1.0059225280000001
0.9840866140000001
0.987407822
1.007583868
1.006504788
0.747131444
1.001251234
1.005948444
1.009454702
1.006092186
1.002749656
1.01220006
1.0067879100000001
0.747248434
1.005357412
0.983446668
1.004894022
0.999482754
1.0064859179999999
1.006184108
0.98712188
1.001860816
0.622530304
1.002531978
1.006511864
1.004069446
0.986142762
1.001300254
1.007664242
1.00336575
1.006231254
1.008587098
1.005366826
1.009101316
1.007142038
1.004226738
1.005432724
0.747777942
1.00793146
1.002857358
1.006806792
1.01034519
1.002700494
0.9993036919999999
1.006556682
1.004771778
0.988109762
1.003433732
0.996574564
1.006092186
0.9985323660000001
1.0056139899999998
0.984745454
1.003330592
1.0039028140000001
1.003618966
1.0067761100000001
1.00183511
1.0061699640000001
1.005089206
0.983703448
0.98284129
0.9956850920000001
1.007877058
1.000926894
1.012281172
1.0062006079999999
0.984571632
1.006891762
1.00569876
1.00516683
0.9927071399999999
0.9965329420000001
1.006969666
1.005710534
0.997769184
0.995992184
1.004360594
1.010554384
1.00255538
1.003797232
0.9842444739999999
1.002934638
1.005948444
1.005468032
0.74715354
0.373508546
1.005783544
1.005814164
1.00668408
1.00448274
1.005232702
1.01152066
1.00235884
1.003461864
1.00642224
1.002192776
1.002585804
1.008302962
1.003311842
1.0052209380000001
1.005456262
1.000111142
0.98419711
1.0088358480000001
1.008736332
1.0047341699999999
0.985520494
1.001963652
1.005039814
0.98845997
1.00345952
1.008134924
1.007711526
0.994152464
0.986999384
1.008570518
0.986845172
1.004879916
0.986083896
1.0029041939999999
1.003363406
1.000758974
0.99775064
1.0065236579999999
0.9965907519999999
1.012209602
1.005293878
1.004522678
1.00202443
1.002550698
1.003379814
0.999824778
1.00164586
1.005901324
1.004123436
1.00347593
1.005550422
1.004391128
1.00422439
1.014001902
1.0008685819999998
0.747033982
0.984260262
1.004952804
0.747633456
1.0021553619999999
0.996149268
0.998892324
1.0054350779999999
1.008388186
1.000351068
0.98368317
0.9967248919999999
1.0071137
1.004943398
0.747143142
1.00127691
0.747056072
1.004590816
0.9982770679999999
1.009395392
1.002805846
1.0038113100000001
1.00403189
0.990614416
1.000546822
1.004757674
1.004684814
1.005173888
1.004811738
1.0051009659999999
1.00368229
1.00620768
1.0052962300000001
1.005275054
1.001400642
1.006695878
1.007773004
1.0059531560000001
1.005696406
1.002571762
0.9819447219999999
1.004421662
1.003665872
1.007361724
0.990568722
1.003539236
1.002232532
0.995359734
0.9906464039999999
1.006193536
1.004903426
1.004193868
1.001141542
1.006672284
0.982297312
0.747603524
0.98541422
1.004207954
1.008231952
0.987991566
1.00542331
1.002422004
1.00579061
1.0024875180000001
1.003938014
1.00505863
1.003891082
1.003065808
0.986929076
0.747187336
1.003501722
1.00232843
1.008850066
1.004569668
1.006235968
1.0080213519999999
0.99265437
1.002298022
1.009238846
1.007399528
1.003175922
1.003042382
1.004567318
1.008094698
1.005124488
0.98551597
1.00768552
1.003963828
1.00336575
1.003307154
1.00239627
1.007094808
1.008606046
1.007335734
1.009018342
1.00534094
1.0065236579999999
1.006075688
1.006233612
0.98590055
1.006014418
1.00651894
0.9852966679999999
1.007153848
0.995867476
1.00488932
0.994186982
1.002915902
0.9939960099999999
1.016334188
0.986561822
1.003325904
0.9990526479999999
1.004931642
1.004027196
1.00511508
0.985235644
0.993154764
0.747230234
1.0052562299999999
1.012410024
1.001839782
1.00600028
1.0074184320000001
1.00289951
0.990379136
1.005209176
0.998455764
1.003222786
1.004886968
1.001372624
1.002852676
1.0081538540000001
1.005602218
1.006849276
1.000386018
1.004435756
0.9998177960000001
0.982724352
1.004771778
1.005211528
1.000817274
1.003436076
1.001377294
1.007711526
1.002192776
1.005625762
0.9965976879999999
1.0078652319999999
1.005235056
1.005413896
1.0062194660000001
1.018585424
1.00582123
1.0042948360000001
0.99923162
1.006861076
0.985699174
0.984587432
1.008059206
0.996729518
1.007959844
1.004060056
1.002756678
1.0049363439999999
0.986725012
1.003297778
1.000551484
1.004884618
1.004595514
0.989705896
1.002260598
1.005814164
1.008883242
1.008087598
0.747649074
1.009030196
1.000798616
0.983203528
1.0059955680000001
1.00298148
1.002546018
1.01491962
1.006344422
1.0072790360000001
1.004153954
1.005399774
1.006233612
1.002766044
1.0029299539999998
1.009725244
0.981935742
0.999027086
1.001167212
1.007626416
1.00414926
1.00700508
1.006167608
0.985604172
1.016849116
1.003973216
1.007841582
1.00401546
1.003351686
1.00364711
1.002632612
1.00752005
1.00021595
0.98780751
1.003626002
1.009803586
0.985504664
1.007836852
1.004644862
1.003262624
1.002482838
1.004818792
1.003145462
1.0042126500000002
1.005108022
1.003339966
1.0109373419999999
0.9970604019999999
1.003307154
0.9846483779999999
1.004924588
1.0052562299999999
0.9905847139999999
1.003778464
1.000847592
1.004705966
1.006481202
0.9899910559999999
1.004595514
1.005453908
1.00496221
1.0071444
1.002602186
1.001487038
1.008542098
1.005465678
1.007666606
1.004640162
1.00579061
1.000929228
1.004271354
1.007217618
1.0080923320000001
1.001416986
1.006240684
1.004640162
1.004102308
1.006174678
1.006677002
1.005604572
0.9844542820000001
1.00956385
1.010418874
1.004151608
1.0065236579999999
1.005253878
1.007621688
1.00392628
1.006063906
1.009580462
0.998353644
1.008797934
1.00204547
1.006070976
1.0086273639999999
1.004362942
1.005851854
1.00455322
1.004097614
1.006462334
1.003600206
0.995131418
0.983219282
1.00541625
1.010005432
1.0066133
1.003281374
1.020708368
1.008686582
1.006070976
1.000572462
1.007335734
1.005428018
1.006056836
1.005145658
1.0059790739999999
0.99681511
1.0008919059999999
1.002677086
1.002698154
0.9839107699999999
1.009509272
1.004807038
1.0081869860000001
0.994251422
1.004313624
0.983811606
1.004877564
1.009189046
1.001001544
0.989265932
1.00668644
1.007503506
0.98399643
1.003633038
1.0048822659999999
1.0076547839999999
1.004619012
1.00564931
1.006809152
1.005183298
1.004576718
0.985362222
1.0078439479999999
0.982297312
1.007281398
1.005823586
1.004839948
1.0051009659999999
0.747024886
1.005199766
1.006184108
1.00351579
1.00288546
0.9994199579999999
0.9854843120000001
1.00171828
1.005861276
1.004604914
1.003234504
1.0027192219999999
1.004677762
1.004001378
1.002763702
1.0049998359999999
1.003799578
0.9942859479999999
1.0018982079999998
1.005232702
1.004247872
1.005668148
1.004172736
1.00499278
0.982672638
1.0058565640000001
1.0043371079999999
1.00877424
1.000288164
0.7479550460000001
1.001066872
0.999575798
0.986258252
0.998557904
1.008771872
0.998892324
1.005098614
1.006299624
0.9964335280000001
0.746582088
1.0034853080000001
0.9839107699999999
1.00478353
0.988416748
1.006417524
1.005270348
1.004409918
1.019782578
0.999187452
1.002410306
0.99976194
1.00478118
1.014782936
1.003241534
1.002181084
0.747122348
1.002817552
1.018667562
1.006832754
1.00700744
1.003710438
1.00869132
0.984170048
0.994373424
0.985966184
1.002927612
1.007193998
0.9823040519999999
1.0014963780000001
0.997340552
1.004463946
1.004534424
0.987387392
1.004395826
1.0089685640000001
1.005675212
1.007919632
1.00568934
1.002283988
1.007373536
1.005300936
1.002099244
1.007033414
0.984817708
1.003461864
1.0048822659999999
1.008052108
0.7471561400000001
1.00603327
1.005882478
1.006469408
1.003771428
1.004715366
1.001676228
0.747069066
1.008179886
1.001393638
1.000283504
1.007867598
1.006490636
0.9829312619999999
1.006096898
1.004095266
1.006856356
1.004835246
0.99809148
0.998024222
1.002744974
0.987721186
1.005180944
1.003797232
1.008755286
0.7470456759999999
1.003396224
1.00573173
1.00303067
1.0029041939999999
1.004142216
1.005044518
1.007926728
1.007846312
1.001209222
1.00600028
1.0083455719999999
1.003581446
0.991018992
0.997372976
1.00527976
1.005847142
1.005889544
1.00126524
1.005566902
1.00790071
1.01005056
0.74688329
0.998358286
1.015601194
1.006056836
0.99404432
1.005632826
1.01554116
1.007666606
1.003361062
0.990991552
0.985339616
1.01541391
1.004879916
1.00610397
1.005432724
1.006264258
1.00628312
1.001550094
1.008215386
1.002836284
1.007078278
1.001494044
1.006490636
0.985321532
0.985597386
0.747160038
1.005606926
1.006297266
1.002096906
1.007496416
1.004971616
1.014377894
0.982297312
1.0043347599999999
1.0072719479999999
1.00697911
0.747134044
1.006226538
0.747634758
0.991373552
1.002344804
1.005788256
1.008653418
1.004696564
1.004431058
1.007361724
1.00101321
1.006651048
1.0061699640000001
1.005218586
0.999743322
1.005896612
1.006754872
1.00490813
1.006547246
1.000705344
1.003745622
1.007295572
1.00512684
1.00650007
1.0056187
1.002515598
1.01058054
1.006078046
1.00473652
1.007794286
0.99596216
1.005138602
1.0035462720000001
1.006377434
1.007728076
1.007678426
1.00420091
1.00631377
1.00747042
1.0058494980000001
1.004402872
1.006205322
1.000705344
1.002644316
1.005663438
1.0068303939999999
1.005493924
1.0054256639999999
1.0069035659999999
1.0190978
1.0088476960000001
1.006712396
1.003895776
1.004393476
0.999331594
1.007948018
1.005089206
0.985558938
1.005140954
1.002735608
1.00484465
0.9853983940000001
0.746758624
1.005934308
1.00304004
0.986906398
1.006085116
1.0083668780000001
1.003562686
1.006306696
1.0056187
1.004456898
0.997931466
0.999399028
1.007531868
1.006693518
1.006858716
1.006186464
1.0076311439999999
1.006417524
0.996567626
1.0008919059999999
1.005590446
1.007489326
0.99570125
1.0065236579999999
1.011287252
1.0081538540000001
1.0134515880000001
1.006490636
1.008487632
1.006861076
1.01126344
0.983111256
0.99794074
1.0028222359999999
0.9825849600000001
0.984355006
1.002524958
1.000852256
1.008073402
1.008639206
1.002852676
0.74656911
1.0030845480000001
0.9873170280000001
0.9987274079999999
1.004595514
0.747199034
0.98399643
0.9959067340000001
1.006238326
1.007687884
1.008286392
1.00568463
1.00568463
1.00664161
1.0113682179999999
0.9797339060000001
1.005307996
0.9832733060000001
0.98466418
1.002574102
1.015176304
0.999461822
1.00633499
1.005348
1.00776118
1.0056728560000001
1.008191718
1.003581446
1.019542922
1.00563989
1.00563989
1.002908878
1.00484465
1.007855772
0.99610075
0.997516594
1.0063868660000002
1.0058919
1.00704758
1.0044803900000001
1.00126524
1.006037982
1.007548412
1.008899832
1.005336234
1.001045872
1.002637294
0.996116922
1.004543822
1.008596572
1.006575554
1.005997924
0.998966672
0.982380442
0.98574442
1.003778464
0.996424282
1.0037080919999999
1.00419152
1.003722166
1.0066274560000001
1.012632014
1.0073759
1.0061369660000001
1.00422439
1.005743506
1.0018491299999999
1.0008895740000001
1.003014272
1.02033979
1.007335734
1.0033235600000001
1.005225644
0.98845997
1.002754338
1.005145658
1.007503506
1.005227996
1.004644862
0.998599694
1.009098946
1.002464118
1.00490813
1.003431386
1.00555984
1.0053291739999999
0.996637002
0.9846009739999999
1.002592824
1.007092446
1.006469408
0.984470078
1.007243602
0.9821266000000001
1.006634532
0.9983374
1.006662846
1.002241888
1.004116394
1.007175104
0.99972936
1.004470994
1.0040365839999998
1.00640809
1.006063906
1.006167608
0.994873248
0.9822546280000001
0.985737632
1.004536774
1.00018334
1.008378716
1.005037464
1.0157573180000001
1.005439786
1.006549606
0.9858303979999999
1.005388006
1.000523514
0.999785212
0.984409154
1.008788458
0.994085734
1.006938976
1.007841582
0.74685212
0.746798876
1.006740712
0.9916802800000001
1.003241534
0.986623012
1.004863458
1.0066274560000001
1.0170537880000001
1.0009152319999999
1.005428018
1.009162964
0.988471344
1.0034853080000001
1.005086854
1.004633112
1.008551572
1.004795284
1.00507039
1.003180608
1.005776478
1.004055362
0.9863873599999999
1.00614168
1.00306815
1.006913008
1.00447804
1.003466552
1.0067336340000002
1.002131978
1.00571289
1.003349342
1.005524526
0.998578798
1.003222786
1.004546172
1.007650056
1.008449746
0.987689386
1.00527976
1.007163294
1.008456848
1.006096898
1.002527298
1.007825028
1.00789598
1.005380946
1.003471242
1.007879424
1.010093318
1.009865318
1.004160998
1.00496221
0.747573596
1.007872328
1.018945484
0.9849758040000001
1.003572066
1.004123436
1.00734046
1.005654018
1.003949748
0.9990572959999999
1.00222084
1.003581446
0.9973312879999999
1.0021273019999999
1.0048611079999998
1.005348
0.988660198
1.0070995299999999
1.008534994
1.007021608
1.006551964
1.008307696
1.010585296
1.0042924880000001
0.9849758040000001
1.00486816
1.016781712
0.981469014
1.004891672
1.006167608
1.007269586
1.00378081
1.003016614
1.005802388
1.0076287800000001
1.006134608
1.017436868
0.999964448
0.9998806419999999
1.000139088
1.009900936
1.009770348
1.007872328
0.9993804260000001
1.008482896
1.000696018
1.001223226
1.0037596979999999
1.002646656
1.012820662
0.986303548
1.0151139200000001
1.004802336
1.0043371079999999
1.009848696
1.0068634379999999
1.00646705
1.00516683
1.001498714
1.003330592
1.007501142
1.004839948
1.001295586
1.0001414180000001
1.008828738
1.003274342
1.0045085820000001
1.002707516
0.9833048219999999
1.000087854
1.003891082
1.001405312
0.9925671979999999
0.9876803
1.006172322
1.005317408
1.005882478
1.0022185
1.003492342
1.005190354
1.0032110699999999
1.0132674879999999
1.0108017280000001
1.0055951539999999
0.998713474
1.005835364
0.9996921280000001
1.0083455719999999
1.0059248840000001
1.007085362
1.0067053160000001
0.9867272779999999
1.008146756
0.9851746259999999
1.003464208
1.017813
1.004135174
1.004588466
1.004673062
0.98569465
1.005533942
1.007430246
0.74708596
0.987128686
1.00780138
0.747245834
1.005246818
1.005960224
1.0061581800000001
1.007163294
0.9934717879999999
1.003025984
0.9836133340000001
1.006309054
1.0056799220000001
1.0071845499999998
1.005581028
0.982528766
0.984194856
1.004663662
1.00338919
1.00532682
1.007175104
1.00090357
0.62254835
0.998235306
0.985511448
0.98551597
1.002113272
1.000751978
0.985979766
0.9840933780000001
0.9925190300000001
0.999613022
1.007175104
1.006653408
1.0029041939999999
1.00386058
0.984269286
1.003553306
0.987328376
0.984630318
1.002754338
1.004219694
0.984253496
1.00386058
1.005764702
1.005797676
0.986310344
1.016695064
0.995638928
1.005420956
1.012531748
1.007012164
1.002550698
1.00451328
1.0097157479999999
1.008859544
1.00514801
1.007108976
1.005399774
1.006639252
1.007576776
1.007728076
1.0030962620000001
1.004825844
1.004696564
1.005056278
0.988783108
1.001879512
1.005882478
1.005988498
1.002153022
0.994917034
0.9849758040000001
0.99800335
1.005458616
0.984316656
1.0016388520000001
1.005267994
1.00514801
0.747535862
1.005541006
1.0013259319999999
0.982348986
1.003771428
0.747273136
0.99080409
1.004114046
1.006108684
0.994764948
1.007255412
0.99772051
1.002379894
1.0017977200000001
1.01476855
1.003766736
1.005880122
1.002342464
0.987455494
0.995403564
0.996766528
0.98653463
1.008175152
1.007782462
1.00473182
0.995299762
1.004189172
1.005119784
1.00473652
1.004825844
1.006504788
0.999955134
0.99962698
1.012997432
0.993076688
0.987448684
1.00407414
1.002606866
1.005251524
1.002686448
1.004330062
1.003133748
1.007286122
1.007328646
1.006356212
1.005889544
1.0053856540000001
1.007749358
1.00420091
1.007744628
1.002370536
1.007416068
0.998989906
0.997442462
1.005964936
1.01211419
1.0043511999999999
1.004990428
1.003431386
0.9843753120000001
1.005265642
1.020012658
0.995782048
1.007815568
1.00520447
1.0034056
1.006660486
1.00423613
0.99570125
1.015620408
0.990961828
1.0056469540000001
0.9997153980000001
0.9851203940000001
1.004522678
0.984702558
1.007482236
1.004750622
1.00570347
1.00025322
1.006235968
0.9954958500000001
1.005621054
0.99805437
1.0036517999999999
1.005489216
1.003916894
1.00179071
1.003346998
1.006389226
0.7467365539999999
1.005840076
0.980534652
1.001141542
1.001949628
1.003426698
1.006424598
1.0040506679999999
1.00698147
0.999682822
1.000784624
0.9924571059999999
1.005651664
1.00131426
1.012371842
1.005524526
1.004724768
0.985604172
1.004339456
1.000132102
0.998012626
1.005275054
1.0080000599999999
1.0052138800000001
1.00007621
1.004640162
1.006238326
1.01121106
1.005811808
1.006544888
0.986231076
1.005075094
1.004901076
1.0061581800000001
1.005380946
0.997396136
0.9846867539999999
1.001713608
0.9999434939999999
1.001884186
1.005590446
1.009421486
1.0033751260000001
0.998502188
1.004964562
1.008452114
1.00858473
1.004884618
1.005300936
1.001169546
0.9838769620000001
1.0006074280000001
1.002918244
1.00913688
0.997994074
1.0164159640000001
1.0053738859999999
1.005477446
1.005352706
1.003349342
1.009929432
1.005967292
1.007626416
0.9887671739999999
1.0050727419999999
1.00650007
1.004198564
1.002974454
1.006049766
1.005098614
1.000267198
0.9964081
0.9872489440000001
1.008381084
1.003872312
1.003033012
1.000528174
1.00375266
1.00908472
0.994092636
1.005399774
1.003379814
1.00611104
1.01350181
1.008168054
0.972508546
1.001176548
1.008788458
1.003391536
1.0085278899999999
0.747044378
1.0011952179999999
0.999806158
1.007132592
0.993101946
1.00824852
1.007966942
1.00520447
1.003117348
1.007090084
1.005500986
0.745897498
0.74711325
1.00277775
0.997984798
1.00245476
1.003696364
0.983529994
1.005665792
1.009170076
0.7470807620000001
1.013676428
1.00555984
1.003900468
1.004623712
1.00598143
1.005748216
0.98801202
1.000572462
0.9827963099999999
1.00935032
1.0066274560000001
1.004379384
1.007966942
1.00356034
1.003293092
1.00481409
0.9838634399999999
1.002209146
1.011887662
1.006174678
1.007423158
1.003637728
1.005500986
0.7474265880000001
1.003830078
0.9820390200000001
1.0043206679999999
0.9977715020000001
1.005625762
1.007179828
1.006330274
1.003400912
1.00121389
1.0061016120000001
1.00076597
0.993736128
0.746714482
1.003921588
1.00600735
1.004748272
1.00255538
1.007848678
0.9848832
0.99701411
1.006445824
1.0046519120000001
0.986799826
1.0066888
1.004776478
1.00356972
1.006415166
1.003900468
1.005701116
1.005769412
0.984373056
1.006735994
1.0016224999999999
1.00811836
1.004264308
0.994009812
1.0051433060000001
0.99410184
0.996491326
1.007049942
0.747565788
1.001900546
0.9935866999999999
1.00504687
1.004247872
1.0085397299999999
1.005138602
1.005150364
1.0059248840000001
0.9825917040000001
1.006264258
1.011577836
0.9842963539999999
1.001968328
1.006516582
0.9815250879999999
0.993152468
0.9832575480000001
0.9843911040000001
1.004121088
1.0018935340000001
1.002653678
1.006179394
1.00628312
1.004132826
1.007434972
0.747017092
1.008800304
1.00534094
1.001246566
1.006769032
1.004959858
1.003710438
1.008267456
1.006054478
1.007172742
1.011994952
0.9835795460000001
0.9935453280000001
0.983356602
0.992870074
1.004628412
0.984824484
1.002833942
0.98753496
1.002010404
1.003461864
0.9989387900000001
1.002723904
1.0016995899999999
0.996775782
1.003729202
0.99814715
1.000936226
0.747279638
1.004938696
1.003457174
0.997076604
1.004776478
1.003398568
1.003407944
1.009132138
0.9958951859999999
1.006188822
1.005251524
1.00068436
1.003644764
0.9993013660000001
1.0032251300000001
1.005348
1.006290192
1.004933994
1.0081869860000001
1.008729226
1.006901204
0.984813192
1.004760024
1.001057538
1.001468356
1.002784774
1.010383218
1.009248332
0.983570536
1.006417524
1.007621688
1.00442636
1.002782432
1.00184212
1.006464692
1.005477446
1.004114046
1.003956788
0.983994176
1.009219874
1.0041750839999999
1.015939922
1.007709162
0.7477297740000001
0.9881279479999999
1.0076287800000001
1.002855018
0.986974434
0.9850661679999999
0.997535128
0.994536904
1.002160038
1.007111338
1.005804742
1.004116394
1.008954344
1.007094808
1.005246818
1.003797232
1.005887188
1.000616752
1.004802336
1.002400948
0.746896278
1.005493924
0.9864032180000001
1.001015542
1.004572018
1.022102644
1.004623712
1.007829758
1.005818876
1.006063906
1.009542494
1.002747314
1.007782462
1.008201186
1.006049766
0.9819739080000001
0.7464432520000001
0.990169078
1.0042455240000001
1.005216234
1.004391128
1.005677566
0.747370662
1.005997924
1.00417039
1.00328606
1.0043183199999999
0.996574564
1.003553306
1.0046871640000001
1.005884834
1.007647692
1.000334758
1.00546097
1.006094542
1.006530734
1.006139322
1.004623712
1.0059955680000001
1.0069555000000001
1.010575784
1.004896374
0.996528318
1.005131544
1.00986057
0.986768084
1.00564931
1.002852676
1.005289172
1.000236914
0.98140622
1.000241572
1.002178746
0.98368993
1.0045085820000001
1.006419882
1.004013114
0.7470911579999999
1.003987296
0.998267788
1.007281398
0.99303995
1.0055998640000001
1.018580592
0.9834376600000001
1.0059578679999999
0.985656194
1.006858716
1.000539828
1.00905153
1.006297266
1.007434972
1.0095923279999999
0.99959441
1.004896374
1.003283716
1.006177036
0.994421772
1.008144388
1.011861438
1.0037080919999999
1.001725288
0.74711585
1.003827732
1.0033235600000001
0.9847161019999999
1.000840596
0.9868043599999999
1.007191636
1.004644862
1.002162376
1.003982602
1.005060982
0.986258252
1.00697911
1.008378716
1.007531868
1.007227066
1.0067053160000001
1.0174440980000001
1.003952094
1.0052138800000001
0.746670346
1.006636892
0.981915538
1.00697911
1.006066262
1.004198564
1.00282926
1.0030213
1.00578119
1.005993212
1.020470702
0.99728034
1.002915902
1.002513258
1.006917728
1.003649456
1.0064859179999999
1.005044518
1.004602564
1.004431058
1.007177466
1.006028556
1.0051433060000001
1.006195894
1.004022502
1.003701056
1.007813204
1.00355565
0.747067766
1.00204547
1.0095947
1.000194986
0.746639194
1.004203258
1.00729321
1.008172786
1.005566902
1.0103238
1.0030353539999999
0.999659554
0.9843414699999999
0.987907482
1.004102308
0.982292818
1.021290878
1.00713023
1.00668644
0.995057642
1.008949602
1.00844501
1.000118128
0.988371256
1.006750152
1.01236707
1.006809152
1.005705824
1.005955512
1.003098604
1.002590484
1.004774128
1.005211528
1.004306578
1.003827732
0.9837642839999999
0.994857116
1.011458724
1.005569256
1.01620193
0.9996013880000001
1.00299085
1.002578782
1.008601308
1.00724124
1.005581028
1.001886522
1.007399528
1.007846312
0.9989992019999999
0.747131444
0.985287628
1.00373624
1.004677762
0.9849148179999999
1.008082866
1.0035181340000001
1.0017977200000001
1.003501722
1.004715366
0.9839197860000001
1.0066888
1.010430758
1.008606046
1.004792932
1.005623408
0.9944125619999999
1.007264862
1.00478353
1.008982786
1.001218558
0.981408462
1.004041278
1.0062949079999999
1.006976748
1.005538652
1.005795322
0.986450794
1.006761952
0.74689498
0.373512768
0.999743322
1.013831958
1.006276046
1.01639191
1.00204547
1.002890142
1.007444426
1.007080638
1.0062784040000001
1.005171534
1.0048752140000001
0.9962278280000001
1.006575554
1.008066304
1.011887662
1.00455322
0.74715224
1.0026724040000001
1.0065614
1.00445455
1.004713016
1.00678083
1.013236412
1.003867618
0.997396136
0.986641144
1.004767076
1.001582792
1.00315952
0.9986229120000001
1.0092459599999999
1.003391536
1.001879512
0.99991323
1.0054962779999999
1.006179394
1.005110374
1.004283094
0.985518232
1.007593322
1.004280746
1.00378081
1.005188002
1.004891672
1.001757998
1.006806792
1.003750314
1.006078046
1.00114621
1.008828738
1.01041412
0.98304375
1.002574102
1.002641974
1.00568934
1.006108684
1.005265642
1.02032767
1.002913562
1.00307752
0.99972936
1.0040506679999999
1.0015664420000001
1.002637294
1.003124376
1.006377434
1.005625762
1.000460588
0.74698591
1.004308926
0.983217032
1.003975562
0.9950507260000001
1.00655904
1.004130478
1.00721998
1.0042948360000001
1.0075153239999999
1.00197534
0.9831450119999999
0.747165238
1.006988552
0.992441052
1.003447798
1.00587541
1.00503276
0.747065168
1.006957862
1.004760024
1.003541582
0.990746952
1.0032181
0.9999737599999999
1.0047224179999998
1.003492342
0.9855272780000001
1.000434952
1.015490736
1.004649562
1.003865272
1.008120726
0.747184736
0.99607303
1.002707516
1.007465694
1.004374686
1.002808186
1.00704758
1.007576776
1.004879916
1.004431058
1.00734991
1.0051621259999999
1.001676228
1.007139678
1.02170146
0.99743783
1.004130478
0.982578218
1.003907508
1.003229816
0.998314194
1.005218586
0.747102854
0.9950484199999999
1.004604914
0.98509554
1.00448274
0.747089858
0.9868701139999999
1.008331368
1.004001378
1.006969666
1.00294869
0.999738668
1.0083668780000001
1.005227996
1.003213414
1.006384508
1.004229086
1.008733964
1.002632612
1.006993274
1.00590368
1.0056139899999998
1.0035462720000001
1.002213824
0.988109762
1.008324266
1.00697911
1.003520478
1.00102954
1.00573644
1.00804501
0.984594204
1.005042166
1.005173888
0.9846190319999999
1.003328248
0.997551346
0.747062568
1.004184476
1.0062171100000001
1.004264308
0.9984975460000001
0.984479104
1.004323018
0.985430046
0.98484255
0.747175636
1.003328248
1.004593164
1.003745622
1.007966942
0.985572508
1.006186464
1.005583382
0.9870787759999999
1.006948418
1.008551572
1.010471172
1.00668644
1.00678083
1.0111491620000002
1.0028690679999999
1.006658126
1.0041750839999999
0.747131444
1.007118422
0.9832080280000001
1.005752926
1.006384508
0.9828008079999999
0.994847898
1.00677847
1.009200904
1.003482964
1.0039966839999999
1.0055998640000001
1.004379384
0.98844177
1.012641564
0.9968845199999999
1.0034431080000001
1.00169258
1.00239159
1.00746333
1.002429024
1.004691864
1.004400522
1.00351579
1.002656018
1.00769734
1.004748272
1.006481202
1.00752714
1.0054492
1.0013259319999999
1.001398306
1.002412646
1.003445452
1.007955114
1.00952351
0.993444212
1.003670564
1.007501142
1.006115754
0.747456504
1.0072743100000001
1.009352692
1.007312108
1.001421656
1.010999212
1.008333736
1.0066274560000001
1.002705176
1.0009758819999999
1.0046519120000001
0.984479104
0.985292148
0.985326054
1.00031845
1.0036635280000001
0.74705867
0.999250218
1.006681722
1.0101812220000002
0.985828136
1.005406834
0.74711195
1.003276686
1.004879916
1.00198469
0.986992578
0.99695394
1.00845448
0.9840212279999999
1.0005188520000001
1.005110374
1.004193868
1.0063868660000002
1.0022044700000001
1.00570347
1.003431386
1.009485546
1.006721834
1.007177466
1.00345483
1.003075178
0.999252544
1.00021595
1.000467578
0.9881711440000001
1.004543822
1.003089234
1.007061748
0.9984348740000001
0.990687534
0.74689368
1.000332428
1.0038066159999999
1.0083171640000002
1.00695314
1.002295682
1.0060591920000002
1.004069446
1.006608582
0.984761258
1.005623408
1.00539742
1.00408353
1.004085876
1.006655768
1.003935668
1.006603862
0.9990526479999999
0.988478168
1.0004069899999999
1.005578674
0.995186758
0.999694456
1.015747708
1.0065071460000001
1.004287792
1.009813082
1.004346502
1.00393332
1.0062548279999999
1.006047408
1.017757526
1.003949748
0.9974864760000001
1.002609208
1.019944834
1.006820952
1.006080402
1.007683154
1.00256942
1.002361178
1.004323018
1.005075094
1.002955716
1.004971616
1.007321558
1.005183298
1.003562686
1.001809404
0.746517204
1.002440722
1.009585208
1.004767076
1.006047408
0.990714958
1.005654018
0.7465496439999999
1.00126524
0.986539162
1.0021389920000001
1.0056445999999999
1.001342274
1.005404482
1.004630762
1.0064859179999999
0.98545944
1.00747042
1.000721666
0.9939753060000001
0.9984488
0.74729914
1.00358848
1.018805296
1.0021577
1.005524526
1.003499376
1.006368002
0.9832575480000001
1.004628412
1.00908472
1.0163414020000001
0.985583816
0.747581402
0.9975884180000001
1.002440722
1.001902882
1.006905926
0.9863284640000001
1.0044240119999999
1.002082878
1.007075916
1.005545714
0.982665892
1.008175152
0.996426594
1.002705176
1.0036776
1.004633112
1.002010404
1.00477883
0.99814483
0.998829604
1.001617828
1.00570818
1.009039678
1.003281374
1.00679027
1.005637536
1.007193998
1.006566118
1.007768274
1.005366826
0.997715874
1.001421656
1.001958978
1.001246566
1.008286392
1.004849352
1.007302658
1.0066888
1.003820694
0.983201276
1.00752005
0.99179936
1.0032016959999999
0.99546124
1.0059508
1.003025984
0.99749111
1.004269004
1.005465678
1.01194488
0.984181324
1.0002555499999999
1.003771428
1.004713016
1.005804742
1.007097168
0.985260504
1.007371174
1.006054478
1.007080638
1.00245944
1.005552776
1.001666884
1.007583868
1.00025322
1.001575784
0.9827895640000001
1.00129325
1.003572066
0.993552224
0.9992595179999999
1.005180944
0.621968664
1.004210302
1.00393332
1.00654017
1.0036048960000001
1.005583382
0.985371266
1.003520478
1.000908234
1.01054963
1.001445006
1.0018234240000001
1.003161864
1.0057340860000001
1.004543822
1.002148346
1.011020632
1.007794286
1.00805684
0.9869449499999999
1.003431386
1.007132592
1.00596258
1.004863458
1.00304004
1.00648356
1.00324622
1.001937942
0.9989062639999999
1.004811738
1.011003972
1.005585736
0.982915516
1.000495546
1.006839834
1.003966174
1.0057199540000001
1.0122525439999999
1.0027145400000002
1.00846632
0.9895599580000001
1.007160932
0.983581798
0.99567355
1.00915585
1.00379254
1.005352706
1.00227697
1.006459974
1.000945556
0.986222016
1.003914548
1.01274185
1.0060450520000002
1.006476484
0.986863312
1.007694976
1.01051872
1.005282112
1.001150876
0.9870492860000001
1.0058706979999998
1.0060262
1.008482896
1.003300122
1.006712396
1.00698147
1.004231434
1.002679426
1.0042948360000001
0.986754482
1.0059248840000001
1.0112229640000001
1.007813204
1.0015664420000001
0.747244534
1.004536774
1.006526016
1.006995636
1.007151486
1.005352706
1.004259612
1.005380946
1.002405628
1.00715857
1.004835246
0.746763818
1.006728914
0.982335506
1.000560806
1.008838218
1.010257258
1.000246232
0.9997759039999999
0.991089884
1.002309716
1.005510402
0.746713184
1.004818792
1.00133527
0.989081402
1.007151486
1.007458604
1.005884834
1.007510596
1.00440522
1.00550334
1.006660486
0.747750602
1.004698914
1.017993932
1.0143802899999999
1.00486581
1.00698147
1.003414976
1.007664242
1.001274576
0.992060522
1.005729376
1.004144564
1.006417524
1.008565782
1.003543926
0.9984488
0.991368976
1.0003068
1.007085362
0.9861337059999999
1.007446788
1.004391128
1.003445452
1.007215256
1.013628582
1.0037034
1.001982352
1.006910648
1.008127824
1.00668408
0.747067766
1.0045085820000001
1.0054350779999999
0.99428825
1.00350641
0.983586304
1.001774354
1.005065686
1.005986142
1.003611932
0.7476139359999999
1.005023352
1.004029542
1.005348
1.0061275379999999
1.002995534
1.00474122
1.006660486
0.98403701
0.993173136
1.005380946
0.98477029
1.007981134
1.005249172
1.009347948
1.009813082
1.00780138
1.004487438
1.0042173460000001
0.9970326260000001
0.747147042
0.992656664
1.005955512
1.000628408
1.002192776
0.997523544
1.000507198
0.984336958
1.003724512
1.00504687
0.9857602560000001
1.003865272
0.9857127480000001
1.003794886
1.006356212
1.00544214
1.000838262
1.005218586
0.99441026
1.003785502
1.001220892
0.983822872
1.00265836
1.008624994
1.006266616
0.980149772
1.0063232020000001
1.0075720479999999
1.0029041939999999
1.001624836
0.74729524
1.008298228
0.9887466859999999
0.9959113519999999
1.001769682
0.99603376
1.0039450540000001
0.7472237340000001
1.007139678
1.021164612
1.0074184320000001
1.002892484
0.9917283680000001
1.006856356
1.004872862
1.00407414
1.0042126500000002
1.00574115
1.0024571
1.007976404
1.005086854
0.987267098
1.00824852
1.004642512
1.005275054
1.002181084
0.987112804
1.00419152
1.005180944
1.0012675739999999
0.74815178
1.00570818
0.983331836
1.004151608
1.002646656
1.00112054
1.00190522
1.007638236
0.995020756
0.747240634
1.006728914
1.003023642
1.000174024
1.0046871640000001
1.0018935340000001
0.9863352599999999
1.006658126
1.012154738
1.00517624
0.984831258
1.01028815
1.006122824
1.007794286
1.007694976
1.001104206
1.0003627179999999
0.9915658079999999
0.997076604
1.001526738
1.001886522
1.011063472
1.003436076
0.993973006
1.006401016
1.004988078
1.002962744
1.004144564
1.009267306
1.005025704
1.006870518
1.000353398
1.00239861
0.984307632
1.0066133
0.984388848
1.006492994
0.984379824
1.00695314
1.01211419
1.00357441
1.006672284
0.747257534
1.0089116820000001
1.008665262
0.985954868
1.004487438
0.99703957
1.0015571
1.006455258
1.005411542
1.004630762
0.9832733060000001
1.010575784
0.747973282
1.004647212
1.01211419
0.999629308
1.004395826
1.007118422
1.00481644
1.00858473
1.00523035
1.0153707
0.9818414639999999
0.98708558
1.0062288959999999
1.006606222
0.985215302
1.003276686
0.993285684
1.004966914
0.98424673
0.747455204
1.001900546
0.999466474
0.996993282
0.9901531
1.006825672
1.005585736
0.7470456759999999
1.004130478
1.002117948
1.004752972
0.9849125599999999
1.000206632
1.008629732
1.00337747
1.005512756
1.003274342
0.746491256
1.006773752
1.005131544
1.0011952179999999
0.999150262
0.746767714
0.981776376
0.997220136
1.003028326
1.00497867
1.006662846
0.9958536219999999
0.99948508
1.002646656
0.998397738
0.995892878
1.008359776
0.987939296
1.005413896
1.00539036
1.006752512
1.005642246
0.996567626
0.981572194
0.9926429000000001
1.005145658
1.004027196
0.998207466
1.0067879100000001
0.9859163919999999
1.008845326
1.007489326
1.011565924
1.006306696
1.003567376
1.01745615
1.006870518
0.987276176
1.0036048960000001
1.004222042
1.007309746
1.008814522
1.00427605
1.005686986
1.0076311439999999
0.98260744
0.7469482359999999
1.00314312
0.9857919319999999
1.005887188
0.996514446
0.747615236
0.9853554400000001
0.984312144
1.0008919059999999
1.005545714
1.00407414
1.003520478
1.005324468
0.984091122
0.982593952
0.997085862
1.005084502
1.008324266
1.007749358
1.0056469540000001
1.00600028
0.9935108539999999
1.0072743100000001
1.005260936
1.006563758
1.006839834
0.9922278280000001
1.016329378
1.00913451
1.0068634379999999
1.0080213519999999
1.004088224
1.004680114
1.009829702
0.747126246
1.003813656
1.002066512
1.0025975059999999
1.00956385
0.7470066980000001
1.005762346
0.999027086
1.002480498
1.003349342
0.99609382
0.984404642
0.984179068
0.987500902
1.0018725
1.006844554
1.007794286
1.015176304
1.005016298
1.003691672
1.00077996
1.004973968
0.994592178
1.00688232
1.005098614
1.00298148
1.004092918
1.00573173
0.981877376
1.005566902
1.0148620640000001
1.006910648
1.0024875180000001
1.0008685819999998
1.0028409679999999
1.0057199540000001
1.007052302
1.005317408
0.9880642980000001
1.004475692
0.9828188
0.988275738
1.006356212
1.003783156
1.002693472
1.006993274
1.020591946
1.002384572
1.003288404
1.0062006079999999
1.003982602
1.005180944
1.001134542
1.00616525
1.009746608
0.99471887
0.995479698
1.003314184
1.004595514
1.005068038
1.005901324
1.006669924
1.000341748
0.9861133280000001
1.00473887
1.002730926
0.994447098
0.746833938
1.00199404
1.004414616
1.004750622
1.00633499
1.0093598080000001
1.005013946
1.0054468460000001
1.003417322
0.997183092
0.9836674000000001
0.982409654
1.005267994
1.001092538
0.994219202
1.004400522
1.00429014
1.004621362
0.746858614
0.991847458
1.0058565640000001
1.0086771079999999
1.004811738
0.9849148179999999
1.00393332
0.998936466
1.01369796
1.0065236579999999
1.0063868660000002
1.005545714
0.9958536219999999
1.003633038
1.0022933440000001
0.986539162
1.002611548
1.007607506
1.001489374
1.005946088
0.986160876
1.009281536
1.003820694
1.007160932
1.0119591860000001
1.007019246
1.001024874
1.007366448
0.7475397659999999
1.002967428
1.00539036
0.99828635
1.00166922
1.0046613119999999
1.005590446
1.007120784
1.002653678
1.00940488
0.984233196
1.00569405
0.74698591
1.007881788
1.004060056
0.9923974839999999
1.004285442
1.008430804
1.004818792
1.004550872
1.0091108
1.006082758
0.99666938
0.983858932
1.006648688
0.984343726
1.00702869
1.00651894
1.00423613
0.9993478699999999
0.99605917
1.00005991
1.009058642
1.002756678
1.00440522
0.9840798479999999
1.004442804
1.004348852
1.003654146
0.98302125
0.984233196
1.004546172
1.004062404
0.984000938
0.989892942
0.998625234
1.003452486
1.01084217
1.00343842
1.005150364
1.016444828
1.002424344
1.002946348
1.004252568
0.998110036
1.005190354
0.98481545
1.00858236
1.002253582
1.007869962
1.00448274
0.985751206
1.003970868
1.000539828
0.9947465160000001
1.001863152
0.9809489579999999
0.7470885580000001
0.9842963539999999
1.001115872
1.00533388
1.005312702
0.994458612
1.00511508
1.003614276
1.005529234
1.00619825
1.007321558
1.015056342
0.98554763
0.982985254
1.001246566
1.000595772
0.9861993720000001
0.999522296
1.006943696
0.98314276
1.006426956
1.002410306
0.74701969
1.00582123
0.9986229120000001
1.003712784
1.003595516
1.000348738
0.998862124
1.006153464
1.00488932
1.005180944
1.005508048
1.003175922
1.007177466
0.997857274
1.007104254
0.9856086940000001
0.9844317180000001
0.990121142
1.005378594
1.003145462
1.003082206
1.0050045380000001
1.0090254539999999
0.994580662
1.0052585840000001
0.747102854
1.003801924
1.00697911
0.747095056
1.000763638
1.0074089800000001
0.98702887
0.985939024
1.002665382
1.006681722
1.00342201
0.999592084
1.006457616
1.004569668
0.747179536
1.003356374
1.003975562
0.997493426
0.998755278
0.98361784
1.005357412
0.747162638
1.00554336
0.74729394
1.00653781
0.9833048219999999
1.00590368
1.006221824
1.004442804
0.985045834
1.00181174
1.005508048
1.00488932
0.9979059600000001
1.005833008
0.9875031719999999
1.009879566
1.00387935
1.005828298
1.000551484
1.005171534
0.995738184
1.005211528
1.005098614
0.99596216
1.009331344
0.99895273
1.005284466
0.999815468
1.00369871
1.006802072
1.0094713100000001
1.002117948
0.984779322
1.004027196
0.9842986100000001
1.005300936
1.005119784
0.985631312
1.004254916
1.009416742
1.005896612
1.005762346
1.0047341699999999
0.9988992940000001
0.747132744
0.996431216
1.006766672
1.005976718
1.00281287
0.998079884
1.003729202
1.00554336
1.007827392
1.00541625
0.981567708
1.003307154
1.006735994
1.002770726
1.000952554
0.985658456
0.998804052
0.9992595179999999
1.006113396
1.003586136
1.004449852
0.747632154
1.0060262
1.0072625
1.007019246
1.006146394
1.007501142
1.003790194
1.00771389
1.004950454
1.004398174
1.002160038
1.002932296
0.9999411659999999
1.00232843
1.01084455
0.987153642
1.006615658
1.005267994
1.005298584
1.003337622
0.999990058
1.00304004
1.017150134
0.999652574
1.0067761100000001
1.0072625
1.004151608
0.9863805640000001
1.008042644
1.002096906
1.003492342
1.005729376
0.986938146
1.009352692
1.001330602
0.995306682
1.0043206679999999
1.002913562
1.00913688
1.0006307399999999
1.0068421939999999
0.7466989039999999
1.006193536
1.003000218
1.016788934
1.0044686440000001
0.99978754
0.99907124
1.001772018
1.001916906
1.006802072
1.00789125
1.008696058
0.7471184479999999
0.981735982
1.003635384
1.005183298
1.004642512
1.009255448
1.00430423
1.005482154
1.005955512
1.00771862
1.0054798
0.9997014359999999
1.0062949079999999
1.007118422
1.0062453980000001
1.00368229
1.015166706
1.0061817499999999
1.001148544
1.008004792
1.005216234
1.010281022
1.00095722
1.00570818
1.00688232
0.996764216
1.00218576
1.00375266
0.999952806
1.005108022
1.00515742
1.0031642060000001
1.004896374
1.0034056
1.003916894
0.98470933
1.00198469
0.9875712919999999
1.000271856
1.002611548
1.001870164
1.006603862
1.002026768
1.005541006
1.003731548
1.011306302
1.02055557
1.004847002
0.746850822
0.37352153800000004
0.9942261059999999
1.005562194
1.004315972
1.005016298
1.008646312
1.005920172
1.001550094
1.013980356
1.00367291
1.004123436
1.005997924
1.004771778
1.009699132
1.008286392
1.00447804
1.004619012
1.007794286
1.0054986320000001
1.003539236
1.00702869
1.004393476
1.004391128
1.004938696
1.004123436
1.00456262
0.74715354
1.003665872
1.008087598
1.007595686
0.994106442
1.006672284
1.00367291
1.002482838
1.003956788
1.008492368
0.983381368
0.986013718
1.005277406
1.002665382
1.0130882319999999
1.004210302
1.004231434
1.00294869
0.99923627
1.018215962
0.9965722520000001
1.009457074
1.004372338
1.004006072
1.00527976
0.982949258
1.00484465
0.987821142
0.997866546
1.0053950680000001
1.000386018
1.002803504
0.9822007180000001
1.003468898
1.00456027
1.007309746
1.01565163
1.007624052
0.9831382599999999
0.98635791
1.001867826
1.004532076
1.00654017
1.00440522
1.000831266
1.01276812
0.998750632
1.005444494
1.004597864
1.00554336
1.00678083
1.00066804
1.006813872
1.006905926
0.985208524
1.006273688
1.002604526
1.009796462
1.007938556
0.98657542
1.000530506
1.010219238
0.985620004
0.994389538
0.984880942
0.985292148
1.004461596
1.005430372
1.005830652
1.009794088
1.005512756
1.006620378
1.00859894
1.001772018
1.004790582
1.008115994
0.9977483220000001
0.9860793680000001
1.00072633
0.991769588
1.001057538
1.003980256
1.005164478
1.001937942
1.00179071
1.0038113100000001
1.004060056
1.003858234
1.007061748
1.00115321
1.006887042
1.008736332
1.006365644
0.999312992
1.0048611079999998
1.006224182
0.985751206
1.000083196
1.0043676400000001
1.002244226
1.0061275379999999
1.006813872
1.00520447
1.005913104
0.747421384
0.959419764
1.003007246
1.00494575
1.005023352
1.00492929
1.0053738859999999
1.00304004
1.005275054
1.00497632
1.006533094
1.006905926
1.005946088
1.006946058
0.747270536
1.0063232020000001
1.00590368
1.0063161280000001
1.0053291739999999
1.006917728
1.0098273279999999
1.006306696
1.004995132
1.0057859
1.002833942
1.00355096
1.0081065280000001
1.006337348
1.00305878
1.004529726
1.007442062
0.9865867500000001
1.001454346
1.005814164
0.999361822
1.007333372
1.005686986
1.002798822
1.00486581
1.006566118
1.005917816
0.99738224
0.999754958
1.0058494980000001
1.002967428
1.008617888
1.005833008
0.983466936
1.0077895559999999
1.0093740420000001
0.9959898739999999
0.747101554
0.985402916
1.004621362
0.999317642
1.0055928
1.006290192
1.008807412
0.992792042
0.99656994
1.005159772
1.006988552
1.000842928
1.003541582
1.003187638
0.99883425
1.005164478
1.003773774
0.9898108160000001
0.984797386
1.008624994
1.003794886
1.002681768
1.002791798
1.00031612
0.9996851480000001
1.001491708
0.747072964
1.000952554
1.005529234
0.746756028
1.005291524
1.018090454
1.005844786
1.0067265539999999
1.004466294
1.004402872
1.015293892
1.0050962620000001
1.0062854780000001
1.0153947060000001
1.01571648
0.999048
0.9851045759999999
0.9990642679999999
1.003372782
1.002370536
1.006653408
1.006271332
1.0062619
0.99127059
0.985246944
0.985416482
1.0057199540000001
1.006846914
1.0053762400000001
0.9996665339999999
1.002108596
1.004348852
0.98365163
1.004499184
1.006153464
1.007321558
1.006825672
1.008463952
1.007536594
1.001916906
1.005244466
1.0059508
1.006759592
1.005691696
1.005378594
1.005868342
1.006224182
1.009533002
0.9890130739999999
1.003126718
1.003893428
1.006464692
1.0071491240000001
1.003056436
1.001101872
1.005065686
1.0028784339999999
1.008075768
0.9831450119999999
1.005835364
1.006889402
1.004360594
0.9840888680000001
1.003912202
0.7465561340000001
1.00429014
1.00122556
1.000062238
0.985647146
0.999417634
1.007165656
0.99789205
0.98844632
0.982823298
1.0042924880000001
1.002248904
1.01411922
1.001881848
1.005237408
1.005465678
0.988906046
1.0022933440000001
1.000467578
1.00400842
1.0063467799999999
1.003398568
0.74778966
1.008009524
1.0072625
1.007307384
1.004527376
1.005769412
1.003187638
1.003912202
1.003691672
1.004081182
0.747184736
1.0063963
0.7464925520000001
1.004623712
1.008579992
1.003773774
0.747538464
1.004226738
0.37346405
0.9857127480000001
1.004971616
1.007281398
0.747104152
1.0043347599999999
1.00651894
0.747092456
0.9944033520000001
1.00679027
1.006004992
1.005767058
1.00725305
1.0036048960000001
1.00183511
1.00356972
1.003827732
1.007664242
1.004374686
1.005409188
0.9847228760000001
0.74711585
1.005300936
1.005566902
1.006901204
0.7469235559999999
1.005884834
1.00262559
1.004823492
1.007576776
1.0057270200000001
0.986317138
1.00491048
1.004694214
1.006995636
0.9974054019999999
1.003293092
1.004503882
1.006707676
0.9836674000000001
1.003586136
0.991208822
1.009829702
0.99337528
0.747135344
1.007732806
1.004762376
1.009189046
1.006625096
1.006061548
1.00578119
1.007198722
1.0027215619999998
0.985730846
1.005880122
1.0035181340000001
1.004677762
0.982935762
0.9822007180000001
0.9855906
0.980727204
0.981933496
0.999957462
1.007319196
0.74711585
0.998042774
0.999050324
1.006047408
1.00539742
1.007295572
1.0055151100000002
1.006603862
1.006735994
1.0106804200000001
1.0063609279999999
1.007768274
1.001613156
1.003452486
1.00245242
1.003122032
1.005277406
1.0070027179999999
1.005764702
1.004720068
1.001391302
0.985457178
1.007092446
1.004792932
1.011168208
1.006134608
1.008639206
1.003705746
0.994329684
1.005282112
1.004121088
1.00256942
0.98267039
0.985529538
1.006028556
0.9989062639999999
1.00414926
1.003820694
1.00664161
1.0044921359999999
1.004656612
1.002010404
1.00275902
1.002216162
1.005336234
1.005635182
1.0018935340000001
1.000460588
1.00738535
0.9944655179999999
1.00245008
1.004903426
1.006969666
1.003590826
1.0075129600000001
1.009018342
0.9913232120000001
0.998430232
0.982297312
1.0100268079999999
1.016981542
1.004811738
0.982092914
1.006526016
1.006995636
0.747074264
1.005738796
1.007694976
1.0105829179999999
1.009578088
1.00394036
1.0031571780000001
1.003349342
0.985841712
1.008731594
1.003368094
1.0059578679999999
1.0021834219999999
1.019107472
1.007321558
0.992106352
1.003452486
1.005418602
1.005873054
0.999127018
1.013791276
0.983313826
1.006309054
1.00991281
1.0033188720000001
1.004964562
0.986106536
1.014859666
1.008215386
1.0071467619999999
0.999433912
1.0039051620000001
0.9966115640000001
1.000873248
0.997813226
0.99746331
1.00442636
0.99547047
1.005964936
0.9999318540000001
0.9990875079999999
0.984695784
1.005286818
1.004022502
1.002770726
1.0076287800000001
1.0045109300000001
1.006853996
1.001353948
0.9952605539999999
1.006606222
0.746156664
1.0031642060000001
0.9838995
1.002574102
1.0048281940000001
0.983417394
1.005411542
0.985572508
0.997572198
1.004041278
1.002927612
1.015092328
1.0063161280000001
1.004259612
1.002141332
1.007038136
1.0022559199999999
1.006247756
0.98257597
0.980877268
0.9965213820000001
1.007992964
0.99355682
1.00422439
1.004020154
0.990198756
1.005757636
1.007607506
1.001624836
0.99305143
0.7471964339999999
1.003900468
1.016122592
0.998235306
0.747017092
1.00282926
0.989669408
1.00345952
1.004247872
1.004680114
1.0080000599999999
1.004243176
1.00523976
1.0084189639999999
0.993053726
1.003297778
1.00410935
1.007784826
0.988082484
1.004670712
1.004567318
0.7467183780000001
0.999312992
1.002029106
0.988587378
1.004522678
1.00512684
1.0046143140000001
1.006764312
1.002550698
1.004644862
0.986777154
1.007168018
1.006120468
1.010934962
1.002244226
1.0078628680000001
1.00738535
1.009276792
1.0057340860000001
0.990726384
1.020150754
1.0051127279999998
1.0067053160000001
1.0071845499999998
0.995274392
0.99696551
1.00360724
0.9834421640000001
0.747160038
1.00161082
1.0063161280000001
0.984404642
1.005164478
1.003063464
1.015740502
1.0060450520000002
1.006580272
1.007371174
0.7472016340000001
0.995246716
1.000838262
1.005851854
1.004060056
1.00536918
1.005409188
1.004372338
0.996641628
1.00408353
1.005183298
1.004525028
1.008463952
1.010171718
0.747228934
1.005237408
0.999752632
0.999189776
1.0038089639999999
1.006214752
1.006988552
1.010140832
1.001188216
1.007782462
1.006799712
1.005432724
0.985321532
1.0054703839999999
1.0054492
1.006327916
1.00581652
1.0071491240000001
1.004517978
0.9859842919999999
0.9863805640000001
1.002782432
1.005235056
1.010155086
1.008260356
1.0068421939999999
0.984386592
1.00713023
0.9857263199999999
1.004609614
1.004341806
1.000348738
1.006764312
0.996835932
1.00387935
1.003628348
0.987269368
1.00423613
1.0049057780000001
1.000423302
0.9837057
1.020136216
1.0053738859999999
1.00509391
1.001300254
1.0075696840000001
1.004950454
1.003705746
1.017219994
0.983109004
1.005037464
1.003794886
1.002305038
1.004520328
1.0015524279999999
1.002436042
0.74714964
1.005291524
1.014332376
0.985952604
1.005468032
1.006731274
1.0069318919999999
1.007848678
1.0053762400000001
1.006672284
1.006596786
0.984050538
1.005724664
0.9998573639999999
0.9841926
0.984355006
1.007588594
0.9834421640000001
0.998492902
0.9859163919999999
1.015421112
0.9991665319999999
1.006429316
1.003023642
1.0060450520000002
1.001498714
1.006299624
1.005983786
1.006179394
1.000588778
1.001568778
1.008037912
1.001066872
1.004917534
1.0008919059999999
1.006089828
1.001664548
1.005253878
0.981969418
0.989655726
1.0043371079999999
1.005769412
1.006934254
0.7475631859999999
0.997725146
1.004440454
1.00393332
1.003733894
0.998964348
1.005552776
1.003016614
0.9853870899999999
1.003508756
1.001484702
1.006417524
1.00375266
1.00399199
0.993563716
0.997252554
1.004193868
1.00554336
1.0022863260000001
1.001090206
0.998416306
0.7466080439999999
1.00345952
0.985886972
1.008589466
1.004941048
1.003832424
1.002234872
1.0075153239999999
1.0069035659999999
1.003525168
1.004769426
1.003794886
1.004797634
1.007090084
1.008935382
1.006596786
0.986462122
1.001547758
1.006714756
1.007510596
1.007482236
1.009343204
0.985283106
0.992246166
1.00619118
1.008134924
1.0054703839999999
1.0047224179999998
1.007619324
1.0050727419999999
1.004995132
0.984880942
1.004116394
0.99577743
1.00582123
1.006693518
1.009551984
1.005293878
1.006662846
1.0069318919999999
1.007524776
0.98578062
1.007690248
1.0014636860000001
1.002770726
1.004973968
1.004369988
1.006891762
1.008284026
1.003633038
1.0074137060000001
1.004654262
1.004755324
1.002195114
1.020698666
0.7471275460000001
1.003086892
0.98418809
1.004642512
0.985009688
0.9849306299999999
1.005053926
0.9889197080000001
1.005192708
0.9842963539999999
1.004821142
1.004402872
1.003858234
1.003269656
1.00520447
0.9906738239999999
1.00411874
1.005023352
1.0012535679999999
1.0039192399999999
1.005145658
1.00941437
1.004388778
1.004534424
0.747383666
1.009597074
1.005759992
1.00447804
1.006556682
0.9863941559999999
1.00938353
0.995223654
0.9961677499999999
1.006056836
1.006266616
1.01247685
1.0029299539999998
0.9917421080000001
1.004435756
1.001587464
1.001944954
0.9842670299999999
1.004438106
1.00610397
1.00279648
1.007985866
1.006651048
0.9840798479999999
1.005051574
1.006113396
0.747143142
1.002915902
1.00549157
1.003846502
0.9847251340000001
1.002723904
0.747132744
1.007434972
1.00325325
0.988876448
1.005300936
1.003769082
1.005013946
0.74686251
0.989760634
1.005044518
1.0037409320000001
1.00702633
1.003271998
1.0027332679999998
0.990285512
0.9897720379999999
1.007945652
0.985857552
1.006603862
1.006769032
1.004990428
1.002298022
0.9847544840000001
1.000106484
1.00795748
1.005510402
1.004259612
1.00698147
0.9880642980000001
1.002283988
0.9869948460000001
1.004922236
1.003738586
1.003079864
1.006660486
1.005569256
1.00494575
0.984413666
1.00704758
0.9966925099999999
1.005013946
1.005524526
1.0050962620000001
1.016861154
1.003747968
1.006193536
1.0039028140000001
0.747496832
0.98067346
0.985226602
1.004654262
1.002960402
1.0021389920000001
1.011451578
1.006573194
1.007687884
1.00574115
1.0029650860000001
1.019308216
0.9820075859999999
1.006813872
1.005508048
0.98323954
1.001540752
1.002106258
1.002826918
1.000987546
0.987912028
1.004717716
1.003332936
1.007153848
1.001928592
0.9971460499999999
1.000677366
1.006162894
0.7474812200000001
1.003532202
1.002789456
1.001809404
1.00111354
1.014164718
1.0062854780000001
1.004362942
1.000584116
0.9922966
1.003893428
1.006625096
1.005792966
1.00569876
1.00013676
1.004619012
1.004818792
1.010281022
0.999564168
1.00584243
0.984210642
0.943333098
1.006551964
0.7471197479999999
1.004985726
0.987584916
1.006844554
0.747056072
1.000199644
1.00411874
1.001919244
1.002742632
1.006273688
1.000108812
0.7475605839999999
0.999955134
1.006290192
1.004760024
1.004132826
0.998578798
1.006351496
1.01503715
1.00678083
1.00511508
0.995922898
1.0089259019999999
1.004705966
1.00743261
0.9958813320000001
1.004581416
1.000905902
1.006492994
1.00614168
0.999108424
1.01322446
0.985000652
0.987010724
1.003689328
1.00651894
1.004257264
1.004360594
1.005011594
1.00802845
1.012283558
1.00177669
1.00066804
0.9841723019999999
1.005861276
1.006146394
1.005298584
1.007444426
1.00359317
1.005752926
1.005710534
1.00961606
1.00323919
1.00499278
1.00313609
1.008871394
1.002190438
1.011334878
1.005138602
0.7470105939999999
1.00503276
1.002253582
1.006080402
1.005225644
1.0041750839999999
0.983631356
0.9873601519999999
1.005129192
1.002305038
1.011861438
0.9987204420000001
1.006478842
1.004520328
1.003293092
1.014375498
1.0043676400000001
1.0050962620000001
1.0053762400000001
1.00505863
1.008596572
1.001725288
1.007033414
1.006113396
1.004694214
0.98486739
1.002534318
0.9963503140000001
1.00557161
1.007678426
0.990509326
1.008205918
1.004593164
1.00698383
1.00648356
1.006455258
1.002756678
1.001372624
1.011413468
1.002761362
1.006929532
1.006410448
1.00477883
1.003891082
1.003729202
1.009713374
1.008179886
1.006894124
0.990009312
1.005155068
1.00301193
0.9916985979999999
1.0043511999999999
1.005350352
1.003075178
1.008267456
1.00146135
1.008655788
0.98505939
1.006934254
1.001942616
1.0042948360000001
1.006488278
1.005597508
0.997254868
1.005792966
1.005209176
1.007038136
0.747053472
1.00520447
0.9883485120000001
1.00327903
1.002414986
1.006144036
1.006632174
0.985882446
1.005388006
1.006434032
1.001360952
1.015538758
1.004621362
1.007000358
1.004440454
1.005774124
1.004372338
1.001802394
1.009210388
1.00427605
1.0050962620000001
1.001517396
1.00025322
1.008710272
1.01069469
0.9828727780000001
1.008449746
1.003895776
0.9963965419999999
1.006632174
1.00805684
1.003715128
1.004440454
0.993340818
0.985565722
0.999969104
1.006802072
1.00442871
1.00358379
0.984194856
0.9956343120000001
1.008814522
1.005769412
1.002805846
1.002008066
0.994120248
1.002181084
1.0040506679999999
0.984305376
1.006636892
0.9810318600000001
1.006674642
0.999717726
1.004990428
0.9877439020000001
1.004017808
0.984445256
1.006259544
1.005199766
1.00306815
1.016810598
1.006146394
0.9822815859999999
1.007354636
0.9944401900000001
0.987171794
0.9984255900000001
1.001641188
0.984413666
0.9855272780000001
1.006492994
1.006224182
1.008561046
1.0076311439999999
1.00307752
1.0093740420000001
0.985850764
1.00658263
1.006061548
0.9984766540000001
1.0079172680000001
1.005901324
0.9950876120000001
1.0054962779999999
1.001734634
1.008089966
1.004715366
0.991311772
1.009893812
0.988849126
1.008985156
0.985610956
0.982600696
1.007867598
1.005764702
1.001538416
1.019083292
0.998683286
0.747325146
1.00265836
0.7474434959999999
0.377290978
1.00768552
0.998246906
1.004847002
1.003785502
1.003363406
0.997708922
0.983100004
1.005173888
0.99743783
1.001809404
1.00603327
1.000737988
1.007921998
1.003386846
1.00319701
1.006514222
1.002651338
1.006106326
1.00488932
0.998163388
1.005418602
1.00871501
1.007442062
1.005192708
1.008430804
0.74652499
0.998943436
1.003541582
1.0013516120000001
1.006264258
1.007193998
1.00414926
0.99828635
1.007969306
1.0169646860000001
1.004572018
1.0053950680000001
0.748120504
1.002656018
1.00653781
0.997945378
0.74673915
0.992856304
1.005171534
0.9839130239999999
1.00161082
1.004863458
1.004675412
0.985631312
1.006962582
1.004475692
1.006082758
1.003018958
1.007813204
1.153426278
1.006431674
0.984528752
1.011749408
1.0197632079999999
1.005265642
0.98118426
1.007879424
1.0056187
1.005293878
1.005797676
1.007548412
1.005451554
1.006648688
1.0014473400000001
1.0039239340000001
1.005251524
0.999882968
1.011051572
1.006995636
1.005696406
0.747188634
0.99874831
1.006021488
1.005517464
1.00488932
1.004640162
1.00239627
1.013303346
1.0028597
1.001445006
1.012178592
1.014586366
0.985932234
1.002754338
1.002838626
1.002855018
1.005548068
1.005705824
1.00426196
0.99716457
0.983311576
0.74706127
1.006570836
1.00513625
1.007706798
1.005969648
1.001069206
1.003532202
1.00650007
1.0038230399999999
1.00269113
1.00438643
0.986382828
1.004132826
1.003185294
0.9959113519999999
1.004402872
0.992037606
1.00505863
1.009146366
1.010649502
1.013408546
0.997722828
0.9862039
1.004863458
1.007992964
1.00625247
0.9979685660000001
1.00600735
0.985733108
1.005597508
1.006186464
1.001367956
1.002510918
1.010649502
1.004595514
0.9830460000000001
0.9890016859999999
1.000365048
0.7468313419999999
1.000770634
0.982225426
1.004694214
1.005656374
1.003942708
1.007073554
1.006028556
0.987964294
0.74711325
0.997004852
1.006280762
0.9838701999999999
0.747550174
0.98575347
1.005307996
1.001704262
1.005611636
1.0064859179999999
1.00289951
1.009727618
1.004379384
0.9885100179999999
1.003668218
0.995629696
1.000295152
1.0014473400000001
1.007033414
1.004203258
1.006592068
0.9829897519999999
1.004431058
1.008357408
0.9957866639999999
1.0018771739999999
1.006268974
0.980993768
1.006884682
0.981110296
1.003464208
1.00536212
0.9818728879999999
1.0043676400000001
1.003372782
1.0055951539999999
1.003501722
1.003726858
1.00718219
1.002866726
1.017256134
1.0053291739999999
1.004795284
0.98787567
0.986661542
1.003016614
1.003398568
1.007394802
0.747098954
0.983343094
0.9850255019999999
1.00746333
1.006250114
0.999889952
1.010452154
1.000388348
0.992257628
1.00205716
1.008949602
1.003895776
1.006276046
1.006021488
0.998527724
1.004748272
0.98481545
1.0000179980000001
1.004193868
1.004863458
1.00492694
1.007134954
1.006865798
1.006363286
1.00794092
1.00629255
1.0056445999999999
0.9880438420000001
1.005873054
1.004395826
1.012670216
1.0045085820000001
1.005533942
1.006575554
1.005235056
1.003436076
1.003755006
1.00211561
0.9992083740000001
1.013970782
0.984230942
1.002001054
1.0047083159999999
1.004717716
1.003213414
1.0052209380000001
1.002920586
1.003750314
1.006443466
0.985199484
0.995518924
1.0069318919999999
0.9999504779999999
1.00611811
1.0153635
1.00779192
1.003457174
1.005898968
0.981765156
1.004710666
1.014466544
1.00578119
0.996817424
0.9959829459999999
1.003386846
0.983446668
0.986106536
0.98385217
0.9875395
0.995253634
0.747076862
1.01133964
1.0031524920000001
0.9840122099999999
0.993772918
1.004604914
1.003124376
1.00635857
1.008217752
1.006620378
1.00878135
1.006599144
1.002162376
1.006799712
0.99917583
0.987212636
1.00669116
1.007846312
1.005035112
1.004997484
1.0042924880000001
1.006004992
0.987212636
1.006349138
1.006226538
1.0016388520000001
0.99732434
0.9923286960000001
1.006019132
1.00843317
1.0072790360000001
1.006471768
0.99113105
1.004847002
1.0061581800000001
1.003363406
0.985898286
1.005670502
1.012877986
1.005223292
1.001517396
1.007914902
0.747121048
1.004219694
1.004001378
0.747098954
1.007938556
1.0099911799999999
1.00706647
1.003633038
0.986443996
1.00497632
0.984587432
1.005948444
1.018174928
1.000560806
1.0096635280000001
0.9874282520000001
1.001169546
0.985549892
1.0188222120000001
1.00719636
1.006009706
0.985258244
0.74729524
1.006993274
1.00179071
1.005317408
1.009267306
1.007770638
1.0036869819999998
1.004795284
1.00358379
1.007269586
1.003461864
1.0042126500000002
1.003658836
1.0078936139999999
1.00484465
1.003325904
1.003832424
0.9972224519999999
1.013033272
1.0022933440000001
1.003694018
0.997190038
1.000234584
1.0090823500000001
1.003513444
0.98599561
0.998606658
1.004369988
1.00996743
1.0048822659999999
0.99715531
0.985776094
0.999738668
0.997966246
1.0045391240000001
1.006828032
0.991964288
1.004111698
1.008930642
1.004858756
1.006304338
1.0094713100000001
1.004933994
1.000626076
1.006271332
1.00570818
0.983019
1.006577912
1.00407414
0.991939088
1.003600206
1.004395826
0.9875894580000001
0.74715224
1.009340832
1.000176352
1.00442871
1.003649456
1.002915902
1.004825844
1.008551572
1.00481409
1.004111698
0.984969028
1.001795384
1.004400522
0.9837440040000001
1.00904916
0.9830032519999999
1.006698238
0.986011454
1.0149699859999999
1.002431362
1.005284466
1.007683154
1.005277406
0.987022066
1.0010062100000001
1.006092186
0.9855860780000001
1.006469408
0.9833048219999999
1.005056278
1.0006913560000001
1.004449852
1.00806867
1.015308294
1.00655904
1.008447378
1.00511508
1.00629255
1.005444494
0.983606576
1.005724664
1.003877004
1.005218586
1.0018234240000001
1.003557996
1.0062949079999999
1.000658714
1.00083593
1.00447804
1.003063464
1.002644316
1.0037596979999999
0.995235184
1.007420794
1.003848848
1.00371982
1.0019215799999999
1.004090572
1.019083292
1.008362144
0.984932888
1.007189274
1.003346998
1.006304338
1.00532682
1.0062288959999999
1.00921276
1.004964562
1.00414926
1.003356374
1.0056187
0.9994781020000001
1.004903426
0.985016466
1.008641576
1.0060591920000002
0.74715744
1.002386912
1.0000273100000001
1.003862926
1.005762346
1.006858716
1.001748652
1.004727118
1.001596806
1.0059225280000001
1.00143333
1.00282926
1.005244466
1.0081136259999999
1.00654017
1.010716096
0.9996153480000001
1.006089828
1.005901324
0.985145248
0.7475983199999999
1.004355896
1.005759992
1.004675412
1.004680114
1.0127227460000001
0.98399643
1.001311926
1.003895776
1.00025322
0.984248986
1.0085278899999999
1.005564548
0.983430906
1.004222042
1.007709162
1.006681722
1.006068618
1.00519506
0.747134044
1.0057270200000001
1.008485264
1.004076488
1.013176656
1.003075178
1.0099911799999999
1.008071036
1.006533094
1.005456262
1.003494688
1.004682464
1.00591546
1.003070492
1.005529234
1.0145839700000001
1.0041633460000001
1.001489374
0.981067714
0.9900618
1.004771778
1.0015571
0.986811162
1.005300936
1.004811738
1.0071845499999998
1.004896374
1.006349138
1.003536892
1.00419152
1.007926728
0.9889288159999999
0.984503926
1.007914902
1.0153659
1.004872862
1.00600735
1.005378594
1.001092538
1.004995132
1.004938696
1.002307378
0.993561418
0.985457178
1.003414976
1.001926254
1.005037464
1.0053221140000002
0.992248458
1.005609282
1.0045579199999999
1.0039028140000001
1.001027208
1.001937942
1.004264308
1.006202966
1.0043817320000001
1.007189274
1.0035111
1.0023471419999999
1.003794886
1.007255412
1.008134924
1.00723179
1.0033587179999999
1.001713608
1.001564106
0.98594355
0.984880942
0.984819968
1.004642512
1.0047224179999998
1.004675412
0.983453424
1.004247872
1.005522172
1.000574792
1.00021595
1.0187158859999998
1.006417524
1.009115542
1.003501722
1.014476128
1.001818752
1.010587674
1.002422004
1.005993212
1.003961482
1.009226988
1.00289951
1.0067879100000001
0.9929848480000001
0.983633608
1.00232375
1.006849276
1.002482838
1.004283094
1.000747314
0.9830460000000001
1.005025704
1.004922236
0.984307632
0.9989387900000001
1.00687996
1.00420091
1.008210652
1.00614875
1.01007194
1.003912202
1.002850334
0.9983095540000001
0.9855566760000001
1.007354636
1.0124863960000001
1.000467578
1.003236846
1.004104656
1.0061369660000001
1.0067336340000002
1.004339456
1.0000505960000001
1.015298692
1.003115004
1.003773774
1.00456262
1.001372624
1.007420794
1.005682276
1.003970868
1.001402976
0.998987584
1.00451328
1.004788232
1.009492664
0.99604762
1.007723348
0.9835457599999999
0.9851655859999999
0.997551346
1.0061369660000001
0.983955852
1.001111206
1.012116576
1.00871501
0.993193806
0.9835885560000001
1.0041750839999999
1.005284466
1.007316834
1.004353548
1.00816332
0.985312492
1.0071467619999999
0.9991177219999999
1.003755006
1.004922236
1.005663438
1.008629732
0.987716642
1.002344804
1.0022044700000001
1.00843317
1.016952646
0.997236344
1.005171534
1.00503276
1.006405732
0.982717606
1.004621362
1.0023027
1.006898844
0.984813192
1.0050633340000001
1.003975562
1.012684542
1.005917816
1.004280746
1.0075649580000001
1.004325366
0.985939024
1.00569405
1.008980416
1.006172322
1.007716254
1.008449746
1.00668408
1.00713023
1.003328248
1.009813082
1.0046072639999999
1.007245964
1.003124376
1.00378081
1.007855772
1.00642224
1.0060591920000002
1.007621688
0.9920284420000001
1.00850184
0.99853933
1.004135174
1.007635872
1.005585736
1.001398306
1.007486962
1.005969648
0.99496313
1.002705176
1.004240826
1.00802845
1.00051186
0.982807554
0.9899385740000001
1.002941664
1.00205716
0.985604172
1.001085538
1.007924364
1.006769032
1.006384508
1.007286122
1.00239393
1.007773004
0.9861088
1.0052138800000001
1.005298584
1.007803744
1.003738586
1.004393476
0.9951106660000001
1.0042455240000001
1.000642396
1.001781364
1.002606866
0.7475189480000001
1.004210302
1.00455557
1.010552008
0.982582712
1.00515742
0.9941823799999999
0.999799176
1.008824
1.005686986
1.003733894
0.9885054679999999
1.0075696840000001
0.9863488499999999
1.003536892
1.002541338
1.00473652
0.983151762
0.985857552
1.0037596979999999
1.002531978
1.004247872
1.0090823500000001
0.9864236059999999
0.9857150100000001
1.004233782
1.007210532
1.0106804200000001
1.005771768
1.008026084
1.003869964
1.005814164
1.005774124
1.004137522
1.00255538
1.0039192399999999
1.0026747440000001
1.009388274
0.981543034
1.005199766
1.004985726
1.007924364
1.008561046
1.008589466
1.006014418
1.0028409679999999
0.984109162
1.00704522
1.004628412
1.007118422
1.007281398
0.990488766
1.001832772
1.006415166
1.003283716
1.008662894
0.98392204
1.0017393060000002
1.006908286
1.0036517999999999
0.9850571300000001
1.005117432
1.005482154
0.9881575020000001
1.005039814
1.0048752140000001
1.005661082
1.014641494
0.98161482
0.997078918
1.003302466
0.988862786
0.999150262
0.997827136
1.004856406
1.004372338
1.007482236
0.999233944
0.9994804279999999
1.007624052
1.00096655
0.992656664
0.9982608279999999
1.002574102
1.0062288959999999
1.00539742
1.0220345419999999
1.0079527480000001
0.9852966679999999
1.006655768
1.002855018
0.747026186
0.985540846
1.003952094
0.999589756
1.00412813
0.984937406
1.012369456
0.9841384759999999
1.00516683
1.005774124
1.0061581800000001
0.9846416060000001
0.98508876
1.003295436
1.0053832999999999
1.008437906
0.99604531
0.984745454
1.00128158
1.003963828
1.004438106
1.007373536
0.996838246
1.009162964
1.00320404
1.0050304079999999
0.999431586
1.0060874720000001
1.007881788
1.004854054
1.0065614
1.00688232
1.005437432
1.001024874
1.0105686520000001
0.99828403
0.991675702
1.006566118
0.98317877
1.0052209380000001
1.00021362
1.004863458
0.9980265399999999
1.003691672
1.005811808
0.986790756
0.983163016
0.98480416
1.00256006
0.9905664359999999
0.9863375240000001
1.005428018
1.005159772
1.010880236
1.0033751260000001
0.997396136
1.004771778
1.00262091
1.008291126
1.004487438
1.002106258
1.002915902
1.001867826
1.00740189
0.9964658940000001
1.006823312
0.9832845600000001
0.7470937559999999
1.004835246
1.004767076
1.002817552
0.9828188
0.9821445660000001
1.007165656
0.996246314
1.003839462
1.004463946
0.986881452
1.005411542
1.002946348
1.00965166
1.003628348
1.0027332679999998
1.005637536
1.003938014
1.008276924
1.005656374
1.007964576
1.000626076
1.001477698
0.999371124
1.007496416
0.998662386
1.002274632
0.987598542
1.004470994
1.016283686
1.00177669
0.999312992
1.005762346
1.005861276
0.985896024
1.00488932
0.9850548720000001
1.020771442
1.003508756
0.985882446
0.9980404559999999
1.002160038
1.0052209380000001
0.983388124
1.000108812
1.002106258
1.003075178
1.015814976
1.004301882
1.004964562
0.98551597
1.002478158
0.997217822
0.9899842099999999
1.00780138
0.9840573020000001
0.989630642
0.998353644
1.018010822
0.99913864
0.9913232120000001
1.002611548
1.005023352
1.005037464
1.004564968
1.00083593
1.016062496
1.002976796
1.006405732
1.0058919
1.004243176
1.003250908
1.009355064
1.0078936139999999
1.005623408
1.00668408
1.004724768
0.99713216
1.003497032
1.005246818
1.001438
1.004790582
1.005218586
1.0023564999999999
1.0015571
1.012624852
1.0044921359999999
1.009364552
1.006195894
1.008681844
0.995322826
0.983753016
1.008473424
1.0074184320000001
1.000290494
1.00536212
1.004983374
1.0056469540000001
1.0047224179999998
0.9954174060000001
1.00603327
0.996216274
1.0006307399999999
1.014715806
1.004821142
1.0053950680000001
1.0062006079999999
1.00638215
1.005898968
1.01151113
1.0062878339999999
0.985043576
1.00578119
1.005044518
1.003942708
1.008561046
1.006816232
1.004872862
1.004872862
1.002061836
1.008279292
1.005315054
1.005021
1.019722048
1.003525168
1.00698383
1.005145658
0.9913415179999999
1.003115004
1.006417524
1.003658836
1.002412646
0.99958743
1.007404254
1.00585892
1.004818792
0.984463308
1.000910566
1.00527976
1.006021488
1.00274029
1.001484702
1.00097355
1.006728914
1.004207954
0.9888901080000001
1.006035626
0.9828008079999999
1.008842956
1.003665872
1.020381
1.005847142
1.0033235600000001
0.9912202600000001
1.00664161
0.747161338
1.004459248
1.00653781
1.0033235600000001
0.987607624
1.006054478
1.000488554
1.006434032
1.01203072
1.00847816
0.9853531799999999
1.00729321
1.0050045380000001
0.747684214
1.001274576
1.004847002
1.005823586
1.003311842
1.002340126
1.0034853080000001
1.003696364
0.993136392
1.003717474
1.0165963980000001
1.008762394
1.003637728
0.999529274
1.011701744
1.006144036
0.7471197479999999
0.999592084
1.008014254
1.003818348
1.001218558
1.0081538540000001
1.0044522
1.002225516
1.0020805400000001
1.0149699859999999
1.003457174
1.006851636
1.0133296440000001
1.0090776080000001
1.003633038
0.98368993
0.9819626819999999
1.001244232
1.003874658
1.018066322
0.984919336
1.002485178
1.004374686
1.005343294
1.001923918
0.98304375
0.746528882
1.007080638
1.021414746
1.007342822
1.003426698
1.004313624
1.00598143
0.981915538
1.005616344
1.007524776
1.00328606
1.012579492
1.00305878
1.001470692
1.003783156
1.004111698
1.002648996
1.0099175599999999
1.002464118
1.000980548
1.003274342
0.9847251340000001
1.006082758
1.01421501
1.000556144
1.005079798
0.982423138
1.006431674
1.00379254
1.004254916
1.007217618
1.00128158
1.008750548
1.0076547839999999
1.005993212
1.007671334
1.00294869
0.9959690880000001
1.005668148
0.74708596
1.008485264
0.99505303
1.0068776
1.006224182
1.005437432
1.002043132
0.9861088
1.003182952
1.004959858
1.006186464
1.003222786
1.01233605
0.98392204
1.006672284
1.003956788
1.00797877
1.0013889679999999
0.987067432
1.001104206
1.004259612
1.005894256
1.002321412
1.006132252
0.985886972
1.018186996
0.981816774
1.006339706
1.0059295959999999
1.0085681499999999
1.008127824
0.9926979619999999
0.982387184
1.006884682
1.002803504
0.98748955
0.99204448
1.004823492
1.003182952
1.007948018
1.007078278
1.008947232
1.0067879100000001
1.006125182
0.997950016
1.00542331
1.00591546
1.00544214
1.00377612
1.006030914
1.004372338
1.000434952
1.0065213
0.9852514640000001
1.003351686
1.006592068
1.006596786
1.013186216
1.002789456
1.0052138800000001
1.006816232
1.00456262
1.004825844
1.0086036779999998
1.006426956
1.0077635440000001
1.001769682
1.002386912
1.00581652
1.005493924
1.00571289
1.003433732
1.007950382
1.0094950360000001
1.00348062
1.004325366
0.98549788
1.005993212
1.008416596
1.004917534
0.747762318
1.009853446
1.004522678
1.00373624
1.005696406
1.003675254
1.004085876
1.002003392
1.008954344
1.008572886
1.005444494
1.006268974
0.9986322
1.00546097
1.004997484
1.00616525
1.004809388
1.00409996
1.007092446
0.982236658
1.005317408
1.002906536
1.002637294
1.006125182
1.008097064
1.004400522
1.000232254
1.007706798
1.0048752140000001
1.006271332
1.00661094
1.005823586
0.994454006
1.007338096
1.006813872
1.0053832999999999
1.004449852
0.993770618
1.008158588
1.00380427
1.00305878
1.005291524
1.000581786
0.987026602
1.00497632
1.010107572
0.988607858
1.00669116
0.984332448
1.004964562
0.983647124
0.99786191
1.001977678
0.747625648
1.003658836
1.007328646
1.000945556
1.003844156
0.9961977879999999
1.004097614
1.006082758
1.00513625
1.006318486
0.992730086
1.00698383
1.003881696
0.985866604
1.006695878
1.003846502
0.9946866179999999
1.004677762
1.005180944
1.004283094
0.9983049140000001
1.0128158839999999
1.005901324
1.008108894
1.0004559259999999
0.746819654
1.003675254
1.0173284200000001
1.00438643
1.00702633
0.9895326
1.002857358
1.0042126500000002
1.0053950680000001
1.0004
0.98397614
0.984445256
1.004924588
0.990205604
1.00473652
1.007770638
1.00658735
1.001473026
0.98289752
1.0059508
1.005244466
1.002901852
1.006677002
1.005307996
1.0161658660000001
0.990906956
1.014028236
0.984449768
0.984569376
1.0027332679999998
1.003722166
1.006462334
0.983187772
1.015303494
1.0063467799999999
1.005665792
1.001547758
1.003398568
0.9969030299999999
0.983570536
0.999966776
1.000877912
1.004360594
1.005044518
0.985380308
1.00734046
0.74733685
1.004527376
1.006349138
1.0042924880000001
1.005616344
0.993554522
1.006625096
0.9938534019999999
1.004546172
1.0042971840000001
1.006806792
1.000337088
0.991801652
1.0053927139999999
1.001498714
1.007361724
1.004572018
1.008719748
1.001517396
1.000793952
1.006290192
1.004156302
0.999934182
1.00245944
1.005776478
1.0116540840000001
0.9967619019999999
1.006464692
1.005235056
1.007624052
1.00711606
1.004966914
1.003633038
1.0048705119999999
0.987580374
1.001774354
0.998599694
1.005536296
1.004894022
1.009013602
1.004837598
0.9988644480000001
1.006665204
1.002316734
1.007612234
1.013427676
0.982852536
1.003729202
1.004353548
1.002344804
0.994053524
1.00590368
1.0039192399999999
1.007709162
0.99608227
1.007260136
1.00704522
0.985233384
0.9857150100000001
1.00274029
1.001860816
1.006740712
1.009521136
0.747524152
1.00490813
1.0068776
1.018568514
1.006424598
1.006365644
1.003733894
1.008665262
1.002267614
1.00306815
0.746866406
1.00345952
1.008329
0.9902329999999999
1.007825028
1.005814164
1.007768274
1.0077635440000001
1.004680114
1.00539742
1.0042173460000001
1.004139868
0.984262518
0.994035118
1.0037409320000001
1.005809454
1.002712198
1.0046613119999999
1.00572231
0.98365163
0.9993804260000001
1.004894022
1.006139322
0.9985370100000001
0.98549788
0.9859163919999999
0.989550838
0.984950958
0.997947696
1.001779028
1.00581652
1.016367858
1.0053856540000001
1.0029112199999999
1.004534424
0.999173506
0.9989457599999999
1.003236846
1.004959858
1.011754176
1.001954304
1.006960222
1.003295436
1.004442804
0.999589756
1.018131482
0.9857104839999999
1.007475146
1.006497712
1.006238326
1.001982352
1.002967428
1.004684814
1.002330768
1.009454702
1.008307696
1.0099579300000001
1.003956788
1.0009898799999999
1.005538652
0.9899910559999999
1.004496834
1.007746992
1.009200904
0.990977832
1.0128278259999999
0.982602944
1.0075176860000001
1.007016886
1.006304338
1.0055951539999999
1.002590484
1.003670564
1.00592724
1.00757914
1.00581652
1.000344078
1.00591546
1.004487438
1.004572018
0.996364182
1.003004904
0.9848786820000001
1.005906036
1.002019754
0.9864372
1.01393727
1.002167054
0.983883724
1.005583382
1.0029580580000002
0.99919675
1.006146394
1.005510402
1.004233782
1.0056728560000001
0.98276033
1.005338586
1.004053014
0.9980729260000001
1.000670372
1.006226538
1.016825042
1.002478158
1.005138602
1.003790194
1.007508232
1.007678426
1.001304922
1.003171236
1.00289951
0.7471002539999999
1.005755282
1.009184304
1.00616525
0.9863918899999999
1.018988998
1.0042737019999999
1.0115563939999999
0.984668694
1.00688232
1.004264308
1.002468798
1.003956788
1.007234152
1.003539236
1.0045109300000001
1.00765242
1.0043183199999999
0.9964612700000001
1.007458604
0.9968475
0.995424326
0.995274392
1.006309054
1.007848678
0.997428564
1.0051009659999999
1.000448936
1.001891196
1.004494486
1.0035111
1.002281648
0.9855860780000001
1.00574586
1.014100064
1.006448182
1.005108022
1.005039814
0.99739382
1.006653408
0.983901754
1.00401546
1.005682276
1.004041278
1.004409918
1.00077996
0.9984859380000001
1.007423158
1.005110374
0.99607996
0.997899004
1.019112308
1.001851468
1.007052302
0.9986020160000001
1.004981022
1.003131404
1.002784774
0.9879847479999999
1.019467902
0.746866406
0.985862078
0.999617674
1.010226366
0.997727462
1.005552776
1.004898724
1.001765008
1.007215256
0.994389538
0.991144774
1.00153608
1.005522172
1.006872878
1.00550334
0.998193546
1.0048281940000001
1.014080908
1.004240826
1.004088224
1.001793048
1.0074184320000001
1.01919937
0.994382632
1.005823586
1.003966174
1.002798822
0.9981355519999999
1.000495546
0.9836561359999999
1.004226738
1.007538958
0.747007996
1.005211528
0.998376852
1.017817824
1.002017418
1.0056187
1.005670502
1.007635872
1.004278398
1.003797232
1.009445212
1.005317408
1.002784774
0.997801636
1.00227697
1.005651664
1.011718426
1.0059508
1.004849352
1.00394036
0.999189776
1.004283094
1.006566118
1.010468794
1.009269678
1.006669924
1.0151883
0.999631634
1.006129896
1.005352706
1.00729321
1.006438748
1.00032311
1.000549152
1.004588466
1.0049057780000001
1.0052021180000001
0.986845172
1.001445006
1.005800032
0.9983443620000001
1.003436076
1.007248326
0.9848832
0.9891542940000001
1.003930974
1.0042971840000001
1.00410935
1.00232609
1.007267224
1.004139868
1.00631377
1.004463946
1.006901204
1.004121088
1.006188822
1.004076488
0.998267788
0.7471301459999999
0.99778541
1.002134316
0.986090688
0.9867159440000001
1.007711526
1.006464692
1.00150105
1.005117432
1.007127868
1.0057859
0.99994815
1.002405628
1.00223721
1.010754152
1.007543686
1.006946058
1.006497712
0.999808486
1.00376439
1.003168892
1.012481624
1.007815568
1.006636892
0.9973266559999999
1.004581416
0.98576252
1.0072979340000001
1.003241534
0.994875552
0.186731294
1.00719636
1.009689638
1.005743506
1.014936408
1.007626416
1.006856356
1.006974388
1.00356972
1.00827219
1.0010598720000001
0.983901754
1.005171534
1.0055151100000002
0.997067346
1.003229816
1.004595514
0.9995153179999999
1.0022933440000001
1.002026768
1.0052209380000001
1.002478158
1.010485436
1.007012164
1.006528376
1.004677762
1.008054474
1.0014123160000001
1.008049742
0.9869767020000001
1.004745922
1.0068634379999999
1.009153478
1.003328248
0.997535128
1.00492929
0.997410034
1.001828098
1.0040483199999999
1.003075178
1.004579066
1.009276792
1.010433136
1.005310348
0.18675078199999998
1.002433702
1.001788374
1.000733324
1.003047066
0.998481296
1.015887056
1.004116394
1.007926728
0.9936648579999999
0.9943319860000001
1.00592724
1.00600735
1.016699878
1.00963742
1.007645328
0.186750132
1.007780098
0.99987133
1.0060262
1.00750587
1.006221824
1.0014636860000001
0.988539596
1.002351822
0.9989271740000001
1.005451554
0.98399192
1.006681722
1.00981783
0.9851316920000001
0.9949539119999999
0.98817569
1.009132138
1.003267312
1.00478118
1.00262091
1.00761696
1.006745432
1.0018771739999999
1.00921276
1.003429042
1.005877766
0.9410553700000001
1.006702958
0.9938971
1.0038066159999999
0.9949677400000001
1.005249172
1.009528256
1.008362144
1.005512756
1.0059508
0.995772812
1.0018304359999999
1.005039814
1.0052585840000001
1.00769734
0.9862741039999999
1.004431058
1.007224704
1.00451563
1.008298228
1.004071792
1.0038371160000001
1.007245964
1.00585892
1.01425812
1.006188822
0.98695629
1.00695314
1.005366826
1.006884682
1.0040365839999998
0.983266552
1.003600206
1.007624052
0.980581664
1.00940488
1.002723904
0.98154752
1.004135174
1.005583382
1.0067171160000001
0.9869018620000001
1.006608582
0.994654368
1.004604914
1.002527298
1.0032251300000001
1.007626416
0.186740226
1.003790194
1.00793146
1.007000358
0.9822186860000001
1.003070492
1.006601504
1.005049222
0.996977082
1.021324878
1.007813204
1.00422439
1.00357441
1.00320404
1.001178882
1.004269004
0.186762394
1.011332496
1.00394036
1.0138080280000001
1.0098320760000001
0.990016158
0.995315908
1.005774124
0.984291842
1.0043676400000001
1.0026185699999999
1.004071792
1.006339706
1.005661082
1.005336234
1.004231434
1.003429042
0.18674858800000002
1.005948444
1.006162894
0.981917782
0.99942461
1.002709858
1.00664397
0.996630064
1.006469408
1.004574368
1.0022559199999999
1.005013946
1.006889402
1.008390554
1.009042048
0.186733974
1.001487038
0.993956904
1.000080868
0.9984047020000001
1.009027824
0.9988319259999999
1.005404482
1.005606926
1.00581652
1.001781364
1.003063464
1.005267994
1.005512756
1.007770638
1.006403374
1.00212964
1.004339456
1.004278398
1.00177669
1.0045391240000001
1.002770726
1.0036776
1.0036799459999999
1.006618018
1.004717716
1.00299085
1.002515598
0.994682012
1.004360594
1.0021506839999998
0.18672618
0.186738764
1.006037982
1.004114046
1.004971616
1.004668362
0.985222082
1.00358379
0.9996083680000001
1.000239244
0.986419076
1.003710438
1.00904679
1.002174068
1.007085362
1.003567376
1.006106326
0.9844881299999999
1.00294869
1.002838626
0.982634418
1.006297266
0.980595096
1.002979138
1.00904679
0.9832485440000001
0.9997456499999999
1.007694976
1.0050045380000001
1.006401016
1.007687884
1.006332632
1.004137522
1.002117948
1.00503276
1.0032649679999999
0.999659554
1.002890142
1.003302466
0.99130262
1.003799578
1.00822722
1.006868158
1.006266616
1.01641837
1.0014473400000001
1.005418602
0.997340552
1.005960224
0.9878370439999999
1.004168042
0.9860408820000001
1.006568476
1.002705176
0.0
1.006056836
0.9907355240000001
1.009813082
1.005658728
0.999743322
1.0145072800000001
1.00541625
1.007810838
1.00573644
1.007661878
1.004006072
1.009013602
1.000118128
0.996736458
0.981377068
1.008859544
1.005807098
0.992835648
1.002106258
1.00573644
0.994368818
1.0067336340000002
1.003494688
1.005315054
1.01638229
1.011470634
0.9980497319999999
1.002223178
1.0043511999999999
0.98428282
0.98503228
1.007997694
1.000148404
1.00281287
0.984614518
1.008231952
1.0124863960000001
1.008246154
1.005293878
1.003938014
1.003825386
1.008440274
1.004973968
1.003543926
0.186755328
1.002169392
1.00642224
0.99888071
1.0053291739999999
1.010228742
0.985769306
1.00706647
1.007210532
0.997078918
1.0063232020000001
1.006575554
1.0042173460000001
0.99140559
1.007354636
1.0045837659999999
1.004933994
1.0033587179999999
1.002386912
1.0028877999999999
1.00150105
1.004459248
1.007009802
1.006021488
1.004487438
0.984632576
0.9884394959999999
1.007874694
1.007869962
1.008004792
1.0196712079999999
1.008954344
1.0069318919999999
0.9969030299999999
1.002627932
1.003844156
1.007659514
1.006603862
1.0063232020000001
1.001300254
0.989598718
1.001484702
0.985977502
1.007163294
0.186695094
1.007595686
1.005898968
1.004616662
1.005065686
1.0081136259999999
1.005564548
1.0042948360000001
0.9837372440000001
0.987219444
0.98651197
0.958580374
1.007160932
1.007321558
0.999824778
1.004071792
1.0053927139999999
0.985122652
1.014016266
1.0167672700000001
0.999976088
1.003384502
1.004196216
1.00723179
1.002595164
1.006188822
1.002712198
1.00345483
1.005969648
1.003757352
1.002967428
1.00232375
1.0050727419999999
1.0023541599999999
1.007354636
0.998701862
1.004755324
1.006917728
1.004503882
1.0096635280000001
0.98767803
0.985226602
1.003966174
1.00500689
1.004847002
1.015130714
1.010846928
1.004095266
1.004196216
1.00356503
1.0065236579999999
1.006054478
1.00523976
1.005164478
0.999268818
0.18674526
1.004663662
1.00720817
1.00160615
1.012014028
1.00546097
0.98538257
1.008158588
1.004494486
1.003935668
0.984630318
1.005686986
1.00355096
1.018054256
1.003461864
0.981976152
1.003098604
0.9832935660000001
1.001094872
1.0044803900000001
0.985246944
0.985048094
1.001344608
0.985696912
1.0036799459999999
1.007224704
1.004576718
1.00512684
0.9942698360000001
1.00218576
1.00414926
1.004677762
1.004151608
1.0048822659999999
1.013791276
0.992656664
1.001858478
1.01566604
1.000635402
1.000295152
1.004729468
0.9938534019999999
1.003033012
1.00557632
0.986820232
1.004487438
1.0040506679999999
1.0010622059999998
1.002646656
0.186755978
0.984291842
1.002471138
1.005668148
1.00245944
1.003825386
0.9924525200000001
1.0066463300000001
0.995071474
1.0044803900000001
1.004959858
1.0036517999999999
0.186705562
1.004579066
1.008144388
1.003691672
1.002932296
0.983685424
1.005037464
1.0043206679999999
1.002653678
1.007094808
1.0052962300000001
1.002515598
1.003000218
1.005110374
1.006509506
1.00713023
1.004130478
1.002520278
1.00061442
1.015488336
1.005086854
0.186745828
1.004595514
1.002761362
1.002195114
1.00523976
1.00401546
1.004301882
1.004057708
1.0061581800000001
1.00198469
1.005458616
1.003372782
1.004955156
1.006320844
1.006325558
1.00486816
0.998530044
0.989149738
0.992000946
0.880044114
0.997058086
1.003520478
0.987382852
1.001755662
1.002108596
1.003616622
1.00509391
1.0112991580000001
1.006752512
0.992262212
1.008857174
1.003391536
1.011034912
0.99731276
0.995939064
0.99991323
0.186734948
1.0020898919999999
1.005715244
1.001961316
0.986797558
0.9865867500000001
1.008987526
1.007087724
1.0046378120000001
1.007624052
1.001916906
0.99892485
1.005178592
1.011835216
1.0082343200000001
1.005418602
1.004705966
0.9952075119999999
1.00412813
1.003234504
1.005809454
1.006542528
1.000516522
1.005823586
1.010685176
1.005825942
1.006035626
1.00417978
1.005232702
0.997000224
1.014492902
1.003562686
0.999336244
1.00165754
1.005282112
1.000933892
1.007966942
0.9916070140000001
1.000602764
0.983541256
1.01210465
0.983581798
0.9991130739999999
1.008485264
1.006330274
1.001466022
1.005868342
1.005774124
0.997095122
1.005896612
0.99376142
0.9949285579999999
0.98992032
1.006551964
1.013654896
1.0039192399999999
1.0086581559999999
1.003963828
1.008620258
1.005124488
0.981177536
1.005533942
1.003464208
0.986647944
1.004045972
1.0062784040000001
1.003426698
1.0056445999999999
1.0047224179999998
1.0046378120000001
1.003229816
1.0013819640000001
0.998680962
1.013477894
0.9951360300000001
0.999545558
0.992498388
1.006804432
1.002438382
1.0174513299999999
1.008179886
1.00542331
1.008561046
1.0039192399999999
0.9820390200000001
1.005305642
1.009234104
1.007775368
0.98644173
0.99703957
1.003295436
1.0133296440000001
1.007378262
0.9838769620000001
1.0049692639999999
1.007541322
0.999250218
1.007201084
1.000346408
0.98479287
1.00451563
1.007486962
0.98578967
1.008329
0.99887374
1.003820694
1.008298228
1.001379628
1.004123436
1.00582123
1.01453364
1.00843317
1.00380427
0.997349814
1.0004163099999999
1.023773976
1.007593322
1.00633499
1.0054021279999998
1.0047341699999999
1.006311412
0.995200594
1.0074846
1.005260936
1.00289951
1.0044921359999999
0.99940833
1.004459248
1.002106258
1.004879916
1.00515742
1.00473182
0.99794074
0.99293664
1.001078538
0.998311874
1.0085207840000001
1.006401016
1.007451514
1.005654018
1.002008066
0.983473692
0.999085184
1.006431674
1.00289951
1.00442871
0.18673787
1.0097204960000001
1.00877424
1.006533094
1.003464208
1.0049363439999999
1.002571762
0.994845594
1.0062548279999999
1.003429042
1.001603814
1.004153954
1.006896484
1.006424598
1.00625247
1.004966914
1.009841574
1.00554336
1.006061548
1.003966174
0.999792194
1.006492994
1.005578674
0.985488836
1.00750587
1.003447798
1.004153954
1.0090657539999999
1.0061369660000001
1.00779192
1.007345184
1.005715244
1.0067879100000001
1.00573173
0.986602614
1.008291126
1.003330592
1.006089828
1.005934308
1.00668408
1.0015524279999999
0.9998480540000001
0.984560348
1.002960402
0.981471258
1.007723348
1.00018334
0.983500716
1.002288666
1.008788458
1.003970868
1.0044803900000001
0.98170681
1.007867598
1.0067336340000002
0.9963341339999999
1.002550698
1.003086892
1.003785502
1.003009588
1.00765242
1.004222042
1.000465248
0.9988435419999999
1.005818876
1.008544466
1.004153954
1.006419882
1.00692481
1.007711526
0.996135404
0.9846393480000001
0.186720904
1.012061722
1.0067265539999999
0.0
1.003154834
1.002071188
1.009407252
1.006431674
1.003884044
0.999908574
1.002064174
1.004752972
0.9968845199999999
1.002330768
1.00574586
0.984610004
0.983559274
1.014993972
1.003961482
1.00678319
1.004581416
1.016329378
1.001307258
0.99815179
1.004633112
0.9861359700000001
0.985692388
1.006957862
1.0090823500000001
0.9385998680000001
0.997810908
1.006913008
0.987802966
1.004630762
1.00239627
0.9892066939999999
1.00451563
0.99949671
0.983629102
1.0062878339999999
1.001909894
1.004663662
1.00544214
1.009034936
1.00288546
1.0081704200000001
0.999580452
0.186754842
0.9980636479999999
0.186735516
0.991975744
1.003372782
1.004837598
0.9960406900000001
0.9965051979999999
1.006702958
1.006589708
0.998499866
1.0043371079999999
1.003054094
1.006365644
1.006028556
1.000290494
1.0100529360000001
1.006002636
1.0009898799999999
1.00596258
0.99036315
0.9852017439999999
0.992023858
1.00217173
1.005246818
1.004102308
1.006674642
0.999664208
1.0058706979999998
0.992629134
1.004804686
1.008127824
0.983843156
0.984765774
1.0068776
1.013449198
1.01266544
1.004078834
1.00406475
0.999229296
1.004933994
1.0055574840000001
1.00089424
0.9882075220000001
0.186746722
1.005282112
1.006134608
1.0029299539999998
0.0
1.005807098
0.9944355859999999
0.991034998
1.002038458
1.004156302
1.00316655
1.0022044700000001
1.002997876
1.004379384
1.005352706
0.18672950800000002
1.001886522
1.00071234
0.9969099720000001
0.994635942
0.984562604
1.0117208100000001
0.99949671
1.003989644
1.000423302
1.00474122
0.9911219019999999
1.002017418
1.00534094
1.002653678
1.003982602
1.0145624
1.006622736
0.9847319059999999
1.005039814
1.00571289
1.0010062100000001
1.00427605
1.0047083159999999
0.98547753
1.004985726
1.00570347
1.0048752140000001
1.005788256
0.997546712
1.0048281940000001
1.01297832
1.002073526
0.992429586
1.00749169
1.006504788
1.00359317
1.006398658
0.98919758
1.003112662
1.0055928
1.001209222
1.0068776
1.00863447
1.0062548279999999
0.984713846
1.004619012
0.99469353
1.0098392
0.186767022
1.005192708
1.005851854
0.999203724
0.9901553820000001
1.004111698
1.00619825
1.015281892
1.006155822
0.968013022
1.0044921359999999
0.9846009739999999
0.186742824
1.005976718
1.008731594
1.0031478059999999
0.9928035180000001
1.005562194
0.9843708
0.98294476
1.001685572
1.006719474
0.984829
1.006379792
1.0016388520000001
1.006125182
0.990248982
0.998518438
1.003497032
1.0121261160000001
0.982270354
1.00371982
1.0092720480000001
1.005873054
1.005847142
1.006943696
1.00304004
1.005437432
1.0045391240000001
1.003494688
1.004668362
0.9988528320000001
1.005317408
0.987226252
1.005317408
1.003844156
0.991190522
1.005265642
0.98730795
1.004546172
0.998799408
0.984957734
1.002836284
0.984858358
1.002838626
1.000386018
1.004597864
1.001935604
1.003658836
1.00877661
1.006990914
1.003527512
1.004062404
1.007853408
1.004959858
1.008959084
1.002148346
1.0100529360000001
1.008698428
1.004391128
1.00292527
1.003982602
1.00661094
1.007645328
1.001977678
1.005877766
1.01069469
1.005993212
0.9963064
1.003000218
1.0085089440000001
0.18674193
1.004433408
1.001601478
1.0076689699999999
0.98627637
1.003236846
1.00600735
1.00980596
1.005173888
1.005887188
1.00518565
1.005873054
1.001970666
1.003590826
0.98474997
1.004863458
1.005510402
1.001108872
1.006620378
1.029143874
1.004995132
1.006813872
0.987412362
1.0055551299999999
1.0047083159999999
1.007125508
1.006061548
1.005493924
1.004330062
0.993152468
1.00032078
1.001148544
1.012612914
1.00246178
0.997449412
0.985816822
0.9840122099999999
0.996412724
1.005920172
1.00089424
0.994822552
0.9832733060000001
0.186750212
1.00510567
0.9995618399999999
1.009103688
0.981576682
1.0055998640000001
1.005668148
1.002641974
1.00114621
1.007033414
1.01043789
1.005188002
1.009874816
0.985115874
1.007347548
1.005180944
1.003168892
0.9990642679999999
1.004922236
1.001891196
1.006030914
1.0022910040000002
0.9862061639999999
1.001627172
1.0095045280000001
1.001671556
1.003769082
1.003930974
1.00520447
1.002803504
1.0067053160000001
1.004445152
0.98484255
1.002742632
1.003300122
1.0051127279999998
1.007120784
1.004623712
1.013709922
1.003644764
0.0
1.014852472
1.004797634
0.9921774
1.007307384
0.9836583879999999
1.005833008
1.006941336
1.004839948
1.007068832
1.006089828
0.996930798
1.007605142
1.005270348
1.011365836
1.005941376
1.0071845499999998
1.003014272
0.9923057700000001
1.0058919
0.9952605539999999
1.008961454
0.982598448
0.992934344
1.004995132
1.0003627179999999
1.008286392
1.007212894
1.005409188
1.00752005
1.005757636
1.0067879100000001
1.0088311079999999
0.998657742
1.006377434
1.003820694
1.005411542
1.001970666
1.005075094
1.008250888
1.002288666
0.998413984
1.004489786
1.00451328
0.18677165199999998
0.999875986
0.186742986
1.0157717320000001
1.004132826
1.005931952
1.0018304359999999
1.006469408
0.9828885239999999
1.006125182
1.00456262
1.003790194
1.003072836
1.005352706
1.0059790739999999
1.00715621
0.9998736579999999
1.0064741259999999
1.006210038
1.0044803900000001
1.004720068
1.006096898
1.006155822
1.005840076
0.985423264
1.005606926
0.9823422460000001
1.002997876
1.005901324
0.989753792
0.99876689
1.001587464
1.01063999
1.004849352
1.002993192
1.0057859
1.005016298
1.0036635280000001
1.008954344
1.003621312
1.005729376
1.01409767
1.00348062
1.00359786
0.999415308
0.0
1.004205606
1.005809454
0.998195866
1.002588144
1.002864384
1.0076547839999999
1.00640809
1.006268974
1.005976718
0.0
1.001543086
1.002001054
1.004207954
1.006811512
1.004839948
0.985217562
1.00643639
1.007042858
1.009699132
1.003072836
1.005439786
1.00983445
1.0093218560000001
1.00706411
1.004024848
0.985077464
1.007264862
1.008591834
1.002927612
1.0081136259999999
1.0080213519999999
1.006861076
1.001134542
1.00504687
1.006851636
0.9889151540000001
0.0
1.005562194
0.9919597059999999
0.991309484
0.983131508
1.004421662
0.99626249
0.995161392
1.002747314
1.010067188
1.004182128
1.007423158
0.982531014
1.02206616
1.00409996
1.004901076
1.003773774
0.987208098
1.002775408
1.005307996
0.994334288
1.003691672
1.007730442
0.995927518
1.0039192399999999
0.986145026
1.0039239340000001
1.002227856
1.007054664
0.985145248
1.007723348
1.006393942
1.005249172
0.9863488499999999
1.005762346
1.005486862
1.0064505400000001
1.00913688
0.987668944
1.000882576
0.999552536
1.003710438
1.00570347
1.00239861
1.006365644
1.0060874720000001
1.001853804
1.005453908
1.015891862
1.0082887600000001
1.004346502
0.98663661
1.00510567
0.9846416060000001
1.00910843
1.004713016
1.004668362
1.004038932
1.004475692
1.003553306
0.989512082
1.0053291739999999
1.002663042
1.000696018
1.0046519120000001
1.001188216
0.186708404
1.008516048
1.007992964
1.008987526
1.001449676
1.00625247
0.985909602
1.004522678
1.008040278
1.00519506
0.9925993120000001
0.983935566
1.00780138
0.99533436
1.003450142
1.0056799220000001
0.98974695
1.0033587179999999
0.990797234
1.001409982
1.0061275379999999
0.983904008
1.0058565640000001
1.01397557
1.003339966
0.984030246
0.936334706
0.986018246
1.00400842
1.0069035659999999
1.0058494980000001
1.002389252
1.0010342060000001
1.005307996
0.984598718
1.00756023
0.984235452
1.000504868
1.000609758
1.00343842
1.003562686
1.0045837659999999
1.006089828
1.007179828
0.9985370100000001
0.9975768319999999
0.985246944
1.003051752
1.00384181
0.984262518
0.18674160599999998
1.007851042
1.0074846
1.00018567
1.006667564
0.997479526
0.998024222
1.008456848
1.010992074
1.0047224179999998
1.007234152
1.00406475
1.001206888
0.981410704
1.005748216
0.984894492
1.006139322
0.9979013240000001
1.002735608
1.007808474
1.001891196
1.004924588
1.002693472
1.006023844
1.00678083
1.005625762
1.004802336
0.18671652
1.004374686
1.0001274439999999
1.006759592
1.00204547
1.003743278
1.011382508
1.00314312
1.005654018
1.0052138800000001
1.010523476
1.0045085820000001
0.984343726
0.987666674
1.0059955680000001
1.002803504
0.994371122
1.0022044700000001
0.186718062
1.006915368
1.005359766
1.001055206
1.007335734
1.006655768
1.004649562
1.007012164
0.9934051500000001
1.006021488
1.003468898
1.002464118
1.0006074280000001
1.009487918
1.005277406
1.0046613119999999
0.992037606
1.010117074
1.01491962
1.005632826
1.004198564
1.0124792360000001
1.002798822
0.985898286
1.002038458
1.002826918
1.005331526
0.9851768839999999
0.983631356
1.005456262
1.00664161
1.004203258
1.00481409
1.0083455719999999
1.0046143140000001
1.01878113
0.999110748
0.9892727680000001
0.999299042
1.0105829179999999
1.002064174
1.004849352
1.004470994
1.002211484
1.00422439
0.98289977
1.006898844
1.004092918
1.006398658
1.001748652
1.002922928
0.985332836
0.997157626
0.98562679
0.9819716620000001
0.987117342
0.9812828960000001
1.007626416
1.016567524
1.003881696
1.000992212
1.0059248840000001
1.006009706
1.0030353539999999
1.009039678
0.18676832200000001
1.011439668
1.0035791
1.005573964
1.005597508
1.00740189
1.002209146
0.985819084
1.00508215
1.002113272
1.0078841539999999
1.006238326
1.006193536
0.99917118
1.007019246
0.999580452
1.006707676
0.983816112
1.003175922
0.985253724
1.006304338
1.0057340860000001
1.011068232
1.003075178
0.9878370439999999
1.003893428
1.004896374
0.998265468
0.99984107
1.004095266
1.002934638
1.002164714
1.007404254
1.000260208
1.001494044
0.998541652
1.00486581
1.0094950360000001
1.005729376
1.002120288
1.003884044
0.98277832
1.00765242
1.006462334
1.005079798
1.00509391
0.998123954
1.008023718
1.0028597
1.014953198
1.0081656860000001
1.000379028
1.004621362
1.004682464
1.002431362
1.00658263
0.986092952
1.00347593
1.00743261
1.00759805
1.005847142
1.0148117079999999
1.006061548
1.00304941
1.00281287
1.010673284
1.004743572
1.002010404
1.005075094
0.998808698
1.002934638
1.009226988
1.003877004
1.004027196
1.00765242
0.9947303900000001
1.005658728
0.9995478839999999
1.003386846
1.006049766
1.003888736
1.005847142
0.998743666
1.00610397
1.014341958
1.0080213519999999
1.0076406
1.018679642
0.994106442
1.001727626
1.006448182
0.984607746
1.006620378
1.005013946
1.00358848
0.985796458
1.0048281940000001
1.0140617539999999
1.004799986
1.007127868
1.0021577
1.005931952
1.002883118
1.0052562299999999
1.002641974
0.996778096
1.003869964
1.00711606
1.00582123
0.984822226
1.006438748
1.005458616
1.005566902
1.00255772
1.002071188
1.002979138
0.98878766
1.00356503
1.00718219
1.005972004
1.010143208
1.005802388
1.00430423
1.006905926
0.9856177420000001
1.00180473
1.00324622
0.186739008
1.002578782
0.986382828
1.00279648
0.983106754
1.003250908
1.0080213519999999
1.005484508
1.012558006
1.005183298
0.991547494
1.006304338
1.005060982
1.005661082
0.997340552
0.985678814
0.984528752
1.006865798
1.004656612
0.996734144
0.996828992
1.003938014
0.99915491
1.007071194
1.008707904
1.010544874
1.006846914
1.007529504
1.003715128
1.005637536
1.004402872
0.985620004
1.0059295959999999
1.0052021180000001
0.186739738
1.006771392
1.007168018
1.007212894
0.99789205
1.0046143140000001
1.004769426
1.008369246
0.99746331
1.006651048
1.0015524279999999
1.006660486
1.004872862
0.9873102199999999
1.0049998359999999
1.006835114
1.008061572
1.005171534
1.007328646
1.00492694
0.9849306299999999
0.186707916
1.011242012
1.002967428
0.989019906
1.010456908
1.0047341699999999
1.005955512
1.006233612
1.008655788
1.00546097
1.006162894
1.003208726
1.003949748
0.9831292580000001
1.006115754
1.009020712
1.000959552
0.996304088
1.006589708
1.006082758
1.006066262
1.005249172
1.008812152
1.005936664
1.0059578679999999
1.002960402
1.001358616
1.005748216
0.98279856
1.005068038
1.004595514
0.15306975
0.983417394
0.985692388
1.00642224
0.186731944
0.984052792
0.996188546
1.00150572
1.00738535
0.186742742
1.000015668
1.00288546
1.005486862
0.9918978519999999
1.004123436
1.009533002
0.9873556139999999
1.003799578
1.0035040659999999
1.014461752
1.004010766
1.003715128
1.017504358
1.005976718
0.9923539180000001
1.00757914
1.006844554
1.003820694
1.005533942
0.987382852
1.011966338
1.005590446
1.006096898
1.005880122
0.9862673099999999
0.998103078
1.00104354
0.9826186800000001
0.186774414
0.982924514
1.004071792
0.999582778
1.002967428
1.001174214
1.004311274
1.027393534
1.00491048
0.986731812
1.00518565
1.00429014
1.006012062
1.0078344879999999
1.002602186
1.009587582
1.004966914
1.003661182
1.001968328
1.018295628
1.006379792
0.981626036
1.004567318
1.000999212
0.9846190319999999
1.0004163099999999
1.003248564
0.992714024
1.001543086
1.006144036
0.9968197360000001
1.006106326
0.186715466
1.002735608
0.99673183
1.0053950680000001
1.006226538
0.997407718
0.997532812
0.99962
0.9831450119999999
1.006934254
0.982744588
1.009276792
1.008151488
0.985891498
0.997368344
1.001540752
1.004891672
1.004264308
0.9868066280000001
1.003640074
1.005002186
1.001438
1.008570518
1.011096794
1.001398306
1.007179828
1.007969306
1.00007621
1.007165656
1.00668408
1.006099256
1.002510918
0.0
0.996930798
0.9954935420000001
1.00624304
0.18673990000000001
1.000004028
1.007827392
1.006299624
0.99328798
1.005654018
1.001526738
1.005129192
1.009485546
1.009208018
1.006106326
1.004313624
0.998047414
1.002174068
1.011099174
1.00385354
1.00289951
0.983638114
1.006280762
1.00481644
1.004330062
1.0042455240000001
1.007269586
1.003912202
1.0022559199999999
1.000525844
1.004198564
1.00768079
1.006728914
1.010349942
0.997199298
1.004548522
1.005218586
1.002251242
0.9910235639999999
1.005830652
1.000805612
1.006960222
0.98479287
1.000388348
0.0
0.9960614799999999
1.004327714
1.002527298
1.0051127279999998
1.01067804
1.00794092
1.007642964
1.006698238
1.003325904
0.996671694
0.988667026
1.003762044
0.998307234
1.005418602
1.006490636
1.002815212
0.990089188
1.001108872
1.0010622059999998
1.00351579
0.9856539320000001
1.011558778
1.005350352
0.9844903859999999
1.003656492
1.005199766
1.003701056
1.002906536
1.00303067
1.003525168
1.004943398
1.007595686
1.006320844
1.002986164
1.005630472
1.001524404
0.975774104
1.004487438
1.0042455240000001
1.004259612
0.99940833
1.007151486
1.004543822
1.010894512
1.004847002
1.0036776
0.999696782
1.0002555499999999
1.008355042
0.18671684400000002
1.004409918
1.002482838
1.0026724040000001
1.005150364
1.001125208
0.9838904860000001
1.007101892
1.006193536
1.003300122
0.98627184
1.007071194
1.005348
1.001524404
0.9865300979999999
1.005562194
1.003452486
0.9875145240000001
0.9946589760000001
1.000560806
1.005519818
1.02005384
0.98801884
1.006106326
0.18673235
1.00209223
1.0080805
1.001015542
0.99680123
1.003562686
1.004550872
0.994253724
1.006629814
1.005955512
0.99915491
1.00624304
1.00919616
0.9851542879999999
1.000460588
1.013901366
0.984201622
1.005677566
1.006526016
0.186744042
1.003595516
1.014936408
0.997111326
1.0017977200000001
1.004673062
1.004057708
1.004306578
1.0073522719999999
1.007264862
0.999859692
1.005110374
0.999066592
1.0070027179999999
1.0096635280000001
1.00430423
1.003771428
1.005053926
0.998230666
1.000064568
0.9918268440000001
1.006547246
1.001603814
0.985941288
1.00492929
1.017393486
1.005192708
1.000264868
1.000020326
1.016569932
1.004713016
1.004259612
1.00687524
0.986731812
0.999199076
1.0043676400000001
1.003633038
1.006938976
1.009411998
0.985219822
1.000139088
1.002534318
1.006839834
1.006625096
1.006964944
1.0037080919999999
1.007933824
1.0051433060000001
1.004339456
1.00164586
0.186769296
1.007345184
0.982985254
0.97849288
1.007314472
1.021609112
1.003492342
1.016365454
1.002637294
1.006351496
1.004586116
0.9974193
1.006162894
0.9978642280000001
1.004586116
1.005051574
0.981466772
0.984102396
1.007309746
0.986224282
0.992564904
1.006221824
0.18668422
1.00638215
0.9827468380000001
0.995442784
0.9808145500000001
0.9882620940000001
0.999952806
1.006224182
1.000444274
0.9965468160000001
1.006455258
0.9874713860000001
1.00335403
0.994108744
1.00347593
1.006797352
1.00239627
1.0081538540000001
0.9858032459999999
0.985188184
1.003637728
1.001725288
1.004264308
1.004543822
1.006401016
0.995138334
1.003468898
1.004532076
1.009661154
1.005729376
1.005098614
1.0165338400000001
1.006844554
1.008066304
0.984208388
1.002766044
1.004280746
1.006096898
0.986731812
0.997572198
1.008350306
0.99905962
1.0042149980000001
1.003175922
1.002248904
1.005818876
1.000015668
1.001627172
1.002588144
1.00539036
0.99671564
0.18674363600000002
1.008047376
1.007118422
1.005814164
1.003799578
1.00584243
1.009236474
1.004384082
0.991504004
0.987716642
1.004238478
1.004762376
1.014392268
0.18673251200000002
1.003407944
1.018160446
0.988737582
0.9996851480000001
1.009122654
1.004301882
1.005366826
1.006592068
1.006731274
0.991293468
1.00181174
1.0062194660000001
1.00503276
1.006063906
1.004572018
1.00438643
1.006250114
1.002517938
1.007744628
1.005409188
1.004600214
0.9831450119999999
1.0032016959999999
1.0043206679999999
1.004372338
0.98605673
0.999538578
1.0067336340000002
1.005573964
1.006389226
0.186753866
1.002667722
1.014924416
0.186753704
1.003525168
1.001624836
1.005941376
1.001367956
1.002047808
1.004588466
0.995971398
1.007078278
1.006146394
1.004760024
0.993490172
1.0078841539999999
1.007716254
1.017376616
1.005682276
1.006012062
1.004020154
1.001762672
1.00913451
1.005840076
1.006915368
1.007624052
1.005802388
1.004433408
1.00544214
1.006655768
1.006997996
1.005972004
1.005192708
1.001942616
1.011689828
1.021113628
1.016661372
1.001620164
1.008918792
1.006238326
1.006224182
1.005795322
1.006950778
0.983529994
1.00269113
0.99964792
1.0034431080000001
1.00410935
1.005021
1.005035112
1.000896572
1.000355728
0.18672756000000001
1.0062854780000001
1.0058565640000001
1.000031968
1.007744628
1.007555504
1.003070492
1.006766672
1.006629814
1.0076547839999999
0.9870719699999999
1.003769082
1.007075916
1.004330062
0.986881452
1.009357436
1.018645818
1.003930974
1.001996378
0.9837102059999999
1.003175922
0.9987227639999999
1.00144267
1.001963652
1.0086321
1.005894256
1.006471768
1.003966174
1.00743261
1.001825762
1.011384888
1.004767076
1.00430423
0.9832935660000001
1.00177669
1.0151930999999998
1.00535506
1.008302962
1.001330602
0.985393872
1.01363815
0.9877620739999999
0.994028216
1.007524776
1.00284331
0.999219996
0.9863533800000001
1.007595686
1.003818348
1.0010365399999999
1.001935604
1.019908504
1.003445452
1.0137697399999999
1.009841574
1.014519262
1.019042188
1.004948102
1.006125182
1.008066304
1.0076287800000001
1.004473342
0.9863352599999999
1.007090084
1.005298584
1.004022502
1.003827732
1.0059743620000001
1.0036048960000001
1.0005025379999999
1.00592724
0.986099744
1.011789926
1.009042048
0.9835998180000001
1.0059578679999999
1.005597508
1.00611811
1.00473652
1.006151108
1.000945556
1.0050727419999999
1.004849352
1.00486816
1.007822664
1.006731274
1.0051621259999999
1.004330062
1.004431058
0.988298478
0.9939178000000001
1.001003878
1.000038954
0.999610694
1.01646648
1.007420794
1.0039239340000001
0.985317012
1.004635462
0.999422284
1.002993192
1.005691696
1.004156302
1.0049363439999999
1.002520278
1.00358379
1.007035774
1.001615492
0.982351232
1.007976404
1.005265642
1.005920172
1.005145658
1.006941336
1.0063467799999999
1.005762346
1.00664397
0.99977823
1.02016287
1.005307996
1.00614875
1.0016832359999999
0.981247026
0.18673024000000002
1.0048822659999999
1.00867
1.007782462
1.00313609
0.999934182
1.00796221
1.005825942
1.005583382
0.981904314
0.981722518
1.008999378
1.003478276
1.005663438
0.996678632
1.01895757
1.004804686
1.004694214
0.986169934
1.00227697
1.006665204
1.004402872
0.987623522
1.00356034
1.002372876
1.002988508
1.0026607
1.0020548219999998
0.985317012
1.004586116
1.005110374
1.00552688
1.005068038
0.9979384219999999
1.012147582
1.00339388
1.006856356
1.007661878
1.006151108
0.9872444060000001
0.982526518
1.0101313280000002
0.986099744
1.001503384
1.006828032
1.00611104
1.002410306
0.9972409760000001
0.998188906
0.990874952
1.005489216
1.001582792
1.0054021279999998
1.005324468
1.0060262
1.0095567300000001
0.9947465160000001
1.0040506679999999
1.005538652
1.0059248840000001
1.000379028
1.0040483199999999
1.0054021279999998
0.99768111
0.985312492
1.004525028
1.004966914
1.0068374740000001
0.0
0.990539022
1.001940278
1.00063307
1.004788232
1.012670216
0.997322024
1.003105634
1.0067265539999999
0.998734376
0.994115646
1.005056278
1.001174214
1.004062404
1.0084189639999999
1.002538998
1.006188822
0.983732738
1.004243176
1.008132558
1.011997336
1.003325904
1.005960224
0.99743088
1.0134013720000001
1.0048705119999999
1.014080908
1.01697191
0.987521336
1.009618434
1.006240684
1.003916894
1.0044686440000001
1.0027028340000002
1.0067879100000001
1.00197534
0.99898526
1.002515598
1.002651338
0.9857104839999999
1.004193868
0.996276356
1.001332936
1.006092186
0.99966188
1.008033182
0.987319298
1.000598102
0.982949258
1.002862042
1.004355896
1.006946058
0.99522596
0.9851294319999999
0.987630336
1.007092446
1.003729202
1.0021506839999998
1.003635384
1.019083292
1.01035945
0.990235282
0.999889952
1.020793276
0.989587318
0.9878484059999999
0.986808894
1.0140713319999999
1.00239861
1.01499877
1.003131404
1.0074089800000001
0.99030378
1.0096730219999999
1.001998716
1.004626062
1.005065686
1.004630762
1.00203612
0.934617064
1.01058054
0.999061944
1.011184872
0.9959690880000001
1.002913562
1.004092918
1.005345646
1.009713374
1.008213018
1.00816332
1.006492994
0.986065784
1.0025998459999999
1.0088927220000001
1.00422439
1.006273688
1.0100838159999999
1.013676428
1.007543686
0.983316078
0.18676150000000002
0.998047414
1.013069114
0.990993838
0.996620814
0.987219444
1.004567318
1.004668362
0.98595034
1.0224871020000001
1.006731274
0.983836394
0.986493842
1.002534318
1.0009758819999999
1.009934182
1.003921588
1.0021506839999998
1.004901076
1.003398568
1.006608582
1.006835114
1.00490813
1.006172322
1.00492929
1.004252568
1.00350641
1.013449198
0.985819084
1.003820694
1.001473026
1.00296977
1.008854806
1.001111206
0.9840573020000001
1.002773068
1.002232532
1.0029580580000002
0.99748416
0.186743392
1.007083
0.989220364
1.00093156
1.007439698
0.994546116
1.005084502
1.000243902
1.008940122
1.00729321
1.004858756
1.004034238
0.99814251
1.003590826
1.006679362
0.9964612700000001
1.003827732
1.004931642
1.005018648
1.01644964
1.00171828
1.003701056
1.00780611
1.0179529139999999
1.000229926
1.006155822
1.007990598
1.001678564
1.003816002
0.9833273339999999
0.9897925679999999
1.004835246
0.0
1.019170348
0.983217032
1.005651664
0.996697136
1.003433732
1.0015571
0.989970518
1.0067005980000001
1.005767058
1.010235872
0.985595124
1.017798528
1.004330062
1.005366826
1.0033704380000001
1.002361178
1.015089928
1.00336575
1.008059206
1.0086036779999998
1.002894826
1.004022502
1.000288164
1.006306696
1.006618018
1.013690782
1.00715857
0.987255752
0.998509152
1.00146135
0.999396704
1.005583382
0.99716457
1.003243876
0.0
0.99596216
1.0055928
0.18674623399999998
1.005482154
0.995041504
1.004755324
1.005774124
1.005748216
0.982270354
1.004957508
1.00904679
0.9862876939999999
0.983608828
0.9986554200000001
0.999962118
1.004160998
1.012839768
1.00516683
1.002616228
0.999385076
1.014313212
1.01857576
0.9852492039999999
1.003644764
1.006202966
1.006063906
1.000523514
0.9872444060000001
0.186749482
1.003743278
1.00582123
1.006905926
1.00150105
1.008570518
1.0054727380000001
1.005585736
1.005131544
0.0
0.998012626
0.998103078
1.0045837659999999
0.99966188
1.001160212
1.000432622
0.993014694
0.98565167
0.9831337579999999
1.0061275379999999
1.005623408
1.003222786
1.00072633
1.004684814
1.00282926
0.9999877300000001
1.003590826
1.002031444
1.003302466
1.00065172
1.000488554
1.0182642419999999
0.9893160639999999
0.9843504940000001
1.003858234
0.99041796
1.001851468
0.998978288
0.996216274
1.004475692
1.001599142
1.004071792
0.995357426
1.000383688
1.006210038
1.005489216
0.998253866
1.007302658
1.005138602
0.999426936
1.002756678
0.99130262
1.009984056
1.004654262
1.0047341699999999
1.005828298
1.006823312
1.004278398
0.9959113519999999
0.985570246
1.00658263
1.0034431080000001
1.0062619
0.982922264
0.9849306299999999
1.006568476
1.003440764
1.007557866
1.00554336
1.001760336
1.00921276
1.002384572
1.000118128
0.999401354
0.982557986
0.99990392
1.002146008
1.007142038
1.0134013720000001
0.9926933739999999
1.003426698
0.98225912
1.006608582
1.005352706
1.0159231
0.9996432660000001
1.004339456
0.984149752
1.002960402
0.999687476
1.00282926
0.985124912
0.990817804
1.014171902
0.998346682
1.0044921359999999
0.985638098
1.006596786
0.990660114
0.981484714
1.017697238
1.0023564999999999
1.00478118
0.984795128
1.0034032560000001
1.005378594
0.186739008
1.01254607
1.008213018
1.006012062
1.008710272
1.003173578
1.0048423
1.00512684
0.982960506
1.004856406
1.003321216
0.986265046
1.005315054
0.986065784
1.006943696
1.008428436
0.9950161460000001
1.003872312
1.002648996
1.009706254
1.00294869
0.997076604
0.99675265
1.015178702
0.999261842
1.005986142
1.003222786
1.006306696
0.998302592
1.0043183199999999
1.008686582
1.0016388520000001
1.008203552
1.001230228
1.00268879
1.006754872
1.003536892
1.0044475019999999
1.004445152
1.007758816
1.00512684
1.004243176
1.002499218
0.186810564
1.0056139899999998
1.008149122
1.00633499
1.004233782
1.005227996
1.005581028
0.992780568
1.00300256
1.004388778
1.002309716
1.00552688
1.00631377
1.00157345
1.004280746
1.001837446
1.008999378
1.003532202
1.00818462
1.003618966
1.008760026
1.004433408
0.986521034
1.009919934
1.003433732
1.00142399
1.008388186
0.0
1.00780138
1.0063963
0.975501506
1.021069932
1.002043132
0.9819110480000001
0.983160764
1.0005002060000001
1.004797634
1.00323919
0.9992734679999999
1.003928628
0.992817286
1.007451514
0.9992897420000001
1.007702068
1.006846914
1.0022185
1.0049363439999999
1.001568778
1.005404482
1.0034853080000001
0.985048094
1.0106066980000001
1.005581028
0.9882484500000001
1.00394036
1.0019309299999999
1.001445006
0.986672876
0.993839604
1.005967292
1.005336234
1.0046072639999999
0.994647458
1.004095266
1.008698428
1.01260814
1.006896484
0.99376142
1.0208248180000001
1.00850184
1.006108684
1.006424598
1.008975676
1.00445455
1.007846312
0.9853735259999999
1.0098154560000001
1.0047341699999999
1.006853996
1.003649456
1.0095994480000001
1.003311842
1.013939662
1.007903076
1.006554322
0.99962698
1.00399199
1.002136654
1.0063161280000001
1.0052068219999999
1.011782776
1.005972004
0.983653884
1.000670372
1.013575956
1.0054798
1.005997924
1.0068634379999999
1.006766672
1.004640162
1.005705824
1.006917728
1.000369708
0.999538578
1.0013889679999999
1.00177669
1.00122556
0.985287628
0.999319968
1.0035111
1.002506238
0.985518232
1.005522172
0.984163282
1.001391302
1.01042125
1.004912832
1.0012348960000002
1.005475092
1.005406834
1.0020548219999998
1.003532202
1.005946088
1.007040496
1.002029106
1.004886968
1.005788256
1.00217173
1.0035040659999999
0.9933201420000001
1.0162788759999999
1.007118422
0.99942461
1.004955156
1.0062949079999999
1.002815212
1.005583382
1.006120468
1.003755006
0.983978394
1.003328248
1.001587464
1.0059248840000001
0.985504664
1.003909854
1.008449746
1.008390554
1.002541338
1.004252568
1.0044240119999999
1.004774128
0.9835660319999999
1.002590484
1.005946088
1.005750572
1.017682768
1.004466294
1.00678083
1.002265276
0.984713846
1.005357412
1.006988552
1.003520478
1.006681722
1.003628348
1.0046143140000001
0.985226602
1.003206384
1.002248904
0.98397614
0.9829897519999999
1.001624836
1.002775408
0.98294026
1.004344154
1.003532202
1.005887188
1.00917719
1.0035791
0.994647458
1.004767076
0.9937913119999999
1.0013516120000001
1.004139868
1.008279292
1.00314312
1.00780138
0.986428138
1.00771389
0.981744958
1.00451563
1.007933824
1.00334231
1.002616228
1.0091866760000001
0.983334088
1.00256474
0.996311022
0.9951844519999999
1.00367291
1.002988508
1.0039051620000001
1.007371174
1.0026607
1.005910748
1.006177036
0.987989294
1.002319072
1.0077895559999999
1.004684814
0.9881552299999999
1.0052068219999999
1.00338919
1.003440764
0.9825355100000001
1.013238802
1.006179394
0.995542
0.98722852
0.186750456
0.984808676
1.004957508
1.00497867
0.984777064
1.0061817499999999
1.002248904
1.005348
1.008499472
0.9862990180000001
0.9956874
0.999431586
1.004489786
1.003891082
0.986491576
1.005079798
0.994113346
1.005404482
1.00509391
1.00523035
1.005199766
1.005124488
0.9886943380000001
1.004666012
1.006889402
1.0057859
1.004240826
1.0056799220000001
1.005997924
1.008814522
1.005343294
1.005533942
1.004898724
1.004579066
0.99859505
1.008291126
1.0032251300000001
0.9924318799999999
1.003839462
1.0044686440000001
1.006806792
1.001708934
0.985271806
1.002611548
1.005180944
1.002571762
1.004001378
0.987809782
1.006401016
1.006695878
1.005863632
1.007094808
1.008388186
1.008544466
1.007780098
1.00928628
1.007985866
0.995382802
1.00552688
0.9851090960000001
1.006405732
1.003522824
1.002239548
1.005021
0.989831346
1.003429042
0.18674055
1.002983822
1.007382988
1.007730442
1.002295682
0.991707758
1.014641494
1.001902882
1.004790582
0.986194842
1.004903426
1.004630762
1.0056187
1.004877564
1.004849352
0.984384336
1.0032649679999999
1.0052962300000001
0.997648666
1.006516582
1.004269004
1.010012556
1.005955512
0.995588154
1.0065236579999999
1.004543822
1.005759992
0.996107682
1.004090572
1.007108976
1.006769032
1.004727118
0.9807943920000001
0.983541256
1.000950222
0.997454046
1.005406834
1.004247872
1.020337366
1.001837446
1.010730366
1.001832772
0.981731494
1.0059508
1.005823586
1.00572231
1.007914902
0.9859186560000001
1.0062171100000001
1.005246818
1.005418602
1.003382158
1.005286818
1.010019682
1.005352706
1.009680144
1.007950382
1.0082343200000001
1.006280762
1.0018491299999999
1.00303067
1.003293092
1.002316734
1.008504208
0.98461226
1.001503384
1.005122136
1.000623746
0.9942261059999999
1.007702068
1.00533388
1.005310348
1.003269656
0.999773576
1.002712198
1.002503898
1.0062784040000001
1.0005374980000001
1.007938556
1.0045579199999999
1.0060591920000002
0.999368798
1.005863632
0.9918108120000001
1.006625096
1.00518565
1.002817552
1.013662072
1.003426698
0.983894992
1.0052727
1.005715244
1.001732298
1.006094542
1.0196106919999999
0.9842264300000001
1.002244226
1.0054350779999999
1.017993932
0.9868678479999999
1.007342822
0.986217488
1.020281618
1.00516683
1.003051752
0.18674323
1.002061836
1.002283988
1.002915902
0.986000136
1.006342064
0.9992130220000001
0.985665242
1.003089234
0.987564478
0.983784564
1.007097168
1.006108684
1.008101796
1.00520447
1.003600206
1.005830652
0.982328764
1.006052122
1.003419666
1.0038230399999999
1.004189172
1.00581652
1.004470994
1.008018986
1.005399774
1.005538652
1.00296977
0.984810934
1.001176548
1.00235884
1.007191636
1.007080638
0.998518438
1.004259612
1.004809388
1.00387935
1.008040278
1.004485088
0.186731214
0.993954604
0.9827918120000001
1.002061836
0.18674526
1.004038932
1.007742264
1.009307626
0.984235452
1.002372876
1.002351822
0.9873170280000001
1.005833008
0.985862078
0.984675466
1.00356503
1.003339966
1.005898968
1.011480162
1.015485934
0.997157626
1.007626416
0.9910693
1.009250704
1.00611104
0.997201614
1.00474122
1.008040278
1.006304338
1.009333716
1.00309392
1.007659514
1.007012164
1.002064174
1.005399774
0.18676125600000001
1.007078278
1.004121088
1.003846502
1.006861076
1.00734991
1.000048268
1.005025704
1.006488278
1.00438643
1.006193536
1.00411874
1.00865105
0.994670494
1.003794886
1.003999032
1.00455322
1.0053032899999998
1.00420091
1.003241534
1.00539036
1.004372338
0.986131442
1.004384082
0.986099744
1.00579061
0.9828345420000001
1.00513625
0.984253496
1.004299532
1.0084355379999999
1.005232702
1.006846914
1.002148346
1.0028597
1.003534548
1.001398306
1.006844554
1.0056187
1.002548358
0.98474997
0.998948084
0.982090668
1.006188822
1.002801162
0.985432308
1.006306696
1.00400842
1.008411862
0.987800694
1.004114046
1.002637294
1.004323018
1.005795322
1.004332412
1.007042858
1.006096898
1.0035181340000001
1.00570347
1.002078202
1.0025975059999999
1.00661094
0.9965976879999999
1.004207954
1.004473342
0.986197106
1.005018648
1.008158588
1.002665382
0.984312144
1.003520478
0.98302125
1.004071792
1.009281536
0.985072946
1.002946348
0.997236344
1.005444494
1.008120726
1.0040365839999998
1.00009484
1.007269586
1.005524526
0.986398686
1.005759992
1.008608414
0.98648478
0.9967827220000001
1.000504868
1.004863458
1.010238248
1.008002426
1.005573964
0.9988435419999999
1.00546097
1.004630762
1.0035181340000001
1.0051433060000001
1.001818752
0.982915516
1.006441108
1.004762376
0.984808676
1.0052562299999999
0.982396172
0.999061944
1.00584243
1.00515742
1.004160998
1.001038874
1.005774124
1.005710534
1.0046143140000001
1.013973176
1.007749358
0.9822276719999999
0.9860771039999999
1.00051419
0.982848038
0.998571832
1.00419152
0.984345982
1.002583462
1.004795284
0.99544509
1.003433732
1.005013946
0.9991130739999999
1.0097204960000001
1.007073554
1.0052585840000001
1.005484508
1.011244392
1.00816332
1.005275054
1.001592134
0.99664394
1.003295436
1.002543678
1.005319762
1.002431362
1.003999032
1.001608484
0.9851203940000001
0.186750538
1.007974038
1.003637728
1.006462334
1.0064529
1.004165694
1.011053952
0.990093754
1.009478428
1.005232702
1.002262936
1.005468032
1.00244774
1.008504208
0.186750212
1.00614875
1.011232488
1.00702633
1.0076406
1.004943398
1.008409494
1.01936144
0.98816205
1.007411342
1.006615658
1.007860502
1.0055951539999999
1.018860882
1.004182128
0.99533436
0.9928677800000001
1.001484702
0.9850819820000001
1.005242114
1.007626416
1.001227894
1.0042149980000001
1.00546097
0.983557022
1.004543822
0.9985811200000001
1.005145658
1.005920172
0.987771162
0.186740874
1.004205606
1.004475692
1.007829758
1.00604034
0.9968127960000001
0.984578404
0.999389726
1.006476484
1.0003068
0.0
0.9821692719999999
0.995976016
0.991707758
0.995585846
1.002801162
0.984413666
1.00415865
1.002639634
1.0027215619999998
0.9869472180000001
1.006188822
0.9859254439999999
0.982508538
1.003644764
1.0015314100000001
1.016548276
1.005545714
0.9902170180000001
1.005275054
1.000756642
1.007624052
0.997931466
1.006320844
1.00779192
0.986820232
1.004358246
1.013609444
1.00235884
1.005155068
0.996942368
1.007704434
1.005246818
1.008873764
1.012510266
1.009151108
1.00811126
1.007387714
0.1867602
1.007621688
1.004729468
1.001309592
0.186739576
0.987076506
1.00611811
1.001466022
1.004184476
0.999192102
1.000992212
1.0063963
1.003175922
0.985097798
1.007704434
1.009711
1.003816002
1.013334426
1.00246178
0.985118134
1.001585128
0.186746478
1.005828298
1.006122824
1.006759592
1.006929532
0.99250068
1.0016832359999999
1.006434032
1.006672284
1.00414926
1.006405732
0.99794074
0.992198028
1.005475092
1.00711606
1.003832424
1.007380626
1.009087092
1.007869962
1.003016614
1.00324622
0.993497066
1.00750587
1.006809152
1.0090657539999999
1.009364552
0.985450396
1.00497867
1.00877424
1.005468032
1.003161864
1.009618434
0.99454842
1.002181084
1.003473586
1.00630198
1.006459974
0.9847409380000001
1.00630198
1.00677847
1.002110934
1.0056187
1.000383688
1.017244088
1.002913562
1.006728914
0.9843414699999999
1.006417524
1.004626062
1.00343842
1.001881848
1.005776478
1.005018648
1.006257186
1.005788256
1.007312108
0.984388848
0.997632444
1.0043511999999999
0.9983907759999999
1.005310348
1.0042455240000001
1.004207954
1.002206808
1.001307258
1.002536658
0.186735354
1.005009242
1.002850334
0.9837057
0.996923856
1.000139088
1.001115872
1.00438643
0.9960014220000001
1.005908392
1.009511646
1.020655006
1.00713023
1.001615492
1.003881696
1.005211528
1.004884618
1.0015524279999999
1.0091108
1.006004992
1.0040365839999998
1.00239627
1.00650243
0.996183924
1.000926894
1.006134608
1.003283716
0.999910902
1.00688232
1.002232532
1.004799986
1.002522618
1.017950502
1.00394036
1.003794886
1.0046378120000001
1.00855394
1.004473342
1.006214752
1.002190438
1.0033751260000001
1.0090657539999999
1.006868158
1.006743072
1.004621362
1.007468056
1.000381358
0.998516116
1.005795322
1.0040506679999999
1.00473182
1.00085692
1.0054021279999998
1.005609282
0.9994129820000001
1.000365048
0.983967124
1.006651048
0.1867248
1.00584243
0.999061944
1.00962318
0.990639548
0.9928218759999999
1.00600735
1.019809214
1.001316594
1.005025704
1.006865798
1.003938014
1.004564968
0.984822226
1.00503276
0.984524238
1.004564968
1.002627932
0.9945184819999999
1.003414976
0.9945000599999999
1.00310329
1.007531868
1.003271998
0.984679982
1.006707676
0.9834354080000001
1.001643524
0.990267246
1.004222042
1.005023352
1.009032566
1.00544214
1.008196452
0.9986600640000001
0.9844294619999999
1.009355064
1.004412268
1.005364472
1.003726858
1.014502488
1.005887188
1.003501722
1.010426004
1.005089206
1.005159772
1.00653781
1.005463324
1.007446788
0.997333604
0.998806376
1.005159772
1.005336234
0.987276176
1.004922236
1.00277775
1.006832754
1.00752005
1.010875478
0.9825377559999999
0.9834376600000001
1.0057175999999999
0.998822636
1.008961454
0.985588338
1.004729468
1.006620378
1.009378786
1.006019132
1.004323018
1.008305328
1.0054962779999999
1.01260814
1.007851042
1.00917719
0.981069956
1.0053927139999999
0.984797386
0.18674396
1.0048822659999999
1.00408353
1.014375498
1.0056469540000001
1.006747792
1.00719636
1.0067100359999999
1.007075916
1.00917482
0.985226602
1.0026724040000001
1.005049222
1.002436042
1.004398174
1.005536296
1.004757674
1.003877004
1.006896484
1.00388639
1.005616344
1.001466022
1.005468032
1.000178682
1.008085232
1.00395444
1.0048611079999998
1.002515598
1.0063161280000001
1.004633112
1.0108017280000001
1.007399528
0.996674006
1.009668276
1.00640809
1.0156300139999999
1.002029106
0.99741235
1.0053291739999999
1.0067949919999999
1.005021
1.0043183199999999
1.002059498
1.006849276
1.00358848
0.98074512
1.004964562
1.009170076
1.0039051620000001
1.0029580580000002
0.986720478
1.000896572
1.009682516
1.005458616
1.005887188
0.998481296
1.005934308
1.003891082
0.9990689159999999
0.99673877
1.00507039
1.005468032
0.997099752
1.002810528
1.001176548
1.005661082
1.0026747440000001
1.00510567
0.985592862
1.00137496
1.00129792
1.007106614
0.999803832
0.986317138
1.00517624
1.005380946
1.003654146
0.9910761619999999
0.99969911
1.004748272
0.186696636
0.9991061
1.004729468
1.006504788
1.006549606
0.9896352020000001
1.0050727419999999
1.00417039
1.000999212
1.00371982
0.992927458
1.007203446
1.001178882
1.004611964
0.983205778
1.004440454
0.98486739
1.0045579199999999
1.006240684
1.003881696
1.0079527480000001
1.005908392
1.009547238
1.004259612
1.0079101719999999
1.008123092
1.00364711
1.0016809
1.006849276
0.984194856
1.007151486
0.979648988
1.008213018
1.0063609279999999
1.0037080919999999
0.9864372
0.186750376
1.0084237
1.00001334
1.00271688
1.00398495
1.004858756
0.983167516
1.004067098
0.988141588
0.981047546
1.007522414
1.0062878339999999
1.005293878
0.998646132
1.00481409
1.01846707
1.007546048
1.006731274
0.99829099
1.010357074
1.010005432
1.013614228
1.002819894
0.9987204420000001
1.004593164
0.99966188
0.9821805020000001
1.009098946
1.008194086
1.008037912
1.006108684
1.005284466
1.00318998
0.992512148
1.002281648
1.0013702899999999
1.009293394
1.002897168
1.005453908
1.007153848
1.003361062
1.005404482
0.9908680940000001
0.988719374
1.00765242
1.00940488
0.9818414639999999
0.9857783560000001
1.020182256
0.186734298
1.004532076
1.005519818
1.006431674
1.004574368
1.003468898
1.007529504
0.983665148
1.001753326
0.992571784
0.9824838140000001
1.00527976
1.005854208
1.006554322
1.0048611079999998
1.002319072
1.007746992
0.982569226
1.0052021180000001
1.010865962
1.020051418
1.004233782
1.0093028819999998
1.005430372
1.00491048
1.013167096
0.9893889920000001
1.004626062
1.0041633460000001
0.993933902
1.00653781
1.005338586
0.987705286
1.003398568
1.0064505400000001
1.003888736
1.015358698
1.004506232
1.007191636
1.007068832
0.9965907519999999
1.004912832
0.9863488499999999
1.007175104
1.008189352
0.99068982
1.007595686
1.00481409
0.996244004
1.0077895559999999
0.988318946
1.007106614
0.984849324
1.007943286
1.007236516
1.006839834
1.00503276
1.004069446
1.002824576
1.00505863
1.005458616
1.00375266
1.006740712
1.005253878
1.003325904
0.9877620739999999
1.003075178
1.015133114
1.002922928
1.00747751
1.004346502
0.9819918679999999
0.996380362
0.99986202
1.002438382
1.015894264
1.007222342
1.0067879100000001
1.008089966
1.009559104
1.006004992
1.00455322
1.003391536
1.006139322
1.00769734
1.00700508
1.015769328
1.00406475
1.006139322
1.001879512
0.987033406
0.983924294
1.007839218
1.00779192
1.002883118
1.0049057780000001
1.007227066
0.18674063200000002
0.982528766
1.001330602
1.00715857
0.9940765300000001
1.007664242
1.010492568
0.9812021919999999
1.003175922
1.006674642
0.9874214419999999
1.0310536259999998
0.992319526
0.994557632
1.00412813
1.006365644
1.004792932
1.00679027
0.984957734
1.007319196
1.003417322
1.0033704380000001
0.980716008
1.005755282
1.005173888
1.0179746280000002
0.984689012
1.0070027179999999
1.003994338
1.0065236579999999
1.005701116
1.005108022
0.9987761799999999
1.00630198
1.000959552
1.000595772
0.986072576
1.003916894
1.004525028
0.99523749
0.9927897480000001
1.00546097
0.9971344759999999
0.9949539119999999
1.001543086
0.984106906
1.006349138
1.0052962300000001
1.004698914
1.006146394
0.99888071
0.18674923799999998
0.9852989280000001
0.992723202
0.9969400540000001
1.008191718
1.00239627
0.997252554
1.0030213
1.00702633
1.0037080919999999
1.004506232
1.005291524
1.006438748
1.004579066
0.988150682
1.0077351700000001
0.18674355399999998
1.006811512
0.996015282
1.006363286
1.006868158
1.004330062
1.006478842
1.001788374
1.001636516
1.001332936
1.003407944
1.00420091
1.012746626
1.01599039
0.981823508
1.004153954
1.001290916
0.997734416
1.001360952
0.987737086
1.002775408
1.00600735
1.005988498
1.007995328
1.007888884
1.005044518
1.00357441
1.00817752
1.00564931
0.98284354
1.014284468
1.006596786
1.0107779399999999
0.186743392
1.011444432
0.993173136
1.00590368
1.001342274
1.01153257
1.000155392
1.0093218560000001
1.00687524
1.006002636
1.005823586
0.98801202
1.004299532
1.002826918
1.006551964
1.0005025379999999
0.995092222
1.005075094
1.002403288
1.0096397940000001
1.0096730219999999
1.006606222
1.0026607
1.008978046
1.007912536
1.00837398
1.002932296
1.00442636
0.984185834
0.9827918120000001
1.001629508
1.002239548
0.9887626199999999
0.988257546
0.990813234
1.006023844
1.007139678
1.001356282
1.00456262
1.006745432
1.01897691
1.0061817499999999
1.000936226
1.005458616
0.982441116
1.003150148
1.003098604
0.9849735460000001
1.0072979340000001
1.000358058
1.006766672
1.006061548
1.00380427
1.0018935340000001
1.007468056
1.006592068
1.007356998
1.006188822
1.000689024
1.007397166
1.00202443
1.0059955680000001
1.006049766
1.0023564999999999
1.002606866
1.005018648
1.0056139899999998
1.0063963
0.994926254
1.009217502
1.0177213520000001
1.005783544
1.007366448
1.005986142
1.006417524
0.99703957
1.00518565
0.9863896240000001
1.000062238
1.005251524
1.007305022
1.00572231
0.999920214
1.0068776
0.9947326940000001
1.002223178
1.000873248
1.008371614
1.00347593
1.0079361900000001
1.002787114
1.003316528
1.002412646
1.00145201
1.0043676400000001
1.006660486
1.006096898
1.006481202
0.99828171
0.9920330239999999
1.002223178
0.994951606
1.016360642
1.006865798
1.000586448
1.01421501
1.007338096
0.0
1.00734991
1.005651664
1.004776478
0.990502472
0.984397874
0.988475894
1.00474122
1.002190438
0.992987144
1.005661082
1.003457174
1.005788256
1.005042166
1.003609586
1.00536918
1.008004792
1.00542331
1.005993212
1.002946348
1.003260282
1.002630272
0.986181256
1.0047224179999998
1.005724664
1.002363518
1.006707676
1.00702869
1.006677002
0.987975658
1.004797634
1.004663662
1.005606926
1.005199766
1.0018491299999999
1.002810528
1.002197454
1.005484508
1.005155068
1.007394802
1.012424344
1.001998716
1.00631377
0.98654596
1.00265836
0.996186236
0.985450396
0.9944194700000001
1.007118422
0.983780056
1.0077399
0.9258370419999999
1.008771872
1.007803744
0.18674306799999998
1.005823586
1.007955114
1.00358848
1.0053856540000001
1.002791798
1.004092918
1.004090572
1.007543686
1.007016886
1.003468898
1.008397656
1.0068303939999999
1.005246818
0.987716642
0.999983072
1.0088192599999999
0.9851023179999999
1.004301882
1.00255304
1.015157108
1.01366925
1.00557161
1.006551964
0.993864902
1.003820694
1.007950382
1.0165579
0.9863216680000001
0.998244586
1.004757674
1.007503506
1.006082758
0.998395418
0.9810923659999999
0.9982608279999999
1.007302658
1.0064859179999999
1.001701926
1.006273688
1.0010598720000001
1.004673062
1.00474122
1.004635462
1.00569405
1.0052962300000001
1.004233782
0.983390374
1.001671556
1.0039450540000001
1.0021881
1.004529726
1.013465938
1.005357412
1.00536918
1.00491048
0.987412362
1.004894022
1.002414986
1.0068374740000001
1.007557866
1.002543678
1.00426196
1.0051127279999998
1.000770634
0.997732098
1.001596806
1.005990854
0.984228686
1.008156222
1.005211528
1.000772966
1.000863918
1.003508756
1.00668408
0.186750538
1.001323598
1.004374686
1.006459974
1.002283988
1.00541625
1.00385354
1.005468032
1.0112824900000001
1.007642964
1.002436042
1.01197826
1.006554322
1.001793048
1.006431674
1.007848678
1.0174296379999999
1.004642512
1.008591834
1.001825762
1.001199886
1.007995328
1.003112662
0.996711014
1.00592724
1.009061014
1.0040506679999999
1.003820694
1.006004992
1.005021
0.997046514
1.005312702
1.00451328
1.007326284
0.9859729740000001
1.004689514
1.0070995299999999
1.003206384
1.00692245
1.009779844
0.9847003
1.00582123
1.005894256
1.000602764
0.18674136200000002
1.014377894
1.004884618
0.999431586
1.002983822
1.000623746
1.003529858
1.00387935
1.0006913560000001
1.003710438
0.9825737219999999
1.005364472
1.00041864
0.9798568400000001
0.9965213820000001
0.982695122
0.999066592
1.006490636
1.00360724
0.98392204
1.006186464
1.00086625
1.01294965
1.00422439
0.9982260260000001
0.998379172
1.009267306
0.997273394
1.003368094
1.00356503
1.0076406
1.006745432
1.0036635280000001
1.00747042
1.00756023
0.999983072
1.004402872
0.99556046
1.005908392
1.004341806
1.003729202
1.005656374
1.004092918
1.004590816
0.9841429859999999
1.00337747
1.0064529
1.0049363439999999
1.008601308
1.001143876
1.0039051620000001
1.006946058
1.005044518
1.005811808
1.003349342
1.006533094
1.00926019
0.941723904
1.002665382
1.0055998640000001
1.012517426
1.001101872
1.009874816
1.008430804
1.008942492
0.9851316920000001
1.006542528
1.0043511999999999
1.0037596979999999
1.001262906
1.00419152
1.00394036
1.006681722
1.006816232
1.00383477
0.9951429460000001
1.004287792
1.011065852
1.00202443
1.004520328
1.002211484
1.004825844
0.988653372
1.0063467799999999
1.001181216
1.00625247
0.186716034
1.009922308
1.005948444
0.996179304
1.005331526
1.00279648
0.9926429000000001
1.005917816
1.007108976
1.0047647259999999
1.0059578679999999
1.012651114
1.006085116
1.00510567
1.0069035659999999
1.0029650860000001
0.9828660300000001
1.0076689699999999
1.00447804
1.005550422
1.005541006
1.007541322
1.007992964
1.011277726
1.00061442
1.002052484
1.00508215
1.005486862
1.007264862
0.98570596
0.9836696540000001
1.006186464
1.005887188
1.00592724
1.006639252
1.004924588
1.002499218
1.000486222
1.0020548219999998
0.9826883759999999
1.002248904
1.002059498
1.008132558
1.009253076
1.008857174
0.992344746
1.00196599
1.003930974
0.985190444
1.000959552
0.987528148
1.01220006
0.9975304939999999
0.9946451540000001
1.00908472
1.020948574
1.000826602
1.005418602
1.004997484
1.008570518
1.0121404280000001
1.006813872
1.00789598
0.986434934
1.002223178
0.9992455680000001
1.00858236
1.004670712
0.994490848
1.00496221
1.005056278
1.00440757
1.00563989
1.003844156
0.9859480780000001
1.0055151100000002
0.995782048
1.008797934
1.004121088
1.002686448
1.005581028
1.003457174
1.006993274
1.0088311079999999
0.997458678
1.006379792
1.002538998
1.00500689
1.005797676
1.000800948
1.007134954
1.0061581800000001
1.007321558
1.005913104
1.001515062
1.007720984
1.0025975059999999
1.004922236
1.005021
1.0030611219999999
1.003750314
1.007023968
1.006674642
1.0035040659999999
1.0062453980000001
1.007933824
1.004339456
1.006172322
1.00009484
1.005757636
1.006035626
1.005216234
1.0080923320000001
1.003501722
1.00510567
1.004698914
0.985676552
1.006929532
1.012243
1.003175922
1.000048268
0.985158806
1.003328248
0.983802592
1.002386912
1.001662212
1.011592132
1.004588466
1.021592102
1.005178592
1.00718219
1.009170076
1.005037464
1.005811808
1.0078841539999999
1.00296977
1.013635758
1.007595686
1.001475362
1.005253878
1.001148544
0.9866842100000001
1.00380427
1.006806792
1.006162894
1.006012062
1.0067761100000001
1.002920586
1.003724512
1.000863918
1.007366448
0.997027998
1.004670712
0.9975629300000001
1.006129896
1.0024898580000001
0.983453424
1.006108684
1.0206501540000001
1.010121826
0.9839197860000001
1.005795322
1.006828032
1.004698914
1.013676428
1.003499376
1.019661526
1.006257186
1.005013946
1.0094974079999999
0.9846393480000001
1.004360594
1.004053014
1.003391536
0.9847070720000001
1.006677002
1.00776591
0.98953488
0.9984975460000001
1.00077996
1.003445452
1.00343842
1.005352706
0.987698472
1.0035181340000001
1.003999032
1.004269004
1.003576756
0.997632444
0.9841452420000001
0.9961977879999999
0.98541196
1.005611636
1.004950454
1.004894022
1.005757636
1.004677762
1.008134924
1.0061699640000001
1.004097614
1.0053032899999998
1.008319532
0.9857217960000001
1.006761952
1.006818592
1.007541322
1.00851368
1.002602186
1.005388006
1.005691696
1.007378262
0.984386592
1.004062404
1.009578088
1.005183298
1.007839218
1.005510402
1.007494052
1.006054478
1.003314184
1.004586116
1.005604572
1.007829758
1.006184108
0.99609382
0.987648504
1.008499472
1.004285442
1.001550094
1.002333108
0.99574511
0.985244684
0.987698472
1.007758816
1.004745922
1.016524218
0.186736978
1.015387504
1.005710534
1.014078514
1.005023352
0.984334702
1.00230036
1.006195894
0.990340314
0.985233384
1.003023642
1.001330602
1.004271354
0.98564036
0.987414632
1.006563758
1.004966914
1.006481202
1.004527376
1.0017439799999999
1.009148736
1.0045837659999999
0.186732594
1.004952804
1.005778834
1.000227596
1.006129896
1.006969666
1.006813872
1.0058565640000001
1.006950778
1.004085876
0.9870538219999999
1.006327916
1.0031478059999999
1.004604914
1.004252568
0.984944182
1.006155822
1.001524404
1.004590816
1.006851636
1.00619825
1.003091576
0.186723176
1.007434972
1.0016995899999999
0.999573472
0.983759776
1.003576756
0.999727034
1.00570818
1.007853408
1.005606926
0.985158806
1.002604526
1.007269586
1.003417322
1.003820694
1.005802388
1.007955114
0.996424282
1.004611964
1.0047647259999999
1.007815568
1.00729321
1.003525168
1.009011232
1.004078834
0.999206048
1.000737988
1.00611104
0.992450226
1.005550422
1.00687524
1.003297778
1.008168054
1.003283716
1.006028556
1.00536918
1.00700508
1.008359776
1.004720068
0.0
1.007687884
1.005686986
0.99963396
1.007243602
1.0022559199999999
1.009632674
1.007919632
1.003862926
0.997139106
1.0061369660000001
1.003513444
1.00628312
0.9828188
1.005654018
1.005792966
1.003778464
0.9938327060000001
1.002634954
1.013611836
0.982935762
1.007333372
0.996195478
1.0085397299999999
0.984546806
1.00338919
0.9828008079999999
1.0018771739999999
1.004588466
1.004966914
1.005861276
1.005486862
0.994065026
1.00190522
1.006410448
0.0
0.998258506
1.01337029
1.00410935
0.985106836
1.00697911
1.00473182
0.987771162
1.004572018
1.004358246
0.0
1.001157878
0.186682028
0.986897326
1.007869962
1.006948418
1.0094950360000001
0.984889974
1.004358246
1.004903426
1.004546172
1.003590826
1.005788256
1.006349138
1.011358692
1.002087554
0.999020114
1.009767974
1.001008544
1.004703616
0.9980172639999999
0.98564036
0.984695784
0.9836628940000001
1.000090182
1.004884618
1.001807068
1.003532202
0.985016466
0.98756902
1.007021608
1.002728586
1.00747751
1.00492694
1.00110654
1.001858478
1.006028556
1.003051752
1.005898968
1.001774354
1.003332936
1.007683154
1.004684814
1.000045938
1.05405213
1.006389226
1.0055928
0.997973204
0.999280442
1.005597508
1.003738586
1.006094542
0.999326944
1.015461926
0.9846664359999999
1.007054664
1.002073526
1.005906036
1.003290748
1.003726858
0.994267534
1.004229086
1.004111698
1.005623408
1.008115994
1.004151608
1.0054256639999999
1.003154834
1.012636788
1.002038458
1.008736332
1.0059743620000001
1.003949748
0.99715994
1.005453908
1.002543678
0.9840595560000001
1.004985726
1.002744974
0.983570536
1.004116394
1.003372782
1.005738796
1.003424354
0.986385094
1.006599144
1.001886522
1.00518565
1.000775298
1.007903076
1.006205322
1.01354247
0.988594206
1.004278398
1.005366826
1.007354636
1.014037812
1.005823586
1.00570347
1.006634532
0.999203724
1.000353398
1.007926728
1.004581416
1.00651894
1.006896484
1.007919632
1.003618966
1.003290748
1.0043676400000001
1.00518565
1.00386058
1.004948102
0.186739576
1.000789288
1.0057199540000001
1.0022559199999999
1.0006820300000001
0.986018246
0.9950507260000001
1.003865272
1.006304338
0.987419172
1.003293092
1.00523035
1.005505694
1.00570347
0.984386592
1.004950454
1.001482368
1.005807098
0.986700076
1.005331526
0.9847567420000001
1.008343204
1.003717474
0.990201038
1.006743072
1.006566118
1.005771768
1.00032777
0.985100058
1.0043371079999999
1.012911428
1.004395826
0.98465515
1.004877564
1.021725766
1.013186216
1.003801924
0.996641628
1.006125182
0.984307632
1.004788232
1.001052872
1.00232609
1.0056139899999998
0.9869767020000001
1.006299624
1.012995044
1.006667564
0.99969911
1.004020154
1.009167706
1.0050045380000001
1.002234872
0.986122384
1.006667564
1.003133748
0.985158806
1.005079798
1.002520278
1.004847002
0.992406656
1.007664242
1.007647692
1.003499376
0.982832294
1.002050146
1.002433702
0.996778096
0.99435961
1.00794092
1.00398495
1.003572066
0.9993246179999999
1.003654146
1.0076406
1.005227996
1.007054664
1.006884682
1.0027215619999998
1.005906036
1.00573644
1.006870518
1.004123436
1.0049363439999999
1.001608484
0.984743196
0.989781162
1.006122824
1.00653781
1.003527512
1.00515742
1.005013946
1.006309054
1.002784774
1.006986192
0.96854129
0.9890335720000001
1.00417039
1.00507039
1.005625762
1.003086892
1.005338586
1.003689328
1.008764764
1.001204554
1.007446788
1.0001670360000001
1.006693518
1.004055362
1.006235968
0.9825647300000001
1.001954304
0.99848826
1.004325366
1.011446814
0.9994781020000001
1.006674642
0.18675679
1.007290846
1.004839948
1.005512756
1.00239393
0.0
1.00197534
0.985934498
1.010754152
1.0062784040000001
1.005642246
1.006773752
1.007846312
1.005884834
1.007969306
0.9834354080000001
1.005581028
1.006438748
0.186751024
1.004668362
1.002583462
0.998787794
0.983604324
1.006601504
1.006603862
1.006625096
1.007907806
1.0011298739999999
0.98394909
1.009234104
1.006674642
1.00771862
0.9985509379999999
1.00448274
1.001807068
1.009011232
1.006429316
1.007550776
1.019153418
1.004724768
0.9833948779999999
1.003105634
1.004517978
1.004973968
1.004144564
1.00793146
1.004767076
0.999815468
1.006214752
1.002412646
1.0018725
1.008127824
1.006415166
1.005533942
1.018235274
1.00408353
1.004682464
1.0020898919999999
1.01016459
0.997829454
1.005348
1.0091866760000001
0.9871037300000001
1.006172322
0.987925662
1.008376348
1.00456262
1.003536892
1.00598143
1.006412808
1.005477446
1.004543822
1.003696364
0.9997037639999999
0.98612012
1.0111491620000002
1.006934254
1.001311926
1.0063467799999999
1.00244774
1.0068776
1.002181084
1.00384181
1.0047083159999999
1.0032016959999999
1.016194718
0.99566201
0.9910075580000001
0.9908338059999999
0.186743474
1.00159447
0.9838747080000001
1.001466022
1.013126468
1.00422439
1.009516392
1.005218586
1.0040506679999999
1.002639634
1.00031146
1.0006727039999999
1.004952804
1.0044803900000001
1.005211528
1.001814078
0.989630642
1.003935668
1.008378716
0.9907583799999999
0.98541196
0.18674867
0.985100058
1.000654052
1.005715244
0.999538578
0.992427294
1.0055574840000001
0.996583814
0.9878188699999999
0.983527742
1.008662894
0.991657384
0.982764828
1.0035181340000001
0.9857941939999999
0.994428678
1.007995328
1.005352706
1.005682276
0.9847319059999999
1.00478118
1.00118355
1.016764862
1.006344422
1.008665262
1.004280746
0.186796346
1.002087554
0.998625234
0.9942261059999999
1.008160954
1.005705824
1.007009802
0.9862673099999999
1.008828738
1.002960402
1.007879424
1.003618966
1.0159783740000001
0.989664846
1.000556144
1.005906036
1.004642512
1.002583462
1.0037409320000001
0.98302575
1.0055151100000002
1.009058642
1.005757636
1.003801924
1.007212894
1.0005328359999999
1.011144402
0.981253752
1.00478118
1.009692012
1.0074089800000001
1.0050045380000001
1.004656612
0.9849735460000001
1.006504788
0.99566201
1.004771778
1.0081538540000001
1.008007158
1.003180608
1.0053738859999999
1.009264934
0.993372982
1.003283716
0.985703698
1.0075696840000001
1.004475692
1.006042696
1.004884618
0.987362422
1.007588594
1.004788232
1.00092223
0.998752956
1.007229428
1.00510567
1.009283908
1.004156302
1.003633038
0.9954750840000001
1.00343842
1.00202443
1.0005584760000001
0.996639314
1.00359786
0.99595754
1.003895776
0.999896936
1.006379792
0.9963965419999999
0.982749086
1.01376017
1.00095722
1.003757352
1.005246818
0.9982956319999999
1.01372667
1.001087872
1.002370536
1.009530628
1.0064529
1.0029650860000001
1.00592724
1.005039814
1.004395826
1.001935604
1.007465694
1.004534424
1.009018342
1.008331368
1.003691672
1.0060167740000001
0.996304088
0.9882711900000001
1.006330274
1.004879916
1.00591546
1.005218586
1.00776118
1.0062453980000001
1.005119784
1.008961454
0.18679431600000002
0.98808021
0.18670872800000002
0.992571784
1.006120468
1.0080213519999999
1.0042737019999999
1.005552776
1.006938976
1.006344422
0.99583515
1.007898344
1.003820694
1.004938696
1.009984056
1.008236686
1.005444494
1.005352706
1.005955512
0.983498464
1.005986142
0.9846054900000001
1.007550776
1.00278009
1.005275054
1.000880244
1.005505694
1.0044921359999999
1.006365644
0.99441026
0.9987366980000001
1.007406616
0.9964589580000001
1.005512756
1.006542528
1.005616344
1.0084237
1.005550422
1.0043676400000001
1.004013114
0.998562546
1.005757636
0.18673088799999998
1.011775626
1.017644188
0.9847319059999999
1.004666012
1.00717038
1.00931474
1.0040506679999999
1.01168268
1.0054962779999999
1.009452328
1.0052138800000001
1.0026607
1.006976748
1.004995132
1.005089206
1.0074184320000001
1.006459974
1.006297266
1.005701116
1.01726818
1.0069271720000001
1.012250158
1.009658782
1.007134954
1.001199886
1.0017439799999999
1.003785502
1.002410306
1.0008592539999999
1.001358616
1.001477698
1.008246154
0.985190444
1.017379026
1.008388186
1.0062006079999999
1.002019754
1.017661066
1.003726858
1.004680114
1.004720068
0.997229398
1.004024848
0.99873902
1.006544888
0.984679982
1.0056445999999999
1.006417524
1.0074137060000001
1.006066262
1.00335403
1.017403126
1.006441108
0.982351232
1.0034853080000001
1.007224704
1.004132826
0.9819604359999999
0.984892234
1.001788374
1.001916906
0.999717726
1.007390076
1.0064953540000001
1.007416068
1.004038932
1.002001054
0.998065968
1.005936664
1.005588092
1.003187638
0.983998684
1.005275054
1.007938556
1.0009175639999999
1.004325366
0.9998992640000001
1.007427884
1.007276672
1.00040932
1.008250888
1.0044475019999999
1.000819606
0.997421616
1.008101796
1.003539236
1.013956418
1.006139322
1.0062171100000001
1.013791276
1.008355042
1.008369246
1.005140954
1.001774354
1.004896374
0.9957866639999999
1.005807098
1.006792632
1.008506576
1.0054468460000001
1.00642224
0.98547979
1.002351822
0.993607388
1.018619244
1.013193388
1.004280746
1.006257186
0.996331824
1.0095567300000001
1.00355565
0.98513395
1.005517464
1.000786956
0.983491708
0.186750944
1.00395444
0.991648226
1.008887982
0.997266446
1.004043626
1.006580272
1.00692245
1.007390076
1.009058642
0.993568312
1.002061836
1.004588466
1.008667632
1.005802388
1.006851636
1.0052068219999999
1.003961482
1.0081704200000001
1.005552776
1.00358379
0.981280654
1.016861154
0.98339713
1.002370536
0.983951344
1.004433408
1.004315972
1.008052108
1.004247872
1.00422439
0.9987274079999999
0.98762125
1.0021506839999998
0.99966886
1.002983822
1.002485178
0.998079884
1.003623658
1.007323922
0.996919228
1.007683154
1.0089970080000001
1.00136562
1.00305878
1.007243602
0.997458678
1.005270348
1.0035462720000001
1.0055951539999999
0.9971460499999999
1.005635182
0.986999384
1.00833847
1.0063467799999999
0.9825557380000001
1.006004992
1.01271797
0.186718794
1.0039028140000001
0.9913049079999999
0.9823422460000001
1.003478276
0.982122108
1.00715621
1.004151608
1.001916906
0.9851655859999999
1.006419882
1.005025704
0.18677011
0.9834264020000001
0.9858145580000001
0.9975397619999999
0.99656994
1.007744628
0.985432308
1.0041774319999999
1.00047457
1.0062453980000001
1.005068038
1.002120288
1.018054256
1.0067761100000001
1.00742552
1.004849352
1.009347948
1.0091108
0.989097346
0.999696782
1.004344154
0.99668557
1.0016388520000001
1.003825386
1.007364086
1.002382232
1.000733324
0.9869313439999999
1.012584266
1.00278009
1.004799986
0.998045094
1.0092032739999999
1.002955716
1.008333736
1.000220608
0.983753016
1.003743278
0.98361784
1.007094808
1.00596258
0.988380354
1.004894022
1.00324622
1.00359786
0.9972224519999999
1.003241534
1.001475362
1.006089828
1.005583382
0.9899979019999999
1.007295572
0.999631634
1.002513258
1.00281287
1.019731732
1.005611636
1.004315972
0.981094608
1.008859544
0.99769965
0.98684744
1.005976718
1.003033012
1.0049692639999999
0.984309888
1.004818792
1.011501602
1.004470994
1.007033414
1.00845448
1.003386846
1.010913548
1.008307696
1.005802388
1.004360594
1.00640809
1.0056728560000001
1.017624898
1.003900468
1.008047376
1.003126718
1.005110374
1.007193998
1.005955512
1.005324468
1.0021553619999999
1.00298148
0.9851814040000001
1.009670648
0.0
1.0018304359999999
1.005529234
1.000332428
1.004797634
1.01367882
1.00664161
0.983205778
0.9817090540000001
1.003086892
1.00503276
0.99591597
1.002817552
1.002581122
0.98304375
1.003056436
1.003773774
1.0077635440000001
1.001391302
0.9862809
1.0130476099999999
0.983271054
1.002855018
0.9967989159999999
1.00519506
1.007373536
1.002344804
0.9968127960000001
1.003949748
1.004280746
0.989142904
1.00122556
0.98622881
1.004797634
1.002883118
1.002604526
1.00306815
1.003654146
1.0068776
1.003450142
1.00398495
1.003609586
1.018126656
1.002986164
1.005748216
0.981861664
1.00440522
1.001090206
1.00542331
1.0028409679999999
1.000756642
0.99828403
1.006092186
1.00752714
1.005044518
1.003091576
1.00394036
1.01575011
1.007203446
1.015834196
1.004760024
1.000055252
0.9824141479999999
0.9885577980000001
1.005686986
1.0086936899999999
1.003640074
1.003262624
1.0045579199999999
1.0067949919999999
1.00900886
0.186743148
1.005654018
0.994090336
1.004301882
1.004713016
1.005042166
0.999557188
1.006304338
1.008400024
1.006469408
1.002634954
1.005477446
1.0062949079999999
1.0053927139999999
1.00865105
1.013954024
1.002995534
1.001360952
1.00574586
0.983854424
1.008059206
1.004271354
1.00111354
1.006596786
0.9877098280000001
0.9850910199999999
0.983597566
1.004933994
1.0043347599999999
1.004595514
1.001694918
1.003848848
1.0063467799999999
1.009333716
1.00555984
1.000204304
0.984528752
1.005086854
0.988055206
1.007635872
1.0033235600000001
0.9948179420000001
1.008085232
1.003970868
1.006186464
0.186742824
0.9995688199999999
1.004156302
0.998588084
1.00611104
1.0046519120000001
1.003609586
0.9874645759999999
1.007948018
1.006665204
1.001288582
1.00299085
1.0055151100000002
0.999754958
0.9821827479999999
1.006202966
0.937526286
0.982025548
1.0028222359999999
1.002808186
1.00749169
1.021470618
0.986255986
1.006894124
1.00692009
0.99575896
0.99815179
0.9932902779999999
1.004757674
1.005769412
1.002908878
1.0054798
1.001977678
1.0043817320000001
0.98579872
1.0046613119999999
0.9916619640000001
1.002677086
1.00183511
1.001136874
1.0024571
1.004611964
0.988908324
1.00555984
1.00411874
1.003783156
1.007111338
1.0089922679999999
1.008899832
1.004193868
1.005757636
1.000218278
1.003710438
1.00942386
1.004588466
1.005298584
1.00262325
1.0003953380000001
0.186742662
1.00359786
0.98289752
1.004416966
1.002976796
1.0071845499999998
1.008037912
1.003398568
1.00519506
0.983692182
1.000784624
1.00747751
1.006615658
1.0029721120000001
1.001115872
1.001575784
1.00592724
1.007305022
0.9841723019999999
0.998216746
1.006615658
0.9838792160000001
0.997236344
1.007319196
1.0054468460000001
1.003773774
1.005602218
0.997581466
1.003797232
1.004541474
1.003023642
1.001227894
1.007323922
0.987146836
1.005623408
1.008978046
1.004499184
0.995692016
0.99995979
1.005456262
1.006049766
1.0036517999999999
0.984702558
1.0044475019999999
1.009767974
1.0062784040000001
1.006849276
0.985538584
0.9874850079999999
1.004774128
1.012849322
0.984643862
1.0048822659999999
1.003436076
1.004182128
0.995170616
1.00822012
1.005783544
1.00383477
1.006915368
1.00373624
1.004520328
1.008859544
1.0059508
1.005844786
0.982474826
1.019538082
0.997917554
0.986645676
0.99609844
1.004990428
1.000302142
0.997799318
0.98660488
1.003658836
0.999036382
0.984736422
0.998771536
1.00858473
1.0036776
1.004020154
1.005249172
1.0075649580000001
0.998625234
1.005997924
1.000446604
1.003733894
0.99891091
1.001659876
1.005068038
1.006577912
0.9950599459999999
1.0059295959999999
1.00211561
1.007054664
1.002368196
1.006075688
1.00578119
0.9915909900000001
1.005420956
1.0038113100000001
1.00150572
0.992569492
1.010342812
0.997278024
0.985335096
1.005604572
1.003328248
1.002513258
1.000497876
1.004668362
1.004950454
1.00478353
1.006672284
1.008895092
1.004438106
1.00310329
1.004750622
0.9839130239999999
1.006719474
1.003891082
1.001853804
1.004581416
1.006724194
1.003363406
0.9862899599999999
1.003689328
0.9978387259999999
0.993180026
0.9842670299999999
0.9997456499999999
1.004517978
0.9920582299999999
1.015548364
1.0001600499999999
1.0033751260000001
0.998014946
1.0043206679999999
1.011306302
1.008684214
0.988112036
1.002131978
1.011292014
0.985563462
0.9819110480000001
0.98407083
0.985292148
1.005399774
0.186720742
1.01278006
1.003534548
1.01795774
1.005242114
1.00151039
1.006391584
1.00571289
1.008217752
1.0039966839999999
1.004308926
1.001615492
0.9951567800000001
1.004135174
1.009034936
0.998311874
1.00552688
1.003952094
1.005409188
1.005079798
1.00570347
0.9947949
0.999389726
1.012223916
1.01033806
1.004534424
1.002967428
1.0095068999999999
1.00598143
1.006622736
1.005225644
1.002241888
0.985649408
1.017868478
0.982191732
1.006327916
0.986122384
1.00805684
1.012049798
1.005701116
1.00549157
1.013210118
1.019114726
1.009706254
0.99642197
0.997278024
1.002405628
1.005453908
0.9838701999999999
1.00624304
0.9888127019999999
1.002253582
1.005896612
1.002370536
1.0084971040000001
1.008018986
1.006813872
1.005701116
1.004628412
1.004374686
1.006594426
1.004466294
1.008639206
1.0064953540000001
1.017210358
1.004950454
1.002206808
1.002075864
0.99420079
1.006672284
1.006594426
1.0061369660000001
1.001321264
1.0028690679999999
1.002541338
1.002262936
0.9838792160000001
1.0056728560000001
0.99805901
1.004769426
1.003332936
1.006889402
1.008407126
1.00776118
1.00765242
0.9905321699999999
1.006950778
1.002700494
1.006601504
1.004400522
1.00345483
1.004466294
1.004835246
1.005310348
1.005199766
1.005658728
1.002709858
1.002855018
0.984562604
1.002265276
0.9675071239999999
1.003276686
1.00570347
1.006905926
0.98401672
1.000360388
1.005413896
1.006629814
1.006625096
0.995094528
0.991126476
1.0050727419999999
0.986154084
0.999326944
1.008217752
1.010409366
1.004616662
1.005809454
1.008355042
0.987653046
1.006802072
1.0047224179999998
1.002756678
0.986303548
1.008381084
1.003086892
1.001772018
1.00376439
1.016726352
1.005211528
1.005887188
1.005002186
0.98705609
1.003696364
1.005486862
1.0072625
0.986579952
1.002061836
1.003222786
0.997227082
1.004433408
1.007134954
1.005896612
1.001694918
0.999727034
1.003670564
1.0051009659999999
1.002082878
1.011901966
1.00661094
1.008307696
1.0059955680000001
1.008551572
1.0062548279999999
1.0053832999999999
1.0062288959999999
1.004062404
1.00811126
1.005569256
1.0096303
1.003175922
0.995253634
1.004229086
0.9829785040000001
0.9993083420000001
1.00834794
1.003942708
1.004752972
1.00573644
1.00379254
1.006511864
1.0038066159999999
1.004348852
1.005129192
1.00486816
1.001837446
1.008035546
1.005124488
1.00371982
0.9995339259999999
1.0203349419999999
1.0046519120000001
1.005757636
1.006851636
0.995622772
1.001891196
1.00142866
1.004644862
1.00377612
1.010923064
1.005011594
1.004701264
1.002838626
0.98486739
1.003862926
1.004315972
1.017600788
1.00752714
1.005665792
1.008104162
1.004442804
0.98153406
1.0046519120000001
1.002365858
1.003818348
0.9993246179999999
1.00811126
1.004745922
1.003738586
1.010300034
0.984357262
1.016567524
1.006443466
1.00640809
1.003091576
1.005658728
1.0045837659999999
1.00637036
1.0010342060000001
1.004205606
1.005331526
1.003098604
0.9857217960000001
1.005315054
0.999340894
1.0000063559999999
1.005606926
1.00104354
0.993959204
0.9907286679999999
1.0053032899999998
0.99609613
1.0042173460000001
1.0059248840000001
1.002604526
1.002583462
1.004466294
1.005021
1.009125026
1.007380626
0.984424948
1.006299624
1.006677002
1.0061016120000001
1.004586116
0.9993548459999999
1.005037464
1.0116540840000001
0.985620004
1.004388778
1.002131978
1.002993192
1.008845326
1.003895776
1.006804432
1.0096303
1.005967292
1.002040794
1.00569876
1.006144036
1.007723348
1.0036869819999998
1.015358698
1.010074314
1.0060733320000002
1.003656492
0.99596216
1.007295572
1.0058494980000001
1.00745624
1.005880122
0.996280978
0.987580374
1.0099318080000002
1.004339456
1.0190929640000002
1.005315054
1.002382232
0.984264774
0.18674323
1.007267224
1.00245476
0.983271054
0.984377568
0.9969909659999999
1.00877661
1.003586136
1.00631377
0.983439912
0.186750538
1.002986164
1.007186912
1.008217752
1.007120784
1.00579061
1.0111325
1.004760024
1.003161864
0.0
1.000052924
0.984355006
1.0053927139999999
0.993947702
1.00702869
1.0061605359999999
1.001963652
0.999599062
1.007437336
1.004278398
1.005729376
0.986312608
0.985687862
0.985658456
1.00411874
1.004847002
0.98764169
1.003797232
1.001624836
1.001858478
1.0054350779999999
0.9843143999999999
1.004485088
1.002501558
1.005218586
1.004431058
1.00702633
1.0032251300000001
1.003626002
1.00412813
1.0058919
1.00403189
0.983511976
1.007813204
1.00256708
1.003276686
1.0006400640000002
1.005788256
1.008674738
1.00206885
0.99808916
0.996172372
0.984625804
1.005399774
1.002517938
1.00120222
1.00811126
1.01017647
1.00631377
1.017145316
1.005484508
1.005658728
0.998857478
1.0024875180000001
1.004104656
1.005778834
1.005802388
0.992631428
1.009250704
1.00486581
1.004823492
0.9990689159999999
1.002269954
1.004682464
1.0160528819999999
1.00451563
1.0001274439999999
0.992289722
0.9903129119999999
1.002894826
0.994557632
1.003178264
0.999261842
0.984998394
1.007000358
1.004341806
1.009385902
1.004872862
1.003827732
1.004369988
1.00393332
1.006122824
1.00797877
1.00921276
1.008918792
1.013298564
1.007732806
0.9975119600000001
1.007101892
0.997278024
0.992039898
1.001867826
1.0033188720000001
0.98551371
1.005489216
1.004311274
1.0059225280000001
1.003171236
1.0008592539999999
1.003914548
0.9959898739999999
0.9950968339999999
0.186745746
1.002485178
0.999852708
1.001358616
1.005298584
1.00486581
0.986595816
1.007212894
1.003309498
1.004341806
1.001363286
0.995479698
1.007877058
1.006108684
1.005788256
1.005282112
1.00289951
0.9863918899999999
1.00198469
0.9821805020000001
1.005552776
1.0026185699999999
1.004308926
1.007201084
1.001760336
1.01290665
1.004924588
1.00877661
1.004433408
0.9870538219999999
1.003747968
1.00084526
1.001832772
1.004966914
0.982380442
1.00572231
1.003213414
1.002794138
1.004398174
0.9842805640000001
1.002979138
1.00255538
0.9840775939999999
0.9861337059999999
0.983631356
1.006019132
1.0084710559999999
0.997194668
1.00447804
1.0006307399999999
0.99703494
1.01764901
1.016307734
1.002482838
1.005155068
1.003914548
1.0032181
1.006714756
1.004233782
0.991996364
1.00371982
0.9835547699999999
1.004506232
1.00753423
1.00578119
0.985884708
1.007198722
0.18676621
1.002684108
0.99563662
1.000348738
1.008127824
1.00323919
1.00357441
0.994861724
0.998845864
1.003129062
1.006549606
1.004252568
1.0001670360000001
1.004231434
0.186703372
0.9835637779999999
1.0032649679999999
1.004525028
1.005564548
0.998416306
1.004666012
0.99970609
1.0070027179999999
1.00205716
1.0026607
1.002630272
1.004790582
1.006662846
0.9949308640000001
1.006913008
0.994695832
0.99795929
1.008078134
1.0067761100000001
1.00445455
0.9832417920000001
0.985810034
1.005406834
1.005724664
0.99478338
1.004198564
1.012507878
1.005253878
1.00311969
0.984285074
1.005110374
0.9835660319999999
0.9830595
1.007531868
1.001741644
1.010067188
1.002169392
1.00301193
0.9838701999999999
1.003309498
1.002576442
1.004995132
0.997655618
1.006570836
1.008461584
0.990132556
1.006533094
1.006448182
0.9886260640000001
1.003665872
0.994283646
1.003417322
0.988216616
1.002075864
1.007794286
1.019034934
0.994315872
1.003468898
1.004449852
0.991499426
1.003100948
1.001136874
1.00423613
0.9953943359999999
1.003848848
0.99404432
0.983888232
0.981886356
1.004060056
1.003872312
0.987877942
1.004433408
1.010613832
1.005632826
1.007248326
0.999099128
0.98287053
1.013970782
1.008146756
1.0053762400000001
1.004919886
1.002363518
1.0043371079999999
1.000999212
0.99522596
0.9894003880000001
1.006368002
1.021516778
1.0020057279999999
0.986181256
1.015877444
1.001727626
0.996172372
0.999454844
1.0016481959999999
1.00298148
1.003033012
1.0038089639999999
0.999731688
0.997379924
0.998207466
1.003609586
1.00021595
1.00941437
0.991307196
1.0056469540000001
1.006488278
0.9191165499999999
1.001701926
0.985366744
1.008276924
1.0042173460000001
1.004985726
0.9852989280000001
1.002534318
1.008298228
1.009103688
0.980944476
1.00118355
1.014617524
1.000551484
1.006092186
1.00343842
1.00300256
1.0029580580000002
0.982441116
1.011816146
1.000143746
1.0012489
0.9856539320000001
0.995572
1.001167212
1.010968276
1.004419314
0.9875395
1.00289951
1.00478353
1.000770634
1.003185294
0.9996362860000001
1.004353548
1.00519506
1.00262325
1.014838084
1.006405732
0.9961769920000001
0.983620092
1.00164586
1.008447378
1.0054703839999999
1.002141332
0.9919115980000001
1.00651894
0.999917886
0.993343116
1.001148544
1.0066133
1.004703616
1.006146394
0.98342415
1.004696564
1.003942708
0.99380281
0.983822872
1.008120726
1.00227931
0.983784564
1.008203552
0.999834088
1.002932296
1.001963652
1.004981022
1.006299624
0.99706503
1.002728586
1.006205322
1.000346408
0.9818324860000001
1.0044803900000001
1.007338096
1.001963652
1.007992964
1.0060167740000001
1.0080923320000001
1.001828098
1.0190687840000001
1.002475818
1.0046613119999999
1.004964562
0.984133966
0.9861903139999999
0.999696782
1.008172786
1.003028326
1.008026084
1.00265836
1.00571289
1.006752512
1.00549157
0.99373153
0.984359518
0.996003732
1.005218586
1.005103318
1.003492342
1.0105068320000001
1.004611964
1.006618018
1.005133898
0.985934498
1.008565782
1.00420091
0.999336244
0.9959852560000001
0.999850382
0.988696614
0.98886051
0.99874831
1.0106066980000001
0.983604324
1.0058706979999998
1.007449152
0.9951106660000001
1.00367291
0.984253496
0.996956254
0.999836416
1.006172322
1.004597864
1.006462334
1.006297266
1.005531588
1.016363048
1.004259612
1.002581122
1.008078134
1.005604572
1.002244226
0.993232852
1.004456898
1.002384572
0.996706388
1.002880776
1.00743261
1.005960224
1.001157878
1.019042188
0.99642197
0.98443623
1.00541625
1.01751159
1.004790582
1.003827732
1.0030611219999999
1.005044518
1.003989644
0.987017528
1.005140954
0.99743783
1.006844554
0.996898402
1.00646705
1.000626076
0.994684314
1.006986192
1.001676228
1.006757232
1.01332008
1.003290748
1.00513625
1.007257774
1.002363518
1.001608484
1.004327714
1.011287252
1.002852676
1.007160932
1.000241572
1.004755324
1.004238478
1.01428926
1.005169182
1.007193998
1.003468898
0.9904979039999999
1.007460966
0.997416982
1.00403189
0.982911016
0.989630642
1.0043183199999999
1.007042858
0.997984798
1.00585892
1.007683154
1.004668362
1.006853996
1.0042149980000001
1.00600028
0.999543232
0.986013718
1.000339418
1.002641974
1.003337622
1.014538434
1.0088168899999999
0.994573754
0.993625778
1.00448274
1.004915184
1.007576776
1.001227894
1.009511646
1.008864284
1.00355096
1.006177036
1.005755282
1.002656018
1.0030962620000001
1.007257774
1.005512756
1.007810838
1.006884682
1.001321264
1.0054727380000001
1.00327903
1.004041278
1.003457174
0.98251528
1.00637036
1.003912202
1.005352706
0.984309888
1.005833008
0.98594355
1.008639206
1.012858876
1.007139678
1.003694018
1.00473652
1.0062548279999999
1.003820694
0.98509554
1.00445455
1.0028222359999999
1.004837598
1.006184108
1.005477446
0.9814757439999999
1.0046143140000001
1.0018771739999999
1.00570818
1.000817274
0.9976672059999999
1.0031478059999999
1.005352706
1.0040506679999999
1.0039966839999999
0.983998684
1.0049692639999999
0.98669781
1.004003726
0.18679131000000002
1.004590816
1.008194086
1.0021881
0.98899941
1.000761306
1.003368094
1.005658728
0.995435862
1.007345184
1.012737074
0.983924294
0.186755004
0.98730341
1.001407646
0.0
0.998075244
1.006884682
1.014255726
1.004715366
0.994854812
1.0046519120000001
1.00747751
0.99720856
1.015080332
1.0020898919999999
1.006599144
0.9835795460000001
1.003161864
1.003536892
0.995588154
1.006962582
1.000810278
1.003640074
1.007751722
1.01691412
1.0169646860000001
1.004546172
1.001545422
1.003755006
0.186744934
1.017752704
1.0050045380000001
1.010532986
0.9952167359999999
1.004123436
1.01690449
1.005769412
1.0081656860000001
1.004456898
1.004459248
1.001678564
1.002698154
0.99210177
1.003489998
0.991201958
1.002232532
1.004809388
0.992794338
1.004431058
1.003478276
1.015718882
1.00679027
1.00440522
0.996475142
1.003386846
1.003429042
0.9852040040000001
0.99218886
1.00096655
1.006915368
0.9835637779999999
1.005463324
1.005868342
1.00614168
1.002106258
1.016943014
1.004445152
1.005767058
1.006250114
1.001269908
1.00347593
1.00209223
1.006205322
0.98879449
0.998713474
0.999429262
0.9851678460000001
0.994887074
1.005710534
1.000192656
1.00654017
1.003445452
1.008923532
1.01251504
1.00032777
1.003930974
0.998453442
0.99563662
1.00591546
1.004534424
0.984415924
1.011425378
1.008004792
1.0078936139999999
1.004156302
1.003487654
1.005993212
1.002639634
1.005225644
0.999464148
1.007314472
1.002417326
1.006535452
1.001484702
0.983575042
1.0074846
1.005225644
1.004564968
1.0036869819999998
1.002471138
1.004656612
1.005307996
0.991755848
1.00256708
0.985118134
1.003609586
0.9988992940000001
1.002684108
1.00456262
0.996780408
0.997945378
1.005253878
1.002403288
1.003867618
1.0004838919999999
1.005767058
0.999108424
1.007583868
1.005604572
1.004078834
1.00877898
0.959970876
0.9926864900000001
0.998509152
1.001038874
0.9976533
1.0124673020000001
1.005588092
1.00611811
1.0055574840000001
1.003665872
0.998021902
1.00578119
1.001879512
0.999820124
1.000819606
1.005908392
1.002485178
1.003414976
1.004901076
1.003694018
1.003241534
1.013112128
1.001244232
1.004604914
1.0055151100000002
1.006403374
0.994534602
1.006599144
1.007676062
1.002681768
1.005188002
1.016548276
1.004344154
1.009713374
1.007049942
1.00013443
1.00256942
1.006205322
1.0082248520000001
1.004901076
1.002085216
1.003145462
1.004132826
1.004698914
1.004774128
1.005948444
0.9830347500000001
0.995452012
1.005122136
0.998692574
1.004487438
1.005173888
0.992408948
1.0046613119999999
1.011170588
1.0040365839999998
1.003975562
0.999878314
1.003832424
0.99828171
0.985755732
0.981408462
0.98749409
0.982317532
1.0042971840000001
1.005583382
1.007061748
0.985624528
0.9931915099999999
1.006816232
1.004395826
1.004299532
1.003994338
1.0039474
1.008281658
0.9642424519999999
1.000164708
1.002548358
1.005602218
1.0050304079999999
1.00706411
0.98396487
1.002307378
1.008040278
0.994744212
1.006212394
1.004193868
1.002146008
1.00171127
0.99723403
1.000490884
1.001940278
1.003869964
1.011639786
1.0018304359999999
1.005983786
0.99068525
0.18674623399999998
1.003297778
1.007449152
0.9823692079999999
1.007134954
1.0016995899999999
0.9997014359999999
1.005366826
0.997474894
1.0035040659999999
1.002927612
1.0061016120000001
0.186759958
1.00768552
0.998323476
1.006625096
0.98961924
0.989208972
0.9870991920000001
1.0072625
0.1867775
1.010599564
1.00658499
0.997354446
1.00850184
0.9898381900000001
1.0139899319999999
1.0021273019999999
0.9951498639999999
1.00209223
1.00301193
1.005140954
1.002216162
1.003072836
1.005606926
0.986507438
0.9895964380000001
0.992181984
1.015092328
1.00275902
1.000821938
0.984422692
1.000784624
1.01498198
1.00768079
0.9816305240000001
1.000239244
1.00032777
1.002473478
0.985665242
0.995002316
1.003701056
0.982935762
1.0043183199999999
1.004360594
1.006615658
1.0053032899999998
1.004769426
0.9982213860000001
0.987357882
1.009779844
0.995200594
0.994318174
1.004372338
1.0037596979999999
1.009646914
0.985283106
1.00064939
0.99862059
1.003072836
1.005997924
1.003492342
0.9990456759999999
0.9895417200000001
1.0078628680000001
1.005477446
1.005896612
1.0031478059999999
0.985393872
1.006221824
1.004520328
0.995708174
1.006125182
1.003755006
1.0060874720000001
0.999906246
0.984752228
1.021222884
0.998745988
0.9905161779999999
0.987437332
1.004313624
1.00319701
1.004621362
1.0101123239999998
1.008814522
1.00051419
0.9885213939999999
1.005406834
1.0071373160000001
1.011168208
1.0042948360000001
1.00336575
1.000339418
1.00282926
1.005451554
1.003710438
1.010851686
0.9995316000000001
1.000546822
0.982965006
1.00212964
1.003276686
1.00371982
1.006865798
1.001942616
1.002550698
1.001973002
1.0046519120000001
0.99902941
0.998516116
0.985217562
1.0064529
1.002003392
0.996489014
1.00492929
1.005934308
1.005025704
1.004431058
1.005545714
0.9913209239999999
0.985875656
1.001540752
1.000346408
1.005748216
0.9851746259999999
1.004315972
1.0058565640000001
1.004604914
1.004238478
0.186749158
0.986294488
1.003649456
0.995382802
1.003907508
1.005463324
0.186760282
1.006592068
1.003541582
1.0039028140000001
0.186751106
1.0103951039999999
1.0038230399999999
1.007323922
1.003290748
0.997433198
1.009120284
1.001874838
1.004283094
1.000665708
1.001454346
1.000353398
1.007191636
1.003961482
1.004973968
1.003154834
1.0072790360000001
1.006861076
0.9852989280000001
1.003344654
0.9879506579999999
0.186740306
1.001421656
0.985244684
1.002782432
0.995389722
0.996979396
1.004062404
1.002426684
0.994258328
0.9930675019999999
1.005049222
0.998133232
1.005216234
1.00415865
1.004362942
1.00451328
1.002120288
1.004710666
1.004952804
0.9839107699999999
0.987989294
1.005522172
0.999962118
1.007366448
1.00574586
1.005060982
0.993568312
1.00488932
1.001148544
1.006589708
1.004922236
1.002824576
1.006870518
1.00697911
1.0066133
1.0081136259999999
1.003414976
1.003820694
1.001459016
1.008213018
0.984136222
0.9834511720000001
1.004207954
1.0054798
1.005606926
1.0008149419999999
0.99775064
1.0077351700000001
1.0021273019999999
1.00919616
1.0032110699999999
1.005025704
1.002510918
1.00119055
1.015303494
1.00517624
0.985620004
1.004948102
1.0085207840000001
0.186749482
0.99959441
1.01358074
1.004673062
1.008506576
1.000796284
1.005609282
1.00585892
0.98277832
1.004621362
0.9973706600000001
1.008343204
1.008381084
1.005861276
0.9855340619999999
1.006596786
1.00579061
1.004877564
1.007815568
1.00397791
1.003581446
1.005769412
1.006391584
1.004062404
1.004579066
1.000132102
1.003785502
1.00695314
1.003497032
1.00573644
0.983653884
1.004574368
1.007404254
1.00403189
1.005289172
1.005133898
1.005049222
1.0045109300000001
1.003877004
1.00289951
1.002595164
1.005569256
1.006653408
1.003930974
1.004593164
0.9837642839999999
1.002414986
1.00448274
0.998978288
1.0012372299999999
1.008921162
1.005343294
1.000882576
0.987439602
0.995401256
0.991998654
0.983232788
1.00796221
1.005616344
1.0045109300000001
0.983523238
1.004588466
0.9859707120000001
1.00415865
1.0089661939999999
1.006247756
0.985717272
1.00611811
1.007489326
0.9870810440000001
1.000896572
1.009725244
1.00863447
1.00102954
1.004473342
1.007635872
1.00203612
1.005380946
1.001522068
1.003133748
1.0062784040000001
1.00050953
1.004933994
0.999233944
0.9999318540000001
1.0047341699999999
1.005701116
1.004898724
1.0059578679999999
1.004663662
0.999906246
1.005079798
1.006035626
0.996278666
0.9955950779999999
1.0042924880000001
1.00395444
1.005188002
1.007754086
1.003771428
1.004675412
1.004022502
1.00523035
0.997507326
0.984427204
1.020497374
1.001008544
1.003452486
0.989145182
1.0051433060000001
1.000719334
1.00356034
1.007638236
0.981247026
1.000222938
1.00511508
1.003487654
0.99189098
1.001928592
0.9965445039999999
1.006766672
1.005658728
1.004362942
1.0127657319999999
0.983746258
1.003928628
1.0052962300000001
1.004409918
1.013157536
1.0054703839999999
1.017740646
1.007439698
1.001169546
1.004715366
1.004257264
1.007052302
1.005882478
1.0008919059999999
0.9814735
1.006889402
1.010387972
1.002810528
1.002801162
1.0065213
1.003269656
1.0059531560000001
1.0050304079999999
1.00637036
1.00910843
1.001409982
0.984519724
0.9833363399999999
1.006898844
1.000390678
1.004421662
0.9837778039999999
1.00330481
0.99805901
0.9846574060000001
1.003851194
1.005894256
0.9862039
0.9869200039999999
1.0045109300000001
1.003762044
0.938671664
0.999271142
0.985332836
1.005117432
1.007118422
1.001302588
1.001659876
1.010956378
0.996690196
1.01409767
1.00041165
1.003745622
1.004435756
0.995742802
1.00282926
1.0057199540000001
0.991179084
1.00392628
1.003858234
1.003229816
1.00287375
1.003968522
1.009027824
1.005990854
1.004001378
1.00760987
0.9869630939999999
1.009998306
1.00161082
1.00692245
1.005840076
1.00745624
0.0
1.00584243
1.00587541
1.0048423
0.98463709
1.00040466
1.006368002
0.994414864
0.9948156380000001
1.00721998
0.9891816320000001
1.005357412
0.993056022
0.9980103060000001
1.003255594
1.00490813
0.0
1.009061014
1.003949748
1.006988552
1.003572066
0.9849758040000001
1.006556682
1.004849352
0.99964094
1.007160932
1.0053032899999998
1.006318486
1.003145462
1.00068436
0.999182804
0.996156198
1.00523035
1.000654052
0.98541196
1.004459248
1.0064741259999999
0.98472965
1.0036776
1.002726244
0.999578126
1.002375214
1.000236914
0.999078212
1.00403189
1.001874838
1.007104254
1.001968328
1.007659514
0.998978288
1.0048611079999998
1.004205606
0.986145026
1.0043511999999999
1.005468032
1.00619118
1.005098614
0.994081132
1.006551964
1.015992794
0.98474997
0.99915491
1.001220892
1.005743506
1.003745622
1.002826918
1.002199792
0.986376032
0.997523544
1.0001530619999999
0.997377608
1.003839462
1.006113396
1.003783156
0.987998384
0.98374175
1.005371532
1.005691696
1.003790194
1.005941376
1.006464692
1.0055574840000001
1.017468202
0.983205778
1.004691864
1.002644316
1.005013946
1.004409918
0.973646134
0.992418122
0.0
1.006019132
1.005155068
1.004694214
1.01438508
1.001727626
1.004623712
1.001279246
1.004459248
1.004499184
1.003961482
1.003175922
1.005108022
0.982540004
1.0013516120000001
0.986231076
1.005500986
0.986453058
1.004043626
1.002370536
1.00255304
1.005235056
1.005049222
1.00218576
1.004121088
0.999254868
1.004550872
1.004985726
1.00688232
0.996930798
0.9965907519999999
1.0014800320000001
1.001687908
1.004917534
1.001099538
1.004348852
0.186746478
1.008662894
1.003328248
1.00776591
0.990740096
1.002897168
1.008385818
0.997384556
1.002078202
1.002679426
1.00496221
0.983577294
1.009632674
0.992120104
0.186734298
0.9855860780000001
1.007997694
0.99769965
1.008674738
0.984743196
0.995874404
0.9840189739999999
1.002424344
1.00490813
1.00539742
0.9998806419999999
0.986036356
1.013997114
1.0010622059999998
1.0055951539999999
1.0059955680000001
1.008333736
1.005531588
1.006056836
1.014946002
1.002677086
1.015642022
1.004053014
1.0062949079999999
0.9916940200000001
1.001954304
1.005665792
1.017424816
1.004745922
1.008456848
1.006202966
1.00273795
0.987164986
1.004950454
0.186744042
0.9929710740000001
1.008596572
1.0192961219999999
1.00084526
1.004691864
1.003124376
1.00509391
0.9953135999999999
1.004506232
1.002211484
1.006530734
1.00619825
1.003302466
0.984384336
0.969137922
1.005752926
0.186748426
1.0032251300000001
1.0033704380000001
1.001393638
1.0071467619999999
0.988801318
1.0017439799999999
1.00368229
0.999810814
1.003145462
1.0058565640000001
1.0042126500000002
1.001613156
0.995115278
1.003513444
0.999454844
1.012147582
0.992092602
1.0001600499999999
0.9863737680000001
1.00197534
1.005840076
1.007399528
0.987251214
0.998483618
1.006766672
1.00515742
1.004604914
1.00131426
1.0049998359999999
1.005668148
1.000621414
1.001071538
1.002543678
1.004153954
1.000677366
0.98242089
1.005122136
0.996010662
1.0043347599999999
1.006372718
1.012751402
0.99605455
1.00336575
1.0008126099999999
1.000628408
1.00509391
1.0027192219999999
1.003115004
1.01836806
1.005124488
0.982731098
0.999927198
1.008286392
1.006865798
1.005529234
1.0008872420000001
1.00600735
1.010216862
1.001732298
1.012744238
0.997509644
0.996535256
1.006660486
1.013016548
1.003867618
0.984379824
0.995138334
0.0
1.003656492
1.00488932
1.016613242
1.0046871640000001
1.003801924
0.999962118
1.003855886
1.004590816
1.018580592
1.0036048960000001
0.99543817
1.005218586
1.0047083159999999
1.006580272
1.017497126
1.00218576
1.006332632
1.006342064
1.011901966
1.0059578679999999
1.006478842
1.001860816
1.006221824
0.99814251
0.997560614
0.986625278
0.995223654
0.997372976
1.0210844959999998
1.009969806
0.992408948
1.007328646
1.0035791
1.006693518
1.00514801
1.005606926
1.00277775
1.00477883
0.983266552
0.993600492
0.0
1.003877004
1.0062949079999999
1.005051574
1.006936614
1.005319762
0.9828390419999999
1.007650056
1.004010766
1.006028556
1.00281287
1.004856406
0.0
1.004973968
1.004839948
1.00757914
1.005960224
1.000637732
1.004092918
1.004116394
1.01194488
0.0
0.998750632
1.010088568
0.995645852
1.001729962
1.001867826
0.999092156
1.003337622
1.0060262
1.004804686
1.015241094
1.005312702
0.9940029100000001
1.0079527480000001
1.006290192
1.009468936
1.006188822
0.992246166
0.998170348
0.981850442
0.999494384
1.0057270200000001
1.019262256
1.005778834
1.004938696
1.015927906
1.001977678
1.0046871640000001
0.989281884
1.004153954
0.98615182
1.014536038
1.000735656
1.004132826
1.002679426
1.005103318
1.004254916
1.0040506679999999
1.016009618
1.0196470020000001
1.005825942
1.00619118
1.007853408
0.9962278280000001
1.003799578
1.004959858
1.003881696
1.004435756
1.006761952
1.008762394
1.003869964
1.004666012
1.001851468
1.006106326
0.998388456
1.013119298
1.001169546
1.01717904
1.006698238
1.001143876
1.002641974
1.007555504
1.002695812
0.9937545219999999
1.006948418
0.186769784
0.987564478
1.004442804
0.9850142059999999
1.00625247
1.0153635
0.98457389
1.00619825
1.0061369660000001
1.00296977
0.999368798
1.008400024
1.0012489
1.000898904
1.00507039
0.999580452
0.999545558
0.18675029399999998
0.982434374
1.001561772
1.0040483199999999
0.99969911
1.007822664
1.007950382
1.004983374
1.003337622
1.0077351700000001
1.004379384
1.0075129600000001
1.007650056
1.002581122
1.003994338
1.00217173
1.006226538
1.007333372
0.98634432
1.002803504
1.004534424
1.006761952
0.9879188440000001
1.0057340860000001
0.9863216680000001
1.001937942
1.012016412
1.00679027
0.9995153179999999
1.0042173460000001
0.981477986
0.98407534
1.019845536
1.00692009
1.0051621259999999
0.9866003480000001
1.004442804
1.003907508
1.004348852
0.985339616
1.00383477
1.00222084
1.000563138
1.002962744
1.005227996
1.003328248
1.00255304
1.000952554
1.003799578
1.0061605359999999
1.017670712
1.000854588
1.00375266
0.987748444
1.004849352
1.007945652
1.000947888
1.007193998
1.0067005980000001
1.004153954
1.004412268
1.01117773
1.00319701
0.983163016
1.005298584
0.9991339920000001
0.9845648619999999
1.001475362
0.987675758
1.007583868
0.990093754
0.997829454
0.999945822
1.0045109300000001
0.997551346
1.007938556
1.001134542
1.0077635440000001
0.9983814919999999
1.003494688
1.005814164
0.9981773060000001
0.985610956
1.006337348
1.0076027779999999
0.985565722
1.006066262
1.005482154
0.981920028
0.986709144
0.982486062
1.001662212
1.001169546
1.00190522
0.990637264
1.003799578
1.003192324
0.9962856
0.992168232
1.013563996
1.00007621
1.006177036
0.99713679
1.0160192319999999
1.001150876
1.004771778
1.00387935
1.016447234
1.007723348
1.005119784
0.99662544
1.004710666
0.983228286
1.005802388
1.008205918
0.984305376
1.00568934
1.01063999
1.003825386
1.003747968
0.9912683019999999
1.003000218
1.0027215619999998
1.015053942
1.002466458
1.004487438
1.005293878
1.005482154
1.004847002
1.003968522
1.0064859179999999
1.01620193
0.992688784
1.008359776
1.0068303939999999
1.003105634
1.007702068
1.005315054
1.005686986
1.006566118
1.002906536
1.002735608
0.998764568
1.00631377
0.992383726
1.000861586
1.001809404
1.004590816
0.99805437
0.992349332
1.003909854
1.00211561
1.005597508
1.00408353
1.004593164
1.002361178
0.99999937
1.0061016120000001
1.006802072
1.007711526
1.00384181
1.003912202
1.008933012
1.01491962
1.004896374
1.0069555000000001
0.985975238
0.997090492
1.0046072639999999
1.011172968
0.985240164
1.01072323
1.00206885
1.00692245
1.007732806
1.003229816
1.00630198
1.001470692
1.005519818
1.004684814
1.000849924
0.9988110219999999
1.004983374
0.99485942
1.009924684
1.00112754
0.998318836
1.005637536
1.00064939
1.003351686
0.99595985
0.9830595
0.99743783
1.0028316019999999
1.002131978
0.982807554
1.003419666
1.003429042
1.0002788440000001
1.014449772
1.0021577
1.007995328
1.0014636860000001
1.0055551299999999
1.009559104
1.0057859
1.003175922
1.000828934
0.993717734
1.006497712
1.003900468
1.006030914
0.990591568
0.98756902
1.005277406
1.003129062
1.004593164
1.0028597
1.005343294
1.00303067
1.005345646
1.008485264
1.00804501
1.004849352
1.004835246
1.0053738859999999
0.983811606
1.0019215799999999
0.999506014
1.005348
1.004847002
0.990895526
0.9913644
1.004001378
1.0082295860000001
1.0054256639999999
0.991524604
0.98861241
0.995902114
1.012796778
1.0037080919999999
1.003054094
1.00143333
1.0032181
1.00121389
1.0036635280000001
1.002667722
1.004001378
1.0029510320000001
1.004132826
1.0022910040000002
0.982659148
1.006099256
1.003630692
1.008158588
0.994497756
1.0044921359999999
1.005169182
1.007676062
1.016846708
0.98374851
1.00401546
0.9828300440000001
1.0036517999999999
1.012147582
1.004995132
1.006214752
1.0068776
1.002571762
0.987348804
1.001793048
1.002349482
1.002667722
1.0120903399999999
0.9861088
1.003813656
1.010285774
1.0038230399999999
1.006030914
0.985314752
0.9937913119999999
1.006476484
1.005399774
1.00011347
1.007590958
1.0060450520000002
0.999150262
1.0045579199999999
1.004421662
1.005108022
0.985540846
1.012660664
0.982715358
1.006844554
1.003412632
1.004684814
1.0062171100000001
1.0030353539999999
1.0042455240000001
1.005079798
1.008757656
1.0093266
1.001545422
1.007212894
1.004863458
1.0016832359999999
1.01147778
1.006471768
0.9846212900000001
1.003865272
1.00255538
1.004938696
0.18675345999999998
1.0022185
1.00581652
1.004135174
1.01414077
1.006434032
1.00128158
1.004344154
1.004503882
1.002386912
1.003637728
1.003637728
1.0015804560000001
1.002422004
0.983611082
1.005868342
1.003633038
1.000647058
1.004762376
1.004971616
1.0094974079999999
1.0036635280000001
1.004896374
0.984355006
0.9998573639999999
1.0051433060000001
1.00697911
0.983194524
0.986627544
1.003429042
0.997139106
0.9984116639999999
1.00635857
1.004832896
0.99942461
0.99656994
1.0021273019999999
1.005277406
0.9948893799999999
1.006226538
0.9859163919999999
1.0053927139999999
1.00503276
1.006750152
0.9993013660000001
0.998407022
1.0038230399999999
1.00486816
1.005755282
1.0035462720000001
1.002424344
1.017813
1.0044686440000001
0.984366286
1.006139322
0.985592862
1.004332412
1.019930302
1.007238878
0.9847048140000001
1.015087528
1.005774124
0.990052672
1.00318998
1.00417039
1.002836284
0.995009232
1.005941376
1.019557444
0.998883032
1.005317408
1.003173578
1.005896612
0.984156516
1.005482154
1.004579066
1.005894256
0.982749086
1.011049192
1.00127691
1.001304922
1.004788232
1.003150148
1.00054216
1.0044475019999999
1.003717474
1.004933994
1.00481409
1.016182696
1.0062878339999999
0.986332994
1.00309392
1.00555984
1.004421662
1.0009898799999999
0.998212106
1.008182252
1.003072836
1.0044686440000001
1.0052585840000001
1.003175922
1.00380427
1.004057708
0.977212748
1.0033188720000001
0.982268106
1.000784624
1.003070492
0.999152586
1.002061836
1.0038066159999999
1.005715244
0.998219066
0.98720583
1.003724512
0.981027378
1.0038113100000001
1.0023564999999999
1.00166922
0.9983002719999999
1.005404482
1.001846794
1.0030213
1.007217618
1.003851194
1.005133898
1.0006400640000002
1.006929532
1.00544214
1.003684636
1.000038954
1.005475092
0.998841218
1.004123436
1.001713608
1.003630692
1.006740712
1.004884618
1.00532682
0.9909321059999999
1.005931952
0.984788354
1.003241534
0.997319708
1.016324568
1.004186824
0.990957254
1.004172736
1.004198564
1.001846794
1.00195664
1.0056469540000001
1.0029440059999999
0.939363524
1.005898968
0.98534866
1.002824576
1.004299532
1.00047457
1.002232532
1.0050304079999999
1.005025704
1.016733572
1.0071491240000001
0.9888218080000001
0.999624654
1.004264308
1.007087724
1.004689514
0.998418626
1.003283716
1.003044724
0.996502886
1.002770726
1.001596806
1.004950454
1.002211484
1.003269656
1.0048752140000001
1.01053774
0.986652476
1.002712198
1.007458604
1.000565468
1.00345483
1.003016614
1.000031968
0.986099744
1.00383477
1.004165694
1.007288484
1.006526016
1.004548522
1.003229816
1.007449152
1.004095266
1.016262042
0.985549892
0.9989713179999999
1.016930976
1.00375266
0.979083984
1.006398658
1.005901324
1.0027145400000002
0.9895599580000001
1.010409366
1.0064741259999999
1.004997484
0.983446668
1.003701056
1.0177237639999999
0.998525402
0.99846737
1.005171534
1.0029580580000002
1.020579822
1.006606222
0.99675959
1.0000273100000001
0.99962
0.9962601799999999
1.002583462
1.008838218
0.987396472
0.999564168
1.006823312
0.986627544
1.004684814
1.002824576
1.001713608
1.005089206
0.984806418
1.004489786
1.006865798
1.0060262
1.000696018
0.999034058
1.003712784
1.013870252
1.003396224
1.013922908
1.001585128
1.006061548
1.004593164
1.004724768
0.9975420779999999
1.0050727419999999
1.005324468
1.007496416
1.007061748
1.006872878
1.002344804
1.003745622
1.003785502
1.002915902
1.0033235600000001
1.005661082
0.999199076
0.983931056
1.005140954
1.009449956
1.00486816
1.000971216
1.00509391
1.0044803900000001
1.005359766
1.003464208
1.007186912
1.001174214
1.003818348
1.003229816
1.005510402
1.005152716
0.983784564
1.0094950360000001
0.9801184580000001
0.9979616099999999
1.004698914
1.00288546
1.003410288
0.908889686
0.995193676
1.004675412
0.9959113519999999
1.00527976
1.005828298
1.003865272
1.003616622
0.985592862
0.988182512
1.003757352
1.004957508
1.001220892
1.002766044
1.001211556
1.003696364
1.002513258
1.006224182
0.9993153180000001
1.003656492
1.0056139899999998
1.004433408
1.004527376
1.003339966
0.9843234240000001
1.000619082
0.9997363420000001
1.003750314
1.005075094
0.9838995
1.00451328
1.00356972
1.006929532
1.000080868
1.0044240119999999
0.993154764
1.00013676
1.0012372299999999
1.00359317
1.004137522
0.995978326
1.001825762
1.000747314
1.006075688
1.002588144
1.009675396
1.0052021180000001
0.982434374
0.999317642
1.004529726
1.0044240119999999
1.00749878
0.999066592
1.003429042
1.0032181
1.002578782
1.00206885
0.998855156
0.997926828
1.003140776
1.0032649679999999
1.005037464
1.0127896140000001
1.003867618
1.003640074
1.005788256
0.999043352
0.985122652
1.002466458
1.000269526
1.002050146
1.003426698
1.00497632
0.998453442
1.00455557
1.005216234
0.999433912
1.004135174
1.005990854
1.0042924880000001
1.0010598720000001
1.002698154
0.998342042
1.00499278
1.002581122
1.0085397299999999
0.9990154680000001
1.00486581
1.005486862
1.0031478059999999
1.004647212
0.9841677919999999
1.003100948
0.98669781
1.005352706
1.002677086
1.019105054
1.003553306
1.00865105
0.999682822
1.0062288959999999
0.989373038
1.008201186
1.0010342060000001
1.008305328
1.0042971840000001
1.00625247
1.000689024
1.003930974
1.004085876
1.005611636
1.005152716
0.984343726
1.005941376
1.005227996
0.985341878
0.992854008
0.997836408
1.004078834
1.006235968
1.002499218
1.014416228
1.00227697
1.005418602
1.0041633460000001
1.001802394
0.98368993
1.002108596
0.994108744
1.007342822
0.9944401900000001
0.9837642839999999
1.007903076
1.004548522
1.003973216
0.9809265540000001
1.001970666
1.00478118
1.00262559
1.003747968
1.005976718
1.002883118
0.9205842259999999
1.008421332
0.998202826
1.000129772
1.003089234
1.001912232
1.006108684
0.982548996
1.016733572
0.996006042
1.004705966
1.00678319
0.998019584
0.999971432
1.003733894
1.009224618
0.9960614799999999
1.006424598
1.006177036
1.001344608
0.98554763
0.9967248919999999
0.998432552
1.007699704
1.002417326
1.001022542
1.00516683
1.007671334
1.006544888
1.003072836
1.011306302
0.992321818
1.005270348
1.016026442
1.004344154
1.00310329
1.008956714
1.006174678
0.999629308
0.9844475119999999
0.984847066
1.014279678
0.9955466159999999
1.0043511999999999
1.002531978
1.006816232
1.0035181340000001
1.002979138
1.004494486
1.0083455719999999
1.0046871640000001
1.001858478
1.004957508
1.003522824
1.003168892
1.005868342
0.98407083
1.001664548
1.004750622
1.00629255
0.9986948959999999
1.000379028
1.002251242
1.004431058
1.002106258
0.996225516
1.008073402
1.003346998
1.004663662
1.003124376
1.006434032
0.994573754
0.991201958
1.003623658
1.006797352
1.004941048
1.008504208
0.977602
1.003025984
1.00166922
1.004668362
1.0046871640000001
0.999499036
1.006068618
0.999580452
1.0038230399999999
1.00440522
1.001230228
1.001512726
0.998297952
1.002693472
1.0072719479999999
0.999061944
1.005056278
1.0011392080000001
0.984440744
0.998948084
0.9821962240000001
1.003623658
1.001662212
1.000146076
1.005536296
0.985905076
1.004640162
0.9990410279999999
1.004931642
1.004398174
1.016346212
1.003145462
0.998588084
1.00289951
1.00281287
1.0184236
1.004409918
0.987423712
1.0079290939999999
1.004534424
1.005199766
0.983924294
0.981377068
1.020819964
0.999908574
0.983660642
1.004727118
1.004630762
1.00572231
1.009620806
1.00990331
1.005529234
1.0059248840000001
1.00494575
1.004590816
1.005545714
1.001185884
1.005868342
1.005178592
1.004931642
0.995290536
1.0060874720000001
0.983462432
0.999489732
0.9839130239999999
1.005237408
1.003018958
1.016305328
1.00752005
1.004792932
1.003316528
1.0037596979999999
1.006761952
1.003801924
1.007442062
1.004941048
0.997206244
1.003701056
1.006172322
1.004057708
1.00388639
1.003229816
1.0039051620000001
0.987971112
1.000031968
1.012732298
1.002178746
1.003778464
1.00110654
0.9852311220000001
1.003975562
0.997632444
1.005748216
1.001279246
1.00256006
1.005573964
0.988555524
1.0060450520000002
1.0050304079999999
0.9915955679999999
1.000437284
0.981951456
0.989514362
1.003414976
1.001998716
1.006028556
0.99000703
1.0028409679999999
0.999080536
1.006424598
1.004090572
0.989256818
0.99840006
1.00357441
1.003539236
1.009191418
0.9920765619999999
1.0049363439999999
1.00284565
0.99991323
1.00347593
1.004038932
1.003283716
0.9908680940000001
1.00190522
1.007780098
0.99802886
0.9917741680000001
1.001659876
1.006066262
0.999329268
1.00316655
0.992785158
0.9840122099999999
1.0086321
0.983631356
1.00411874
1.003874658
0.986242398
1.01118011
1.004344154
1.00407414
1.005267994
1.003295436
1.000574792
0.985604172
1.005077446
1.005748216
1.004621362
1.002852676
0.999401354
1.00074032
1.013257926
1.003590826
1.004675412
0.979235778
1.006851636
0.99743783
1.003895776
1.00355096
1.002274632
1.00300256
0.985043576
0.979930616
1.003848848
1.004525028
1.006070976
1.006721834
1.0064505400000001
1.00309392
0.984228686
1.002064174
1.00025089
1.000176352
1.0084355379999999
1.0029510320000001
0.996417346
1.002475818
1.001178882
1.009530628
1.004203258
1.003487654
1.002838626
1.00456262
1.006563758
1.0048822659999999
1.006320844
1.000635402
1.004057708
1.002576442
1.003302466
0.984294098
0.998713474
1.003227472
1.003790194
1.006816232
0.985708222
0.989491564
1.003916894
1.001031874
1.01826907
1.004024848
0.99901779
1.004045972
0.999917886
0.98720583
1.008305328
1.0033188720000001
1.014663066
1.003145462
1.01857576
0.984176814
0.93634083
1.005508048
1.001160212
1.0045837659999999
1.00417978
1.003581446
1.004463946
0.982097404
0.982232164
0.989441416
0.998416306
1.00386058
1.0052562299999999
1.004774128
1.006514222
1.003623658
1.005533942
1.005225644
1.004854054
0.984039264
0.9991851279999999
0.994887074
1.006721834
0.981904314
1.00054449
1.005060982
1.004229086
1.005533942
1.005253878
0.982236658
0.985676552
1.004543822
1.00041398
1.003982602
1.01429405
0.999799176
1.004720068
0.999803832
0.987398742
1.016967094
1.005249172
1.00304004
1.004966914
1.005578674
1.006056836
0.98595713
1.002075864
0.9906761079999999
1.0042948360000001
0.982027794
1.00368229
1.005865988
1.005529234
1.00445455
0.986181256
1.003075178
1.004431058
1.003014272
1.003710438
0.983439912
0.998509152
1.001538416
0.9926910800000001
0.986049938
1.002407968
1.001372624
1.004020154
1.005117432
1.003797232
1.002344804
1.00776591
1.005348
1.005934308
1.0062453980000001
1.003023642
1.011099174
1.010953998
1.00536918
0.994329684
1.005486862
1.008646312
1.005715244
1.00510567
0.983653884
1.009345576
1.000276516
1.0041633460000001
1.0085089440000001
1.00423613
1.0092459599999999
1.00614875
1.004525028
1.005665792
1.154793922
0.998207466
1.0013819640000001
0.99846969
1.004412268
1.004673062
1.005173888
1.006023844
1.002134316
1.013157536
1.0054703839999999
1.012954428
0.997956972
1.004856406
1.00217173
1.0010062100000001
1.0054986320000001
0.990701246
1.002604526
1.004078834
1.004247872
1.003982602
1.002113272
0.99135067
1.00592724
1.004901076
1.001466022
1.002389252
1.00378081
1.005025704
1.013375072
1.00447804
1.007165656
1.006589708
0.995235184
0.99715068
0.9876644019999999
0.984713846
1.0061275379999999
1.00509391
1.006122824
1.001615492
1.005988498
1.005098614
0.982355726
0.9880620259999999
1.000425632
1.00179071
1.00411874
1.00336575
1.00724124
1.003747968
1.005632826
1.0153659
1.00289951
1.0029510320000001
1.016336592
1.007825028
1.002424344
1.006134608
1.005609282
1.003771428
1.001150876
0.9823916779999999
1.006056836
0.999801504
0.999927198
1.001685572
1.003689328
1.007529504
0.999233944
1.001856142
1.004121088
0.99606841
0.9938258059999999
1.005075094
1.00307752
1.005656374
1.002548358
1.003339966
1.003044724
1.009734738
1.00262325
1.0014636860000001
1.004125784
0.9394395459999999
1.00358848
1.0050727419999999
0.996919228
1.004985726
1.00373624
0.9947995079999999
0.984693526
1.003520478
1.005960224
1.004339456
0.9980636479999999
1.009257818
1.00520447
1.004053014
1.00414926
1.007368812
1.00511508
1.00383477
1.003773774
1.003614276
1.007725712
1.014936408
1.01425333
1.003236846
1.005548068
1.005468032
1.004802336
1.005654018
1.011189634
1.000828934
1.002361178
1.00473652
0.98807339
1.006094542
0.987076506
1.008587098
1.001363286
0.983557022
1.005762346
1.0013516120000001
1.006544888
1.00706411
1.004811738
1.003726858
1.004088224
1.005275054
1.007638236
1.003494688
1.00445455
1.0040365839999998
1.003290748
1.00232843
1.001846794
1.00877661
1.0036517999999999
0.988662474
1.005686986
1.006066262
1.005411542
0.998820312
1.008253254
0.99491012
0.997190038
1.018583008
1.006542528
1.0070593860000001
1.002312056
0.983858932
1.006936614
0.996456646
1.001987028
0.9201148480000001
0.9881961539999999
1.007955114
1.000071554
1.003339966
0.98183024
1.004280746
1.002967428
1.003729202
1.004395826
1.003082206
1.004727118
0.984133966
1.004308926
1.005086854
1.001949628
1.1831018420000001
1.001617828
0.996502886
0.9990084960000001
0.9998690020000001
1.0095828340000002
1.003056436
0.997799318
1.000523514
1.017280228
1.001608484
0.982580464
0.997546712
1.00871738
1.003658836
1.007243602
1.005155068
1.004724768
1.006327916
1.000097168
1.003900468
1.00230036
0.994378028
0.9834106399999999
1.001891196
1.005906036
1.010732744
1.004640162
1.004041278
1.00596258
1.0046519120000001
0.997850318
0.98530345
1.001620164
1.002866726
0.980966882
1.003696364
1.003283716
1.000784624
1.002677086
1.003553306
1.003129062
1.004095266
0.9858484999999999
1.003494688
1.005430372
0.997120586
1.002417326
1.004609614
1.00232375
0.998165708
1.020841802
1.004912832
1.00411874
1.005573964
1.005743506
1.003874658
0.995809752
1.004663662
1.004922236
1.010364204
1.0039450540000001
1.0028409679999999
1.010713716
1.0157381
1.0036635280000001
1.007808474
0.9857466819999999
0.9821849939999999
1.002962744
1.015344296
1.01702248
0.98346018
1.004527376
1.005044518
1.002866726
1.006884682
1.004966914
1.010254882
1.0167383859999999
1.00715621
1.006012062
1.014521658
1.00201508
1.007260136
1.00269113
0.994764948
1.000926894
1.003970868
1.008814522
1.005811808
1.0089922679999999
0.994684314
1.005665792
1.0107755600000001
1.006311412
1.0067879100000001
0.9992014
1.002794138
1.00455557
0.9833521
1.005265642
0.993756822
1.005051574
1.0036517999999999
1.00203612
1.00314312
1.002847992
1.005336234
1.010540118
1.007153848
1.007449152
0.98530571
1.006556682
1.015709274
0.985337356
1.005771768
0.985540846
0.9980404559999999
1.002663042
1.000747314
1.002485178
1.006351496
1.008007158
1.00723179
1.006146394
1.004400522
1.001346944
1.00269113
0.998253866
1.00399199
1.003098604
1.006809152
0.9821670259999999
1.0201313699999999
1.00239159
1.01029528
1.00512684
1.006080402
1.00289951
1.005809454
1.00532682
1.006320844
1.001825762
1.005371532
0.995980636
1.00345952
1.004886968
1.005028056
1.002248904
1.002515598
0.998982936
1.003014272
1.0032110699999999
1.005305642
0.987067432
1.005035112
1.004226738
1.001498714
1.004597864
1.010727988
1.021028666
1.003895776
1.003891082
1.008139656
1.003025984
1.003661182
1.010571028
1.002967428
1.003133748
0.99743088
0.983926548
1.005060982
1.000267198
1.006896484
1.003086892
1.012364684
0.9858801819999999
1.004327714
1.006153464
0.9902877959999999
1.00255538
1.006226538
1.004264308
1.005364472
1.003755006
1.002616228
1.004186824
1.005084502
1.004238478
0.938610124
1.004231434
1.0028877999999999
1.004640162
0.9839175320000001
1.005282112
0.994253724
0.9829290119999999
0.998525402
1.003818348
1.00177669
1.005988498
1.000968884
0.9869472180000001
1.002087554
0.983228286
1.004701264
1.017651422
1.004832896
1.004790582
1.003028326
1.007550776
1.00570347
0.998462726
0.985776094
1.006108684
0.982474826
1.004616662
0.9933867679999999
1.0052068219999999
0.98962152
1.0043347599999999
1.00811126
1.004609614
1.005183298
1.006872878
1.004062404
1.0003068
1.005317408
1.004196216
1.004525028
1.00121389
1.004156302
1.001613156
0.985991082
1.005637536
1.0041774319999999
1.0027192219999999
0.9969909659999999
1.006464692
1.00651894
1.000626076
1.003262624
1.007165656
1.007593322
0.998397738
1.002892484
0.99469353
1.005654018
1.005343294
1.016124996
1.0045837659999999
1.010387972
0.985538584
0.992773684
0.98214232
1.0036635280000001
0.98274234
1.006424598
1.0104592860000001
0.98464612
0.986863312
1.007841582
1.005809454
1.003952094
1.00442871
1.00414926
0.9851045759999999
1.003930974
1.005331526
1.00386058
1.008305328
1.007179828
1.000999212
0.985896024
1.003952094
1.009395392
0.9839693780000001
1.004299532
1.006476484
1.004123436
0.985199484
1.00393332
0.986999384
0.996352624
1.012553232
1.00554336
1.00486816
0.993931602
1.006035626
1.000227596
1.003325904
0.9996013880000001
1.002955716
1.007019246
1.0050962620000001
1.0088476960000001
0.999271142
0.987930206
1.004182128
1.0381639459999998
0.98427154
0.9972224519999999
1.00481644
0.9988946479999999
1.006665204
0.987037944
1.005042166
1.002131978
1.0027145400000002
1.005122136
1.006351496
1.003553306
1.0053291739999999
1.004696564
0.9964335280000001
1.001620164
1.002543678
1.0032110699999999
0.999578126
1.007486962
1.003300122
1.004832896
0.99872973
0.982229918
0.98466418
1.00196599
1.0055928
1.0010342060000001
1.0053762400000001
1.008194086
1.006297266
1.01887055
1.004886968
1.002609208
1.00173697
1.004917534
0.9921178119999999
1.005388006
1.005889544
1.00624304
1.006799712
1.000950222
0.9939178000000001
1.0015524279999999
0.987705286
1.00292527
1.003429042
1.004771778
1.002110934
1.005536296
1.005880122
1.019918192
1.003959134
0.984133966
1.005682276
1.00327903
1.002176406
1.003384502
1.015094726
1.00001334
1.008733964
1.004062404
1.006478842
0.996280978
1.003633038
1.002883118
1.002906536
1.00232375
1.004964562
1.0132674879999999
1.00179071
1.009580462
1.0044686440000001
1.008075768
1.000863918
1.00678083
0.98376879
1.003665872
0.997845682
0.997372976
0.9860454099999999
1.006306696
1.006332632
1.001141542
1.003609586
1.00379254
1.006393942
0.985170106
1.004701264
1.004353548
0.995865168
1.006066262
0.985665242
1.003464208
0.9986345219999999
1.000901236
0.984273796
1.003089234
1.017070648
1.006179394
1.0043371079999999
1.00516683
1.004412268
0.9991246939999999
1.00417978
1.003820694
1.005209176
1.002862042
1.003471242
1.003267312
1.005091558
1.003640074
1.0174344579999999
1.006464692
0.989347968
1.000784624
1.009255448
0.983931056
1.009706254
0.995793592
0.9850819820000001
1.005769412
1.005089206
1.005522172
0.938673716
1.000842928
1.00900412
0.996736458
0.99949671
1.021004394
1.006224182
1.00050953
0.984996134
1.002754338
1.00539036
1.00604034
1.00378081
1.00239861
0.99808916
1.008733964
1.003000218
1.005630472
1.012395706
0.9966555039999999
1.00598143
0.986006928
1.00244774
1.0061817499999999
1.004487438
1.006457616
1.006580272
1.004362942
1.00473182
1.002609208
1.0016738920000001
0.997139106
1.005013946
1.005524526
1.000870914
1.009421486
0.985048094
0.980872788
0.984941922
1.00112754
1.00145201
1.00150105
1.00239393
1.006082758
1.003126718
1.001311926
0.999422284
1.001575784
1.005811808
1.000481562
1.004576718
1.002613888
0.9819716620000001
1.00305878
1.019988434
1.009675396
1.0111943939999999
0.999048
1.007142038
1.005338586
0.983728232
0.998358286
1.006629814
1.0046613119999999
1.005028056
1.001307258
1.0017439799999999
1.012235844
1.001307258
1.00277775
0.998416306
0.981572194
1.007508232
0.9873215679999999
1.002852676
1.018411526
1.004943398
1.002094568
1.001309592
1.007746992
1.002485178
1.000919896
1.008641576
1.009053902
1.008156222
1.002169392
1.005117432
0.988469068
1.003044724
1.00360724
1.004001378
1.006151108
1.004745922
1.013468328
1.006745432
1.007671334
0.9810968480000001
1.003865272
1.003766736
1.011513512
0.986398686
1.004252568
1.00386058
0.987065164
1.002955716
1.0023471419999999
1.004142216
1.006318486
1.003670564
1.002679426
0.9841723019999999
0.983475944
1.0058919
1.005677566
0.938776302
0.859710458
1.006188822
1.006936614
0.99886677
0.9837259780000001
1.006535452
1.002510918
1.01361662
0.9844903859999999
1.006526016
1.005896612
0.9999854
1.0053762400000001
1.006570836
1.000898904
0.983638114
0.999152586
1.005468032
0.994173174
1.002960402
1.006273688
1.00911317
1.0052068219999999
0.9341048279999999
1.00620768
1.00342201
1.004475692
1.003827732
1.003893428
0.999522296
1.00072633
0.984007702
1.00379254
1.01409288
1.0043511999999999
1.016507376
1.003452486
0.999815468
1.00765242
0.9971529960000001
1.014986776
1.002365858
1.002677086
1.005512756
1.004543822
1.001998716
1.000565468
0.98564036
1.008530258
1.005797676
1.007080638
1.00121389
1.0030213
1.007366448
1.014761358
0.93391593
0.98564036
1.00440757
1.012147582
1.00587541
1.015214696
1.010663772
1.002960402
1.002330768
1.018614412
1.00740189
0.9843031200000001
0.9878052380000001
1.0023471419999999
1.006330274
1.00507039
1.00385354
1.00533388
1.012763344
1.00497632
1.002763702
0.991309484
0.985039056
0.986217488
1.001449676
1.00713023
1.008168054
1.004802336
1.006257186
1.007938556
0.984111416
1.003724512
1.0064953540000001
1.004440454
1.006514222
1.006599144
1.0066274560000001
1.007997694
1.0057859
0.999750304
1.006012062
1.0080923320000001
0.984273796
1.002578782
1.001998716
0.992060522
1.0081538540000001
1.00442636
0.999085184
1.00136562
0.9994199579999999
1.006625096
1.000052924
1.004611964
0.9939983099999999
0.99189098
1.003386846
0.983156264
1.006735994
1.002810528
0.971923154
1.000936226
1.006818592
1.005519818
0.995879022
1.003499376
1.000036624
1.002174068
1.007475146
1.0032016959999999
1.0130046
0.998128592
1.005484508
1.002852676
0.9923057700000001
0.990776664
0.986332994
0.999506014
1.00938353
1.007586232
0.92940922
0.985233384
1.006681722
1.0038066159999999
1.002117948
1.017046564
1.012505492
1.007101892
1.004795284
1.00591546
1.005750572
0.9855024019999999
1.00401546
1.003895776
1.015133114
1.00300256
1.0045837659999999
1.006957862
1.0016832359999999
0.995645852
1.00535506
1.000817274
0.995696632
1.004854054
1.0060591920000002
1.0015804560000001
1.017159768
1.018454994
0.9980010300000001
0.9876394199999999
1.007087724
0.9822186860000001
0.98616767
0.9933775779999999
0.985567984
1.00222084
0.9843753120000001
1.000947888
1.0056187
0.997769184
0.982627674
0.98685651
1.00210392
0.985610956
1.00301193
1.004675412
1.008565782
1.004053014
1.004520328
0.984777064
0.984276052
1.0054256639999999
1.0059743620000001
1.006151108
0.9986298779999999
1.004621362
1.0024875180000001
1.004750622
1.012856488
0.999431586
1.005757636
1.006129896
1.0084971040000001
1.003743278
0.987337454
1.001295586
1.003321216
1.005851854
1.00403189
1.00688232
1.000577124
1.004269004
0.984149752
1.00442636
0.9862990180000001
1.0021834219999999
0.986215222
1.008362144
1.0046378120000001
1.004619012
1.007361724
1.003396224
0.9953735739999999
0.985041316
0.984817708
1.00305878
1.005884834
1.002517938
1.00584243
0.996889148
1.000798616
0.9825557380000001
1.009708628
0.996944682
1.000742652
0.9984116639999999
1.009727618
1.008878502
1.004997484
1.007531868
0.999766594
0.984161026
1.008492368
1.00752714
1.003731548
1.007938556
1.017017664
1.000008684
1.002389252
1.013473112
1.0017393060000002
0.985509186
1.008075768
0.994870942
1.00841423
1.006115754
0.9999807439999999
1.001615492
0.984140732
1.003464208
1.011032532
0.99450927
1.002897168
0.9964728300000001
1.0159783740000001
1.003056436
1.000304472
1.002995534
1.004203258
1.004372338
1.00661094
0.9969146
0.985610956
1.0047647259999999
0.9823242719999999
1.0029721120000001
1.010689932
1.005588092
1.003417322
1.0066274560000001
0.9829312619999999
1.006481202
0.98215355
1.003787848
0.9838318880000001
1.000677366
1.008350306
1.004971616
1.004445152
1.005178592
1.00359317
1.003133748
0.999394378
1.017282638
1.001073872
1.002979138
0.99792219
1.004489786
1.00316655
1.003274342
0.992769094
0.984170048
0.998936466
1.0052209380000001
0.986217488
1.0071444
1.001874838
1.004029542
1.004529726
0.984921594
1.0036799459999999
1.0063963
0.99604993
1.00546097
1.00133994
1.003115004
1.005298584
1.001274576
0.984614518
1.007877058
1.003661182
1.004611964
1.007522414
0.996440464
1.005696406
1.005169182
1.008115994
1.00335403
1.006891762
1.003494688
1.007134954
1.0059955680000001
1.0022582599999998
1.000549152
1.003609586
1.008809782
1.005943732
1.006811512
1.00592724
1.000441944
0.98223441
0.9820569840000001
1.002136654
0.99701874
1.005566902
0.9996153480000001
1.0046143140000001
1.015308294
1.009692012
1.012610526
0.998713474
1.001935604
0.988323496
0.998409344
0.9847161019999999
1.00813729
1.002131978
0.99605917
0.99964094
1.0051009659999999
1.001241898
0.9810497880000001
1.005946088
1.001232562
1.007366448
1.0009898799999999
1.0040483199999999
1.004985726
1.001559436
1.002585804
0.989562238
1.0058919
1.008246154
1.00087558
1.005814164
1.002134316
1.00411874
1.003009588
0.982967256
1.006372718
1.00534094
1.00574586
1.004125784
1.002892484
1.004790582
1.006459974
1.004821142
0.9838611859999999
0.9977575940000001
1.002368196
1.003600206
0.992980258
1.00075431
1.006679362
1.003501722
0.992860894
1.001793048
1.003112662
1.017311552
1.0062784040000001
1.0027215619999998
1.00304941
1.004463946
1.0029580580000002
1.007699704
1.000929228
1.003236846
1.002791798
1.003895776
1.006384508
1.004097614
1.004186824
1.005724664
1.00223721
1.010430758
1.004421662
1.001729962
0.996130784
1.000535168
0.9822276719999999
0.9847228760000001
1.016269256
0.998764568
1.007198722
1.0174296379999999
1.0048822659999999
1.011451578
1.0028597
1.012751402
1.002349482
1.004266656
0.99684056
1.003553306
0.9964589580000001
1.004222042
1.003818348
1.00256708
1.00919379
1.004123436
1.010214486
1.006320844
1.003124376
1.007172742
1.002043132
1.0050633340000001
1.005757636
1.002333108
1.006648688
1.016832264
1.007683154
1.008764764
1.00554336
0.981949212
1.004581416
0.99942461
1.003942708
1.005011594
1.00414926
0.985911866
1.002709858
1.003618966
1.006125182
1.000388348
1.002918244
1.003790194
0.999927198
1.0060262
1.002915902
1.003328248
1.008213018
1.008397656
1.001274576
1.0032649679999999
1.0053291739999999
1.001954304
0.9989550540000001
1.004931642
1.008546836
0.998755278
0.99938275
1.002592824
0.98185942
1.003501722
1.004487438
0.998272428
1.007607506
0.9856222659999999
1.00420091
1.004903426
1.003180608
1.0045391240000001
1.0033235600000001
0.9875894580000001
1.003710438
1.004623712
1.005562194
1.005075094
0.991185946
1.00718219
1.0192937020000001
1.005898968
1.0032181
1.002386912
1.005851854
1.004193868
0.98225912
0.988177964
1.004548522
1.00533388
1.000446604
1.008331368
0.9871332220000001
1.006457616
0.986407748
0.99991323
1.005244466
1.003813656
1.002810528
0.9855318
1.001603814
1.00702633
1.0046378120000001
1.008812152
1.00570818
1.004548522
1.017545338
1.002604526
1.01732119
1.001211556
1.004252568
1.00704522
1.0030353539999999
0.997836408
1.0072790360000001
1.0059578679999999
0.999310668
1.00032544
1.008544466
1.002227856
1.004550872
1.004207954
1.001083204
1.007319196
1.009184304
1.00829586
1.0099579300000001
1.002075864
1.0005328359999999
1.004966914
0.9888218080000001
1.002269954
1.008007158
1.017195904
1.006257186
1.002583462
1.004966914
1.005769412
1.001757998
1.005225644
1.006542528
1.000439614
1.004729468
1.002735608
1.008196452
1.002386912
1.004847002
1.004670712
0.9925626099999999
1.005138602
0.998216746
0.9979778420000001
0.984795128
1.012028336
1.0042948360000001
1.004372338
0.99113105
1.0048705119999999
1.016149036
1.007406616
1.0082295860000001
1.003079864
0.9859842919999999
0.99546124
1.006889402
1.00066804
0.9930238779999999
0.9843414699999999
0.983300318
1.0070145240000001
0.998845864
1.007094808
1.009794088
1.000947888
0.996246314
1.004604914
1.003733894
1.003330592
0.9830415
1.004193868
1.0079835000000001
0.985149768
1.004431058
1.016909306
1.017528464
0.9840888680000001
1.0033587179999999
1.004285442
0.9996432660000001
1.003942708
0.987893848
1.0028409679999999
0.994366516
0.9942261059999999
1.01475896
1.0018935340000001
0.9949539119999999
1.00314312
0.998024222
1.019342086
0.99978754
1.003302466
1.003007246
1.005578674
1.000192656
1.000737988
1.005578674
1.003494688
0.993012398
1.002955716
0.989758354
1.001704262
0.997092808
1.007163294
0.9857579940000001
1.010970656
0.983647124
1.001475362
1.0070145240000001
1.00330481
1.006764312
1.000132102
1.003400912
1.001216224
1.0077990140000002
1.006846914
0.9854752680000001
1.003867618
1.00164586
1.004330062
1.003959134
1.003339966
1.00503276
1.003733894
1.003433732
0.991602436
1.003628348
1.005216234
0.998785472
1.004090572
0.983586304
1.001909894
0.9963341339999999
1.0054492
1.020179832
0.994589876
1.001181216
0.990264964
0.984745454
0.9918108120000001
1.003222786
0.998328118
1.007503506
1.0061016120000001
1.003534548
1.0006820300000001
0.9847319059999999
1.005432724
1.0017977200000001
0.98657542
0.998330438
1.002850334
0.984452026
1.018119416
1.0043676400000001
1.003745622
0.98407534
1.004029542
1.0043371079999999
1.008679476
1.0083219
1.007742264
1.0005794540000001
0.994092636
1.004421662
1.00110654
0.999322292
0.998045094
0.9829897519999999
1.008980416
1.003640074
0.98696763
1.004898724
1.020987404
1.009357436
0.98244561
1.00511508
1.01045453
0.9845332640000001
1.019758366
1.006459974
0.988055206
1.006264258
1.00650243
0.9947695559999999
0.991048718
1.0054256639999999
1.005249172
1.006825672
1.002234872
1.005359766
1.003129062
1.009791714
1.00539742
1.01267499
1.001445006
1.004358246
1.002340126
1.008963824
0.987044748
1.004567318
1.005267994
1.0049057780000001
0.986514236
1.004743572
0.984578404
0.9828817759999999
1.001900546
0.990481914
1.007427884
1.004006072
0.9853961339999999
1.010994454
0.9889219859999999
1.000796284
0.999757286
1.003344654
1.0038981219999998
0.999596736
1.005823586
1.0041750839999999
1.00357441
0.9697112059999999
1.00088491
0.984944182
1.004670712
0.996489014
1.0023564999999999
1.0033751260000001
1.004536774
1.00384181
1.010278646
0.99795929
1.020793276
1.007531868
1.002946348
1.00678555
1.0002555499999999
1.000465248
1.0063161280000001
1.003023642
1.016033652
0.9986948959999999
1.006004992
1.006188822
1.016346212
1.005117432
1.0061581800000001
0.998650776
1.002789456
1.0057859
1.005512756
1.003895776
1.002606866
1.004901076
1.015668442
1.005486862
1.003527512
1.002803504
1.004830546
1.001755662
0.984768032
1.0082698239999999
1.002536658
1.002260598
1.004795284
1.0062619
1.004311274
1.00486816
0.99695394
1.00541625
1.00356972
1.00304941
1.010956378
1.00420091
1.007924364
1.002363518
1.004957508
1.004114046
0.991570386
0.99609613
1.003243876
1.00351579
1.0070145240000001
1.00739244
0.986081632
1.001666884
0.982328764
0.98886051
1.015310694
1.003762044
1.0032016959999999
1.005901324
1.001323598
0.9953851079999999
0.984009956
1.000493214
1.0035462720000001
0.98816887
0.995440476
1.002602186
0.982823298
0.98684744
1.00867237
0.983511976
1.015742904
1.011039672
1.004715366
0.991668832
1.00376439
0.997917554
0.9889174319999999
1.000553814
0.99948508
0.9855272780000001
1.003328248
0.9934740860000001
1.0062878339999999
1.0077990140000002
1.004416966
1.0035040659999999
1.003344654
0.99511989
1.005823586
0.997194668
0.998680962
1.00150105
1.00311969
1.002443062
1.014588762
1.004412268
1.0005374980000001
1.005011594
1.007257774
1.004818792
0.9859367600000001
1.016269256
1.005183298
1.004799986
1.014028236
1.008556308
0.98455132
1.012443436
1.005456262
1.002031444
1.017574268
1.003346998
0.988512294
1.0006796980000001
1.006608582
1.007125508
0.99542202
1.003044724
0.98472965
0.9960776499999999
0.9699871480000001
1.00369871
1.004132826
1.002082878
1.004642512
1.007472784
1.00653781
0.933997168
1.00603327
0.99898526
1.001769682
1.006372718
0.9881734179999999
1.001230228
1.00131426
1.00186549
1.001498714
1.003234504
1.005366826
0.983462432
1.002148346
1.001449676
1.000854588
0.985271806
0.998251546
1.00031612
0.982593952
1.007784826
1.00517624
0.985785144
1.0042455240000001
1.00355096
0.996405788
1.0029369799999999
1.008933012
0.9852040040000001
1.01581017
0.992785158
1.005291524
1.000870914
1.00513625
1.0077990140000002
1.004393476
1.013518552
1.001311926
1.007822664
0.9963826739999999
1.004623712
0.987512254
0.989664846
1.000854588
1.002967428
1.002976796
1.002101582
1.007179828
0.998799408
1.004729468
1.004123436
0.998585764
1.00549157
1.006672284
1.002443062
1.005757636
0.9850910199999999
1.00700744
1.001101872
1.001547758
0.999652574
1.000460588
0.980483168
1.007581504
1.006745432
1.00724124
1.006478842
1.0033235600000001
1.004252568
1.006962582
0.999920214
1.007193998
0.996678632
1.003733894
1.003056436
1.0045837659999999
1.00386058
1.003054094
1.00367291
1.0002555499999999
1.014989176
1.002590484
1.002001054
1.006195894
1.00960894
1.004092918
1.006125182
1.002206808
1.005150364
1.00403189
1.00743261
1.0081704200000001
1.005277406
1.003457174
1.004299532
1.005310348
1.006721834
0.999875986
1.0046143140000001
1.005289172
1.00169258
1.004924588
1.011461106
1.002791798
1.005437432
1.000057582
1.004590816
1.00851368
0.994230708
1.008333736
1.0086321
1.002312056
1.003938014
1.002066512
1.00619825
0.994394144
0.9866751420000001
1.006820952
1.005456262
1.000733324
1.000427962
1.0074089800000001
1.001659876
1.006745432
1.0063868660000002
1.008340838
1.000227596
1.0065213
1.007489326
0.9976834280000001
1.0064529
1.00539742
1.00484465
1.006603862
0.9983443620000001
1.00275902
1.00917719
1.004459248
1.000896572
1.002029106
1.00572231
1.006231254
0.996424282
1.005964936
1.0004559259999999
1.003098604
1.004238478
1.00610397
1.002099244
1.0041750839999999
0.9340398219999999
0.998318836
1.002922928
1.0046143140000001
1.002632612
0.93401748
1.004445152
1.01788054
1.00776118
1.008331368
1.0089970080000001
0.9998992640000001
1.004635462
1.004252568
1.006960222
1.013427676
1.0045579199999999
0.9851746259999999
1.0090776080000001
0.9817561779999999
1.004590816
1.0043511999999999
0.995299762
0.9851746259999999
1.015927906
0.999024762
0.998611302
0.984291842
1.011080132
0.986493842
1.0036799459999999
1.0032110699999999
0.9895326
1.00761696
1.004041278
1.008542098
1.003694018
1.002494538
1.00481644
1.00738535
1.0055928
1.004666012
0.998349004
1.0059225280000001
0.999836416
1.00541625
1.002609208
0.990774378
1.009091832
1.004489786
1.006144036
1.006846914
1.0054468460000001
1.002099244
1.006950778
1.005475092
0.9833070719999999
1.00655904
1.017632132
0.9912683019999999
1.0126200760000001
1.02033979
1.002983822
0.984005448
1.002400948
0.9838724539999999
0.998103078
1.003276686
1.007120784
1.002061836
1.00277775
0.992124686
1.004682464
1.00801662
1.008461584
0.98574442
1.01846707
1.000705344
1.003436076
0.985914128
1.0090254539999999
1.010074314
1.00499278
1.003525168
1.007475146
1.0022044700000001
1.006743072
0.997338236
0.986885988
1.00721998
1.00574115
1.004487438
1.005833008
1.007451514
1.002340126
1.00904916
1.001269908
1.012825438
1.001928592
0.983838648
1.000721666
1.006620378
1.003928628
1.004393476
1.005482154
0.995800518
1.006464692
1.0081988179999999
1.003478276
0.998920204
1.007104254
1.003508756
1.002634954
1.000024982
0.985850764
0.993563716
1.0046072639999999
1.005771768
1.0046871640000001
1.00356503
1.005378594
1.00083593
1.037243808
1.005037464
1.0062784040000001
0.9861993720000001
1.0056799220000001
1.020477976
0.983811606
0.999261842
0.99778541
1.002164714
1.010067188
0.9825849600000001
0.9878620379999999
1.000339418
1.002908878
1.004130478
1.0093218560000001
1.003014272
0.995832842
1.004990428
1.007186912
1.006648688
0.993982206
0.984095632
1.0088334780000001
1.00171828
1.017410356
0.996297156
1.00497632
1.004090572
1.00323216
1.0028877999999999
1.0127896140000001
1.010126578
1.002707516
0.98178311
1.006851636
1.00877661
1.006184108
0.985891498
1.0066463300000001
1.003635384
1.005145658
0.987092386
0.985161066
1.00239159
1.002496878
1.01036658
0.98644173
1.0100220580000001
1.004374686
0.992870074
1.005406834
1.0040365839999998
0.98185942
1.004135174
1.0058494980000001
1.004901076
1.0036025499999999
1.005604572
1.00133994
1.003626002
1.012352754
1.0054727380000001
1.0031478059999999
1.00161082
1.001603814
1.007217618
1.001814078
0.982960506
0.9829897519999999
1.00478588
1.0050727419999999
1.004952804
0.984917078
0.984540036
0.997176146
1.007458604
1.0053832999999999
1.004691864
1.007846312
0.9860771039999999
1.0106281
0.9433786820000001
0.998606658
1.002234872
0.997996392
0.982926764
1.005759992
1.004017808
1.000901236
0.999782886
0.9981007580000001
1.006636892
1.005986142
1.0070027179999999
1.013889398
1.005305642
1.003966174
1.001218558
1.006309054
1.003314184
0.9825849600000001
1.00407414
1.002473478
1.003949748
1.00427605
0.9993664720000001
1.002248904
1.00105054
0.983073002
0.9992130220000001
1.002363518
1.0013842979999998
1.000616752
1.006108684
1.00507039
1.0053856540000001
1.015848612
1.001482368
1.014476128
1.003473586
1.005477446
1.006934254
1.002061836
1.00593902
0.982753584
1.00451328
1.0082745579999999
1.0029369799999999
0.998564868
1.006533094
1.014013872
1.00473887
1.00386058
1.013561604
0.983199026
1.00031379
1.004353548
0.998416306
1.007191636
0.98177862
1.0015571
1.003790194
1.002494538
0.987432792
1.000863918
1.007694976
1.0017837
1.002595164
0.983079752
1.01557718
1.003541582
0.994619818
1.012806332
1.00505863
0.993448808
1.0053291739999999
1.003368094
1.01341811
1.0070027179999999
1.0045579199999999
1.0066133
0.9820771939999999
0.992537378
1.00271688
1.0103166700000001
1.004604914
1.00093156
1.007031052
0.99720393
1.001508056
1.004534424
1.004496834
1.001879512
1.002043132
1.005152716
0.995583538
1.0044522
1.005807098
0.9821041420000001
1.018104934
0.996271734
0.985423264
1.00351579
1.01266544
1.0029510320000001
1.004832896
1.001197552
1.005590446
1.006146394
1.004823492
0.9946152100000001
1.005223292
1.0036635280000001
1.003907508
1.0041633460000001
0.998713474
0.997215506
1.009568596
1.003799578
1.0109825540000001
1.002436042
1.004193868
1.003738586
0.985258244
1.007061748
1.005486862
1.002997876
0.989133792
1.004503882
1.007555504
1.003830078
1.003436076
1.017624898
1.0052727
1.00745624
1.003473586
1.002197454
1.006577912
1.0200053900000001
0.985260504
1.00620768
0.99564816
0.9863896240000001
1.004689514
1.004146912
1.006658126
1.000148404
0.9830235
0.999983072
1.004308926
1.004151608
1.0026607
1.005590446
1.009018342
1.006184108
1.004393476
1.0024571
1.0021273019999999
1.00118355
1.006707676
0.986009192
1.001694918
0.9825040420000001
1.008205918
1.005884834
0.985068426
0.99609613
1.016526624
1.002602186
1.010644746
1.000497876
0.9832778080000001
1.009139252
1.004644862
0.992145314
1.005604572
1.0057175999999999
0.9862514579999999
1.0062949079999999
1.012503104
0.98464612
1.00719636
0.9339057780000001
1.007817934
1.003862926
1.00563989
1.00084526
0.98361784
0.985222082
1.008236686
1.005665792
1.004642512
1.00532682
0.999908574
1.015022758
1.0045579199999999
1.004760024
1.005068038
1.00394036
1.006056836
0.995805136
1.003513444
1.002503898
0.9956758579999999
0.987716642
1.000204304
1.003635384
1.0049363439999999
0.998627556
1.003107976
0.999368798
1.00232843
1.003893428
1.0273665
1.00931474
1.005882478
1.008591834
1.004799986
1.006113396
1.0050727419999999
1.0108374119999999
1.004412268
1.006037982
1.002995534
0.990927532
0.998855156
0.9993013660000001
0.997903642
0.9999434939999999
0.995722024
0.998079884
0.9916070140000001
1.003771428
1.004586116
0.9866547440000001
1.00024856
1.018247344
1.001475362
1.003288404
0.998534688
0.9847386800000001
1.012331278
1.001321264
1.005590446
0.9990456759999999
0.9860046640000001
1.000751978
1.0078439479999999
1.0046378120000001
1.015137912
1.006132252
0.991739818
1.006887042
1.001991704
1.003586136
1.001337606
0.9926039
1.018529866
1.0054986320000001
1.002768384
0.993193806
0.983439912
1.00288546
1.0095045280000001
1.021239882
1.003033012
0.985859816
1.004757674
0.984449768
1.0058565640000001
1.006410448
1.002723904
1.004581416
1.002162376
1.003419666
1.005103318
0.984765774
1.0020548219999998
0.99710901
1.006950778
1.00536212
0.998962024
0.986725012
1.001400642
0.99588826
1.00713023
0.984433974
1.003185294
1.002066512
1.005282112
1.0036635280000001
1.0028316019999999
1.005762346
1.001085538
0.98654596
1.002131978
1.003797232
1.007151486
1.001148544
1.00310329
1.001337606
1.002082878
1.019189696
0.998242266
1.004569668
1.003175922
0.995890568
0.996311022
1.0131790459999999
0.9929986239999999
0.9833521
1.01184475
0.994753428
1.003161864
0.997410034
1.003241534
0.9246849260000001
1.002503898
1.000870914
1.019692996
1.0174874839999999
0.995403564
1.00563989
1.006544888
1.014365916
1.0016995899999999
1.005830652
1.000805612
0.9860884240000001
1.002824576
1.005319762
1.0018491299999999
1.0020805400000001
1.004532076
1.0079101719999999
0.9961816139999999
1.00343842
1.013296174
1.008989898
1.00292527
1.0038981219999998
0.935170584
1.005406834
1.00473652
1.00646705
0.9843911040000001
0.990260396
0.994933168
1.001041206
1.002066512
1.0054962779999999
1.003747968
1.002227856
1.015668442
0.9891953019999999
0.984813192
1.005524526
1.00114621
0.995703558
0.9996502460000001
0.994926254
1.0038230399999999
1.003346998
1.0013889679999999
0.986122384
1.004943398
1.005348
1.004713016
1.004581416
1.0025998459999999
1.002515598
1.00440757
1.003182952
1.007245964
1.010575784
1.000936226
1.00145201
1.001080872
1.02002477
1.008762394
1.0027215619999998
1.004915184
1.006811512
1.005312702
1.007387714
1.017075464
1.0027145400000002
1.002974454
0.992778274
1.002906536
0.994905512
0.9999248700000001
1.004130478
0.986811162
1.0041750839999999
1.005795322
1.0018491299999999
0.9981541079999999
1.004616662
1.001554764
0.994804118
1.0000179980000001
1.01932999
1.0044522
1.0142198
0.996942368
1.003785502
1.0095994480000001
0.999373448
1.005541006
1.002810528
0.986201636
1.00988194
0.998216746
0.988883278
1.00991281
1.005663438
1.003909854
1.002920586
1.002503898
1.016839486
1.01035945
1.00273795
1.006511864
1.00900649
0.999526948
1.014713408
1.002546018
1.0050045380000001
1.001694918
1.004950454
1.013358334
1.00379254
1.005267994
1.001529074
1.0051127279999998
1.0029369799999999
0.999578126
1.010240624
0.985923182
1.005178592
1.0005025379999999
0.998848186
1.007314472
1.004717716
1.004790582
0.9997153980000001
1.00513625
1.017545338
1.0022863260000001
1.004590816
1.005908392
0.996216274
0.989694494
0.995650468
1.003051752
1.007782462
0.993756822
0.993467192
0.999394378
0.9803533619999999
1.0060262
1.002232532
1.002503898
0.982211948
1.004682464
1.018073562
0.9877893360000001
0.993214478
0.997120586
0.998256186
1.0079101719999999
0.994921644
0.98397614
1.003614276
1.013310518
1.003513444
1.017989106
0.9951406399999999
1.008336102
1.0052138800000001
0.98961924
1.0032204420000002
1.0053762400000001
1.000379028
1.015565174
1.000705344
1.001519732
1.002073526
1.004409918
0.9952951480000001
0.938632688
1.003661182
1.007198722
0.998824958
1.003572066
1.001108872
0.9997712480000001
1.004894022
0.984233196
1.0059248840000001
1.015248294
0.9885327700000001
1.006714756
1.004348852
0.995708174
1.0064953540000001
1.005131544
0.966546936
1.004081182
1.005564548
1.010376088
1.006986192
0.99703957
0.985676552
0.999173506
1.00338919
0.999855036
1.004832896
1.002639634
0.989131514
0.934216578
1.001631844
1.001316594
1.016317352
0.984736422
0.999050324
1.009547238
0.9909092439999999
1.005159772
1.00430423
1.002761362
1.0057199540000001
1.00688232
1.004097614
1.004198564
1.0040483199999999
1.012937706
1.007080638
1.000985214
1.0182135479999999
1.00801662
0.999866674
1.006738352
1.0160192319999999
0.9991595579999999
0.998453442
1.002134316
1.006707676
1.0039966839999999
1.002641974
1.021487624
0.9997945220000001
1.0208490799999999
1.0114896899999999
1.006179394
1.00188886
0.9995316000000001
1.002763702
1.01035945
1.001821088
0.999022438
0.981235818
0.999080536
0.984727392
0.983854424
1.004156302
0.982886274
1.004572018
1.0013702899999999
0.990502472
1.000055252
1.00314312
1.0052021180000001
0.988425848
1.0066463300000001
1.002962744
1.001048206
0.99607534
1.01331769
1.0036517999999999
0.997987116
1.001627172
1.0063467799999999
1.00654017
0.9816798840000001
1.0034056
1.003968522
1.006221824
1.001515062
1.00199404
1.006311412
1.003433732
1.004027196
0.986240134
0.999966776
1.00583772
1.001627172
1.006490636
1.006351496
1.00141465
1.003330592
1.0063609279999999
1.00098288
0.9984604060000001
1.008049742
0.9833498479999999
1.000901236
1.000187998
0.993044542
1.007193998
1.0021389920000001
0.994428678
0.982416396
1.003611932
1.00111354
0.9875940000000001
1.004254916
1.005406834
1.01718145
1.020657432
1.008757656
1.00544214
0.99575896
1.00220213
1.018254586
1.004374686
0.997007168
1.013681212
1.017294686
1.002787114
1.007907806
1.007699704
1.004487438
0.998920204
1.000945556
1.002412646
1.004689514
1.006544888
1.00570818
0.993042246
0.9907446660000001
0.993430424
0.9973011820000001
0.99984107
1.006210038
1.004205606
1.000143746
0.999734014
1.004550872
1.005042166
1.001372624
0.9840573020000001
0.990589284
1.005597508
1.004797634
1.00411874
1.009468936
1.003466552
0.984262518
1.002576442
0.9989457599999999
1.00151039
1.00345483
1.006917728
0.999331594
1.001122874
1.00086625
1.006070976
0.9836674000000001
1.00407414
1.003501722
1.003086892
1.004353548
1.007430246
1.0051009659999999
1.008011888
1.005345646
1.002883118
1.000192656
1.007373536
1.005743506
0.9995618399999999
1.007423158
0.946918642
1.004710666
0.985450396
1.00255538
0.993667156
1.006471768
1.004409918
0.993053726
1.0046072639999999
1.0045837659999999
1.004590816
0.9820569840000001
0.9827873140000001
1.003250908
1.004165694
0.939408724
1.004254916
1.00345952
1.005331526
1.00397791
1.005670502
1.002876092
1.0002019739999999
0.997664888
1.004717716
1.0026724040000001
1.012059338
1.007382988
1.002473478
1.00541625
1.008397656
1.004153954
1.001818752
0.9958397680000001
1.0052585840000001
0.9936487660000001
1.002321412
0.99800335
1.00296977
0.993708538
1.0053032899999998
1.014504884
1.004727118
1.005103318
1.0071137
1.005550422
0.999571146
0.9836268499999999
1.0042149980000001
1.000271856
1.00527976
1.0046378120000001
0.995542
1.002979138
1.0081656860000001
1.001494044
1.000546822
1.005581028
1.0018304359999999
0.999845726
1.001860816
0.9905230319999999
1.004435756
1.004628412
0.99970609
1.003773774
1.00069835
1.002700494
0.939137582
1.018454994
1.00510567
1.0054256639999999
1.003494688
0.9884281220000001
1.005018648
0.999582778
1.002412646
1.006839834
1.020528896
0.9995339259999999
1.0009758819999999
1.003297778
0.980852628
1.006179394
1.002852676
0.9828390419999999
1.003086892
0.995412792
1.013607052
1.003701056
0.995232878
0.99143763
1.001330602
1.001846794
1.003349342
1.003618966
0.98255349
1.001122874
1.0067053160000001
1.003075178
0.999085184
1.002754338
1.000386018
1.00330481
1.0055998640000001
1.006745432
1.0066274560000001
0.98484255
1.0018982079999998
1.01611538
1.02094372
1.00194729
0.9839197860000001
1.0048281940000001
0.9975119600000001
1.005430372
1.0022044700000001
1.014064148
0.998214426
1.005894256
1.018810128
0.997623176
1.005710534
1.000388348
1.00420091
1.0195114600000001
1.005913104
1.0061016120000001
0.976120058
1.000283504
1.011582602
0.983595314
0.999510666
1.003576756
1.01569246
1.003726858
1.002113272
1.006679362
1.001426326
1.005550422
0.997634762
1.003100948
1.005990854
1.000190328
1.001781364
1.002365858
1.006151108
0.999024762
0.997349814
0.983372362
0.9812201260000001
1.00313609
1.007581504
1.0024898580000001
1.003825386
1.0024454
1.00201508
1.011646936
0.982542252
1.004313624
1.004069446
1.019659106
0.998207466
1.008987526
1.001734634
1.00256006
1.017027296
1.002592824
1.007955114
1.001466022
1.012992654
0.9387188519999999
0.999459496
1.000355728
1.00398495
0.992663548
1.000071554
1.015908682
1.004107004
1.00473652
0.983093252
1.0019309299999999
1.001807068
1.002438382
1.002574102
1.006012062
1.0035462720000001
1.01055914
1.004252568
1.004818792
0.9999434939999999
1.0029299539999998
1.0154451199999999
0.9999015920000001
1.005065686
0.998161068
0.9822209340000001
1.00122556
1.002592824
1.001302588
0.9891816320000001
0.998588084
1.001954304
1.002613888
0.981765156
1.00145201
1.00718219
0.9996735139999999
1.00552688
1.01409767
0.983624598
0.983473692
0.994698136
1.0182739
1.007635872
0.988187058
1.004078834
0.998890002
1.002782432
1.003710438
1.0057199540000001
0.9834827
1.004877564
1.006960222
1.00401546
0.9949423860000001
0.993432722
0.9999947140000001
1.001636516
1.001526738
1.002501558
1.021422034
1.0037080919999999
1.003122032
1.003846502
1.004485088
1.0006727039999999
1.00658263
1.019983588
1.00314312
1.002167054
1.00456027
1.002595164
1.000817274
1.00323216
0.982737842
1.00269113
1.0043347599999999
1.003009588
1.014615128
1.018703804
1.004931642
0.98802793
1.0108041060000001
1.00481644
1.005411542
0.9927415580000001
1.0010598720000001
1.015598794
1.003750314
1.004924588
1.003745622
1.004135174
1.004090572
1.00811836
1.009366924
1.019942412
0.998077564
1.005531588
1.0002788440000001
1.004564968
1.00357441
0.987843862
1.005628118
1.004325366
0.99840006
1.001069206
1.002641974
0.9941248500000001
1.009160592
0.9925304979999999
1.003921588
0.995980636
0.984858358
1.004727118
1.002295682
0.997190038
0.98238269
1.004898724
1.010644746
1.006401016
0.999589756
1.004640162
0.9880711179999999
1.005044518
0.997936102
1.005079798
1.004757674
1.000959552
1.004045972
0.981661934
1.005437432
1.007172742
1.003825386
1.002141332
1.004985726
0.997447096
0.99840238
1.001933266
1.016057688
0.999110748
1.004922236
1.017697238
1.003213414
1.0037080919999999
1.002351822
1.013387026
1.00347593
1.003874658
0.998564868
1.002663042
1.020655006
0.999048
1.00196599
1.006934254
1.0036025499999999
1.00604034
1.0036048960000001
0.998200506
1.004988078
1.010278646
0.9953920279999999
1.004125784
1.003846502
1.020972842
0.986543694
1.01272991
0.996641628
0.999792194
1.013389418
1.006398658
1.006853996
1.00507039
1.004374686
1.002295682
0.994905512
1.013289002
1.002131978
1.007416068
1.015109122
1.006997996
1.002288666
1.000423302
1.000800948
1.004104656
1.001958978
1.004729468
1.003844156
1.00194729
1.004847002
0.996239382
1.004402872
1.000045938
1.005656374
1.001041206
0.999043352
1.004602564
1.002379894
1.005155068
1.00369871
1.003004904
1.013162316
1.00833847
1.005242114
1.004247872
1.0043183199999999
1.006632174
0.999992386
1.011444432
1.000155392
0.985086502
1.001073872
1.003973216
1.003536892
1.00279648
1.003089234
0.982917766
1.005934308
1.004663662
1.001391302
1.000269526
1.00133994
1.007347548
1.0073522719999999
1.001900546
1.006839834
1.002815212
0.994829464
1.025343068
1.003325904
1.00739244
1.003075178
1.004287792
1.000460588
0.9983814919999999
1.016620462
1.0039192399999999
1.00591546
0.9957866639999999
1.003351686
1.006544888
0.994845594
1.005682276
0.999468798
1.008814522
1.020785998
0.985362222
1.002595164
1.009466564
1.0120736460000002
1.006964944
1.000842928
1.003241534
1.004139868
1.004090572
0.9386388419999999
0.983944582
0.9916093039999999
1.006669924
1.006943696
1.004097614
1.00002964
0.997465628
1.000623746
1.021128194
1.0038230399999999
0.9856154800000001
1.00411874
0.992918276
1.002510918
1.001765008
1.007782462
1.007307384
0.982762578
1.0039474
1.006398658
1.005155068
0.999976088
1.005910748
0.996574564
1.0063963
0.999757286
1.005152716
1.006078046
1.00392628
1.001916906
0.998179626
0.981890844
1.01446894
0.9939776060000001
1.010654258
1.00217173
1.005267994
1.00417978
1.0081065280000001
0.999250218
0.99155894
1.003590826
1.001393638
1.000971216
1.014124008
1.008902202
1.0010062100000001
1.00533388
1.00347593
0.9897081759999999
1.0034853080000001
1.0023143939999999
1.000521182
0.996928484
1.005484508
1.005833008
1.000339418
1.00813019
1.014169508
0.994652066
0.998302592
1.006257186
1.0020805400000001
0.988942478
1.005800032
0.986255986
1.00695314
1.001940278
1.006950778
1.015649228
0.9984116639999999
1.00473652
0.997317392
0.995782048
1.0032110699999999
1.012749014
1.0005025379999999
1.00104354
1.003961482
0.984786096
1.002312056
1.009139252
1.0046143140000001
0.997739052
1.005654018
1.00021362
0.995818988
1.01061621
0.994723478
1.005079798
1.01903977
1.000619082
1.006648688
1.005913104
1.0057199540000001
0.9962925340000001
0.993053726
1.00414926
1.0042149980000001
1.0028877999999999
1.0009385579999999
1.006820952
1.01757668
1.0020898919999999
0.982551244
0.985244684
1.003541582
0.987609896
1.0044475019999999
0.99706503
0.9858462379999999
1.004384082
1.00546097
1.006901204
1.0153538979999999
1.007832122
1.00520447
0.998444158
0.994382632
1.003975562
0.999043352
0.99887374
1.003314184
0.997166886
0.9965722520000001
0.998962024
1.005677566
1.006012062
1.009096574
1.005677566
1.004755324
1.001300254
1.00695314
1.002773068
1.005814164
1.003255594
1.002876092
1.007163294
1.005060982
0.9960707200000001
1.001372624
1.004186824
1.003508756
0.997583784
1.003126718
1.00378081
1.000097168
1.0068776
1.006738352
1.00593902
1.0018491299999999
1.00407414
0.982996502
1.009253076
1.0101313280000002
1.005336234
1.007453878
1.006162894
1.001538416
0.984980322
1.002232532
1.00643639
0.9984348740000001
1.006311412
0.9819447219999999
1.00715857
1.003471242
1.001041206
1.00473652
1.00313609
1.000644726
1.005873054
0.985554414
0.9842580080000001
0.993662558
0.9911402
1.0034431080000001
1.001407646
1.0009385579999999
1.000372038
1.006535452
1.010642368
1.00397791
1.003665872
1.006695878
1.003757352
1.00593902
1.001454346
1.00490813
0.943351746
1.004675412
1.004006072
0.9989992019999999
1.005969648
1.00539742
1.004691864
0.990952682
1.004757674
0.9954266340000001
0.999803832
0.99261537
1.004771778
0.995622772
1.004421662
1.004529726
1.002801162
0.9859707120000001
1.0139468440000001
0.983412892
1.006853996
1.00427605
1.003635384
0.98305725
1.001779028
1.0036635280000001
1.004135174
0.9849735460000001
1.004941048
1.000782292
1.021230168
1.008158588
1.000919896
1.001800058
1.003799578
1.004438106
0.99777382
0.990806376
1.0052068219999999
0.99698171
1.004694214
1.00101321
1.006809152
1.012002106
1.006556682
1.0059225280000001
1.002377554
1.00262091
1.007898344
0.9846416060000001
1.005755282
1.005865988
0.992860894
1.005590446
1.0008919059999999
1.004416966
0.9846190319999999
0.989924884
1.015260292
0.995851314
1.00604034
1.002815212
0.984817708
1.003042382
1.006721834
1.003961482
1.00946182
1.006405732
1.0033235600000001
1.00235884
1.005486862
1.012832604
1.012787224
1.002071188
1.0049057780000001
1.003747968
1.004055362
1.001554764
1.00401546
1.002419664
0.99673877
1.005270348
1.001473026
1.004623712
0.9928861419999999
1.009689638
1.002581122
1.004543822
1.003227472
1.004872862
0.998901618
1.000304472
0.996574564
1.004546172
1.004809388
1.006224182
1.005724664
1.01720313
0.9929940319999999
1.0065071460000001
0.998432552
0.9973915040000001
1.001942616
1.00427605
0.981953702
1.0037596979999999
1.005569256
1.01692616
1.008376348
1.00423613
1.003980256
1.004022502
1.017338058
0.985402916
1.011575454
1.0032157560000001
0.99609382
1.0054703839999999
1.000689024
1.0089116820000001
1.011044432
1.000768302
1.003696364
1.0030611219999999
1.00473652
1.003959134
1.0021577
1.00640809
1.00445455
1.004858756
1.003874658
1.00371982
0.998256186
1.01243389
1.007085362
1.00384181
1.002241888
0.999099128
1.003185294
1.01572609
1.0036799459999999
1.00520447
1.000656384
1.003665872
1.00239627
1.004501534
1.014327586
0.9914147440000001
0.997950016
1.0040506679999999
0.997609272
0.9999434939999999
0.98545944
0.998669352
1.0086273639999999
1.004619012
1.008352674
0.993361496
1.005621054
1.0044921359999999
1.004602564
1.0171862680000001
1.006177036
0.999738668
1.0027145400000002
0.9983907759999999
1.005178592
0.9845671180000001
1.003794886
1.003600206
0.98509554
1.004487438
0.984569376
1.004489786
1.011330114
1.006327916
1.010228742
0.992099478
1.0039966839999999
0.9387003859999999
1.004431058
0.99069896
1.00084526
1.0023564999999999
0.99636187
0.9901919060000001
0.9941501620000001
1.00031845
1.006754872
0.9853961339999999
1.004701264
1.005035112
1.0163101380000001
0.985036798
0.987083312
1.005456262
0.999820124
1.0056728560000001
1.0062949079999999
1.001274576
0.9824995480000001
0.996741084
0.9939224
1.006318486
1.003799578
0.982722102
0.995738184
1.002627932
0.986752216
0.996373428
1.005458616
1.012498332
1.01310735
1.002078202
1.0043347599999999
1.00289951
1.000880244
1.008698428
1.005705824
1.00032311
0.999217672
1.001627172
0.998987584
1.004894022
1.000229926
1.00640809
1.005738796
1.0055551299999999
1.004548522
1.007728076
1.003999032
1.001659876
0.9947972039999999
1.003872312
0.999006172
1.0052962300000001
0.98294251
1.00419152
0.98358405
0.994334288
1.0008685819999998
1.007335734
1.003956788
1.001874838
1.00102954
1.006004992
1.003450142
1.009509272
1.001353948
1.007645328
1.0184091100000001
1.001958978
1.0014123160000001
1.005289172
1.00417039
0.99524441
1.002531978
1.009340832
0.998070606
1.00403189
1.0199351460000001
0.99414786
1.004299532
0.995311294
1.00358379
1.004264308
1.000453596
0.9998736579999999
0.999168856
0.994728086
1.017128454
1.01541151
1.004922236
0.9998690020000001
1.0039028140000001
1.00357441
1.0046143140000001
0.985717272
0.985217562
0.997398452
0.9939247
1.003999032
1.002365858
1.01436352
0.9851045759999999
1.00611104
1.004001378
1.001949628
1.0053762400000001
1.0047647259999999
1.0062784040000001
0.98579872
0.9970164260000001
0.99142161
1.005505694
1.000397668
0.9941915840000001
0.998759922
1.001886522
0.987176332
1.003912202
1.009385902
1.00309392
1.000299812
0.9893411320000001
1.004762376
1.004863458
1.003255594
0.989249982
0.9993548459999999
1.00281287
1.0124601420000001
1.00448274
1.007773004
1.004043626
1.00199404
1.00412813
1.013822386
1.005752926
0.985864342
1.004642512
1.0061275379999999
1.00557161
1.002730926
0.995352814
1.002436042
1.002410306
1.002585804
1.004301882
0.987898394
0.992062812
1.0144833180000001
1.003733894
1.000420972
1.00593902
0.997718192
0.9846483779999999
0.985658456
1.00212964
0.999396704
0.998437194
1.0053856540000001
1.002368196
1.002726244
1.003234504
1.00668408
0.9907355240000001
1.000218278
1.0067879100000001
0.993423532
1.006667564
1.003675254
1.0152362940000002
1.001617828
1.00325325
1.004795284
0.9873170280000001
1.016259638
0.9845174680000001
0.98972186
1.00314312
1.00338919
1.0008149419999999
0.972675932
1.006853996
0.983665148
1.007822664
1.0053927139999999
0.98541422
1.003783156
1.00114621
0.982088422
1.000264868
0.999671188
1.0043183199999999
1.01550034
0.985642622
1.003874658
0.972768458
0.999054972
1.005199766
1.00568934
1.004797634
1.012145198
1.01072561
0.9939017
1.005178592
1.014236564
1.003349342
1.001575784
0.991215684
1.004024848
1.002529638
1.004388778
1.004487438
0.994078832
1.002646656
0.9981587479999999
1.003384502
0.996826678
1.004278398
1.000924562
0.9838611859999999
1.0070593860000001
1.01985038
1.00262325
0.996683258
1.002136654
1.00323216
0.9895850380000001
1.004546172
1.000623746
1.005769412
0.99890394
1.006464692
1.005625762
1.004053014
1.0042149980000001
1.0053832999999999
1.003973216
0.996671694
1.001286248
1.005505694
1.00668644
1.0042455240000001
0.998219066
1.004715366
0.9846393480000001
0.996172372
0.993752224
1.0062619
0.966620896
1.005021
0.93263021
1.003154834
1.006511864
1.00600028
0.9952697779999999
1.001332936
1.0013516120000001
1.004628412
1.014152744
1.001349278
1.007926728
1.00303067
0.983703448
1.001912232
1.0004722400000001
1.004022502
0.984361774
0.980610768
0.998743666
0.98306175
1.004029542
1.003051752
1.002744974
1.006868158
1.0032204420000002
1.004107004
0.9929963279999999
1.0057199540000001
1.00323216
0.99749111
0.998855156
1.0101147
1.000700682
0.984386592
1.0071137
1.0195041999999999
1.002433702
1.0022582599999998
1.00824852
1.00369871
0.99328798
1.0000273100000001
1.00212964
0.99404432
1.0052138800000001
0.990986978
1.013819994
1.0045109300000001
0.991877236
1.009210388
1.004416966
1.019714786
1.004894022
1.006662846
1.001220892
0.996780408
1.003009588
1.005590446
1.002864384
1.006681722
1.007430246
1.00824142
1.004280746
1.0009175639999999
1.0047224179999998
1.001818752
0.9793585880000001
1.00255304
1.00481644
1.0002788440000001
0.995622772
0.983266552
1.000595772
1.0141934559999999
1.00284331
0.985235644
1.005267994
1.003616622
1.022362972
0.985665242
1.001342274
0.982048002
1.006492994
0.9986948959999999
0.999713072
0.9992083740000001
0.99762781
1.005044518
1.001627172
0.9955950779999999
1.008314798
1.005305642
1.012340822
0.999410656
0.996896088
1.003973216
1.004461596
1.002527298
1.006047408
1.004750622
1.0052138800000001
1.010787454
1.005420956
1.0050962620000001
0.999178154
1.006580272
1.002438382
0.9975884180000001
0.995874404
1.001438
0.9389445919999999
1.005670502
0.985843976
1.019257418
0.983935566
1.003107976
0.985672028
1.004400522
0.981563222
0.9895212
0.98137034
1.0013819640000001
0.995299762
1.010371334
1.005129192
0.999682822
1.005103318
1.006568476
1.001356282
0.993196104
1.011125358
1.004884618
0.983534498
1.004729468
1.005253878
1.0013702899999999
0.994463216
1.002040794
1.004081182
0.9946428519999999
1.001825762
1.005611636
1.000635402
1.0038113100000001
0.99317084
1.001136874
1.006771392
1.0070995299999999
1.013633366
0.998246906
1.000735656
0.9983374
0.984235452
0.9826816300000001
1.002695812
1.001155544
1.007858138
0.986842904
1.00429014
1.003846502
0.991284316
1.0030353539999999
1.010140832
0.983275556
0.998453442
1.0039192399999999
1.009343204
0.989275048
1.004654262
1.0039051620000001
1.006872878
1.005844786
1.001585128
0.989813096
1.002272292
1.004104656
1.002847992
1.00061442
1.00477883
1.006712396
1.000980548
1.000999212
0.996223206
1.002892484
1.0032649679999999
1.0016809
1.011163446
1.004139868
1.003018958
1.000621414
1.003281374
0.9969909659999999
1.007364086
0.998885356
1.002728586
1.007087724
1.00678083
1.008011888
1.006306696
0.9850819820000001
1.005896612
1.001288582
1.003161864
0.991412456
0.997746006
1.014241354
1.0055551299999999
1.015836598
1.002583462
1.0213734540000001
0.9873215679999999
1.003762044
0.998548616
1.0021577
1.003572066
0.99680817
0.9795328080000001
0.982915516
0.9854843120000001
1.002833942
0.989669408
1.004564968
1.0152218960000001
1.001197552
1.007555504
0.989334296
1.0151811020000001
1.004095266
1.004755324
0.988166596
1.007342822
1.004137522
1.00573173
1.01167553
1.003846502
1.000985214
0.996190856
1.003855886
1.005079798
1.003701056
0.994479334
1.0050727419999999
1.008771872
1.014876452
1.00209223
1.002078202
0.982261368
0.99922697
0.997664888
0.9828390419999999
0.99855326
1.0008242699999998
1.006514222
0.992718612
1.005635182
1.00591546
1.008115994
1.00573173
0.98541422
1.005077446
1.004402872
1.006344422
1.008026084
1.011480162
0.998413984
1.003154834
0.991868074
1.005021
0.98587792
1.004757674
0.9995129920000001
0.994495454
1.00096655
1.000465248
1.002110934
1.003626002
1.003208726
1.00300256
0.9843211679999999
1.00573644
0.998892324
1.004097614
1.008492368
1.0059508
0.995442784
1.00795748
1.007607506
1.005091558
1.00356034
1.001550094
0.999447866
0.990086906
1.0082887600000001
1.007529504
1.001856142
0.9927438540000001
1.00307752
1.007546048
0.9933867679999999
1.008430804
1.004703616
1.0065236579999999
1.00456262
1.00633499
1.008563414
1.000971216
1.005275054
0.9581826059999999
1.00503276
1.003004904
1.001218558
0.996754962
0.987108266
1.004550872
1.005227996
1.0060874720000001
1.006188822
1.005284466
1.005098614
0.984102396
1.004470994
1.001881848
1.006221824
0.999282766
0.984679982
0.995479698
0.994513876
0.995825914
1.004416966
0.990660114
1.003539236
1.005983786
1.01411443
1.003086892
1.00316655
1.003661182
1.009129768
0.9821288459999999
1.00119055
1.020841802
1.002527298
1.0051433060000001
1.004769426
1.007472784
0.9829132660000001
0.991128764
1.006835114
1.0085278899999999
0.99934322
1.016733572
1.004121088
1.005573964
0.9983513239999999
1.0009129
0.99744478
1.0068374740000001
1.000243902
1.005225644
0.98509554
0.9968845199999999
1.006106326
0.99913864
1.003844156
1.00358379
1.001748652
1.000819606
1.003168892
1.006162894
0.998583442
1.0015314100000001
1.002365858
1.0052962300000001
1.002651338
1.007969306
0.999433912
1.01069469
1.001438
1.00504687
1.000034296
1.003175922
1.005197412
1.000826602
1.00563989
1.005581028
0.993756822
1.00129325
0.9918062320000001
1.007300296
1.002862042
1.004572018
0.986369236
1.010057686
1.00110654
1.003576756
1.01017647
1.007593322
1.005508048
1.004229086
1.002880776
0.9840234819999999
1.006511864
0.997403086
0.99200782
1.003468898
1.005854208
1.00535506
1.002548358
0.991996364
1.0033188720000001
0.984452026
0.995308988
1.000192656
1.004487438
1.013164706
0.997956972
0.9835390039999999
1.002283988
1.002709858
1.00356972
1.003522824
1.020279194
1.003586136
0.998964348
0.98365163
1.0039051620000001
1.00131893
1.008191718
1.005152716
1.0021273019999999
0.999340894
1.00220213
1.0021273019999999
1.007595686
1.005748216
1.011084894
1.004189172
1.003248564
0.993713136
0.9845106960000001
1.00628312
1.003091576
1.007969306
1.00330481
1.005500986
1.002787114
0.999464148
1.004057708
1.000271856
1.002913562
1.0004163099999999
1.003952094
0.990401974
1.003105634
1.004959858
1.00347593
0.998119314
0.9863647059999999
1.0044522
1.002883118
1.003175922
1.008760026
1.00301193
1.003762044
0.998052052
1.01185667
0.9938327060000001
1.004527376
1.0062453980000001
1.006967304
1.006443466
1.01424854
1.0108897540000001
1.00869132
1.004421662
1.004856406
1.005456262
0.999389726
0.985696912
1.005042166
0.9994804279999999
1.00411874
1.002522618
1.007305022
0.676864196
1.003541582
0.9836426199999999
0.985620004
1.0067100359999999
1.002438382
1.004901076
1.000129772
1.019889128
1.001767344
0.98481545
1.00535506
1.007179828
0.997125216
0.984048284
1.000642396
1.004684814
0.98111926
0.997674158
1.00356503
1.001405312
1.007898344
1.005976718
0.99604531
0.996412724
1.009013602
1.003241534
1.003173578
1.009525882
0.9865233
1.00009484
1.008132558
1.004952804
0.999575798
1.002627932
1.000577124
0.987587186
1.001814078
0.984582918
0.999610694
1.00310329
0.99450927
1.002333108
1.010561518
0.9865867500000001
1.003855886
1.00359317
0.986502906
1.002473478
1.002351822
1.006478842
1.008897462
1.004461596
1.00570347
1.007555504
0.9958813320000001
1.0006400640000002
1.005668148
1.001468356
1.00227931
1.00582123
1.015435516
0.997797
1.005588092
1.004489786
1.010202606
1.002482838
1.014631906
1.005972004
0.99967584
1.020160446
1.006325558
1.0001274439999999
1.004463946
1.013377462
0.99813787
1.00591546
1.004790582
1.005150364
0.999824778
0.985041316
1.003799578
1.00406475
1.004264308
0.984005448
1.003661182
1.00583772
1.005588092
1.00877424
1.005548068
1.00311969
1.005752926
0.983291314
0.99222095
1.003966174
1.008063938
1.0013842979999998
1.0172537240000001
0.996602314
0.9953482
0.987012992
1.002543678
1.005366826
1.000733324
1.0040365839999998
1.009542494
1.001547758
1.005444494
0.999759612
0.983478196
0.99870883
1.006153464
1.007976404
0.985115874
1.011392034
1.010440268
1.013377462
1.003959134
1.005371532
1.00301193
1.005432724
1.0015804560000001
1.015109122
1.0060733320000002
1.0000063559999999
0.999969104
1.1479204440000002
1.007248326
1.00715621
1.000693686
0.999317642
1.001912232
1.000877912
1.004981022
1.006459974
1.0067171160000001
1.0059578679999999
1.004135174
0.9851023179999999
1.005578674
1.015063538
1.01243389
1.003037696
1.00359786
0.984831258
0.996780408
1.008885612
1.006577912
0.9935958960000001
0.986713678
0.995971398
1.00041398
1.0003953380000001
1.003227472
1.004915184
0.985982028
1.004311274
1.003154834
1.0039028140000001
1.000008684
1.015063538
1.006497712
1.003112662
1.007822664
1.008085232
1.010918306
1.001094872
1.003891082
1.005110374
0.9879370239999999
0.986018246
0.992039898
1.0071491240000001
1.0073522719999999
1.000782292
1.0081656860000001
1.0060167740000001
0.998625234
0.9863941559999999
1.01171366
1.014356332
0.98876945
1.001482368
1.003895776
1.006247756
1.007222342
1.0017439799999999
1.00477883
1.00355096
0.98301675
1.001477698
0.9981541079999999
1.001204554
1.0034056
1.005155068
1.000274186
1.004966914
0.998520758
1.015959148
0.997447096
1.0045109300000001
1.005180944
1.00412813
1.006851636
1.004647212
0.9881575020000001
0.984345982
0.99404432
1.00385354
1.0061369660000001
0.987251214
1.006139322
1.002574102
0.987646232
1.00356503
0.98953944
0.994154764
0.997634762
1.006957862
1.008205918
1.005976718
0.985328314
1.005053926
0.985206264
1.015531556
1.005152716
1.007650056
0.999585104
1.005946088
1.01235514
0.987432792
1.004809388
1.00018334
0.9974146660000001
1.002340126
1.000598102
1.00403189
1.004529726
1.003961482
1.020444032
1.00488932
1.00554336
1.00256006
1.0042737019999999
0.99320529
1.020509498
0.997947696
1.0023564999999999
1.00287375
1.0006004339999999
1.0037080919999999
1.008795566
1.005103318
1.007250688
1.00384181
1.004896374
0.99523749
1.00721998
1.004398174
1.008546836
0.9966115640000001
0.998418626
1.021473048
1.005289172
1.0067761100000001
1.001772018
1.00007854
1.017048972
1.00578119
1.002815212
0.986158612
1.003649456
1.00232375
1.0162452100000001
1.000619082
1.005910748
0.996977082
0.999447866
1.001435666
1.005039814
0.9854526560000001
0.997926828
0.990840662
1.005002186
1.007316834
0.984955476
1.005934308
1.004489786
1.006290192
0.9337210199999999
0.994253724
1.004043626
0.996877578
1.004060056
1.004247872
1.006063906
1.011694594
1.004104656
0.984542292
0.9851655859999999
1.006134608
1.004677762
1.0074184320000001
1.00093156
1.003586136
0.9976625699999999
1.003056436
1.004400522
1.00658499
1.005519818
1.004894022
1.005282112
1.0028222359999999
1.0090657539999999
0.9949377779999999
1.00274029
1.005682276
0.994405654
1.015399506
1.00715621
1.008378716
1.004894022
1.003241534
1.005541006
1.003222786
1.00843317
1.005060982
1.009027824
0.998492902
1.003440764
1.00517624
1.004156302
1.003567376
1.004125784
0.99962698
0.984402386
1.002174068
1.00625247
1.0048822659999999
1.018054256
1.00630198
1.0050633340000001
1.005129192
1.004144564
1.008587098
0.9996735139999999
1.002997876
1.008042644
1.0039239340000001
1.005138602
1.004654262
0.9998271059999999
1.0067100359999999
0.987873398
0.999389726
1.007281398
1.007132592
0.987855222
1.002199792
1.01554116
1.019930302
1.0006727039999999
1.001489374
1.003379814
1.0037034
0.994117948
1.0047341699999999
1.004121088
0.9814578
0.9876644019999999
0.98936848
1.002939322
0.9840843579999999
1.016069708
0.984050538
0.981711298
1.00643639
0.999724706
1.0044921359999999
1.005199766
1.002754338
0.997451728
1.006957862
1.005439786
0.9837214719999999
1.006434032
1.007446788
1.004254916
1.002164714
0.99673183
1.0028316019999999
0.985742158
1.00797877
1.0040483199999999
1.004642512
0.9826231759999999
1.005284466
1.0058706979999998
1.006995636
1.002003392
0.998530044
1.005573964
1.004952804
1.008279292
1.003100948
1.001227894
1.005098614
0.985509186
0.998957378
1.001328268
1.00585892
1.004264308
1.003820694
1.003755006
1.008397656
0.9958305319999999
0.985635836
1.004365292
1.007186912
0.998583442
1.004689514
1.008362144
1.00245476
1.003182952
1.013083452
1.008854806
1.0060450520000002
0.9845580899999999
1.00549157
1.00496221
0.99685444
1.006212394
1.007619324
0.998495224
1.004696564
1.00064939
1.004799986
1.004257264
1.00375266
1.004957508
1.00220213
0.998901618
1.006212394
1.01058054
1.004379384
1.003325904
1.008572886
1.002527298
1.006129896
0.9892932759999999
1.0071373160000001
1.005378594
0.99488477
1.005289172
1.007879424
1.008203552
1.020917024
1.006622736
1.012995044
1.001071538
1.004724768
1.004006072
1.002583462
1.00120222
0.987328376
1.001529074
0.9850797240000001
1.025729968
1.004767076
1.00750587
1.004971616
1.016478508
0.997910598
1.00587541
0.9966555039999999
1.000104156
1.0060450520000002
1.00650007
0.9935453280000001
1.005668148
1.01231219
1.0169020819999999
1.001136874
1.005757636
1.002501558
0.984765774
0.9864893100000001
1.0017837
0.98404152
1.0069035659999999
0.9863397899999999
1.007234152
1.012605752
1.015375502
0.999429262
1.001954304
0.985149768
0.997210876
1.004431058
1.006570836
1.0043817320000001
0.989512082
1.003611932
0.9834511720000001
0.994960826
0.99639192
1.0153923059999999
1.00504687
1.006608582
0.992273674
1.005500986
1.005216234
1.006551964
0.997125216
1.019436444
0.99673183
1.000696018
1.00232609
1.003426698
1.0084355379999999
0.9990456759999999
1.005406834
0.985776094
1.003832424
1.00393332
1.005508048
1.00195664
1.002824576
1.0003953380000001
1.004442804
1.006544888
1.00400842
1.006693518
1.00364711
1.001795384
1.006674642
1.004550872
1.001393638
0.998922526
0.98454455
0.987189946
1.012059338
0.980783192
1.006009706
1.002810528
1.003715128
0.984262518
1.003729202
0.9960614799999999
1.02560995
1.007858138
1.018969658
1.005428018
1.00296977
1.002686448
0.98470933
0.999820124
0.998019584
1.005661082
1.002503898
1.004767076
1.005300936
1.006273688
1.004807038
1.004948102
0.982542252
0.985581554
1.004818792
1.010143208
1.006424598
0.9994501920000001
0.986124648
1.008101796
0.99842791
1.003790194
1.000448936
0.98500743
0.982663644
1.002061836
1.00658263
0.99789205
1.00802845
1.001409982
1.006568476
0.9990572959999999
1.008899832
0.9983513239999999
1.009262562
1.004398174
0.9852492039999999
1.006960222
0.9978387259999999
1.006349138
1.003722166
0.9976301280000001
1.005388006
0.998492902
1.005663438
1.00603327
1.00440757
1.0043371079999999
1.008026084
1.00572231
1.001148544
0.998302592
0.9863012840000001
1.005642246
0.986625278
1.007371174
0.984562604
1.006368002
1.0011952179999999
1.00569876
1.008482896
0.9834038839999999
1.004402872
1.00220213
1.008104162
1.004078834
0.994239914
1.012319348
1.005969648
1.003884044
0.985118134
0.983421898
1.005312702
1.004076488
1.003185294
0.9895599580000001
1.005552776
0.9969099720000001
1.002934638
1.003618966
1.005828298
1.003307154
1.0054350779999999
1.006615658
1.002246566
0.976142242
1.01887055
1.008790826
1.006606222
0.9964450880000001
0.983638114
0.9386470480000001
0.982911016
1.006488278
1.004668362
1.00009484
1.004682464
1.003344654
0.9996502460000001
1.00552688
1.00643639
1.00985582
1.012925762
1.004788232
0.984025738
1.005762346
1.007948018
1.0033188720000001
1.000840596
0.992147604
1.002726244
1.000654052
0.9901576639999999
0.987169524
0.985635836
1.004750622
1.005117432
1.004168042
1.0062619
0.98599561
0.9992850919999999
1.001071538
1.003825386
1.003766736
0.9976625699999999
1.004344154
1.002897168
1.006184108
1.0049692639999999
1.00367291
0.987880216
1.003431386
0.999678168
1.006070976
0.9967248919999999
1.00278009
1.003553306
1.009253076
0.9984511220000001
1.007260136
0.9968613820000001
1.002407968
0.9998736579999999
0.98666381
0.999773576
1.00533388
1.00534094
1.0100956939999999
1.0109325820000001
0.9835637779999999
1.0050045380000001
1.01065188
1.004851704
1.002646656
1.003300122
1.005289172
1.003051752
0.9983652479999999
0.982456846
0.98623334
1.0028316019999999
0.9839130239999999
1.01137298
1.0024571
1.018979328
1.0021577
1.00520447
1.0048752140000001
1.003433732
1.002386912
0.988988022
1.017258544
1.010155086
1.0096255539999999
0.9845106960000001
0.998483618
1.00041165
0.9863488499999999
1.005039814
1.003743278
1.001772018
1.003846502
1.00630198
1.00423613
1.003412632
0.99934322
0.999529274
1.00679027
1.00232843
1.00749878
1.005811808
1.004595514
0.999443216
1.0086036779999998
0.991112754
0.9996572260000001
1.001232562
1.002775408
1.004271354
0.9976787920000001
1.005630472
1.000241572
1.003452486
1.004903426
1.00574586
1.006542528
1.01658918
1.002029106
0.9987204420000001
1.000507198
1.005223292
0.99762781
0.99430206
1.004104656
1.006448182
1.00442871
1.010240624
1.004076488
0.993113428
1.004283094
1.004642512
1.00503276
1.000833598
1.00223721
0.995892878
1.00232609
0.99715994
1.01215951
1.0060450520000002
1.010202606
0.995235184
0.9842264300000001
0.982812052
0.981011694
1.003668218
1.007529504
1.006019132
0.987294332
1.001987028
1.0024921980000001
0.996785036
0.997120586
0.998418626
0.985323794
1.0061699640000001
1.00499278
1.005350352
0.985776094
1.00388639
1.001083204
0.998808698
0.997245606
1.00046991
1.004409918
1.019654264
1.003185294
1.003869964
0.998627556
1.000271856
1.005242114
1.006615658
1.002819894
1.005630472
1.005028056
1.006257186
1.007720984
0.983498464
1.000274186
1.00021362
1.006306696
1.004184476
1.00829586
1.00112054
1.003363406
1.000479232
0.984318912
0.990906956
1.004579066
1.0016224999999999
1.00517624
0.996995596
1.01046404
1.011311064
0.983187772
1.0016481959999999
1.007437336
0.992347038
1.001157878
1.005343294
1.002866726
1.0059743620000001
1.006693518
1.015373102
1.013250754
1.006299624
0.998184266
1.002482838
0.986095216
1.0022044700000001
0.98378231
1.001729962
1.00061209
1.00262091
0.933820496
1.0026747440000001
0.9829312619999999
1.00738535
0.9996013880000001
1.002686448
1.009020712
1.003553306
1.007538958
1.00273795
1.007692612
1.006035626
1.0037080919999999
1.002503898
1.015169104
1.005216234
1.008291126
1.005767058
1.005654018
1.001288582
1.005413896
1.003705746
1.005677566
1.000071554
1.005776478
1.020781146
1.0050045380000001
1.015051544
1.00054216
1.002546018
0.996891462
1.006681722
1.005955512
1.004090572
0.998908588
1.00032078
1.002782432
1.0160192319999999
1.006403374
1.007536594
1.002010404
1.00711606
1.013322472
1.00536918
1.000020326
1.006731274
1.00844501
1.002440722
0.998548616
0.9828660300000001
0.997528178
1.0035181340000001
1.017246496
1.005964936
0.988717098
1.0049998359999999
1.004266656
1.004849352
0.992337868
1.005493924
1.005086854
1.004602564
1.004038932
1.00518565
1.00296977
1.00542331
0.998862124
1.000143746
1.0046378120000001
1.008421332
0.995800518
0.990513894
1.0053291739999999
1.00877898
1.004729468
1.008097064
1.004069446
0.9304421079999999
0.9951683100000001
1.001662212
1.0054468460000001
1.007092446
0.996771156
0.993104242
1.006401016
1.014953198
1.00910843
0.9871400300000001
1.020417364
0.9899819280000001
1.007449152
0.997493426
1.00456027
1.005475092
0.9838206199999999
1.0055998640000001
1.004990428
1.004445152
1.003705746
0.996255558
1.002384572
0.9998690020000001
1.007550776
0.9853531799999999
1.009226988
1.004431058
1.0062453980000001
1.0029510320000001
1.0059743620000001
1.002232532
0.9824973
0.9851045759999999
1.006967304
0.9984720119999999
1.003525168
1.004729468
1.005437432
0.992360796
1.004901076
1.004346502
0.987033406
1.008750548
1.007390076
1.006533094
1.010133704
1.00570347
1.004668362
1.01680097
1.004045972
0.9997642680000001
1.010632856
1.0072790360000001
1.000560806
1.004092918
0.985905076
1.002400948
0.996225516
1.00400842
1.0038371160000001
0.9996502460000001
1.0009898799999999
1.006764312
0.999373448
1.004774128
1.002681768
0.9880642980000001
1.006457616
1.006648688
1.0026607
1.005976718
1.00536212
1.003321216
0.9949308640000001
1.008075768
0.98679529
1.003396224
1.000936226
1.004640162
1.011797078
1.005910748
0.9932994660000001
1.004017808
1.005463324
0.986768084
0.98749636
1.002333108
1.000444274
0.983692182
0.984634834
1.004475692
1.000730992
1.006667564
1.003117348
1.005590446
1.008002426
0.9817606680000001
1.004024848
1.004130478
1.005889544
0.999731688
1.005315054
1.006462334
1.002281648
1.0006307399999999
1.0056799220000001
1.00587541
1.007758816
1.007749358
1.01555797
0.999364148
1.005658728
1.00422439
0.747642566
1.004567318
1.0075720479999999
0.999971432
1.0018234240000001
0.994559934
1.016649338
1.004315972
1.002871408
1.002967428
1.004743572
1.004621362
1.001671556
1.006533094
1.0045109300000001
1.001881848
0.99684056
1.00417039
1.006693518
1.019257418
1.000663378
1.00409996
1.002405628
0.99864381
1.007423158
0.995447398
1.003356374
1.007229428
1.006172322
1.001554764
1.008544466
1.001755662
1.0036048960000001
0.99586055
0.99752586
1.009020712
0.987771162
1.0019145680000001
0.996701762
1.002754338
1.000208962
1.005573964
1.006002636
0.7471275460000001
1.016620462
1.0057859
1.004400522
1.007546048
1.002061836
1.0077351700000001
0.996216274
0.99653063
1.00757914
1.00314312
0.988735306
0.985504664
0.9941616679999999
0.983653884
1.006851636
1.005696406
1.0023027
1.00616525
1.00700508
1.008172786
1.007399528
1.006224182
1.001279246
1.008760026
1.005811808
1.003628348
1.01343724
1.007255412
1.000661046
1.004713016
0.999187452
1.012811108
0.9871196099999999
1.00805684
1.005053926
1.005807098
1.014504884
1.006273688
1.015942326
1.004264308
1.00151039
1.0036799459999999
0.994997706
1.002817552
0.982985254
1.001620164
1.0036869819999998
1.001398306
0.990564152
0.9936832480000001
1.006464692
0.983514228
0.98910418
0.993600492
0.7476139359999999
1.004278398
1.0043511999999999
1.0035462720000001
1.005009242
1.00415865
0.984713846
1.002527298
1.009808334
1.000038954
1.008475792
1.007250688
0.984652892
1.006344422
0.985862078
0.990817804
1.002480498
1.00423613
1.004311274
1.00796221
1.006752512
1.003447798
1.00438643
1.011232488
1.002728586
0.99650751
1.004057708
1.002471138
1.005371532
1.0071845499999998
1.00678083
1.00098288
1.00747042
1.008620258
0.9987761799999999
1.003501722
1.002400948
1.005743506
1.008205918
1.007404254
1.00841423
1.002071188
1.0009385579999999
1.002377554
0.940777094
1.004379384
1.00007854
1.007019246
1.004748272
1.009079978
1.000919896
1.00348062
1.010792212
1.009129768
1.006210038
1.005289172
1.0033704380000001
1.0122764
1.00358848
0.999564168
1.006702958
1.003813656
0.981913292
1.005877766
0.9864893100000001
1.002693472
1.006835114
0.998038136
1.005783544
1.00239627
1.002265276
0.973875736
0.999482754
1.006554322
0.998133232
0.999312992
1.0057859
1.006707676
0.7470274859999999
1.005409188
1.00339388
1.00552688
1.0005025379999999
0.9965976879999999
1.001550094
1.004919886
1.005307996
0.994557632
1.002342464
1.004952804
1.008880872
1.005089206
1.005517464
1.005677566
0.999938838
1.00097355
1.006349138
1.00780611
1.0036776
1.005573964
0.988512294
1.005508048
1.002087554
1.0050633340000001
1.001141542
1.0014800320000001
0.9857466819999999
0.880062146
1.004299532
1.007666606
1.005583382
0.996778096
1.008639206
1.007683154
1.003307154
0.985552154
1.006132252
1.008123092
1.0060874720000001
1.001907556
0.99966886
1.007664242
1.0045837659999999
1.0080923320000001
0.984433974
1.003661182
1.001307258
0.9995664940000001
1.000588778
0.9938855999999999
1.00385354
1.001162546
1.001125208
1.007177466
0.9888127019999999
1.008975676
1.0028690679999999
1.004879916
1.003300122
0.747136644
1.014471336
1.0016995899999999
0.9837642839999999
1.007529504
1.0017439799999999
1.00395444
1.0097204960000001
1.001772018
1.000504868
0.996121544
1.002319072
1.004081182
0.747075564
0.986627544
1.00564931
1.006174678
1.005413896
1.006012062
1.004384082
1.004402872
1.00624304
1.00015772
1.007023968
0.747134044
1.0009408899999999
1.007281398
1.001846794
1.007071194
0.9908498059999999
0.98235348
0.9853192719999999
1.006429316
0.984068576
1.000283504
1.003567376
1.010789834
0.984614518
1.012751402
0.982409654
1.001636516
1.0036517999999999
0.985952604
1.006750152
1.01514751
0.9986995399999999
1.010701824
0.9841452420000001
1.00336575
1.01251504
1.005767058
0.9995688199999999
1.0153370959999999
1.0058565640000001
0.984880942
0.986124648
1.000549152
1.010456908
1.004431058
1.0061605359999999
0.9944401900000001
1.003630692
1.00871738
1.0011298739999999
1.003536892
1.000004028
1.005873054
1.006995636
1.002728586
1.002372876
1.003042382
0.98634432
1.002372876
1.0064741259999999
1.0030845480000001
1.00304004
1.015315494
1.006377434
0.99606841
1.001844456
0.987199022
1.005967292
1.006337348
1.0159783740000001
1.005552776
1.00265836
1.0059508
0.993421234
1.006356212
0.984980322
1.015646826
1.004663662
0.986131442
1.004144564
0.999131666
0.9859367600000001
1.003307154
1.004581416
1.002012742
0.989979646
1.005348
1.0006307399999999
1.004456898
0.986317138
0.747356356
1.0043206679999999
1.003089234
1.0045837659999999
1.0046519120000001
1.0057270200000001
1.008930642
1.006566118
0.984673208
1.006047408
1.002864384
1.004997484
0.98562905
1.014306026
0.999103776
0.7471769359999999
1.011125358
1.0139899319999999
1.008437906
0.9832800580000001
0.942354104
1.005338586
1.005489216
1.008052108
1.0023027
1.005828298
1.003107976
1.0062006079999999
0.9977483220000001
1.007168018
1.0108374119999999
1.0086439440000001
0.987718914
0.987693928
0.998209786
1.003665872
1.007305022
0.985043576
1.00499278
1.002363518
0.9838995
0.999592084
1.021412318
1.006403374
0.986192578
1.00734046
1.001949628
0.992434174
1.00729321
1.008516048
0.98378907
0.981323254
1.0064859179999999
0.9852311220000001
1.004043626
1.001846794
1.006648688
0.993694744
0.985283106
1.002029106
0.9889106000000001
1.004060056
1.004668362
0.9821243540000001
1.011277726
1.000001698
1.003508756
1.001304922
1.003724512
1.005800032
1.00371982
1.002927612
1.005686986
1.002974454
1.001781364
1.003440764
1.006674642
1.004790582
1.00429014
1.0036635280000001
1.000723998
1.008063938
1.007000358
1.0009385579999999
0.983111256
0.99749806
0.9859186560000001
1.0046378120000001
1.005173888
0.9947373
1.006184108
1.0058565640000001
1.005246818
1.006002636
1.004022502
0.998618268
1.002244226
0.98514299
0.9854865740000001
1.0049363439999999
1.005983786
0.988805872
1.005548068
0.983935566
1.003970868
1.00050953
1.002494538
1.008196452
0.9966925099999999
0.982119862
1.001725288
0.98653463
1.00388639
1.007921998
0.9837102059999999
1.007382988
1.0120068740000001
0.993837304
1.001440336
1.007586232
0.9963688039999999
1.008824
1.003412632
0.9750563680000001
1.003909854
0.994921644
1.005366826
1.001048206
1.003321216
1.0012675739999999
1.006601504
1.0049998359999999
0.999417634
1.003844156
1.007583868
1.000929228
1.017306732
1.00478588
1.0068776
1.005039814
1.004257264
1.001963652
0.9963549359999999
1.0112229640000001
0.997769184
1.0047647259999999
1.005468032
1.004729468
0.9933293320000001
1.0075129600000001
0.988105216
1.003065808
1.00323216
1.009191418
0.998964348
1.00687996
0.998948084
1.007125508
1.00142399
0.7471730360000001
1.00557632
1.0043676400000001
1.010387972
1.004990428
1.013939662
1.0046871640000001
1.01824493
1.006766672
1.004165694
1.007342822
1.00494575
0.9999248700000001
1.01234798
0.988997132
1.009200904
1.00508215
1.000810278
0.9830527499999999
1.0044475019999999
1.001080872
1.005016298
1.002414986
0.984003192
1.00245476
0.99893182
1.004013114
1.005091558
1.004327714
1.009442838
0.9818100399999999
1.004393476
1.000696018
1.0068303939999999
1.00630198
1.00409996
1.010380842
1.0049057780000001
1.016170674
1.0072979340000001
1.0059790739999999
1.006405732
1.00769734
0.999824778
1.0046613119999999
1.006384508
1.0073759
1.002751996
1.006280762
0.98549788
1.004811738
0.999217672
1.002897168
0.9851746259999999
1.019071202
0.9973058140000001
1.003785502
0.9833385899999999
1.003799578
1.002613888
1.005623408
0.9988946479999999
1.0043183199999999
1.000174024
1.001097206
1.00711606
1.005068038
1.0009385579999999
1.003150148
1.0039239340000001
1.006002636
1.013322472
0.986419076
1.004710666
1.003595516
1.000707676
1.00009484
0.989879254
1.003436076
1.0056187
0.999099128
1.014797322
0.990721812
0.9994408899999999
1.005931952
1.007049942
1.001533744
1.011313446
1.000730992
0.986194842
0.74746561
1.00633499
1.0000925120000002
1.001980016
1.006113396
1.005533942
1.008866654
1.002368196
1.0071845499999998
1.00220213
1.000241572
1.000971216
1.00376439
1.01232412
0.997843364
1.006113396
1.001636516
1.00025089
1.00336575
1.004067098
1.007016886
0.991412456
1.0052068219999999
1.004421662
1.004402872
1.006306696
0.999085184
1.005882478
0.9930284699999999
1.011994952
0.987750716
0.998302592
1.016413558
0.992929754
1.00063307
0.998662386
0.993423532
1.007846312
0.987035676
1.006431674
0.747121048
1.004104656
1.003801924
1.002803504
0.9992850919999999
0.983187772
0.99637805
1.011677914
1.004701264
1.0044522
0.998223706
1.004851704
1.0046871640000001
1.001793048
1.006547246
1.005997924
1.016637306
1.009851072
1.004017808
1.000122786
1.00913688
1.00504687
0.747251034
0.983958106
1.00740189
1.00539036
1.00451563
0.998038136
0.984603232
1.0061016120000001
1.000267198
1.00399199
1.005931952
1.004499184
0.998534688
1.004790582
1.005418602
1.006132252
1.005444494
0.994801814
1.00173697
0.982030038
0.985283106
0.983791324
1.01948484
0.747135344
0.981861664
1.003637728
1.00376439
1.003346998
0.987024334
1.006526016
0.9905504439999999
1.009734738
1.019591328
1.005216234
1.006724194
1.011120598
1.0032110699999999
1.00723179
1.00025322
1.007186912
1.012171436
1.002195114
1.00287375
1.002031444
1.004231434
1.0174706119999999
1.005675212
1.008262722
1.015173904
0.99429976
1.003895776
0.9954750840000001
0.999882968
1.001587464
1.00292527
1.004701264
1.00629255
1.016933382
1.005710534
0.99924092
1.004520328
1.005583382
1.016943014
0.9988760640000001
0.98587113
1.004823492
1.0034032560000001
1.005275054
1.004034238
1.005512756
1.006035626
1.004760024
1.0038230399999999
1.006721834
1.014699024
1.005209176
0.9940466219999999
0.997472578
1.0080000599999999
0.998358286
1.000852256
1.0033188720000001
1.004670712
1.00304004
1.001860816
1.0067005980000001
1.0054703839999999
1.005056278
0.7474083779999999
0.998237626
1.007550776
1.010014932
1.009317112
0.980313086
1.0042455240000001
1.004863458
1.006528376
1.006488278
1.00573173
1.008757656
0.968831866
1.002726244
0.7475631859999999
1.004901076
1.002810528
1.006695878
1.006412808
0.9978595920000001
1.002131978
1.006375076
1.00203612
1.0042948360000001
1.018802878
1.0070593860000001
1.00651894
1.006139322
1.000861586
1.001564106
0.9840866140000001
1.0044921359999999
1.017152542
1.00549157
0.998820312
0.9884235720000001
1.004400522
1.015305894
1.000588778
1.010243
0.997813226
1.001748652
1.005665792
1.000758974
1.006492994
1.008009524
0.99852308
1.0158414040000001
0.999559514
1.006365644
1.01309301
1.00970388
1.002094568
1.01365968
1.00303067
1.019785
0.746926154
0.998941114
1.0077399
0.981890844
1.00393332
1.0014963780000001
1.0062548279999999
1.001041206
1.005145658
1.007664242
1.002747314
1.00440757
0.99703957
1.005823586
1.007723348
0.986244664
1.008504208
1.004898724
1.0004722400000001
1.0043347599999999
1.002644316
1.008101796
0.999887624
1.009680144
1.001767344
1.005625762
0.994965436
1.014926816
1.009874816
0.99977823
1.008426068
1.006478842
1.005338586
1.004971616
1.005357412
1.002407968
0.964985542
1.0144737320000001
1.00585892
1.002941664
0.99723403
1.001912232
1.003640074
1.004983374
1.005060982
1.006047408
1.005738796
1.007647692
1.001832772
1.004957508
0.983935566
1.000351068
1.0044803900000001
1.002543678
0.995629696
1.00415865
0.9997898679999999
1.01718145
1.012995044
1.014639096
1.002855018
0.991348382
1.008679476
1.001055206
1.002211484
1.00217173
1.0050045380000001
1.0039474
1.00593902
1.01051872
0.996986338
0.9857579940000001
1.007486962
1.001575784
1.004339456
1.00536212
1.004588466
0.991446784
0.9946290299999999
1.000122786
1.006224182
1.010235872
1.005983786
1.010675662
0.999503688
1.0059955680000001
1.0049057780000001
0.992434174
1.005293878
1.00041165
1.002026768
1.003987296
1.0043206679999999
1.0072058080000001
1.005898968
1.017899838
0.984316656
1.001982352
1.006566118
0.990335748
0.992730086
1.005084502
1.006351496
1.003497032
0.984359518
1.002751996
1.004475692
1.0049692639999999
1.001143876
1.005696406
1.005053926
1.00517624
1.000239244
1.014411436
0.988546422
1.0156564319999999
1.013425284
1.014624714
0.984546806
1.005486862
0.984874166
1.00336575
0.993818908
1.0052562299999999
1.002019754
0.998367568
0.992808108
1.007049942
0.9997037639999999
1.00664397
1.0044522
1.00417039
1.0077895559999999
0.74703658
1.00447804
1.00554336
1.003816002
1.004205606
1.007780098
0.6226386
1.0053856540000001
1.005098614
1.005468032
1.001694918
0.74812311
1.007366448
1.002541338
1.005898968
1.004057708
1.003131404
1.0008592539999999
1.000269526
1.00570347
1.00704758
1.0005328359999999
0.984005448
1.011215822
0.998787794
0.996269422
1.002679426
1.0032157560000001
1.0043676400000001
1.0047341699999999
0.98498484
1.009851072
0.747041778
1.000283504
1.000332428
1.008101796
0.9883826299999999
0.9998480540000001
0.991964288
1.007529504
1.0025975059999999
1.006997996
1.01045453
1.0043371079999999
1.00768079
0.985631312
0.996010662
1.006144036
1.007647692
1.008156222
1.002246566
1.0048822659999999
0.990493336
0.9946451540000001
0.985975238
1.00165754
0.9847341639999999
1.0033751260000001
1.00478353
0.998453442
0.999322292
0.99987133
1.007829758
1.009170076
1.0056139899999998
1.023422688
1.012763344
0.984025738
1.004658962
1.01094686
1.002424344
0.9987041860000001
1.00102954
1.010169342
1.01377692
1.001760336
0.982193978
1.003440764
0.985703698
0.9916276199999999
1.0023564999999999
1.005197412
1.004567318
0.746743044
1.004832896
0.995544308
1.004597864
1.005632826
1.015433116
0.998193546
1.018810128
1.0148117079999999
0.995897496
0.990712672
1.00738535
1.001421656
1.002131978
0.984043774
1.008594202
0.984957734
1.005764702
1.005913104
1.005227996
1.007236516
1.01141585
1.00420091
1.0060450520000002
1.007217618
1.007031052
1.006946058
1.003433732
1.000595772
1.004663662
1.004487438
1.005545714
1.010399856
1.005531588
0.9984255900000001
0.983570536
1.014509676
1.004327714
0.994090336
1.005898968
1.00265836
1.002351822
1.006988552
1.009635046
0.998355966
1.00451563
1.00692009
1.000619082
0.747122348
1.0072790360000001
1.001662212
1.008324266
1.004604914
1.007430246
1.001729962
1.008179886
1.004156302
1.002606866
1.006151108
1.002918244
0.7479068539999999
1.004851704
1.0042126500000002
0.984698042
1.003832424
1.0051621259999999
0.976650552
1.002939322
1.0165579
1.006620378
1.015533956
1.003881696
0.9781920260000001
1.000796284
1.00401546
0.982146812
0.983829634
1.008681844
0.992798928
0.995283616
1.002876092
0.984528752
1.007250688
1.0055951539999999
1.00523976
1.0055151100000002
0.98149593
1.012247772
1.00128158
0.984630318
0.9863647059999999
1.00442636
0.988252998
1.01351616
1.008260356
0.999992386
1.012436276
1.004076488
1.006967304
1.012932928
1.005437432
1.004973968
0.992477746
1.008577624
1.00635857
1.00121389
1.005232702
1.004647212
1.013748206
0.999659554
1.014667862
1.009433348
1.005882478
1.006004992
0.988783108
1.000896572
1.006002636
1.01588946
1.00451563
1.000595772
1.003208726
1.003726858
1.007650056
1.0139253
1.00715621
1.006172322
1.006672284
0.999971432
1.004125784
1.012782448
1.005877766
0.996886834
0.984497156
0.999910902
0.998184266
1.0018234240000001
0.990518462
1.008120726
1.003973216
0.9717450360000001
1.01345398
0.998520758
0.9857398940000001
0.996542192
0.998590406
1.00941437
1.005197412
1.00328606
1.0055574840000001
1.001395972
0.74765428
1.007080638
1.004689514
1.003668218
1.0056469540000001
1.003089234
1.011758942
1.000194986
1.0056728560000001
1.002700494
1.006375076
0.9864236059999999
1.0142988400000001
0.9854187419999999
1.006375076
1.000045938
0.988116582
1.00011347
1.005665792
0.986326198
0.99907124
0.992844828
1.003966174
0.982557986
1.000083196
1.012660664
1.0120068740000001
0.999855036
1.0062453980000001
0.9903745679999999
1.0046378120000001
1.001372624
1.005868342
0.987455494
0.747288738
1.007420794
1.004168042
1.009309998
1.004670712
0.983766536
1.0036517999999999
1.005237408
1.005833008
0.999461822
1.001445006
1.002230194
1.003161864
1.003733894
0.998038136
1.003138434
1.000038954
1.000036624
0.998042774
1.006492994
1.0015804560000001
1.001136874
1.004701264
1.002897168
0.9961284739999999
1.010259634
0.985570246
0.746737852
0.995934446
1.0062878339999999
1.004090572
0.9850571300000001
0.9845264939999999
1.004257264
1.003150148
0.993598194
1.004362942
1.005244466
1.003724512
0.99143763
1.00262091
0.997878138
0.747202934
1.003783156
0.9916940200000001
1.007976404
1.003724512
0.995574308
1.003363406
1.00104354
1.005548068
0.9986298779999999
1.000654052
0.98365163
0.982915516
1.002022092
1.00473887
1.001449676
0.994058124
1.005119784
1.017101958
1.006188822
0.98864882
1.002307378
1.006426956
1.013121688
0.99696551
0.991368976
0.985106836
1.00210392
1.003867618
1.00700508
1.006099256
1.0054256639999999
0.7471301459999999
1.002684108
0.982580464
1.003729202
1.004971616
0.990045826
1.0085752559999999
1.0061817499999999
0.999085184
1.006516582
1.004045972
1.008026084
0.9830099999999999
1.002262936
1.0066274560000001
1.004550872
0.988400826
0.989822222
1.0009129
0.9862899599999999
0.9996572260000001
0.997792364
1.006299624
1.005023352
1.0072743100000001
1.005804742
1.008014254
1.001519732
1.005145658
1.0044522
1.003398568
0.996417346
1.004053014
1.00740189
0.9913987240000001
0.992333282
1.006061548
1.0032181
0.994341194
1.009713374
1.006846914
1.005145658
1.002534318
1.016933382
1.0050633340000001
1.00837398
0.990388272
1.005079798
1.005943732
1.00061442
0.998128592
1.00284331
1.00206885
1.00492694
0.98605673
0.999917886
1.001987028
1.006146394
1.004856406
0.997139106
1.00719636
1.002513258
1.005675212
1.004111698
1.00478588
1.00282926
1.00587541
1.008158588
0.987523606
0.9987204420000001
1.002648996
1.005686986
1.004344154
1.0100363079999999
1.005173888
0.98538257
0.987258022
1.002344804
1.001856142
1.005432724
1.004409918
1.005990854
1.005493924
0.747647772
0.9920307319999999
1.0053762400000001
1.015272292
0.986706878
0.9997153980000001
1.001358616
0.991572676
1.003222786
1.006457616
0.981368098
1.00273795
1.000677366
0.988266642
1.011554012
0.993848804
1.004720068
1.000108812
1.007198722
1.00098288
1.0068421939999999
1.002670064
0.99528823
1.002892484
0.984603232
1.0102453759999999
0.99747721
1.006372718
1.003557996
1.003384502
0.99915491
1.004069446
0.998212106
1.014504884
0.9885327700000001
0.992943526
1.0109373419999999
1.00304941
1.000383688
0.99859505
0.999603716
1.006384508
1.00569405
1.007305022
1.002517938
1.004391128
1.003670564
0.989733264
1.004948102
1.006835114
0.9987227639999999
0.98609748
1.00018334
0.9940719299999999
0.99153147
1.00211561
1.0026607
0.980919832
0.9839175320000001
1.0054798
1.0182883839999999
1.002349482
0.987857494
1.015642022
0.997051142
1.006752512
0.986346584
1.009658782
1.002029106
0.994235312
1.005609282
1.005752926
1.00874344
1.002801162
0.9987738580000001
1.006434032
1.00518565
1.002417326
1.006861076
0.997650984
1.000693686
1.001459016
1.004043626
0.997706604
1.0063232020000001
1.004489786
0.9997037639999999
0.987144566
0.983847664
0.9994781020000001
1.00738535
1.0027332679999998
0.98215355
0.983201276
0.996405788
0.999678168
1.004485088
1.00271688
1.009708628
1.000992212
1.004795284
1.001725288
0.997023368
1.007981134
1.00779192
1.00624304
0.985597386
1.000933892
1.0048705119999999
1.0033235600000001
1.003300122
1.004572018
1.011420614
0.992161356
1.000985214
0.9841452420000001
1.0027028340000002
1.000437284
0.9995688199999999
1.005696406
1.00347593
1.006188822
1.0051433060000001
1.007319196
1.005531588
0.996449712
1.00611811
1.003436076
0.747180836
1.006714756
1.004053014
1.008452114
1.003916894
1.00587541
1.001701926
1.00282926
1.004839948
1.006250114
1.00173697
1.018525036
0.983604324
1.003471242
1.002946348
0.985939024
1.007390076
1.014138376
1.004393476
1.014536038
1.004658962
1.003729202
1.005797676
1.0074184320000001
0.996109992
0.98358405
0.99850451
1.007832122
1.004369988
1.008201186
0.9894801660000001
1.006193536
1.005964936
1.003290748
1.006813872
1.001853804
1.007642964
1.0096255539999999
1.0030845480000001
1.0041633460000001
1.000565468
0.9917100480000001
0.983329586
1.005665792
0.9840866140000001
1.005307996
1.000208962
1.00497867
1.007290846
1.002803504
1.008250888
1.006677002
0.9972224519999999
0.983075252
1.007780098
0.997950016
1.0067336340000002
1.0088761339999999
0.9833746139999999
0.994460914
1.007702068
1.00166922
1.003314184
0.996678632
1.0072719479999999
1.006898844
1.004527376
1.006629814
0.9991177219999999
1.004616662
1.00508215
1.005906036
0.99713679
1.005776478
1.006311412
0.99666938
1.001241898
0.997347498
1.00654017
1.00847816
0.99947345
1.007179828
1.006231254
1.006174678
1.00611811
0.981608088
1.006603862
1.000064568
1.004682464
0.992308062
1.004943398
1.003658836
1.00486581
1.001246566
1.002805846
1.007373536
1.004656612
1.008236686
1.003269656
1.0063232020000001
0.998297952
1.005343294
1.001421656
1.000628408
1.008468688
1.0065236579999999
1.007309746
1.006075688
0.74708596
1.002059498
1.008771872
0.986720478
1.009253076
0.985106836
0.99200782
0.997356762
1.017219994
0.986366972
1.000840596
1.00497632
1.003332936
1.00320404
1.00630198
1.0017393060000002
0.98352549
1.005609282
0.991499426
1.000598102
0.988942478
1.0062171100000001
0.98443623
1.004346502
0.984569376
1.007881788
1.003426698
1.0056187
1.00956385
1.00269113
1.0038089639999999
0.996287912
1.007404254
1.01234798
1.005023352
1.00018567
1.010556762
1.017395896
0.9921178119999999
0.986765818
0.9950507260000001
1.00578119
1.004673062
1.007754086
0.747076862
0.99876689
1.0107684239999999
0.999178154
1.005545714
1.004172736
1.014339564
1.005993212
1.001167212
1.0052585840000001
1.00718219
0.99846969
1.006012062
1.006792632
1.00516683
1.002386912
1.019458222
1.00399199
1.001554764
1.003407944
1.004891672
1.005336234
0.999782886
1.00590368
1.005548068
1.0060733320000002
0.747245834
1.003874658
1.002815212
1.004649562
0.983399382
0.9859707120000001
1.006233612
1.002639634
0.998205146
1.003966174
0.999024762
1.006028556
1.005913104
1.017369386
1.007633508
1.00307752
1.00367291
1.003743278
1.0071491240000001
1.002707516
1.003330592
1.0032157560000001
1.0029041939999999
0.998618268
1.006214752
0.9869313439999999
1.006816232
0.984316656
1.006363286
1.004111698
0.99833972
0.9724512959999999
0.99827939
1.003562686
1.019872176
1.008589466
0.9833385899999999
0.993333926
0.990077776
0.997162256
0.991028138
0.98667061
0.9876644019999999
1.003825386
1.004475692
1.001671556
1.004257264
1.000996878
1.0021273019999999
0.988257546
0.987128686
0.9929618920000001
0.99000703
0.994009812
1.00653781
1.003797232
0.995380494
0.991545206
1.004153954
1.005865988
1.005840076
1.014308422
1.002653678
1.002466458
1.000847592
1.006802072
1.000598102
1.005517464
1.016678218
1.00584243
1.0021881
1.0001670360000001
1.003785502
1.008047376
1.00542331
0.985170106
1.006986192
1.004095266
0.985737632
1.000225266
0.998258506
0.985681076
1.005053926
1.003051752
0.99577743
1.004419314
1.000080868
1.0005374980000001
1.005524526
1.004964562
0.99978754
0.985986556
1.003525168
1.00131426
0.7474474
1.005023352
1.003042382
1.005103318
0.998230666
1.00279648
1.002230194
0.982625424
1.002770726
1.0050633340000001
1.003715128
1.000143746
1.005943732
1.006823312
1.0014473400000001
1.004231434
0.982250136
1.008054474
1.01454083
1.008324266
1.005906036
1.001772018
1.018165272
1.005263288
1.00184212
1.004076488
1.0053221140000002
1.004078834
1.006106326
0.99716457
0.9916070140000001
1.003909854
0.9970418839999999
1.005270348
1.0021506839999998
1.0101242019999999
1.004964562
1.003637728
0.9960083519999999
1.0076689699999999
1.0058494980000001
1.008639206
1.00603327
1.00316655
1.002852676
0.982557986
1.006577912
1.006891762
1.0038089639999999
1.0065614
1.010048186
0.998646132
0.991542916
0.997912916
1.00642224
1.001879512
0.9843234240000001
1.013061946
0.9938074100000001
1.006601504
1.0075153239999999
0.986695544
1.008239054
0.981758422
0.747228934
1.00638215
1.0053221140000002
1.003848848
0.9952605539999999
1.016490536
1.006276046
1.004196216
1.005225644
1.0026724040000001
0.9845332640000001
1.003044724
1.00395444
1.005797676
1.005324468
1.019949678
1.006424598
0.9994129820000001
1.00919616
1.004398174
1.006549606
1.0055928
1.007295572
1.007127868
1.014775742
1.007236516
0.983723726
1.005173888
1.006599144
1.00358379
1.00497867
1.007867598
0.99995979
1.00430423
1.007427884
1.0037080919999999
0.99744478
1.003691672
1.008359776
1.000549152
1.006677002
0.999575798
1.003710438
1.005086854
0.9948156380000001
1.00120222
1.00818462
1.004071792
1.004590816
0.99680817
1.001973002
1.0157356979999999
1.00715857
1.00977747
1.005307996
1.0033587179999999
1.004997484
1.002728586
0.982519776
0.996977082
1.007309746
1.00315952
1.000775298
0.747265336
1.0036635280000001
1.010435514
1.005388006
1.016555494
0.98301225
0.982247888
1.007430246
1.006066262
0.98406632
1.00011347
1.007614598
1.003938014
1.0076027779999999
1.0127896140000001
1.0069271720000001
1.006679362
0.9984720119999999
1.00739244
1.00702633
0.9958397680000001
1.004995132
1.005489216
1.0043817320000001
1.001760336
1.002417326
1.00692245
1.006825672
0.99365796
1.004421662
1.017829884
0.99478338
1.00794092
0.999217672
0.9939155
1.001160212
1.005840076
1.003241534
1.008452114
1.004670712
1.001477698
0.9864757160000001
0.999252544
0.983484952
0.999664208
0.995325134
0.985767044
0.999340894
0.992516736
1.010732744
0.978463902
0.984007702
0.98043169
1.000565468
1.000488554
1.00358379
1.001713608
1.0108374119999999
1.0086771079999999
1.010918306
0.996549128
1.007782462
0.9887671739999999
0.982967256
1.004358246
1.013724278
1.00508215
1.003848848
1.004461596
1.00514801
0.9975629300000001
0.984542292
1.004409918
0.9998317600000001
1.001900546
1.00583772
1.0053856540000001
0.9982608279999999
1.001919244
1.00804501
1.0062784040000001
1.016062496
1.007142038
1.005432724
1.002824576
1.012548458
0.99701874
1.006832754
1.003117348
1.006719474
1.00646705
1.00211561
1.009606566
1.005164478
1.002199792
1.003145462
1.006434032
0.986351116
1.0035040659999999
1.004027196
1.0056799220000001
0.982043512
0.985929972
1.0059248840000001
1.00520447
1.000978216
1.004774128
1.001627172
0.998418626
1.0038066159999999
0.999115398
1.01571648
1.009803586
1.003499376
1.005035112
0.9932764959999999
1.002265276
1.010530608
0.984239962
1.007071194
1.001048206
1.008030816
1.004922236
1.006144036
1.016764862
0.9975490300000001
1.020286466
0.9962925340000001
1.007468056
1.010055312
1.003548616
1.013492244
1.000863918
1.005129192
1.003018958
1.008352674
1.002953374
1.0051621259999999
1.001636516
1.001923918
1.0054021279999998
1.0241743460000001
1.004713016
0.991616172
0.998418626
1.004912832
1.007075916
1.00255304
1.0031642060000001
1.001057538
1.012617688
0.984747712
1.006825672
1.008710272
0.997894368
0.985237904
1.000647058
1.006934254
1.0057199540000001
1.000176352
1.004088224
1.0058919
0.74697032
0.99602914
1.00478588
1.00846632
1.005465678
0.9986670299999999
0.9987227639999999
0.998024222
1.007347548
1.003818348
1.005802388
0.7476373599999999
1.004724768
1.00118355
1.0184042819999999
1.006318486
1.009635046
1.00364242
1.006806792
1.007803744
1.004593164
1.006429316
1.015298692
0.999720052
0.9947949
1.0001018259999999
1.004003726
1.0035181340000001
0.9976440320000001
0.9975490300000001
1.005089206
1.000276516
1.00511508
1.007382988
0.9965445039999999
0.988123402
1.0002555499999999
1.004327714
0.9905161779999999
1.004125784
0.984100142
1.0037596979999999
1.006731274
1.004717716
1.005880122
1.000854588
1.004604914
1.0062784040000001
1.006202966
1.0036869819999998
1.006870518
0.9991293419999999
1.0020548219999998
1.007486962
0.99277598
0.9999248700000001
1.012295488
1.00355096
1.00120222
0.99534128
1.002061836
1.004160998
0.995809752
1.005060982
1.002022092
1.004891672
0.98513847
1.005955512
1.011168208
1.0062854780000001
0.9903243300000001
0.990016158
1.004259612
0.747279638
1.00738535
0.9837642839999999
1.003302466
1.0013819640000001
0.991847458
0.746270754
0.99738224
1.00706647
1.000439614
1.006325558
1.01018835
0.951019846
1.013152756
0.99528131
1.006342064
1.019976322
1.0180277119999999
0.98171803
1.0082343200000001
1.004231434
1.006761952
0.9830685
0.999194426
1.017523642
0.998181946
1.0029580580000002
0.989664846
0.9859480780000001
1.007841582
1.003935668
1.00137496
0.9967873479999999
1.002932296
1.007508232
0.99315706
1.003661182
1.004790582
1.00359786
1.0028877999999999
1.0068634379999999
1.01776235
1.003255594
1.00348062
0.989152016
0.99616082
0.99805669
1.006556682
1.005536296
0.994368818
1.005216234
1.000507198
0.990344882
1.011952032
1.006085116
0.99738224
1.006835114
1.0016832359999999
1.0097157479999999
1.000521182
1.003616622
0.985812296
1.002794138
0.994131754
1.004872862
0.74733425
1.019022844
0.984941922
1.002321412
0.995477392
1.002253582
0.998462726
0.997220136
1.007264862
1.020293736
1.00867237
1.002531978
0.998790116
1.006332632
1.012999822
1.0048705119999999
0.747210734
0.9995688199999999
1.004393476
0.9965213820000001
1.005531588
0.995890568
1.00445455
1.008494736
1.002485178
0.987407822
1.00440522
0.99789205
0.747105452
0.9983513239999999
0.9962994660000001
1.006273688
1.00277775
0.976375244
0.998513794
1.015183502
1.005028056
1.0042948360000001
1.001863152
0.9978340899999999
0.999101452
0.9994501920000001
1.001729962
1.007496416
1.000239244
1.009198532
1.0042924880000001
1.004067098
0.98543909
1.0054703839999999
0.990116578
0.98538257
1.003623658
1.008760026
1.009635046
0.9991246939999999
1.007486962
1.008404758
1.0044686440000001
0.99331325
1.003424354
1.0021834219999999
1.0029510320000001
1.015891862
1.020216182
1.004896374
1.004576718
1.003999032
0.9937269320000001
0.9968845199999999
1.002078202
1.013480286
1.0052585840000001
1.002915902
1.01033093
1.004287792
1.019250162
1.00201508
0.994493152
1.0066463300000001
1.00142866
0.9970025379999999
0.990564152
1.006174678
1.003009588
1.00358379
0.9857104839999999
1.0005025379999999
1.00877898
1.004830546
0.988491818
1.005887188
1.003755006
1.004372338
1.015092328
1.0059225280000001
0.7471197479999999
1.002815212
1.000565468
1.003161864
1.020582246
1.017265772
1.005569256
1.014109642
0.9859707120000001
1.000959552
1.007163294
0.99609844
0.9837868160000001
0.987941568
1.0042126500000002
0.993088168
0.997857274
1.008698428
0.998311874
1.0050727419999999
1.00379254
0.984698042
1.006030914
1.008978046
0.9856177420000001
0.9833836199999999
1.009646914
0.986876918
0.98628543
0.996415036
1.00938353
0.990159948
1.00376439
1.004966914
1.005267994
1.005037464
0.9970719739999999
0.99731276
0.997187722
1.001295586
1.005124488
1.003848848
1.005011594
1.0030213
1.004799986
1.004020154
1.0030611219999999
1.008194086
1.002403288
1.000721666
1.00711606
1.0076547839999999
1.001274576
0.981908804
1.00031612
1.006740712
0.9858326620000001
0.9948110299999999
1.0021834219999999
1.003018958
1.004172736
1.006462334
1.006268974
1.003745622
1.0041633460000001
1.00369871
1.00790544
1.006379792
1.005042166
1.004360594
1.018370476
0.9980010300000001
0.993258118
1.002529638
1.006509506
1.004365292
1.007172742
1.002712198
0.9888422960000001
1.004160998
1.005458616
0.996375738
1.005585736
0.993848804
1.005178592
1.009829702
1.004182128
1.015802962
0.98368993
1.006615658
1.012505492
0.999417634
1.0052585840000001
0.998571832
1.006144036
1.017318782
1.0034431080000001
1.004506232
1.005752926
1.005305642
1.004278398
1.00412813
1.020434334
0.9990410279999999
1.006448182
1.009680144
0.9886852340000001
1.0050045380000001
1.005606926
1.000772966
1.014850074
1.002440722
0.994396446
1.007120784
1.00765242
0.9990758879999999
0.999271142
1.00579061
1.004494486
1.004062404
1.001886522
1.002335446
1.006938976
1.005802388
1.005312702
0.9932787919999999
0.996729518
0.9935384340000001
0.992390604
1.003105634
1.016213952
0.98486739
1.003654146
1.029156204
1.005628118
0.99620703
1.007782462
1.00592724
1.004863458
1.00117188
1.007430246
1.002588144
1.002700494
1.006299624
0.98825982
1.00704758
1.005901324
1.003112662
0.9895599580000001
1.001445006
1.00430423
0.747629552
0.9968475
1.0046378120000001
0.987516796
1.004168042
1.003611932
1.0053291739999999
0.98990435
0.74711065
1.01948968
0.9998852960000001
0.9996362860000001
1.003396224
0.982306298
0.98455132
1.006172322
1.00227931
1.01341811
1.012679766
1.0076547839999999
1.004271354
1.0038066159999999
1.015070736
1.000852256
1.006144036
1.003536892
0.9870810440000001
1.0045085820000001
1.00542331
1.007269586
0.999720052
1.007331008
0.99802886
1.005246818
1.004720068
1.001977678
0.99955021
1.0060874720000001
1.004611964
1.002742632
0.993140984
1.01355682
1.007083
1.004997484
0.999415308
1.008158588
1.00746333
1.00359317
1.004226738
1.007442062
1.004339456
1.007305022
0.994230708
0.9881552299999999
1.005969648
0.9915909900000001
1.004576718
1.003063464
1.000208962
1.00702869
1.0063232020000001
0.991902434
0.995424326
1.004247872
1.005792966
1.0065071460000001
0.9989689939999999
1.0173621560000001
0.98461226
1.011787544
1.0026747440000001
1.004196216
1.002117948
0.99706966
0.98590734
1.006115754
0.99404432
1.004238478
0.986550492
1.004374686
0.747132744
1.004257264
1.010254882
1.004226738
1.0055928
1.005371532
0.995131418
0.999022438
1.006042696
1.003694018
1.002606866
0.9998806419999999
1.003037696
1.003004904
0.986595816
0.981771888
1.007583868
1.0043676400000001
0.74708336
1.002136654
1.002632612
1.004677762
1.000169366
0.994458612
1.004656612
1.01322446
0.992175108
1.012586654
1.00826509
0.985161066
0.9988598019999999
1.00087558
0.985441352
1.001958978
0.984276052
1.007040496
0.99129118
0.997950016
1.009848696
0.9828053059999999
0.999417634
1.008629732
0.747191234
0.9874827380000001
1.002047808
0.996470518
1.004724768
1.011932958
1.005489216
1.006990914
1.000104156
1.002520278
0.999475776
0.991813102
1.000744984
1.005388006
0.999585104
1.006497712
1.003009588
1.00183511
0.99623476
1.0072790360000001
1.007255412
1.002319072
0.747072964
1.002988508
0.9944355859999999
1.006304338
1.005578674
1.004325366
1.00877661
1.0063161280000001
1.00484465
0.747611332
0.994239914
1.005863632
1.0061275379999999
0.986106536
1.011099174
1.012806332
1.0057270200000001
0.986477982
0.99532052
0.996942368
1.003724512
1.002295682
1.0053856540000001
1.0018771739999999
1.009120284
1.00076597
0.989509802
1.009452328
0.98080111
1.000926894
1.000257878
1.006766672
1.004496834
1.0128469340000001
1.0053950680000001
1.009447584
1.008769502
1.0076406
1.005830652
1.00519506
1.006660486
1.002581122
1.0055151100000002
0.9986554200000001
1.0005025379999999
1.00046991
0.987362422
1.005705824
0.984133966
1.0165170000000001
1.0148213
1.016716724
1.001652868
1.00503276
0.988303028
1.005661082
1.005319762
1.011544482
1.0005794540000001
1.000635402
1.007054664
1.01005056
0.987432792
1.010892132
1.002197454
1.004496834
1.008499472
1.009407252
1.010418874
1.004717716
1.002307378
0.99566201
1.006318486
0.996121544
0.999580452
1.0029510320000001
1.004621362
1.0060591920000002
0.983401632
1.006441108
1.006547246
0.9976162239999999
1.0080000599999999
0.988214344
1.003881696
1.0030611219999999
1.001919244
0.9873102199999999
1.013052388
0.997586102
1.003970868
0.988191606
1.004041278
1.004168042
0.990996126
1.00330481
1.002342464
0.997090492
1.004966914
1.001559436
1.008878502
1.006320844
1.005788256
0.998588084
0.9904408
1.00496221
1.011480162
0.9840640660000001
1.003344654
1.007777732
1.004499184
0.998318836
1.002227856
1.004517978
1.0051433060000001
0.9873215679999999
1.000488554
0.984935146
1.00474122
0.981399492
1.003079864
0.987450954
1.001748652
0.9929848480000001
1.008572886
1.007057026
1.00066804
0.99047963
1.020579822
0.984562604
0.986122384
1.006417524
1.001015542
1.002169392
1.003989644
1.006257186
1.007104254
1.004715366
1.00206885
0.9908086620000001
1.0033235600000001
1.004384082
1.0026724040000001
1.003762044
1.006167608
0.999147936
1.017658656
1.00824142
0.99917583
1.00085692
1.006896484
1.004760024
1.00131426
1.005286818
1.00849
1.003541582
0.74711325
1.00661094
0.998209786
1.003799578
1.01322924
1.018665146
0.9966508780000001
0.99586055
1.001174214
1.00386058
1.003368094
1.00582123
1.005131544
0.988651096
0.995440476
1.00118355
0.9843911040000001
0.999433912
0.982949258
1.005009242
1.006238326
0.998395418
0.984269286
1.00406475
1.007163294
1.00323216
1.007860502
1.006179394
0.9825175279999999
1.018911642
0.7471444420000001
1.010563896
0.9840234819999999
0.9977715020000001
0.747573596
1.0005188520000001
1.003869964
1.006224182
1.004536774
0.9956135399999999
1.004694214
0.9896237999999999
1.006695878
1.0088192599999999
1.00592724
1.001150876
0.9994501920000001
1.008494736
1.000553814
0.9803891680000001
0.990788092
1.0083668780000001
1.011184872
1.003269656
1.002012742
1.003661182
0.991334652
1.00212964
1.005265642
1.006344422
1.002833942
1.003461864
1.0019215799999999
1.020630752
1.005823586
1.002473478
1.010970656
1.004308926
1.0098154560000001
1.003921588
0.997956972
1.004546172
1.000020326
1.008800304
1.004675412
1.010939722
1.002890142
1.002167054
0.9993525200000001
1.00961606
0.994152464
1.00927442
0.747056072
1.007479872
1.0004559259999999
1.004358246
1.005312702
0.9921155199999999
1.00417039
1.0076547839999999
1.010594808
1.001515062
1.008468688
1.002803504
1.007382988
1.009824954
1.012701256
0.983935566
0.999524622
0.997799318
1.005724664
1.00150105
0.99471887
0.999268818
1.012820662
1.001104206
0.98620843
0.98796884
1.004943398
1.006179394
0.984395616
1.0067100359999999
1.004400522
0.9990456759999999
0.999143288
1.004811738
1.016875598
1.006946058
0.999454844
0.9863058140000001
0.9862809
1.004499184
1.00711606
0.9977622300000001
1.009255448
1.002494538
0.98866475
1.006078046
0.9852740659999999
0.984235452
1.007472784
1.005388006
0.98574442
1.0028409679999999
1.007097168
0.9971854080000001
0.987632606
0.9989713179999999
1.007472784
1.011458724
1.009946056
0.729231152
1.01882463
1.009419114
0.983356602
0.996477454
0.987871126
1.002955716
1.014696628
1.005152716
0.9964728300000001
1.0090254539999999
1.003534548
0.992083436
1.0049692639999999
0.984625804
0.983568284
1.000181012
1.005623408
1.010283398
1.010975416
0.98551597
0.988016566
0.985000652
1.007694976
1.008085232
1.004393476
1.005811808
0.9960314499999999
1.003553306
1.008378716
1.007614598
0.984100142
1.000647058
1.005197412
1.000206632
0.991169934
1.007642964
1.004081182
1.006849276
0.987326106
1.010017308
1.005246818
1.0193493439999999
1.00706647
1.007031052
0.747102854
1.00752005
0.983946836
1.005602218
1.019719628
1.004379384
0.984332448
0.9928104019999999
0.9912683019999999
1.002094568
1.01477814
1.004278398
1.014226984
0.987564478
1.00287375
0.997810908
1.006702958
0.994035118
1.002648996
0.99792451
1.002648996
1.0061369660000001
1.008430804
0.994198488
1.0062288959999999
1.00296977
1.00351579
1.004941048
0.9927071399999999
1.003884044
1.004409918
0.9992014
1.00327903
1.008331368
1.000528174
1.00520447
1.001022542
1.007290846
1.005804742
1.004280746
0.9916070140000001
1.003337622
1.007035774
0.99063041
0.987058358
0.998478976
0.9952605539999999
1.0011648800000001
0.995205206
1.0045085820000001
1.0195114600000001
0.7470937559999999
0.986453058
0.996549128
1.003867618
0.988041568
1.000840596
1.001269908
1.00188886
1.000971216
1.0065236579999999
1.004494486
1.004572018
1.002033782
1.005851854
1.002833942
1.00102954
1.003133748
0.997845682
1.004146912
0.9962601799999999
1.005286818
1.003858234
0.986872382
0.994751124
0.98590055
1.006535452
1.005192708
1.0078936139999999
1.006318486
0.74711585
1.00484465
1.009160592
1.004203258
0.983978394
1.006443466
0.9873215679999999
0.9996432660000001
0.747538464
1.0023471419999999
1.00687996
1.006264258
0.984485874
1.001358616
1.014655876
1.00278009
0.992404362
1.005913104
1.006247756
1.00388639
1.003018958
1.0049692639999999
1.0028690679999999
1.0009152319999999
0.990543592
0.988778554
0.917749626
1.007078278
1.005317408
1.001585128
1.005823586
1.0086107819999999
1.006750152
0.996146956
1.005192708
1.008904572
0.9964612700000001
1.004203258
1.0078439479999999
1.0045837659999999
1.005701116
1.005585736
0.9976787920000001
1.00355096
1.01484288
1.009701506
1.002700494
0.99648439
1.004435756
0.998024222
0.9903151960000001
1.004116394
1.005800032
1.006132252
1.00440757
0.997973204
1.0065236579999999
1.003400912
1.004915184
1.004988078
1.012305032
1.001617828
1.015627612
1.006021488
1.01483089
0.981572194
1.003787848
1.007624052
1.003745622
1.007751722
1.002134316
1.0026747440000001
1.007964576
1.011537336
1.000992212
0.998249226
0.982252382
0.99749111
1.005049222
1.004301882
1.002335446
1.0024875180000001
1.004809388
1.001307258
0.996375738
1.0017206159999998
1.007494052
1.006205322
1.003457174
1.017260952
1.005056278
1.017781644
1.004358246
1.004957508
1.017931202
1.005305642
1.007009802
1.007172742
1.0054727380000001
1.0062784040000001
0.997298866
1.001526738
1.013738634
1.0018935340000001
1.00410935
1.014847676
0.999431586
1.005345646
1.0130046
1.016225974
1.004043626
1.012285944
1.015183502
0.984668694
0.9834421640000001
1.00153608
0.987012992
1.011089654
0.970631626
1.003302466
1.004823492
0.994723478
1.001701926
0.984228686
1.004633112
0.98726029
1.015512346
1.002146008
0.9863216680000001
1.014179086
1.00059344
1.006443466
1.006438748
1.011596898
1.003980256
0.995724334
1.0005584760000001
1.014013872
0.9585825139999999
1.002805846
1.011487308
0.956767438
1.006865798
1.009170076
0.986999384
1.001199886
1.001445006
1.004635462
1.00282926
1.006929532
0.9999411659999999
1.000770634
1.007345184
1.004748272
0.981007212
0.99743088
1.00422439
1.002927612
1.001655204
1.003696364
0.991634488
1.005604572
1.000581786
0.997936102
1.007153848
1.007019246
1.003000218
1.0116683819999999
1.010171718
1.00364711
1.007938556
1.004067098
0.9831405099999999
1.004339456
1.001078538
1.008030816
1.005411542
1.006309054
1.00359317
1.012734686
1.004038932
0.986749948
0.747053472
1.00292527
1.009687264
1.004593164
1.013382244
1.010354696
1.004311274
1.001608484
1.004832896
1.008511312
1.00515742
1.00668408
1.005110374
1.01421022
1.008665262
0.98864882
1.011277726
1.005411542
1.007361724
1.004393476
0.982962756
1.018389792
0.9956850920000001
1.007817934
1.0016995899999999
1.028722362
0.998557904
1.016644526
0.998397738
1.003192324
1.007531868
0.999433912
1.004226738
1.005378594
1.000220608
1.002742632
1.003855886
0.998787794
1.00771862
0.968906176
1.00089424
1.0018304359999999
1.008286392
0.970009056
1.005246818
1.000686692
0.98708785
1.011763708
1.003633038
0.99047963
1.000490884
1.004628412
1.005044518
1.007659514
1.005809454
1.003243876
1.00376439
0.998787794
1.003532202
1.002791798
0.998741342
1.006969666
0.996963196
1.005437432
1.007286122
1.0031524920000001
0.984479104
0.995842078
1.001652868
1.003572066
1.004694214
1.00492694
0.984817708
1.000069224
1.00535506
0.98403701
1.004647212
0.983766536
0.998052052
1.005235056
1.0062548279999999
1.006384508
0.9997037639999999
1.012899484
1.002838626
1.002038458
1.0053291739999999
0.999752632
1.003893428
0.973474002
1.0050727419999999
1.012940094
1.0020057279999999
0.74706127
1.00338919
1.004924588
1.005898968
0.99675959
0.9862741039999999
1.003372782
1.0071845499999998
0.9814151900000001
1.005536296
1.005110374
1.006226538
1.007458604
1.003000218
1.007825028
1.003178264
1.0048423
1.013815208
1.005011594
1.007399528
1.002639634
1.007777732
1.005312702
1.001748652
1.00334231
1.006625096
1.0089685640000001
1.005755282
1.007650056
0.99416627
1.004257264
1.00474122
0.99202615
1.001912232
1.00481644
1.00511508
1.006231254
1.004771778
1.004459248
0.993697042
1.002527298
1.00080328
1.0072625
1.001954304
1.005851854
0.998061328
1.011125358
1.009215132
1.003440764
1.001290916
1.005833008
1.007787192
1.002199792
1.017111594
1.004243176
1.001330602
1.008795566
0.747178236
1.003691672
1.012536522
1.011990184
1.007142038
0.998107716
0.987319298
0.9990456759999999
1.0021389920000001
0.9967248919999999
0.987278446
1.0021273019999999
1.003830078
1.016673404
0.98570596
1.004593164
1.005906036
0.997210876
1.008947232
0.9881575020000001
1.005677566
1.001795384
0.981976152
0.983647124
0.995525848
1.0046143140000001
1.00430423
1.006405732
1.004536774
1.000717002
1.006846914
1.003600206
1.002316734
1.00536212
0.991142486
0.7470794620000001
1.001587464
1.000838262
1.005656374
0.983088752
0.9862106939999999
1.000623746
1.003489998
1.005348
1.005847142
1.0063963
0.9856177420000001
1.0053738859999999
1.006028556
1.001155544
1.0046613119999999
0.9967989159999999
0.9988992940000001
1.015615604
1.004917534
1.008750548
1.0009385579999999
1.012178592
1.008696058
1.00131426
1.006747792
1.007635872
0.9993804260000001
1.0064953540000001
1.002052484
0.9917627179999999
1.0037080919999999
0.9980938
1.0001204559999999
1.0180808019999998
1.000831266
1.00451328
1.005237408
1.004856406
1.0032251300000001
0.999678168
1.006384508
1.004184476
1.006634532
1.006368002
1.000656384
1.005993212
0.9874713860000001
0.988125674
0.987371502
1.003307154
1.00440522
0.999976088
1.002026768
1.0010342060000001
1.0005678
1.0014963780000001
0.991311772
1.000437284
0.9940765300000001
1.013831958
1.00371982
1.007434972
1.003982602
0.990970974
1.006773752
1.000495546
0.983926548
1.004835246
1.00222084
1.00071467
1.005404482
0.9862876939999999
1.007127868
1.004896374
1.0060874720000001
1.00111354
1.001216224
1.006580272
1.004548522
1.007444426
1.00356972
1.007510596
1.000139088
1.01184475
1.002826918
0.9986322
1.000281174
0.99276221
1.0052727
1.014162322
1.00328606
1.00642224
1.0113753619999999
1.001545422
1.0086036779999998
0.988516844
1.002517938
1.005437432
1.0047341699999999
1.005988498
1.003562686
1.00306815
0.9854526560000001
1.007574412
0.985457178
1.012297874
0.999299042
1.004445152
0.9963688039999999
0.747139244
1.004997484
1.007092446
1.003909854
0.9976834280000001
1.0016832359999999
1.003576756
1.017846768
0.999910902
1.003994338
1.006002636
1.003213414
1.004534424
0.98466418
0.9976926979999999
1.012579492
0.989090512
0.9898564400000001
1.007444426
1.0144066440000001
1.005077446
1.001629508
1.0032251300000001
1.003206384
1.006146394
1.00367291
0.747137944
1.016991174
0.987873398
0.9826996179999999
1.009295766
0.99987133
1.004496834
1.004384082
0.99872973
0.993451106
1.00304941
1.006151108
1.005762346
1.0044686440000001
1.00500689
1.001753326
1.0052068219999999
0.987600812
0.997349814
0.987550854
1.000446604
1.00846632
1.001996378
1.003178264
1.00734991
1.006660486
1.0069318919999999
1.006240684
1.006448182
1.007881788
0.984562604
1.004003726
0.989213528
1.006516582
0.993182322
0.9979198720000001
1.002522618
0.999020114
0.995929826
1.0060262
1.0091108
1.001309592
1.00534094
0.984540036
1.00655904
1.004593164
1.007808474
1.006393942
1.007312108
1.006568476
1.0036635280000001
1.00481644
0.995664318
1.004229086
1.005621054
1.005404482
0.997451728
1.006669924
1.007132592
0.99739382
1.010190726
1.004776478
1.0018982079999998
1.00375266
1.006337348
1.005493924
0.985599648
1.007227066
1.007522414
1.003766736
1.001722952
0.999312992
0.95203382
1.007898344
0.994032818
0.998492902
1.001886522
1.006492994
1.000062238
0.9844475119999999
1.00239627
1.001008544
1.005037464
1.003072836
1.008201186
1.004884618
0.999013144
0.986725012
0.999855036
1.006743072
1.004694214
1.001155544
0.987246674
1.020172562
1.00339388
1.001624836
1.002419664
1.006967304
1.0046871640000001
1.002782432
1.002429024
1.001489374
1.003595516
1.005188002
1.005986142
0.747597018
1.011196776
1.003014272
1.00127691
1.010532986
1.00568934
1.0075649580000001
1.006063906
0.9812941060000001
1.011437288
1.00692245
1.003302466
1.004501534
0.99778541
0.985966184
1.002094568
0.993019286
1.007449152
1.004466294
1.005209176
1.010984934
1.0039192399999999
0.985554414
1.003168892
1.013181436
0.983816112
0.996431216
1.016776898
1.005776478
1.0006727039999999
1.014610334
1.006268974
1.0070027179999999
0.9987761799999999
1.0075153239999999
1.001589798
1.002604526
1.004034238
0.97547935
1.009487918
1.007411342
1.005056278
1.003548616
0.9946083019999999
1.00448274
1.002209146
1.001199886
1.014021054
1.004038932
1.00734991
0.99917118
1.005795322
1.005430372
1.001246566
0.9883826299999999
1.00222084
1.008409494
1.005359766
1.002417326
1.004384082
1.007501142
1.006712396
1.012464916
1.003000218
0.992987144
1.002538998
1.001818752
0.985036798
1.012746626
1.004894022
1.004957508
1.004271354
1.004247872
0.993175432
1.001800058
0.987035676
0.999271142
1.004694214
1.0063467799999999
1.00456027
0.999192102
1.01053774
1.0153947060000001
1.001678564
1.002770726
1.0090776080000001
1.004851704
1.002073526
1.004898724
1.004903426
1.0051127279999998
1.001118206
1.014337168
1.00287375
0.747343352
1.005524526
1.01760561
1.005164478
1.010701824
1.001503384
0.984856098
1.002630272
0.985084242
1.00505863
1.005920172
1.002342464
1.001332936
0.982605192
1.005270348
1.001961316
0.987466846
1.00704758
1.00011347
1.00395444
0.993533838
1.00190522
0.9854865740000001
1.0028409679999999
0.985733108
1.007449152
1.003131404
0.999955134
1.0043183199999999
1.002908878
0.98260744
1.004402872
1.006457616
0.99168944
1.010202606
0.9992595179999999
0.985898286
1.004189172
1.008456848
1.003229816
1.006858716
1.000945556
1.004701264
1.006575554
0.994870942
1.007323922
1.002983822
0.997736734
0.9986600640000001
0.9869472180000001
1.005696406
0.999461822
1.005428018
1.001157878
1.004609614
1.000190328
1.007671334
1.008757656
1.009162964
1.00345952
1.006889402
1.00571289
1.01034519
1.001206888
0.986879186
0.981949212
1.006747792
0.7479459279999999
1.005882478
0.999843398
1.003731548
1.01844292
0.98432568
0.985864342
0.9885737259999999
1.0040365839999998
1.000427962
1.003966174
1.019366278
0.998047414
0.984100142
1.002742632
1.005524526
1.003855886
0.994023616
0.9857398940000001
1.002239548
1.00425022
0.98656862
1.00651894
1.007676062
1.000162378
1.0054021279999998
1.006318486
0.985905076
1.021239882
1.006535452
1.00729321
0.99244564
1.006089828
1.001108872
1.006476484
0.9842895859999999
1.004924588
0.9920284420000001
0.747126246
1.007057026
1.000451266
1.004630762
1.004988078
1.005976718
1.004811738
1.011577836
1.00227697
0.99977823
1.00611811
1.01354247
1.00698383
1.00275902
1.019436444
1.006271332
0.999371124
1.000775298
1.005597508
0.9932902779999999
0.991971162
1.007397166
1.005211528
1.005432724
1.00196599
1.006601504
1.001372624
0.98797793
1.010226366
1.007222342
0.986570886
1.008719748
0.9885100179999999
0.74739017
1.000187998
1.005729376
1.003100948
1.002019754
1.010319046
1.007898344
1.00292527
1.007496416
1.007420794
0.994055824
1.005729376
1.0045109300000001
1.002517938
1.0067100359999999
1.003464208
0.997866546
1.0128158839999999
1.005380946
1.007286122
1.005110374
0.987653046
0.99880173
0.9833070719999999
1.0035462720000001
0.9922782600000001
0.98242089
0.9917902000000001
0.9993153180000001
1.002248904
0.983518734
1.00268879
1.00496221
1.00478118
1.01411443
0.9983211559999999
0.985402916
1.006108684
1.007588594
1.00311969
0.9975768319999999
1.001143876
1.012102266
1.0046143140000001
1.0055574840000001
1.000670372
0.9952029
1.000269526
0.9925534340000001
1.007538958
1.00274029
1.008381084
1.000539828
0.9984209479999999
1.000798616
0.997634762
1.006379792
0.996771156
1.008108894
1.01126106
1.010913548
1.00619118
0.9969076579999999
1.005743506
1.005865988
1.018389792
1.00356503
1.012047414
1.006368002
0.994619818
1.008729226
0.983223784
1.007312108
1.0003953380000001
1.00473182
1.009891438
0.987603084
1.004269004
1.000441944
0.987809782
0.7472146340000001
1.011832832
1.005743506
1.008203552
1.004473342
1.004353548
1.0067053160000001
1.007638236
1.007269586
0.74729134
1.00275902
1.022204812
1.004463946
0.988598756
1.004501534
1.0054798
1.006946058
1.002372876
1.017562214
1.00348062
1.004550872
1.002234872
1.006226538
1.00768552
1.001816414
0.9992083740000001
1.004323018
1.010763666
0.996979396
1.00824852
0.989079124
1.0059955680000001
0.997648666
1.000719334
1.002609208
1.003330592
0.999375774
1.004586116
1.002810528
1.005338586
1.0071373160000001
0.9904590719999999
1.0076311439999999
1.0054727380000001
0.747140542
1.022248606
1.006653408
1.005002186
0.989769758
1.0057175999999999
1.00752005
0.9852040040000001
0.9990084960000001
1.004576718
0.9847319059999999
0.973140946
1.007307384
1.007092446
1.0048281940000001
0.997229398
0.984788354
1.002501558
1.000882576
1.006712396
1.00337747
1.0083171640000002
1.002686448
1.0073759
1.0053950680000001
1.00071234
1.006530734
0.983255298
0.99850451
1.005825942
1.010105196
1.003288404
0.99848826
1.005164478
0.998520758
0.9962370700000001
1.00877898
1.00279648
0.996648566
1.000959552
1.00206885
1.005759992
1.010587674
1.0032016959999999
0.9873851220000001
1.0042173460000001
1.00723179
1.00573644
0.998349004
1.0059531560000001
0.991545206
0.983935566
1.00427605
1.004691864
1.0013259319999999
1.005265642
1.003290748
1.006342064
0.997764548
0.6332919920000001
1.00273795
1.0051433060000001
1.0006307399999999
0.9986670299999999
1.008381084
0.984050538
1.0035462720000001
1.015121118
1.005310348
1.0044686440000001
0.97607569
1.004952804
0.99959441
1.00679027
1.005774124
1.004536774
0.994711958
1.0065614
1.00504687
0.9989457599999999
1.002251242
0.99605686
1.003712784
0.9958397680000001
1.012904262
1.007449152
1.00197534
0.98796884
1.015567574
1.034410934
1.005463324
1.002728586
0.9935775059999999
1.000227596
1.0086273639999999
0.996613876
1.005604572
1.010138456
1.00093156
1.00817752
1.0152578939999999
1.000896572
1.00451328
1.00497867
1.006233612
1.003626002
0.986876918
0.994378028
1.0051621259999999
1.008078134
1.010478304
1.006405732
0.996886834
0.99934322
0.999908574
1.012381388
0.999299042
1.003100948
1.0033188720000001
1.004435756
0.992679608
1.004433408
1.004825844
1.00455557
1.000744984
1.005411542
1.004219694
1.00201508
0.999799176
1.001321264
1.006936614
1.003921588
1.0050633340000001
1.0030962620000001
1.002754338
1.012500718
0.989491564
1.009058642
0.9901028820000001
1.0044803900000001
1.004628412
1.0005794540000001
1.013958812
0.998546296
0.98715818
1.015615604
1.001582792
0.999724706
0.995567384
0.998293312
1.00031845
0.990185058
1.006995636
1.00523035
1.007193998
1.005541006
0.984461052
1.002001054
1.018640986
0.99864381
1.010361826
0.9866842100000001
1.0076736979999998
1.0013516120000001
0.99990392
1.00834794
1.0061581800000001
1.006990914
1.007406616
1.006344422
1.004344154
1.004694214
1.004323018
1.00220213
0.747053472
0.994633638
1.003450142
1.005263288
1.00573644
1.008127824
1.001564106
1.0004769
1.013430068
0.988198428
1.004459248
1.004097614
0.990916102
0.999371124
1.006412808
1.00355565
1.009457074
1.005548068
1.003851194
1.001902882
0.9968475
1.001440336
0.984844808
1.002527298
0.999322292
1.0053221140000002
1.007704434
1.001844456
1.003832424
1.001746316
1.005300936
1.0036869819999998
1.01069469
1.0005025379999999
1.003999032
0.999189776
1.000271856
0.995232878
1.0060262
1.00669116
1.00704758
0.9965468160000001
1.00836451
0.996195478
0.986172198
1.006497712
0.998198186
1.000174024
0.9982956319999999
0.996701762
0.996475142
0.999962118
0.999219996
0.9915932780000001
1.00356503
1.003337622
1.006459974
1.003133748
1.003987296
1.003590826
1.007879424
1.006412808
1.003872312
1.004280746
0.999785212
1.002283988
0.991666542
0.991522314
1.004252568
0.9834264020000001
1.001491708
1.012944872
0.992844828
0.994267534
1.009784592
0.9846574060000001
1.013420502
1.000821938
1.004713016
1.000106484
1.004069446
1.001386632
0.98530571
1.006188822
1.003140776
1.010471172
1.005682276
1.002815212
1.001498714
0.99772978
1.001204554
1.00359786
0.98785295
0.987135492
1.005865988
1.008089966
1.01165885
1.017781644
1.009568596
0.99747026
0.983223784
0.931578316
1.003855886
1.0055151100000002
1.00846632
0.9937108379999999
1.001825762
0.995283616
1.011451578
0.986532364
1.005637536
1.0180808019999998
0.984082104
1.006894124
0.747087258
1.003295436
1.001879512
0.990132556
1.00510567
0.9909686860000001
0.995602
1.007501142
1.0049692639999999
1.00646705
1.0060450520000002
1.008565782
1.00581652
1.00817752
0.999875986
1.00512684
0.987478198
0.9929894399999999
0.997349814
1.009328972
1.005630472
1.006865798
1.005898968
1.016079322
1.012670216
1.004196216
1.0065614
1.00230036
0.985570246
1.01703693
1.000108812
1.002728586
1.005458616
1.019930302
1.001664548
1.010247752
1.003630692
1.003178264
1.013076284
1.00407414
0.9992967159999999
1.007725712
1.003309498
1.0071373160000001
1.001608484
1.027361586
1.0000063559999999
1.006740712
1.0039966839999999
1.0076736979999998
0.981574438
1.00655904
1.006030914
0.983694436
1.003787848
1.006379792
1.006327916
1.002272292
1.005270348
0.986808894
1.010326176
0.982638914
1.004494486
0.9973428679999999
1.0049057780000001
0.985959394
1.00911317
1.00296977
0.9933569
1.00041864
1.005635182
1.005873054
1.007955114
1.0034853080000001
1.006799712
1.005569256
1.005955512
1.003691672
0.998423268
0.983286812
1.01058054
0.99870883
1.00638215
1.007177466
1.003124376
1.00658735
0.99505303
0.996743396
0.985884708
0.99786191
1.003881696
1.00630198
1.009452328
0.747189934
1.00668408
0.997308128
1.0044522
1.007664242
1.001426326
0.9939960099999999
0.9997107439999999
1.005300936
0.9998387440000001
1.00573644
0.98863289
0.7474500000000001
1.005011594
0.9861835200000001
1.005505694
1.006849276
1.01368839
1.00698147
1.007633508
0.990214736
1.00368229
1.001360952
1.008142022
1.003724512
0.992420414
1.0090776080000001
1.001111206
1.010442644
1.004104656
0.990340314
1.0038066159999999
1.004727118
1.0171332720000001
0.998627556
1.007142038
0.992271382
1.007057026
1.003000218
0.98868751
1.005051574
1.00692245
0.99726413
1.0150851300000001
1.002038458
1.00490813
1.01845258
1.008883242
0.985543108
0.98448136
0.999952806
1.008430804
1.004682464
1.004438106
1.006037982
1.008101796
1.001288582
1.00367291
1.002160038
1.00511508
1.013260316
1.008487632
1.005771768
1.004590816
0.996630064
0.9988528320000001
1.008648682
0.9866683420000001
1.0042126500000002
0.9908635219999999
1.000619082
1.004896374
1.00186549
1.0038089639999999
1.000197316
1.004377036
0.99728034
1.00692245
1.00356034
1.006712396
1.00488932
1.003909854
1.004922236
1.004628412
0.999073564
0.99775064
1.007234152
0.998042774
1.008359776
0.983989666
1.000761306
1.01246969
1.0067171160000001
1.008132558
0.998994554
0.983829634
1.006299624
1.000490884
0.986532364
1.003888736
1.006177036
1.006752512
1.011492074
1.001951966
1.0026185699999999
1.002695812
0.987475928
0.998950408
0.991881818
0.9857398940000001
1.000947888
1.004306578
1.003522824
1.00497632
1.00573173
1.0012535679999999
1.0039028140000001
1.002592824
1.008179886
1.0045109300000001
1.00111354
0.74711195
1.012412412
0.9851746259999999
1.003637728
0.9948110299999999
1.0065071460000001
1.006250114
1.000665708
1.000381358
1.00913451
1.003787848
1.000344078
1.005677566
0.987684844
1.002808186
1.003654146
1.003250908
1.0029112199999999
0.996916914
1.0054703839999999
1.006870518
1.00960894
1.014411436
1.006089828
0.9969076579999999
1.0094713100000001
1.006865798
0.9942790420000001
0.9987157959999999
1.00486581
1.00303067
1.000758974
0.7470937559999999
0.985258244
1.002216162
1.004724768
1.0008592539999999
1.00018567
0.9993594960000001
1.005566902
0.746866406
1.006702958
1.00101321
1.008033182
0.996357248
1.004541474
1.013069114
0.99522596
1.005023352
1.000453596
1.002726244
0.9866570100000001
1.006379792
1.0045085820000001
0.997333604
1.014404248
1.00829586
0.987362422
1.006856356
1.016524218
1.005420956
1.002251242
1.005661082
0.99129118
0.9932420399999999
1.0037409320000001
1.003801924
1.00711606
1.004240826
1.004374686
1.003731548
1.0047224179999998
1.008468688
1.005404482
0.9947580359999999
1.005317408
0.986047674
0.999522296
1.003379814
1.005625762
1.004433408
1.005428018
1.0035181340000001
1.011573072
1.005242114
0.99367865
1.003236846
0.7471964339999999
1.009070496
1.000274186
1.01562521
1.0024921980000001
1.004680114
0.996133094
1.008698428
1.003208726
1.0000505960000001
1.00393332
1.00245476
0.996329512
0.9840122099999999
1.007449152
1.0113753619999999
1.0028597
0.99321907
1.006375076
1.004668362
0.74702099
1.003079864
0.9832462940000001
1.0041774319999999
1.009295766
0.9951890640000001
1.0003627179999999
1.00484465
1.009870066
1.00960894
1.004694214
1.006797352
1.003000218
0.994631334
1.005564548
1.004924588
1.002520278
1.00069835
1.008305328
1.006997996
0.9857127480000001
0.9996804939999999
1.004146912
1.003178264
1.00330481
1.007257774
0.9996502460000001
1.00319701
1.006412808
1.016748014
1.0050962620000001
0.9923814320000001
1.01321968
0.984610004
1.007342822
0.986443996
0.983597566
1.018761796
1.004327714
0.996618502
1.008558676
0.747166538
1.007813204
1.152977306
0.9960083519999999
0.990701246
1.007312108
1.005804742
1.004611964
0.996183924
0.999896936
0.9852514640000001
1.0116350200000002
1.006719474
1.0073759
1.00510567
1.00256942
0.9922782600000001
1.0083171640000002
1.0071491240000001
1.003302466
1.006516582
1.00386058
1.0064859179999999
1.0017206159999998
1.006231254
0.9873556139999999
1.0008126099999999
1.006563758
1.00600028
1.005456262
1.005277406
1.005800032
1.006082758
1.00394036
1.000563138
0.9899340099999999
1.0082343200000001
1.007550776
1.015697264
0.999357172
1.00345483
0.9981007580000001
1.002120288
1.001909894
1.004912832
0.998690252
1.00546097
1.002934638
0.9914147440000001
1.007546048
1.00789598
0.984185834
1.002962744
1.003909854
1.003658836
0.999415308
0.982753584
0.994035118
1.0057199540000001
0.998896972
0.996137716
1.00646705
1.000707676
1.0409997780000002
1.00325325
1.004433408
1.007354636
0.984000938
0.993448808
1.00569405
0.9978595920000001
0.985468484
1.0044522
1.020342214
1.002113272
1.002953374
1.0152578939999999
1.006379792
0.747132744
1.006759592
1.007744628
1.015699666
1.005315054
1.012316962
1.006743072
1.007132592
0.747070366
0.999952806
1.00928865
1.004135174
0.9992734679999999
1.01355682
1.004752972
1.003534548
1.00050953
1.001708934
1.011789926
1.007874694
1.005249172
0.9941892840000001
1.007496416
1.00658499
0.98713776
1.008492368
1.005227996
0.984957734
1.00570347
1.00619118
1.004135174
1.0054727380000001
1.005767058
0.999990058
1.0059508
0.7477388859999999
0.9898108160000001
0.992782864
0.983973886
1.006712396
0.999983072
1.002983822
0.9935108539999999
1.008276924
1.0027332679999998
0.9856742900000001
1.00473652
1.003912202
1.003881696
1.003562686
1.007943286
0.99699791
1.0021436700000002
0.98385217
0.988130222
1.003316528
0.991547494
1.00508215
1.001409982
1.00484465
1.005955512
1.005748216
1.001001544
0.747234134
1.0030962620000001
1.001204554
1.003276686
1.004983374
0.994741908
1.00776591
1.012076032
1.005124488
0.996116922
1.01288754
1.000735656
1.012553232
0.993609686
0.984571632
1.001755662
0.982171518
0.98492837
1.005851854
1.005585736
1.005566902
0.997282656
1.002590484
1.0055151100000002
1.003461864
0.999115398
1.000048268
0.98647345
1.003426698
1.007243602
1.01701044
1.004698914
1.006342064
0.9839603600000001
1.001391302
1.009115542
0.993724632
1.006122824
1.007855772
1.006712396
1.008094698
1.0060450520000002
1.0012372299999999
1.0116517
0.9992734679999999
0.998590406
1.000556144
0.998478976
0.985265024
1.005307996
1.006606222
1.01503715
1.004527376
1.003872312
1.0077399
0.991016704
1.00333528
1.0058565640000001
0.996317956
1.0055998640000001
0.998606658
0.999410656
0.99876689
1.005710534
1.006240684
0.984786096
1.010371334
1.00269113
0.9934143400000001
1.00563989
1.00359317
0.9929779620000001
0.9839175320000001
1.00552688
0.7477571120000001
1.00262091
1.002653678
1.000654052
0.994787988
1.020921878
1.003858234
1.011708894
1.007186912
1.008149122
1.001837446
1.005251524
1.00614875
0.9947326940000001
0.9992734679999999
1.013064336
1.002735608
0.9928654840000001
0.99798016
0.9973660280000001
0.995186758
1.009836826
1.001561772
1.006851636
1.0012489
0.9927323800000001
1.00535506
1.006905926
1.0021389920000001
1.009476054
1.00497867
0.99085895
1.026291248
0.998574154
0.98574442
1.005637536
0.9992850919999999
1.00611811
0.981875132
0.98513621
1.0081988179999999
1.0021273019999999
1.001302588
1.003747968
1.004933994
1.015334696
0.747163938
1.003016614
1.00415865
1.006818592
1.015694862
1.001094872
1.013549644
1.005757636
1.006441108
1.02264535
1.00813729
0.98284129
1.0056799220000001
0.999431586
1.005705824
1.00278009
1.005993212
0.999580452
0.9972224519999999
1.007382988
1.0068374740000001
0.9829132660000001
0.9999015920000001
1.00678555
1.004790582
1.004243176
1.014579176
0.975501506
0.747095056
0.9959182799999999
1.00664161
1.003895776
1.0030845480000001
1.000670372
1.0053032899999998
1.004677762
1.0113753619999999
0.9950599459999999
0.994394144
1.002433702
1.008402392
1.001851468
1.005658728
0.9906441180000001
0.993651064
1.006247756
1.0217743799999999
1.003368094
0.6225718140000001
0.99179936
1.001022542
0.99684056
0.9837169659999999
0.994267534
0.74747992
0.998838896
1.001748652
1.005774124
0.998562546
0.993439616
1.000530506
1.008007158
0.985016466
1.003311842
0.9963272
1.011737492
1.003609586
1.001599142
0.9972224519999999
0.983838648
0.999976088
1.004219694
0.984336958
1.005682276
1.010735124
1.005814164
0.9852989280000001
0.997674158
1.002108596
1.001307258
1.006566118
1.00451328
1.003881696
1.008047376
1.012603364
1.006547246
1.002134316
0.99883425
1.002471138
1.005035112
1.005541006
0.9946727959999999
0.996269422
1.001283914
1.00075431
1.005524526
0.747554078
0.994617514
1.01552195
0.993814308
1.00569876
1.000199644
1.00592724
1.005865988
1.0063232020000001
0.997998712
1.009198532
1.001512726
1.008807412
1.00508215
0.998418626
1.007475146
1.0068421939999999
0.9996502460000001
0.7471444420000001
1.002866726
0.9972409760000001
1.006448182
1.004226738
1.00653781
1.005715244
0.998367568
1.005420956
0.996773468
0.99179249
1.0009408899999999
1.0004559259999999
0.99771124
0.9837868160000001
1.012052184
1.006021488
1.001837446
1.006856356
1.006004992
1.005065686
1.016492942
1.0190929640000002
0.747531958
0.985644884
1.001944954
1.002705176
1.0042173460000001
0.997120586
1.006858716
1.007083
0.982171518
0.747166538
1.000877912
1.002368196
1.0008872420000001
1.007427884
0.9974818440000001
1.0052562299999999
1.0033587179999999
0.997657936
0.987700744
1.008397656
0.9987274079999999
1.0049692639999999
1.002838626
0.9977483220000001
1.00339388
1.004057708
0.99949671
0.9941915840000001
0.993101946
1.002976796
1.000950222
0.998548616
1.00568463
0.989897506
1.00500689
1.006535452
1.005632826
0.985724058
0.99940368
1.0061817499999999
0.9858326620000001
1.004398174
1.005103318
1.00742552
0.9987157959999999
1.00492694
1.00360724
1.00368229
1.00368229
0.9956758579999999
1.0062548279999999
1.00150572
1.006186464
1.0057270200000001
1.005131544
1.013549644
0.7475514759999999
1.002330768
1.007661878
1.014308422
0.998606658
1.005894256
1.0127537899999999
1.0248097219999999
1.007716254
1.0109325820000001
0.999689802
1.004067098
1.002307378
1.01209511
1.007647692
1.004957508
0.981471258
1.006528376
1.005562194
0.998444158
1.003935668
0.985769306
1.004069446
1.007720984
0.9880052020000001
0.9982770679999999
0.9910990319999999
1.007626416
1.008790826
1.0048611079999998
1.005868342
1.01469423
1.004752972
1.003363406
0.9889379239999999
1.000234584
1.007810838
0.74711195
1.004532076
0.9855024019999999
1.006434032
1.007404254
0.982113124
1.003520478
1.006575554
0.982659148
1.002681768
1.0060874720000001
1.00511508
0.747306942
1.003192324
0.997120586
0.989724142
1.01844775
1.016055286
0.992039898
1.001220892
1.002162376
1.011592132
1.007486962
1.00619825
0.9921567720000001
1.006384508
1.0056445999999999
1.004649562
1.008108894
1.009924684
1.002670064
0.74715354
1.008589466
0.9996804939999999
0.996006042
1.003492342
1.006995636
1.0039966839999999
1.002496878
1.003778464
1.0012535679999999
0.998293312
0.9975119600000001
1.015605998
0.9975884180000001
1.004830546
1.00557632
0.996722578
1.004830546
1.014337168
0.985733108
1.003044724
1.00678319
1.01419585
1.001204554
1.005818876
1.004266656
1.000880244
0.997027998
1.006655768
1.02030828
1.000637732
1.008561046
1.008589466
1.004146912
1.00359786
1.0049057780000001
1.005724664
1.006934254
0.746863808
0.979944032
0.9903745679999999
0.393088122
1.0028690679999999
1.004959858
1.0140186599999998
0.9967896620000001
0.994394144
0.996748022
1.007264862
1.007224704
1.0036869819999998
1.010544874
1.006651048
0.98287053
0.985898286
1.012510266
1.00582123
1.006702958
1.003016614
1.005752926
0.999013144
1.003471242
1.0062288959999999
0.747351154
1.003466552
0.999806158
1.000789288
0.995909042
1.0049057780000001
0.985068426
1.004107004
0.999687476
1.006434032
0.997917554
0.989161128
1.01893098
0.999422284
0.991426186
1.001708934
1.00093156
0.996493638
1.008797934
1.00369871
1.0047341699999999
1.00653781
0.99964094
1.004252568
1.003743278
1.006941336
0.99938275
1.017962566
1.002787114
1.0069318919999999
1.009132138
1.003628348
1.006099256
1.003668218
1.007309746
1.006797352
1.00356034
1.002761362
0.9995618399999999
1.006372718
1.004257264
1.005533942
0.992280552
1.0033704380000001
0.98455132
1.003609586
0.7469924059999999
1.0030611219999999
1.006318486
1.005583382
1.0013842979999998
0.985696912
0.996482078
1.00087558
1.00571289
1.001935604
1.008156222
1.004107004
1.005788256
1.004971616
0.984233196
1.002443062
1.002892484
1.004353548
1.004034238
0.997139106
0.99879244
1.0018491299999999
1.004034238
1.005967292
1.003482964
1.002913562
1.00698383
1.005865988
1.006014418
1.00360724
0.99872973
1.0008079460000001
1.001071538
1.0082082860000001
1.009305254
0.994495454
0.99800335
1.006568476
1.000071554
1.003916894
1.00504687
1.00097355
1.00544214
0.993497066
1.001863152
1.0011952179999999
1.000770634
0.9994060060000001
1.0089069419999999
0.990230716
1.001998716
0.9870197980000001
1.005016298
1.009222246
1.002066512
1.001902882
1.00181174
1.00407414
1.00688232
0.747049574
0.9955581539999999
1.00486581
0.74698591
1.00765715
1.006634532
0.99713679
1.0097656
1.00492929
1.003100948
1.002120288
1.006231254
1.00759805
1.0055151100000002
1.002234872
1.00205716
1.000111142
1.004494486
0.9992455680000001
0.998407022
1.005418602
1.007744628
1.004548522
1.00456262
1.002993192
1.012966374
1.002248904
1.009516392
1.0009385579999999
0.98936848
1.004630762
1.00269113
1.010858824
0.994389538
1.000516522
0.999859692
1.011106316
0.989220364
1.00664161
1.0048822659999999
1.003396224
0.998987584
1.006337348
1.003595516
0.996269422
1.005237408
1.004750622
1.001143876
1.00304004
1.000451266
0.995308988
1.006004992
1.003787848
1.009205646
1.001071538
1.006042696
1.00513625
1.002223178
0.9840798479999999
1.006835114
1.00093156
1.001940278
1.00779665
0.99365796
1.0053738859999999
1.004271354
1.013081062
0.98455132
0.9988528320000001
0.992792042
0.99882728
1.017885364
0.987827958
0.9993548459999999
1.00646705
0.99616082
1.006434032
1.002017418
1.002078202
1.003813656
0.9949285579999999
1.003611932
1.002340126
0.98939355
1.003129062
1.0035111
1.005380946
1.005098614
1.004144564
1.00515742
1.015579582
1.00692481
0.991005272
0.9940006100000001
1.0052209380000001
1.01908571
1.003431386
0.999466474
1.001064538
1.0015571
0.98470933
1.006061548
1.003293092
1.00579061
1.0080923320000001
0.997273394
1.007094808
0.999192102
1.010637612
0.986047674
0.9867476820000001
1.005508048
1.0062548279999999
1.0006727039999999
1.002836284
0.9687182360000001
1.004207954
0.993667156
1.007101892
1.006412808
1.002197454
1.006372718
0.997854954
0.995258246
1.00051419
1.007179828
1.00298148
0.996477454
1.003276686
0.7467404480000001
1.003112662
1.000439614
1.010435514
1.015202698
1.002993192
0.992312648
1.005800032
1.001676228
1.002099244
1.006398658
1.004703616
0.9919345060000001
1.003729202
1.001332936
1.003471242
1.001624836
0.996304088
1.004198564
1.003009588
0.986917736
0.996015282
1.002908878
1.003787848
0.9858394500000001
1.006976748
1.022073456
1.006012062
1.006743072
0.984185834
0.74708466
0.996803542
1.007595686
1.004377036
1.003175922
0.747197734
1.00296977
0.999312992
0.995029978
1.00356503
0.998896972
1.00275902
1.007990598
0.999743322
1.004139868
1.00121389
1.0023143939999999
1.002433702
1.002833942
1.003098604
1.0078936139999999
1.00867
0.992411242
1.00533388
1.000621414
1.00386058
1.00357441
0.9974818440000001
1.003112662
1.001136874
1.01718145
1.012056952
1.00451563
1.0056139899999998
1.006476484
0.98222318
1.0053927139999999
1.003726858
1.004654262
1.0071845499999998
1.004543822
1.005865988
0.986400952
1.008674738
0.987169524
1.014121614
1.00515742
0.986058994
1.017911902
1.006957862
0.9993594960000001
1.0124673020000001
1.00967777
0.9968567540000001
0.9987204420000001
0.998458084
1.002894826
0.996963196
1.004729468
1.010908788
1.007019246
1.00570818
1.003436076
1.004912832
1.004590816
1.000148404
1.000796284
1.00090357
1.004301882
1.0055998640000001
1.004595514
0.990539022
0.987541772
1.014286864
1.000987546
1.00347593
1.006662846
1.007581504
1.007338096
1.003129062
1.000227596
1.015399506
1.00702869
1.00637036
0.984463308
1.006620378
1.007557866
0.991936796
1.002499218
1.005173888
0.997125216
1.007198722
0.99923627
0.997776138
0.996301778
0.966683988
0.999720052
0.9851542879999999
1.003072836
0.99566201
1.005051574
0.996244004
1.00117188
1.015675648
1.01428926
1.00900175
1.007057026
1.00057013
0.9987111519999999
1.004724768
1.006280762
1.011080132
1.004757674
0.9960014220000001
0.999564168
1.002370536
0.9805033120000001
0.747228934
1.005562194
0.9986322
0.98627184
1.0054703839999999
1.003722166
1.00186549
1.004966914
1.0046519120000001
1.006547246
0.986459856
0.988421298
1.00492694
1.004135174
0.9857602560000001
1.013621404
0.991613884
0.99938275
0.988942478
0.9901804919999999
1.000796284
0.996653192
0.992083436
0.9913277880000001
1.00335403
1.00337747
0.994728086
1.007815568
1.003773774
1.001157878
1.005418602
1.011382508
1.0053291739999999
1.001430996
1.005475092
1.002403288
0.993818908
1.00654017
0.992574078
1.003921588
1.00752714
1.00347593
1.0064859179999999
1.013291392
1.006511864
1.014797322
1.0036776
1.008542098
0.995387416
1.0084237
1.004995132
1.015711676
1.004254916
1.005710534
1.004776478
1.003194668
1.009397764
1.006514222
1.001286248
1.000565468
1.003665872
0.9997712480000001
1.005519818
1.004550872
1.005225644
1.00527976
1.006759592
1.003635384
1.014270096
1.0076406
1.001940278
1.005357412
1.004743572
1.003980256
1.007061748
0.985041316
1.008357408
1.002897168
0.98547753
1.00417978
1.00442636
1.00328606
1.004973968
1.00409996
1.0032157560000001
1.005484508
1.008134924
1.012011644
1.003529858
1.0063538539999999
1.00587541
0.9838318880000001
1.008009524
0.9812335759999999
1.012388548
0.99271173
1.002482838
1.007650056
0.997910598
1.0048822659999999
0.99447473
0.992429586
1.013458764
1.008291126
0.981825752
1.003966174
1.01304522
0.991057866
0.9940719299999999
1.000994546
1.008023718
1.013525726
1.00534094
0.998892324
1.0005188520000001
1.01363815
1.000700682
1.000908234
1.0076547839999999
0.995378188
1.003489998
1.001468356
1.001727626
1.002096906
1.007612234
1.004943398
0.99605686
1.000034296
0.984373056
0.993828106
0.9886306140000001
0.9866003480000001
1.004856406
0.996699448
1.003464208
1.003440764
1.009689638
1.00658263
1.004832896
1.003722166
1.007186912
1.006377434
0.747178236
0.999187452
1.004619012
0.9985370100000001
1.02029616
1.005783544
1.000187998
0.747230234
0.9853735259999999
0.997416982
1.017114002
1.0062548279999999
0.9835795460000001
0.99117451
0.995352814
1.005169182
1.008963824
1.005399774
1.011444432
1.0090776080000001
1.007758816
1.001814078
1.001529074
1.003112662
1.003492342
1.006551964
1.0062949079999999
0.995978326
1.008359776
0.997936102
1.004990428
0.9994501920000001
1.002232532
0.9869835060000001
1.005616344
0.984745454
1.003412632
1.012111806
1.010411742
0.997650984
0.989710458
1.004694214
1.0116517
1.012632014
1.008845326
1.005877766
0.983255298
0.747109352
1.003572066
1.00166922
1.007373536
1.006398658
1.006820952
1.003980256
1.006155822
1.002705176
1.00143333
1.004715366
1.0001414180000001
1.002167054
1.019223556
1.006094542
1.0008592539999999
1.00092223
1.00030913
1.006186464
1.007706798
0.99887374
1.012534136
1.004254916
1.005152716
0.7471301459999999
1.0046519120000001
0.984330192
1.0042455240000001
0.992255336
1.005729376
0.998168028
1.00503276
1.014478524
1.007191636
1.0024571
1.001316594
1.006629814
1.0064953540000001
1.004804686
1.003633038
1.00342201
1.009900936
1.005350352
1.006948418
0.984623546
1.004125784
1.002728586
0.983372362
1.004532076
1.007744628
1.006601504
1.008035546
0.98543909
1.003783156
1.00071467
0.9996665339999999
1.000719334
0.9966555039999999
0.987466846
0.995929826
0.997799318
1.00590368
1.0004838919999999
1.001136874
0.999368798
1.004863458
1.0148884440000001
0.9990689159999999
1.003529858
0.9936027900000001
1.010402234
1.0061581800000001
0.99795929
1.000004028
0.997936102
1.00839292
0.994656672
1.00059344
1.014979582
0.997866546
1.00478118
1.000460588
0.9952098180000001
1.002808186
0.9858394500000001
1.001400642
1.01034519
0.9859277080000001
1.000099498
1.007600414
0.9870152600000001
1.002782432
0.98359306
1.014013872
1.00315952
1.000586448
1.00425022
0.99986202
0.996618502
1.00760987
1.003846502
0.986434934
1.003534548
1.006995636
0.98623334
1.002223178
1.002351822
0.995064558
1.002838626
1.005439786
1.00858236
1.003522824
1.0009152319999999
1.004341806
0.998193546
1.013480286
1.000437284
1.0052727
1.002265276
1.008790826
0.990534454
1.010014932
1.015918294
1.000257878
1.003529858
1.003187638
0.983534498
0.987912028
1.009075238
1.00780138
0.997428564
1.00640809
1.007886518
1.00512684
0.9859707120000001
1.000758974
1.0062548279999999
1.005169182
1.006075688
0.992509854
1.008646312
1.005380946
1.0040483199999999
1.002244226
1.005310348
1.0068374740000001
1.003075178
1.002775408
1.00256474
0.996967824
1.006056836
1.004941048
0.999747976
1.003877004
1.008300594
0.98759627
1.005364472
1.00768079
1.0029299539999998
1.005023352
1.005079798
1.0012348960000002
1.0019145680000001
1.003670564
1.010744638
1.0021436700000002
1.00031612
1.007645328
1.004243176
1.010475926
1.0059743620000001
0.747160038
1.007486962
1.005500986
1.0086036779999998
1.008314798
1.00088491
1.006019132
1.006528376
0.9842196639999999
1.011039672
1.0167624560000001
0.986006928
1.003877004
1.006023844
1.0059578679999999
1.005573964
1.003482964
1.00289951
0.990596138
1.007661878
1.004156302
1.006078046
1.006747792
1.000521182
0.996283288
1.004332412
1.00756023
1.002747314
1.002602186
0.9986020160000001
1.0039474
0.986514236
1.000264868
1.020785998
1.00581652
1.007501142
1.006268974
1.000961886
1.00005991
1.00425022
1.003869964
1.006712396
1.003766736
1.001762672
0.999459496
1.007212894
1.00220213
1.00749169
1.008824
1.00202443
1.014543226
0.991984908
1.0254238519999999
1.006464692
1.0016809
1.0097537300000001
1.002466458
1.01638229
1.0102976559999999
1.001615492
0.993984508
0.984348238
1.000234584
0.997162256
1.001449676
1.00328606
1.003665872
1.002337786
1.00954012
1.019209044
1.006608582
1.008556308
0.99081552
0.987217174
1.008565782
1.005969648
1.004964562
1.002761362
1.001828098
1.007711526
0.747165238
1.006276046
1.006445824
1.0011298739999999
1.011890044
1.003862926
0.98264341
0.97933849
1.006702958
1.0161466319999999
1.00442636
1.008357408
1.006401016
0.999990058
1.002997876
1.006743072
1.00837398
1.004092918
1.001104206
1.006415166
1.005018648
1.012135656
